{"textures":{"0":"bil:item/filament/model/shedinja_wings.ajmodel/shedinja_wings","particle":"bil:item/filament/model/shedinja_wings.ajmodel/shedinja_wings"},"elements":[{"from":[5.618768,25.342216,16.121931],"to":[15.076447,27.934065,16.139095],"faces":{"up":{"texture":"#0","tintindex":0,"uv":[2.75,7.75,0.0,7.75]},"west":{"texture":"#0","tintindex":0,"uv":[2.75,7.75,2.75,8.5]},"east":{"texture":"#0","tintindex":0,"uv":[0.0,7.75,0.0,8.5]},"south":{"texture":"#0","tintindex":0,"uv":[2.75,7.75,5.5,8.5]},"down":{"texture":"#0","tintindex":0,"uv":[5.5,7.75,2.75,7.75]},"north":{"texture":"#0","tintindex":0,"uv":[0.0,7.75,2.75,8.5]}},"rotation":{"axis":"z","angle":-22.5,"origin":[14.865828,26.022799,15.724056]}},{"from":[18.617626,20.383526,15.93773],"to":[19.475853,21.241753,15.93773],"faces":{"up":{"texture":"#0","tintindex":0,"uv":[15.0,7.25,15.25,7.25]},"west":{"texture":"#0","tintindex":0,"uv":[15.0,7.25,15.0,7.5]},"east":{"texture":"#0","tintindex":0,"uv":[15.25,7.25,15.25,7.5]},"south":{"texture":"#0","tintindex":0,"uv":[15.5,7.25,15.25,7.5]},"down":{"texture":"#0","tintindex":0,"uv":[15.25,7.25,15.5,7.25]},"north":{"texture":"#0","tintindex":0,"uv":[15.25,7.25,15.0,7.5]}},"rotation":{"axis":"x","angle":-22.5,"origin":[18.727856,20.444313,15.724056]}},{"from":[19.896515,20.58484,16.12181],"to":[27.637735,23.17669,16.138975],"faces":{"up":{"texture":"#0","tintindex":0,"uv":[11.0,7.75,13.25,7.75]},"west":{"texture":"#0","tintindex":0,"uv":[11.0,7.75,11.0,8.5]},"east":{"texture":"#0","tintindex":0,"uv":[13.25,7.75,13.25,8.5]},"south":{"texture":"#0","tintindex":0,"uv":[15.5,7.75,13.25,8.5]},"down":{"texture":"#0","tintindex":0,"uv":[13.25,7.75,15.5,7.75]},"north":{"texture":"#0","tintindex":0,"uv":[13.25,7.75,11.0,8.5]}},"rotation":{"axis":"z","angle":-22.5,"origin":[20.444313,21.302544,15.724056]}},{"from":[19.965672,22.135437,15.852396],"to":[29.440514,26.460907,15.886724],"faces":{"up":{"texture":"#0","tintindex":0,"uv":[0.0,8.5,2.75,8.5]},"west":{"texture":"#0","tintindex":0,"uv":[0.0,8.5,0.0,9.75]},"east":{"texture":"#0","tintindex":0,"uv":[2.75,8.5,2.75,9.75]},"south":{"texture":"#0","tintindex":0,"uv":[5.5,8.5,2.75,9.75]},"down":{"texture":"#0","tintindex":0,"uv":[2.75,8.5,5.5,8.5]},"north":{"texture":"#0","tintindex":0,"uv":[2.75,8.5,0.0,9.75]}},"rotation":{"axis":"y","angle":0.0,"origin":[20.444313,24.735456,15.724056]}},{"from":[19.80458,25.342216,16.121931],"to":[29.262259,27.934065,16.139095],"faces":{"up":{"texture":"#0","tintindex":0,"uv":[0.0,7.75,2.75,7.75]},"west":{"texture":"#0","tintindex":0,"uv":[0.0,7.75,0.0,8.5]},"east":{"texture":"#0","tintindex":0,"uv":[2.75,7.75,2.75,8.5]},"south":{"texture":"#0","tintindex":0,"uv":[5.5,7.75,2.75,8.5]},"down":{"texture":"#0","tintindex":0,"uv":[2.75,7.75,5.5,7.75]},"north":{"texture":"#0","tintindex":0,"uv":[2.75,7.75,0.0,8.5]}},"rotation":{"axis":"z","angle":22.5,"origin":[20.015198,26.022799,15.724056]}},{"from":[5.4405146,22.135437,15.852396],"to":[14.915358,26.460907,15.886724],"faces":{"up":{"texture":"#0","tintindex":0,"uv":[2.75,8.5,0.0,8.5]},"west":{"texture":"#0","tintindex":0,"uv":[2.75,8.5,2.75,9.75]},"east":{"texture":"#0","tintindex":0,"uv":[0.0,8.5,0.0,9.75]},"south":{"texture":"#0","tintindex":0,"uv":[2.75,8.5,5.5,9.75]},"down":{"texture":"#0","tintindex":0,"uv":[5.5,8.5,2.75,8.5]},"north":{"texture":"#0","tintindex":0,"uv":[0.0,8.5,2.75,9.75]}},"rotation":{"axis":"y","angle":0.0,"origin":[14.436714,24.735456,15.724056]}},{"from":[7.2432914,20.58484,16.12181],"to":[14.984512,23.17669,16.138975],"faces":{"up":{"texture":"#0","tintindex":0,"uv":[13.25,7.75,11.0,7.75]},"west":{"texture":"#0","tintindex":0,"uv":[13.25,7.75,13.25,8.5]},"east":{"texture":"#0","tintindex":0,"uv":[11.0,7.75,11.0,8.5]},"south":{"texture":"#0","tintindex":0,"uv":[13.25,7.75,15.5,8.5]},"down":{"texture":"#0","tintindex":0,"uv":[15.5,7.75,13.25,7.75]},"north":{"texture":"#0","tintindex":0,"uv":[11.0,7.75,13.25,8.5]}},"rotation":{"axis":"z","angle":22.5,"origin":[14.436714,21.302544,15.724056]}},{"from":[15.405174,20.383526,15.93773],"to":[16.263401,21.241753,15.93773],"faces":{"up":{"texture":"#0","tintindex":0,"uv":[15.25,7.25,15.0,7.25]},"west":{"texture":"#0","tintindex":0,"uv":[15.25,7.25,15.25,7.5]},"east":{"texture":"#0","tintindex":0,"uv":[15.0,7.25,15.0,7.5]},"south":{"texture":"#0","tintindex":0,"uv":[15.25,7.25,15.5,7.5]},"down":{"texture":"#0","tintindex":0,"uv":[15.5,7.25,15.25,7.25]},"north":{"texture":"#0","tintindex":0,"uv":[15.0,7.25,15.25,7.5]}},"rotation":{"axis":"x","angle":-22.5,"origin":[16.153172,20.444313,15.724056]}}],"display":{"head":{"rotation":[0.0,180.0,0.0]}}}