{"textures":{"0":"modelengine:entity/nocsy_drakonin_baby7"},"elements":[{"from":[7.1885715,6.2369223,7.117333],"to":[8.331429,8.522636,8.26019],"rotation":{"angle":22.5,"axis":"x","origin":[8.165714,8.159208,7.6956186]},"faces":{"east":{"uv":[11.75,5.25,12.0,5.75],"rotation":0,"texture":"#0","tintindex":0},"south":{"uv":[5.875,11.75,6.125,12.25],"rotation":0,"texture":"#0","tintindex":0},"north":{"uv":[11.75,4.625,12.0,5.125],"rotation":0,"texture":"#0","tintindex":0},"west":{"uv":[11.75,5.875,12.0,6.375],"rotation":0,"texture":"#0","tintindex":0},"up":{"uv":[6.375,12.875,6.125,12.625],"rotation":0,"texture":"#0","tintindex":0},"down":{"uv":[12.875,6.875,12.625,7.125],"rotation":0,"texture":"#0","tintindex":0}}}],"display":{"head":{"translation":[0.0,-6.4,0.0],"scale":[4.0,4.0,4.0]}}}