{"textures":{"0":"bil:item/filament/model/espeon_backpack.ajmodel/espeon_backpack","particle":"bil:item/filament/model/espeon_backpack.ajmodel/espeon_backpack"},"elements":[{"from":[9.6,8.0,12.0],"to":[19.2,18.4,18.4],"faces":{"up":{"texture":"#0","tintindex":0,"uv":[7.0,4.0,4.5,2.0]},"west":{"texture":"#0","tintindex":0,"uv":[3.5,2.0,5.75,4.0]},"east":{"texture":"#0","tintindex":0,"uv":[3.5,2.0,5.75,4.0]},"south":{"texture":"#0","tintindex":0,"uv":[4.5,3.5,7.0,5.5]},"down":{"texture":"#0","tintindex":0,"uv":[6.0,3.5,3.5,5.5]},"north":{"texture":"#0","tintindex":0,"uv":[3.5,3.5,6.0,5.5]}},"rotation":{"axis":"y","angle":0.0,"origin":[8.0,-4.799999,8.0]}},{"from":[19.2,8.0,12.799999],"to":[20.0,11.2,17.6],"faces":{"up":{"texture":"#0","tintindex":0,"uv":[10.5,14.0,11.25,12.75]},"west":{"texture":"#0","tintindex":0,"uv":[0.0,0.0,0.0,0.0]},"east":{"texture":"#0","tintindex":0,"uv":[10.5,14.0,9.0,15.0]},"south":{"texture":"#0","tintindex":0,"uv":[11.25,14.0,10.5,15.0]},"down":{"texture":"#0","tintindex":0,"uv":[11.25,13.5,11.5,15.0]},"north":{"texture":"#0","tintindex":0,"uv":[11.25,14.0,10.5,15.0]}},"rotation":{"axis":"y","angle":0.0,"origin":[20.8,-4.799999,8.0]}},{"from":[8.8,8.0,12.799999],"to":[9.6,11.2,17.6],"faces":{"up":{"texture":"#0","tintindex":0,"uv":[11.25,14.0,10.5,12.75]},"west":{"texture":"#0","tintindex":0,"uv":[9.0,14.0,10.5,15.0]},"east":{"texture":"#0","tintindex":0,"uv":[0.0,0.0,0.0,0.0]},"south":{"texture":"#0","tintindex":0,"uv":[10.5,14.0,11.25,15.0]},"down":{"texture":"#0","tintindex":0,"uv":[11.5,13.5,11.25,15.0]},"north":{"texture":"#0","tintindex":0,"uv":[10.5,14.0,11.25,15.0]}},"rotation":{"axis":"y","angle":0.0,"origin":[8.0,-4.799999,8.0]}},{"from":[16.4,10.4,22.0],"to":[18.8,18.4,22.8],"faces":{"up":{"texture":"#0","tintindex":0,"uv":[0.0,0.0,0.0,0.0]},"west":{"texture":"#0","tintindex":0,"uv":[11.5,12.5,11.25,15.0]},"east":{"texture":"#0","tintindex":0,"uv":[11.5,12.0,11.25,14.5]},"south":{"texture":"#0","tintindex":0,"uv":[10.5,11.75,9.75,14.25]},"down":{"texture":"#0","tintindex":0,"uv":[0.0,0.0,0.0,0.0]},"north":{"texture":"#0","tintindex":0,"uv":[10.5,12.0,9.75,14.5]}},"rotation":{"axis":"y","angle":0.0,"origin":[18.4,17.6,14.4]}},{"from":[10.0,18.4,18.0],"to":[12.4,19.2,22.8],"faces":{"up":{"texture":"#0","tintindex":0,"uv":[9.75,10.75,9.0,9.25]},"west":{"texture":"#0","tintindex":0,"uv":[9.75,10.0,11.25,10.25]},"east":{"texture":"#0","tintindex":0,"uv":[10.0,9.25,11.5,9.5]},"south":{"texture":"#0","tintindex":0,"uv":[10.5,9.75,11.25,10.0]},"down":{"texture":"#0","tintindex":0,"uv":[11.5,9.25,10.75,10.75]},"north":{"texture":"#0","tintindex":0,"uv":[0.0,0.0,0.0,0.0]}},"rotation":{"axis":"y","angle":0.0,"origin":[10.4,17.6,14.4]}},{"from":[10.0,9.6,18.0],"to":[12.4,10.4,22.8],"faces":{"up":{"texture":"#0","tintindex":0,"uv":[1.25,10.25,0.5,8.75]},"west":{"texture":"#0","tintindex":0,"uv":[0.25,10.75,1.75,11.0]},"east":{"texture":"#0","tintindex":0,"uv":[1.0,8.5,2.5,8.75]},"south":{"texture":"#0","tintindex":0,"uv":[1.25,8.75,2.0,9.0]},"down":{"texture":"#0","tintindex":0,"uv":[2.25,9.0,1.5,10.5]},"north":{"texture":"#0","tintindex":0,"uv":[0.0,0.0,0.0,0.0]}},"rotation":{"axis":"y","angle":0.0,"origin":[8.0,-4.799999,8.0]}},{"from":[10.0,9.6,18.0],"to":[12.4,10.4,22.8],"faces":{"up":{"texture":"#0","tintindex":0,"uv":[11.5,10.75,10.75,9.25]},"west":{"texture":"#0","tintindex":0,"uv":[9.75,10.75,11.25,11.0]},"east":{"texture":"#0","tintindex":0,"uv":[9.75,11.25,11.25,11.5]},"south":{"texture":"#0","tintindex":0,"uv":[10.5,10.75,11.25,11.0]},"down":{"texture":"#0","tintindex":0,"uv":[10.75,9.25,10.0,10.75]},"north":{"texture":"#0","tintindex":0,"uv":[0.0,0.0,0.0,0.0]}},"rotation":{"axis":"y","angle":0.0,"origin":[8.0,-4.799999,8.0]}},{"from":[10.0,10.4,22.0],"to":[12.4,18.4,22.8],"faces":{"up":{"texture":"#0","tintindex":0,"uv":[0.0,0.0,0.0,0.0]},"west":{"texture":"#0","tintindex":0,"uv":[11.25,12.0,11.5,14.5]},"east":{"texture":"#0","tintindex":0,"uv":[11.25,12.5,11.5,15.0]},"south":{"texture":"#0","tintindex":0,"uv":[9.75,11.75,10.5,14.25]},"down":{"texture":"#0","tintindex":0,"uv":[0.0,0.0,0.0,0.0]},"north":{"texture":"#0","tintindex":0,"uv":[9.75,12.0,10.5,14.5]}},"rotation":{"axis":"y","angle":0.0,"origin":[10.4,17.6,14.4]}},{"from":[16.4,9.6,18.0],"to":[18.8,10.4,22.8],"faces":{"up":{"texture":"#0","tintindex":0,"uv":[10.75,10.75,11.5,9.25]},"west":{"texture":"#0","tintindex":0,"uv":[11.25,11.25,9.75,11.5]},"east":{"texture":"#0","tintindex":0,"uv":[11.25,10.75,9.75,11.0]},"south":{"texture":"#0","tintindex":0,"uv":[11.25,10.75,10.5,11.0]},"down":{"texture":"#0","tintindex":0,"uv":[10.0,9.25,10.75,10.75]},"north":{"texture":"#0","tintindex":0,"uv":[0.0,0.0,0.0,0.0]}},"rotation":{"axis":"y","angle":0.0,"origin":[20.8,-4.799999,8.0]}},{"from":[16.4,9.6,18.0],"to":[18.8,10.4,22.8],"faces":{"up":{"texture":"#0","tintindex":0,"uv":[0.5,10.25,1.25,8.75]},"west":{"texture":"#0","tintindex":0,"uv":[2.5,8.5,1.0,8.75]},"east":{"texture":"#0","tintindex":0,"uv":[1.75,10.75,0.25,11.0]},"south":{"texture":"#0","tintindex":0,"uv":[2.0,8.75,1.25,9.0]},"down":{"texture":"#0","tintindex":0,"uv":[1.5,9.0,2.25,10.5]},"north":{"texture":"#0","tintindex":0,"uv":[0.0,0.0,0.0,0.0]}},"rotation":{"axis":"y","angle":0.0,"origin":[20.8,-4.799999,8.0]}},{"from":[16.4,18.4,18.0],"to":[18.8,19.2,22.8],"faces":{"up":{"texture":"#0","tintindex":0,"uv":[9.0,10.75,9.75,9.25]},"west":{"texture":"#0","tintindex":0,"uv":[11.5,9.25,10.0,9.5]},"east":{"texture":"#0","tintindex":0,"uv":[11.25,10.0,9.75,10.25]},"south":{"texture":"#0","tintindex":0,"uv":[11.25,9.75,10.5,10.0]},"down":{"texture":"#0","tintindex":0,"uv":[10.75,9.25,11.5,10.75]},"north":{"texture":"#0","tintindex":0,"uv":[0.0,0.0,0.0,0.0]}},"rotation":{"axis":"y","angle":0.0,"origin":[18.4,17.6,14.4]}},{"from":[10.4,18.4,12.0],"to":[18.4,19.2,18.4],"faces":{"up":{"texture":"#0","tintindex":0,"uv":[9.0,10.75,11.5,9.25]},"west":{"texture":"#0","tintindex":0,"uv":[11.5,9.5,9.5,9.75]},"east":{"texture":"#0","tintindex":0,"uv":[11.25,10.25,9.25,10.5]},"south":{"texture":"#0","tintindex":0,"uv":[11.5,10.0,9.0,9.5]},"down":{"texture":"#0","tintindex":0,"uv":[0.0,0.0,0.0,0.0]},"north":{"texture":"#0","tintindex":0,"uv":[0.0,0.0,0.0,0.0]}},"rotation":{"axis":"y","angle":0.0,"origin":[8.0,-4.799999,8.0]}},{"from":[10.4,14.4,11.2],"to":[18.4,19.2,12.0],"faces":{"up":{"texture":"#0","tintindex":0,"uv":[4.25,9.75,6.75,9.5]},"west":{"texture":"#0","tintindex":0,"uv":[4.25,7.75,4.0,9.25]},"east":{"texture":"#0","tintindex":0,"uv":[4.25,7.75,4.0,9.25]},"south":{"texture":"#0","tintindex":0,"uv":[0.0,0.0,0.0,0.0]},"down":{"texture":"#0","tintindex":0,"uv":[4.25,10.0,6.75,10.25]},"north":{"texture":"#0","tintindex":0,"uv":[6.75,7.5,4.25,9.25]}},"rotation":{"axis":"y","angle":0.0,"origin":[8.0,-4.799999,8.0]}},{"from":[10.4,8.0,10.4],"to":[18.4,12.8,12.0],"faces":{"up":{"texture":"#0","tintindex":0,"uv":[9.0,11.5,11.5,10.75]},"west":{"texture":"#0","tintindex":0,"uv":[9.75,12.0,9.0,13.5]},"east":{"texture":"#0","tintindex":0,"uv":[9.75,12.0,9.0,13.5]},"south":{"texture":"#0","tintindex":0,"uv":[0.0,0.0,0.0,0.0]},"down":{"texture":"#0","tintindex":0,"uv":[9.0,11.5,11.5,12.0]},"north":{"texture":"#0","tintindex":0,"uv":[11.5,9.25,9.0,10.75]}},"rotation":{"axis":"y","angle":0.0,"origin":[8.0,-4.799999,8.0]}},{"from":[4.2626,17.8096,13.8437],"to":[11.9738,21.114399,13.8437],"faces":{"up":{"texture":"#0","tintindex":0,"uv":[8.75,5.5,5.25,5.5]},"west":{"texture":"#0","tintindex":0,"uv":[8.75,5.5,8.75,7.0]},"east":{"texture":"#0","tintindex":0,"uv":[5.25,5.5,5.25,7.0]},"south":{"texture":"#0","tintindex":0,"uv":[8.75,5.5,12.25,7.0]},"down":{"texture":"#0","tintindex":0,"uv":[12.25,5.5,8.75,5.5]},"north":{"texture":"#0","tintindex":0,"uv":[5.25,5.5,8.75,7.0]}},"rotation":{"axis":"y","angle":0.0,"origin":[11.6984,18.9112,9.9936]}},{"from":[4.8134003,18.9112,13.849199],"to":[5.915,20.0128,14.9508],"faces":{"up":{"texture":"#0","tintindex":0,"uv":[5.5,4.25,5.0,4.75]},"west":{"texture":"#0","tintindex":0,"uv":[4.75,3.75,4.25,4.25]},"east":{"texture":"#0","tintindex":0,"uv":[4.25,3.75,3.75,4.25]},"south":{"texture":"#0","tintindex":0,"uv":[4.0,2.0,3.5,2.5]},"down":{"texture":"#0","tintindex":0,"uv":[5.5,4.75,5.0,5.25]},"north":{"texture":"#0","tintindex":0,"uv":[4.0,2.0,3.5,2.5]}},"rotation":{"axis":"y","angle":0.0,"origin":[11.6984,18.9112,9.9936]}},{"from":[5.915,18.360401,13.849199],"to":[7.5674,20.5636,14.9508],"faces":{"up":{"texture":"#0","tintindex":0,"uv":[5.75,4.25,5.0,4.75]},"west":{"texture":"#0","tintindex":0,"uv":[4.75,3.75,4.25,4.75]},"east":{"texture":"#0","tintindex":0,"uv":[4.25,3.75,3.75,4.75]},"south":{"texture":"#0","tintindex":0,"uv":[4.25,2.0,3.5,3.0]},"down":{"texture":"#0","tintindex":0,"uv":[5.75,4.75,5.0,5.25]},"north":{"texture":"#0","tintindex":0,"uv":[4.25,2.0,3.5,3.0]}},"rotation":{"axis":"y","angle":0.0,"origin":[11.6984,18.9112,9.9936]}},{"from":[7.5674,17.8096,13.849199],"to":[11.423,21.114399,14.9508],"faces":{"up":{"texture":"#0","tintindex":0,"uv":[6.75,4.25,5.0,4.75]},"west":{"texture":"#0","tintindex":0,"uv":[4.75,3.75,4.25,5.25]},"east":{"texture":"#0","tintindex":0,"uv":[4.25,3.75,3.75,5.25]},"south":{"texture":"#0","tintindex":0,"uv":[5.25,2.0,3.5,3.5]},"down":{"texture":"#0","tintindex":0,"uv":[6.75,4.75,5.0,5.25]},"north":{"texture":"#0","tintindex":0,"uv":[5.25,2.0,3.5,3.5]}},"rotation":{"axis":"y","angle":0.0,"origin":[11.6984,18.9112,9.9936]}},{"from":[4.2626,19.462,13.849199],"to":[4.8134003,20.5636,14.9508],"faces":{"up":{"texture":"#0","tintindex":0,"uv":[5.25,4.25,5.0,4.75]},"west":{"texture":"#0","tintindex":0,"uv":[4.75,3.75,4.25,4.25]},"east":{"texture":"#0","tintindex":0,"uv":[4.25,3.75,3.75,4.25]},"south":{"texture":"#0","tintindex":0,"uv":[3.75,2.0,3.5,2.5]},"down":{"texture":"#0","tintindex":0,"uv":[5.25,4.75,5.0,5.25]},"north":{"texture":"#0","tintindex":0,"uv":[3.75,2.0,3.5,2.5]}},"rotation":{"axis":"y","angle":0.0,"origin":[11.6984,18.9112,9.9936]}},{"from":[5.5019,16.1572,14.6754],"to":[9.9083,18.360401,14.6754],"faces":{"up":{"texture":"#0","tintindex":0,"uv":[9.25,2.0,7.25,2.0]},"west":{"texture":"#0","tintindex":0,"uv":[9.25,2.0,9.25,3.0]},"east":{"texture":"#0","tintindex":0,"uv":[7.25,2.0,7.25,3.0]},"south":{"texture":"#0","tintindex":0,"uv":[9.25,2.0,11.25,3.0]},"down":{"texture":"#0","tintindex":0,"uv":[11.25,2.0,9.25,2.0]},"north":{"texture":"#0","tintindex":0,"uv":[7.25,2.0,9.25,3.0]}},"rotation":{"axis":"z","angle":22.5,"origin":[10.5968,17.8096,15.5016]}},{"from":[5.66,19.36,13.719999],"to":[6.34,20.04,15.08],"faces":{"up":{"texture":"#0","tintindex":0,"uv":[5.25,4.25,5.0,4.75]},"west":{"texture":"#0","tintindex":0,"uv":[4.75,3.75,4.25,4.0]},"east":{"texture":"#0","tintindex":0,"uv":[4.25,3.75,3.75,4.0]},"south":{"texture":"#0","tintindex":0,"uv":[3.75,2.0,3.5,2.25]},"down":{"texture":"#0","tintindex":0,"uv":[5.25,4.75,5.0,5.25]},"north":{"texture":"#0","tintindex":0,"uv":[3.75,2.0,3.5,2.25]}},"rotation":{"axis":"y","angle":0.0,"origin":[11.44,20.72,8.96]}},{"from":[14.0,15.608,10.392],"to":[14.8,16.408,10.392],"faces":{"up":{"texture":"#0","tintindex":0,"uv":[8.0,1.25,8.25,1.25]},"west":{"texture":"#0","tintindex":0,"uv":[8.0,1.25,8.0,1.5]},"east":{"texture":"#0","tintindex":0,"uv":[8.25,1.25,8.25,1.5]},"south":{"texture":"#0","tintindex":0,"uv":[8.5,1.25,8.25,1.5]},"down":{"texture":"#0","tintindex":0,"uv":[8.25,1.25,8.5,1.25]},"north":{"texture":"#0","tintindex":0,"uv":[8.25,1.25,8.0,1.5]}},"rotation":{"axis":"y","angle":0.0,"origin":[14.4,-2.3999996,17.6]}},{"from":[12.0,14.8,10.4],"to":[16.8,16.4,11.2],"faces":{"up":{"texture":"#0","tintindex":0,"uv":[9.0,1.25,7.5,1.0]},"west":{"texture":"#0","tintindex":0,"uv":[9.0,1.25,9.25,1.75]},"east":{"texture":"#0","tintindex":0,"uv":[7.25,1.25,7.5,1.75]},"south":{"texture":"#0","tintindex":0,"uv":[8.75,1.25,10.25,1.75]},"down":{"texture":"#0","tintindex":0,"uv":[10.0,1.0,8.5,1.25]},"north":{"texture":"#0","tintindex":0,"uv":[8.5,1.25,10.0,1.75]}},"rotation":{"axis":"y","angle":0.0,"origin":[14.4,-2.3999996,17.6]}},{"from":[13.6,16.8,10.8],"to":[15.2,18.4,12.4],"faces":{"up":{"texture":"#0","tintindex":0,"uv":[4.5,7.0,4.0,6.5]},"west":{"texture":"#0","tintindex":0,"uv":[4.0,6.5,4.5,7.0]},"east":{"texture":"#0","tintindex":0,"uv":[4.0,6.5,4.5,7.0]},"south":{"texture":"#0","tintindex":0,"uv":[4.0,6.5,4.5,7.0]},"down":{"texture":"#0","tintindex":0,"uv":[4.5,6.5,4.0,7.0]},"north":{"texture":"#0","tintindex":0,"uv":[4.0,6.5,4.5,7.0]}},"rotation":{"axis":"y","angle":0.0,"origin":[8.0,11.2,8.0]}},{"from":[16.826199,17.8096,13.8437],"to":[24.5374,21.114399,13.8437],"faces":{"up":{"texture":"#0","tintindex":0,"uv":[5.25,5.5,8.75,5.5]},"west":{"texture":"#0","tintindex":0,"uv":[5.25,5.5,5.25,7.0]},"east":{"texture":"#0","tintindex":0,"uv":[8.75,5.5,8.75,7.0]},"south":{"texture":"#0","tintindex":0,"uv":[12.25,5.5,8.75,7.0]},"down":{"texture":"#0","tintindex":0,"uv":[8.75,5.5,12.25,5.5]},"north":{"texture":"#0","tintindex":0,"uv":[8.75,5.5,5.25,7.0]}},"rotation":{"axis":"y","angle":0.0,"origin":[17.1016,18.9112,9.9936]}},{"from":[22.885,18.9112,13.849199],"to":[23.9866,20.0128,14.9508],"faces":{"up":{"texture":"#0","tintindex":0,"uv":[5.0,4.25,5.5,4.75]},"west":{"texture":"#0","tintindex":0,"uv":[3.75,3.75,4.25,4.25]},"east":{"texture":"#0","tintindex":0,"uv":[4.25,3.75,4.75,4.25]},"south":{"texture":"#0","tintindex":0,"uv":[3.5,2.0,4.0,2.5]},"down":{"texture":"#0","tintindex":0,"uv":[5.0,4.75,5.5,5.25]},"north":{"texture":"#0","tintindex":0,"uv":[3.5,2.0,4.0,2.5]}},"rotation":{"axis":"y","angle":0.0,"origin":[17.1016,18.9112,9.9936]}},{"from":[21.2326,18.360401,13.849199],"to":[22.885,20.5636,14.9508],"faces":{"up":{"texture":"#0","tintindex":0,"uv":[5.0,4.25,5.75,4.75]},"west":{"texture":"#0","tintindex":0,"uv":[3.75,3.75,4.25,4.75]},"east":{"texture":"#0","tintindex":0,"uv":[4.25,3.75,4.75,4.75]},"south":{"texture":"#0","tintindex":0,"uv":[3.5,2.0,4.25,3.0]},"down":{"texture":"#0","tintindex":0,"uv":[5.0,4.75,5.75,5.25]},"north":{"texture":"#0","tintindex":0,"uv":[3.5,2.0,4.25,3.0]}},"rotation":{"axis":"y","angle":0.0,"origin":[17.1016,18.9112,9.9936]}},{"from":[17.376999,17.8096,13.849199],"to":[21.2326,21.114399,14.9508],"faces":{"up":{"texture":"#0","tintindex":0,"uv":[5.0,4.25,6.75,4.75]},"west":{"texture":"#0","tintindex":0,"uv":[3.75,3.75,4.25,5.25]},"east":{"texture":"#0","tintindex":0,"uv":[4.25,3.75,4.75,5.25]},"south":{"texture":"#0","tintindex":0,"uv":[3.5,2.0,5.25,3.5]},"down":{"texture":"#0","tintindex":0,"uv":[5.0,4.75,6.75,5.25]},"north":{"texture":"#0","tintindex":0,"uv":[3.5,2.0,5.25,3.5]}},"rotation":{"axis":"y","angle":0.0,"origin":[17.1016,18.9112,9.9936]}},{"from":[22.46,19.36,13.719999],"to":[23.14,20.04,15.08],"faces":{"up":{"texture":"#0","tintindex":0,"uv":[5.0,4.25,5.25,4.75]},"west":{"texture":"#0","tintindex":0,"uv":[3.75,3.75,4.25,4.0]},"east":{"texture":"#0","tintindex":0,"uv":[4.25,3.75,4.75,4.0]},"south":{"texture":"#0","tintindex":0,"uv":[3.5,2.0,3.75,2.25]},"down":{"texture":"#0","tintindex":0,"uv":[5.0,4.75,5.25,5.25]},"north":{"texture":"#0","tintindex":0,"uv":[3.5,2.0,3.75,2.25]}},"rotation":{"axis":"y","angle":0.0,"origin":[17.36,20.72,8.96]}},{"from":[23.9866,19.462,13.849199],"to":[24.5374,20.5636,14.9508],"faces":{"up":{"texture":"#0","tintindex":0,"uv":[5.0,4.25,5.25,4.75]},"west":{"texture":"#0","tintindex":0,"uv":[3.75,3.75,4.25,4.25]},"east":{"texture":"#0","tintindex":0,"uv":[4.25,3.75,4.75,4.25]},"south":{"texture":"#0","tintindex":0,"uv":[3.5,2.0,3.75,2.5]},"down":{"texture":"#0","tintindex":0,"uv":[5.0,4.75,5.25,5.25]},"north":{"texture":"#0","tintindex":0,"uv":[3.5,2.0,3.75,2.5]}},"rotation":{"axis":"y","angle":0.0,"origin":[17.1016,18.9112,9.9936]}},{"from":[18.8917,16.1572,14.6754],"to":[23.2981,18.360401,14.6754],"faces":{"up":{"texture":"#0","tintindex":0,"uv":[7.25,2.0,9.25,2.0]},"west":{"texture":"#0","tintindex":0,"uv":[7.25,2.0,7.25,3.0]},"east":{"texture":"#0","tintindex":0,"uv":[9.25,2.0,9.25,3.0]},"south":{"texture":"#0","tintindex":0,"uv":[11.25,2.0,9.25,3.0]},"down":{"texture":"#0","tintindex":0,"uv":[9.25,2.0,11.25,2.0]},"north":{"texture":"#0","tintindex":0,"uv":[9.25,2.0,7.25,3.0]}},"rotation":{"axis":"z","angle":-22.5,"origin":[18.2032,17.8096,15.5016]}}],"display":{"head":{"rotation":[0.0,180.0,0.0]}}}