{"textures":{"0":"modelengine:entity/nocsy_drakonin7"},"elements":[{"from":[5.714286,6.155852,5.3560076],"to":[10.285714,10.727281,12.213151],"rotation":{"angle":0.0,"axis":"y","origin":[8.0,8.0,8.666262]},"faces":{"east":{"uv":[3.375,8.75,4.125,9.25],"rotation":0,"texture":"#0","tintindex":0},"south":{"uv":[8.9375,0.5625,9.4375,1.0625],"rotation":0,"texture":"#0","tintindex":0},"north":{"uv":[8.9375,0.0,9.4375,0.5],"rotation":0,"texture":"#0","tintindex":0},"west":{"uv":[4.1875,8.75,4.9375,9.25],"rotation":0,"texture":"#0","tintindex":0},"up":{"uv":[5.5,9.5,5.0,8.75],"rotation":0,"texture":"#0","tintindex":0},"down":{"uv":[6.0625,8.75,5.5625,9.5],"rotation":0,"texture":"#0","tintindex":0}}},{"from":[5.72,5.035164,10.9051895],"to":[10.280001,9.595164,15.465189],"rotation":{"angle":22.5,"axis":"x","origin":[8.0,6.861932,14.387716]},"faces":{"east":{"uv":[1.375,8.9375,1.875,9.4375],"rotation":0,"texture":"#0","tintindex":0},"south":{"uv":[8.9375,1.6875,9.4375,2.1875],"rotation":0,"texture":"#0","tintindex":0},"north":{"uv":[8.9375,1.125,9.4375,1.625],"rotation":0,"texture":"#0","tintindex":0},"west":{"uv":[1.9375,8.9375,2.4375,9.4375],"rotation":0,"texture":"#0","tintindex":0},"up":{"uv":[9.4375,2.75,8.9375,2.25],"rotation":0,"texture":"#0","tintindex":0},"down":{"uv":[3.0,8.9375,2.5,9.4375],"rotation":0,"texture":"#0","tintindex":0}}},{"from":[5.7085714,7.2093153,4.3745775],"to":[10.291429,12.363602,8.957435],"rotation":{"angle":-22.5,"axis":"x","origin":[7.714286,9.138068,7.5305724]},"faces":{"east":{"uv":[6.6875,8.75,7.1875,9.3125],"rotation":0,"texture":"#0","tintindex":0},"south":{"uv":[8.875,7.75,9.375,8.3125],"rotation":0,"texture":"#0","tintindex":0},"north":{"uv":[6.125,8.75,6.625,9.3125],"rotation":0,"texture":"#0","tintindex":0},"west":{"uv":[8.875,8.375,9.375,8.9375],"rotation":0,"texture":"#0","tintindex":0},"up":{"uv":[9.4375,3.3125,8.9375,2.8125],"rotation":0,"texture":"#0","tintindex":0},"down":{"uv":[9.4375,3.375,8.9375,3.875],"rotation":0,"texture":"#0","tintindex":0}}}],"display":{"head":{"translation":[0.0,-6.4,0.0],"scale":[4.0,4.0,4.0]}}}