{"textures":{"0":"bil:item/filament/model/eevee_backpack.ajmodel/eevee_backpack","particle":"bil:item/filament/model/eevee_backpack.ajmodel/eevee_backpack"},"elements":[{"from":[9.6,8.0,12.0],"to":[19.2,18.4,18.4],"faces":{"up":{"texture":"#0","tintindex":0,"uv":[11.0,6.0,8.0,4.0]},"west":{"texture":"#0","tintindex":0,"uv":[13.25,2.75,11.25,6.0]},"east":{"texture":"#0","tintindex":0,"uv":[11.25,3.0,13.25,6.25]},"south":{"texture":"#0","tintindex":0,"uv":[9.75,2.75,12.75,6.0]},"down":{"texture":"#0","tintindex":0,"uv":[13.5,4.25,10.5,6.25]},"north":{"texture":"#0","tintindex":0,"uv":[9.5,2.75,12.5,6.0]}},"rotation":{"axis":"y","angle":0.0,"origin":[8.0,-4.799999,8.0]}},{"from":[8.8,8.0,12.799999],"to":[9.6,11.2,17.6],"faces":{"up":{"texture":"#0","tintindex":0,"uv":[13.75,16.0,13.0,14.5]},"west":{"texture":"#0","tintindex":0,"uv":[8.75,12.25,10.75,13.75]},"east":{"texture":"#0","tintindex":0,"uv":[0.0,0.0,0.0,0.0]},"south":{"texture":"#0","tintindex":0,"uv":[15.25,14.5,14.5,15.75]},"down":{"texture":"#0","tintindex":0,"uv":[12.25,12.25,11.75,13.25]},"north":{"texture":"#0","tintindex":0,"uv":[14.5,14.5,15.25,15.75]}},"rotation":{"axis":"y","angle":0.0,"origin":[8.0,-4.799999,8.0]}},{"from":[19.2,8.0,12.799999],"to":[20.0,11.2,17.6],"faces":{"up":{"texture":"#0","tintindex":0,"uv":[13.0,16.0,13.75,14.5]},"west":{"texture":"#0","tintindex":0,"uv":[0.0,0.0,0.0,0.0]},"east":{"texture":"#0","tintindex":0,"uv":[10.75,12.25,8.75,13.75]},"south":{"texture":"#0","tintindex":0,"uv":[14.5,14.5,15.25,15.75]},"down":{"texture":"#0","tintindex":0,"uv":[11.75,12.25,12.25,13.25]},"north":{"texture":"#0","tintindex":0,"uv":[15.25,14.5,14.5,15.75]}},"rotation":{"axis":"y","angle":0.0,"origin":[20.8,-4.799999,8.0]}},{"from":[10.0,18.4,18.0],"to":[12.4,19.2,22.8],"faces":{"up":{"texture":"#0","tintindex":0,"uv":[4.0,2.0,3.0,0.0]},"west":{"texture":"#0","tintindex":0,"uv":[3.5,1.25,3.0,1.5]},"east":{"texture":"#0","tintindex":0,"uv":[3.0,1.5,3.5,1.75]},"south":{"texture":"#0","tintindex":0,"uv":[3.0,1.0,3.75,1.25]},"down":{"texture":"#0","tintindex":0,"uv":[3.75,0.5,3.0,1.0]},"north":{"texture":"#0","tintindex":0,"uv":[0.0,0.0,0.0,0.0]}},"rotation":{"axis":"y","angle":0.0,"origin":[8.0,-4.799999,8.0]}},{"from":[16.4,9.6,18.0],"to":[18.8,10.4,22.8],"faces":{"up":{"texture":"#0","tintindex":0,"uv":[3.0,0.75,5.0,0.0]},"west":{"texture":"#0","tintindex":0,"uv":[3.0,1.75,3.5,2.0]},"east":{"texture":"#0","tintindex":0,"uv":[3.75,2.5,3.25,2.75]},"south":{"texture":"#0","tintindex":0,"uv":[3.75,2.0,3.0,2.25]},"down":{"texture":"#0","tintindex":0,"uv":[3.0,1.0,3.75,1.5]},"north":{"texture":"#0","tintindex":0,"uv":[0.0,0.0,0.0,0.0]}},"rotation":{"axis":"y","angle":0.0,"origin":[20.8,-4.799999,8.0]}},{"from":[16.4,10.4,22.0],"to":[18.8,18.4,22.8],"faces":{"up":{"texture":"#0","tintindex":0,"uv":[0.0,0.0,0.0,0.0]},"west":{"texture":"#0","tintindex":0,"uv":[5.0,0.0,4.75,2.5]},"east":{"texture":"#0","tintindex":0,"uv":[5.25,0.0,5.0,2.5]},"south":{"texture":"#0","tintindex":0,"uv":[6.5,0.0,5.25,3.0]},"down":{"texture":"#0","tintindex":0,"uv":[0.0,0.0,0.0,0.0]},"north":{"texture":"#0","tintindex":0,"uv":[6.5,0.0,5.25,3.0]}},"rotation":{"axis":"y","angle":0.0,"origin":[20.8,-4.799999,8.0]}},{"from":[16.4,18.4,18.0],"to":[18.8,19.2,22.8],"faces":{"up":{"texture":"#0","tintindex":0,"uv":[3.0,1.75,4.0,0.0]},"west":{"texture":"#0","tintindex":0,"uv":[4.25,1.5,3.75,1.75]},"east":{"texture":"#0","tintindex":0,"uv":[3.75,1.25,4.25,1.5]},"south":{"texture":"#0","tintindex":0,"uv":[4.5,1.75,3.75,2.0]},"down":{"texture":"#0","tintindex":0,"uv":[3.0,2.0,3.75,2.5]},"north":{"texture":"#0","tintindex":0,"uv":[0.0,0.0,0.0,0.0]}},"rotation":{"axis":"y","angle":0.0,"origin":[20.8,-4.799999,8.0]}},{"from":[10.0,9.6,18.0],"to":[12.4,10.4,22.8],"faces":{"up":{"texture":"#0","tintindex":0,"uv":[4.5,2.25,3.75,1.75]},"west":{"texture":"#0","tintindex":0,"uv":[4.5,2.0,5.0,2.25]},"east":{"texture":"#0","tintindex":0,"uv":[1.0,6.0,0.5,6.25]},"south":{"texture":"#0","tintindex":0,"uv":[4.5,1.75,5.25,2.0]},"down":{"texture":"#0","tintindex":0,"uv":[3.75,1.75,3.0,2.25]},"north":{"texture":"#0","tintindex":0,"uv":[0.0,0.0,0.0,0.0]}},"rotation":{"axis":"y","angle":0.0,"origin":[8.0,-4.799999,8.0]}},{"from":[10.0,10.4,22.0],"to":[12.4,18.4,22.8],"faces":{"up":{"texture":"#0","tintindex":0,"uv":[0.0,0.0,0.0,0.0]},"west":{"texture":"#0","tintindex":0,"uv":[4.75,0.0,5.0,2.5]},"east":{"texture":"#0","tintindex":0,"uv":[4.5,0.0,4.75,2.5]},"south":{"texture":"#0","tintindex":0,"uv":[5.5,0.0,6.5,3.0]},"down":{"texture":"#0","tintindex":0,"uv":[0.0,0.0,0.0,0.0]},"north":{"texture":"#0","tintindex":0,"uv":[4.75,0.0,5.5,2.5]}},"rotation":{"axis":"y","angle":0.0,"origin":[8.0,-4.799999,8.0]}},{"from":[10.4,18.4,12.0],"to":[18.4,19.2,18.4],"faces":{"up":{"texture":"#0","tintindex":0,"uv":[12.25,10.5,9.75,8.5]},"west":{"texture":"#0","tintindex":0,"uv":[5.0,6.0,3.0,6.25]},"east":{"texture":"#0","tintindex":0,"uv":[3.0,6.0,5.0,6.25]},"south":{"texture":"#0","tintindex":0,"uv":[2.5,3.25,5.0,3.5]},"down":{"texture":"#0","tintindex":0,"uv":[0.0,0.0,0.0,0.0]},"north":{"texture":"#0","tintindex":0,"uv":[0.0,0.0,0.0,0.0]}},"rotation":{"axis":"y","angle":0.0,"origin":[8.0,-4.799999,8.0]}},{"from":[10.4,14.4,11.2],"to":[18.4,19.2,12.0],"faces":{"up":{"texture":"#0","tintindex":0,"uv":[2.5,3.5,0.0,3.25]},"west":{"texture":"#0","tintindex":0,"uv":[3.0,5.25,2.75,6.5]},"east":{"texture":"#0","tintindex":0,"uv":[2.75,5.5,3.0,6.75]},"south":{"texture":"#0","tintindex":0,"uv":[0.0,0.0,0.0,0.0]},"down":{"texture":"#0","tintindex":0,"uv":[2.5,2.75,0.0,3.0]},"north":{"texture":"#0","tintindex":0,"uv":[0.0,3.25,3.0,4.5]}},"rotation":{"axis":"y","angle":0.0,"origin":[8.0,-4.799999,8.0]}},{"from":[10.4,8.0,10.4],"to":[18.4,12.8,12.0],"faces":{"up":{"texture":"#0","tintindex":0,"uv":[11.25,16.0,8.75,15.25]},"west":{"texture":"#0","tintindex":0,"uv":[13.5,12.5,12.75,14.0]},"east":{"texture":"#0","tintindex":0,"uv":[12.75,12.5,13.5,14.0]},"south":{"texture":"#0","tintindex":0,"uv":[0.0,0.0,0.0,0.0]},"down":{"texture":"#0","tintindex":0,"uv":[8.75,7.25,6.25,8.5]},"north":{"texture":"#0","tintindex":0,"uv":[8.75,12.25,11.25,13.75]}},"rotation":{"axis":"y","angle":0.0,"origin":[8.0,-4.799999,8.0]}},{"from":[11.6,16.0,11.176],"to":[13.2,18.4,11.176],"faces":{"up":{"texture":"#0","tintindex":0,"uv":[13.75,0.0,14.25,0.0]},"west":{"texture":"#0","tintindex":0,"uv":[13.75,0.0,13.75,0.75]},"east":{"texture":"#0","tintindex":0,"uv":[14.25,0.0,14.25,0.75]},"south":{"texture":"#0","tintindex":0,"uv":[14.75,0.0,14.25,0.75]},"down":{"texture":"#0","tintindex":0,"uv":[14.25,0.0,14.75,0.0]},"north":{"texture":"#0","tintindex":0,"uv":[14.25,0.0,13.75,0.75]}},"rotation":{"axis":"y","angle":0.0,"origin":[14.4,-2.3999996,18.4]}},{"from":[15.6,16.0,11.176],"to":[17.2,18.4,11.176],"faces":{"up":{"texture":"#0","tintindex":0,"uv":[14.25,0.0,13.75,0.0]},"west":{"texture":"#0","tintindex":0,"uv":[14.25,0.0,14.25,0.75]},"east":{"texture":"#0","tintindex":0,"uv":[13.75,0.0,13.75,0.75]},"south":{"texture":"#0","tintindex":0,"uv":[14.25,0.0,14.75,0.75]},"down":{"texture":"#0","tintindex":0,"uv":[14.75,0.0,14.25,0.0]},"north":{"texture":"#0","tintindex":0,"uv":[13.75,0.0,14.25,0.75]}},"rotation":{"axis":"y","angle":0.0,"origin":[14.4,-2.3999996,18.4]}},{"from":[12.0,14.8,10.4],"to":[16.8,16.4,11.2],"faces":{"up":{"texture":"#0","tintindex":0,"uv":[10.75,0.5,9.25,0.25]},"west":{"texture":"#0","tintindex":0,"uv":[10.75,0.5,11.0,1.0]},"east":{"texture":"#0","tintindex":0,"uv":[9.0,0.5,9.25,1.0]},"south":{"texture":"#0","tintindex":0,"uv":[11.0,0.5,12.5,1.0]},"down":{"texture":"#0","tintindex":0,"uv":[12.25,0.25,10.75,0.5]},"north":{"texture":"#0","tintindex":0,"uv":[9.25,0.5,10.75,1.0]}},"rotation":{"axis":"y","angle":0.0,"origin":[14.4,-2.3999996,18.4]}},{"from":[14.0,15.608,10.391999],"to":[14.8,16.408,10.391999],"faces":{"up":{"texture":"#0","tintindex":0,"uv":[13.0,1.25,13.25,1.25]},"west":{"texture":"#0","tintindex":0,"uv":[13.0,1.25,13.0,1.5]},"east":{"texture":"#0","tintindex":0,"uv":[13.25,1.25,13.25,1.5]},"south":{"texture":"#0","tintindex":0,"uv":[13.5,1.25,13.25,1.5]},"down":{"texture":"#0","tintindex":0,"uv":[13.25,1.25,13.5,1.25]},"north":{"texture":"#0","tintindex":0,"uv":[13.25,1.25,13.0,1.5]}},"rotation":{"axis":"y","angle":0.0,"origin":[14.4,-2.3999996,18.4]}},{"from":[15.32184,16.54141,14.0],"to":[18.52184,22.94141,14.0],"faces":{"up":{"texture":"#0","tintindex":0,"uv":[0.0,4.5,1.0,4.5]},"west":{"texture":"#0","tintindex":0,"uv":[0.0,4.5,0.0,6.5]},"east":{"texture":"#0","tintindex":0,"uv":[1.0,4.5,1.0,6.5]},"south":{"texture":"#0","tintindex":0,"uv":[2.0,4.5,1.0,6.5]},"down":{"texture":"#0","tintindex":0,"uv":[1.0,4.5,2.0,4.5]},"north":{"texture":"#0","tintindex":0,"uv":[1.0,4.5,0.0,6.5]}},"rotation":{"axis":"z","angle":-22.5,"origin":[17.6,17.6,16.0]}},{"from":[17.76,17.36,14.08],"to":[18.56,22.16,15.68],"faces":{"up":{"texture":"#0","tintindex":0,"uv":[5.75,0.5,5.5,1.0]},"west":{"texture":"#0","tintindex":0,"uv":[4.0,0.25,3.5,1.75]},"east":{"texture":"#0","tintindex":0,"uv":[5.25,0.25,4.75,1.75]},"south":{"texture":"#0","tintindex":0,"uv":[4.5,0.0,3.25,1.25]},"down":{"texture":"#0","tintindex":0,"uv":[4.25,0.75,4.0,1.25]},"north":{"texture":"#0","tintindex":0,"uv":[5.5,0.5,5.25,2.0]}},"rotation":{"axis":"z","angle":-22.5,"origin":[17.6,17.6,16.0]}},{"from":[16.16,16.560001,14.08],"to":[17.76,22.96,15.68],"faces":{"up":{"texture":"#0","tintindex":0,"uv":[6.0,0.5,5.5,1.0]},"west":{"texture":"#0","tintindex":0,"uv":[4.0,0.25,3.5,2.25]},"east":{"texture":"#0","tintindex":0,"uv":[5.25,0.25,4.75,2.25]},"south":{"texture":"#0","tintindex":0,"uv":[5.0,0.0,3.25,2.5]},"down":{"texture":"#0","tintindex":0,"uv":[4.5,0.75,4.0,1.25]},"north":{"texture":"#0","tintindex":0,"uv":[5.75,0.5,5.25,2.5]}},"rotation":{"axis":"z","angle":-22.5,"origin":[17.6,17.6,16.0]}},{"from":[15.36,16.560001,14.08],"to":[16.16,21.36,15.68],"faces":{"up":{"texture":"#0","tintindex":0,"uv":[5.75,0.5,5.5,1.0]},"west":{"texture":"#0","tintindex":0,"uv":[4.0,0.25,3.5,1.75]},"east":{"texture":"#0","tintindex":0,"uv":[5.25,0.25,4.75,1.75]},"south":{"texture":"#0","tintindex":0,"uv":[4.0,0.0,3.25,1.5]},"down":{"texture":"#0","tintindex":0,"uv":[4.25,0.75,4.0,1.25]},"north":{"texture":"#0","tintindex":0,"uv":[5.5,0.5,5.25,2.0]}},"rotation":{"axis":"z","angle":-22.5,"origin":[17.6,17.6,16.0]}},{"from":[11.84,16.560001,14.08],"to":[12.64,21.36,15.68],"faces":{"up":{"texture":"#0","tintindex":0,"uv":[5.5,0.5,5.75,1.0]},"west":{"texture":"#0","tintindex":0,"uv":[4.75,0.25,5.25,1.75]},"east":{"texture":"#0","tintindex":0,"uv":[3.5,0.25,4.0,1.75]},"south":{"texture":"#0","tintindex":0,"uv":[3.25,0.0,4.0,1.5]},"down":{"texture":"#0","tintindex":0,"uv":[4.0,0.75,4.25,1.25]},"north":{"texture":"#0","tintindex":0,"uv":[5.25,0.5,5.5,2.0]}},"rotation":{"axis":"z","angle":22.5,"origin":[11.2,20.0,15.199999]}},{"from":[10.24,16.560001,14.08],"to":[11.84,22.96,15.68],"faces":{"up":{"texture":"#0","tintindex":0,"uv":[5.5,0.5,6.0,1.0]},"west":{"texture":"#0","tintindex":0,"uv":[4.75,0.25,5.25,2.25]},"east":{"texture":"#0","tintindex":0,"uv":[3.5,0.25,4.0,2.25]},"south":{"texture":"#0","tintindex":0,"uv":[3.25,0.0,5.0,2.5]},"down":{"texture":"#0","tintindex":0,"uv":[4.0,0.75,4.5,1.25]},"north":{"texture":"#0","tintindex":0,"uv":[5.25,0.5,5.75,2.5]}},"rotation":{"axis":"z","angle":22.5,"origin":[11.2,20.0,15.199999]}},{"from":[9.440001,17.36,14.08],"to":[10.24,22.16,15.68],"faces":{"up":{"texture":"#0","tintindex":0,"uv":[5.5,0.5,5.75,1.0]},"west":{"texture":"#0","tintindex":0,"uv":[4.75,0.25,5.25,1.75]},"east":{"texture":"#0","tintindex":0,"uv":[3.5,0.25,4.0,1.75]},"south":{"texture":"#0","tintindex":0,"uv":[3.25,0.0,4.5,1.25]},"down":{"texture":"#0","tintindex":0,"uv":[4.0,0.75,4.25,1.25]},"north":{"texture":"#0","tintindex":0,"uv":[5.25,0.5,5.5,2.0]}},"rotation":{"axis":"z","angle":22.5,"origin":[11.2,20.0,15.199999]}},{"from":[9.47816,16.54141,14.0],"to":[12.67816,22.94141,14.0],"faces":{"up":{"texture":"#0","tintindex":0,"uv":[1.0,4.5,0.0,4.5]},"west":{"texture":"#0","tintindex":0,"uv":[1.0,4.5,1.0,6.5]},"east":{"texture":"#0","tintindex":0,"uv":[0.0,4.5,0.0,6.5]},"south":{"texture":"#0","tintindex":0,"uv":[1.0,4.5,2.0,6.5]},"down":{"texture":"#0","tintindex":0,"uv":[2.0,4.5,1.0,4.5]},"north":{"texture":"#0","tintindex":0,"uv":[0.0,4.5,1.0,6.5]}},"rotation":{"axis":"z","angle":22.5,"origin":[11.2,20.0,15.199999]}}],"display":{"head":{"rotation":[0.0,180.0,0.0]}}}