{
	"format_version": "1.8.0",
	"animations": {
		"animation.aurore.idle": {
			"loop": true,
			"animation_length": 3,
			"bones": {
				"Head": {
					"rotation": {
						"0.0": {
							"post": [0, 0, 0],
							"lerp_mode": "catmullrom"
						},
						"1.25": {
							"post": [8.28108, 4.94813, 0.71925],
							"lerp_mode": "catmullrom"
						},
						"1.75": {
							"post": [8.28108, 4.94813, 0.71925],
							"lerp_mode": "catmullrom"
						},
						"3.0": {
							"post": [0, 0, 0],
							"lerp_mode": "catmullrom"
						}
					}
				},
				"RightArm": {
					"rotation": {
						"0.0": {
							"post": [0, 0, 15],
							"lerp_mode": "catmullrom"
						},
						"1.25": {
							"post": [0, 20.75, 20],
							"lerp_mode": "catmullrom"
						},
						"1.75": {
							"post": [0, 20.75, 20],
							"lerp_mode": "catmullrom"
						},
						"3.0": {
							"post": [0, 0, 15],
							"lerp_mode": "catmullrom"
						}
					}
				},
				"LeftArm": {
					"rotation": {
						"0.0": {
							"post": [-67.5, 0, -22.5],
							"lerp_mode": "catmullrom"
						},
						"1.25": {
							"post": [-59.36237, -7.15705, -4.85324],
							"lerp_mode": "catmullrom"
						},
						"1.75": {
							"post": [-59.36237, -7.15705, -4.85324],
							"lerp_mode": "catmullrom"
						},
						"3.0": {
							"post": [-67.5, 0, -22.5],
							"lerp_mode": "catmullrom"
						}
					},
					"position": {
						"0.0": {
							"post": [0.35, -0.625, 0],
							"lerp_mode": "catmullrom"
						},
						"3.0": {
							"post": [0.35, -0.625, 0],
							"lerp_mode": "catmullrom"
						}
					}
				},
				"RightLeg": {
					"rotation": {
						"0.0": {
							"post": [5.16457, 18.56962, 15.84488],
							"lerp_mode": "catmullrom"
						},
						"3.0": {
							"post": [5.16457, 18.56962, 15.84488],
							"lerp_mode": "catmullrom"
						}
					},
					"position": {
						"0.0": {
							"post": [0.35, 0, 0.375],
							"lerp_mode": "catmullrom"
						},
						"3.0": {
							"post": [0.35, 0, 0.375],
							"lerp_mode": "catmullrom"
						}
					}
				},
				"LeftLeg": {
					"rotation": {
						"0.0": {
							"post": [0, -16.5, 0],
							"lerp_mode": "catmullrom"
						},
						"3.0": {
							"post": [0, -16.5, 0],
							"lerp_mode": "catmullrom"
						}
					},
					"position": {
						"0.0": {
							"post": [-0.55, 0, 0.3],
							"lerp_mode": "catmullrom"
						},
						"3.0": {
							"post": [-0.55, 0, 0.3],
							"lerp_mode": "catmullrom"
						}
					}
				},
				"echarpe": {
					"rotation": {
						"0.0": {
							"post": [-12.5, 0, 0],
							"lerp_mode": "catmullrom"
						},
						"1.25": {
							"post": [-17.25002, -2.99318, -9.54589],
							"lerp_mode": "catmullrom"
						},
						"1.75": {
							"post": [-17.25002, -2.99318, -9.54589],
							"lerp_mode": "catmullrom"
						},
						"3.0": {
							"post": [-12.5, 0, 0],
							"lerp_mode": "catmullrom"
						}
					},
					"position": {
						"0.0": {
							"post": [0, 0, 0.75],
							"lerp_mode": "catmullrom"
						},
						"3.0": {
							"post": [0, 0, 0.75],
							"lerp_mode": "catmullrom"
						}
					}
				},
				"bust": {
					"rotation": {
						"0.0": {
							"post": [0, 0, 0],
							"lerp_mode": "catmullrom"
						},
						"1.25": {
							"post": [-4, 0, 0],
							"lerp_mode": "catmullrom"
						},
						"1.75": {
							"post": [-4, 0, 0],
							"lerp_mode": "catmullrom"
						},
						"3.0": {
							"post": [0, 0, 0],
							"lerp_mode": "catmullrom"
						}
					}
				}
			}
		}
	}
}