{
	"format_version": "1.8.0",
	"animations": {
		"animation.cynthia.idle": {
			"loop": true,
			"animation_length": 3,
			"bones": {
				"Head": {
					"rotation": {
						"0.0": {
							"post": [0, 0, 0],
							"lerp_mode": "catmullrom"
						},
						"1.0": {
							"post": [5, 0, 0],
							"lerp_mode": "catmullrom"
						},
						"1.75": {
							"post": [5, 0, 0],
							"lerp_mode": "catmullrom"
						},
						"3.0": {
							"post": [0, 0, 0],
							"lerp_mode": "catmullrom"
						}
					}
				},
				"RightArm": {
					"rotation": {
						"0.0": {
							"post": [0, 0, -77.5],
							"lerp_mode": "catmullrom"
						},
						"1.0": {
							"post": [-10, 0, -72.5],
							"lerp_mode": "catmullrom"
						},
						"1.75": {
							"post": [-10, 0, -72.5],
							"lerp_mode": "catmullrom"
						},
						"3.0": {
							"post": [0, 0, -77.5],
							"lerp_mode": "catmullrom"
						}
					}
				},
				"RightLeg": {
					"rotation": [0, 10, 0]
				},
				"LeftLeg": {
					"rotation": [0, -17.5, 0]
				},
				"LeftArm": {
					"rotation": {
						"0.0": {
							"post": [0, 0, 80],
							"lerp_mode": "catmullrom"
						},
						"1.0": {
							"post": [-10, 0, 77.5],
							"lerp_mode": "catmullrom"
						},
						"1.75": {
							"post": [-10, 0, 77.5],
							"lerp_mode": "catmullrom"
						},
						"3.0": {
							"post": [0, 0, 80],
							"lerp_mode": "catmullrom"
						}
					}
				},
				"bust": {
					"rotation": {
						"0.0": {
							"post": [0, 0, 0],
							"lerp_mode": "catmullrom"
						},
						"1.0": {
							"post": [-3, 0, 0],
							"lerp_mode": "catmullrom"
						},
						"1.75": {
							"post": [-3, 0, 0],
							"lerp_mode": "catmullrom"
						},
						"3.0": {
							"post": [0, 0, 0],
							"lerp_mode": "catmullrom"
						}
					}
				}
			}
		}
	}
}