{
	"format_version": "1.8.0",
	"animations": {
		"animation.dressur.idle": {
			"loop": true,
			"animation_length": 3,
			"bones": {
				"Head": {
					"rotation": {
						"0.0": {
							"post": [0, 0, 0],
							"lerp_mode": "catmullrom"
						},
						"1.0": {
							"post": [-10, 0, 0],
							"lerp_mode": "catmullrom"
						},
						"1.5": {
							"post": [-10, 0, 0],
							"lerp_mode": "catmullrom"
						},
						"3.0": {
							"post": [0, 0, 0],
							"lerp_mode": "catmullrom"
						}
					}
				},
				"RightArm": {
					"rotation": {
						"0.0": {
							"post": [7.25, 3.75, 10],
							"lerp_mode": "catmullrom"
						},
						"1.0": {
							"post": [7.44642, 13.6683, 11.2923],
							"lerp_mode": "catmullrom"
						},
						"1.5": {
							"post": [7.44642, 13.6683, 11.2923],
							"lerp_mode": "catmullrom"
						},
						"3.0": {
							"post": [7.25, 3.75, 10],
							"lerp_mode": "catmullrom"
						}
					}
				},
				"LeftArm": {
					"rotation": {
						"0.0": {
							"post": [0, 0, 52.5],
							"lerp_mode": "catmullrom"
						},
						"1.0": {
							"post": [0, 12.5, 52.5],
							"lerp_mode": "catmullrom"
						},
						"1.5": {
							"post": [0, 12.5, 52.5],
							"lerp_mode": "catmullrom"
						},
						"3.0": {
							"post": [0, 0, 52.5],
							"lerp_mode": "catmullrom"
						}
					},
					"position": {
						"0.0": {
							"post": [0, -0.475, 0],
							"lerp_mode": "catmullrom"
						},
						"3.0": {
							"post": [0, -0.475, 0],
							"lerp_mode": "catmullrom"
						}
					}
				},
				"p2la": {
					"rotation": {
						"0.0": {
							"post": [-140.45318, 60.24584, -136.43569],
							"lerp_mode": "catmullrom"
						},
						"3.0": {
							"post": [-140.45318, 60.24584, -136.43569],
							"lerp_mode": "catmullrom"
						}
					}
				},
				"RightLeg": {
					"rotation": {
						"0.0": {
							"post": [0, 13.25, 0],
							"lerp_mode": "catmullrom"
						},
						"3.0": {
							"post": [0, 13.25, 0],
							"lerp_mode": "catmullrom"
						}
					},
					"position": {
						"0.0": {
							"post": [-0.5, 0, -0.825],
							"lerp_mode": "catmullrom"
						},
						"3.0": {
							"post": [-0.5, 0, -0.825],
							"lerp_mode": "catmullrom"
						}
					}
				},
				"LeftLeg": {
					"rotation": {
						"0.0": {
							"post": [1.45694, -21.2023, -4.0227],
							"lerp_mode": "catmullrom"
						},
						"3.0": {
							"post": [1.45694, -21.2023, -4.0227],
							"lerp_mode": "catmullrom"
						}
					}
				},
				"SAC": {
					"rotation": {
						"0.0": {
							"post": [0, 0, -65.75],
							"lerp_mode": "catmullrom"
						},
						"3.0": {
							"post": [0, 0, -65.75],
							"lerp_mode": "catmullrom"
						}
					},
					"position": {
						"0.0": {
							"post": [-3.2, -1.075, -0.475],
							"lerp_mode": "catmullrom"
						},
						"3.0": {
							"post": [-3.2, -1.075, -0.475],
							"lerp_mode": "catmullrom"
						}
					}
				},
				"chevueuxp": {
					"rotation": {
						"0.0": {
							"post": [37.5, 0, 0],
							"lerp_mode": "catmullrom"
						},
						"1.0": {
							"post": [50, 0, 0],
							"lerp_mode": "catmullrom"
						},
						"1.5": {
							"post": [50, 0, 0],
							"lerp_mode": "catmullrom"
						},
						"3.0": {
							"post": [37.5, 0, 0],
							"lerp_mode": "catmullrom"
						}
					}
				},
				"bust": {
					"rotation": {
						"0.0": {
							"post": [0, 0, 0],
							"lerp_mode": "catmullrom"
						},
						"1.0": {
							"post": [4.75884, 3.48796, 0.29019],
							"lerp_mode": "catmullrom"
						},
						"1.5": {
							"post": [4.75884, 3.48796, 0.29019],
							"lerp_mode": "catmullrom"
						},
						"3.0": {
							"post": [0, 0, 0],
							"lerp_mode": "catmullrom"
						}
					},
					"position": {
						"0.0": {
							"post": [0, 0, 0],
							"lerp_mode": "catmullrom"
						},
						"3.0": {
							"post": [0, 0, 0],
							"lerp_mode": "catmullrom"
						}
					}
				}
			}
		}
	}
}