{
	"format_version": "1.8.0",
	"animations": {
		"animation.joy.idle": {
			"loop": true,
			"animation_length": 3,
			"bones": {
				"Head": {
					"rotation": {
						"0.0": {
							"post": [0, 0, 0],
							"lerp_mode": "catmullrom"
						},
						"1.2917": {
							"post": [7.5, 0, 0],
							"lerp_mode": "catmullrom"
						},
						"1.875": {
							"post": [7.5, 0, 0],
							"lerp_mode": "catmullrom"
						},
						"3.0": {
							"post": [0, 0, 0],
							"lerp_mode": "catmullrom"
						}
					}
				},
				"RightArm": {
					"rotation": {
						"0.0": {
							"post": [-7.86036, 13.29786, 5.3968],
							"lerp_mode": "catmullrom"
						},
						"1.2917": {
							"post": [-0.37514, 20.79771, 5.34648],
							"lerp_mode": "catmullrom"
						},
						"1.875": {
							"post": [-0.37514, 20.79771, 5.34648],
							"lerp_mode": "catmullrom"
						},
						"3.0": {
							"post": [-7.86036, 13.29786, 5.3968],
							"lerp_mode": "catmullrom"
						}
					},
					"position": {
						"0.0": {
							"post": [0, -0.475, 0],
							"lerp_mode": "catmullrom"
						},
						"3.0": {
							"post": [0, -0.475, 0],
							"lerp_mode": "catmullrom"
						}
					}
				},
				"LeftArm": {
					"rotation": {
						"0.0": {
							"post": [-11.65426, -18.83152, -1.70686],
							"lerp_mode": "catmullrom"
						},
						"1.2917": {
							"post": [0.89314, -26.33066, -1.83002],
							"lerp_mode": "catmullrom"
						},
						"1.875": {
							"post": [0.89314, -26.33066, -1.83002],
							"lerp_mode": "catmullrom"
						},
						"3.0": {
							"post": [-11.65426, -18.83152, -1.70686],
							"lerp_mode": "catmullrom"
						}
					},
					"position": {
						"0.0": {
							"post": [0, -0.625, 0],
							"lerp_mode": "catmullrom"
						},
						"3.0": {
							"post": [0, -0.625, 0],
							"lerp_mode": "catmullrom"
						}
					}
				},
				"RightLeg": {
					"rotation": {
						"0.0": {
							"post": [0, 12.5, 0],
							"lerp_mode": "catmullrom"
						},
						"3.0": {
							"post": [0, 12.5, 0],
							"lerp_mode": "catmullrom"
						}
					}
				},
				"LeftLeg": {
					"rotation": {
						"0.0": {
							"post": [0, -17.5, 0],
							"lerp_mode": "catmullrom"
						},
						"3.0": {
							"post": [0, -17.5, 0],
							"lerp_mode": "catmullrom"
						}
					}
				},
				"bust": {
					"rotation": {
						"0.0": {
							"post": [2.5, 0, 0],
							"lerp_mode": "catmullrom"
						},
						"1.2917": {
							"post": [-2.5, 0, 0],
							"lerp_mode": "catmullrom"
						},
						"1.875": {
							"post": [-2.5, 0, 0],
							"lerp_mode": "catmullrom"
						},
						"3.0": {
							"post": [2.5, 0, 0],
							"lerp_mode": "catmullrom"
						}
					}
				}
			}
		}
	}
}