{
	"format_version": "1.8.0",
	"animations": {
		"idle": {
			"loop": true,
			"animation_length": 12,
			"bones": {
				"npc_1": {
					"rotation": {
						"0.0": {
							"post": [0, 0, 0],
							"lerp_mode": "catmullrom"
						},
						"2.0": {
							"post": [0, 0, 0],
							"lerp_mode": "catmullrom"
						},
						"4.0": {
							"post": [0, 0, 0],
							"lerp_mode": "catmullrom"
						},
						"6.0": {
							"post": [0, 0, 0],
							"lerp_mode": "catmullrom"
						},
						"8.0": {
							"post": [0, 0, 0],
							"lerp_mode": "catmullrom"
						},
						"10.0": {
							"post": [0, 0, 0],
							"lerp_mode": "catmullrom"
						},
						"12.0": {
							"post": [0, 0, 0],
							"lerp_mode": "catmullrom"
						}
					},
					"position": {
						"0.0": {
							"post": [0, 0, 0],
							"lerp_mode": "catmullrom"
						},
						"2.0": {
							"post": [0, 0, 0],
							"lerp_mode": "catmullrom"
						},
						"4.0": {
							"post": [0, 0, 0],
							"lerp_mode": "catmullrom"
						},
						"6.0": {
							"post": [0, 0, 0],
							"lerp_mode": "catmullrom"
						},
						"8.0": {
							"post": [0, 0, 0],
							"lerp_mode": "catmullrom"
						},
						"10.0": {
							"post": [0, 0, 0],
							"lerp_mode": "catmullrom"
						},
						"12.0": {
							"post": [0, 0, 0],
							"lerp_mode": "catmullrom"
						}
					},
					"scale": {
						"0.0": {
							"post": [1, 1, 1],
							"lerp_mode": "catmullrom"
						},
						"2.0": {
							"post": [1, 1, 1],
							"lerp_mode": "catmullrom"
						},
						"4.0": {
							"post": [1, 1, 1],
							"lerp_mode": "catmullrom"
						},
						"6.0": {
							"post": [1, 1, 1],
							"lerp_mode": "catmullrom"
						},
						"8.0": {
							"post": [1, 1, 1],
							"lerp_mode": "catmullrom"
						},
						"10.0": {
							"post": [1, 1, 1],
							"lerp_mode": "catmullrom"
						},
						"12.0": {
							"post": [1, 1, 1],
							"lerp_mode": "catmullrom"
						}
					}
				},
				"left_leg": {
					"rotation": {
						"0.0": {
							"post": [7.52832, 4.95712, 3.15426],
							"lerp_mode": "catmullrom"
						},
						"12.0": {
							"post": [7.52832, 4.95712, 3.15426],
							"lerp_mode": "catmullrom"
						}
					},
					"position": {
						"0.0": {
							"post": [0.07165, -0.04331, -0.30494],
							"lerp_mode": "catmullrom"
						},
						"12.0": {
							"post": [0.07165, -0.04331, -0.30494],
							"lerp_mode": "catmullrom"
						}
					},
					"scale": {
						"0.0": {
							"post": [1, 1, 1],
							"lerp_mode": "catmullrom"
						},
						"12.0": {
							"post": [1, 1, 1],
							"lerp_mode": "catmullrom"
						}
					}
				},
				"right_leg": {
					"rotation": {
						"0.0": {
							"post": [-7.5, 0, -5],
							"lerp_mode": "catmullrom"
						},
						"12.0": {
							"post": [-7.5, 0, -5],
							"lerp_mode": "catmullrom"
						}
					},
					"position": {
						"0.0": {
							"post": [-0.00796, 0.09102, -0.69401],
							"lerp_mode": "catmullrom"
						},
						"12.0": {
							"post": [-0.00796, 0.09102, -0.69401],
							"lerp_mode": "catmullrom"
						}
					},
					"scale": {
						"0.0": {
							"post": [1, 1, 1],
							"lerp_mode": "catmullrom"
						},
						"12.0": {
							"post": [1, 1, 1],
							"lerp_mode": "catmullrom"
						}
					}
				},
				"body": {
					"rotation": {
						"0.0": {
							"post": [0, -7.5, 0],
							"lerp_mode": "catmullrom"
						},
						"2.0": {
							"post": [0, -7.5, 0],
							"lerp_mode": "catmullrom"
						},
						"2.625": {
							"post": [-2.5, -7.5, 0],
							"lerp_mode": "catmullrom"
						},
						"3.25": {
							"post": [-2.79962, -7.38498, 2.51857],
							"lerp_mode": "catmullrom"
						},
						"3.9167": {
							"post": [2.6467, -7.49636, -0.03511],
							"lerp_mode": "catmullrom"
						},
						"4.5417": {
							"post": [0, -7.5, 0],
							"lerp_mode": "catmullrom"
						},
						"7.5833": {
							"post": [0, -7.5, 0],
							"lerp_mode": "catmullrom"
						},
						"8.0": {
							"post": [2.5, -7.5, 0],
							"lerp_mode": "catmullrom"
						},
						"8.5": {
							"post": [-2.47213, -7.64283, -0.6064],
							"lerp_mode": "catmullrom"
						},
						"9.0833": {
							"post": [-2.55579, -2.52943, 1.7169],
							"lerp_mode": "catmullrom"
						},
						"9.7083": {
							"post": [2.99708, -3.10753, -0.91669],
							"lerp_mode": "catmullrom"
						},
						"10.375": {
							"post": [0.16059, -4.23816, -0.88216],
							"lerp_mode": "catmullrom"
						},
						"10.7917": {
							"post": [0, -7.5, 0],
							"lerp_mode": "catmullrom"
						},
						"12.0": {
							"post": [0, -7.5, 0],
							"lerp_mode": "catmullrom"
						}
					},
					"position": {
						"0.0": {
							"post": [0, 0, 0],
							"lerp_mode": "catmullrom"
						},
						"1.0": {
							"post": [0, -0.4, 0],
							"lerp_mode": "catmullrom"
						},
						"2.0": {
							"post": [0, 0, 0],
							"lerp_mode": "catmullrom"
						},
						"3.0": {
							"post": [0, -0.4, 0],
							"lerp_mode": "catmullrom"
						},
						"4.0": {
							"post": [0, 0, 0],
							"lerp_mode": "catmullrom"
						},
						"5.0": {
							"post": [0, -0.4, 0],
							"lerp_mode": "catmullrom"
						},
						"6.0": {
							"post": [0, 0, 0],
							"lerp_mode": "catmullrom"
						},
						"7.0": {
							"post": [0, -0.4, 0],
							"lerp_mode": "catmullrom"
						},
						"8.0": {
							"post": [0, 0, 0],
							"lerp_mode": "catmullrom"
						},
						"9.0": {
							"post": [0, -0.4, 0],
							"lerp_mode": "catmullrom"
						},
						"10.0": {
							"post": [0, 0, 0],
							"lerp_mode": "catmullrom"
						},
						"11.0": {
							"post": [0, -0.4, 0],
							"lerp_mode": "catmullrom"
						},
						"12.0": {
							"post": [0, 0, 0],
							"lerp_mode": "catmullrom"
						}
					},
					"scale": {
						"0.0": {
							"post": [1, 1, 1],
							"lerp_mode": "catmullrom"
						},
						"2.0": {
							"post": [1, 1, 1],
							"lerp_mode": "catmullrom"
						},
						"4.0": {
							"post": [1, 1, 1],
							"lerp_mode": "catmullrom"
						},
						"6.0": {
							"post": [1, 1, 1],
							"lerp_mode": "catmullrom"
						},
						"8.0": {
							"post": [1, 1, 1],
							"lerp_mode": "catmullrom"
						},
						"10.0": {
							"post": [1, 1, 1],
							"lerp_mode": "catmullrom"
						},
						"12.0": {
							"post": [1, 1, 1],
							"lerp_mode": "catmullrom"
						}
					}
				},
				"right_arm": {
					"rotation": {
						"0.0": {
							"post": [-22.11771, -13.34855, -24.26701],
							"lerp_mode": "catmullrom"
						},
						"2.0": {
							"post": [-22.11771, -13.34855, -24.26701],
							"lerp_mode": "catmullrom"
						},
						"2.3333": {
							"post": [-31.26814, -8.27165, -15.49247],
							"lerp_mode": "catmullrom"
						},
						"2.6667": {
							"post": [-24.2581, -5.42918, -8.9152],
							"lerp_mode": "catmullrom"
						},
						"3.0417": {
							"post": [-32.64581, -8.91148, -16.45316],
							"lerp_mode": "catmullrom"
						},
						"3.375": {
							"post": [-28.50219, -7.86453, -14.84903],
							"lerp_mode": "catmullrom"
						},
						"3.75": {
							"post": [-23.69895, -6.42983, -10.68492],
							"lerp_mode": "catmullrom"
						},
						"4.0833": {
							"post": [-22.11771, -13.34855, -24.26701],
							"lerp_mode": "catmullrom"
						},
						"7.4167": {
							"post": [-22.11771, -13.34855, -24.26701],
							"lerp_mode": "catmullrom"
						},
						"7.8333": {
							"post": [-34.49528, -0.8789, -5.35263],
							"lerp_mode": "catmullrom"
						},
						"8.2917": {
							"post": [-24.43979, -1.91448, -7.62877],
							"lerp_mode": "catmullrom"
						},
						"8.6667": {
							"post": [-39.48273, 1.19478, -0.80266],
							"lerp_mode": "catmullrom"
						},
						"9.0833": {
							"post": [-34.50024, -0.22108, -2.86321],
							"lerp_mode": "catmullrom"
						},
						"9.5": {
							"post": [-39.48273, 1.19478, -0.80266],
							"lerp_mode": "catmullrom"
						},
						"10.0": {
							"post": [-11.61991, 5.94936, 5.01067],
							"lerp_mode": "catmullrom"
						},
						"10.4583": {
							"post": [-16.61991, 5.94936, 5.01067],
							"lerp_mode": "catmullrom"
						},
						"10.75": {
							"post": [-14.91663, 3.43643, -4.70187],
							"lerp_mode": "catmullrom"
						},
						"11.375": {
							"post": [-9.84346, 11.76956, 32.23108],
							"lerp_mode": "catmullrom"
						},
						"12.0": {
							"post": [-22.11771, -13.34855, -24.26701],
							"lerp_mode": "catmullrom"
						}
					},
					"position": {
						"0.0": {
							"post": [-0.16606, -0.1955, -0.32281],
							"lerp_mode": "catmullrom"
						},
						"2.0": {
							"post": [-0.16606, -0.1955, -0.32281],
							"lerp_mode": "catmullrom"
						},
						"4.0833": {
							"post": [-0.16606, -0.1955, -0.32281],
							"lerp_mode": "catmullrom"
						},
						"7.4167": {
							"post": [-0.16606, -0.1955, -0.32281],
							"lerp_mode": "catmullrom"
						},
						"12.0": {
							"post": [-0.16606, -0.1955, -0.32281],
							"lerp_mode": "catmullrom"
						}
					},
					"scale": {
						"0.0": {
							"post": [1, 1, 1],
							"lerp_mode": "catmullrom"
						},
						"2.0": {
							"post": [1, 1, 1],
							"lerp_mode": "catmullrom"
						},
						"4.0833": {
							"post": [1, 1, 1],
							"lerp_mode": "catmullrom"
						},
						"7.4167": {
							"post": [1, 1, 1],
							"lerp_mode": "catmullrom"
						},
						"12.0": {
							"post": [1, 1, 1],
							"lerp_mode": "catmullrom"
						}
					}
				},
				"h_head": {
					"relative_to": {
						"rotation": "entity"
					},
					"rotation": {
						"0.0": {
							"post": [0, 0, 0],
							"lerp_mode": "catmullrom"
						},
						"0.5": {
							"post": [4.39247, 0, 0],
							"lerp_mode": "catmullrom"
						},
						"0.875": {
							"post": [0.73568, 0, 0],
							"lerp_mode": "catmullrom"
						},
						"2.0417": {
							"post": [-2.5, 0, 0],
							"lerp_mode": "catmullrom"
						},
						"2.2917": {
							"post": [2.5, 0, 0],
							"lerp_mode": "catmullrom"
						},
						"2.6667": {
							"post": [0, 0, 0],
							"lerp_mode": "catmullrom"
						},
						"2.9167": {
							"post": [2.5, 0, 0],
							"lerp_mode": "catmullrom"
						},
						"3.2083": {
							"post": [-2.5, 0, 0],
							"lerp_mode": "catmullrom"
						},
						"3.4583": {
							"post": [2.5, 0, 0],
							"lerp_mode": "catmullrom"
						},
						"3.7917": {
							"post": [0, 0, 0],
							"lerp_mode": "catmullrom"
						},
						"4.7917": {
							"post": [-7.59492, 4.99994, -0.00053],
							"lerp_mode": "catmullrom"
						},
						"5.9167": {
							"post": [-10.37475, -11.35031, 1.01224],
							"lerp_mode": "catmullrom"
						},
						"7.0833": {
							"post": [6.66475, -6.91697, -0.83868],
							"lerp_mode": "catmullrom"
						},
						"7.75": {
							"post": [0, 0, 0],
							"lerp_mode": "catmullrom"
						},
						"8.0": {
							"post": [-2.5, 0, 0],
							"lerp_mode": "catmullrom"
						},
						"8.25": {
							"post": [2.5, 0, 0],
							"lerp_mode": "catmullrom"
						},
						"8.625": {
							"post": [0, 0, 0],
							"lerp_mode": "catmullrom"
						},
						"8.875": {
							"post": [2.5, 0, 0],
							"lerp_mode": "catmullrom"
						},
						"9.1667": {
							"post": [-2.5, 0, 0],
							"lerp_mode": "catmullrom"
						},
						"9.4167": {
							"post": [2.5, 0, 0],
							"lerp_mode": "catmullrom"
						},
						"9.75": {
							"post": [0, 0, 0],
							"lerp_mode": "catmullrom"
						},
						"10.0": {
							"post": [-2.5, 0, 0],
							"lerp_mode": "catmullrom"
						},
						"10.25": {
							"post": [2.5, 0, 0],
							"lerp_mode": "catmullrom"
						},
						"10.625": {
							"post": [0, 0, 0],
							"lerp_mode": "catmullrom"
						},
						"10.875": {
							"post": [2.5, 0, 0],
							"lerp_mode": "catmullrom"
						},
						"11.1667": {
							"post": [-2.5, 0, 0],
							"lerp_mode": "catmullrom"
						},
						"11.4167": {
							"post": [2.5, 0, 0],
							"lerp_mode": "catmullrom"
						},
						"11.75": {
							"post": [0, 0, 0],
							"lerp_mode": "catmullrom"
						},
						"12.0": {
							"post": [0, 0, 0],
							"lerp_mode": "catmullrom"
						}
					},
					"position": {
						"0.0": {
							"post": [0, 0.1, 0],
							"lerp_mode": "catmullrom"
						},
						"2.0417": {
							"post": [0, -0.29952, -0.01963],
							"lerp_mode": "catmullrom"
						},
						"2.2083": {
							"post": [0, 0.1, 0],
							"lerp_mode": "catmullrom"
						},
						"2.4583": {
							"post": [0, -0.29952, -0.01963],
							"lerp_mode": "catmullrom"
						},
						"2.625": {
							"post": [0, 0.1, 0],
							"lerp_mode": "catmullrom"
						},
						"2.7917": {
							"post": [0, -0.29952, -0.01963],
							"lerp_mode": "catmullrom"
						},
						"3.0": {
							"post": [0, 0.1, 0],
							"lerp_mode": "catmullrom"
						},
						"3.1667": {
							"post": [0, -0.29952, -0.01963],
							"lerp_mode": "catmullrom"
						},
						"3.3333": {
							"post": [0, 0.1, 0],
							"lerp_mode": "catmullrom"
						},
						"3.5": {
							"post": [0, -0.29952, -0.01963],
							"lerp_mode": "catmullrom"
						},
						"3.6667": {
							"post": [0, 0.1, 0],
							"lerp_mode": "catmullrom"
						},
						"3.7917": {
							"post": [0, 0.1, 0],
							"lerp_mode": "catmullrom"
						},
						"7.75": {
							"post": [0, 0.1, 0],
							"lerp_mode": "catmullrom"
						},
						"8.0": {
							"post": [0, -0.29952, -0.01963],
							"lerp_mode": "catmullrom"
						},
						"8.1667": {
							"post": [0, 0.1, 0],
							"lerp_mode": "catmullrom"
						},
						"8.4167": {
							"post": [0, -0.29952, -0.01963],
							"lerp_mode": "catmullrom"
						},
						"8.5833": {
							"post": [0, 0.1, 0],
							"lerp_mode": "catmullrom"
						},
						"8.75": {
							"post": [0, -0.29952, -0.01963],
							"lerp_mode": "catmullrom"
						},
						"8.9583": {
							"post": [0, 0.1, 0],
							"lerp_mode": "catmullrom"
						},
						"9.125": {
							"post": [0, -0.29952, -0.01963],
							"lerp_mode": "catmullrom"
						},
						"9.2917": {
							"post": [0, 0.1, 0],
							"lerp_mode": "catmullrom"
						},
						"9.4583": {
							"post": [0, -0.29952, -0.01963],
							"lerp_mode": "catmullrom"
						},
						"9.625": {
							"post": [0, 0.1, 0],
							"lerp_mode": "catmullrom"
						},
						"9.75": {
							"post": [0, 0.1, 0],
							"lerp_mode": "catmullrom"
						},
						"10.0": {
							"post": [0, -0.29952, -0.01963],
							"lerp_mode": "catmullrom"
						},
						"10.1667": {
							"post": [0, 0.1, 0],
							"lerp_mode": "catmullrom"
						},
						"10.4167": {
							"post": [0, -0.29952, -0.01963],
							"lerp_mode": "catmullrom"
						},
						"10.5833": {
							"post": [0, 0.1, 0],
							"lerp_mode": "catmullrom"
						},
						"10.75": {
							"post": [0, -0.29952, -0.01963],
							"lerp_mode": "catmullrom"
						},
						"10.9583": {
							"post": [0, 0.1, 0],
							"lerp_mode": "catmullrom"
						},
						"11.125": {
							"post": [0, -0.29952, -0.01963],
							"lerp_mode": "catmullrom"
						},
						"11.2917": {
							"post": [0, 0.1, 0],
							"lerp_mode": "catmullrom"
						},
						"11.4583": {
							"post": [0, -0.29952, -0.01963],
							"lerp_mode": "catmullrom"
						},
						"11.625": {
							"post": [0, 0.1, 0],
							"lerp_mode": "catmullrom"
						},
						"11.75": {
							"post": [0, 0.1, 0],
							"lerp_mode": "catmullrom"
						},
						"12.0": {
							"post": [0, 0.1, 0],
							"lerp_mode": "catmullrom"
						}
					},
					"scale": {
						"0.0": {
							"post": [1, 1, 1],
							"lerp_mode": "catmullrom"
						},
						"2.0417": {
							"post": [1, 1, 1],
							"lerp_mode": "catmullrom"
						},
						"2.2083": {
							"post": [1, 1, 1],
							"lerp_mode": "catmullrom"
						},
						"2.4583": {
							"post": [1, 1.06, 1],
							"lerp_mode": "catmullrom"
						},
						"2.625": {
							"post": [1, 1, 1],
							"lerp_mode": "catmullrom"
						},
						"2.7917": {
							"post": [1, 1.06, 1],
							"lerp_mode": "catmullrom"
						},
						"3.0": {
							"post": [1, 1, 1],
							"lerp_mode": "catmullrom"
						},
						"3.1667": {
							"post": [1, 1.06, 1],
							"lerp_mode": "catmullrom"
						},
						"3.3333": {
							"post": [1, 1, 1],
							"lerp_mode": "catmullrom"
						},
						"3.5": {
							"post": [1, 1.06, 1],
							"lerp_mode": "catmullrom"
						},
						"3.6667": {
							"post": [1, 1, 1],
							"lerp_mode": "catmullrom"
						},
						"3.7917": {
							"post": [1, 1, 1],
							"lerp_mode": "catmullrom"
						},
						"7.75": {
							"post": [1, 1, 1],
							"lerp_mode": "catmullrom"
						},
						"8.0": {
							"post": [1, 1.06, 1],
							"lerp_mode": "catmullrom"
						},
						"8.1667": {
							"post": [1, 1, 1],
							"lerp_mode": "catmullrom"
						},
						"8.4167": {
							"post": [1, 1.06, 1],
							"lerp_mode": "catmullrom"
						},
						"8.5833": {
							"post": [1, 1, 1],
							"lerp_mode": "catmullrom"
						},
						"8.75": {
							"post": [1, 1.06, 1],
							"lerp_mode": "catmullrom"
						},
						"8.9583": {
							"post": [1, 1, 1],
							"lerp_mode": "catmullrom"
						},
						"9.125": {
							"post": [1, 1.06, 1],
							"lerp_mode": "catmullrom"
						},
						"9.2917": {
							"post": [1, 1, 1],
							"lerp_mode": "catmullrom"
						},
						"9.4583": {
							"post": [1, 1.06, 1],
							"lerp_mode": "catmullrom"
						},
						"9.625": {
							"post": [1, 1, 1],
							"lerp_mode": "catmullrom"
						},
						"9.75": {
							"post": [1, 1, 1],
							"lerp_mode": "catmullrom"
						},
						"10.0": {
							"post": [1, 1.06, 1],
							"lerp_mode": "catmullrom"
						},
						"10.1667": {
							"post": [1, 1, 1],
							"lerp_mode": "catmullrom"
						},
						"10.4167": {
							"post": [1, 1.06, 1],
							"lerp_mode": "catmullrom"
						},
						"10.5833": {
							"post": [1, 1, 1],
							"lerp_mode": "catmullrom"
						},
						"10.75": {
							"post": [1, 1.06, 1],
							"lerp_mode": "catmullrom"
						},
						"10.9583": {
							"post": [1, 1, 1],
							"lerp_mode": "catmullrom"
						},
						"11.125": {
							"post": [1, 1.06, 1],
							"lerp_mode": "catmullrom"
						},
						"11.2917": {
							"post": [1, 1, 1],
							"lerp_mode": "catmullrom"
						},
						"11.4583": {
							"post": [1, 1.06, 1],
							"lerp_mode": "catmullrom"
						},
						"11.625": {
							"post": [1, 1, 1],
							"lerp_mode": "catmullrom"
						},
						"11.75": {
							"post": [1, 1, 1],
							"lerp_mode": "catmullrom"
						},
						"12.0": {
							"post": [1, 1, 1],
							"lerp_mode": "catmullrom"
						}
					}
				},
				"left_arm": {
					"rotation": {
						"0.0": {
							"post": [-22.11771, 13.34855, 24.26701],
							"lerp_mode": "catmullrom"
						},
						"7.4167": {
							"post": [-22.11771, 13.34855, 24.26701],
							"lerp_mode": "catmullrom"
						},
						"7.8333": {
							"post": [-34.49528, 0.8789, 5.35263],
							"lerp_mode": "catmullrom"
						},
						"8.2917": {
							"post": [-24.43979, 1.91448, 7.62877],
							"lerp_mode": "catmullrom"
						},
						"8.6667": {
							"post": [-39.48273, -1.19478, 0.80266],
							"lerp_mode": "catmullrom"
						},
						"9.0833": {
							"post": [-34.50024, 0.22108, 2.86321],
							"lerp_mode": "catmullrom"
						},
						"9.5": {
							"post": [-39.48273, -1.19478, 0.80266],
							"lerp_mode": "catmullrom"
						},
						"10.0": {
							"post": [-11.61991, -5.94936, -5.01067],
							"lerp_mode": "catmullrom"
						},
						"10.4583": {
							"post": [-16.61991, -5.94936, -5.01067],
							"lerp_mode": "catmullrom"
						},
						"10.75": {
							"post": [-14.91663, -3.43643, 4.70187],
							"lerp_mode": "catmullrom"
						},
						"11.375": {
							"post": [-9.84346, -11.76956, -32.23108],
							"lerp_mode": "catmullrom"
						},
						"12.0": {
							"post": [-22.11771, 13.34855, 24.26701],
							"lerp_mode": "catmullrom"
						}
					},
					"position": {
						"0.0": {
							"post": [0.16606, -0.1955, -0.32281],
							"lerp_mode": "catmullrom"
						},
						"7.4167": {
							"post": [0.16606, -0.1955, -0.32281],
							"lerp_mode": "catmullrom"
						},
						"12.0": {
							"post": [0.16606, -0.1955, -0.32281],
							"lerp_mode": "catmullrom"
						}
					},
					"scale": {
						"0.0": {
							"post": [1, 1, 1],
							"lerp_mode": "catmullrom"
						}
					}
				},
				"hitbox": {
					"rotation": {
						"0.0": {
							"post": [0, 0, 0],
							"lerp_mode": "catmullrom"
						},
						"2.0": {
							"post": [0, 0, 0],
							"lerp_mode": "catmullrom"
						},
						"4.0": {
							"post": [0, 0, 0],
							"lerp_mode": "catmullrom"
						},
						"6.0": {
							"post": [0, 0, 0],
							"lerp_mode": "catmullrom"
						},
						"8.0": {
							"post": [0, 0, 0],
							"lerp_mode": "catmullrom"
						},
						"10.0": {
							"post": [0, 0, 0],
							"lerp_mode": "catmullrom"
						},
						"12.0": {
							"post": [0, 0, 0],
							"lerp_mode": "catmullrom"
						}
					},
					"position": {
						"0.0": {
							"post": [0, 0, 0],
							"lerp_mode": "catmullrom"
						},
						"2.0": {
							"post": [0, 0, 0],
							"lerp_mode": "catmullrom"
						},
						"4.0": {
							"post": [0, 0, 0],
							"lerp_mode": "catmullrom"
						},
						"6.0": {
							"post": [0, 0, 0],
							"lerp_mode": "catmullrom"
						},
						"8.0": {
							"post": [0, 0, 0],
							"lerp_mode": "catmullrom"
						},
						"10.0": {
							"post": [0, 0, 0],
							"lerp_mode": "catmullrom"
						},
						"12.0": {
							"post": [0, 0, 0],
							"lerp_mode": "catmullrom"
						}
					},
					"scale": {
						"0.0": {
							"post": [1, 1, 1],
							"lerp_mode": "catmullrom"
						},
						"2.0": {
							"post": [1, 1, 1],
							"lerp_mode": "catmullrom"
						},
						"4.0": {
							"post": [1, 1, 1],
							"lerp_mode": "catmullrom"
						},
						"6.0": {
							"post": [1, 1, 1],
							"lerp_mode": "catmullrom"
						},
						"8.0": {
							"post": [1, 1, 1],
							"lerp_mode": "catmullrom"
						},
						"10.0": {
							"post": [1, 1, 1],
							"lerp_mode": "catmullrom"
						},
						"12.0": {
							"post": [1, 1, 1],
							"lerp_mode": "catmullrom"
						}
					}
				}
			}
		}
	}
}