{
	"format_version": "1.8.0",
	"animations": {
		"idle": {
			"loop": true,
			"animation_length": 12,
			"bones": {
				"npc_1": {
					"rotation": {
						"0.0": {
							"post": [0, 0, 0],
							"lerp_mode": "catmullrom"
						}
					},
					"position": {
						"0.0": {
							"post": [0, 0, 0],
							"lerp_mode": "catmullrom"
						}
					},
					"scale": {
						"0.0": {
							"post": [1, 1, 1],
							"lerp_mode": "catmullrom"
						}
					}
				},
				"left_leg": {
					"rotation": {
						"0.0": {
							"post": [0, 0, -2.5],
							"lerp_mode": "catmullrom"
						}
					},
					"position": {
						"0.0": {
							"post": [0, 0, 0],
							"lerp_mode": "catmullrom"
						}
					},
					"scale": {
						"0.0": {
							"post": [1, 1, 1],
							"lerp_mode": "catmullrom"
						}
					}
				},
				"right_leg": {
					"rotation": {
						"0.0": {
							"post": [27.65709, 7.37178, 2.86435],
							"lerp_mode": "catmullrom"
						}
					},
					"position": {
						"0.0": {
							"post": [-0.39565, 1.63611, -2.12107],
							"lerp_mode": "catmullrom"
						}
					},
					"scale": {
						"0.0": {
							"post": [1, 1, 1],
							"lerp_mode": "catmullrom"
						}
					}
				},
				"body": {
					"rotation": {
						"0.0": {
							"post": [-5.07673, -9.96156, 0.88045],
							"lerp_mode": "catmullrom"
						}
					},
					"position": {
						"0.0": {
							"post": [0, 0, 0],
							"lerp_mode": "catmullrom"
						},
						"1.0": {
							"post": [0, -0.4, 0],
							"lerp_mode": "catmullrom"
						},
						"2.0": {
							"post": [0, 0, 0],
							"lerp_mode": "catmullrom"
						},
						"3.0": {
							"post": [0, -0.4, 0],
							"lerp_mode": "catmullrom"
						},
						"4.0": {
							"post": [0, 0, 0],
							"lerp_mode": "catmullrom"
						},
						"5.0": {
							"post": [0, -0.4, 0],
							"lerp_mode": "catmullrom"
						},
						"6.0": {
							"post": [0, 0, 0],
							"lerp_mode": "catmullrom"
						},
						"7.0": {
							"post": [0, -0.4, 0],
							"lerp_mode": "catmullrom"
						},
						"8.0": {
							"post": [0, 0, 0],
							"lerp_mode": "catmullrom"
						},
						"9.0": {
							"post": [0, -0.4, 0],
							"lerp_mode": "catmullrom"
						},
						"10.0": {
							"post": [0, 0, 0],
							"lerp_mode": "catmullrom"
						},
						"11.0": {
							"post": [0, -0.4, 0],
							"lerp_mode": "catmullrom"
						},
						"12.0": {
							"post": [0, 0, 0],
							"lerp_mode": "catmullrom"
						}
					},
					"scale": {
						"0.0": {
							"post": [1, 1, 1],
							"lerp_mode": "catmullrom"
						},
						"2.0": {
							"post": [1, 1, 1],
							"lerp_mode": "catmullrom"
						},
						"4.0": {
							"post": [1, 1, 1],
							"lerp_mode": "catmullrom"
						},
						"6.0": {
							"post": [1, 1, 1],
							"lerp_mode": "catmullrom"
						},
						"8.0": {
							"post": [1, 1, 1],
							"lerp_mode": "catmullrom"
						},
						"10.0": {
							"post": [1, 1, 1],
							"lerp_mode": "catmullrom"
						},
						"12.0": {
							"post": [1, 1, 1],
							"lerp_mode": "catmullrom"
						}
					}
				},
				"right_arm": {
					"rotation": {
						"0.0": {
							"post": [2.55553, -77.42669, -73.39394],
							"lerp_mode": "catmullrom"
						}
					},
					"position": {
						"0.0": {
							"post": [0.48041, -1.35449, -1.09126],
							"lerp_mode": "catmullrom"
						}
					},
					"scale": {
						"0.0": {
							"post": [1, 1, 1],
							"lerp_mode": "catmullrom"
						}
					}
				},
				"h_head": {
					"relative_to": {
						"rotation": "entity"
					},
					"rotation": {
						"0.0": {
							"post": [0, 0, 0],
							"lerp_mode": "catmullrom"
						},
						"0.25": {
							"post": [-2.5, 0, 0],
							"lerp_mode": "catmullrom"
						},
						"0.5": {
							"post": [2.5, 0, 0],
							"lerp_mode": "catmullrom"
						},
						"0.875": {
							"post": [0, 0, 0],
							"lerp_mode": "catmullrom"
						},
						"1.125": {
							"post": [2.5, 0, 0],
							"lerp_mode": "catmullrom"
						},
						"1.4167": {
							"post": [-2.5, 0, 0],
							"lerp_mode": "catmullrom"
						},
						"1.6667": {
							"post": [2.5, 0, 0],
							"lerp_mode": "catmullrom"
						},
						"2.0": {
							"post": [0, 0, 0],
							"lerp_mode": "catmullrom"
						},
						"4.0": {
							"post": [0, 0, 0],
							"lerp_mode": "catmullrom"
						},
						"4.25": {
							"post": [-2.5, 0, 0],
							"lerp_mode": "catmullrom"
						},
						"4.5": {
							"post": [2.5, 0, 0],
							"lerp_mode": "catmullrom"
						},
						"4.875": {
							"post": [0, 0, 0],
							"lerp_mode": "catmullrom"
						},
						"5.125": {
							"post": [2.5, 0, 0],
							"lerp_mode": "catmullrom"
						},
						"5.4167": {
							"post": [-2.5, 0, 0],
							"lerp_mode": "catmullrom"
						},
						"5.6667": {
							"post": [2.5, 0, 0],
							"lerp_mode": "catmullrom"
						},
						"6.0": {
							"post": [0, 0, 0],
							"lerp_mode": "catmullrom"
						},
						"6.25": {
							"post": [-2.5, 0, 0],
							"lerp_mode": "catmullrom"
						},
						"6.5": {
							"post": [2.5, 0, 0],
							"lerp_mode": "catmullrom"
						},
						"6.875": {
							"post": [0, 0, 0],
							"lerp_mode": "catmullrom"
						},
						"7.125": {
							"post": [2.5, 0, 0],
							"lerp_mode": "catmullrom"
						},
						"7.4167": {
							"post": [-2.5, 0, 0],
							"lerp_mode": "catmullrom"
						},
						"7.6667": {
							"post": [2.5, 0, 0],
							"lerp_mode": "catmullrom"
						},
						"8.0": {
							"post": [0, 0, 0],
							"lerp_mode": "catmullrom"
						},
						"10.0": {
							"post": [0, 0, 0],
							"lerp_mode": "catmullrom"
						},
						"12.0": {
							"post": [0, 0, 0],
							"lerp_mode": "catmullrom"
						}
					},
					"position": {
						"0.0": {
							"post": [0, 0.1, 0],
							"lerp_mode": "catmullrom"
						},
						"0.25": {
							"post": [0, -0.29952, -0.01963],
							"lerp_mode": "catmullrom"
						},
						"0.4167": {
							"post": [0, 0.1, 0],
							"lerp_mode": "catmullrom"
						},
						"0.6667": {
							"post": [0, -0.29952, -0.01963],
							"lerp_mode": "catmullrom"
						},
						"0.8333": {
							"post": [0, 0.1, 0],
							"lerp_mode": "catmullrom"
						},
						"1.0": {
							"post": [0, -0.29952, -0.01963],
							"lerp_mode": "catmullrom"
						},
						"1.2083": {
							"post": [0, 0.1, 0],
							"lerp_mode": "catmullrom"
						},
						"1.375": {
							"post": [0, -0.29952, -0.01963],
							"lerp_mode": "catmullrom"
						},
						"1.5417": {
							"post": [0, 0.1, 0],
							"lerp_mode": "catmullrom"
						},
						"1.7083": {
							"post": [0, -0.29952, -0.01963],
							"lerp_mode": "catmullrom"
						},
						"1.875": {
							"post": [0, 0.1, 0],
							"lerp_mode": "catmullrom"
						},
						"2.0": {
							"post": [0, 0.1, 0],
							"lerp_mode": "catmullrom"
						},
						"4.0": {
							"post": [0, 0.1, 0],
							"lerp_mode": "catmullrom"
						},
						"4.25": {
							"post": [0, -0.29952, -0.01963],
							"lerp_mode": "catmullrom"
						},
						"4.4167": {
							"post": [0, 0.1, 0],
							"lerp_mode": "catmullrom"
						},
						"4.6667": {
							"post": [0, -0.29952, -0.01963],
							"lerp_mode": "catmullrom"
						},
						"4.8333": {
							"post": [0, 0.1, 0],
							"lerp_mode": "catmullrom"
						},
						"5.0": {
							"post": [0, -0.29952, -0.01963],
							"lerp_mode": "catmullrom"
						},
						"5.2083": {
							"post": [0, 0.1, 0],
							"lerp_mode": "catmullrom"
						},
						"5.375": {
							"post": [0, -0.29952, -0.01963],
							"lerp_mode": "catmullrom"
						},
						"5.5417": {
							"post": [0, 0.1, 0],
							"lerp_mode": "catmullrom"
						},
						"5.7083": {
							"post": [0, -0.29952, -0.01963],
							"lerp_mode": "catmullrom"
						},
						"5.875": {
							"post": [0, 0.1, 0],
							"lerp_mode": "catmullrom"
						},
						"6.0": {
							"post": [0, 0.1, 0],
							"lerp_mode": "catmullrom"
						},
						"6.25": {
							"post": [0, -0.29952, -0.01963],
							"lerp_mode": "catmullrom"
						},
						"6.4167": {
							"post": [0, 0.1, 0],
							"lerp_mode": "catmullrom"
						},
						"6.6667": {
							"post": [0, -0.29952, -0.01963],
							"lerp_mode": "catmullrom"
						},
						"6.8333": {
							"post": [0, 0.1, 0],
							"lerp_mode": "catmullrom"
						},
						"7.0": {
							"post": [0, -0.29952, -0.01963],
							"lerp_mode": "catmullrom"
						},
						"7.2083": {
							"post": [0, 0.1, 0],
							"lerp_mode": "catmullrom"
						},
						"7.375": {
							"post": [0, -0.29952, -0.01963],
							"lerp_mode": "catmullrom"
						},
						"7.5417": {
							"post": [0, 0.1, 0],
							"lerp_mode": "catmullrom"
						},
						"7.7083": {
							"post": [0, -0.29952, -0.01963],
							"lerp_mode": "catmullrom"
						},
						"7.875": {
							"post": [0, 0.1, 0],
							"lerp_mode": "catmullrom"
						},
						"8.0": {
							"post": [0, 0.1, 0],
							"lerp_mode": "catmullrom"
						},
						"10.0": {
							"post": [0, 0.1, 0],
							"lerp_mode": "catmullrom"
						},
						"12.0": {
							"post": [0, 0.1, 0],
							"lerp_mode": "catmullrom"
						}
					},
					"scale": {
						"0.0": {
							"post": [1, 1, 1],
							"lerp_mode": "catmullrom"
						},
						"0.25": {
							"post": [1, 1.06, 1],
							"lerp_mode": "catmullrom"
						},
						"0.4167": {
							"post": [1, 1, 1],
							"lerp_mode": "catmullrom"
						},
						"0.6667": {
							"post": [1, 1.06, 1],
							"lerp_mode": "catmullrom"
						},
						"0.8333": {
							"post": [1, 1, 1],
							"lerp_mode": "catmullrom"
						},
						"1.0": {
							"post": [1, 1.06, 1],
							"lerp_mode": "catmullrom"
						},
						"1.2083": {
							"post": [1, 1, 1],
							"lerp_mode": "catmullrom"
						},
						"1.375": {
							"post": [1, 1.06, 1],
							"lerp_mode": "catmullrom"
						},
						"1.5417": {
							"post": [1, 1, 1],
							"lerp_mode": "catmullrom"
						},
						"1.7083": {
							"post": [1, 1.06, 1],
							"lerp_mode": "catmullrom"
						},
						"1.875": {
							"post": [1, 1, 1],
							"lerp_mode": "catmullrom"
						},
						"2.0": {
							"post": [1, 1, 1],
							"lerp_mode": "catmullrom"
						},
						"4.0": {
							"post": [1, 1, 1],
							"lerp_mode": "catmullrom"
						},
						"4.25": {
							"post": [1, 1.06, 1],
							"lerp_mode": "catmullrom"
						},
						"4.4167": {
							"post": [1, 1, 1],
							"lerp_mode": "catmullrom"
						},
						"4.6667": {
							"post": [1, 1.06, 1],
							"lerp_mode": "catmullrom"
						},
						"4.8333": {
							"post": [1, 1, 1],
							"lerp_mode": "catmullrom"
						},
						"5.0": {
							"post": [1, 1.06, 1],
							"lerp_mode": "catmullrom"
						},
						"5.2083": {
							"post": [1, 1, 1],
							"lerp_mode": "catmullrom"
						},
						"5.375": {
							"post": [1, 1.06, 1],
							"lerp_mode": "catmullrom"
						},
						"5.5417": {
							"post": [1, 1, 1],
							"lerp_mode": "catmullrom"
						},
						"5.7083": {
							"post": [1, 1.06, 1],
							"lerp_mode": "catmullrom"
						},
						"5.875": {
							"post": [1, 1, 1],
							"lerp_mode": "catmullrom"
						},
						"6.0": {
							"post": [1, 1, 1],
							"lerp_mode": "catmullrom"
						},
						"6.25": {
							"post": [1, 1.06, 1],
							"lerp_mode": "catmullrom"
						},
						"6.4167": {
							"post": [1, 1, 1],
							"lerp_mode": "catmullrom"
						},
						"6.6667": {
							"post": [1, 1.06, 1],
							"lerp_mode": "catmullrom"
						},
						"6.8333": {
							"post": [1, 1, 1],
							"lerp_mode": "catmullrom"
						},
						"7.0": {
							"post": [1, 1.06, 1],
							"lerp_mode": "catmullrom"
						},
						"7.2083": {
							"post": [1, 1, 1],
							"lerp_mode": "catmullrom"
						},
						"7.375": {
							"post": [1, 1.06, 1],
							"lerp_mode": "catmullrom"
						},
						"7.5417": {
							"post": [1, 1, 1],
							"lerp_mode": "catmullrom"
						},
						"7.7083": {
							"post": [1, 1.06, 1],
							"lerp_mode": "catmullrom"
						},
						"7.875": {
							"post": [1, 1, 1],
							"lerp_mode": "catmullrom"
						},
						"8.0": {
							"post": [1, 1, 1],
							"lerp_mode": "catmullrom"
						},
						"10.0": {
							"post": [1, 1, 1],
							"lerp_mode": "catmullrom"
						},
						"12.0": {
							"post": [1, 1, 1],
							"lerp_mode": "catmullrom"
						}
					}
				},
				"left_arm": {
					"rotation": {
						"0.0": {
							"post": [-124.2239, 62.75604, -42.38567],
							"lerp_mode": "catmullrom"
						}
					},
					"position": {
						"0.0": {
							"post": [-0.92963, -1.60335, -0.79428],
							"lerp_mode": "catmullrom"
						}
					},
					"scale": {
						"0.0": {
							"post": [1, 1, 1],
							"lerp_mode": "catmullrom"
						}
					}
				},
				"hitbox": {
					"rotation": {
						"0.0": {
							"post": [0, 0, 0],
							"lerp_mode": "catmullrom"
						}
					},
					"position": {
						"0.0": {
							"post": [0, 0, 0],
							"lerp_mode": "catmullrom"
						}
					},
					"scale": {
						"0.0": {
							"post": [1, 1, 1],
							"lerp_mode": "catmullrom"
						}
					}
				},
				"scene_townsfolk_5": {
					"rotation": [-5, 0, 0],
					"position": [0, 0, 0],
					"scale": 1
				}
			}
		}
	}
}