{
	"format_version": "1.8.0",
	"animations": {
		"animation.rtp.idle": {
			"loop": true,
			"animation_length": 3,
			"bones": {
				"Head": {
					"rotation": {
						"0.0": {
							"post": [0, 0, 0],
							"lerp_mode": "catmullrom"
						},
						"1.25": {
							"post": [1.25, 0, 0],
							"lerp_mode": "catmullrom"
						},
						"1.7917": {
							"post": [-7.5, 0, 0],
							"lerp_mode": "catmullrom"
						},
						"3.0": {
							"post": [0, 0, 0],
							"lerp_mode": "catmullrom"
						}
					}
				},
				"RightArm": {
					"rotation": {
						"0.0": {
							"post": [0, 0, 7.5],
							"lerp_mode": "catmullrom"
						},
						"1.25": {
							"post": [0, 20, 15],
							"lerp_mode": "catmullrom"
						},
						"1.7917": {
							"post": [0, 20, 15],
							"lerp_mode": "catmullrom"
						},
						"3.0": {
							"post": [0, 0, 7.5],
							"lerp_mode": "catmullrom"
						}
					}
				},
				"LeftArm": {
					"rotation": {
						"0.0": {
							"post": [0, 0, -10],
							"lerp_mode": "catmullrom"
						},
						"1.25": {
							"post": [0, -12.5, -20],
							"lerp_mode": "catmullrom"
						},
						"1.7917": {
							"post": [0, -12.5, -20],
							"lerp_mode": "catmullrom"
						},
						"3.0": {
							"post": [0, 0, -10],
							"lerp_mode": "catmullrom"
						}
					}
				},
				"bust": {
					"rotation": {
						"0.0": {
							"post": [0, 0, 0],
							"lerp_mode": "catmullrom"
						},
						"1.25": {
							"post": [-2.75, 0, 0],
							"lerp_mode": "catmullrom"
						},
						"1.7917": {
							"post": [-2.75, 0, 0],
							"lerp_mode": "catmullrom"
						},
						"3.0": {
							"post": [0, 0, 0],
							"lerp_mode": "catmullrom"
						}
					}
				}
			}
		}
	}
}