{
	"format_version": "1.8.0",
	"animations": {
		"animation.shopkeep.idle": {
			"loop": true,
			"animation_length": 3,
			"bones": {
				"Head": {
					"rotation": {
						"0.0": {
							"post": [0, 0, 0],
							"lerp_mode": "catmullrom"
						},
						"1.25": {
							"post": [-12.5, 0, 0],
							"lerp_mode": "catmullrom"
						},
						"1.7917": {
							"post": [-5, 0, 0],
							"lerp_mode": "catmullrom"
						},
						"3.0": {
							"post": [0, 0, 0],
							"lerp_mode": "catmullrom"
						}
					}
				},
				"RightArm": {
					"rotation": {
						"0.0": {
							"post": [0.98448, 7.43547, 7.56397],
							"lerp_mode": "catmullrom"
						},
						"1.25": {
							"post": [-9.90136, 6.20123, 0.11331],
							"lerp_mode": "catmullrom"
						},
						"1.7917": {
							"post": [-9.90136, 6.20123, 0.11331],
							"lerp_mode": "catmullrom"
						},
						"3.0": {
							"post": [0.98448, 7.43547, 7.56397],
							"lerp_mode": "catmullrom"
						}
					}
				},
				"LeftArm": {
					"rotation": {
						"0.0": {
							"post": [2.74715, -12.19908, -12.79362],
							"lerp_mode": "catmullrom"
						},
						"1.25": {
							"post": [-0.75387, -19.8738, -2.54722],
							"lerp_mode": "catmullrom"
						},
						"1.7917": {
							"post": [-0.75387, -19.8738, -2.54722],
							"lerp_mode": "catmullrom"
						},
						"3.0": {
							"post": [2.74715, -12.19908, -12.79362],
							"lerp_mode": "catmullrom"
						}
					}
				},
				"RightLeg": {
					"rotation": {
						"0.0": {
							"post": [0, 27.5, 0],
							"lerp_mode": "catmullrom"
						}
					}
				},
				"LeftLeg": {
					"rotation": {
						"0.0": {
							"post": [0, -15, 0],
							"lerp_mode": "catmullrom"
						}
					}
				},
				"bust": {
					"rotation": {
						"0.0": {
							"post": [0, 0, 0],
							"lerp_mode": "catmullrom"
						},
						"1.25": {
							"post": [5, 0, 0],
							"lerp_mode": "catmullrom"
						},
						"1.7917": {
							"post": [5, 0, 0],
							"lerp_mode": "catmullrom"
						},
						"3.0": {
							"post": [0, 0, 0],
							"lerp_mode": "catmullrom"
						}
					},
					"position": {
						"0.0": {
							"post": [0, 0, 0],
							"lerp_mode": "catmullrom"
						}
					}
				}
			}
		}
	}
}