{
	"format_version": "1.8.0",
	"animations": {
		"animation.sleepingtable1.idle": {
			"loop": true,
			"animation_length": 1.5,
			"bones": {
				"scene_townsfolk_vol3": {
					"rotation": {
						"0.0": {
							"post": [0, 0, 0],
							"lerp_mode": "catmullrom"
						}
					},
					"position": {
						"0.0": {
							"post": [0, 4, -2],
							"lerp_mode": "catmullrom"
						}
					}
				},
				"npc_1": {
					"rotation": {
						"0.0": {
							"post": [0, 0, 0],
							"lerp_mode": "catmullrom"
						}
					},
					"position": {
						"0.0": {
							"post": [0, -2, -1],
							"lerp_mode": "catmullrom"
						}
					}
				},
				"left_leg": {
					"rotation": {
						"0.0": {
							"post": [7.5, -10, 0],
							"lerp_mode": "catmullrom"
						}
					},
					"position": {
						"0.0": {
							"post": [1.3, -0.1, -2.9],
							"lerp_mode": "catmullrom"
						}
					}
				},
				"right_leg": {
					"rotation": {
						"0.0": {
							"post": [7.5, 10, 0],
							"lerp_mode": "catmullrom"
						}
					},
					"position": {
						"0.0": {
							"post": [-1.3, -0.1, -2.9],
							"lerp_mode": "catmullrom"
						}
					}
				},
				"body": {
					"rotation": {
						"0.0": {
							"post": [17.5, 0, 0],
							"lerp_mode": "catmullrom"
						},
						"1.5": {
							"post": [17.5, 0, 0],
							"lerp_mode": "catmullrom"
						}
					},
					"position": {
						"0.0": {
							"post": [0, -0.7, -0.3],
							"lerp_mode": "catmullrom"
						},
						"0.75": {
							"post": [0, -0.4, -0.3],
							"lerp_mode": "catmullrom"
						},
						"1.5": {
							"post": [0, -0.7, -0.3],
							"lerp_mode": "catmullrom"
						}
					}
				},
				"right_arm": {
					"relative_to": {
						"rotation": "entity"
					},
					"rotation": {
						"0.0": {
							"post": [-12.5, 0, -90],
							"lerp_mode": "catmullrom"
						},
						"1.5": {
							"post": [-12.5, 0, -90],
							"lerp_mode": "catmullrom"
						}
					},
					"position": {
						"0.0": {
							"post": [-0.3, -1.9, -4.9],
							"lerp_mode": "catmullrom"
						},
						"0.75": {
							"post": [-0.3, -2.18612, -4.99021],
							"lerp_mode": "catmullrom"
						},
						"1.5": {
							"post": [-0.3, -1.9, -4.9],
							"lerp_mode": "catmullrom"
						}
					}
				},
				"h_head": {
					"relative_to": {
						"rotation": "entity"
					},
					"rotation": {
						"0.0": {
							"post": [87.5, 0, 0],
							"lerp_mode": "catmullrom"
						},
						"0.75": {
							"post": [87.5, 0, 0],
							"lerp_mode": "catmullrom"
						},
						"1.5": {
							"post": [87.5, 0, 0],
							"lerp_mode": "catmullrom"
						}
					},
					"position": {
						"0.0": {
							"post": [0, -0.94345, 0.00997],
							"lerp_mode": "catmullrom"
						},
						"0.75": {
							"post": [0, -1.20227, -0.07269],
							"lerp_mode": "catmullrom"
						},
						"1.5": {
							"post": [0, -0.94345, 0.00997],
							"lerp_mode": "catmullrom"
						}
					},
					"scale": {
						"0.0": {
							"post": [1.0075, 1.0175, 1.015],
							"lerp_mode": "catmullrom"
						},
						"0.75": {
							"post": [1.0075, 1.0175, 1.015],
							"lerp_mode": "catmullrom"
						},
						"1.5": {
							"post": [1.0075, 1.0175, 1.015],
							"lerp_mode": "catmullrom"
						}
					}
				},
				"left_arm": {
					"relative_to": {
						"rotation": "entity"
					},
					"rotation": {
						"0.0": {
							"post": [-12.5, 0, 90],
							"lerp_mode": "catmullrom"
						},
						"1.5": {
							"post": [-12.5, 0, 90],
							"lerp_mode": "catmullrom"
						}
					},
					"position": {
						"0.0": {
							"post": [0.5, -2.6, -2.4],
							"lerp_mode": "catmullrom"
						},
						"0.75": {
							"post": [0.5, -2.95764, -2.51276],
							"lerp_mode": "catmullrom"
						},
						"1.5": {
							"post": [0.5, -2.6, -2.4],
							"lerp_mode": "catmullrom"
						}
					}
				}
			}
		}
	}
}