{
	"format_version": "1.8.0",
	"animations": {
		"animation.tanning.idle": {
			"loop": true,
			"animation_length": 2,
			"bones": {
				"scene_townsfolk_vol3": {
					"rotation": {
						"0.0": {
							"post": [-2.5, 0, 0],
							"lerp_mode": "catmullrom"
						}
					},
					"position": {
						"0.0": {
							"post": [0, 0.28898, 0.48131],
							"lerp_mode": "catmullrom"
						}
					}
				},
				"npc_1": {
					"rotation": {
						"0.0": {
							"post": [0, 0, 0],
							"lerp_mode": "catmullrom"
						}
					},
					"position": {
						"0.0": {
							"post": [0, -2, -1],
							"lerp_mode": "catmullrom"
						}
					}
				},
				"left_leg": {
					"rotation": [-87.5, -10, 0],
					"position": [0, 0, -1]
				},
				"right_leg": {
					"rotation": [-42.5, 2.5, 10],
					"position": [0, 5.2, 0]
				},
				"body": {
					"rotation": {
						"0.0": {
							"post": [-80, 0, 0],
							"lerp_mode": "catmullrom"
						},
						"1.0": {
							"post": [-77, 0, 0],
							"lerp_mode": "catmullrom"
						},
						"2.0": {
							"post": [-80, 0, 0],
							"lerp_mode": "catmullrom"
						}
					},
					"position": {
						"0.0": {
							"post": [0, 0.10311, -1.62245],
							"lerp_mode": "catmullrom"
						},
						"2.0": {
							"post": [0, 0.10311, -1.62245],
							"lerp_mode": "catmullrom"
						}
					}
				},
				"right_arm": {
					"relative_to": {
						"rotation": "entity"
					},
					"rotation": {
						"0.0": {
							"post": [160, -26.5, 80],
							"lerp_mode": "catmullrom"
						},
						"2.0": {
							"post": [160, -26.5, 80],
							"lerp_mode": "catmullrom"
						}
					},
					"position": {
						"0.0": {
							"post": [-1.30603, 2.71809, 3.0583],
							"lerp_mode": "catmullrom"
						},
						"1.0": {
							"post": [-1.31, 2.545, 3.66],
							"lerp_mode": "catmullrom"
						},
						"2.0": {
							"post": [-1.30603, 2.71809, 3.0583],
							"lerp_mode": "catmullrom"
						}
					}
				},
				"h_head": {
					"relative_to": {
						"rotation": "entity"
					},
					"rotation": {
						"0.0": {
							"post": [0, 0, 0],
							"lerp_mode": "catmullrom"
						},
						"1.0": {
							"post": [0, 0, 0],
							"lerp_mode": "catmullrom"
						},
						"2.0": {
							"post": [0, 0, 0],
							"lerp_mode": "catmullrom"
						}
					},
					"position": {
						"0.0": {
							"post": [0, -1.1252, -1.26032],
							"lerp_mode": "catmullrom"
						},
						"1.0": {
							"post": [0, -1.13, -0.985],
							"lerp_mode": "catmullrom"
						},
						"2.0": {
							"post": [0, -1.1252, -1.26032],
							"lerp_mode": "catmullrom"
						}
					},
					"scale": {
						"0.0": {
							"post": [1.0075, 1.0175, 1.015],
							"lerp_mode": "catmullrom"
						},
						"2.0": {
							"post": [1.0075, 1.0175, 1.015],
							"lerp_mode": "catmullrom"
						}
					}
				},
				"left_arm": {
					"relative_to": {
						"rotation": "entity"
					},
					"rotation": {
						"0.0": {
							"post": [165, 30, -83],
							"lerp_mode": "catmullrom"
						},
						"2.0": {
							"post": [165, 30, -83],
							"lerp_mode": "catmullrom"
						}
					},
					"position": {
						"0.0": {
							"post": [1.70603, 1.81809, 3.0583],
							"lerp_mode": "catmullrom"
						},
						"1.0": {
							"post": [1.71, 1.62, 3.685],
							"lerp_mode": "catmullrom"
						},
						"2.0": {
							"post": [1.70603, 1.81809, 3.0583],
							"lerp_mode": "catmullrom"
						}
					}
				}
			}
		}
	}
}