{
	"format_version": "1.8.0",
	"animations": {
		"animation.tarak.idle": {
			"loop": true,
			"animation_length": 3,
			"bones": {
				"Head": {
					"rotation": {
						"0.0": {
							"post": [-1.97308, -10.10758, 7.57806],
							"lerp_mode": "catmullrom"
						},
						"1.25": {
							"post": [5.70804, -17.57167, 6.82249],
							"lerp_mode": "catmullrom"
						},
						"1.75": {
							"post": [5.70804, -17.57167, 6.82249],
							"lerp_mode": "catmullrom"
						},
						"3.0": {
							"post": [-1.97308, -10.10758, 7.57806],
							"lerp_mode": "catmullrom"
						}
					}
				},
				"RightArm": {
					"rotation": {
						"0.0": {
							"post": [-71.83257, -20.33874, 7.81083],
							"lerp_mode": "catmullrom"
						},
						"1.5": {
							"post": [-86.00645, -12.22888, -7.45558],
							"lerp_mode": "catmullrom"
						},
						"3.0": {
							"post": [-71.83257, -20.33874, 7.81083],
							"lerp_mode": "catmullrom"
						}
					},
					"position": {
						"0.0": {
							"post": [0, -1.35, -1.75],
							"lerp_mode": "catmullrom"
						},
						"3.0": {
							"post": [0, -1.35, -1.75],
							"lerp_mode": "catmullrom"
						}
					}
				},
				"LeftArm": {
					"rotation": {
						"0.0": {
							"post": [-10.48446, -21.32571, -7.01454],
							"lerp_mode": "catmullrom"
						},
						"1.5": {
							"post": [-3.06277, -52.24414, -14.63026],
							"lerp_mode": "catmullrom"
						},
						"3.0": {
							"post": [-10.48446, -21.32571, -7.01454],
							"lerp_mode": "catmullrom"
						}
					}
				},
				"RightLeg": {
					"rotation": {
						"0.0": {
							"post": [25, 45, 0],
							"lerp_mode": "catmullrom"
						},
						"3.0": {
							"post": [25, 45, 0],
							"lerp_mode": "catmullrom"
						}
					},
					"position": {
						"0.0": {
							"post": [-2.375, -0.4, -0.9],
							"lerp_mode": "catmullrom"
						},
						"3.0": {
							"post": [-2.375, -0.4, -0.9],
							"lerp_mode": "catmullrom"
						}
					}
				},
				"LeftLeg": {
					"rotation": {
						"0.0": {
							"post": [0, -17.5, 0],
							"lerp_mode": "catmullrom"
						},
						"3.0": {
							"post": [0, -17.5, 0],
							"lerp_mode": "catmullrom"
						}
					}
				},
				"bust": {
					"rotation": {
						"0.0": {
							"post": [2.5, 15, 0],
							"lerp_mode": "catmullrom"
						},
						"1.25": {
							"post": [7.5, 15, 0],
							"lerp_mode": "catmullrom"
						},
						"1.75": {
							"post": [7.5, 15, 0],
							"lerp_mode": "catmullrom"
						},
						"3.0": {
							"post": [2.5, 15, 0],
							"lerp_mode": "catmullrom"
						}
					},
					"position": {
						"0.0": {
							"post": [0, 0, 0],
							"lerp_mode": "catmullrom"
						},
						"3.0": {
							"post": [0, 0, 0],
							"lerp_mode": "catmullrom"
						}
					}
				},
				"tepig": {
					"rotation": {
						"0.0": {
							"post": [-7.5, 0, 0],
							"lerp_mode": "catmullrom"
						},
						"3.0": {
							"post": [-7.5, 0, 0],
							"lerp_mode": "catmullrom"
						}
					},
					"position": {
						"0.0": {
							"post": [0.6, -1, -0.45],
							"lerp_mode": "catmullrom"
						},
						"3.0": {
							"post": [0.6, -1, -0.45],
							"lerp_mode": "catmullrom"
						}
					}
				},
				"corp": {
					"rotation": {
						"0.0": {
							"post": [-20, 0, 0],
							"lerp_mode": "catmullrom"
						},
						"3.0": {
							"post": [-20, 0, 0],
							"lerp_mode": "catmullrom"
						}
					}
				},
				"tail": {
					"rotation": {
						"0.0": {
							"post": [-42.5, 0, 0],
							"lerp_mode": "catmullrom"
						},
						"3.0": {
							"post": [-42.5, 0, 0],
							"lerp_mode": "catmullrom"
						}
					}
				},
				"tete": {
					"rotation": {
						"0.0": {
							"post": [28.74892, 8.81314, 8.93951],
							"lerp_mode": "catmullrom"
						},
						"1.25": {
							"post": [29.07434, -25.0803, -5.89977],
							"lerp_mode": "catmullrom"
						},
						"1.75": {
							"post": [29.07434, -25.0803, -5.89977],
							"lerp_mode": "catmullrom"
						},
						"3.0": {
							"post": [28.74892, 8.81314, 8.93951],
							"lerp_mode": "catmullrom"
						}
					}
				},
				"ear_l": {
					"rotation": {
						"0.0": {
							"post": [0, 0, 30],
							"lerp_mode": "catmullrom"
						},
						"1.5": {
							"post": [-20, 0, 18.26],
							"lerp_mode": "catmullrom"
						},
						"3.0": {
							"post": [0, 0, 30],
							"lerp_mode": "catmullrom"
						}
					},
					"position": {
						"0.0": {
							"post": [0, 0, 0],
							"lerp_mode": "catmullrom"
						},
						"3.0": {
							"post": [0, 0, 0],
							"lerp_mode": "catmullrom"
						}
					}
				},
				"ear_r": {
					"rotation": {
						"0.0": {
							"post": [0, 0, -27.5],
							"lerp_mode": "catmullrom"
						},
						"1.25": {
							"post": [0, 0, -57.5],
							"lerp_mode": "catmullrom"
						},
						"1.5": {
							"post": [0, 0, -25],
							"lerp_mode": "catmullrom"
						},
						"1.75": {
							"post": [0, 0, -42.5],
							"lerp_mode": "catmullrom"
						},
						"1.9583": {
							"post": [0, 0, -42.5],
							"lerp_mode": "catmullrom"
						},
						"3.0": {
							"post": [0, 0, -27.5],
							"lerp_mode": "catmullrom"
						}
					}
				},
				"leg_l": {
					"rotation": {
						"0.0": {
							"post": [20, 0, 0],
							"lerp_mode": "catmullrom"
						},
						"3.0": {
							"post": [20, 0, 0],
							"lerp_mode": "catmullrom"
						}
					}
				},
				"arm_l": {
					"rotation": {
						"0.0": {
							"post": [-57.5, 0, 0],
							"lerp_mode": "catmullrom"
						},
						"3.0": {
							"post": [-57.5, 0, 0],
							"lerp_mode": "catmullrom"
						}
					}
				},
				"arm_r": {
					"rotation": {
						"0.0": {
							"post": [-57.5, 0, 0],
							"lerp_mode": "catmullrom"
						},
						"3.0": {
							"post": [-57.5, 0, 0],
							"lerp_mode": "catmullrom"
						}
					}
				},
				"leg_r": {
					"rotation": {
						"0.0": {
							"post": [22.5, 0, 0],
							"lerp_mode": "catmullrom"
						},
						"3.0": {
							"post": [22.5, 0, 0],
							"lerp_mode": "catmullrom"
						}
					}
				},
				"cape": {
					"rotation": {
						"0.0": {
							"post": [7.5, 0, 0],
							"lerp_mode": "catmullrom"
						},
						"3.0": {
							"post": [7.5, 0, 0],
							"lerp_mode": "catmullrom"
						}
					}
				},
				"cheveuxbas": {
					"rotation": {
						"0.0": {
							"post": [-10, 0, 0],
							"lerp_mode": "catmullrom"
						},
						"3.0": {
							"post": [-10, 0, 0],
							"lerp_mode": "catmullrom"
						}
					}
				},
				"bone3": {
					"rotation": {
						"0.0": {
							"post": [70, 0, 0],
							"lerp_mode": "catmullrom"
						},
						"3.0": {
							"post": [70, 0, 0],
							"lerp_mode": "catmullrom"
						}
					},
					"position": {
						"0.0": {
							"post": [0, 4, -3],
							"lerp_mode": "catmullrom"
						},
						"3.0": {
							"post": [0, 4, -3],
							"lerp_mode": "catmullrom"
						}
					}
				}
			}
		}
	}
}