{
	"format_version": "1.8.0",
	"animations": {
		"open": {
			"loop": "hold_on_last_frame",
			"animation_length": 4.25,
			"override_previous_animation": true,
			"bones": {
				"crate_top": {
					"rotation": {
						"2.625": {
							"pre": [0, 0, 0],
							"post": [0, 0, 0],
							"lerp_mode": "catmullrom"
						},
						"2.875": {
							"post": [-87.5, 0, 0],
							"lerp_mode": "catmullrom"
						},
						"3.1667": {
							"post": [-57.5, 0, 0],
							"lerp_mode": "catmullrom"
						},
						"3.7083": {
							"post": [-67.5, 0, 0],
							"lerp_mode": "catmullrom"
						}
					}
				},
				"effect": {
					"scale": {
						"2.5": {
							"pre": [1, 0, 1],
							"post": [1, 0, 1],
							"lerp_mode": "catmullrom"
						},
						"3.0": {
							"post": [1, 1.2, 1],
							"lerp_mode": "catmullrom"
						}
					}
				},
				"lock": {
					"rotation": {
						"2.5": {
							"pre": [0, 0, 0],
							"post": [0, 0, 0],
							"lerp_mode": "catmullrom"
						},
						"3.0833": {
							"post": [-25, 0, 0],
							"lerp_mode": "catmullrom"
						}
					}
				},
				"all": {
					"rotation": {
						"1.2083": {
							"pre": [0, 0, 0],
							"post": [0, 0, 0],
							"lerp_mode": "catmullrom"
						},
						"1.2917": {
							"post": [0, 0, 2.5],
							"lerp_mode": "catmullrom"
						},
						"1.375": {
							"post": [0, 0, -2.5],
							"lerp_mode": "catmullrom"
						},
						"1.4583": {
							"post": [0, 0, 2.5],
							"lerp_mode": "catmullrom"
						},
						"1.5417": {
							"post": [0, 0, 0],
							"lerp_mode": "catmullrom"
						},
						"1.7917": {
							"post": [0, 0, -2.5],
							"lerp_mode": "catmullrom"
						},
						"1.875": {
							"post": [0, 0, 2.5],
							"lerp_mode": "catmullrom"
						},
						"1.9583": {
							"post": [0, 0, -2.5],
							"lerp_mode": "catmullrom"
						},
						"2.0417": {
							"post": [0, 0, 0],
							"lerp_mode": "catmullrom"
						},
						"2.7917": {
							"post": [0, 0, 0],
							"lerp_mode": "catmullrom"
						},
						"2.875": {
							"post": [-2.5, 0, 0],
							"lerp_mode": "catmullrom"
						},
						"3.0": {
							"post": [0, 0, 0],
							"lerp_mode": "catmullrom"
						}
					}
				},
				"handle_left": {
					"rotation": {
						"1.2083": {
							"pre": [0, 0, 0],
							"post": [0, 0, 0],
							"lerp_mode": "catmullrom"
						},
						"1.375": {
							"post": [0, 0, -25],
							"lerp_mode": "catmullrom"
						},
						"1.5417": {
							"post": [0, 0, 0],
							"lerp_mode": "catmullrom"
						},
						"1.7917": {
							"post": [0, 0, 0],
							"lerp_mode": "catmullrom"
						},
						"1.9583": {
							"post": [0, 0, -17.5],
							"lerp_mode": "catmullrom"
						},
						"2.125": {
							"post": [0, 0, -10],
							"lerp_mode": "catmullrom"
						},
						"2.625": {
							"post": [0, 0, -10],
							"lerp_mode": "catmullrom"
						},
						"2.9167": {
							"post": [0, 0, 0],
							"lerp_mode": "catmullrom"
						}
					}
				},
				"handle_right": {
					"rotation": {
						"1.2083": {
							"pre": [0, 0, 0],
							"post": [0, 0, 0],
							"lerp_mode": "catmullrom"
						},
						"1.375": {
							"post": [0, 0, 25],
							"lerp_mode": "catmullrom"
						},
						"1.5417": {
							"post": [0, 0, 7.5],
							"lerp_mode": "catmullrom"
						},
						"1.7917": {
							"post": [0, 0, 0],
							"lerp_mode": "catmullrom"
						},
						"1.9583": {
							"post": [0, 0, 22.5],
							"lerp_mode": "catmullrom"
						},
						"2.125": {
							"post": [0, 0, 10],
							"lerp_mode": "catmullrom"
						},
						"2.625": {
							"post": [0, 0, 10],
							"lerp_mode": "catmullrom"
						},
						"2.9167": {
							"post": [0, 0, 0],
							"lerp_mode": "catmullrom"
						}
					}
				},
				"beam4": {
					"rotation": {
						"2.875": {
							"pre": [0, 0, 0],
							"post": [0, 0, 0],
							"lerp_mode": "catmullrom"
						},
						"3.375": {
							"post": [-15, 0, 0],
							"lerp_mode": "catmullrom"
						}
					}
				},
				"beam1": {
					"rotation": {
						"2.875": {
							"pre": [0, 0, 0],
							"post": [0, 0, 0],
							"lerp_mode": "catmullrom"
						},
						"3.375": {
							"post": [0, 0, -15],
							"lerp_mode": "catmullrom"
						}
					}
				},
				"beam2": {
					"rotation": {
						"2.875": {
							"pre": [0, 0, 0],
							"post": [0, 0, 0],
							"lerp_mode": "catmullrom"
						},
						"3.375": {
							"post": [0, 0, 15],
							"lerp_mode": "catmullrom"
						}
					}
				},
				"beam3": {
					"rotation": {
						"2.875": {
							"pre": [0, 0, 0],
							"post": [0, 0, 0],
							"lerp_mode": "catmullrom"
						},
						"3.375": {
							"post": [15, 0, 0],
							"lerp_mode": "catmullrom"
						}
					}
				},
				"poke": {
					"rotation": {
						"1.2083": [0, 0, 0],
						"2.2083": {
							"pre": [0, 0, 360],
							"post": [0, 0, 360],
							"lerp_mode": "catmullrom"
						}
					}
				},
				"key": {
					"rotation": {
						"0.1667": {
							"pre": [0, 0, 0],
							"post": [0, 0, 0],
							"lerp_mode": "catmullrom"
						},
						"0.375": {
							"post": [-90, 0, 0],
							"lerp_mode": "catmullrom"
						},
						"0.5417": {
							"post": [-105, 0, 0],
							"lerp_mode": "catmullrom"
						},
						"0.75": {
							"post": [-90, 0, 0],
							"lerp_mode": "catmullrom"
						},
						"1.0": {
							"post": [-90, 0, 0],
							"lerp_mode": "catmullrom"
						},
						"1.1667": {
							"post": [-90, 0, 42.5],
							"lerp_mode": "catmullrom"
						}
					},
					"position": {
						"0.75": {
							"pre": [0.25, 8, -23],
							"post": [0.25, 8, -23],
							"lerp_mode": "catmullrom"
						},
						"1.0": {
							"post": [0.25, 8, -15.75],
							"lerp_mode": "catmullrom"
						}
					},
					"scale": {
						"0.0": {
							"post": [0, 0, 0],
							"lerp_mode": "catmullrom"
						},
						"0.375": {
							"post": [1, 1, 1],
							"lerp_mode": "catmullrom"
						}
					}
				},
				"middle_top": {
					"rotation": {
						"1.2083": {
							"pre": [0, 0, 0],
							"post": [0, 0, 0],
							"lerp_mode": "catmullrom"
						},
						"1.3333": {
							"post": [0, 0, 2.5],
							"lerp_mode": "catmullrom"
						},
						"1.4167": {
							"post": [0, 0, -1],
							"lerp_mode": "catmullrom"
						},
						"1.5417": {
							"post": [0, 0, 0],
							"lerp_mode": "catmullrom"
						},
						"1.7917": {
							"post": [0, 0, 0],
							"lerp_mode": "catmullrom"
						},
						"1.9167": {
							"post": [0, 0, 2.5],
							"lerp_mode": "catmullrom"
						},
						"2.0": {
							"post": [0, 0, -1],
							"lerp_mode": "catmullrom"
						},
						"2.125": {
							"post": [0, 0, 0],
							"lerp_mode": "catmullrom"
						}
					}
				},
				"middle": {
					"rotation": {
						"1.2083": {
							"pre": [0, 0, 0],
							"post": [0, 0, 0],
							"lerp_mode": "catmullrom"
						},
						"1.3333": {
							"post": [0, 0, 2.5],
							"lerp_mode": "catmullrom"
						},
						"1.4167": {
							"post": [0, 0, -1],
							"lerp_mode": "catmullrom"
						},
						"1.5417": {
							"post": [0, 0, 0],
							"lerp_mode": "catmullrom"
						},
						"1.7917": {
							"post": [0, 0, 0],
							"lerp_mode": "catmullrom"
						},
						"1.9167": {
							"post": [0, 0, 2.5],
							"lerp_mode": "catmullrom"
						},
						"2.0": {
							"post": [0, 0, -1],
							"lerp_mode": "catmullrom"
						},
						"2.125": {
							"post": [0, 0, 0],
							"lerp_mode": "catmullrom"
						}
					}
				},
				"sparkle1": {
					"position": {
						"3.0": [-5, 4, -4],
						"3.2917": [-5, 5, -4],
						"3.7083": [-5, 4, -4],
						"4.125": [-5, 5, -4]
					},
					"scale": {
						"2.8333": [0, 0, 0],
						"3.0": [1, 1.1, 1],
						"3.2083": {
							"pre": [0.6, 0.5, 1],
							"post": [0.6, 0.5, 1],
							"lerp_mode": "catmullrom"
						},
						"3.375": {
							"post": [1, 1, 1],
							"lerp_mode": "catmullrom"
						},
						"3.625": {
							"post": [0.6, 0.5, 1],
							"lerp_mode": "catmullrom"
						},
						"3.7917": {
							"post": [1, 1, 1],
							"lerp_mode": "catmullrom"
						},
						"4.0417": {
							"post": [0.6, 0.5, 1],
							"lerp_mode": "catmullrom"
						},
						"4.2083": {
							"post": [1, 1, 1],
							"lerp_mode": "catmullrom"
						}
					}
				},
				"sparkle2": {
					"position": {
						"2.9167": [8, 2, 0],
						"3.5417": [8, 3, 0],
						"4.125": [8, 2, 0]
					},
					"scale": {
						"2.8333": [0, 0, 0],
						"3.0": [1, 1.1, 1],
						"3.4583": {
							"pre": [0.6, 0.5, 1],
							"post": [0.6, 0.5, 1],
							"lerp_mode": "catmullrom"
						},
						"3.625": {
							"post": [1, 1, 1],
							"lerp_mode": "catmullrom"
						},
						"4.0417": {
							"post": [0.6, 0.5, 1],
							"lerp_mode": "catmullrom"
						},
						"4.2083": {
							"post": [1, 1, 1],
							"lerp_mode": "catmullrom"
						}
					}
				},
				"sparkle3": {
					"position": [2, 13, 0],
					"scale": {
						"3.2083": [0, 0, 0],
						"3.375": [1, 1.1, 1],
						"3.5833": {
							"pre": [0.5, 0.3, 1],
							"post": [0.5, 0.3, 1],
							"lerp_mode": "catmullrom"
						},
						"3.75": {
							"post": [0.9, 0.7, 1],
							"lerp_mode": "catmullrom"
						},
						"4.0": {
							"post": [0.5, 0.3, 1],
							"lerp_mode": "catmullrom"
						},
						"4.1667": {
							"post": [0.9, 0.7, 1],
							"lerp_mode": "catmullrom"
						}
					}
				}
			}
		},
		"animation.ultraball.idle": {
			"loop": true,
			"animation_length": 4,
			"bones": {
				"crate_top": {
					"rotation": {
						"0.75": [0, 0, 0],
						"1.0": {
							"pre": [-2.5, 0, 0],
							"post": [-2.5, 0, 0],
							"lerp_mode": "catmullrom"
						},
						"1.25": {
							"post": [0.42, 0, 0],
							"lerp_mode": "catmullrom"
						},
						"1.4583": {
							"post": [-1.97, 0, 0],
							"lerp_mode": "catmullrom"
						},
						"2.0417": {
							"post": [0, 0, 0],
							"lerp_mode": "catmullrom"
						}
					}
				},
				"key": {
					"scale": 0
				},
				"poke": {
					"rotation": {
						"0.0": [0, 0, 0],
						"0.6667": {
							"pre": [0, 0, -10],
							"post": [0, 0, -10],
							"lerp_mode": "catmullrom"
						},
						"1.3333": {
							"post": [0, 0, 10],
							"lerp_mode": "catmullrom"
						},
						"2.0": [0, 0, 0]
					}
				},
				"handle_left": {
					"rotation": {
						"0.7917": [0, 0, 0],
						"1.0833": {
							"pre": [0, 0, -15],
							"post": [0, 0, -15],
							"lerp_mode": "catmullrom"
						},
						"1.2917": {
							"post": [0, 0, 2.5],
							"lerp_mode": "catmullrom"
						},
						"1.5": {
							"post": [0, 0, -10],
							"lerp_mode": "catmullrom"
						},
						"2.0": {
							"post": [0, 0, 0],
							"lerp_mode": "catmullrom"
						}
					}
				},
				"handle_right": {
					"rotation": {
						"0.7917": [0, 0, 0],
						"1.0833": {
							"pre": [0, 0, 15],
							"post": [0, 0, 15],
							"lerp_mode": "catmullrom"
						},
						"1.2917": {
							"post": [0, 0, -2.5],
							"lerp_mode": "catmullrom"
						},
						"1.5": {
							"post": [0, 0, 10],
							"lerp_mode": "catmullrom"
						},
						"2.0": {
							"post": [0, 0, 0],
							"lerp_mode": "catmullrom"
						}
					}
				},
				"effect": {
					"scale": 0
				},
				"sparkle1": {
					"scale": 0
				},
				"sparkle2": {
					"scale": 0
				},
				"sparkle3": {
					"scale": 0
				}
			}
		}
	}
}