{
	"format_version": "1.8.0",
	"animations": {
		"animation.votecrate.idle": {
			"loop": true,
			"animation_length": 4,
			"bones": {
				"crate_top": {
					"rotation": {
						"0.75": [0, 0, 0],
						"1.0": {
							"pre": [0, 0, 2.5],
							"post": [0, 0, 2.5],
							"lerp_mode": "catmullrom"
						},
						"1.25": {
							"post": [0, 0, -2.5],
							"lerp_mode": "catmullrom"
						},
						"1.4583": {
							"post": [0, 0, 2.5],
							"lerp_mode": "catmullrom"
						},
						"2.0417": {
							"post": [0, 0, 0],
							"lerp_mode": "catmullrom"
						}
					}
				},
				"key": {
					"scale": 0
				},
				"poke": {
					"rotation": {
						"0.0": [0, 0, 0],
						"0.6667": {
							"pre": [0, 0, -10],
							"post": [0, 0, -10],
							"lerp_mode": "catmullrom"
						},
						"1.3333": {
							"post": [0, 0, 10],
							"lerp_mode": "catmullrom"
						},
						"2.0": [0, 0, 0]
					}
				},
				"handle_left": {
					"rotation": {
						"0.7917": [0, 0, 0],
						"1.0833": {
							"pre": [0, 0, -15],
							"post": [0, 0, -15],
							"lerp_mode": "catmullrom"
						},
						"1.2917": {
							"post": [0, 0, 2.5],
							"lerp_mode": "catmullrom"
						},
						"1.5": {
							"post": [0, 0, -10],
							"lerp_mode": "catmullrom"
						},
						"2.0": {
							"post": [0, 0, 0],
							"lerp_mode": "catmullrom"
						}
					}
				},
				"handle_right": {
					"rotation": {
						"0.7917": [0, 0, 0],
						"1.0833": {
							"pre": [0, 0, 15],
							"post": [0, 0, 15],
							"lerp_mode": "catmullrom"
						},
						"1.2917": {
							"post": [0, 0, -2.5],
							"lerp_mode": "catmullrom"
						},
						"1.5": {
							"post": [0, 0, 10],
							"lerp_mode": "catmullrom"
						},
						"2.0": {
							"post": [0, 0, 0],
							"lerp_mode": "catmullrom"
						}
					}
				},
				"effect": {
					"scale": 0
				},
				"sparkle1": {
					"scale": 0
				},
				"sparkle2": {
					"scale": 0
				},
				"sparkle3": {
					"scale": 0
				},
				"letter": {
					"rotation": {
						"2.75": {
							"pre": [0, 0, 50],
							"post": [0, 0, 50],
							"lerp_mode": "catmullrom"
						},
						"3.125": {
							"post": [0, 0, 15],
							"lerp_mode": "catmullrom"
						}
					},
					"position": {
						"2.5": [0, 6, -1.25],
						"2.8333": {
							"pre": [-0.25, 17, -1.25],
							"post": [-0.25, 17, -1.25],
							"lerp_mode": "catmullrom"
						},
						"3.2917": {
							"post": [-0.5, 6, -1.25],
							"lerp_mode": "catmullrom"
						}
					}
				},
				"all": {
					"rotation": {
						"0.0": [0, 0, 0],
						"1.875": [0, 90, 0]
					}
				}
			}
		}
	}
}