{"credit":"Made with Blockbench","parent":"minecraft:item/fishing_rod","textures":{"layer0":"items:rods/superrod"},"display":{"thirdperson_righthand":{"rotation":[-136.76,84.9,-179.95],"translation":[0.25,4.5,1.5]},"thirdperson_lefthand":{"rotation":[36.25,-86.69,-20.49],"translation":[0.25,4.5,1.5]},"firstperson_righthand":{"rotation":[0,90,25],"translation":[1.13,3.2,1.13],"scale":[0.68,0.68,0.68]},"firstperson_lefthand":{"rotation":[0,-90,-25],"translation":[1.13,3.2,1.13],"scale":[0.68,0.68,0.68]},"ground":{"translation":[0,4,0]}}}