{"providers":[{"file":"char/black.png","chars":[""],"height":1,"ascent":-5000,"type":"bitmap"},{"file":"char/black.png","chars":[""],"height":2,"ascent":-5000,"type":"bitmap"},{"file":"char/black.png","chars":[""],"height":3,"ascent":-5000,"type":"bitmap"},{"file":"char/black.png","chars":[""],"height":4,"ascent":-5000,"type":"bitmap"},{"file":"char/black.png","chars":[""],"height":5,"ascent":-5000,"type":"bitmap"},{"file":"char/black.png","chars":[""],"height":6,"ascent":-5000,"type":"bitmap"},{"file":"char/black.png","chars":[""],"height":7,"ascent":-5000,"type":"bitmap"},{"file":"char/black.png","chars":[""],"height":15,"ascent":-5000,"type":"bitmap"},{"file":"char/black.png","chars":[""],"height":31,"ascent":-5000,"type":"bitmap"},{"file":"char/black.png","chars":[""],"height":63,"ascent":-5000,"type":"bitmap"},{"file":"char/black.png","chars":[""],"height":127,"ascent":-5000,"type":"bitmap"},{"file":"char/black.png","chars":[""],"height":256,"ascent":-5000,"type":"bitmap"},{"file":"char/black.png","chars":[""],"height":512,"ascent":-5000,"type":"bitmap"},{"file":"char/black.png","chars":[""],"height":1024,"ascent":-5000,"type":"bitmap"},{"file":"char/black.png","chars":[""],"height":-3,"ascent":-5000,"type":"bitmap"},{"file":"char/black.png","chars":[""],"height":-4,"ascent":-5000,"type":"bitmap"},{"file":"char/black.png","chars":[""],"height":-5,"ascent":-5000,"type":"bitmap"},{"file":"char/black.png","chars":[""],"height":-6,"ascent":-5000,"type":"bitmap"},{"file":"char/black.png","chars":[""],"height":-7,"ascent":-5000,"type":"bitmap"},{"file":"char/black.png","chars":[""],"height":-8,"ascent":-5000,"type":"bitmap"},{"file":"char/black.png","chars":[""],"height":-9,"ascent":-5000,"type":"bitmap"},{"file":"char/black.png","chars":[""],"height":-10,"ascent":-5000,"type":"bitmap"},{"file":"char/black.png","chars":[""],"height":-18,"ascent":-5000,"type":"bitmap"},{"file":"char/black.png","chars":[""],"height":-34,"ascent":-5000,"type":"bitmap"},{"file":"char/black.png","chars":[""],"height":-66,"ascent":-5000,"type":"bitmap"},{"file":"char/black.png","chars":[""],"height":-130,"ascent":-5000,"type":"bitmap"},{"file":"char/black.png","chars":[""],"height":-259,"ascent":-5000,"type":"bitmap"},{"file":"char/black.png","chars":[""],"height":-515,"ascent":-5000,"type":"bitmap"},{"file":"char/black.png","chars":[""],"height":-1027,"ascent":-5000,"type":"bitmap"},{"file":"_iainternal:gui/no_recipe.png","chars":[""],"height":170,"ascent":47,"type":"bitmap"},{"file":"_iainternal:gui/crafting.png","chars":[""],"height":170,"ascent":47,"type":"bitmap"},{"file":"_iainternal:gui/cooking.png","chars":[""],"height":170,"ascent":47,"type":"bitmap"},{"file":"_iainternal:gui/blank_menu.png","chars":[""],"height":170,"ascent":47,"type":"bitmap"},{"file":"_iainternal:gui/anvil_repair.png","chars":[""],"height":170,"ascent":47,"type":"bitmap"},{"file":"_iainternal:gui/smithing.png","chars":[""],"height":170,"ascent":47,"type":"bitmap"},{"file":"minecraft:item/acacia_boat.png","chars":[""],"height":9,"ascent":8,"type":"bitmap"},{"file":"minecraft:item/acacia_door.png","chars":[""],"height":9,"ascent":8,"type":"bitmap"},{"file":"minecraft:item/acacia_sign.png","chars":[""],"height":9,"ascent":8,"type":"bitmap"},{"file":"minecraft:item/apple.png","chars":[""],"height":9,"ascent":8,"type":"bitmap"},{"file":"minecraft:item/armor_stand.png","chars":[""],"height":9,"ascent":8,"type":"bitmap"},{"file":"minecraft:item/arrow.png","chars":[""],"height":9,"ascent":8,"type":"bitmap"},{"file":"minecraft:item/baked_potato.png","chars":[""],"height":9,"ascent":8,"type":"bitmap"},{"file":"minecraft:item/bamboo.png","chars":[""],"height":9,"ascent":8,"type":"bitmap"},{"file":"minecraft:item/barrier.png","chars":[""],"height":9,"ascent":8,"type":"bitmap"},{"file":"minecraft:item/beef.png","chars":[""],"height":9,"ascent":8,"type":"bitmap"},{"file":"minecraft:item/beetroot.png","chars":[""],"height":9,"ascent":8,"type":"bitmap"},{"file":"minecraft:item/beetroot_seeds.png","chars":[""],"height":9,"ascent":8,"type":"bitmap"},{"file":"minecraft:item/beetroot_soup.png","chars":[""],"height":9,"ascent":8,"type":"bitmap"},{"file":"minecraft:item/bell.png","chars":[""],"height":9,"ascent":8,"type":"bitmap"},{"file":"minecraft:item/birch_boat.png","chars":[""],"height":9,"ascent":8,"type":"bitmap"},{"file":"minecraft:item/birch_door.png","chars":[""],"height":9,"ascent":8,"type":"bitmap"},{"file":"minecraft:item/birch_sign.png","chars":[""],"height":9,"ascent":8,"type":"bitmap"},{"file":"minecraft:item/black_dye.png","chars":[""],"height":9,"ascent":8,"type":"bitmap"},{"file":"minecraft:item/blaze_powder.png","chars":[""],"height":9,"ascent":8,"type":"bitmap"},{"file":"minecraft:item/blaze_rod.png","chars":[""],"height":9,"ascent":8,"type":"bitmap"},{"file":"minecraft:item/blue_dye.png","chars":[""],"height":9,"ascent":8,"type":"bitmap"},{"file":"minecraft:item/bone.png","chars":[""],"height":9,"ascent":8,"type":"bitmap"},{"file":"minecraft:item/bone_meal.png","chars":[""],"height":9,"ascent":8,"type":"bitmap"},{"file":"minecraft:item/book.png","chars":[""],"height":9,"ascent":8,"type":"bitmap"},{"file":"minecraft:item/bow.png","chars":[""],"height":9,"ascent":8,"type":"bitmap"},{"file":"minecraft:item/bowl.png","chars":[""],"height":9,"ascent":8,"type":"bitmap"},{"file":"minecraft:item/bow_pulling_0.png","chars":[""],"height":9,"ascent":8,"type":"bitmap"},{"file":"minecraft:item/bow_pulling_1.png","chars":[""],"height":9,"ascent":8,"type":"bitmap"},{"file":"minecraft:item/bow_pulling_2.png","chars":[""],"height":9,"ascent":8,"type":"bitmap"},{"file":"minecraft:item/bread.png","chars":[""],"height":9,"ascent":8,"type":"bitmap"},{"file":"minecraft:item/brewing_stand.png","chars":[""],"height":9,"ascent":8,"type":"bitmap"},{"file":"minecraft:item/brick.png","chars":[""],"height":9,"ascent":8,"type":"bitmap"},{"file":"minecraft:item/broken_elytra.png","chars":[""],"height":9,"ascent":8,"type":"bitmap"},{"file":"minecraft:item/brown_dye.png","chars":[""],"height":9,"ascent":8,"type":"bitmap"},{"file":"minecraft:item/bucket.png","chars":[""],"height":9,"ascent":8,"type":"bitmap"},{"file":"minecraft:item/cake.png","chars":[""],"height":9,"ascent":8,"type":"bitmap"},{"file":"minecraft:item/campfire.png","chars":[""],"height":9,"ascent":8,"type":"bitmap"},{"file":"minecraft:item/carrot.png","chars":[""],"height":9,"ascent":8,"type":"bitmap"},{"file":"minecraft:item/carrot_on_a_stick.png","chars":[""],"height":9,"ascent":8,"type":"bitmap"},{"file":"minecraft:item/cauldron.png","chars":[""],"height":9,"ascent":8,"type":"bitmap"},{"file":"minecraft:item/chainmail_boots.png","chars":[""],"height":9,"ascent":8,"type":"bitmap"},{"file":"minecraft:item/chainmail_chestplate.png","chars":[""],"height":9,"ascent":8,"type":"bitmap"},{"file":"minecraft:item/chainmail_helmet.png","chars":[""],"height":9,"ascent":8,"type":"bitmap"},{"file":"minecraft:item/chainmail_leggings.png","chars":[""],"height":9,"ascent":8,"type":"bitmap"},{"file":"minecraft:item/charcoal.png","chars":[""],"height":9,"ascent":8,"type":"bitmap"},{"file":"minecraft:item/chest_minecart.png","chars":[""],"height":9,"ascent":8,"type":"bitmap"},{"file":"minecraft:item/chicken.png","chars":[""],"height":9,"ascent":8,"type":"bitmap"},{"file":"minecraft:item/chorus_fruit.png","chars":[""],"height":9,"ascent":8,"type":"bitmap"},{"file":"minecraft:item/clay_ball.png","chars":[""],"height":9,"ascent":8,"type":"bitmap"},{"file":"minecraft:item/clock_00.png","chars":[""],"height":9,"ascent":8,"type":"bitmap"},{"file":"minecraft:item/coal.png","chars":[""],"height":9,"ascent":8,"type":"bitmap"},{"file":"minecraft:item/cocoa_beans.png","chars":[""],"height":9,"ascent":8,"type":"bitmap"},{"file":"minecraft:item/cod.png","chars":[""],"height":9,"ascent":8,"type":"bitmap"},{"file":"minecraft:item/cod_bucket.png","chars":[""],"height":9,"ascent":8,"type":"bitmap"},{"file":"minecraft:item/command_block_minecart.png","chars":[""],"height":9,"ascent":8,"type":"bitmap"},{"file":"minecraft:item/comparator.png","chars":[""],"height":9,"ascent":8,"type":"bitmap"},{"file":"minecraft:item/compass_00.png","chars":[""],"height":9,"ascent":8,"type":"bitmap"},{"file":"minecraft:item/cooked_beef.png","chars":[""],"height":9,"ascent":8,"type":"bitmap"},{"file":"minecraft:item/cooked_chicken.png","chars":[""],"height":9,"ascent":8,"type":"bitmap"},{"file":"minecraft:item/cooked_cod.png","chars":[""],"height":9,"ascent":8,"type":"bitmap"},{"file":"minecraft:item/cooked_mutton.png","chars":[""],"height":9,"ascent":8,"type":"bitmap"},{"file":"minecraft:item/cooked_porkchop.png","chars":[""],"height":9,"ascent":8,"type":"bitmap"},{"file":"minecraft:item/cooked_rabbit.png","chars":[""],"height":9,"ascent":8,"type":"bitmap"},{"file":"minecraft:item/cooked_salmon.png","chars":[""],"height":9,"ascent":8,"type":"bitmap"},{"file":"minecraft:item/cookie.png","chars":[""],"height":9,"ascent":8,"type":"bitmap"},{"file":"minecraft:item/creeper_banner_pattern.png","chars":[""],"height":9,"ascent":8,"type":"bitmap"},{"file":"minecraft:item/crossbow_arrow.png","chars":[""],"height":9,"ascent":8,"type":"bitmap"},{"file":"minecraft:item/crossbow_firework.png","chars":[""],"height":9,"ascent":8,"type":"bitmap"},{"file":"minecraft:item/crossbow_pulling_0.png","chars":[""],"height":9,"ascent":8,"type":"bitmap"},{"file":"minecraft:item/crossbow_pulling_1.png","chars":[""],"height":9,"ascent":8,"type":"bitmap"},{"file":"minecraft:item/crossbow_pulling_2.png","chars":[""],"height":9,"ascent":8,"type":"bitmap"},{"file":"minecraft:item/crossbow_standby.png","chars":[""],"height":9,"ascent":8,"type":"bitmap"},{"file":"minecraft:item/cyan_dye.png","chars":[""],"height":9,"ascent":8,"type":"bitmap"},{"file":"minecraft:item/dark_oak_boat.png","chars":[""],"height":9,"ascent":8,"type":"bitmap"},{"file":"minecraft:item/dark_oak_door.png","chars":[""],"height":9,"ascent":8,"type":"bitmap"},{"file":"minecraft:item/dark_oak_sign.png","chars":[""],"height":9,"ascent":8,"type":"bitmap"},{"file":"minecraft:item/diamond.png","chars":[""],"height":9,"ascent":8,"type":"bitmap"},{"file":"minecraft:item/diamond_axe.png","chars":[""],"height":9,"ascent":8,"type":"bitmap"},{"file":"minecraft:item/diamond_boots.png","chars":[""],"height":9,"ascent":8,"type":"bitmap"},{"file":"minecraft:item/diamond_chestplate.png","chars":[""],"height":9,"ascent":8,"type":"bitmap"},{"file":"minecraft:item/diamond_helmet.png","chars":[""],"height":9,"ascent":8,"type":"bitmap"},{"file":"minecraft:item/diamond_hoe.png","chars":[""],"height":9,"ascent":8,"type":"bitmap"},{"file":"minecraft:item/diamond_horse_armor.png","chars":[""],"height":9,"ascent":8,"type":"bitmap"},{"file":"minecraft:item/diamond_leggings.png","chars":[""],"height":9,"ascent":8,"type":"bitmap"},{"file":"minecraft:item/diamond_pickaxe.png","chars":[""],"height":9,"ascent":8,"type":"bitmap"},{"file":"minecraft:item/diamond_shovel.png","chars":[""],"height":9,"ascent":8,"type":"bitmap"},{"file":"minecraft:item/diamond_sword.png","chars":[""],"height":9,"ascent":8,"type":"bitmap"},{"file":"minecraft:item/dragon_breath.png","chars":[""],"height":9,"ascent":8,"type":"bitmap"},{"file":"minecraft:item/dried_kelp.png","chars":[""],"height":9,"ascent":8,"type":"bitmap"},{"file":"minecraft:item/egg.png","chars":[""],"height":9,"ascent":8,"type":"bitmap"},{"file":"minecraft:item/elytra.png","chars":[""],"height":9,"ascent":8,"type":"bitmap"},{"file":"minecraft:item/emerald.png","chars":[""],"height":9,"ascent":8,"type":"bitmap"},{"file":"minecraft:item/enchanted_book.png","chars":[""],"height":9,"ascent":8,"type":"bitmap"},{"file":"minecraft:item/ender_eye.png","chars":[""],"height":9,"ascent":8,"type":"bitmap"},{"file":"minecraft:item/ender_pearl.png","chars":[""],"height":9,"ascent":8,"type":"bitmap"},{"file":"minecraft:item/end_crystal.png","chars":[""],"height":9,"ascent":8,"type":"bitmap"},{"file":"minecraft:item/experience_bottle.png","chars":[""],"height":9,"ascent":8,"type":"bitmap"},{"file":"minecraft:item/feather.png","chars":[""],"height":9,"ascent":8,"type":"bitmap"},{"file":"minecraft:item/fermented_spider_eye.png","chars":[""],"height":9,"ascent":8,"type":"bitmap"},{"file":"minecraft:item/filled_map.png","chars":[""],"height":9,"ascent":8,"type":"bitmap"},{"file":"minecraft:item/filled_map_markings.png","chars":[""],"height":9,"ascent":8,"type":"bitmap"},{"file":"minecraft:item/firework_rocket.png","chars":[""],"height":9,"ascent":8,"type":"bitmap"},{"file":"minecraft:item/firework_star.png","chars":[""],"height":9,"ascent":8,"type":"bitmap"},{"file":"minecraft:item/firework_star_overlay.png","chars":[""],"height":9,"ascent":8,"type":"bitmap"},{"file":"minecraft:item/fire_charge.png","chars":[""],"height":9,"ascent":8,"type":"bitmap"},{"file":"minecraft:item/fishing_rod.png","chars":[""],"height":9,"ascent":8,"type":"bitmap"},{"file":"minecraft:item/fishing_rod_cast.png","chars":[""],"height":9,"ascent":8,"type":"bitmap"},{"file":"minecraft:item/flint.png","chars":[""],"height":9,"ascent":8,"type":"bitmap"},{"file":"minecraft:item/flint_and_steel.png","chars":[""],"height":9,"ascent":8,"type":"bitmap"},{"file":"minecraft:item/flower_banner_pattern.png","chars":[""],"height":9,"ascent":8,"type":"bitmap"},{"file":"minecraft:item/flower_pot.png","chars":[""],"height":9,"ascent":8,"type":"bitmap"},{"file":"minecraft:item/furnace_minecart.png","chars":[""],"height":9,"ascent":8,"type":"bitmap"},{"file":"minecraft:item/ghast_tear.png","chars":[""],"height":9,"ascent":8,"type":"bitmap"},{"file":"minecraft:item/glass_bottle.png","chars":[""],"height":9,"ascent":8,"type":"bitmap"},{"file":"minecraft:item/glistering_melon_slice.png","chars":[""],"height":9,"ascent":8,"type":"bitmap"},{"file":"minecraft:item/globe_banner_pattern.png","chars":[""],"height":9,"ascent":8,"type":"bitmap"},{"file":"minecraft:item/glowstone_dust.png","chars":[""],"height":9,"ascent":8,"type":"bitmap"},{"file":"minecraft:item/golden_apple.png","chars":[""],"height":9,"ascent":8,"type":"bitmap"},{"file":"minecraft:item/golden_axe.png","chars":[""],"height":9,"ascent":8,"type":"bitmap"},{"file":"minecraft:item/golden_boots.png","chars":[""],"height":9,"ascent":8,"type":"bitmap"},{"file":"minecraft:item/golden_carrot.png","chars":[""],"height":9,"ascent":8,"type":"bitmap"},{"file":"minecraft:item/golden_chestplate.png","chars":[""],"height":9,"ascent":8,"type":"bitmap"},{"file":"minecraft:item/golden_helmet.png","chars":[""],"height":9,"ascent":8,"type":"bitmap"},{"file":"minecraft:item/golden_hoe.png","chars":[""],"height":9,"ascent":8,"type":"bitmap"},{"file":"minecraft:item/golden_horse_armor.png","chars":[""],"height":9,"ascent":8,"type":"bitmap"},{"file":"minecraft:item/golden_leggings.png","chars":[""],"height":9,"ascent":8,"type":"bitmap"},{"file":"minecraft:item/golden_pickaxe.png","chars":[""],"height":9,"ascent":8,"type":"bitmap"},{"file":"minecraft:item/golden_shovel.png","chars":[""],"height":9,"ascent":8,"type":"bitmap"},{"file":"minecraft:item/golden_sword.png","chars":[""],"height":9,"ascent":8,"type":"bitmap"},{"file":"minecraft:item/gold_ingot.png","chars":[""],"height":9,"ascent":8,"type":"bitmap"},{"file":"minecraft:item/gold_nugget.png","chars":[""],"height":9,"ascent":8,"type":"bitmap"},{"file":"minecraft:item/gray_dye.png","chars":[""],"height":9,"ascent":8,"type":"bitmap"},{"file":"minecraft:item/green_dye.png","chars":[""],"height":9,"ascent":8,"type":"bitmap"},{"file":"minecraft:item/gunpowder.png","chars":[""],"height":9,"ascent":8,"type":"bitmap"},{"file":"minecraft:item/heart_of_the_sea.png","chars":[""],"height":9,"ascent":8,"type":"bitmap"},{"file":"minecraft:item/hopper.png","chars":[""],"height":9,"ascent":8,"type":"bitmap"},{"file":"minecraft:item/hopper_minecart.png","chars":[""],"height":9,"ascent":8,"type":"bitmap"},{"file":"minecraft:item/ink_sac.png","chars":[""],"height":9,"ascent":8,"type":"bitmap"},{"file":"minecraft:item/iron_axe.png","chars":[""],"height":9,"ascent":8,"type":"bitmap"},{"file":"minecraft:item/iron_boots.png","chars":[""],"height":9,"ascent":8,"type":"bitmap"},{"file":"minecraft:item/iron_chestplate.png","chars":[""],"height":9,"ascent":8,"type":"bitmap"},{"file":"minecraft:item/iron_door.png","chars":[""],"height":9,"ascent":8,"type":"bitmap"},{"file":"minecraft:item/iron_helmet.png","chars":[""],"height":9,"ascent":8,"type":"bitmap"},{"file":"minecraft:item/iron_hoe.png","chars":[""],"height":9,"ascent":8,"type":"bitmap"},{"file":"minecraft:item/iron_horse_armor.png","chars":[""],"height":9,"ascent":8,"type":"bitmap"},{"file":"minecraft:item/iron_ingot.png","chars":[""],"height":9,"ascent":8,"type":"bitmap"},{"file":"minecraft:item/iron_leggings.png","chars":[""],"height":9,"ascent":8,"type":"bitmap"},{"file":"minecraft:item/iron_nugget.png","chars":[""],"height":9,"ascent":8,"type":"bitmap"},{"file":"minecraft:item/iron_pickaxe.png","chars":[""],"height":9,"ascent":8,"type":"bitmap"},{"file":"minecraft:item/iron_shovel.png","chars":[""],"height":9,"ascent":8,"type":"bitmap"},{"file":"minecraft:item/iron_sword.png","chars":[""],"height":9,"ascent":8,"type":"bitmap"},{"file":"minecraft:item/item_frame.png","chars":[""],"height":9,"ascent":8,"type":"bitmap"},{"file":"minecraft:item/jungle_boat.png","chars":[""],"height":9,"ascent":8,"type":"bitmap"},{"file":"minecraft:item/jungle_door.png","chars":[""],"height":9,"ascent":8,"type":"bitmap"},{"file":"minecraft:item/jungle_sign.png","chars":[""],"height":9,"ascent":8,"type":"bitmap"},{"file":"minecraft:item/kelp.png","chars":[""],"height":9,"ascent":8,"type":"bitmap"},{"file":"minecraft:item/knowledge_book.png","chars":[""],"height":9,"ascent":8,"type":"bitmap"},{"file":"minecraft:item/lantern.png","chars":[""],"height":9,"ascent":8,"type":"bitmap"},{"file":"minecraft:item/lapis_lazuli.png","chars":[""],"height":9,"ascent":8,"type":"bitmap"},{"file":"minecraft:item/lava_bucket.png","chars":[""],"height":9,"ascent":8,"type":"bitmap"},{"file":"minecraft:item/lead.png","chars":[""],"height":9,"ascent":8,"type":"bitmap"},{"file":"minecraft:item/leather.png","chars":[""],"height":9,"ascent":8,"type":"bitmap"},{"file":"minecraft:item/leather_horse_armor.png","chars":[""],"height":9,"ascent":8,"type":"bitmap"},{"file":"minecraft:item/light_blue_dye.png","chars":[""],"height":9,"ascent":8,"type":"bitmap"},{"file":"minecraft:item/light_gray_dye.png","chars":[""],"height":9,"ascent":8,"type":"bitmap"},{"file":"minecraft:item/lime_dye.png","chars":[""],"height":9,"ascent":8,"type":"bitmap"},{"file":"minecraft:item/lingering_potion.png","chars":[""],"height":9,"ascent":8,"type":"bitmap"},{"file":"minecraft:item/magenta_dye.png","chars":[""],"height":9,"ascent":8,"type":"bitmap"},{"file":"minecraft:item/magma_cream.png","chars":[""],"height":9,"ascent":8,"type":"bitmap"},{"file":"minecraft:item/map.png","chars":[""],"height":9,"ascent":8,"type":"bitmap"},{"file":"minecraft:item/melon_seeds.png","chars":[""],"height":9,"ascent":8,"type":"bitmap"},{"file":"minecraft:item/melon_slice.png","chars":[""],"height":9,"ascent":8,"type":"bitmap"},{"file":"minecraft:item/milk_bucket.png","chars":[""],"height":9,"ascent":8,"type":"bitmap"},{"file":"minecraft:item/minecart.png","chars":[""],"height":9,"ascent":8,"type":"bitmap"},{"file":"minecraft:item/mojang_banner_pattern.png","chars":[""],"height":9,"ascent":8,"type":"bitmap"},{"file":"minecraft:item/mushroom_stew.png","chars":[""],"height":9,"ascent":8,"type":"bitmap"},{"file":"minecraft:item/music_disc_11.png","chars":[""],"height":9,"ascent":8,"type":"bitmap"},{"file":"minecraft:item/music_disc_13.png","chars":[""],"height":9,"ascent":8,"type":"bitmap"},{"file":"minecraft:item/music_disc_blocks.png","chars":[""],"height":9,"ascent":8,"type":"bitmap"},{"file":"minecraft:item/music_disc_cat.png","chars":[""],"height":9,"ascent":8,"type":"bitmap"},{"file":"minecraft:item/music_disc_chirp.png","chars":[""],"height":9,"ascent":8,"type":"bitmap"},{"file":"minecraft:item/music_disc_far.png","chars":[""],"height":9,"ascent":8,"type":"bitmap"},{"file":"minecraft:item/music_disc_mall.png","chars":[""],"height":9,"ascent":8,"type":"bitmap"},{"file":"minecraft:item/music_disc_mellohi.png","chars":[""],"height":9,"ascent":8,"type":"bitmap"},{"file":"minecraft:item/music_disc_stal.png","chars":[""],"height":9,"ascent":8,"type":"bitmap"},{"file":"minecraft:item/music_disc_strad.png","chars":[""],"height":9,"ascent":8,"type":"bitmap"},{"file":"minecraft:item/music_disc_wait.png","chars":[""],"height":9,"ascent":8,"type":"bitmap"},{"file":"minecraft:item/music_disc_ward.png","chars":[""],"height":9,"ascent":8,"type":"bitmap"},{"file":"minecraft:item/mutton.png","chars":[""],"height":9,"ascent":8,"type":"bitmap"},{"file":"minecraft:item/name_tag.png","chars":[""],"height":9,"ascent":8,"type":"bitmap"},{"file":"minecraft:item/nautilus_shell.png","chars":[""],"height":9,"ascent":8,"type":"bitmap"},{"file":"minecraft:item/nether_brick.png","chars":[""],"height":9,"ascent":8,"type":"bitmap"},{"file":"minecraft:item/nether_star.png","chars":[""],"height":9,"ascent":8,"type":"bitmap"},{"file":"minecraft:item/nether_wart.png","chars":[""],"height":9,"ascent":8,"type":"bitmap"},{"file":"minecraft:item/oak_boat.png","chars":[""],"height":9,"ascent":8,"type":"bitmap"},{"file":"minecraft:item/oak_door.png","chars":[""],"height":9,"ascent":8,"type":"bitmap"},{"file":"minecraft:item/oak_sign.png","chars":[""],"height":9,"ascent":8,"type":"bitmap"},{"file":"minecraft:item/orange_dye.png","chars":[""],"height":9,"ascent":8,"type":"bitmap"},{"file":"minecraft:item/painting.png","chars":[""],"height":9,"ascent":8,"type":"bitmap"},{"file":"minecraft:item/paper.png","chars":[""],"height":9,"ascent":8,"type":"bitmap"},{"file":"minecraft:item/phantom_membrane.png","chars":[""],"height":9,"ascent":8,"type":"bitmap"},{"file":"minecraft:item/pink_dye.png","chars":[""],"height":9,"ascent":8,"type":"bitmap"},{"file":"minecraft:item/poisonous_potato.png","chars":[""],"height":9,"ascent":8,"type":"bitmap"},{"file":"minecraft:item/popped_chorus_fruit.png","chars":[""],"height":9,"ascent":8,"type":"bitmap"},{"file":"minecraft:item/porkchop.png","chars":[""],"height":9,"ascent":8,"type":"bitmap"},{"file":"minecraft:item/potato.png","chars":[""],"height":9,"ascent":8,"type":"bitmap"},{"file":"minecraft:item/potion.png","chars":[""],"height":9,"ascent":8,"type":"bitmap"},{"file":"minecraft:item/potion_overlay.png","chars":[""],"height":9,"ascent":8,"type":"bitmap"},{"file":"minecraft:item/prismarine_crystals.png","chars":[""],"height":9,"ascent":8,"type":"bitmap"},{"file":"minecraft:item/prismarine_shard.png","chars":[""],"height":9,"ascent":8,"type":"bitmap"},{"file":"minecraft:item/pufferfish.png","chars":[""],"height":9,"ascent":8,"type":"bitmap"},{"file":"minecraft:item/pufferfish_bucket.png","chars":[""],"height":9,"ascent":8,"type":"bitmap"},{"file":"minecraft:item/pumpkin_pie.png","chars":[""],"height":9,"ascent":8,"type":"bitmap"},{"file":"minecraft:item/pumpkin_seeds.png","chars":[""],"height":9,"ascent":8,"type":"bitmap"},{"file":"minecraft:item/purple_dye.png","chars":[""],"height":9,"ascent":8,"type":"bitmap"},{"file":"minecraft:item/quartz.png","chars":[""],"height":9,"ascent":8,"type":"bitmap"},{"file":"minecraft:item/rabbit.png","chars":[""],"height":9,"ascent":8,"type":"bitmap"},{"file":"minecraft:item/rabbit_foot.png","chars":[""],"height":9,"ascent":8,"type":"bitmap"},{"file":"minecraft:item/rabbit_hide.png","chars":[""],"height":9,"ascent":8,"type":"bitmap"},{"file":"minecraft:item/rabbit_stew.png","chars":[""],"height":9,"ascent":8,"type":"bitmap"},{"file":"minecraft:item/redstone.png","chars":[""],"height":9,"ascent":8,"type":"bitmap"},{"file":"minecraft:item/red_dye.png","chars":[""],"height":9,"ascent":8,"type":"bitmap"},{"file":"minecraft:item/repeater.png","chars":[""],"height":9,"ascent":8,"type":"bitmap"},{"file":"minecraft:item/rotten_flesh.png","chars":[""],"height":9,"ascent":8,"type":"bitmap"},{"file":"mcemojis:mc_ruby.png","chars":[""],"height":9,"ascent":8,"type":"bitmap"},{"file":"minecraft:item/saddle.png","chars":[""],"height":9,"ascent":8,"type":"bitmap"},{"file":"minecraft:item/salmon.png","chars":[""],"height":9,"ascent":8,"type":"bitmap"},{"file":"minecraft:item/salmon_bucket.png","chars":[""],"height":9,"ascent":8,"type":"bitmap"},{"file":"minecraft:item/scute.png","chars":[""],"height":9,"ascent":8,"type":"bitmap"},{"file":"minecraft:item/seagrass.png","chars":[""],"height":9,"ascent":8,"type":"bitmap"},{"file":"minecraft:item/sea_pickle.png","chars":[""],"height":9,"ascent":8,"type":"bitmap"},{"file":"minecraft:item/shears.png","chars":[""],"height":9,"ascent":8,"type":"bitmap"},{"file":"minecraft:item/shulker_shell.png","chars":[""],"height":9,"ascent":8,"type":"bitmap"},{"file":"minecraft:item/skull_banner_pattern.png","chars":[""],"height":9,"ascent":8,"type":"bitmap"},{"file":"minecraft:item/slime_ball.png","chars":[""],"height":9,"ascent":8,"type":"bitmap"},{"file":"minecraft:item/snowball.png","chars":[""],"height":9,"ascent":8,"type":"bitmap"},{"file":"minecraft:item/spawn_egg.png","chars":[""],"height":9,"ascent":8,"type":"bitmap"},{"file":"minecraft:item/spawn_egg_overlay.png","chars":[""],"height":9,"ascent":8,"type":"bitmap"},{"file":"minecraft:item/spectral_arrow.png","chars":[""],"height":9,"ascent":8,"type":"bitmap"},{"file":"minecraft:item/spider_eye.png","chars":[""],"height":9,"ascent":8,"type":"bitmap"},{"file":"minecraft:item/splash_potion.png","chars":[""],"height":9,"ascent":8,"type":"bitmap"},{"file":"minecraft:item/spruce_boat.png","chars":[""],"height":9,"ascent":8,"type":"bitmap"},{"file":"minecraft:item/spruce_door.png","chars":[""],"height":9,"ascent":8,"type":"bitmap"},{"file":"minecraft:item/spruce_sign.png","chars":[""],"height":9,"ascent":8,"type":"bitmap"},{"file":"minecraft:item/stick.png","chars":[""],"height":9,"ascent":8,"type":"bitmap"},{"file":"minecraft:item/stone_axe.png","chars":[""],"height":9,"ascent":8,"type":"bitmap"},{"file":"minecraft:item/stone_hoe.png","chars":[""],"height":9,"ascent":8,"type":"bitmap"},{"file":"minecraft:item/stone_pickaxe.png","chars":[""],"height":9,"ascent":8,"type":"bitmap"},{"file":"minecraft:item/stone_shovel.png","chars":[""],"height":9,"ascent":8,"type":"bitmap"},{"file":"minecraft:item/stone_sword.png","chars":[""],"height":9,"ascent":8,"type":"bitmap"},{"file":"minecraft:item/string.png","chars":[""],"height":9,"ascent":8,"type":"bitmap"},{"file":"minecraft:item/structure_void.png","chars":[""],"height":9,"ascent":8,"type":"bitmap"},{"file":"minecraft:item/sugar.png","chars":[""],"height":9,"ascent":8,"type":"bitmap"},{"file":"minecraft:item/sugar_cane.png","chars":[""],"height":9,"ascent":8,"type":"bitmap"},{"file":"minecraft:item/suspicious_stew.png","chars":[""],"height":9,"ascent":8,"type":"bitmap"},{"file":"minecraft:item/sweet_berries.png","chars":[""],"height":9,"ascent":8,"type":"bitmap"},{"file":"minecraft:item/tipped_arrow_base.png","chars":[""],"height":9,"ascent":8,"type":"bitmap"},{"file":"minecraft:item/tipped_arrow_head.png","chars":[""],"height":9,"ascent":8,"type":"bitmap"},{"file":"minecraft:item/tnt_minecart.png","chars":[""],"height":9,"ascent":8,"type":"bitmap"},{"file":"minecraft:item/totem_of_undying.png","chars":[""],"height":9,"ascent":8,"type":"bitmap"},{"file":"minecraft:item/trident.png","chars":[""],"height":9,"ascent":8,"type":"bitmap"},{"file":"minecraft:item/tropical_fish.png","chars":[""],"height":9,"ascent":8,"type":"bitmap"},{"file":"minecraft:item/tropical_fish_bucket.png","chars":[""],"height":9,"ascent":8,"type":"bitmap"},{"file":"minecraft:item/turtle_egg.png","chars":[""],"height":9,"ascent":8,"type":"bitmap"},{"file":"minecraft:item/turtle_helmet.png","chars":[""],"height":9,"ascent":8,"type":"bitmap"},{"file":"minecraft:item/water_bucket.png","chars":[""],"height":9,"ascent":8,"type":"bitmap"},{"file":"minecraft:item/wheat.png","chars":[""],"height":9,"ascent":8,"type":"bitmap"},{"file":"minecraft:item/wheat_seeds.png","chars":[""],"height":9,"ascent":8,"type":"bitmap"},{"file":"minecraft:item/white_dye.png","chars":[""],"height":9,"ascent":8,"type":"bitmap"},{"file":"minecraft:item/wooden_axe.png","chars":[""],"height":9,"ascent":8,"type":"bitmap"},{"file":"minecraft:item/wooden_hoe.png","chars":[""],"height":9,"ascent":8,"type":"bitmap"},{"file":"minecraft:item/wooden_pickaxe.png","chars":[""],"height":9,"ascent":8,"type":"bitmap"},{"file":"minecraft:item/wooden_shovel.png","chars":[""],"height":9,"ascent":8,"type":"bitmap"},{"file":"minecraft:item/wooden_sword.png","chars":[""],"height":9,"ascent":8,"type":"bitmap"},{"file":"minecraft:item/writable_book.png","chars":[""],"height":9,"ascent":8,"type":"bitmap"},{"file":"minecraft:item/written_book.png","chars":[""],"height":9,"ascent":8,"type":"bitmap"},{"file":"minecraft:item/yellow_dye.png","chars":[""],"height":9,"ascent":8,"type":"bitmap"},{"file":"magiccosmetics:menu/menu.png","chars":[""],"height":255,"ascent":45,"type":"bitmap"},{"file":"magiccosmetics:menu/menu2.png","chars":[""],"height":255,"ascent":59,"type":"bitmap"},{"file":"magiccosmetics:menu/trade.png","chars":[""],"height":255,"ascent":98,"type":"bitmap"},{"file":"magiccosmetics:menu/screen.png","chars":[""],"height":1500,"ascent":70,"type":"bitmap"},{"file":"magiccosmetics:menu/slot_selected.png","chars":["쌃"],"height":23,"ascent":-4,"type":"bitmap"},{"file":"magiccosmetics:menu/slot_selected.png","chars":[""],"height":20,"ascent":-94,"type":"bitmap"},{"file":"magiccosmetics:menu/black.png","chars":[""],"height":5,"ascent":-5000,"type":"bitmap"},{"file":"magiccosmetics:menu/pixel_split.png","chars":[""],"height":-3,"ascent":-32768,"type":"bitmap"},{"file":"magiccosmetics:menu/pixel_split.png","chars":[""],"height":-4,"ascent":-32678,"type":"bitmap"},{"file":"magiccosmetics:menu/pixel_split.png","chars":[""],"height":-5,"ascent":-32768,"type":"bitmap"},{"file":"magiccosmetics:menu/pixel_split.png","chars":[""],"height":-6,"ascent":-32768,"type":"bitmap"},{"file":"magiccosmetics:menu/pixel_split.png","chars":[""],"height":-7,"ascent":-32768,"type":"bitmap"},{"file":"magiccosmetics:menu/pixel_split.png","chars":[""],"height":-8,"ascent":-32768,"type":"bitmap"},{"file":"magiccosmetics:menu/pixel_split.png","chars":[""],"height":-9,"ascent":-32768,"type":"bitmap"},{"file":"magiccosmetics:menu/pixel_split.png","chars":[""],"height":-10,"ascent":-32768,"type":"bitmap"},{"file":"magiccosmetics:menu/pixel_split.png","chars":[""],"height":-18,"ascent":-32768,"type":"bitmap"},{"file":"magiccosmetics:menu/pixel_split.png","chars":[""],"height":-34,"ascent":-32768,"type":"bitmap"},{"file":"magiccosmetics:menu/pixel_split.png","chars":[""],"height":-66,"ascent":-32768,"type":"bitmap"},{"file":"magiccosmetics:menu/slot_locked.png","chars":["쌥"],"height":32,"ascent":-40,"type":"bitmap"},{"file":"magiccosmetics:menu/slot_locked.png","chars":["쌦"],"height":32,"ascent":-58,"type":"bitmap"},{"file":"magiccosmetics:menu/slot_locked.png","chars":["쌧"],"height":32,"ascent":-76,"type":"bitmap"},{"file":"magiccosmetics:menu/slot_locked.png","chars":["쌨"],"height":32,"ascent":-94,"type":"bitmap"},{"file":"magiccosmetics:menu/selected.png","chars":["쌉"],"height":32,"ascent":-3,"type":"bitmap"},{"file":"magiccosmetics:menu/selected.png","chars":["쌊"],"height":32,"ascent":-21,"type":"bitmap"},{"file":"magiccosmetics:menu/selected.png","chars":["쌋"],"height":32,"ascent":-39,"type":"bitmap"},{"file":"magiccosmetics:menu/selected.png","chars":["쌌"],"height":32,"ascent":-57,"type":"bitmap"},{"file":"magiccosmetics:menu/selected.png","chars":["쌍"],"height":32,"ascent":-75,"type":"bitmap"},{"file":"magiccosmetics:menu/selected.png","chars":["쌎"],"height":32,"ascent":-93,"type":"bitmap"}]}