{
    "sources": [
        {
            "type": "directory",
            "source": "gameitems",
            "prefix": "gameitems/"
        },
        {
            "type": "directory",
            "source": "cosmetics",
            "prefix": "cosmetics/"
        },
        {
            "type": "directory",
            "source": "pokemon",
            "prefix": "pokemon/"
        },
        {
            "type": "directory",
            "source": "pokeball",
            "prefix": "pokeball/"
        },
        {
            "type": "directory",
            "source": "misc",
            "prefix": "misc/"
        },
        {
            "type": "directory",
            "source": "guis",
            "prefix": "guis/"
        },
        {
            "type": "directory",
            "source": "gui",
            "prefix": "gui/"
        },
        {
            "type": "directory",
            "source": "unicode",
            "prefix": "unicode/"
        },
        {
            "type": "directory",
            "source": "pokemonsprites",
            "prefix": "pokemonsprites/"
        },
        {
            "type": "directory",
            "source": "entity",
            "prefix": "entity/"
        }
    ]
}