{"credit":"Made with Blockbench","textures":{"0":"crates:pokeball_crate_key_texture","particle":"crates:pokeball_crate_key_texture"},"elements":[{"from":[7.625,4.25,8],"to":[8.625,8.25,9],"rotation":{"angle":0,"axis":"y","origin":[8.075,3.25,0.25]},"faces":{"north":{"uv":[3,6,4,10],"texture":"#0"},"east":{"uv":[6,3,7,7],"texture":"#0"},"south":{"uv":[4,6,5,10],"texture":"#0"},"west":{"uv":[5,6,6,10],"texture":"#0"},"up":{"uv":[8,7,7,6],"texture":"#0"},"down":{"uv":[8,7,7,8],"texture":"#0"}}},{"from":[8.125,5.25,7],"to":[8.125,8.25,8],"rotation":{"angle":0,"axis":"y","origin":[7.575,0.25,-0.75]},"faces":{"north":{"uv":[0,0,0,3],"texture":"#0"},"east":{"uv":[7,3,8,6],"texture":"#0"},"south":{"uv":[0,0,0,3],"texture":"#0"},"west":{"uv":[6,7,7,10],"texture":"#0"},"up":{"uv":[0,1,0,0],"texture":"#0"},"down":{"uv":[0,0,0,1],"texture":"#0"}}},{"from":[8.125,8.25,8],"to":[8.125,9.25,9],"rotation":{"angle":0,"axis":"y","origin":[7.575,0.25,0.25]},"faces":{"north":{"uv":[0,0,0,1],"texture":"#0"},"east":{"uv":[8,3,9,4],"texture":"#0"},"south":{"uv":[0,0,0,1],"texture":"#0"},"west":{"uv":[8,4,9,5],"texture":"#0"},"up":{"uv":[0,1,0,0],"texture":"#0"},"down":{"uv":[0,0,0,1],"texture":"#0"}}},{"from":[6.625,1.25,7],"to":[9.625,4.25,10],"rotation":{"angle":0,"axis":"y","origin":[-0.875,9.25,6.62807]},"faces":{"north":{"uv":[0,0,3,3],"texture":"#0"},"east":{"uv":[0,3,3,6],"texture":"#0"},"south":{"uv":[3,0,6,3],"texture":"#0"},"west":{"uv":[3,3,6,6],"texture":"#0"},"up":{"uv":[3,9,0,6],"texture":"#0"},"down":{"uv":[9,0,6,3],"texture":"#0"}}}],"gui_light":"front","display":{"thirdperson_righthand":{"rotation":[-75,0,0],"translation":[0,1,-6]},"thirdperson_lefthand":{"rotation":[-75,0,0],"translation":[0,1,-6]},"firstperson_righthand":{"rotation":[-36,18,2],"translation":[0.25,7.5,-0.75]},"firstperson_lefthand":{"rotation":[-36,18,2],"translation":[0.5,7.5,-0.75]},"ground":{"translation":[0,2,0],"scale":[0.5,0.5,0.5]},"gui":{"rotation":[-57,-41,-71],"translation":[4,3.5,0],"scale":[1.5,1.5,1.5]},"fixed":{"rotation":[0,90,0],"translation":[-0.75,3.75,0]}}}