{"credit":"Made with Blockbench","textures":{"1":"crates:vote_crate_key_texture"},"elements":[{"from":[7.625,4.25,8],"to":[8.625,8.25,9],"rotation":{"angle":0,"axis":"y","origin":[8.075,3.25,0.25]},"faces":{"north":{"uv":[1,7,2,11],"texture":"#1"},"east":{"uv":[0,7,1,11],"texture":"#1"},"south":{"uv":[3,7,4,11],"texture":"#1"},"west":{"uv":[2,7,3,11],"texture":"#1"},"up":{"uv":[2,7,1,6],"texture":"#1"},"down":{"uv":[3,6,2,7],"texture":"#1"}}},{"from":[8.125,5.25,7],"to":[8.125,8.25,8],"rotation":{"angle":0,"axis":"y","origin":[7.575,0.25,-0.75]},"faces":{"north":{"uv":[5,6,5,9],"texture":"#1"},"east":{"uv":[4,6,5,9],"texture":"#1"},"south":{"uv":[6,6,6,9],"texture":"#1"},"west":{"uv":[5,6,6,9],"texture":"#1"},"up":{"uv":[5,6,5,5],"texture":"#1"},"down":{"uv":[5,5,5,6],"texture":"#1"}}},{"from":[8.125,8.25,8],"to":[8.125,9.25,9],"rotation":{"angle":0,"axis":"y","origin":[7.575,0.25,0.25]},"faces":{"north":{"uv":[1,1,1,2],"texture":"#1"},"east":{"uv":[0,1,1,2],"texture":"#1"},"south":{"uv":[2,1,2,2],"texture":"#1"},"west":{"uv":[1,1,2,2],"texture":"#1"},"up":{"uv":[1,1,1,0],"texture":"#1"},"down":{"uv":[1,0,1,1],"texture":"#1"}}},{"from":[6.625,1.25,7],"to":[9.625,4.25,10],"rotation":{"angle":0,"axis":"y","origin":[-0.875,9.25,6.62807]},"faces":{"north":{"uv":[3,3,6,6],"texture":"#1"},"east":{"uv":[0,3,3,6],"texture":"#1"},"south":{"uv":[9,3,12,6],"texture":"#1"},"west":{"uv":[6,3,9,6],"texture":"#1"},"up":{"uv":[6,3,3,0],"texture":"#1"},"down":{"uv":[9,0,6,3],"texture":"#1"}}}],"gui_light":"front","display":{"thirdperson_righthand":{"rotation":[-75,0,0],"translation":[0,1,-6]},"thirdperson_lefthand":{"rotation":[-75,0,0],"translation":[0,1,-6]},"firstperson_righthand":{"rotation":[-36,18,2],"translation":[0.25,7.5,-0.75]},"firstperson_lefthand":{"rotation":[-36,18,2],"translation":[0.5,7.5,-0.75]},"ground":{"translation":[0,2,0],"scale":[0.5,0.5,0.5]},"gui":{"rotation":[-57,-41,-71],"translation":[4,3.5,0],"scale":[1.5,1.5,1.5]},"fixed":{"rotation":[0,90,0],"translation":[-0.75,3.75,0]}}}