{"textures":{"0":"modelengine:entity/nocsy_cat5"},"elements":[{"from":[4.7403827,7.363572,8.014564],"to":[8.168954,10.792144,8.014564],"rotation":{"angle":22.5,"axis":"z","origin":[5.997525,9.077858,7.9717064]},"faces":{"east":{"uv":[5.375,8.75,5.375,9.5],"rotation":0,"texture":"#0","tintindex":0},"south":{"uv":[4.5,2.625,5.25,3.375],"rotation":0,"texture":"#0","tintindex":0},"north":{"uv":[4.375,4.375,5.125,5.125],"rotation":0,"texture":"#0","tintindex":0},"west":{"uv":[5.5,8.75,5.5,9.5],"rotation":0,"texture":"#0","tintindex":0},"up":{"uv":[9.5,4.25,8.75,4.25],"rotation":0,"texture":"#0","tintindex":0},"down":{"uv":[9.5,4.375,8.75,4.375],"rotation":0,"texture":"#0","tintindex":0}}},{"from":[4.7403827,7.077858,8.043135],"to":[8.168954,10.50643,8.085992],"rotation":{"angle":22.5,"axis":"z","origin":[5.997525,8.849286,7.9717064]},"faces":{"east":{"uv":[4.0,7.25,4.125,8.0],"rotation":0,"texture":"#0","tintindex":0},"south":{"uv":[0.0,4.625,0.75,5.375],"rotation":0,"texture":"#0","tintindex":0},"north":{"uv":[4.5,3.5,5.25,4.25],"rotation":0,"texture":"#0","tintindex":0},"west":{"uv":[7.625,2.75,7.75,3.5],"rotation":0,"texture":"#0","tintindex":0},"up":{"uv":[8.25,1.125,7.5,1.0],"rotation":0,"texture":"#0","tintindex":0},"down":{"uv":[8.375,3.625,7.625,3.75],"rotation":0,"texture":"#0","tintindex":0}}},{"from":[7.863016,7.077858,8.043135],"to":[11.291588,10.50643,8.085992],"rotation":{"angle":-22.5,"axis":"z","origin":[10.034445,8.849286,7.9717064]},"faces":{"east":{"uv":[7.625,3.875,7.75,4.625],"rotation":0,"texture":"#0","tintindex":0},"south":{"uv":[1.75,4.625,2.5,5.375],"rotation":0,"texture":"#0","tintindex":0},"north":{"uv":[0.875,4.625,1.625,5.375],"rotation":0,"texture":"#0","tintindex":0},"west":{"uv":[7.625,4.75,7.75,5.5],"rotation":0,"texture":"#0","tintindex":0},"up":{"uv":[8.375,5.75,7.625,5.625],"rotation":0,"texture":"#0","tintindex":0},"down":{"uv":[8.375,5.875,7.625,6.0],"rotation":0,"texture":"#0","tintindex":0}}},{"from":[7.863016,7.363572,8.014564],"to":[11.291588,10.792144,8.014564],"rotation":{"angle":-22.5,"axis":"z","origin":[10.034445,9.077858,7.9717064]},"faces":{"east":{"uv":[5.75,8.75,5.75,9.5],"rotation":0,"texture":"#0","tintindex":0},"south":{"uv":[5.25,0.0,6.0,0.75],"rotation":0,"texture":"#0","tintindex":0},"north":{"uv":[2.625,4.75,3.375,5.5],"rotation":0,"texture":"#0","tintindex":0},"west":{"uv":[5.875,8.75,5.875,9.5],"rotation":0,"texture":"#0","tintindex":0},"up":{"uv":[9.5,4.5,8.75,4.5],"rotation":0,"texture":"#0","tintindex":0},"down":{"uv":[9.5,4.875,8.75,4.875],"rotation":0,"texture":"#0","tintindex":0}}}],"display":{"head":{"translation":[0.0,-6.4,0.0],"scale":[4.0,4.0,4.0]}}}