{"textures":{"0":"modelengine:entity/walker_mech_odst"},"elements":[{"from":[6.857143,6.857143,6.857143],"to":[9.142858,9.142858,9.142858],"rotation":{"angle":0.0,"axis":"y","origin":[8.0,8.0,8.0]},"faces":{"east":{"uv":[11.121,13.504,10.629,13.996],"rotation":0,"texture":"#0","tintindex":0},"south":{"uv":[11.121,13.504,10.629,13.996],"rotation":0,"texture":"#0","tintindex":0},"north":{"uv":[11.121,13.504,10.629,13.996],"rotation":0,"texture":"#0","tintindex":0},"west":{"uv":[11.121,13.504,10.629,13.996],"rotation":0,"texture":"#0","tintindex":0},"up":{"uv":[11.121,13.504,10.629,13.996],"rotation":0,"texture":"#0","tintindex":0},"down":{"uv":[11.121,13.504,10.629,13.996],"rotation":0,"texture":"#0","tintindex":0}}},{"from":[7.142857,6.285714,8.0],"to":[8.857143,9.714286,9.714286],"rotation":{"angle":0.0,"axis":"y","origin":[8.0,8.0,8.0]},"faces":{"east":{"uv":[1.621,13.129,1.254,13.871],"rotation":0,"texture":"#0","tintindex":0},"south":{"uv":[1.246,13.129,0.879,13.871],"rotation":0,"texture":"#0","tintindex":0},"north":{"uv":[1.996,13.129,1.629,13.871],"rotation":0,"texture":"#0","tintindex":0},"west":{"uv":[13.496,9.504,13.129,10.246],"rotation":0,"texture":"#0","tintindex":0},"up":{"uv":[14.621,12.129,14.254,12.496],"rotation":0,"texture":"#0","tintindex":0},"down":{"uv":[14.621,12.871,14.254,12.504],"rotation":0,"texture":"#0","tintindex":0}}},{"from":[5.714286,-2.285715,9.714286],"to":[10.285714,11.428572,10.857143],"rotation":{"angle":0.0,"axis":"y","origin":[8.0,8.0,10.857143]},"faces":{"east":{"uv":[10.121,10.629,9.879,13.621],"rotation":0,"texture":"#0","tintindex":0},"south":{"uv":[6.254,2.504,7.246,5.496],"rotation":0,"texture":"#0","tintindex":0},"north":{"uv":[7.246,5.504,6.254,8.496],"rotation":0,"texture":"#0","tintindex":0},"west":{"uv":[4.996,10.879,4.754,13.871],"rotation":0,"texture":"#0","tintindex":0},"up":{"uv":[14.371,7.754,13.379,7.996],"rotation":0,"texture":"#0","tintindex":0},"down":{"uv":[14.371,9.496,13.379,9.254],"rotation":0,"texture":"#0","tintindex":0}}},{"from":[7.142857,-2.285715,8.0],"to":[8.857143,-0.57142925,9.714286],"rotation":{"angle":0.0,"axis":"y","origin":[8.0,-0.57142925,8.0]},"faces":{"east":{"uv":[11.746,14.379,11.379,14.746],"rotation":0,"texture":"#0","tintindex":0},"south":{"uv":[11.746,14.379,11.379,14.746],"rotation":0,"texture":"#0","tintindex":0},"north":{"uv":[11.746,14.379,11.379,14.746],"rotation":0,"texture":"#0","tintindex":0},"west":{"uv":[11.746,14.379,11.379,14.746],"rotation":0,"texture":"#0","tintindex":0},"up":{"uv":[11.746,14.379,11.379,14.746],"rotation":0,"texture":"#0","tintindex":0},"down":{"uv":[11.746,14.379,11.379,14.746],"rotation":0,"texture":"#0","tintindex":0}}},{"from":[7.1485715,-0.56571484,8.005714],"to":[8.851429,1.708571,9.708571],"rotation":{"angle":45.0,"axis":"x","origin":[8.0,-0.57142925,8.0]},"faces":{"east":{"uv":[14.371,5.004,14.004,5.496],"rotation":0,"texture":"#0","tintindex":0},"south":{"uv":[14.371,4.004,14.004,4.496],"rotation":0,"texture":"#0","tintindex":0},"north":{"uv":[9.746,14.004,9.379,14.496],"rotation":0,"texture":"#0","tintindex":0},"west":{"uv":[14.371,9.504,14.004,9.996],"rotation":0,"texture":"#0","tintindex":0},"up":{"uv":[12.871,14.379,12.504,14.746],"rotation":0,"texture":"#0","tintindex":0},"down":{"uv":[14.746,13.371,14.379,13.004],"rotation":0,"texture":"#0","tintindex":0}}},{"from":[7.1485715,4.0057144,8.005714],"to":[8.851429,6.2799997,9.708571],"rotation":{"angle":-45.0,"axis":"x","origin":[8.0,6.285714,8.0]},"faces":{"east":{"uv":[14.371,5.496,14.004,5.004],"rotation":0,"texture":"#0","tintindex":0},"south":{"uv":[14.371,4.496,14.004,4.004],"rotation":0,"texture":"#0","tintindex":0},"north":{"uv":[9.746,14.496,9.379,14.004],"rotation":0,"texture":"#0","tintindex":0},"west":{"uv":[14.371,9.996,14.004,9.504],"rotation":0,"texture":"#0","tintindex":0},"up":{"uv":[14.746,13.004,14.379,13.371],"rotation":0,"texture":"#0","tintindex":0},"down":{"uv":[12.871,14.746,12.504,14.379],"rotation":0,"texture":"#0","tintindex":0}}},{"from":[7.1485715,9.72,8.005714],"to":[8.851429,11.994286,9.708571],"rotation":{"angle":45.0,"axis":"x","origin":[8.0,9.714286,8.0]},"faces":{"east":{"uv":[14.371,5.004,14.004,5.496],"rotation":0,"texture":"#0","tintindex":0},"south":{"uv":[14.371,4.004,14.004,4.496],"rotation":0,"texture":"#0","tintindex":0},"north":{"uv":[9.746,14.004,9.379,14.496],"rotation":0,"texture":"#0","tintindex":0},"west":{"uv":[14.371,9.504,14.004,9.996],"rotation":0,"texture":"#0","tintindex":0},"up":{"uv":[12.871,14.379,12.504,14.746],"rotation":0,"texture":"#0","tintindex":0},"down":{"uv":[14.746,13.371,14.379,13.004],"rotation":0,"texture":"#0","tintindex":0}}}],"display":{"head":{"translation":[0.0,-6.4,0.0],"scale":[4.0,4.0,4.0]}}}