{"textures":{"0":"modelengine:entity/walker_mech_odst"},"elements":[{"from":[6.857143,6.857143,6.857143],"to":[9.142858,9.142858,9.142858],"rotation":{"angle":0.0,"axis":"y","origin":[8.0,8.0,8.0]},"faces":{"east":{"uv":[11.121,13.996,10.629,13.504],"rotation":0,"texture":"#0","tintindex":0},"south":{"uv":[11.121,13.996,10.629,13.504],"rotation":0,"texture":"#0","tintindex":0},"north":{"uv":[11.121,13.996,10.629,13.504],"rotation":0,"texture":"#0","tintindex":0},"west":{"uv":[11.121,13.996,10.629,13.504],"rotation":0,"texture":"#0","tintindex":0},"up":{"uv":[11.121,13.996,10.629,13.504],"rotation":0,"texture":"#0","tintindex":0},"down":{"uv":[11.121,13.996,10.629,13.504],"rotation":0,"texture":"#0","tintindex":0}}},{"from":[7.142857,5.714286,7.142857],"to":[8.857143,6.857143,8.857143],"rotation":{"angle":0.0,"axis":"y","origin":[8.0,6.857143,8.0]},"faces":{"east":{"uv":[14.629,14.504,14.996,14.746],"rotation":0,"texture":"#0","tintindex":0},"south":{"uv":[14.629,14.504,14.996,14.746],"rotation":0,"texture":"#0","tintindex":0},"north":{"uv":[14.629,14.504,14.996,14.746],"rotation":0,"texture":"#0","tintindex":0},"west":{"uv":[14.629,14.504,14.996,14.746],"rotation":0,"texture":"#0","tintindex":0},"up":{"uv":[12.371,5.871,12.004,5.504],"rotation":0,"texture":"#0","tintindex":0},"down":{"uv":[14.621,11.754,14.254,12.121],"rotation":0,"texture":"#0","tintindex":0}}},{"from":[7.142857,5.142857,4.8571424],"to":[7.142857,6.857143,7.142857],"rotation":{"angle":45.0,"axis":"y","origin":[7.142857,6.857143,7.142857]},"faces":{"east":{"uv":[8.504,13.879,8.996,14.246],"rotation":0,"texture":"#0","tintindex":0},"south":{"uv":[0.004,0.004,-0.004,0.371],"rotation":0,"texture":"#0","tintindex":0},"north":{"uv":[0.004,0.004,-0.004,0.371],"rotation":0,"texture":"#0","tintindex":0},"west":{"uv":[8.996,13.879,8.504,14.246],"rotation":0,"texture":"#0","tintindex":0},"up":{"uv":[0.004,0.496,-0.004,0.004],"rotation":0,"texture":"#0","tintindex":0},"down":{"uv":[0.004,0.004,-0.004,0.496],"rotation":0,"texture":"#0","tintindex":0}}},{"from":[6.857143,4.5714283,4.8571424],"to":[7.428571,5.142857,7.142857],"rotation":{"angle":45.0,"axis":"y","origin":[7.142857,5.142857,7.142857]},"faces":{"east":{"uv":[2.996,10.504,2.504,10.621],"rotation":0,"texture":"#0","tintindex":0},"south":{"uv":[11.129,4.754,11.246,4.871],"rotation":0,"texture":"#0","tintindex":0},"north":{"uv":[11.004,4.754,11.121,4.871],"rotation":0,"texture":"#0","tintindex":0},"west":{"uv":[2.504,10.504,2.996,10.621],"rotation":0,"texture":"#0","tintindex":0},"up":{"uv":[6.621,13.746,6.504,13.254],"rotation":0,"texture":"#0","tintindex":0},"down":{"uv":[2.496,14.754,2.379,15.246],"rotation":0,"texture":"#0","tintindex":0}}},{"from":[7.142857,5.142857,8.857143],"to":[7.142857,6.857143,11.142858],"rotation":{"angle":-45.0,"axis":"y","origin":[7.142857,6.857143,8.857143]},"faces":{"east":{"uv":[8.996,13.879,8.504,14.246],"rotation":0,"texture":"#0","tintindex":0},"south":{"uv":[0.004,0.004,-0.004,0.371],"rotation":0,"texture":"#0","tintindex":0},"north":{"uv":[0.004,0.004,-0.004,0.371],"rotation":0,"texture":"#0","tintindex":0},"west":{"uv":[8.504,13.879,8.996,14.246],"rotation":0,"texture":"#0","tintindex":0},"up":{"uv":[0.004,0.004,-0.004,0.496],"rotation":0,"texture":"#0","tintindex":0},"down":{"uv":[0.004,0.496,-0.004,0.004],"rotation":0,"texture":"#0","tintindex":0}}},{"from":[6.857143,4.5714283,8.857143],"to":[7.428571,5.142857,11.142858],"rotation":{"angle":-45.0,"axis":"y","origin":[7.142857,5.142857,8.857143]},"faces":{"east":{"uv":[2.504,10.504,2.996,10.621],"rotation":0,"texture":"#0","tintindex":0},"south":{"uv":[11.121,4.754,11.004,4.871],"rotation":0,"texture":"#0","tintindex":0},"north":{"uv":[11.246,4.754,11.129,4.871],"rotation":0,"texture":"#0","tintindex":0},"west":{"uv":[2.996,10.504,2.504,10.621],"rotation":0,"texture":"#0","tintindex":0},"up":{"uv":[6.621,13.254,6.504,13.746],"rotation":0,"texture":"#0","tintindex":0},"down":{"uv":[2.496,15.246,2.379,14.754],"rotation":0,"texture":"#0","tintindex":0}}},{"from":[8.857143,5.142857,8.857143],"to":[8.857143,6.857143,11.142858],"rotation":{"angle":45.0,"axis":"y","origin":[8.857143,6.857143,8.857143]},"faces":{"east":{"uv":[8.996,13.879,8.504,14.246],"rotation":0,"texture":"#0","tintindex":0},"south":{"uv":[0.004,0.004,-0.004,0.371],"rotation":0,"texture":"#0","tintindex":0},"north":{"uv":[0.004,0.004,-0.004,0.371],"rotation":0,"texture":"#0","tintindex":0},"west":{"uv":[8.504,13.879,8.996,14.246],"rotation":0,"texture":"#0","tintindex":0},"up":{"uv":[0.004,0.004,-0.004,0.496],"rotation":0,"texture":"#0","tintindex":0},"down":{"uv":[0.004,0.496,-0.004,0.004],"rotation":0,"texture":"#0","tintindex":0}}},{"from":[8.571428,4.5714283,8.857143],"to":[9.142858,5.142857,11.142858],"rotation":{"angle":45.0,"axis":"y","origin":[8.857143,5.142857,8.857143]},"faces":{"east":{"uv":[2.504,10.504,2.996,10.621],"rotation":0,"texture":"#0","tintindex":0},"south":{"uv":[11.004,4.754,11.121,4.871],"rotation":0,"texture":"#0","tintindex":0},"north":{"uv":[11.129,4.754,11.246,4.871],"rotation":0,"texture":"#0","tintindex":0},"west":{"uv":[2.996,10.504,2.504,10.621],"rotation":0,"texture":"#0","tintindex":0},"up":{"uv":[6.504,13.254,6.621,13.746],"rotation":0,"texture":"#0","tintindex":0},"down":{"uv":[2.379,15.246,2.496,14.754],"rotation":0,"texture":"#0","tintindex":0}}},{"from":[8.571428,4.5714283,4.8571424],"to":[9.142858,5.142857,7.142857],"rotation":{"angle":-45.0,"axis":"y","origin":[8.857143,5.142857,7.142857]},"faces":{"east":{"uv":[2.996,10.504,2.504,10.621],"rotation":0,"texture":"#0","tintindex":0},"south":{"uv":[11.246,4.754,11.129,4.871],"rotation":0,"texture":"#0","tintindex":0},"north":{"uv":[11.121,4.754,11.004,4.871],"rotation":0,"texture":"#0","tintindex":0},"west":{"uv":[2.504,10.504,2.996,10.621],"rotation":0,"texture":"#0","tintindex":0},"up":{"uv":[6.504,13.746,6.621,13.254],"rotation":0,"texture":"#0","tintindex":0},"down":{"uv":[2.379,14.754,2.496,15.246],"rotation":0,"texture":"#0","tintindex":0}}},{"from":[8.857143,5.142857,4.8571424],"to":[8.857143,6.857143,7.142857],"rotation":{"angle":-45.0,"axis":"y","origin":[8.857143,6.857143,7.142857]},"faces":{"east":{"uv":[8.504,13.879,8.996,14.246],"rotation":0,"texture":"#0","tintindex":0},"south":{"uv":[0.004,0.004,-0.004,0.371],"rotation":0,"texture":"#0","tintindex":0},"north":{"uv":[0.004,0.004,-0.004,0.371],"rotation":0,"texture":"#0","tintindex":0},"west":{"uv":[8.996,13.879,8.504,14.246],"rotation":0,"texture":"#0","tintindex":0},"up":{"uv":[0.004,0.496,-0.004,0.004],"rotation":0,"texture":"#0","tintindex":0},"down":{"uv":[0.004,0.004,-0.004,0.496],"rotation":0,"texture":"#0","tintindex":0}}}],"display":{"head":{"translation":[0.0,-6.4,0.0],"scale":[4.0,4.0,4.0]}}}