{"textures":{"0":"modelengine:entity/walker_mech_odst"},"elements":[{"from":[6.742857,6.742857,6.742857],"to":[9.257143,9.257143,9.257143],"rotation":{"angle":0.0,"axis":"y","origin":[8.0,8.0,8.0]},"faces":{"east":{"uv":[11.121,13.504,10.629,13.996],"rotation":0,"texture":"#0","tintindex":0},"south":{"uv":[11.121,13.504,10.629,13.996],"rotation":0,"texture":"#0","tintindex":0},"north":{"uv":[11.121,13.504,10.629,13.996],"rotation":0,"texture":"#0","tintindex":0},"west":{"uv":[11.121,13.504,10.629,13.996],"rotation":0,"texture":"#0","tintindex":0},"up":{"uv":[11.121,13.504,10.629,13.996],"rotation":0,"texture":"#0","tintindex":0},"down":{"uv":[11.121,13.504,10.629,13.996],"rotation":0,"texture":"#0","tintindex":0}}},{"from":[7.428571,7.0,9.142858],"to":[8.571428,9.0,16.0],"rotation":{"angle":0.0,"axis":"y","origin":[8.0,8.0,10.285714]},"faces":{"east":{"uv":[11.129,10.879,12.621,11.3125],"rotation":0,"texture":"#0","tintindex":0},"south":{"uv":[6.996,14.629,6.754,15.0625],"rotation":0,"texture":"#0","tintindex":0},"north":{"uv":[7.246,14.629,7.004,15.0625],"rotation":0,"texture":"#0","tintindex":0},"west":{"uv":[12.621,10.879,11.129,11.3125],"rotation":0,"texture":"#0","tintindex":0},"up":{"uv":[8.746,4.879,8.504,6.371],"rotation":0,"texture":"#0","tintindex":0},"down":{"uv":[2.746,13.996,2.504,12.504],"rotation":0,"texture":"#0","tintindex":0}}}],"display":{"head":{"translation":[0.0,-6.4,0.0],"scale":[4.0,4.0,4.0]}}}