{"textures":{"white":"pokeball/white","black":"pokeball/black","red":"pokeball/aqua","grey":"pokeball/grey"},"elements":[{"from":[6.4999,0.5001,5.9998],"to":[11.4999,2.500101,10.9998],"faces":{"down":{"uv":[0,0,16,16],"texture":"#white"},"up":{"uv":[0,0,16,16],"texture":"#white"},"north":{"uv":[0,0,16,16],"texture":"#white"},"south":{"uv":[0,0,16,16],"texture":"#white"},"west":{"uv":[0,0,16,16],"texture":"#white"},"east":{"uv":[0,0,16,16],"texture":"#white"}}},{"from":[6.5,3.0005,5.9992],"to":[11.5,5.0005,10.9992],"faces":{"down":{"uv":[6.5,5,11.5,10],"texture":"#red"},"up":{"uv":[6.5,6,11.5,11],"texture":"#red"},"north":{"uv":[4.5,14,9.5,15.5],"texture":"#red"},"south":{"uv":[6.5,14,11.5,15.5],"texture":"#red"},"west":{"uv":[6,14,11,15.5],"texture":"#red"},"east":{"uv":[5,14,10,15.5],"texture":"#red"}}},{"from":[6.9998,0.9998,5.4996],"to":[10.9998,2.4998,5.9996],"faces":{"down":{"uv":[0,0,16,16],"texture":"#white"},"up":{"uv":[0,0,16,16],"texture":"#white"},"north":{"uv":[0,0,16,16],"texture":"#white"},"south":{"uv":[0,0,16,16],"texture":"#white"},"west":{"uv":[0,0,16,16],"texture":"#white"},"east":{"uv":[0,0,16,16],"texture":"#white"}}},{"from":[7.0006,0.9995,11.0007],"to":[11.0006,2.4995,11.5007],"faces":{"down":{"uv":[6.5,5,11.5,10],"texture":"#white"},"up":{"uv":[6.5,6,11.5,11],"texture":"#white"},"north":{"uv":[4.5,14,9.5,15.5],"texture":"#white"},"south":{"uv":[6.5,14,11.5,15.5],"texture":"#white"},"west":{"uv":[6,14,11,15.5],"texture":"#white"},"east":{"uv":[5,14,10,15.5],"texture":"#white"}}},{"from":[6.9997,3.0008,5.4996],"to":[10.9997,4.500801,5.9996],"faces":{"down":{"uv":[6.5,5,11.5,10],"texture":"#red"},"up":{"uv":[6.5,6,11.5,11],"texture":"#red"},"north":{"uv":[4.5,14,9.5,15.5],"texture":"#red"},"south":{"uv":[6.5,14,11.5,15.5],"texture":"#red"},"west":{"uv":[6,14,11,15.5],"texture":"#red"},"east":{"uv":[5,14,10,15.5],"texture":"#red"}}},{"from":[7.0007,2.9999,10.9998],"to":[11.00069,4.4999,11.4998],"faces":{"down":{"uv":[6.5,5,11.5,10],"texture":"#red"},"up":{"uv":[6.5,6,11.5,11],"texture":"#red"},"north":{"uv":[4.5,14,9.5,15.5],"texture":"#red"},"south":{"uv":[6.5,14,11.5,15.5],"texture":"#red"},"west":{"uv":[6,14,11,15.5],"texture":"#red"},"east":{"uv":[5,14,10,15.5],"texture":"#red"}}},{"from":[6.9996,5.0005,6.5009],"to":[10.9996,5.5005,10.5009],"faces":{"down":{"uv":[6.5,5,11.5,10],"texture":"#red"},"up":{"uv":[6.5,6,11.5,11],"texture":"#red"},"north":{"uv":[4.5,14,9.5,15.5],"texture":"#red"},"south":{"uv":[6.5,14,11.5,15.5],"texture":"#red"},"west":{"uv":[6,14,11,15.5],"texture":"#red"},"east":{"uv":[5,14,10,15.5],"texture":"#red"}}},{"from":[7.0003,0.0009,6.4992],"to":[11.0003,0.5009,10.4992],"faces":{"down":{"uv":[0,0,16,16],"texture":"#white"},"up":{"uv":[0,0,16,16],"texture":"#white"},"north":{"uv":[0,0,16,16],"texture":"#white"},"south":{"uv":[0,0,16,16],"texture":"#white"},"west":{"uv":[0,0,16,16],"texture":"#white"},"east":{"uv":[0,0,16,16],"texture":"#white"}}},{"from":[5.9995,0.9992,6.5007],"to":[6.4995,2.4992,10.5007],"faces":{"down":{"uv":[0,0,16,16],"texture":"#white","rotation":270},"up":{"uv":[0,0,16,16],"texture":"#white","rotation":90},"north":{"uv":[0,0,16,16],"texture":"#white"},"south":{"uv":[0,0,16,16],"texture":"#white"},"west":{"uv":[0,0,16,16],"texture":"#white"},"east":{"uv":[0,0,16,16],"texture":"#white"}}},{"from":[7,2.9995,6.4991],"to":[7.5,4.4995,10.4991],"faces":{"down":{"uv":[6.5,5,11.5,10],"texture":"#white"},"up":{"uv":[6.5,6,11.5,11],"texture":"#white"},"north":{"uv":[4.5,14,9.5,15.5],"texture":"#white"},"south":{"uv":[6.5,14,11.5,15.5],"texture":"#white"},"west":{"uv":[6,14,11,15.5],"texture":"#white"},"east":{"uv":[5,14,10,15.5],"texture":"#white"}}},{"from":[11.4993,1.0008,6.4994],"to":[11.9993,2.5008,10.4994],"faces":{"down":{"uv":[0,0,16,16],"texture":"#white"},"up":{"uv":[0,0,16,16],"texture":"#white"},"north":{"uv":[0,0,16,16],"texture":"#white"},"south":{"uv":[0,0,16,16],"texture":"#white"},"west":{"uv":[0,0,16,16],"texture":"#white"},"east":{"uv":[0,0,16,16],"texture":"#white"}}},{"from":[11.4993,3.0007,6.5],"to":[11.9993,4.5007,10.5],"faces":{"down":{"uv":[6.5,5,11.5,10],"texture":"#red"},"up":{"uv":[6.5,6,11.5,11],"texture":"#red"},"north":{"uv":[4.5,14,9.5,15.5],"texture":"#red"},"south":{"uv":[6.5,14,11.5,15.5],"texture":"#red"},"west":{"uv":[6,14,11,15.5],"texture":"#red"},"east":{"uv":[5,14,10,15.5],"texture":"#red"}}},{"from":[6.499,2.5006,6.5007],"to":[11.499,3.0006,10.5007],"faces":{"down":{"uv":[6.5,5,11.5,10],"texture":"#black"},"up":{"uv":[6.5,6,11.5,11],"texture":"#black"},"north":{"uv":[4.5,14,9.5,15.5],"texture":"#black"},"south":{"uv":[6.5,14,11.5,15.5],"texture":"#black"},"west":{"uv":[6,14,11,15.5],"texture":"#black"},"east":{"uv":[5,14,10,15.5],"texture":"#black"}}},{"from":[7.0001,2.4996,6.0003],"to":[11.0001,2.9996,11.0003],"faces":{"down":{"uv":[6.5,5,11.5,10],"texture":"#black"},"up":{"uv":[6.5,6,11.5,11],"texture":"#black"},"north":{"uv":[4.5,14,9.5,15.5],"texture":"#black"},"south":{"uv":[6.5,14.5,11.5,16],"texture":"#black"},"west":{"uv":[6,14,11,15.5],"texture":"#black"},"east":{"uv":[5,14,10,15.5],"texture":"#black"}}},{"from":[6.0007,3.0006,6.5],"to":[6.5007,4.5006,10.5],"faces":{"down":{"uv":[6.5,5,11.5,10],"texture":"#red"},"up":{"uv":[6.5,6,11.5,11],"texture":"#red"},"north":{"uv":[4.5,14,9.5,15.5],"texture":"#red"},"south":{"uv":[6.5,14,11.5,15.5],"texture":"#red"},"west":{"uv":[6,14,11,15.5],"texture":"#red"},"east":{"uv":[5,14,10,15.5],"texture":"#red"}}},{"from":[7.9991,1.7491,5.2493],"to":[9.999101,3.7491,6.2493],"faces":{"down":{"uv":[6.5,5,11.5,10],"texture":"#black"},"up":{"uv":[6.5,6,11.5,11],"texture":"#black"},"north":{"uv":[4.5,14,9.5,15.5],"texture":"#black"},"south":{"uv":[6.5,14,11.5,15.5],"texture":"#black"},"west":{"uv":[6,14,11,15.5],"texture":"#black"},"east":{"uv":[5,14,10,15.5],"texture":"#black"}}},{"from":[8.250199,2.0005,4.9997],"to":[9.750199,3.5005,5.4997],"faces":{"down":{"uv":[0,0,16,16],"texture":"#white"},"up":{"uv":[0,0,16,16],"texture":"#white"},"north":{"uv":[0,0,16,16],"texture":"#white"},"south":{"uv":[0,0,16,16],"texture":"#white"},"west":{"uv":[0,0,16,16],"texture":"#white"},"east":{"uv":[0,0,16,16],"texture":"#white"}}},{"__comment":"Cube18","from":[7.5,3,5.375],"to":[8.5,4.625,6],"faces":{"down":{"uv":[7.5,10,8.5,10.625],"texture":"#grey"},"up":{"uv":[7.5,5.375,8.5,6],"texture":"#grey"},"north":{"uv":[7.5,11.375,8.5,13],"texture":"#grey"},"south":{"uv":[7.5,11.375,8.5,13],"texture":"#grey"},"west":{"uv":[5.375,11.375,6,13],"texture":"#grey"},"east":{"uv":[10,11.375,10.625,13],"texture":"#grey"}}},{"__comment":"Cube18","from":[7.5,4.625,5.375],"to":[8.5,6.125,6],"rotation":{"origin":[7.5,4.625,5.375],"axis":"x","angle":45},"faces":{"down":{"uv":[7.5,10,8.5,10.625],"texture":"#grey"},"up":{"uv":[7.5,5.375,8.5,6],"texture":"#grey"},"north":{"uv":[7.5,11.375,8.5,13],"texture":"#grey"},"south":{"uv":[7.5,11.375,8.5,13],"texture":"#grey"},"west":{"uv":[5.375,11.375,6,13],"texture":"#grey"},"east":{"uv":[10,11.375,10.625,13],"texture":"#grey"}}},{"__comment":"Cube18","from":[7.5,5.25,6.5],"to":[8.5,5.75,10.625],"faces":{"down":{"uv":[7.5,11.375,8.5,13],"texture":"#grey"},"up":{"uv":[8.5,13,7.5,11.375],"texture":"#grey"},"north":{"uv":[8.5,10.625,7.5,10],"texture":"#grey"},"south":{"uv":[7.5,5.375,8.5,6],"texture":"#grey"},"west":{"uv":[5.375,11.375,6,13],"texture":"#grey","rotation":90},"east":{"uv":[10,11.375,10.625,13],"texture":"#grey","rotation":270}}},{"__comment":"Cube18","from":[7.5,3,11],"to":[8.5,4.625,11.625],"faces":{"down":{"uv":[7.5,10,8.5,10.625],"texture":"#grey"},"up":{"uv":[7.5,5.375,8.5,6],"texture":"#grey"},"north":{"uv":[7.5,11.375,8.5,13],"texture":"#grey"},"south":{"uv":[7.5,11.375,8.5,13],"texture":"#grey"},"west":{"uv":[5.375,11.375,6,13],"texture":"#grey"},"east":{"uv":[10,11.375,10.625,13],"texture":"#grey"}}},{"__comment":"Cube18","from":[7.5,4.25,11.25],"to":[8.5,5.75,11.875],"rotation":{"origin":[7.5,4.25,11.25],"axis":"x","angle":-45},"faces":{"down":{"uv":[7.5,10,8.5,10.625],"texture":"#grey"},"up":{"uv":[7.5,5.375,8.5,6],"texture":"#grey"},"north":{"uv":[7.5,11.375,8.5,13],"texture":"#grey"},"south":{"uv":[7.5,11.375,8.5,13],"texture":"#grey"},"west":{"uv":[5.375,11.375,6,13],"texture":"#grey"},"east":{"uv":[10,11.375,10.625,13],"texture":"#grey"}}},{"__comment":"Cube18","from":[5.875,3,7],"to":[6.5,4.625,8],"faces":{"down":{"uv":[7.5,10,8.5,10.625],"texture":"#grey","rotation":270},"up":{"uv":[7.5,5.375,8.5,6],"texture":"#grey","rotation":90},"north":{"uv":[5.375,11.375,6,13],"texture":"#grey"},"south":{"uv":[10,11.375,10.625,13],"texture":"#grey"},"west":{"uv":[7.5,11.375,8.5,13],"texture":"#grey"},"east":{"uv":[7.5,11.375,8.5,13],"texture":"#grey"}}},{"__comment":"Cube18","from":[6.875,5.25,6.9999],"to":[11,5.75,7.9999],"faces":{"down":{"uv":[7.5,11.375,8.5,13],"texture":"#grey","rotation":270},"up":{"uv":[8.5,13,7.5,11.375],"texture":"#grey","rotation":90},"north":{"uv":[5.375,11.375,6,13],"texture":"#grey","rotation":90},"south":{"uv":[10,11.375,10.625,13],"texture":"#grey","rotation":270},"west":{"uv":[7.5,5.375,8.5,6],"texture":"#grey"},"east":{"uv":[8.5,10.625,7.5,10],"texture":"#grey"}}},{"__comment":"Cube18","from":[11.5,3,6.9999],"to":[12.125,4.625,7.9999],"faces":{"down":{"uv":[7.5,10,8.5,10.625],"texture":"#grey","rotation":270},"up":{"uv":[7.5,5.375,8.5,6],"texture":"#grey","rotation":90},"north":{"uv":[5.375,11.375,6,13],"texture":"#grey"},"south":{"uv":[10,11.375,10.625,13],"texture":"#grey"},"west":{"uv":[7.5,11.375,8.5,13],"texture":"#grey"},"east":{"uv":[7.5,11.375,8.5,13],"texture":"#grey"}}},{"__comment":"Cube18","from":[5.75,4.25,7],"to":[6.375,5.75,8],"rotation":{"origin":[6.375,4.25,7],"axis":"z","angle":-45},"faces":{"down":{"uv":[7.5,10,8.5,10.625],"texture":"#grey","rotation":270},"up":{"uv":[7.5,5.375,8.5,6],"texture":"#grey","rotation":90},"north":{"uv":[5.375,11.375,6,13],"texture":"#grey"},"south":{"uv":[10,11.375,10.625,13],"texture":"#grey"},"west":{"uv":[7.5,11.375,8.5,13],"texture":"#grey"},"east":{"uv":[7.5,11.375,8.5,13],"texture":"#grey"}}},{"__comment":"Cube18","from":[11.5,4.625,7],"to":[12.125,6.125,8],"rotation":{"origin":[12.125,4.625,7],"axis":"z","angle":45},"faces":{"down":{"uv":[7.5,10,8.5,10.625],"texture":"#grey","rotation":270},"up":{"uv":[7.5,5.375,8.5,6],"texture":"#grey","rotation":90},"north":{"uv":[5.375,11.375,6,13],"texture":"#grey"},"south":{"uv":[10,11.375,10.625,13],"texture":"#grey"},"west":{"uv":[7.5,11.375,8.5,13],"texture":"#grey"},"east":{"uv":[7.5,11.375,8.5,13],"texture":"#grey"}}},{"__comment":"Cube18","from":[9.5,3,5.375],"to":[10.5,4.625,6],"faces":{"down":{"uv":[7.5,10,8.5,10.625],"texture":"#grey"},"up":{"uv":[7.5,5.375,8.5,6],"texture":"#grey"},"north":{"uv":[7.5,11.375,8.5,13],"texture":"#grey"},"south":{"uv":[7.5,11.375,8.5,13],"texture":"#grey"},"west":{"uv":[5.375,11.375,6,13],"texture":"#grey"},"east":{"uv":[10,11.375,10.625,13],"texture":"#grey"}}},{"__comment":"Cube18","from":[9.5,4.625,5.375],"to":[10.5,6.125,6],"rotation":{"origin":[9.5,4.625,5.375],"axis":"x","angle":45},"faces":{"down":{"uv":[7.5,10,8.5,10.625],"texture":"#grey"},"up":{"uv":[7.5,5.375,8.5,6],"texture":"#grey"},"north":{"uv":[7.5,11.375,8.5,13],"texture":"#grey"},"south":{"uv":[7.5,11.375,8.5,13],"texture":"#grey"},"west":{"uv":[5.375,11.375,6,13],"texture":"#grey"},"east":{"uv":[10,11.375,10.625,13],"texture":"#grey"}}},{"__comment":"Cube18","from":[9.5,5.25,6.5],"to":[10.5,5.75,10.625],"faces":{"down":{"uv":[7.5,11.375,8.5,13],"texture":"#grey"},"up":{"uv":[8.5,13,7.5,11.375],"texture":"#grey"},"north":{"uv":[8.5,10.625,7.5,10],"texture":"#grey"},"south":{"uv":[7.5,5.375,8.5,6],"texture":"#grey"},"west":{"uv":[5.375,11.375,6,13],"texture":"#grey","rotation":90},"east":{"uv":[10,11.375,10.625,13],"texture":"#grey","rotation":270}}},{"__comment":"Cube18","from":[9.5,4.25,11.25],"to":[10.5,5.75,11.875],"rotation":{"origin":[9.5,4.25,11.25],"axis":"x","angle":-45},"faces":{"down":{"uv":[7.5,10,8.5,10.625],"texture":"#grey"},"up":{"uv":[7.5,5.375,8.5,6],"texture":"#grey"},"north":{"uv":[7.5,11.375,8.5,13],"texture":"#grey"},"south":{"uv":[7.5,11.375,8.5,13],"texture":"#grey"},"west":{"uv":[5.375,11.375,6,13],"texture":"#grey"},"east":{"uv":[10,11.375,10.625,13],"texture":"#grey"}}},{"__comment":"Cube18","from":[9.5,3,11],"to":[10.5,4.625,11.625],"faces":{"down":{"uv":[7.5,10,8.5,10.625],"texture":"#grey"},"up":{"uv":[7.5,5.375,8.5,6],"texture":"#grey"},"north":{"uv":[7.5,11.375,8.5,13],"texture":"#grey"},"south":{"uv":[7.5,11.375,8.5,13],"texture":"#grey"},"west":{"uv":[5.375,11.375,6,13],"texture":"#grey"},"east":{"uv":[10,11.375,10.625,13],"texture":"#grey"}}},{"__comment":"Cube18","from":[11.5,3,9],"to":[12.125,4.625,10],"faces":{"down":{"uv":[7.5,10,8.5,10.625],"texture":"#grey","rotation":270},"up":{"uv":[7.5,5.375,8.5,6],"texture":"#grey","rotation":90},"north":{"uv":[5.375,11.375,6,13],"texture":"#grey"},"south":{"uv":[10,11.375,10.625,13],"texture":"#grey"},"west":{"uv":[7.5,11.375,8.5,13],"texture":"#grey"},"east":{"uv":[7.5,11.375,8.5,13],"texture":"#grey"}}},{"__comment":"Cube18","from":[11.5,4.625,9.0001],"to":[12.125,6.125,10.0001],"rotation":{"origin":[12.125,4.625,9.000053],"axis":"z","angle":45},"faces":{"down":{"uv":[7.5,10,8.5,10.625],"texture":"#grey","rotation":270},"up":{"uv":[7.5,5.375,8.5,6],"texture":"#grey","rotation":90},"north":{"uv":[5.375,11.375,6,13],"texture":"#grey"},"south":{"uv":[10,11.375,10.625,13],"texture":"#grey"},"west":{"uv":[7.5,11.375,8.5,13],"texture":"#grey"},"east":{"uv":[7.5,11.375,8.5,13],"texture":"#grey"}}},{"__comment":"Cube18","from":[6.875,5.25,9],"to":[11,5.75,10],"faces":{"down":{"uv":[7.5,11.375,8.5,13],"texture":"#grey","rotation":270},"up":{"uv":[8.5,13,7.5,11.375],"texture":"#grey","rotation":90},"north":{"uv":[5.375,11.375,6,13],"texture":"#grey","rotation":90},"south":{"uv":[10,11.375,10.625,13],"texture":"#grey","rotation":270},"west":{"uv":[7.5,5.375,8.5,6],"texture":"#grey"},"east":{"uv":[8.5,10.625,7.5,10],"texture":"#grey"}}},{"__comment":"Cube18","from":[5.75,4.25,9.0001],"to":[6.375,5.75,10.0001],"rotation":{"origin":[6.375002,4.25,9.000053],"axis":"z","angle":-45},"faces":{"down":{"uv":[7.5,10,8.5,10.625],"texture":"#grey","rotation":270},"up":{"uv":[7.5,5.375,8.5,6],"texture":"#grey","rotation":90},"north":{"uv":[5.375,11.375,6,13],"texture":"#grey"},"south":{"uv":[10,11.375,10.625,13],"texture":"#grey"},"west":{"uv":[7.5,11.375,8.5,13],"texture":"#grey"},"east":{"uv":[7.5,11.375,8.5,13],"texture":"#grey"}}},{"__comment":"Cube18","from":[5.875,3,9.0001],"to":[6.5,4.625,10.0001],"faces":{"down":{"uv":[7.5,10,8.5,10.625],"texture":"#grey","rotation":270},"up":{"uv":[7.5,5.375,8.5,6],"texture":"#grey","rotation":90},"north":{"uv":[5.375,11.375,6,13],"texture":"#grey"},"south":{"uv":[10,11.375,10.625,13],"texture":"#grey"},"west":{"uv":[7.5,11.375,8.5,13],"texture":"#grey"},"east":{"uv":[7.5,11.375,8.5,13],"texture":"#grey"}}}],"display":{"thirdperson_righthand":{"translation":[-1,4.8695,0]},"thirdperson_lefthand":{"translation":[1,4.8695,0]},"firstperson_righthand":{"rotation":[0,-90,25],"translation":[0.4343,7.05,-0.261],"scale":[0.68,0.68,0.68]},"firstperson_lefthand":{"rotation":[0,-90,25],"translation":[1.13,7.3739,1.13],"scale":[0.68,0.68,0.68]},"gui":{"rotation":[19.5,-155.5,0],"translation":[2.25,9.55,15],"scale":[1.99141,1.99141,1.99141]},"ground":{"translation":[0,3.4,0]},"fixed":{"translation":[-2.369,12.3,0],"scale":[2.3,2.3,2.3]}},"gui_light":"front"}