{"textures":{"white":"pokeball/white","black":"pokeball/black","red":"pokeball/red","safari":"pokeball/safari"},"elements":[{"from":[6.50078,0.4998584,5.999406],"to":[11.50078,2.499858,10.99941],"faces":{"down":{"uv":[6.5,5,11.5,10],"texture":"#white"},"up":{"uv":[6.5,6,11.5,11],"texture":"#white"},"north":{"uv":[4.5,13.5,9.5,15.5],"texture":"#white"},"south":{"uv":[6.5,13.5,11.5,15.5],"texture":"#white"},"west":{"uv":[6,13.5,11,15.5],"texture":"#white"},"east":{"uv":[5,13.5,10,15.5],"texture":"#white"}}},{"from":[6.500712,3.00001,5.999738],"to":[11.50071,5.00001,10.99974],"faces":{"down":{"uv":[0,0,16,16],"texture":"#safari","rotation":90},"up":{"uv":[0,0,16,16],"texture":"#safari","rotation":90},"north":{"uv":[0,3.5,16,10.5],"texture":"#safari","rotation":90},"south":{"uv":[0,8,16,16],"texture":"#safari","rotation":180},"west":{"uv":[0,0,16,7.5],"texture":"#safari","rotation":180},"east":{"uv":[9,2,15.5,6.5],"texture":"#safari","rotation":90}}},{"from":[7.000624,1.000402,5.500293],"to":[11.00062,2.500402,6.000293],"faces":{"down":{"uv":[0,0,16,16],"texture":"#white"},"up":{"uv":[0,0,16,16],"texture":"#white"},"north":{"uv":[0,0,16,16],"texture":"#white"},"south":{"uv":[0,0,16,16],"texture":"#white"},"west":{"uv":[0,0,16,16],"texture":"#white"},"east":{"uv":[0,0,16,16],"texture":"#white"}}},{"from":[7.000624,0.999144,10.99946],"to":[11.00062,2.499144,11.49946],"faces":{"down":{"uv":[6.5,5,11.5,10],"texture":"#white"},"up":{"uv":[6.5,6,11.5,11],"texture":"#white"},"north":{"uv":[4.5,14,9.5,15.5],"texture":"#white"},"south":{"uv":[6.5,14,11.5,15.5],"texture":"#white"},"west":{"uv":[6,14,11,15.5],"texture":"#white"},"east":{"uv":[5,14,10,15.5],"texture":"#white"}}},{"from":[7.0009,2.999722,5.499172],"to":[11.0009,4.499722,5.999172],"faces":{"down":{"uv":[0,0,16,16],"texture":"#safari"},"up":{"uv":[0,0,16,16],"texture":"#safari"},"north":{"uv":[0,3.5,16,10.5],"texture":"#safari"},"south":{"uv":[0,8,16,16],"texture":"#safari"},"west":{"uv":[0,0,16,7.5],"texture":"#safari"},"east":{"uv":[9,2,15.5,6.5],"texture":"#safari"}}},{"from":[6.999485,3.00034,11.00086],"to":[10.99949,4.50034,11.50086],"faces":{"down":{"uv":[16,0,0,16],"texture":"#safari","rotation":90},"up":{"uv":[0,16,16,0],"texture":"#safari"},"north":{"uv":[0,3.5,16,10.5],"texture":"#safari","rotation":90},"south":{"uv":[0,8,16,16],"texture":"#safari"},"west":{"uv":[0,0,16,7.5],"texture":"#safari","rotation":270},"east":{"uv":[9,2,15.5,6.5],"texture":"#safari","rotation":90}}},{"from":[7.000169,5.00096,6.499086],"to":[11.00017,5.50096,10.49909],"faces":{"down":{"uv":[0,0,16,16],"texture":"#safari"},"up":{"uv":[0,0,16,16],"texture":"#safari"},"north":{"uv":[0,3.5,16,10.5],"texture":"#safari"},"south":{"uv":[0,8,16,16],"texture":"#safari"},"west":{"uv":[0,0,16,7.5],"texture":"#safari"},"east":{"uv":[9,2,15.5,6.5],"texture":"#safari"}}},{"from":[7.000051,-0.0002276879,6.499705],"to":[11.00005,0.4997723,10.4997],"faces":{"down":{"uv":[0,0,16,16],"texture":"#white"},"up":{"uv":[0,0,16,16],"texture":"#white"},"north":{"uv":[0,0,16,16],"texture":"#white"},"south":{"uv":[0,0,16,16],"texture":"#white"},"west":{"uv":[0,0,16,16],"texture":"#white"},"east":{"uv":[0,0,16,16],"texture":"#white"}}},{"from":[5.999711,1.000152,6.500359],"to":[6.499711,2.500152,10.50036],"faces":{"down":{"uv":[0,0,16,16],"texture":"#white","rotation":270},"up":{"uv":[0,0,16,16],"texture":"#white","rotation":90},"north":{"uv":[0,0,16,16],"texture":"#white"},"south":{"uv":[0,0,16,16],"texture":"#white"},"west":{"uv":[0,0,16,16],"texture":"#white"},"east":{"uv":[0,0,16,16],"texture":"#white"}}},{"from":[6.999208,2.999835,6.500997],"to":[7.499208,4.499835,10.501],"faces":{"down":{"uv":[6.5,5,11.5,10],"texture":"#white"},"up":{"uv":[6.5,6,11.5,11],"texture":"#white"},"north":{"uv":[4.5,14,9.5,15.5],"texture":"#white"},"south":{"uv":[6.5,14,11.5,15.5],"texture":"#white"},"west":{"uv":[6,14,11,15.5],"texture":"#white"},"east":{"uv":[5,14,10,15.5],"texture":"#white"}}},{"from":[11.49921,0.9998162,6.499745],"to":[11.99921,2.499816,10.49975],"faces":{"down":{"uv":[0,0,16,16],"texture":"#white"},"up":{"uv":[0,0,16,16],"texture":"#white"},"north":{"uv":[0,0,16,16],"texture":"#white"},"south":{"uv":[0,0,16,16],"texture":"#white"},"west":{"uv":[0,0,16,16],"texture":"#white"},"east":{"uv":[0,0,16,16],"texture":"#white"}}},{"from":[11.4996,2.999757,6.499404],"to":[11.9996,4.499757,10.4994],"faces":{"down":{"uv":[16,0,0,16],"texture":"#safari","rotation":90},"up":{"uv":[0,16,16,0],"texture":"#safari"},"north":{"uv":[0,3.5,16,10.5],"texture":"#safari","rotation":90},"south":{"uv":[0,8,16,16],"texture":"#safari"},"west":{"uv":[0,0,16,7.5],"texture":"#safari","rotation":270},"east":{"uv":[9,2,15.5,6.5],"texture":"#safari","rotation":90}}},{"from":[6.500446,2.500552,6.500757],"to":[11.50045,3.000552,10.50076],"faces":{"down":{"uv":[6.5,5,11.5,10],"texture":"#black"},"up":{"uv":[6.5,6,11.5,11],"texture":"#black"},"north":{"uv":[4.5,14,9.5,15.5],"texture":"#black"},"south":{"uv":[6.5,14,11.5,15.5],"texture":"#black"},"west":{"uv":[6,14,11,15.5],"texture":"#black"},"east":{"uv":[5,14,10,15.5],"texture":"#black"}}},{"from":[7.00004,2.499367,6.000463],"to":[11.00004,2.999367,11.00046],"faces":{"down":{"uv":[6.5,5,11.5,10],"texture":"#black"},"up":{"uv":[6.5,6,11.5,11],"texture":"#black"},"north":{"uv":[4.5,14,9.5,15.5],"texture":"#black"},"south":{"uv":[6.5,14.5,11.5,16],"texture":"#black"},"west":{"uv":[6,14,11,15.5],"texture":"#black"},"east":{"uv":[5,14,10,15.5],"texture":"#black"}}},{"from":[5.999811,2.99964,6.500267],"to":[6.499811,4.49964,10.50027],"faces":{"down":{"uv":[0,0,16,16],"texture":"#safari"},"up":{"uv":[0,0,16,16],"texture":"#safari"},"north":{"uv":[0,3.5,16,10.5],"texture":"#safari"},"south":{"uv":[0,8,16,16],"texture":"#safari"},"west":{"uv":[0,0,16,7.5],"texture":"#safari"},"east":{"uv":[9,2,15.5,6.5],"texture":"#safari"}}},{"from":[7.999482,1.749864,5.250425],"to":[9.999481,3.749864,6.250425],"faces":{"down":{"uv":[6.5,5,11.5,10],"texture":"#black"},"up":{"uv":[6.5,6,11.5,11],"texture":"#black"},"north":{"uv":[4.5,14,9.5,15.5],"texture":"#black"},"south":{"uv":[6.5,14,11.5,15.5],"texture":"#black"},"west":{"uv":[6,14,11,15.5],"texture":"#black"},"east":{"uv":[5,14,10,15.5],"texture":"#black"}}},{"from":[8.250772,1.999003,4.999579],"to":[9.750772,3.499003,5.499579],"faces":{"down":{"uv":[0,0,16,16],"texture":"#white"},"up":{"uv":[0,0,16,16],"texture":"#white"},"north":{"uv":[0,0,16,16],"texture":"#white"},"south":{"uv":[0,0,16,16],"texture":"#white"},"west":{"uv":[0,0,16,16],"texture":"#white"},"east":{"uv":[0,0,16,16],"texture":"#white"}}}],"display":{"thirdperson_righthand":{"translation":[-1,4.8695,0]},"thirdperson_lefthand":{"translation":[1,4.8695,0]},"firstperson_righthand":{"rotation":[0,-90,25],"translation":[0.4343,7.05,-0.261],"scale":[0.68,0.68,0.68]},"firstperson_lefthand":{"rotation":[0,-90,25],"translation":[1.13,7.3739,1.13],"scale":[0.68,0.68,0.68]},"gui":{"rotation":[19.5,-155.5,0],"translation":[2.25,9.55,15],"scale":[1.99141,1.99141,1.99141]},"ground":{"translation":[0,3.4,0]},"fixed":{"translation":[-2.369,12.3,0],"scale":[2.3,2.3,2.3]}},"gui_light":"front"}