{"sources":[{"source":"entity","prefix":"entity/","type":"directory"},{"type":"single","resource":"modelengine:entity/nocsy_thread_ball"},{"type":"single","resource":"magiccosmetics:menu/back"},{"type":"single","resource":"modelengine:entity/dark_element_pet"},{"type":"single","resource":"_iainternal:icons/icon_left_blue"},{"type":"single","resource":"modelengine:entity/destructible_loot_pot"},{"type":"single","resource":"steampunk/steampunk_axe"},{"type":"single","resource":"elitecreatures:adventure_backpack_cosmetic/texture_9"},{"type":"single","resource":"elitecreatures:adventure_backpack_cosmetic/texture_8"},{"type":"single","resource":"modelengine:entity/nocsy_drakonin_water_geyser"},{"type":"single","resource":"elitecreatures:adventure_backpack_cosmetic/texture_7"},{"type":"single","resource":"elitecreatures:adventure_backpack_cosmetic/texture_6"},{"type":"single","resource":"modelengine:entity/forzen_element_pet_attack_vfx"},{"type":"single","resource":"elitecreatures:adventure_backpack_cosmetic/texture_5"},{"type":"single","resource":"elitecreatures:adventure_backpack_cosmetic/texture_4"},{"type":"single","resource":"elitecreatures:adventure_backpack_cosmetic/texture_3"},{"type":"single","resource":"elitecreatures:adventure_backpack_cosmetic/texture_2"},{"type":"single","resource":"warrior_texture/warrior_sword_shiny"},{"type":"single","resource":"elitecreatures:adventure_backpack_cosmetic/texture_1"},{"type":"single","resource":"nocsy/nocsy_cat_icon6"},{"type":"single","resource":"nocsy/nocsy_cat_icon4"},{"type":"single","resource":"nocsy/nocsy_cat_icon5"},{"type":"single","resource":"elitecreatures:adventure_backpack_cosmetic/texture_11"},{"type":"single","resource":"nocsy/nocsy_cat_icon2"},{"type":"single","resource":"elitecreatures:adventure_backpack_cosmetic/texture_10"},{"type":"single","resource":"nocsy/nocsy_cat_icon3"},{"type":"single","resource":"elitecreatures:adventure_backpack_cosmetic/texture_13"},{"type":"single","resource":"_iainternal:icons/icon_next_orange"},{"type":"single","resource":"elitecreatures:adventure_backpack_cosmetic/texture_12"},{"type":"single","resource":"magiccosmetics:particles/fire_e"},{"type":"single","resource":"magiccosmetics:menu/next_gray"},{"type":"single","resource":"nocsy/nocsy_cat_icon1"},{"type":"single","resource":"modelengine:entity/nocsy_cat_fallen"},{"type":"single","resource":"modelengine:entity/forzen_element_pet_skill2_vfx"},{"type":"single","resource":"magiccosmetics:particles/smoke-steam_spark_oil_vfx_artsbykev"},{"type":"single","resource":"modelengine:entity/forest_element_pet"},{"type":"single","resource":"modelengine:entity/forest_element_pet_skill"},{"type":"single","resource":"magiccosmetics:menu/next"},{"type":"single","resource":"modelengine:entity/atlas_companion_fx"},{"type":"single","resource":"modelengine:entity/forzen_element_pet_skill"},{"type":"single","resource":"modelengine:entity/forzen_element_pet_attack"},{"type":"single","resource":"nocsy/nocsy_cat_icon_fallen"},{"type":"single","resource":"steampunk/steam"},{"type":"single","resource":"modelengine:entity/forzen_element_pet_skill2"},{"type":"single","resource":"modelengine:entity/nocsy_cat6"},{"type":"single","resource":"nocsy/nocsy_thread_ball"},{"type":"single","resource":"modelengine:entity/nocsy_cat5"},{"type":"single","resource":"modelengine:entity/nocsy_cat4"},{"type":"single","resource":"modelengine:entity/nocsy_cat3"},{"type":"single","resource":"modelengine:entity/nocsy_cat2"},{"type":"single","resource":"modelengine:entity/nocsy_cat1"},{"type":"single","resource":"_iainternal:icons/icon_cancel"},{"type":"single","resource":"_iainternal:icons/icon_arrow_chest"},{"type":"single","resource":"magiccosmetics:menu/empty"},{"type":"single","resource":"modelengine:entity/nocsy_drakonin_egg"},{"type":"single","resource":"modelengine:entity/frost_lord"},{"type":"single","resource":"magiccosmetics:particles/magic"},{"type":"single","resource":"modelengine:entity/nocsy_cat_fallen_eyes"},{"type":"single","resource":"modelengine:entity/dark_element_pet_attack_vfx"},{"type":"single","resource":"modelengine:entity/nocsy_drakonin3"},{"type":"single","resource":"modelengine:entity/nocsy_drakonin2"},{"type":"single","resource":"modelengine:entity/nocsy_drakonin7"},{"type":"single","resource":"modelengine:entity/nocsy_drakonin6"},{"type":"single","resource":"modelengine:entity/nocsy_drakonin5"},{"type":"single","resource":"modelengine:entity/nocsy_drakonin4"},{"type":"single","resource":"modelengine:entity/nocsy_drakonin_rocks"},{"type":"single","resource":"modelengine:entity/nocsy_drakonin8"},{"type":"single","resource":"modelengine:entity/forest_element_pet_attack_vfx"},{"type":"single","resource":"modelengine:entity/nocsy_drakonin_tornado"},{"type":"single","resource":"modelengine:entity/walker_mech_odst"},{"type":"single","resource":"magiccosmetics:menu/back_gray"},{"type":"single","resource":"modelengine:entity/nocsy_drakonin_roots"},{"type":"single","resource":"modelengine:entity/dark_element_pet_attack_1"},{"type":"single","resource":"modelengine:entity/forzen_element_pet"},{"type":"single","resource":"steampunk/steampunk_gear"},{"type":"single","resource":"modelengine:entity/nocsy_drakonin_poisoncloud_animated"},{"type":"single","resource":"modelengine:entity/nocsy_drakonin_shadowspell"},{"type":"single","resource":"modelengine:entity/nocsy_drakonin_baby2"},{"type":"single","resource":"modelengine:entity/nocsy_drakonin_baby3"},{"type":"single","resource":"modelengine:entity/nocsy_drakonin_baby4"},{"type":"single","resource":"modelengine:entity/dark_element_pet_skill2"},{"type":"single","resource":"modelengine:entity/nocsy_drakonin"},{"type":"single","resource":"modelengine:entity/nocsy_drakonin_baby5"},{"type":"single","resource":"modelengine:entity/forest_element_pet_attack"},{"type":"single","resource":"modelengine:entity/nocsy_drakonin_baby6"},{"type":"single","resource":"modelengine:entity/nocsy_drakonin_baby7"},{"type":"single","resource":"modelengine:entity/nocsy_drakonin_baby8"},{"type":"single","resource":"magiccosmetics:particles/steam_cogs"},{"type":"single","resource":"_iainternal:icons/icon_back_orange"},{"type":"single","resource":"modelengine:entity/nocsy_drakonin_firespell"},{"type":"single","resource":"modelengine:entity/nocsy_drakonin_baby"},{"type":"single","resource":"_iainternal:icons/icon_search"},{"type":"single","resource":"_iainternal:icons/icon_right_blue"},{"type":"single","resource":"modelengine:entity/atlas_companion"},{"type":"single","resource":"modelengine:entity/dark_element_pet_skill"}]}