{"sources":[{"source":"entity","prefix":"entity/","type":"directory"},{"type":"single","resource":"magiccosmetics:menu/back"},{"type":"single","resource":"_iainternal:icons/icon_left_blue"},{"type":"single","resource":"modelengine:entity/destructible_loot_pot"},{"type":"single","resource":"steampunk/steampunk_axe"},{"type":"single","resource":"warrior_texture/warrior_sword_shiny"},{"type":"single","resource":"magiccosmetics:menu/back_gray"},{"type":"single","resource":"_iainternal:icons/icon_next_orange"},{"type":"single","resource":"magiccosmetics:particles/fire_e"},{"type":"single","resource":"magiccosmetics:menu/next_gray"},{"type":"single","resource":"steampunk/steampunk_gear"},{"type":"single","resource":"magiccosmetics:menu/next"},{"type":"single","resource":"modelengine:entity/atlas_companion_fx"},{"type":"single","resource":"steampunk/steam"},{"type":"single","resource":"_iainternal:icons/icon_cancel"},{"type":"single","resource":"_iainternal:icons/icon_back_orange"},{"type":"single","resource":"_iainternal:icons/icon_arrow_chest"},{"type":"single","resource":"magiccosmetics:menu/empty"},{"type":"single","resource":"_iainternal:icons/icon_search"},{"type":"single","resource":"magiccosmetics:particles/magic"},{"type":"single","resource":"_iainternal:icons/icon_right_blue"},{"type":"single","resource":"modelengine:entity/atlas_companion"}]}