{"sources":[{"source":"entity","prefix":"entity/","type":"directory"},{"type":"single","resource":"hmccosmetics:icons/colorful"},{"type":"single","resource":"valerieset:bow_1"},{"type":"single","resource":"valerieset:bow_2"},{"type":"single","resource":"jeqo:icons/home"},{"type":"single","resource":"dragon_warrior:dragon_warrior_texture/dragon_dash_charge4_2"},{"type":"single","resource":"modelengine:entity/dark_element_pet"},{"type":"single","resource":"dragon_warrior:dragon_warrior_texture/dragon_dash_pierce5_2"},{"type":"single","resource":"jeqo:icons/back"},{"type":"single","resource":"elitecreatures:adventure_backpack_cosmetic/texture_9"},{"type":"single","resource":"elitecreatures:adventure_backpack_cosmetic/texture_8"},{"type":"single","resource":"elitecreatures:adventure_backpack_cosmetic/texture_7"},{"type":"single","resource":"elitecreatures:adventure_backpack_cosmetic/texture_6"},{"type":"single","resource":"dragon_warrior:dragon_warrior_texture/dragon_slash6_2"},{"type":"single","resource":"elitecreatures:adventure_backpack_cosmetic/texture_5"},{"type":"single","resource":"elitecreatures:adventure_backpack_cosmetic/texture_4"},{"type":"single","resource":"elitecreatures:adventure_backpack_cosmetic/texture_3"},{"type":"single","resource":"jeqo:icons/scroll_middle"},{"type":"single","resource":"elitecreatures:adventure_backpack_cosmetic/texture_2"},{"type":"single","resource":"elitecreatures:adventure_backpack_cosmetic/texture_1"},{"type":"single","resource":"rpgbundle_vol1:necklace1"},{"type":"single","resource":"rpgbundle_vol1:necklace2"},{"type":"single","resource":"rpgbundle_vol1:necklace3"},{"type":"single","resource":"rpgbundle_vol1:necklace4"},{"type":"single","resource":"rpgbundle_vol1:necklace5"},{"type":"single","resource":"modelengine:entity/nocsy_cat_fallen"},{"type":"single","resource":"jeqo:icons/gray_boxed_arrow_down"},{"type":"single","resource":"rpgbundle_vol1:necklace6"},{"type":"single","resource":"evergreenset:armor/evergreen_boots_icon"},{"type":"single","resource":"elitecreatures:fantasy_roman_warrior/helmet_icon"},{"type":"single","resource":"rpgbundle_vol3:bow/bow4_2"},{"type":"single","resource":"jeqo:icons/curved_arrow_left"},{"type":"single","resource":"jeqo:icons/info"},{"type":"single","resource":"rpgbundle_vol1:chest3"},{"type":"single","resource":"valerieset:spear"},{"type":"single","resource":"rpgbundle_vol1:chest1"},{"type":"single","resource":"rpgbundle_vol1:chest2"},{"type":"single","resource":"rpgbundle_vol3:bow/bow4_1"},{"type":"single","resource":"rpgbundle_vol3:bow/bow4_0"},{"type":"single","resource":"modelengine:entity/atlas_companion_fx"},{"type":"single","resource":"saint_patricks_v2:armor/patrick_v2_leggings"},{"type":"single","resource":"evergreenset:spear"},{"type":"single","resource":"jeqo:icons/blocked_thin"},{"type":"single","resource":"modelengine:entity/dragon_glacial"},{"type":"single","resource":"dragon_warrior:dragon_warrior_texture/dragon_dash_pierce4_2"},{"type":"single","resource":"elitecreatures:fantasy_roman_warrior/signet"},{"type":"single","resource":"dragon_warrior:dragon_warrior_texture/dragon_ground_slash"},{"type":"single","resource":"dragon_warrior:dragon_warrior_texture/dragon_slash5_2"},{"type":"single","resource":"jeqo:icons/silver_trophy"},{"type":"single","resource":"_iainternal:icons/icon_arrow_chest"},{"type":"single","resource":"valerieset:axe"},{"type":"single","resource":"modelengine:entity/nocsy_drakonin_egg"},{"type":"single","resource":"modelengine:entity/frost_lord"},{"type":"single","resource":"evergreenset:axe"},{"type":"single","resource":"rpgbundle_vol1:ring4"},{"type":"single","resource":"rpgbundle_vol1:ring5"},{"type":"single","resource":"rpgbundle_vol1:ring6"},{"type":"single","resource":"rpgbundle_vol1:ring1"},{"type":"single","resource":"rpgbundle_vol1:ring2"},{"type":"single","resource":"jeqo:icons/gray_boxed_arrow_up"},{"type":"single","resource":"rpgbundle_vol1:ring3"},{"type":"single","resource":"jeqo:icons/arrow_up2"},{"type":"single","resource":"rpgbundle_vol3:bow/bow3_0"},{"type":"single","resource":"modelengine:entity/forest_element_pet_attack_vfx"},{"type":"single","resource":"rpgbundle_vol3:bow/bow3_2"},{"type":"single","resource":"rpgbundle_vol3:bow/bow3_1"},{"type":"single","resource":"dragon_warrior:dragon_warrior_texture/icon_dragonborn"},{"type":"single","resource":"dragon_warrior:dragon_warrior_texture/dragon_ground_slash_2"},{"type":"single","resource":"dragon_warrior:dragon_warrior_texture/dragon_dash_pierce3_2"},{"type":"single","resource":"elitecreatures:diablo_weapon_set/boots_icon"},{"type":"single","resource":"dragon_warrior:dragon_warrior_texture/dragon_slash4_2"},{"type":"single","resource":"dragon_warrior:dragon_warrior_texture/dragon_spin"},{"type":"single","resource":"modelengine:entity/paladin_wings"},{"type":"single","resource":"dragon_warrior:dragon_warrior_texture/dragon_dash_charge2_2"},{"type":"single","resource":"rpgbundle_vol3:weapon/weapon2"},{"type":"single","resource":"rpgbundle_vol3:weapon/weapon1"},{"type":"single","resource":"rpgbundle_vol3:weapon/weapon4"},{"type":"single","resource":"rpgbundle_vol3:weapon/weapon3"},{"type":"single","resource":"rpgbundle_vol3:weapon/weapon6"},{"type":"single","resource":"rpgbundle_vol3:weapon/weapon5"},{"type":"single","resource":"rpgbundle_vol3:weapon/weapon8"},{"type":"single","resource":"rpgbundle_vol3:weapon/weapon7"},{"type":"single","resource":"rpgbundle_vol1:christmas3"},{"type":"single","resource":"modelengine:entity/panda"},{"type":"single","resource":"jeqo:icons/scroll_top"},{"type":"single","resource":"rpgbundle_vol1:christmas2"},{"type":"single","resource":"rpgbundle_vol1:christmas5"},{"type":"single","resource":"rpgbundle_vol1:christmas4"},{"type":"single","resource":"saint_patricks_v2:armor/patrick_v2_chestplate"},{"type":"single","resource":"rpgbundle_vol1:christmas7"},{"type":"single","resource":"rpgbundle_vol1:christmas6"},{"type":"single","resource":"jeqo:icons/lock"},{"type":"single","resource":"rpgbundle_vol3:weapon/weapon9"},{"type":"single","resource":"modelengine:entity/dragon_nether"},{"type":"single","resource":"rpgbundle_vol3:bow/bow2_1"},{"type":"single","resource":"modelengine:entity/sabertooth_savanna"},{"type":"single","resource":"rpgbundle_vol3:bow/bow2_0"},{"type":"single","resource":"rpgbundle_vol1:christmas1"},{"type":"single","resource":"rpgbundle_vol3:bow/bow2_2"},{"type":"single","resource":"jeqo:icons/repair"},{"type":"single","resource":"modelengine:entity/nocsy_drakonin_shadowspell"},{"type":"single","resource":"dragon_warrior:dragon_warrior_texture/dragon_dash_charge3_2"},{"type":"single","resource":"dragon_warrior:dragon_warrior_texture/dragon_dash_pierce2_2"},{"type":"single","resource":"valerieset:hammer"},{"type":"single","resource":"modelengine:entity/nocsy_drakonin_baby2"},{"type":"single","resource":"modelengine:entity/nocsy_drakonin_baby3"},{"type":"single","resource":"modelengine:entity/nocsy_drakonin_baby4"},{"type":"single","resource":"modelengine:entity/nocsy_drakonin_baby5"},{"type":"single","resource":"modelengine:entity/dark_element_pet_skill2"},{"type":"single","resource":"modelengine:entity/nocsy_drakonin"},{"type":"single","resource":"modelengine:entity/nocsy_drakonin_baby6"},{"type":"single","resource":"modelengine:entity/nocsy_drakonin_baby7"},{"type":"single","resource":"modelengine:entity/nocsy_drakonin_baby8"},{"type":"single","resource":"dragon_warrior:dragon_warrior_texture/dragon_slash3_2"},{"type":"single","resource":"evergreenset:key"},{"type":"single","resource":"hmccosmetics:icons/arrow_back"},{"type":"single","resource":"valerieset:armor/valerie_helmet_icon"},{"type":"single","resource":"rpgbundle_vol2:bow/bow_2"},{"type":"single","resource":"rpgbundle_vol2:bow/bow_1"},{"type":"single","resource":"rpgbundle_vol2:bow/bow_0"},{"type":"single","resource":"saint_patricks_v1:armor/patrick_helmet"},{"type":"single","resource":"jeqo:icons/search"},{"type":"single","resource":"rpgbundle_vol3:bow/bow4"},{"type":"single","resource":"rpgbundle_vol3:bow/bow3"},{"type":"single","resource":"rpgbundle_vol3:bow/bow1_0"},{"type":"single","resource":"evergreenset:hammer"},{"type":"single","resource":"rpgbundle_vol3:bow/bow5"},{"type":"single","resource":"rpgbundle_vol3:bow/bow1_2"},{"type":"single","resource":"rpgbundle_vol3:bow/bow1_1"},{"type":"single","resource":"rpgbundle_vol3:bow/bow2"},{"type":"single","resource":"rpgbundle_vol3:bow/bow1"},{"type":"single","resource":"modelengine:entity/nocsy_thread_ball"},{"type":"single","resource":"dragon_warrior:dragon_warrior_texture/icon_dragon_dash"},{"type":"single","resource":"rpgbundle_vol2:sword/weapon9"},{"type":"single","resource":"dragon_warrior:dragon_warrior_texture/dragon_dash_pierce1_2"},{"type":"single","resource":"elitecreatures:diablo_weapon_set/animation"},{"type":"single","resource":"rpgbundle_vol2:sword/weapon6"},{"type":"single","resource":"rpgbundle_vol2:sword/weapon5"},{"type":"single","resource":"rpgbundle_vol2:sword/weapon8"},{"type":"single","resource":"rpgbundle_vol2:sword/weapon7"},{"type":"single","resource":"_iainternal:icons/icon_left_blue"},{"type":"single","resource":"dragon_warrior:dragon_warrior_texture/dragon_wings8_2"},{"type":"single","resource":"dragon_warrior:dragon_warrior_texture/dragon_slash2_2"},{"type":"single","resource":"modelengine:entity/manticore_venom"},{"type":"single","resource":"rpgbundle_vol2:paper/item3"},{"type":"single","resource":"rpgbundle_vol2:paper/item4"},{"type":"single","resource":"rpgbundle_vol2:paper/item1"},{"type":"single","resource":"rpgbundle_vol2:paper/item2"},{"type":"single","resource":"elitecreatures:adventure_backpack_cosmetic/texture_11"},{"type":"single","resource":"jeqo:icons/boxed_arrow_up"},{"type":"single","resource":"elitecreatures:adventure_backpack_cosmetic/texture_10"},{"type":"single","resource":"elitecreatures:adventure_backpack_cosmetic/texture_13"},{"type":"single","resource":"elitecreatures:adventure_backpack_cosmetic/texture_12"},{"type":"single","resource":"rpgbundle_vol2:paper/item9"},{"type":"single","resource":"rpgbundle_vol2:paper/item7"},{"type":"single","resource":"rpgbundle_vol2:paper/item8"},{"type":"single","resource":"rpgbundle_vol2:paper/item5"},{"type":"single","resource":"rpgbundle_vol2:paper/item6"},{"type":"single","resource":"modelengine:entity/forest_element_pet"},{"type":"single","resource":"rpgbundle_vol2:sword/weapon2"},{"type":"single","resource":"rpgbundle_vol2:sword/weapon1"},{"type":"single","resource":"elitecreatures:fantasy_roman_warrior/boots_icon"},{"type":"single","resource":"rpgbundle_vol2:sword/weapon4"},{"type":"single","resource":"rpgbundle_vol2:sword/weapon3"},{"type":"single","resource":"valerieset:key"},{"type":"single","resource":"dragon_warrior:dragon_warrior_texture/icon_dragon_zone"},{"type":"single","resource":"evergreenset:shield"},{"type":"single","resource":"saint_patricks_v1:armor/patrick_boots"},{"type":"single","resource":"evergreenset:staff"},{"type":"single","resource":"modelengine:entity/manticore_aether"},{"type":"single","resource":"dragon_warrior:dragon_warrior_texture/dragon_spin3"},{"type":"single","resource":"dragon_warrior:dragon_warrior_texture/dragon_spin2"},{"type":"single","resource":"dragon_warrior:dragon_warrior_texture/dragon_spin1"},{"type":"single","resource":"dragon_warrior:dragon_warrior_texture/dragon_wings7_2"},{"type":"single","resource":"dragon_warrior:dragon_warrior_texture/dragon_slash1_2"},{"type":"single","resource":"valerieset:armor/valerie_boots_icon"},{"type":"single","resource":"rpgbundle_vol3:bow/bow"},{"type":"single","resource":"jeqo:icons/crafting"},{"type":"single","resource":"dragon_warrior:dragon_warrior_texture/dragon_dash_pierce1"},{"type":"single","resource":"valerieset:trident"},{"type":"single","resource":"jeqo:icons/alert"},{"type":"single","resource":"dragon_warrior:dragon_warrior_texture/dragon_dash_pierce4"},{"type":"single","resource":"jeqo:icons/arrow_right"},{"type":"single","resource":"dragon_warrior:dragon_warrior_texture/dragon_dash_pierce5"},{"type":"single","resource":"dragon_warrior:dragon_warrior_texture/dragon_dash_pierce2"},{"type":"single","resource":"dragon_warrior:dragon_warrior_texture/dragon_dash_pierce3"},{"type":"single","resource":"valerieset:fishing_rod"},{"type":"single","resource":"rpgbundle_vol1:gem19"},{"type":"single","resource":"rpgbundle_vol1:gem18"},{"type":"single","resource":"rpgbundle_vol1:gem17"},{"type":"single","resource":"rpgbundle_vol1:gem16"},{"type":"single","resource":"rpgbundle_vol1:gem15"},{"type":"single","resource":"evergreenset:wings"},{"type":"single","resource":"rpgbundle_vol1:gem14"},{"type":"single","resource":"rpgbundle_vol1:gem13"},{"type":"single","resource":"rpgbundle_vol1:gem12"},{"type":"single","resource":"rpgbundle_vol1:gem11"},{"type":"single","resource":"rpgbundle_vol1:gem10"},{"type":"single","resource":"dragon_warrior:dragon_warrior_texture/dragon_spear"},{"type":"single","resource":"jeqo:icons/check"},{"type":"single","resource":"valerieset:bow"},{"type":"single","resource":"saint_patricks_v1:armor/patrick_leggings"},{"type":"single","resource":"rpgbundle_vol1:gem20"},{"type":"single","resource":"modelengine:entity/nocsy_drakonin_roots"},{"type":"single","resource":"modelengine:entity/dark_element_pet_attack_1"},{"type":"single","resource":"modelengine:entity/forzen_element_pet"},{"type":"single","resource":"evergreenset:bow"},{"type":"single","resource":"jeqo:icons/scroll_top2"},{"type":"single","resource":"evergreenset:pickaxe"},{"type":"single","resource":"evergreenset:greatsword"},{"type":"single","resource":"elitecreatures:fantasy_roman_warrior/electic"},{"type":"single","resource":"dragon_warrior:dragon_warrior_texture/dragon_spear_shiny"},{"type":"single","resource":"dragon_warrior:dragon_warrior_texture/dragon_spear_spirit_3"},{"type":"single","resource":"dragon_warrior:dragon_warrior_texture/dragon_spear_spirit_4"},{"type":"single","resource":"dragon_warrior:dragon_warrior_texture/dragon_spear_spirit_1"},{"type":"single","resource":"dragon_warrior:dragon_warrior_texture/dragon_spear_spirit_2"},{"type":"single","resource":"modelengine:entity/forest_element_pet_attack"},{"type":"single","resource":"dragon_warrior:dragon_warrior_texture/dragon_wings9_2"},{"type":"single","resource":"valerieset:greatsword"},{"type":"single","resource":"evergreenset:bow_1"},{"type":"single","resource":"rpgbundle_vol2:bow/bow"},{"type":"single","resource":"modelengine:entity/nocsy_drakonin_baby"},{"type":"single","resource":"modelengine:entity/sabertooth_arctic"},{"type":"single","resource":"_iainternal:icons/icon_right_blue"},{"type":"single","resource":"evergreenset:bow_2"},{"type":"single","resource":"dragon_warrior:dragon_warrior_texture/dragon_dash_charge1"},{"type":"single","resource":"dragon_warrior:dragon_warrior_texture/dragon_dash_charge2"},{"type":"single","resource":"dragon_warrior:dragon_warrior_texture/dragon_dash_charge3"},{"type":"single","resource":"dragon_warrior:dragon_warrior_texture/dragon_dash_charge4"},{"type":"single","resource":"evergreenset:chest"},{"type":"single","resource":"elitecreatures:fantasy_roman_warrior/leggings_icon"},{"type":"single","resource":"dragon_warrior:dragon_warrior_texture/icon_dragon_slash"},{"type":"single","resource":"elitecreatures:fantasy_roman_warrior/charge2"},{"type":"single","resource":"elitecreatures:fantasy_roman_warrior/charge1"},{"type":"single","resource":"jeqo:icons/scroll_middle3"},{"type":"single","resource":"jeqo:icons/scroll_middle4"},{"type":"single","resource":"jeqo:icons/blocked"},{"type":"single","resource":"valerieset:armor/valerie_legging_icon"},{"type":"single","resource":"valerieset:sword"},{"type":"single","resource":"saint_patricks_v1:sword"},{"type":"single","resource":"valerieset:crossbow"},{"type":"single","resource":"modelengine:entity/manticore_soul"},{"type":"single","resource":"modelengine:entity/nocsy_drakonin_water_geyser"},{"type":"single","resource":"dragon_warrior:dragon_warrior_texture/dragon_wings4_2"},{"type":"single","resource":"modelengine:entity/forzen_element_pet_attack_vfx"},{"type":"single","resource":"jeqo:icons/discord"},{"type":"single","resource":"jeqo:icons/arrow_down"},{"type":"single","resource":"evergreenset:sword"},{"type":"single","resource":"_iainternal:icons/icon_next_orange"},{"type":"single","resource":"rpgbundle_vol3:bow/bow_2"},{"type":"single","resource":"rpgbundle_vol3:bow/bow_1"},{"type":"single","resource":"rpgbundle_vol3:bow/bow_0"},{"type":"single","resource":"rpgbundle_vol2:paper/shield4"},{"type":"single","resource":"rpgbundle_vol2:paper/shield3"},{"type":"single","resource":"modelengine:entity/forest_element_pet_skill"},{"type":"single","resource":"rpgbundle_vol2:paper/shield5"},{"type":"single","resource":"jeqo:icons/curved_arrow_left2"},{"type":"single","resource":"modelengine:entity/forzen_element_pet_skill"},{"type":"single","resource":"valerieset:shield"},{"type":"single","resource":"valerieset:scythe"},{"type":"single","resource":"modelengine:entity/forzen_element_pet_attack"},{"type":"single","resource":"evergreenset:trident"},{"type":"single","resource":"jeqo:icons/boxed_arrow_down"},{"type":"single","resource":"modelengine:entity/forzen_element_pet_skill2"},{"type":"single","resource":"_iainternal:icons/icon_cancel"},{"type":"single","resource":"jeqo:icons/scroll_bottom2"},{"type":"single","resource":"dragon_warrior:dragon_warrior_texture/dragon_wings3_2"},{"type":"single","resource":"valerieset:armor/valerie_chestplate_icon"},{"type":"single","resource":"saint_patricks_v2:armor/patrick_v2_helmet"},{"type":"single","resource":"jeqo:icons/arrow_down2"},{"type":"single","resource":"modelengine:entity/nocsy_cat_fallen_eyes"},{"type":"single","resource":"jeqo:icons/unlock"},{"type":"single","resource":"modelengine:entity/dark_element_pet_attack_vfx"},{"type":"single","resource":"modelengine:entity/nocsy_drakonin3"},{"type":"single","resource":"elitecreatures:diablo_weapon_set/leggings_icon"},{"type":"single","resource":"modelengine:entity/nocsy_drakonin2"},{"type":"single","resource":"modelengine:entity/nocsy_drakonin7"},{"type":"single","resource":"saint_patricks_v1:cloverbubble2"},{"type":"single","resource":"modelengine:entity/nocsy_drakonin6"},{"type":"single","resource":"saint_patricks_v1:cloverbubble1"},{"type":"single","resource":"modelengine:entity/nocsy_drakonin5"},{"type":"single","resource":"modelengine:entity/nocsy_drakonin_rocks"},{"type":"single","resource":"modelengine:entity/nocsy_drakonin4"},{"type":"single","resource":"modelengine:entity/nocsy_drakonin8"},{"type":"single","resource":"jeqo:icons/cross"},{"type":"single","resource":"modelengine:entity/nocsy_drakonin_tornado"},{"type":"single","resource":"modelengine:entity/sabertooth_midnight"},{"type":"single","resource":"evergreenset:scythe"},{"type":"single","resource":"evergreenset:fishing_rod"},{"type":"single","resource":"evergreenset:fishing_rod_cast"},{"type":"single","resource":"dragon_warrior:dragon_warrior_texture/dragon_wings6_2"},{"type":"single","resource":"jeqo:icons/arrow_right2"},{"type":"single","resource":"dragon_warrior:dragon_warrior_texture/icon_dragon_breath"},{"type":"single","resource":"jeqo:icons/speech"},{"type":"single","resource":"elitecreatures:fantasy_roman_warrior/roman_warrior1"},{"type":"single","resource":"elitecreatures:fantasy_roman_warrior/roman_warrior2"},{"type":"single","resource":"elitecreatures:fantasy_roman_warrior/roman_warrior5"},{"type":"single","resource":"elitecreatures:fantasy_roman_warrior/roman_warrior6"},{"type":"single","resource":"jeqo:icons/arrow_left"},{"type":"single","resource":"elitecreatures:fantasy_roman_warrior/roman_warrior3"},{"type":"single","resource":"elitecreatures:fantasy_roman_warrior/roman_warrior4"},{"type":"single","resource":"jeqo:icons/bronze_trophy"},{"type":"single","resource":"modelengine:entity/manticore_dusk"},{"type":"single","resource":"valerieset:fishing_rod_cast"},{"type":"single","resource":"valerieset:animations/animation_1"},{"type":"single","resource":"valerieset:animations/animation_2"},{"type":"single","resource":"jeqo:icons/curved_arrow_right2"},{"type":"single","resource":"saint_patricks_v1:clover"},{"type":"single","resource":"dragon_warrior:dragon_warrior_texture/dragon_wings5_2"},{"type":"single","resource":"holy_knight:holy_core_2"},{"type":"single","resource":"jeqo:icons/filler"},{"type":"single","resource":"jeqo:icons/gray_boxed_arrow_right"},{"type":"single","resource":"_iainternal:icons/icon_search"},{"type":"single","resource":"evergreenset:animations/animations_2"},{"type":"single","resource":"evergreenset:animations/animations_1"},{"type":"single","resource":"elitecreatures:diablo_weapon_set/helmet_icon"},{"type":"single","resource":"dragon_warrior:dragon_warrior_texture/dragon_spin3_2"},{"type":"single","resource":"evergreenset:crossbow"},{"type":"single","resource":"dragon_warrior:dragon_warrior_texture/dragon_wings_a"},{"type":"single","resource":"evergreenset:armor/evergreen_leggings_icon"},{"type":"single","resource":"modelengine:entity/dark_element_pet_skill"},{"type":"single","resource":"hmccosmetics:icons/arrow_next"},{"type":"single","resource":"rpgbundle_vol2:paper/item15"},{"type":"single","resource":"rpgbundle_vol2:paper/item14"},{"type":"single","resource":"rpgbundle_vol2:paper/item17"},{"type":"single","resource":"rpgbundle_vol2:paper/item16"},{"type":"single","resource":"rpgbundle_vol2:paper/item19"},{"type":"single","resource":"rpgbundle_vol2:paper/item18"},{"type":"single","resource":"elitecreatures:diablo_weapon_set/diablo_texture"},{"type":"single","resource":"holy_knight:glitter"},{"type":"single","resource":"valerieset:shovel"},{"type":"single","resource":"modelengine:entity/dragon_sculk"},{"type":"single","resource":"saint_patricks_v1:texture5"},{"type":"single","resource":"modelengine:entity/destructible_loot_pot"},{"type":"single","resource":"saint_patricks_v1:texture4"},{"type":"single","resource":"saint_patricks_v1:texture7"},{"type":"single","resource":"saint_patricks_v1:texture6"},{"type":"single","resource":"modelengine:entity/lizard_lava"},{"type":"single","resource":"rpgbundle_vol2:paper/item20"},{"type":"single","resource":"saint_patricks_v2:armor/patrick_v2_boots"},{"type":"single","resource":"saint_patricks_v1:texture1"},{"type":"single","resource":"saint_patricks_v1:texture3"},{"type":"single","resource":"saint_patricks_v1:texture2"},{"type":"single","resource":"evergreenset:armor/evergreen_chestplate_icon"},{"type":"single","resource":"modelengine:entity/forzen_element_pet_skill2_vfx"},{"type":"single","resource":"dragon_warrior:dragon_warrior_texture/dragon_spin2_2"},{"type":"single","resource":"rpgbundle_vol1:gem9"},{"type":"single","resource":"rpgbundle_vol1:gem8"},{"type":"single","resource":"rpgbundle_vol1:gem7"},{"type":"single","resource":"rpgbundle_vol1:gem6"},{"type":"single","resource":"rpgbundle_vol1:gem5"},{"type":"single","resource":"valerieset:staff"},{"type":"single","resource":"rpgbundle_vol1:gem4"},{"type":"single","resource":"modelengine:entity/lizard_aqua"},{"type":"single","resource":"rpgbundle_vol1:gem3"},{"type":"single","resource":"rpgbundle_vol1:gem2"},{"type":"single","resource":"rpgbundle_vol1:gem1"},{"type":"single","resource":"evergreenset:hoe"},{"type":"single","resource":"rpgbundle_vol2:paper/item11"},{"type":"single","resource":"rpgbundle_vol2:paper/item10"},{"type":"single","resource":"rpgbundle_vol2:paper/item13"},{"type":"single","resource":"rpgbundle_vol2:paper/item12"},{"type":"single","resource":"rpgbundle_vol1:paper7"},{"type":"single","resource":"jeqo:icons/gray_boxed_arrow_left"},{"type":"single","resource":"rpgbundle_vol1:paper6"},{"type":"single","resource":"rpgbundle_vol1:paper5"},{"type":"single","resource":"rpgbundle_vol1:paper4"},{"type":"single","resource":"dragon_warrior:dragon_warrior_texture/dragon_smash_rupture_5"},{"type":"single","resource":"dragon_warrior:dragon_warrior_texture/dragon_smash_rupture_4"},{"type":"single","resource":"rpgbundle_vol1:paper8"},{"type":"single","resource":"dragon_warrior:dragon_warrior_texture/dragon_smash_rupture_6"},{"type":"single","resource":"modelengine:entity/nocsy_cat6"},{"type":"single","resource":"modelengine:entity/nocsy_cat5"},{"type":"single","resource":"modelengine:entity/nocsy_cat4"},{"type":"single","resource":"modelengine:entity/nocsy_cat3"},{"type":"single","resource":"modelengine:entity/nocsy_cat2"},{"type":"single","resource":"modelengine:entity/nocsy_cat1"},{"type":"single","resource":"valerieset:hoe"},{"type":"single","resource":"dragon_warrior:dragon_warrior_texture/dragon_dash_charge1_2"},{"type":"single","resource":"rpgbundle_vol1:paper3"},{"type":"single","resource":"jeqo:icons/speech_blocked"},{"type":"single","resource":"rpgbundle_vol1:paper2"},{"type":"single","resource":"rpgbundle_vol1:paper1"},{"type":"single","resource":"valerieset:pickaxe"},{"type":"single","resource":"dragon_warrior:dragon_warrior_texture/dragon_spin1_2"},{"type":"single","resource":"jeqo:icons/boxed_arrow_right"},{"type":"single","resource":"jeqo:icons/gold_trophy"},{"type":"single","resource":"jeqo:icons/scroll_bottom"},{"type":"single","resource":"holy_knight:holy_knight_2"},{"type":"single","resource":"holy_knight:holy_knight_3"},{"type":"single","resource":"evergreenset:crown"},{"type":"single","resource":"jeqo:icons/curved_arrow_right"},{"type":"single","resource":"rpgbundle_vol2:axe/axe1"},{"type":"single","resource":"holy_knight:holy_core"},{"type":"single","resource":"elitecreatures:diablo_weapon_set/chestplate_icon"},{"type":"single","resource":"rpgbundle_vol2:axe/axe5"},{"type":"single","resource":"rpgbundle_vol2:axe/axe4"},{"type":"single","resource":"rpgbundle_vol2:axe/axe3"},{"type":"single","resource":"rpgbundle_vol2:axe/axe2"},{"type":"single","resource":"dragon_warrior:dragon_warrior_texture/dragon_dash_impact1"},{"type":"single","resource":"rpgbundle_vol2:axe/axe7"},{"type":"single","resource":"dragon_warrior:dragon_warrior_texture/dragon_dash_impact3"},{"type":"single","resource":"rpgbundle_vol2:axe/axe6"},{"type":"single","resource":"dragon_warrior:dragon_warrior_texture/dragon_dash_impact2"},{"type":"single","resource":"elitecreatures:fantasy_roman_warrior/chestplace_icon"},{"type":"single","resource":"dragon_warrior:dragon_warrior_texture/dragon_wings2"},{"type":"single","resource":"dragon_warrior:dragon_warrior_texture/dragon_dash_impact5"},{"type":"single","resource":"modelengine:entity/walker_mech_odst"},{"type":"single","resource":"dragon_warrior:dragon_warrior_texture/dragon_wings1"},{"type":"single","resource":"dragon_warrior:dragon_warrior_texture/dragon_dash_impact4"},{"type":"single","resource":"dragon_warrior:dragon_warrior_texture/dragon_wings2_2"},{"type":"single","resource":"dragon_warrior:dragon_warrior_texture/dragon_wings4"},{"type":"single","resource":"dragon_warrior:dragon_warrior_texture/dragon_wings3"},{"type":"single","resource":"rpgbundle_vol3:weapon/weapon18"},{"type":"single","resource":"rpgbundle_vol3:weapon/weapon19"},{"type":"single","resource":"modelengine:entity/teeny_warden_texture"},{"type":"single","resource":"dragon_warrior:dragon_warrior_texture/dragon_wings6"},{"type":"single","resource":"dragon_warrior:dragon_warrior_texture/dragon_wings5"},{"type":"single","resource":"dragon_warrior:dragon_warrior_texture/dragon_wings8"},{"type":"single","resource":"dragon_warrior:dragon_warrior_texture/dragon_wings7"},{"type":"single","resource":"saint_patricks_v1:slot"},{"type":"single","resource":"dragon_warrior:dragon_warrior_texture/dragon_wings9"},{"type":"single","resource":"rpgbundle_vol3:weapon/weapon10"},{"type":"single","resource":"dragon_warrior:dragon_warrior_texture/dragon_smash_rupture_1"},{"type":"single","resource":"rpgbundle_vol3:weapon/weapon11"},{"type":"single","resource":"rpgbundle_vol3:weapon/weapon12"},{"type":"single","resource":"dragon_warrior:dragon_warrior_texture/dragon_smash_rupture_3"},{"type":"single","resource":"rpgbundle_vol3:weapon/weapon13"},{"type":"single","resource":"dragon_warrior:dragon_warrior_texture/dragon_smash_rupture_2"},{"type":"single","resource":"rpgbundle_vol3:weapon/weapon14"},{"type":"single","resource":"rpgbundle_vol3:weapon/weapon15"},{"type":"single","resource":"rpgbundle_vol3:weapon/weapon16"},{"type":"single","resource":"rpgbundle_vol3:weapon/weapon17"},{"type":"single","resource":"rpgbundle_vol3:weapon/weapon29"},{"type":"single","resource":"evergreenset:shovel"},{"type":"single","resource":"modelengine:entity/nocsy_drakonin_poisoncloud_animated"},{"type":"single","resource":"rpgbundle_vol2:paper/shield2"},{"type":"single","resource":"rpgbundle_vol2:paper/shield1"},{"type":"single","resource":"dragon_warrior:dragon_warrior_texture/dragon_wings1_2"},{"type":"single","resource":"valerieset:crossbow_2"},{"type":"single","resource":"valerieset:crossbow_1"},{"type":"single","resource":"dragon_warrior:dragon_warrior_texture/dragon_slash4"},{"type":"single","resource":"dragon_warrior:dragon_warrior_texture/dragon_slash5"},{"type":"single","resource":"dragon_warrior:dragon_warrior_texture/dragon_slash2"},{"type":"single","resource":"dragon_warrior:dragon_warrior_texture/dragon_slash3"},{"type":"single","resource":"dragon_warrior:dragon_warrior_texture/dragon_slash6"},{"type":"single","resource":"rpgbundle_vol3:weapon/weapon20"},{"type":"single","resource":"rpgbundle_vol3:weapon/weapon21"},{"type":"single","resource":"_iainternal:icons/icon_back_orange"},{"type":"single","resource":"rpgbundle_vol3:weapon/weapon22"},{"type":"single","resource":"rpgbundle_vol3:weapon/weapon23"},{"type":"single","resource":"rpgbundle_vol3:weapon/weapon24"},{"type":"single","resource":"holy_knight:holy_knight_texture"},{"type":"single","resource":"jeqo:icons/arrow_up"},{"type":"single","resource":"rpgbundle_vol3:weapon/weapon25"},{"type":"single","resource":"modelengine:entity/nocsy_drakonin_firespell"},{"type":"single","resource":"rpgbundle_vol3:weapon/weapon26"},{"type":"single","resource":"evergreenset:crossbow_1"},{"type":"single","resource":"dragon_warrior:dragon_warrior_texture/dragon_slash1"},{"type":"single","resource":"rpgbundle_vol3:weapon/weapon27"},{"type":"single","resource":"evergreenset:crossbow_2"},{"type":"single","resource":"rpgbundle_vol3:weapon/weapon28"},{"type":"single","resource":"rpgbundle_vol2:sword/weapon14"},{"type":"single","resource":"rpgbundle_vol2:sword/weapon15"},{"type":"single","resource":"valerieset:wings"},{"type":"single","resource":"saint_patricks_v1:armor/patrick_chestplate"},{"type":"single","resource":"rpgbundle_vol2:sword/weapon16"},{"type":"single","resource":"dragon_warrior:dragon_warrior_texture/icon_dragon_skin"},{"type":"single","resource":"rpgbundle_vol2:sword/weapon17"},{"type":"single","resource":"jeqo:icons/boxed_arrow_left"},{"type":"single","resource":"rpgbundle_vol2:sword/weapon10"},{"type":"single","resource":"modelengine:entity/dragon_desert"},{"type":"single","resource":"rpgbundle_vol2:sword/weapon11"},{"type":"single","resource":"rpgbundle_vol2:sword/weapon12"},{"type":"single","resource":"rpgbundle_vol2:sword/weapon13"},{"type":"single","resource":"rpgbundle_vol3:bow/bow5_2"},{"type":"single","resource":"modelengine:entity/atlas_companion"},{"type":"single","resource":"rpgbundle_vol3:bow/bow5_1"},{"type":"single","resource":"jeqo:icons/arrow_left2"},{"type":"single","resource":"valerieset:chest"},{"type":"single","resource":"rpgbundle_vol3:bow/bow5_0"}]}