{
	"textures": {
		"0": "block/invisible_icon"
	},
	"elements": [
		{
			"from": [-16, -16, 15.9375],
			"to": [32, 32, 16],
			"faces": {
				"north": {"uv": [16, 16, 0, 0], "rotation": 180, "texture": "#0"},
				"south": {"uv": [16, 16, 0, 0], "rotation": 180, "texture": "#0"}
			}
		}
	],
	"display": {
		"thirdperson_righthand": {
			"scale": [0, 0, 0]
		},
		"thirdperson_lefthand": {
			"scale": [0, 0, 0]
		},
		"firstperson_righthand": {
			"scale": [0, 0, 0]
		},
		"firstperson_lefthand": {
			"scale": [0, 0, 0]
		},
		"ground": {
			"scale": [0, 0, 0]
		},
		"gui": {
			"translation": [0, 0, -25],
			"scale": [0, 0, 0]
		}
	}
}