{
	"credit": "Made with Blockbench",
	"elements": [
		{
			"from": [-16, -16, 15.9375],
			"to": [32, 32, 16],
			"faces": {
				"north": {"uv": [14.75, 10.125, 1.25, 5.875], "rotation": 180, "texture": "#texture"},
				"east": {"uv": [0, 0, 0, 0], "texture": "#texture"},
				"south": {"uv": [14.75, 10.125, 1.25, 5.875], "rotation": 180, "texture": "#texture"},
				"west": {"uv": [0, 0, 0, 0], "texture": "#texture"},
				"up": {"uv": [0, 0, 0, 0], "texture": "#texture"},
				"down": {"uv": [0, 0, 0, 0], "texture": "#texture"}
			}
		}
	],
	"gui_light": "front",
	"display": {
		"firstperson_lefthand": {
			"scale": [0.0001, 0.0001, 0.0001]
		},
		"gui": {
			"translation": [0, 2, 6],
			"scale": [1, 0.33, 1]
		}
	}
}