{
	"credit": "Made with Blockbench",
	"elements": [
		{
			"from": [-16, -16, 15.9375],
			"to": [32, 32, 16],
			"faces": {
				"north": {"uv": [0, 0, 16, 16], "texture": "#texture"},
				"east": {"uv": [0, 0, 0, 0], "texture": "#texture"},
				"south": {"uv": [0, 0, 15.825, 15.79], "texture": "#texture"},
				"west": {"uv": [0, 0, 0, 0], "texture": "#texture"},
				"up": {"uv": [0, 0, 0, 0], "texture": "#texture"},
				"down": {"uv": [0, 0, 0, 0], "texture": "#texture"}
			}
		}
	],
	"gui_light": "front",
	"display": {
		"firstperson_lefthand": {
			"scale": [0, 0, 0]
		},
		"gui": {
			"translation": [40.5, 0, 0],
			"scale": [2, 0.9, 0.9]
		}
	}
}