{
	"credit": "Made with Blockbench",
	"elements": [
		{
			"from": [0, 0, 15.9375],
			"to": [16, 16, 16],
			"faces": {
				"north": {"uv": [2.125, 3.375, 13.75, 12.625], "texture": "#texture"},
				"east": {"uv": [0, 0, 0, 0], "texture": "#texture"},
				"south": {"uv": [2.125, 6.75, 13.75, 9.125], "texture": "#texture"},
				"west": {"uv": [0, 0, 0, 0], "texture": "#texture"},
				"up": {"uv": [0, 0, 0, 0], "texture": "#texture"},
				"down": {"uv": [0, 0, 0, 0], "texture": "#texture"}
			}
		}
	],
	"gui_light": "front",
	"display": {
		"firstperson_lefthand": {
			"scale": [0.0001, 0.0001, 0.0001]
		},
		"gui": {
			"scale": [4, 0.8, 1]
		}
	}
}