{"textures":{"0":"modelengine:entity/dark_element_pet"},"elements":[{"from":[6.5714283,8.142858,6.857143],"to":[9.428572,12.142858,9.142858],"rotation":{"angle":0.0,"axis":"y","origin":[7.142857,5.285714,8.0]},"faces":{"east":{"uv":[8.75,5.0,9.75,6.75],"rotation":0,"texture":"#0","tintindex":0},"south":{"uv":[3.0,8.0,4.25,9.75],"rotation":0,"texture":"#0","tintindex":0},"north":{"uv":[1.75,8.0,3.0,9.75],"rotation":0,"texture":"#0","tintindex":0},"west":{"uv":[6.75,8.75,7.75,10.5],"rotation":0,"texture":"#0","tintindex":0},"up":{"uv":[4.0,10.75,2.75,9.75],"rotation":0,"texture":"#0","tintindex":0},"down":{"uv":[5.25,9.75,4.0,10.75],"rotation":0,"texture":"#0","tintindex":0}}},{"from":[7.9234953,11.0,6.5714283],"to":[8.494924,11.571428,6.857143],"rotation":{"angle":45.0,"axis":"z","origin":[7.4949236,11.285714,6.714286]},"faces":{"east":{"uv":[4.75,12.25,4.875,12.5],"rotation":0,"texture":"#0","tintindex":0},"south":{"uv":[11.5,8.0,11.75,8.25],"rotation":0,"texture":"#0","tintindex":0},"north":{"uv":[6.75,8.5,7.0,8.75],"rotation":0,"texture":"#0","tintindex":0},"west":{"uv":[12.25,6.0,12.375,6.25],"rotation":0,"texture":"#0","tintindex":0},"up":{"uv":[12.5,10.875,12.25,10.75],"rotation":0,"texture":"#0","tintindex":0},"down":{"uv":[0.75,12.5,0.5,12.625],"rotation":0,"texture":"#0","tintindex":0}}},{"from":[6.5714283,8.0,6.714286],"to":[9.428572,12.0,6.714286],"rotation":{"angle":0.0,"axis":"y","origin":[7.5714283,11.285714,6.714286]},"faces":{"east":{"uv":[0.0,0.0,0.0,1.75],"rotation":0,"texture":"#0","tintindex":0},"south":{"uv":[5.5,8.0,4.25,9.75],"rotation":0,"texture":"#0","tintindex":0},"north":{"uv":[4.25,8.0,5.5,9.75],"rotation":0,"texture":"#0","tintindex":0},"west":{"uv":[0.0,0.0,0.0,1.75],"rotation":0,"texture":"#0","tintindex":0},"up":{"uv":[1.25,0.0,0.0,0.0],"rotation":0,"texture":"#0","tintindex":0},"down":{"uv":[1.25,0.0,0.0,0.0],"rotation":0,"texture":"#0","tintindex":0}}}],"display":{"head":{"translation":[0.0,-6.4,0.0],"scale":[4.0,4.0,4.0]}}}