{"textures":{"0":"modelengine:entity/dark_element_pet"},"elements":[{"from":[6.142857,7.968855,6.2967033],"to":[9.857143,11.683141,10.010989],"rotation":{"angle":0.0,"axis":"y","origin":[7.142857,1.111712,7.4395604]},"faces":{"east":{"uv":[7.0,1.75,8.625,3.375],"rotation":0,"texture":"#0","tintindex":0},"south":{"uv":[7.0,3.5,8.625,5.125],"rotation":0,"texture":"#0","tintindex":0},"north":{"uv":[7.0,0.0,8.625,1.625],"rotation":0,"texture":"#0","tintindex":0},"west":{"uv":[7.0,5.25,8.625,6.875],"rotation":0,"texture":"#0","tintindex":0},"up":{"uv":[8.625,8.625,7.0,7.0],"rotation":0,"texture":"#0","tintindex":0},"down":{"uv":[1.625,8.0,0.0,9.625],"rotation":0,"texture":"#0","tintindex":0}}},{"from":[6.0,10.054569,6.1538463],"to":[7.142857,11.197427,6.7252746],"rotation":{"angle":0.0,"axis":"y","origin":[7.0,10.825998,6.2252746]},"faces":{"east":{"uv":[6.75,8.0,7.0,8.5],"rotation":0,"texture":"#0","tintindex":0},"south":{"uv":[4.75,13.25,5.25,13.75],"rotation":0,"texture":"#0","tintindex":0},"north":{"uv":[10.0,10.5,10.5,11.0],"rotation":0,"texture":"#0","tintindex":0},"west":{"uv":[8.75,8.25,9.0,8.75],"rotation":0,"texture":"#0","tintindex":0},"up":{"uv":[9.0,10.5,8.5,10.25],"rotation":0,"texture":"#0","tintindex":0},"down":{"uv":[10.5,11.0,10.0,11.25],"rotation":0,"texture":"#0","tintindex":0}}},{"from":[8.857143,10.054569,6.1538463],"to":[10.0,11.197427,6.7252746],"rotation":{"angle":0.0,"axis":"y","origin":[9.0,10.825998,6.2252746]},"faces":{"east":{"uv":[11.75,9.25,12.0,9.75],"rotation":0,"texture":"#0","tintindex":0},"south":{"uv":[5.25,13.25,5.75,13.75],"rotation":0,"texture":"#0","tintindex":0},"north":{"uv":[13.25,4.75,13.75,5.25],"rotation":0,"texture":"#0","tintindex":0},"west":{"uv":[11.5,11.75,11.75,12.25],"rotation":0,"texture":"#0","tintindex":0},"up":{"uv":[11.75,11.25,11.25,11.0],"rotation":0,"texture":"#0","tintindex":0},"down":{"uv":[12.5,3.75,12.0,4.0],"rotation":0,"texture":"#0","tintindex":0}}},{"from":[9.0,10.197427,6.148132],"to":[9.714286,11.054569,6.148132],"rotation":{"angle":0.0,"axis":"y","origin":[9.0,10.825998,6.2252746]},"faces":{"east":{"uv":[0.0,0.0,0.0,0.375],"rotation":0,"texture":"#0","tintindex":0},"south":{"uv":[13.5,2.25,13.875,2.625],"rotation":0,"texture":"#0","tintindex":0},"north":{"uv":[13.5,1.75,13.875,2.125],"rotation":0,"texture":"#0","tintindex":0},"west":{"uv":[0.0,0.0,0.0,0.375],"rotation":0,"texture":"#0","tintindex":0},"up":{"uv":[0.375,0.0,0.0,0.0],"rotation":0,"texture":"#0","tintindex":0},"down":{"uv":[0.375,0.0,0.0,0.0],"rotation":0,"texture":"#0","tintindex":0}}},{"from":[9.285714,6.3974266,7.1538463],"to":[13.285715,13.25457,7.1538463],"rotation":{"angle":0.0,"axis":"y","origin":[7.5714283,1.111712,7.5824175]},"faces":{"east":{"uv":[0.0,0.0,0.0,3.0],"rotation":0,"texture":"#0","tintindex":0},"south":{"uv":[1.75,0.0,3.5,3.0],"rotation":0,"texture":"#0","tintindex":0},"north":{"uv":[0.0,0.0,1.75,3.0],"rotation":0,"texture":"#0","tintindex":0},"west":{"uv":[0.0,0.0,0.0,3.0],"rotation":0,"texture":"#0","tintindex":0},"up":{"uv":[1.75,0.0,0.0,0.0],"rotation":0,"texture":"#0","tintindex":0},"down":{"uv":[1.75,0.0,0.0,0.0],"rotation":0,"texture":"#0","tintindex":0}}},{"from":[2.7142854,6.3974266,9.153847],"to":[6.714286,13.25457,9.153847],"rotation":{"angle":0.0,"axis":"y","origin":[8.428572,1.111712,8.725275]},"faces":{"east":{"uv":[0.0,0.0,0.0,3.0],"rotation":0,"texture":"#0","tintindex":0},"south":{"uv":[1.75,3.0,3.5,6.0],"rotation":0,"texture":"#0","tintindex":0},"north":{"uv":[0.0,3.0,1.75,6.0],"rotation":0,"texture":"#0","tintindex":0},"west":{"uv":[0.0,0.0,0.0,3.0],"rotation":0,"texture":"#0","tintindex":0},"up":{"uv":[1.75,0.0,0.0,0.0],"rotation":0,"texture":"#0","tintindex":0},"down":{"uv":[1.75,0.0,0.0,0.0],"rotation":0,"texture":"#0","tintindex":0}}},{"from":[3.5273743,11.401317,8.153846],"to":[7.5273743,15.972746,8.153846],"rotation":{"angle":-22.5,"axis":"z","origin":[4.3845167,14.687031,8.010989]},"faces":{"east":{"uv":[0.0,0.0,0.0,2.0],"rotation":0,"texture":"#0","tintindex":0},"south":{"uv":[1.75,6.0,3.5,8.0],"rotation":0,"texture":"#0","tintindex":0},"north":{"uv":[0.0,6.0,1.75,8.0],"rotation":0,"texture":"#0","tintindex":0},"west":{"uv":[0.0,0.0,0.0,2.0],"rotation":0,"texture":"#0","tintindex":0},"up":{"uv":[1.75,0.0,0.0,0.0],"rotation":0,"texture":"#0","tintindex":0},"down":{"uv":[1.75,0.0,0.0,0.0],"rotation":0,"texture":"#0","tintindex":0}}},{"from":[3.8130884,15.1156025,7.7252746],"to":[6.384517,16.258461,8.5824175],"rotation":{"angle":-22.5,"axis":"z","origin":[4.3845167,14.687031,8.153846]},"faces":{"east":{"uv":[12.0,13.25,12.375,13.75],"rotation":0,"texture":"#0","tintindex":0},"south":{"uv":[12.25,6.75,13.375,7.25],"rotation":0,"texture":"#0","tintindex":0},"north":{"uv":[11.75,6.25,12.875,6.75],"rotation":0,"texture":"#0","tintindex":0},"west":{"uv":[12.5,13.25,12.875,13.75],"rotation":0,"texture":"#0","tintindex":0},"up":{"uv":[13.375,13.125,12.25,12.75],"rotation":0,"texture":"#0","tintindex":0},"down":{"uv":[3.875,13.0,2.75,13.375],"rotation":0,"texture":"#0","tintindex":0}}},{"from":[1.8130884,10.544174,7.5824175],"to":[3.2416596,15.687031,8.725275],"rotation":{"angle":-22.5,"axis":"z","origin":[3.9559455,11.1156025,8.296703]},"faces":{"east":{"uv":[9.75,4.5,10.25,6.75],"rotation":0,"texture":"#0","tintindex":0},"south":{"uv":[1.25,9.75,1.875,12.0],"rotation":0,"texture":"#0","tintindex":0},"north":{"uv":[9.75,0.0,10.375,2.25],"rotation":0,"texture":"#0","tintindex":0},"west":{"uv":[5.25,9.75,5.75,12.0],"rotation":0,"texture":"#0","tintindex":0},"up":{"uv":[13.875,1.25,13.25,0.75],"rotation":0,"texture":"#0","tintindex":0},"down":{"uv":[1.875,13.25,1.25,13.75],"rotation":0,"texture":"#0","tintindex":0}}},{"from":[2.066352,9.282053,7.4395604],"to":[5.4949236,10.99634,8.868132],"rotation":{"angle":-45.0,"axis":"z","origin":[4.2092094,9.853482,8.153846]},"faces":{"east":{"uv":[12.5,11.25,13.125,12.0],"rotation":0,"texture":"#0","tintindex":0},"south":{"uv":[10.0,6.75,11.5,7.5],"rotation":0,"texture":"#0","tintindex":0},"north":{"uv":[9.0,9.75,10.5,10.5],"rotation":0,"texture":"#0","tintindex":0},"west":{"uv":[12.75,1.5,13.375,2.25],"rotation":0,"texture":"#0","tintindex":0},"up":{"uv":[11.75,5.875,10.25,5.25],"rotation":0,"texture":"#0","tintindex":0},"down":{"uv":[11.75,6.0,10.25,6.625],"rotation":0,"texture":"#0","tintindex":0}}},{"from":[4.714286,8.540284,7.2967033],"to":[6.714286,10.25457,9.010989],"rotation":{"angle":0.0,"axis":"y","origin":[8.428572,0.8259978,7.8681316]},"faces":{"east":{"uv":[6.75,12.0,7.5,12.75],"rotation":0,"texture":"#0","tintindex":0},"south":{"uv":[8.25,12.0,9.125,12.75],"rotation":0,"texture":"#0","tintindex":0},"north":{"uv":[5.75,12.0,6.625,12.75],"rotation":0,"texture":"#0","tintindex":0},"west":{"uv":[9.25,12.0,10.0,12.75],"rotation":0,"texture":"#0","tintindex":0},"up":{"uv":[12.875,10.0,12.0,9.25],"rotation":0,"texture":"#0","tintindex":0},"down":{"uv":[12.875,10.0,12.0,10.75],"rotation":0,"texture":"#0","tintindex":0}}},{"from":[2.7142854,6.3974266,7.1538463],"to":[6.714286,13.25457,7.1538463],"rotation":{"angle":0.0,"axis":"y","origin":[8.428572,1.111712,7.5824175]},"faces":{"east":{"uv":[0.0,0.0,0.0,3.0],"rotation":0,"texture":"#0","tintindex":0},"south":{"uv":[3.5,3.0,5.25,6.0],"rotation":0,"texture":"#0","tintindex":0},"north":{"uv":[3.5,0.0,5.25,3.0],"rotation":0,"texture":"#0","tintindex":0},"west":{"uv":[0.0,0.0,0.0,3.0],"rotation":0,"texture":"#0","tintindex":0},"up":{"uv":[1.75,0.0,0.0,0.0],"rotation":0,"texture":"#0","tintindex":0},"down":{"uv":[1.75,0.0,0.0,0.0],"rotation":0,"texture":"#0","tintindex":0}}},{"from":[9.285714,6.3974266,9.153847],"to":[13.285715,13.25457,9.153847],"rotation":{"angle":0.0,"axis":"y","origin":[7.5714283,1.111712,8.725275]},"faces":{"east":{"uv":[0.0,0.0,0.0,3.0],"rotation":0,"texture":"#0","tintindex":0},"south":{"uv":[5.25,3.0,7.0,6.0],"rotation":0,"texture":"#0","tintindex":0},"north":{"uv":[5.25,0.0,7.0,3.0],"rotation":0,"texture":"#0","tintindex":0},"west":{"uv":[0.0,0.0,0.0,3.0],"rotation":0,"texture":"#0","tintindex":0},"up":{"uv":[1.75,0.0,0.0,0.0],"rotation":0,"texture":"#0","tintindex":0},"down":{"uv":[1.75,0.0,0.0,0.0],"rotation":0,"texture":"#0","tintindex":0}}},{"from":[9.285714,8.540284,7.2967033],"to":[11.285714,10.25457,9.010989],"rotation":{"angle":0.0,"axis":"y","origin":[7.5714283,0.8259978,7.8681316]},"faces":{"east":{"uv":[12.25,7.25,13.0,8.0],"rotation":0,"texture":"#0","tintindex":0},"south":{"uv":[3.75,12.25,4.625,13.0],"rotation":0,"texture":"#0","tintindex":0},"north":{"uv":[2.75,12.25,3.625,13.0],"rotation":0,"texture":"#0","tintindex":0},"west":{"uv":[11.5,12.25,12.25,13.0],"rotation":0,"texture":"#0","tintindex":0},"up":{"uv":[13.125,5.25,12.25,4.5],"rotation":0,"texture":"#0","tintindex":0},"down":{"uv":[13.125,5.25,12.25,6.0],"rotation":0,"texture":"#0","tintindex":0}}},{"from":[10.505076,9.282053,7.4395604],"to":[13.933648,10.99634,8.868132],"rotation":{"angle":45.0,"axis":"z","origin":[11.790791,9.853482,8.153846]},"faces":{"east":{"uv":[12.75,2.25,13.375,3.0],"rotation":0,"texture":"#0","tintindex":0},"south":{"uv":[10.25,4.5,11.75,5.25],"rotation":0,"texture":"#0","tintindex":0},"north":{"uv":[10.0,7.5,11.5,8.25],"rotation":0,"texture":"#0","tintindex":0},"west":{"uv":[12.75,3.0,13.375,3.75],"rotation":0,"texture":"#0","tintindex":0},"up":{"uv":[11.75,8.875,10.25,8.25],"rotation":0,"texture":"#0","tintindex":0},"down":{"uv":[11.75,9.0,10.25,9.625],"rotation":0,"texture":"#0","tintindex":0}}},{"from":[12.758341,10.544174,7.5824175],"to":[14.186912,15.687031,8.725275],"rotation":{"angle":22.5,"axis":"z","origin":[12.044054,11.1156025,8.296703]},"faces":{"east":{"uv":[5.75,9.75,6.25,12.0],"rotation":0,"texture":"#0","tintindex":0},"south":{"uv":[9.75,2.25,10.375,4.5],"rotation":0,"texture":"#0","tintindex":0},"north":{"uv":[2.0,9.75,2.625,12.0],"rotation":0,"texture":"#0","tintindex":0},"west":{"uv":[6.25,9.75,6.75,12.0],"rotation":0,"texture":"#0","tintindex":0},"up":{"uv":[2.625,13.75,2.0,13.25],"rotation":0,"texture":"#0","tintindex":0},"down":{"uv":[13.875,4.25,13.25,4.75],"rotation":0,"texture":"#0","tintindex":0}}},{"from":[9.615483,15.1156025,7.7252746],"to":[12.186912,16.258461,8.5824175],"rotation":{"angle":22.5,"axis":"z","origin":[11.615483,14.687031,8.153846]},"faces":{"east":{"uv":[13.0,13.25,13.375,13.75],"rotation":0,"texture":"#0","tintindex":0},"south":{"uv":[12.5,8.0,13.625,8.5],"rotation":0,"texture":"#0","tintindex":0},"north":{"uv":[12.25,12.25,13.375,12.75],"rotation":0,"texture":"#0","tintindex":0},"west":{"uv":[13.5,1.25,13.875,1.75],"rotation":0,"texture":"#0","tintindex":0},"up":{"uv":[14.125,4.125,13.0,3.75],"rotation":0,"texture":"#0","tintindex":0},"down":{"uv":[14.125,6.0,13.0,6.375],"rotation":0,"texture":"#0","tintindex":0}}},{"from":[8.472626,11.401317,8.153846],"to":[12.472626,15.972746,8.153846],"rotation":{"angle":22.5,"axis":"z","origin":[11.615483,14.687031,8.010989]},"faces":{"east":{"uv":[0.0,0.0,0.0,2.0],"rotation":0,"texture":"#0","tintindex":0},"south":{"uv":[5.25,6.0,7.0,8.0],"rotation":0,"texture":"#0","tintindex":0},"north":{"uv":[3.5,6.0,5.25,8.0],"rotation":0,"texture":"#0","tintindex":0},"west":{"uv":[0.0,0.0,0.0,2.0],"rotation":0,"texture":"#0","tintindex":0},"up":{"uv":[1.75,0.0,0.0,0.0],"rotation":0,"texture":"#0","tintindex":0},"down":{"uv":[1.75,0.0,0.0,0.0],"rotation":0,"texture":"#0","tintindex":0}}}],"display":{"head":{"translation":[0.0,-6.4,0.0],"scale":[4.0,4.0,4.0]}}}