{"textures":{"0":"modelengine:entity/dark_element_pet"},"elements":[{"from":[7.3514285,5.1371427,7.3514285],"to":[8.648571,8.005714,8.648571],"rotation":{"angle":0.0,"axis":"y","origin":[7.785714,9.0,8.071428]},"faces":{"east":{"uv":[11.75,11.0,12.375,12.25],"rotation":0,"texture":"#0","tintindex":0},"south":{"uv":[12.0,0.0,12.625,1.25],"rotation":0,"texture":"#0","tintindex":0},"north":{"uv":[10.75,11.75,11.375,13.0],"rotation":0,"texture":"#0","tintindex":0},"west":{"uv":[1.25,12.0,1.875,13.25],"rotation":0,"texture":"#0","tintindex":0},"up":{"uv":[11.875,13.625,11.25,13.0],"rotation":0,"texture":"#0","tintindex":0},"down":{"uv":[13.875,0.0,13.25,0.625],"rotation":0,"texture":"#0","tintindex":0}}},{"from":[6.774286,2.8457136,7.488571],"to":[9.225715,6.297143,7.5114284],"rotation":{"angle":0.0,"axis":"y","origin":[7.785714,9.0,8.214286]},"faces":{"east":{"uv":[0.0,0.0,0.0,1.5],"rotation":0,"texture":"#0","tintindex":0},"south":{"uv":[0.0,9.75,1.125,11.25],"rotation":0,"texture":"#0","tintindex":0},"north":{"uv":[9.0,8.25,10.125,9.75],"rotation":0,"texture":"#0","tintindex":0},"west":{"uv":[0.0,0.0,0.0,1.5],"rotation":0,"texture":"#0","tintindex":0},"up":{"uv":[1.125,0.0,0.0,0.0],"rotation":0,"texture":"#0","tintindex":0},"down":{"uv":[1.125,0.0,0.0,0.0],"rotation":0,"texture":"#0","tintindex":0}}}],"display":{"head":{"translation":[0.0,-6.4,0.0],"scale":[4.0,4.0,4.0]}}}