{"textures":{"0":"modelengine:entity/dark_element_pet"},"elements":[{"from":[8.0,5.142857,7.357143],"to":[9.285714,8.571428,8.642858],"rotation":{"angle":0.0,"axis":"y","origin":[8.857143,6.142857,8.071428]},"faces":{"east":{"uv":[6.75,10.5,7.375,12.0],"rotation":0,"texture":"#0","tintindex":0},"south":{"uv":[8.5,10.5,9.125,12.0],"rotation":0,"texture":"#0","tintindex":0},"north":{"uv":[10.5,3.0,11.125,4.5],"rotation":0,"texture":"#0","tintindex":0},"west":{"uv":[9.25,10.5,9.875,12.0],"rotation":0,"texture":"#0","tintindex":0},"up":{"uv":[7.875,13.625,7.25,13.0],"rotation":0,"texture":"#0","tintindex":0},"down":{"uv":[13.625,7.25,13.0,7.875],"rotation":0,"texture":"#0","tintindex":0}}}],"display":{"head":{"translation":[0.0,-6.4,0.0],"scale":[4.0,4.0,4.0]}}}