{"textures":{"particle":"gameitems/customitems/pokedex","texture":"gameitems/customitems/pokedex"},"elements":[{"from":[-1.499673,12.49939,8.000797],"to":[3.500327,13.49939,9.500797],"faces":{"down":{"uv":[0,14,2,16],"texture":"#texture"},"up":{"uv":[0,14,2,16],"texture":"#texture"},"north":{"uv":[0,14,2,16],"texture":"#texture"},"south":{"uv":[0,14,2,16],"texture":"#texture"},"west":{"uv":[0,14,2,16],"texture":"#texture"},"east":{"uv":[0,14,2,16],"texture":"#texture"}}},{"from":[-1.500332,13.49998,8.000966],"to":[9.499668,14.99998,9.500966],"faces":{"down":{"uv":[0,14,2,16],"texture":"#texture"},"up":{"uv":[0,14,2,16],"texture":"#texture"},"north":{"uv":[0,14,2,16],"texture":"#texture"},"south":{"uv":[0,14,2,16],"texture":"#texture"},"west":{"uv":[0,14,2,16],"texture":"#texture"},"east":{"uv":[0,14,2,16],"texture":"#texture"}}},{"from":[3.500372,12.49955,8.000474],"to":[6.000372,13.49955,9.500474],"rotation":{"origin":[3.5,12.5,8],"axis":"z","angle":22.5},"faces":{"down":{"uv":[0,14,2,16],"texture":"#texture"},"up":{"uv":[0,14,2,16],"texture":"#texture"},"north":{"uv":[0,14,2,16],"texture":"#texture"},"south":{"uv":[0,14,2,16],"texture":"#texture"},"west":{"uv":[0,14,2,16],"texture":"#texture"},"east":{"uv":[0,14,2,16],"texture":"#texture"}}},{"from":[8.00097,1.999442,8.625484],"to":[8.50097,13.49944,9.125484],"rotation":{"origin":[8,2,8.625],"axis":"y","angle":-45},"faces":{"down":{"uv":[0,14,2,16],"texture":"#texture"},"up":{"uv":[0,14,2,16],"texture":"#texture"},"north":{"uv":[0,14,2,16],"texture":"#texture"},"south":{"uv":[0,14,2,16],"texture":"#texture"},"west":{"uv":[0,14,2,16],"texture":"#texture"},"east":{"uv":[0,14,2,16],"texture":"#texture"}}},{"from":[8.124715,2.000204,8.874163],"to":[8.624715,13.5002,9.374163],"rotation":{"origin":[8.125,2,8.875],"axis":"y","angle":-22.5},"faces":{"down":{"uv":[0,14,2,16],"texture":"#texture"},"up":{"uv":[0,14,2,16],"texture":"#texture"},"north":{"uv":[0,14,2,16],"texture":"#texture"},"south":{"uv":[0,14,2,16],"texture":"#texture"},"west":{"uv":[0,14,2,16],"texture":"#texture"},"east":{"uv":[0,14,2,16],"texture":"#texture"}}},{"from":[8.249277,2.000571,9.124289],"to":[8.749277,13.50057,9.624289],"rotation":{"origin":[8.25,2,9.125],"axis":"y","angle":22.5},"faces":{"down":{"uv":[0,14,2,16],"texture":"#texture"},"up":{"uv":[0,14,2,16],"texture":"#texture"},"north":{"uv":[0,14,2,16],"texture":"#texture"},"south":{"uv":[0,14,2,16],"texture":"#texture"},"west":{"uv":[0,14,2,16],"texture":"#texture"},"east":{"uv":[0,14,2,16],"texture":"#texture"}}},{"from":[8.500299,2.000353,9.000674],"to":[9.000299,13.50035,9.500674],"rotation":{"origin":[8.5,2,9],"axis":"y","angle":45},"faces":{"down":{"uv":[0,14,2,16],"texture":"#texture"},"up":{"uv":[0,14,2,16],"texture":"#texture"},"north":{"uv":[0,14,2,16],"texture":"#texture"},"south":{"uv":[0,14,2,16],"texture":"#texture"},"west":{"uv":[0,14,2,16],"texture":"#texture"},"east":{"uv":[0,14,2,16],"texture":"#texture"}}},{"from":[-1.49928,2.000218,7.999848],"to":[8.00072,13.50022,8.999848],"faces":{"down":{"uv":[0,14,2,16],"texture":"#texture"},"up":{"uv":[0,14,2,16],"texture":"#texture"},"north":{"uv":[0,14,2,16],"texture":"#texture"},"south":{"uv":[0,14,2,16],"texture":"#texture"},"west":{"uv":[0,14,2,16],"texture":"#texture"},"east":{"uv":[0,14,2,16],"texture":"#texture"}}},{"from":[8.999701,1.999186,8.000939],"to":[12.9997,13.49919,9.000939],"faces":{"down":{"uv":[0,14,2,16],"texture":"#texture"},"up":{"uv":[0,14,2,16],"texture":"#texture"},"north":{"uv":[0,14,2,16],"texture":"#texture"},"south":{"uv":[0,14,2,16],"texture":"#texture"},"west":{"uv":[0,14,2,16],"texture":"#texture"},"east":{"uv":[0,14,2,16],"texture":"#texture"}}},{"from":[12.99952,1.999872,8.000336],"to":[17.99952,12.49987,9.000336],"faces":{"down":{"uv":[0,14,2,16],"texture":"#texture"},"up":{"uv":[0,14,2,16],"texture":"#texture"},"north":{"uv":[0,14,2,16],"texture":"#texture"},"south":{"uv":[0,14,2,16],"texture":"#texture"},"west":{"uv":[0,14,2,16],"texture":"#texture"},"east":{"uv":[0,14,2,16],"texture":"#texture"}}},{"from":[12.37464,12.12523,7.999493],"to":[14.87464,13.62523,8.999493],"rotation":{"origin":[12.375,12.125,8],"axis":"z","angle":-22.5},"faces":{"down":{"uv":[0,14,2,16],"texture":"#texture"},"up":{"uv":[0,14,2,16],"texture":"#texture"},"north":{"uv":[0,14,2,16],"texture":"#texture"},"south":{"uv":[0,14,2,16],"texture":"#texture"},"west":{"uv":[0,14,2,16],"texture":"#texture"},"east":{"uv":[0,14,2,16],"texture":"#texture"}}},{"from":[1.62571,14.37588,9.250361],"to":[2.12571,14.87588,9.750361],"faces":{"down":{"uv":[4.5,9.5,5,10.5],"texture":"#texture"},"up":{"uv":[4.5,9.5,5,10.5],"texture":"#texture"},"north":{"uv":[4.5,9.5,5,10.5],"texture":"#texture"},"south":{"uv":[4.5,9.5,5,10.5],"texture":"#texture"},"west":{"uv":[4.5,9.5,5,10.5],"texture":"#texture"},"east":{"uv":[4.5,9.5,5,10.5],"texture":"#texture"}}},{"from":[0.3749183,14.37524,9.250379],"to":[0.8749183,14.87524,9.750379],"faces":{"down":{"uv":[1.5,13,2,13.5],"texture":"#texture"},"up":{"uv":[1.5,13,2,13.5],"texture":"#texture"},"north":{"uv":[1.5,13,2,13.5],"texture":"#texture"},"south":{"uv":[1.5,13,2,13.5],"texture":"#texture"},"west":{"uv":[1.5,13,2,13.5],"texture":"#texture"},"east":{"uv":[1.5,13,2,13.5],"texture":"#texture"}}},{"from":[1.000535,14.37441,9.250382],"to":[1.500535,14.87441,9.750382],"faces":{"down":{"uv":[3,9.5,3.5,10.5],"texture":"#texture"},"up":{"uv":[3,9.5,3.5,10.5],"texture":"#texture"},"north":{"uv":[3,9.5,3.5,10.5],"texture":"#texture"},"south":{"uv":[3,9.5,3.5,10.5],"texture":"#texture"},"west":{"uv":[3,9.5,3.5,10.5],"texture":"#texture"},"east":{"uv":[3,9.5,3.5,10.5],"texture":"#texture"}}},{"from":[-1.000894,13.62417,9.249619],"to":[0.09910572,14.72417,9.749619],"faces":{"down":{"uv":[1.5,9.5,2.5,10.5],"texture":"#texture"},"up":{"uv":[1.5,9.5,2.5,10.5],"texture":"#texture"},"north":{"uv":[1.5,9.5,2.5,10.5],"texture":"#texture"},"south":{"uv":[1.5,9.5,2.5,10.5],"texture":"#texture"},"west":{"uv":[1.5,9.5,2.5,10.5],"texture":"#texture"},"east":{"uv":[1.5,9.5,2.5,10.5],"texture":"#texture"}}},{"from":[4.500626,3.37506,8.874865],"to":[7.000626,4.37506,9.374865],"faces":{"down":{"uv":[6,9.5,6.5,10],"texture":"#texture"},"up":{"uv":[6,9.5,6.5,10],"texture":"#texture"},"north":{"uv":[6,9.5,6.5,10],"texture":"#texture"},"south":{"uv":[6,9.5,6.5,10],"texture":"#texture"},"west":{"uv":[6,9.5,6.5,10],"texture":"#texture"},"east":{"uv":[6,9.5,6.5,10],"texture":"#texture"}}},{"from":[5.250849,2.624855,8.87489],"to":[6.250849,5.124855,9.37489],"faces":{"down":{"uv":[6,9.5,6.5,10],"texture":"#texture"},"up":{"uv":[6,9.5,6.5,10],"texture":"#texture"},"north":{"uv":[6,9.5,6.5,10],"texture":"#texture"},"south":{"uv":[6,9.5,6.5,10],"texture":"#texture"},"west":{"uv":[6,9.5,6.5,10],"texture":"#texture"},"east":{"uv":[6,9.5,6.5,10],"texture":"#texture"}}},{"from":[9.750976,9.125996,8.74999],"to":[17.25098,11.626,9.24999],"faces":{"down":{"uv":[6,9.5,6.5,10],"texture":"#texture"},"up":{"uv":[6,9.5,6.5,10],"texture":"#texture"},"north":{"uv":[6,9.5,6.5,10],"texture":"#texture"},"south":{"uv":[6,9.5,6.5,10],"texture":"#texture"},"west":{"uv":[6,9.5,6.5,10],"texture":"#texture"},"east":{"uv":[6,9.5,6.5,10],"texture":"#texture"}}},{"from":[-1.125364,5.4995,8.6257],"to":[7.374636,11.9995,9.1257],"faces":{"down":{"uv":[7.5,9.070867,8,9.570867],"texture":"#texture"},"up":{"uv":[7.5,9.070867,8,9.570867],"texture":"#texture"},"north":{"uv":[7.5,9.070867,8,9.570867],"texture":"#texture"},"south":{"uv":[0.5,0.5039368,8.5,7.055119],"texture":"#texture"},"west":{"uv":[7.5,9.070867,8,9.570867],"texture":"#texture"},"east":{"uv":[7.5,9.070867,8,9.570867],"texture":"#texture"}}},{"from":[14.12511,3.375842,8.874255],"to":[17.12511,4.375842,9.374255],"faces":{"down":{"uv":[6,9.5,6.5,10],"texture":"#texture"},"up":{"uv":[6,9.5,6.5,10],"texture":"#texture"},"north":{"uv":[6,9.5,6.5,10],"texture":"#texture"},"south":{"uv":[6,9.5,6.5,10],"texture":"#texture"},"west":{"uv":[6,9.5,6.5,10],"texture":"#texture"},"east":{"uv":[6,9.5,6.5,10],"texture":"#texture"}}},{"from":[9.749318,3.374502,8.875269],"to":[12.74932,4.374502,9.375269],"faces":{"down":{"uv":[6,9.5,6.5,10],"texture":"#texture"},"up":{"uv":[6,9.5,6.5,10],"texture":"#texture"},"north":{"uv":[6,9.5,6.5,10],"texture":"#texture"},"south":{"uv":[6,9.5,6.5,10],"texture":"#texture"},"west":{"uv":[6,9.5,6.5,10],"texture":"#texture"},"east":{"uv":[6,9.5,6.5,10],"texture":"#texture"}}},{"from":[16.12471,5.375938,8.875878],"to":[17.12471,6.375938,9.375878],"faces":{"down":{"uv":[4.5,9.574803,5,10.07874],"texture":"#texture"},"up":{"uv":[4.5,9.574803,5,10.07874],"texture":"#texture"},"north":{"uv":[4.5,9.574803,5,10.07874],"texture":"#texture"},"south":{"uv":[4.5,9.574803,5,10.07874],"texture":"#texture"},"west":{"uv":[4.5,9.574803,5,10.07874],"texture":"#texture"},"east":{"uv":[4.5,9.574803,5,10.07874],"texture":"#texture"}}},{"from":[0.3748799,4.625843,8.874789],"to":[1.87488,5.125843,9.374789],"faces":{"down":{"uv":[3,13.10236,3.5,13.60236],"texture":"#texture"},"up":{"uv":[3,13.10236,3.5,13.60236],"texture":"#texture"},"north":{"uv":[3,13.10236,3.5,13.60236],"texture":"#texture"},"south":{"uv":[3,13.10236,3.5,13.60236],"texture":"#texture"},"west":{"uv":[3,13.10236,3.5,13.60236],"texture":"#texture"},"east":{"uv":[3,13.10236,3.5,13.60236],"texture":"#texture"}}},{"from":[2.749518,4.624537,8.875078],"to":[4.249518,5.124537,9.375078],"faces":{"down":{"uv":[6,9.5,6.5,10],"texture":"#texture"},"up":{"uv":[6,9.5,6.5,10],"texture":"#texture"},"north":{"uv":[6,9.5,6.5,10],"texture":"#texture"},"south":{"uv":[6,9.5,6.5,10],"texture":"#texture"},"west":{"uv":[6,9.5,6.5,10],"texture":"#texture"},"east":{"uv":[6,9.5,6.5,10],"texture":"#texture"}}},{"from":[-1.125229,13.49915,9.12556],"to":[0.2247708,14.84915,9.62556],"faces":{"down":{"uv":[0,9.574803,1,10.07874],"texture":"#texture"},"up":{"uv":[0,9.574803,1,10.07874],"texture":"#texture"},"north":{"uv":[0,9.574803,1,10.07874],"texture":"#texture"},"south":{"uv":[0,9.574803,1,10.07874],"texture":"#texture"},"west":{"uv":[0,9.574803,1,10.07874],"texture":"#texture"},"east":{"uv":[0,9.574803,1,10.07874],"texture":"#texture"}}},{"from":[-0.9991355,3.625026,8.87413],"to":[0.0008645058,4.625026,9.37413],"faces":{"down":{"uv":[6,9.574803,6.5,10.07874],"texture":"#texture"},"up":{"uv":[6,9.574803,6.5,10.07874],"texture":"#texture"},"north":{"uv":[6,9.574803,6.5,10.07874],"texture":"#texture"},"south":{"uv":[6,9.574803,6.5,10.07874],"texture":"#texture"},"west":{"uv":[6,9.574803,6.5,10.07874],"texture":"#texture"},"east":{"uv":[6,9.574803,6.5,10.07874],"texture":"#texture"}}},{"from":[0.4990035,2.499538,8.87484],"to":[3.999003,3.999538,9.37484],"faces":{"down":{"uv":[6,9.5,6.5,10],"texture":"#texture"},"up":{"uv":[6,9.5,6.5,10],"texture":"#texture"},"north":{"uv":[6,9.5,6.5,10],"texture":"#texture"},"south":{"uv":[5.5,12,10,14.5],"texture":"#texture"},"west":{"uv":[6,9.5,6.5,10],"texture":"#texture"},"east":{"uv":[6,9.5,6.5,10],"texture":"#texture"}}},{"from":[9.750436,6.750189,8.87461],"to":[17.25043,8.750189,9.37461],"faces":{"down":{"uv":[6,9.5,6.5,10],"texture":"#texture"},"up":{"uv":[6,9.5,6.5,10],"texture":"#texture"},"north":{"uv":[6,9.5,6.5,10],"texture":"#texture"},"south":{"uv":[10.5,12,16,14.5],"texture":"#texture"},"west":{"uv":[6,9.5,6.5,10],"texture":"#texture"},"east":{"uv":[6,9.5,6.5,10],"texture":"#texture"}}},{"from":[9.749021,5.250593,8.874166],"to":[11.74902,6.250593,9.374166],"faces":{"down":{"uv":[0,9.5,0.5,10],"texture":"#texture"},"up":{"uv":[0,9.5,0.5,10],"texture":"#texture"},"north":{"uv":[0,9.5,0.5,10],"texture":"#texture"},"south":{"uv":[0,9.5,0.5,10],"texture":"#texture"},"west":{"uv":[0,9.5,0.5,10],"texture":"#texture"},"east":{"uv":[0,9.5,0.5,10],"texture":"#texture"}}},{"from":[11.87426,5.250011,8.874029],"to":[13.87426,6.250011,9.374029],"faces":{"down":{"uv":[0,9.5,0.5,10],"texture":"#texture"},"up":{"uv":[0,9.5,0.5,10],"texture":"#texture"},"north":{"uv":[0,9.5,0.5,10],"texture":"#texture"},"south":{"uv":[0,9.5,0.5,10],"texture":"#texture"},"west":{"uv":[0,9.5,0.5,10],"texture":"#texture"},"east":{"uv":[0,9.5,0.5,10],"texture":"#texture"}}},{"from":[7.500672,1.999818,7.999645],"to":[10.00067,13.49982,8.999645],"rotation":{"origin":[7.5,2,8],"axis":"y","angle":0},"faces":{"down":{"uv":[0,14,2,16],"texture":"#texture"},"up":{"uv":[0,14,2,16],"texture":"#texture"},"north":{"uv":[0,14,2,16],"texture":"#texture"},"south":{"uv":[0,14,2,16],"texture":"#texture"},"west":{"uv":[0,14,2,16],"texture":"#texture"},"east":{"uv":[0,14,2,16],"texture":"#texture"}}},{"from":[2.375882,11.25037,8.875638],"to":[2.875882,11.75037,9.375638],"faces":{"down":{"uv":[1.5,13,2,13.5],"texture":"#texture"},"up":{"uv":[1.5,13,2,13.5],"texture":"#texture"},"north":{"uv":[1.5,13,2,13.5],"texture":"#texture"},"south":{"uv":[1.5,13,2,13.5],"texture":"#texture"},"west":{"uv":[1.5,13,2,13.5],"texture":"#texture"},"east":{"uv":[1.5,13,2,13.5],"texture":"#texture"}}},{"from":[3.500555,11.24971,8.875007],"to":[4.000555,11.74971,9.375007],"faces":{"down":{"uv":[1.5,13,2,13.5],"texture":"#texture"},"up":{"uv":[1.5,13,2,13.5],"texture":"#texture"},"north":{"uv":[1.5,13,2,13.5],"texture":"#texture"},"south":{"uv":[1.5,13,2,13.5],"texture":"#texture"},"west":{"uv":[1.5,13,2,13.5],"texture":"#texture"},"east":{"uv":[1.5,13,2,13.5],"texture":"#texture"}}},{"from":[0.2493884,6.000889,8.874863],"to":[0.7493885,6.500889,9.374863],"faces":{"down":{"uv":[1.5,13,2,13.5],"texture":"#texture"},"up":{"uv":[1.5,13,2,13.5],"texture":"#texture"},"north":{"uv":[1.5,13,2,13.5],"texture":"#texture"},"south":{"uv":[1.5,13,2,13.5],"texture":"#texture"},"west":{"uv":[1.5,13,2,13.5],"texture":"#texture"},"east":{"uv":[1.5,13,2,13.5],"texture":"#texture"}}}],"display":{"thirdperson_righthand":{"translation":[0,1.3912,0],"scale":[0.3,0.3,0.3]},"thirdperson_lefthand":{"translation":[0,1.3912,0],"scale":[0.3,0.3,0.3]},"firstperson_righthand":{"rotation":[-42,-37,-11],"translation":[2.0869,2.0869,-3.478],"scale":[0.5,0.5,0.5]},"firstperson_lefthand":{"rotation":[-42,-35,-11],"translation":[2.0869,2.0869,-3.478],"scale":[0.5,0.5,0.5]},"gui":{"rotation":[-20,-16,0],"translation":[0,-0.4,0],"scale":[0.8,0.8,0.8]},"head":{"scale":[0.0001,0.0001,0.0001]},"ground":{"translation":[0,0.6956,0]}},"gui_light":"front"}