{"credit":"Made with Blockbench","texture_size":[256,256],"textures":{"0":"modelengine:entity/duskball_crate_texture"},"elements":[{"from":[5.5,8.5,-2.66201],"to":[10.5,14.5,-0.66201],"rotation":{"angle":-22.5,"axis":"x","origin":[8.5,13,-1.66201]},"faces":{"north":{"uv":[3.625,3.9375,3.9375,4.3125],"texture":"#0"},"east":{"uv":[3.5,3.9375,3.625,4.3125],"texture":"#0"},"south":{"uv":[4.0625,3.9375,4.375,4.3125],"texture":"#0"},"west":{"uv":[3.9375,3.9375,4.0625,4.3125],"texture":"#0"},"up":{"uv":[3.9375,3.9375,3.625,3.8125],"texture":"#0"},"down":{"uv":[4.25,3.8125,3.9375,3.9375],"texture":"#0"}}},{"from":[4.93934,13.5,-2],"to":[8.93934,17.5,0],"rotation":{"angle":45,"axis":"z","origin":[6.93934,17,-1]},"faces":{"north":{"uv":[5,4.9375,5.25,5.1875],"texture":"#0"},"east":{"uv":[4.875,4.9375,5,5.1875],"texture":"#0"},"south":{"uv":[5.375,4.9375,5.625,5.1875],"texture":"#0"},"west":{"uv":[5.25,4.9375,5.375,5.1875],"texture":"#0"},"up":{"uv":[5.25,4.9375,5,4.8125],"texture":"#0"},"down":{"uv":[5.5,4.8125,5.25,4.9375],"texture":"#0"}}},{"from":[-2,15,-0.16201],"to":[18,18,15.83799],"rotation":{"angle":0,"axis":"y","origin":[0,14,15.83799]},"faces":{"north":{"uv":[5,1.3125,6.25,1.5],"texture":"#0"},"east":{"uv":[4,1.3125,5,1.5],"texture":"#0"},"south":{"uv":[7.25,1.3125,8.5,1.5],"texture":"#0"},"west":{"uv":[6.25,1.3125,7.25,1.5],"texture":"#0"},"up":{"uv":[6.25,1.3125,5,0.3125],"texture":"#0"},"down":{"uv":[7.5,0.3125,6.25,1.3125],"texture":"#0"}}},{"from":[-3,14,-1.16201],"to":[19,15,16.83799],"rotation":{"angle":0,"axis":"y","origin":[0,4,15.83799]},"faces":{"north":{"uv":[1.125,3.75,2.5,3.8125],"texture":"#0"},"east":{"uv":[0,3.75,1.125,3.8125],"texture":"#0"},"south":{"uv":[3.625,3.75,5,3.8125],"texture":"#0"},"west":{"uv":[2.5,3.75,3.625,3.8125],"texture":"#0"},"up":{"uv":[2.5,3.75,1.125,2.625],"texture":"#0"},"down":{"uv":[3.875,2.625,2.5,3.75],"texture":"#0"}}},{"from":[-2,12.9975,-0.16201],"to":[18,13.9975,15.83799],"rotation":{"angle":0,"axis":"y","origin":[0,12,15.83799]},"faces":{"north":{"uv":[4.875,3.625,6.125,3.6875],"texture":"#0"},"east":{"uv":[3.875,3.625,4.875,3.6875],"texture":"#0"},"south":{"uv":[7.125,3.625,8.375,3.6875],"texture":"#0"},"west":{"uv":[6.125,3.625,7.125,3.6875],"texture":"#0"},"up":{"uv":[6.125,3.625,4.875,2.625],"texture":"#0"},"down":{"uv":[7.375,2.625,6.125,3.625],"texture":"#0"}}},{"from":[12.9973,16.535,1.86799],"to":[16.0023,20.535,12.86799],"rotation":{"angle":0,"axis":"y","origin":[13.9975,18.53553,3.83799]},"faces":{"north":{"uv":[5.6875,5.5,5.875,5.75],"texture":"#0"},"east":{"uv":[5,5.5,5.6875,5.75],"texture":"#0"},"south":{"uv":[6.5625,5.5,6.75,5.75],"texture":"#0"},"west":{"uv":[5.875,5.5,6.5625,5.75],"texture":"#0"},"up":{"uv":[5.875,5.5,5.6875,4.8125],"texture":"#0"},"down":{"uv":[6.0625,4.8125,5.875,5.5],"texture":"#0"}}},{"from":[13,15,10.58063],"to":[16,19,14.58063],"rotation":{"angle":45,"axis":"x","origin":[14,17,13.58063]},"faces":{"north":{"uv":[4.125,3.375,4.3125,3.625],"texture":"#0"},"east":{"uv":[3.875,3.375,4.125,3.625],"texture":"#0"},"south":{"uv":[4.5625,3.375,4.75,3.625],"texture":"#0"},"west":{"uv":[4.3125,3.375,4.5625,3.625],"texture":"#0"},"up":{"uv":[4.3125,3.375,4.125,3.125],"texture":"#0"},"down":{"uv":[4.5,3.125,4.3125,3.375],"texture":"#0"}}},{"from":[12.9975,13,-1.66201],"to":[16.0025,17,2.33799],"rotation":{"angle":0,"axis":"y","origin":[14,15,0.33799]},"faces":{"north":{"uv":[4.125,2.875,4.3125,3.125],"texture":"#0"},"east":{"uv":[3.875,2.875,4.125,3.125],"texture":"#0"},"south":{"uv":[4.5625,2.875,4.75,3.125],"texture":"#0"},"west":{"uv":[4.3125,2.875,4.5625,3.125],"texture":"#0"},"up":{"uv":[4.3125,2.875,4.125,2.625],"texture":"#0"},"down":{"uv":[4.5,2.625,4.3125,2.875],"texture":"#0"}}},{"from":[13,15,-0.83359],"to":[16,19,4.16641],"rotation":{"angle":-45,"axis":"x","origin":[14,17,1.16641]},"faces":{"north":{"uv":[0.3125,2.1875,0.5,2.4375],"texture":"#0"},"east":{"uv":[0,2.1875,0.3125,2.4375],"texture":"#0"},"south":{"uv":[0.8125,2.1875,1,2.4375],"texture":"#0"},"west":{"uv":[0.5,2.1875,0.8125,2.4375],"texture":"#0"},"up":{"uv":[0.5,2.1875,0.3125,1.875],"texture":"#0"},"down":{"uv":[0.6875,1.875,0.5,2.1875],"texture":"#0"}}},{"from":[-0.0025,16.535,1.86799],"to":[3.0025,20.535,12.86799],"rotation":{"angle":0,"axis":"y","origin":[1.9975,18.53553,3.83799]},"faces":{"north":{"uv":[4.5625,2.1875,4.75,2.4375],"texture":"#0"},"east":{"uv":[3.875,2.1875,4.5625,2.4375],"texture":"#0"},"south":{"uv":[5.4375,2.1875,5.625,2.4375],"texture":"#0"},"west":{"uv":[4.75,2.1875,5.4375,2.4375],"texture":"#0"},"up":{"uv":[4.75,2.1875,4.5625,1.5],"texture":"#0"},"down":{"uv":[4.9375,1.5,4.75,2.1875],"texture":"#0"}}},{"from":[0,15,10.58063],"to":[3,19,14.58063],"rotation":{"angle":45,"axis":"x","origin":[2,17,13.58063]},"faces":{"north":{"uv":[4.125,0.75,4.3125,1],"texture":"#0"},"east":{"uv":[3.875,0.75,4.125,1],"texture":"#0"},"south":{"uv":[4.5625,0.75,4.75,1],"texture":"#0"},"west":{"uv":[4.3125,0.75,4.5625,1],"texture":"#0"},"up":{"uv":[4.3125,0.75,4.125,0.5],"texture":"#0"},"down":{"uv":[4.5,0.5,4.3125,0.75],"texture":"#0"}}},{"from":[-0.0025,13,-1.66201],"to":[3.0025,17,2.33799],"rotation":{"angle":0,"axis":"y","origin":[2,15,0.33799]},"faces":{"north":{"uv":[4.125,0.25,4.3125,0.5],"texture":"#0"},"east":{"uv":[3.875,0.25,4.125,0.5],"texture":"#0"},"south":{"uv":[4.5625,0.25,4.75,0.5],"texture":"#0"},"west":{"uv":[4.3125,0.25,4.5625,0.5],"texture":"#0"},"up":{"uv":[4.3125,0.25,4.125,0],"texture":"#0"},"down":{"uv":[4.5,0,4.3125,0.25],"texture":"#0"}}},{"from":[0,15,-0.83359],"to":[3,19,4.16641],"rotation":{"angle":-45,"axis":"x","origin":[2,17,1.16641]},"faces":{"north":{"uv":[0.3125,1.625,0.5,1.875],"texture":"#0"},"east":{"uv":[0,1.625,0.3125,1.875],"texture":"#0"},"south":{"uv":[0.8125,1.625,1,1.875],"texture":"#0"},"west":{"uv":[0.5,1.625,0.8125,1.875],"texture":"#0"},"up":{"uv":[0.5,1.625,0.3125,1.3125],"texture":"#0"},"down":{"uv":[0.6875,1.3125,0.5,1.625],"texture":"#0"}}},{"from":[2.25,14.25,5.83799],"to":[4.25,16.25,9.83799],"rotation":{"angle":45,"axis":"z","origin":[3.25,6.25,15.83799]},"faces":{"north":{"uv":[0.25,5.4375,0.375,5.5625],"texture":"#0"},"east":{"uv":[0,5.4375,0.25,5.5625],"texture":"#0"},"south":{"uv":[0.625,5.4375,0.75,5.5625],"texture":"#0"},"west":{"uv":[0.375,5.4375,0.625,5.5625],"texture":"#0"},"up":{"uv":[0.375,5.4375,0.25,5.1875],"texture":"#0"},"down":{"uv":[0.5,5.1875,0.375,5.4375],"texture":"#0"}}},{"from":[24.25,14.25,5.83799],"to":[26.25,16.25,9.83799],"rotation":{"angle":45,"axis":"z","origin":[25.25,6.25,15.83799]},"faces":{"north":{"uv":[5.3125,1.75,5.4375,1.875],"texture":"#0"},"east":{"uv":[5.0625,1.75,5.3125,1.875],"texture":"#0"},"south":{"uv":[5.6875,1.75,5.8125,1.875],"texture":"#0"},"west":{"uv":[5.4375,1.75,5.6875,1.875],"texture":"#0"},"up":{"uv":[5.4375,1.75,5.3125,1.5],"texture":"#0"},"down":{"uv":[5.5625,1.5,5.4375,1.75],"texture":"#0"}}},{"from":[-4.33156,8.5,3.83799],"to":[-4.33156,13.5,11.83799],"rotation":{"angle":-22.5,"axis":"z","origin":[-6.08156,10.14417,7.83799]},"faces":{"north":{"uv":[0.5,0.8125,0.5,1.125],"texture":"#0"},"east":{"uv":[0,0.8125,0.5,1.125],"texture":"#0"},"south":{"uv":[1,0.8125,1,1.125],"texture":"#0"},"west":{"uv":[0.5,0.8125,1,1.125],"texture":"#0"},"up":{"uv":[0.5,0.8125,0.5,0.3125],"texture":"#0"},"down":{"uv":[0.5,0.3125,0.5,0.8125],"texture":"#0"}}},{"from":[19.77112,8.5,3.83799],"to":[19.77112,13.5,11.83799],"rotation":{"angle":22.5,"axis":"z","origin":[21.52112,11,7.83799]},"faces":{"north":{"uv":[0.5,0.5,0.5,0.8125],"texture":"#0"},"east":{"uv":[0,0.5,0.5,0.8125],"texture":"#0"},"south":{"uv":[1,0.5,1,0.8125],"texture":"#0"},"west":{"uv":[0.5,0.5,1,0.8125],"texture":"#0"},"up":{"uv":[0.5,0.5,0.5,0],"texture":"#0"},"down":{"uv":[0.5,0,0.5,0.5],"texture":"#0"}}},{"from":[13.25,11.25,15.08799],"to":[15.75,14.25,18.08799],"rotation":{"angle":45,"axis":"x","origin":[14,12.25,17.08799]},"faces":{"north":{"uv":[3.6875,4.5,3.8125,4.6875],"texture":"#0"},"east":{"uv":[3.5,4.5,3.6875,4.6875],"texture":"#0"},"south":{"uv":[4,4.5,4.125,4.6875],"texture":"#0"},"west":{"uv":[3.8125,4.5,4,4.6875],"texture":"#0"},"up":{"uv":[3.8125,4.5,3.6875,4.3125],"texture":"#0"},"down":{"uv":[3.9375,4.3125,3.8125,4.5],"texture":"#0"}}},{"from":[0.25,11.25,15.08799],"to":[2.75,14.25,18.08799],"rotation":{"angle":45,"axis":"x","origin":[1,12.25,17.08799]},"faces":{"north":{"uv":[0.1875,4.5,0.3125,4.6875],"texture":"#0"},"east":{"uv":[0,4.5,0.1875,4.6875],"texture":"#0"},"south":{"uv":[0.5,4.5,0.625,4.6875],"texture":"#0"},"west":{"uv":[0.3125,4.5,0.5,4.6875],"texture":"#0"},"up":{"uv":[0.3125,4.5,0.1875,4.3125],"texture":"#0"},"down":{"uv":[0.4375,4.3125,0.3125,4.5],"texture":"#0"}}},{"name":"middle","from":[-3,9.9975,-1.16201],"to":[19,12.9975,16.83799],"rotation":{"angle":0,"axis":"y","origin":[0,1,15.83799]},"faces":{"north":{"uv":[1.125,2.4375,2.5,2.625],"texture":"#0"},"east":{"uv":[0,2.4375,1.125,2.625],"texture":"#0"},"south":{"uv":[3.625,2.4375,5,2.625],"texture":"#0"},"west":{"uv":[2.5,2.4375,3.625,2.625],"texture":"#0"},"up":{"uv":[2.5,2.4375,1.125,1.3125],"texture":"#0"},"down":{"uv":[3.875,1.3125,2.5,2.4375],"texture":"#0"}}},{"from":[-2,6,-0.16201],"to":[18,12,15.83799],"rotation":{"angle":0,"axis":"y","origin":[0,2,15.83799]},"faces":{"north":{"uv":[1,4.8125,2.25,5.1875],"texture":"#0"},"east":{"uv":[0,4.8125,1,5.1875],"texture":"#0"},"south":{"uv":[3.25,4.8125,4.5,5.1875],"texture":"#0"},"west":{"uv":[2.25,4.8125,3.25,5.1875],"texture":"#0"},"up":{"uv":[2.25,4.8125,1,3.8125],"texture":"#0"},"down":{"uv":[3.5,3.8125,2.25,4.8125],"texture":"#0"}}},{"from":[-1,4,0.83799],"to":[17,6,14.83799],"rotation":{"angle":0,"axis":"y","origin":[0,0,15.83799]},"faces":{"north":{"uv":[4.375,4.6875,5.5,4.8125],"texture":"#0"},"east":{"uv":[3.5,4.6875,4.375,4.8125],"texture":"#0"},"south":{"uv":[6.375,4.6875,7.5,4.8125],"texture":"#0"},"west":{"uv":[5.5,4.6875,6.375,4.8125],"texture":"#0"},"up":{"uv":[5.5,4.6875,4.375,3.8125],"texture":"#0"},"down":{"uv":[6.625,3.8125,5.5,4.6875],"texture":"#0"}}},{"from":[-3,1,-1.16201],"to":[19,4,16.83799],"rotation":{"angle":0,"axis":"y","origin":[0,2,15.83799]},"faces":{"north":{"uv":[1.125,1.125,2.5,1.3125],"texture":"#0"},"east":{"uv":[0,1.125,1.125,1.3125],"texture":"#0"},"south":{"uv":[3.625,1.125,5,1.3125],"texture":"#0"},"west":{"uv":[2.5,1.125,3.625,1.3125],"texture":"#0"},"up":{"uv":[2.5,1.125,1.125,0],"texture":"#0"},"down":{"uv":[3.875,0,2.5,1.125],"texture":"#0"}}},{"from":[13,1.995,-1.66201],"to":[16,12.995,17.33799],"rotation":{"angle":0,"axis":"y","origin":[0,7,16.33799]},"faces":{"north":{"uv":[1.1875,6.375,1.375,7.0625],"texture":"#0"},"east":{"uv":[0,6.375,1.1875,7.0625],"texture":"#0"},"south":{"uv":[2.5625,6.375,2.75,7.0625],"texture":"#0"},"west":{"uv":[1.375,6.375,2.5625,7.0625],"texture":"#0"},"up":{"uv":[1.375,6.375,1.1875,5.1875],"texture":"#0"},"down":{"uv":[1.5625,5.1875,1.375,6.375],"texture":"#0"}}},{"from":[0,1.995,-1.66201],"to":[3,12.995,17.33799],"rotation":{"angle":0,"axis":"y","origin":[-12,7,16.33799]},"faces":{"north":{"uv":[4.5,6,4.6875,6.6875],"texture":"#0"},"east":{"uv":[3.3125,6,4.5,6.6875],"texture":"#0"},"south":{"uv":[5.875,6,6.0625,6.6875],"texture":"#0"},"west":{"uv":[4.6875,6,5.875,6.6875],"texture":"#0"},"up":{"uv":[4.6875,6,4.5,4.8125],"texture":"#0"},"down":{"uv":[4.875,4.8125,4.6875,6],"texture":"#0"}}},{"from":[16,0,14.14455],"to":[20,4,18.14455],"rotation":{"angle":22.5,"axis":"x","origin":[18,3,17.14455]},"faces":{"north":{"uv":[0.25,4.0625,0.5,4.3125],"texture":"#0"},"east":{"uv":[0,4.0625,0.25,4.3125],"texture":"#0"},"south":{"uv":[0.75,4.0625,1,4.3125],"texture":"#0"},"west":{"uv":[0.5,4.0625,0.75,4.3125],"texture":"#0"},"up":{"uv":[0.5,4.0625,0.25,3.8125],"texture":"#0"},"down":{"uv":[0.75,3.8125,0.5,4.0625],"texture":"#0"}}},{"from":[16,0,-2.46858],"to":[20,4,1.53142],"rotation":{"angle":-22.5,"axis":"x","origin":[18,3,-1.46858]},"faces":{"north":{"uv":[0.25,3.375,0.5,3.625],"texture":"#0"},"east":{"uv":[0,3.375,0.25,3.625],"texture":"#0"},"south":{"uv":[0.75,3.375,1,3.625],"texture":"#0"},"west":{"uv":[0.5,3.375,0.75,3.625],"texture":"#0"},"up":{"uv":[0.5,3.375,0.25,3.125],"texture":"#0"},"down":{"uv":[0.75,3.125,0.5,3.375],"texture":"#0"}}},{"from":[-4,0,14.14455],"to":[0,4,18.14455],"rotation":{"angle":22.5,"axis":"x","origin":[-2,3,17.14455]},"faces":{"north":{"uv":[0.25,2.875,0.5,3.125],"texture":"#0"},"east":{"uv":[0,2.875,0.25,3.125],"texture":"#0"},"south":{"uv":[0.75,2.875,1,3.125],"texture":"#0"},"west":{"uv":[0.5,2.875,0.75,3.125],"texture":"#0"},"up":{"uv":[0.5,2.875,0.25,2.625],"texture":"#0"},"down":{"uv":[0.75,2.625,0.5,2.875],"texture":"#0"}}},{"from":[-4,0,-2.46858],"to":[0,4,1.53142],"rotation":{"angle":-22.5,"axis":"x","origin":[-2,3,-1.46858]},"faces":{"north":{"uv":[0.25,0.25,0.5,0.5],"texture":"#0"},"east":{"uv":[0,0.25,0.25,0.5],"texture":"#0"},"south":{"uv":[0.75,0.25,1,0.5],"texture":"#0"},"west":{"uv":[0.5,0.25,0.75,0.5],"texture":"#0"},"up":{"uv":[0.5,0.25,0.25,0],"texture":"#0"},"down":{"uv":[0.75,0,0.5,0.25],"texture":"#0"}}},{"from":[17,10.9975,0.83799],"to":[17,15.9975,14.83799],"rotation":{"angle":0,"axis":"y","origin":[0,2,15.83799]},"faces":{"north":{"uv":[6.625,2,6.625,2.3125],"texture":"#0"},"east":{"uv":[5.75,2,6.625,2.3125],"texture":"#0"},"south":{"uv":[7.5,2,7.5,2.3125],"texture":"#0"},"west":{"uv":[6.625,2,7.5,2.3125],"texture":"#0"},"up":{"uv":[6.625,2,6.625,1.125],"texture":"#0"},"down":{"uv":[6.625,1.125,6.625,2],"texture":"#0"}}},{"from":[-1,10.9975,0.83799],"to":[-1,15.9975,14.83799],"rotation":{"angle":0,"axis":"y","origin":[-18,2,15.83799]},"faces":{"north":{"uv":[6.625,2,6.625,2.3125],"texture":"#0"},"east":{"uv":[5.75,2,6.625,2.3125],"texture":"#0"},"south":{"uv":[7.5,2,7.5,2.3125],"texture":"#0"},"west":{"uv":[6.625,2,7.5,2.3125],"texture":"#0"},"up":{"uv":[6.625,2,6.625,1.125],"texture":"#0"},"down":{"uv":[6.625,1.125,6.625,2],"texture":"#0"}}},{"from":[-1,10.9975,0.83799],"to":[17,15.9975,0.83799],"rotation":{"angle":0,"axis":"y","origin":[-18,2,15.83799]},"faces":{"north":{"uv":[5.75,2.3125,6.875,2.625],"texture":"#0"},"east":{"uv":[5.75,2.3125,5.75,2.625],"texture":"#0"},"south":{"uv":[6.875,2.3125,8,2.625],"texture":"#0"},"west":{"uv":[6.875,2.3125,6.875,2.625],"texture":"#0"},"up":{"uv":[6.875,2.3125,5.75,2.3125],"texture":"#0"},"down":{"uv":[8,2.3125,6.875,2.3125],"texture":"#0"}}},{"from":[-1,10.9975,14.83799],"to":[17,15.9975,14.83799],"rotation":{"angle":0,"axis":"y","origin":[-18,2,29.83799]},"faces":{"north":{"uv":[4.875,0,6,0.3125],"texture":"#0"},"east":{"uv":[0,0,0,0.3125],"texture":"#0"},"south":{"uv":[2.3125,5.1875,3.4375,5.5],"texture":"#0"},"west":{"uv":[0,0,0,0.3125],"texture":"#0"},"up":{"uv":[1.125,0,0,0],"texture":"#0"},"down":{"uv":[1.125,0,0,0],"texture":"#0"}}},{"from":[8,11,8],"to":[11,16,8],"rotation":{"angle":0,"axis":"y","origin":[8,11,7.83799]},"faces":{"north":{"uv":[0.6875,1.3125,0.875,1.625],"texture":"#0"},"east":{"uv":[0.6875,1.3125,0.6875,1.625],"texture":"#0"},"south":{"uv":[0.875,1.3125,1.0625,1.625],"texture":"#0"},"west":{"uv":[0.875,1.3125,0.875,1.625],"texture":"#0"},"up":{"uv":[0.875,1.3125,0.6875,1.3125],"texture":"#0"},"down":{"uv":[1.0625,1.3125,0.875,1.3125],"texture":"#0"}}},{"from":[8,11,8],"to":[11,16,8],"rotation":{"angle":0,"axis":"y","origin":[12,11,7.83799]},"faces":{"north":{"uv":[0.6875,1.3125,0.875,1.625],"texture":"#0"},"east":{"uv":[0.6875,1.3125,0.6875,1.625],"texture":"#0"},"south":{"uv":[0.875,1.3125,1.0625,1.625],"texture":"#0"},"west":{"uv":[0.875,1.3125,0.875,1.625],"texture":"#0"},"up":{"uv":[0.875,1.3125,0.6875,1.3125],"texture":"#0"},"down":{"uv":[1.0625,1.3125,0.875,1.3125],"texture":"#0"}}},{"from":[8,11,8],"to":[11,16,8],"rotation":{"angle":0,"axis":"y","origin":[16,11,7.83799]},"faces":{"north":{"uv":[0.6875,1.3125,0.875,1.625],"texture":"#0"},"east":{"uv":[0.6875,1.3125,0.6875,1.625],"texture":"#0"},"south":{"uv":[0.875,1.3125,1.0625,1.625],"texture":"#0"},"west":{"uv":[0.875,1.3125,0.875,1.625],"texture":"#0"},"up":{"uv":[0.875,1.3125,0.6875,1.3125],"texture":"#0"},"down":{"uv":[1.0625,1.3125,0.875,1.3125],"texture":"#0"}}}],"display":{"thirdperson_righthand":{"scale":[0.3,0.3,0.3]},"thirdperson_lefthand":{"scale":[0.3,0.3,0.3]},"firstperson_righthand":{"rotation":[-180,67.5,-180],"translation":[1.25,3.25,0],"scale":[0.3,0.3,0.3]},"firstperson_lefthand":{"rotation":[-180,67,-180],"translation":[1.25,3.25,0],"scale":[0.3,0.3,0.3]},"ground":{"translation":[0,2.75,0],"scale":[0.5,0.5,0.5]},"gui":{"rotation":[0,150,0],"translation":[0,-1.5,0],"scale":[0.5,0.5,0.5]}}}