{"textures":{"0":"bil:item/filament/model/mismagius_necklace.ajmodel/mismagius_necklace","particle":"bil:item/filament/model/mismagius_necklace.ajmodel/mismagius_necklace"},"elements":[{"from":[15.0,6.3,21.0],"to":[17.0,10.3,22.0],"faces":{"up":{"texture":"#0","tintindex":0,"uv":[12.625,4.5,12.375,4.25]},"west":{"texture":"#0","tintindex":0,"uv":[12.625,4.5,12.75,5.5]},"east":{"texture":"#0","tintindex":0,"uv":[12.25,4.5,12.375,5.5]},"south":{"texture":"#0","tintindex":0,"uv":[12.75,4.5,13.0,5.5]},"down":{"texture":"#0","tintindex":0,"uv":[12.875,4.25,12.625,4.5]},"north":{"texture":"#0","tintindex":0,"uv":[12.375,4.5,12.625,5.5]}},"rotation":{"axis":"y","angle":0.0,"origin":[8.0,-14.0,8.0]}},{"from":[17.5,7.7,21.5],"to":[18.5,9.7,22.5],"faces":{"up":{"texture":"#0","tintindex":0,"uv":[2.5,4.25,2.375,4.0]},"west":{"texture":"#0","tintindex":0,"uv":[2.5,4.25,2.625,4.75]},"east":{"texture":"#0","tintindex":0,"uv":[2.25,4.25,2.375,4.75]},"south":{"texture":"#0","tintindex":0,"uv":[2.625,4.25,2.75,4.75]},"down":{"texture":"#0","tintindex":0,"uv":[2.625,4.0,2.5,4.25]},"north":{"texture":"#0","tintindex":0,"uv":[2.375,4.25,2.5,4.75]}},"rotation":{"axis":"y","angle":0.0,"origin":[8.0,-14.0,8.0]}},{"from":[13.5,7.7,21.5],"to":[14.5,9.7,22.5],"faces":{"up":{"texture":"#0","tintindex":0,"uv":[0.25,0.25,0.125,0.0]},"west":{"texture":"#0","tintindex":0,"uv":[0.25,0.25,0.375,0.75]},"east":{"texture":"#0","tintindex":0,"uv":[0.0,0.25,0.125,0.75]},"south":{"texture":"#0","tintindex":0,"uv":[0.375,0.25,0.5,0.75]},"down":{"texture":"#0","tintindex":0,"uv":[0.375,0.0,0.25,0.25]},"north":{"texture":"#0","tintindex":0,"uv":[0.125,0.25,0.25,0.75]}},"rotation":{"axis":"y","angle":0.0,"origin":[8.0,-14.0,8.0]}},{"from":[16.51,-4.0,21.7],"to":[18.51,10.0,21.7],"faces":{"up":{"texture":"#0","tintindex":0,"uv":[15.75,2.75,15.5,2.75]},"west":{"texture":"#0","tintindex":0,"uv":[15.75,2.75,15.75,6.25]},"east":{"texture":"#0","tintindex":0,"uv":[15.5,2.75,15.5,6.25]},"south":{"texture":"#0","tintindex":0,"uv":[15.75,2.75,16.0,6.25]},"down":{"texture":"#0","tintindex":0,"uv":[16.0,2.75,15.75,2.75]},"north":{"texture":"#0","tintindex":0,"uv":[15.5,2.75,15.75,6.25]}},"rotation":{"axis":"y","angle":0.0,"origin":[8.0,-14.0,8.0]}},{"from":[13.49,-4.0,21.7],"to":[15.49,10.0,21.7],"faces":{"up":{"texture":"#0","tintindex":0,"uv":[15.25,2.75,15.0,2.75]},"west":{"texture":"#0","tintindex":0,"uv":[15.25,2.75,15.25,6.25]},"east":{"texture":"#0","tintindex":0,"uv":[15.0,2.75,15.0,6.25]},"south":{"texture":"#0","tintindex":0,"uv":[15.25,2.75,15.5,6.25]},"down":{"texture":"#0","tintindex":0,"uv":[15.5,2.75,15.25,2.75]},"north":{"texture":"#0","tintindex":0,"uv":[15.0,2.75,15.25,6.25]}},"rotation":{"axis":"y","angle":0.0,"origin":[8.0,-14.0,8.0]}}],"display":{"head":{"rotation":[0.0,180.0,0.0]}}}