{"textures":{"0":"modelengine:entity/nocsy_cat_fallen"},"elements":[{"from":[7.4,5.7726254,7.3454614],"to":[8.942857,8.45834,8.888319],"rotation":{"angle":0.0,"axis":"y","origin":[8.171429,6.342857,8.285714]},"faces":{"east":{"uv":[3.125,5.5,2.75,6.125],"rotation":0,"texture":"#0","tintindex":0},"south":{"uv":[2.625,5.5,2.25,6.125],"rotation":0,"texture":"#0","tintindex":0},"north":{"uv":[2.125,5.5,1.75,6.125],"rotation":0,"texture":"#0","tintindex":0},"west":{"uv":[5.875,1.875,5.5,2.5],"rotation":0,"texture":"#0","tintindex":0},"up":{"uv":[4.125,7.375,4.5,7.0],"rotation":0,"texture":"#0","tintindex":0},"down":{"uv":[7.0,4.5,7.375,4.875],"rotation":0,"texture":"#0","tintindex":0}}},{"from":[7.3142858,6.25834,7.259747],"to":[9.028571,8.544054,8.974033],"rotation":{"angle":0.0,"axis":"y","origin":[8.171429,6.342857,8.285714]},"faces":{"east":{"uv":[1.875,6.25,1.5,6.75],"rotation":0,"texture":"#0","tintindex":0},"south":{"uv":[6.625,0.625,6.25,1.125],"rotation":0,"texture":"#0","tintindex":0},"north":{"uv":[6.5,5.875,6.125,6.375],"rotation":0,"texture":"#0","tintindex":0},"west":{"uv":[6.625,0.0,6.25,0.5],"rotation":0,"texture":"#0","tintindex":0},"up":{"uv":[4.625,7.375,5.0,7.0],"rotation":0,"texture":"#0","tintindex":0},"down":{"uv":[7.0,5.0,7.375,5.375],"rotation":0,"texture":"#0","tintindex":0}}}],"display":{"head":{"translation":[0.0,-6.4,0.0],"scale":[4.0,4.0,4.0]}}}