{"textures":{"0":"modelengine:entity/forzen_element_pet"},"elements":[{"from":[5.8571424,7.285714,6.142857],"to":[9.857143,11.285714,10.142858],"rotation":{"angle":0.0,"axis":"y","origin":[7.714286,8.0,8.0]},"faces":{"east":{"uv":[7.076923,12.615385,8.153846,13.692307],"rotation":0,"texture":"#0","tintindex":0},"south":{"uv":[8.153846,12.615385,9.230769,13.692307],"rotation":0,"texture":"#0","tintindex":0},"north":{"uv":[6.0,12.615385,7.076923,13.692307],"rotation":0,"texture":"#0","tintindex":0},"west":{"uv":[9.230769,12.615385,10.307693,13.692307],"rotation":0,"texture":"#0","tintindex":0},"up":{"uv":[11.384615,13.692307,10.307693,12.615385],"rotation":0,"texture":"#0","tintindex":0},"down":{"uv":[12.461538,12.615385,11.384615,13.692307],"rotation":0,"texture":"#0","tintindex":0}}},{"from":[7.428571,10.0,6.0],"to":[8.285714,11.428572,6.5714283],"rotation":{"angle":0.0,"axis":"y","origin":[8.0,8.0,8.0]},"faces":{"east":{"uv":[12.769231,5.076923,12.923077,5.4615383],"rotation":0,"texture":"#0","tintindex":0},"south":{"uv":[14.307693,1.0769231,14.538462,1.4615384],"rotation":0,"texture":"#0","tintindex":0},"north":{"uv":[14.153846,14.153846,14.384615,14.538462],"rotation":0,"texture":"#0","tintindex":0},"west":{"uv":[13.538462,4.4615383,13.692307,4.8461537],"rotation":0,"texture":"#0","tintindex":0},"up":{"uv":[13.923077,6.4615383,13.692307,6.3076925],"rotation":0,"texture":"#0","tintindex":0},"down":{"uv":[14.076923,2.0,13.846154,2.1538463],"rotation":0,"texture":"#0","tintindex":0}}},{"from":[8.3714285,9.0,6.0],"to":[9.8,10.0,6.5714283],"rotation":{"angle":0.0,"axis":"y","origin":[8.0,8.0,8.0]},"faces":{"east":{"uv":[10.307693,14.153846,10.461538,14.461538],"rotation":0,"texture":"#0","tintindex":0},"south":{"uv":[14.153846,12.307693,14.538462,12.615385],"rotation":0,"texture":"#0","tintindex":0},"north":{"uv":[14.153846,12.0,14.538462,12.307693],"rotation":0,"texture":"#0","tintindex":0},"west":{"uv":[2.6153846,14.461538,2.7692308,14.769231],"rotation":0,"texture":"#0","tintindex":0},"up":{"uv":[13.307693,10.615385,12.923077,10.461538],"rotation":0,"texture":"#0","tintindex":0},"down":{"uv":[14.230769,10.307693,13.846154,10.461538],"rotation":0,"texture":"#0","tintindex":0}}},{"from":[8.657143,9.085714,5.9942856],"to":[9.3714285,9.857143,5.9942856],"rotation":{"angle":0.0,"axis":"y","origin":[8.0,8.0,8.0]},"faces":{"east":{"uv":[0.0,0.0,0.0,0.23076923],"rotation":0,"texture":"#0","tintindex":0},"south":{"uv":[14.307693,3.6923077,14.538462,3.9230769],"rotation":0,"texture":"#0","tintindex":0},"north":{"uv":[14.307693,1.6923077,14.538462,1.9230769],"rotation":0,"texture":"#0","tintindex":0},"west":{"uv":[0.0,0.0,0.0,0.23076923],"rotation":0,"texture":"#0","tintindex":0},"up":{"uv":[0.23076923,0.0,0.0,0.0],"rotation":0,"texture":"#0","tintindex":0},"down":{"uv":[0.23076923,0.0,0.0,0.0],"rotation":0,"texture":"#0","tintindex":0}}},{"from":[7.5,10.228572,5.9942856],"to":[8.214286,11.0,5.9942856],"rotation":{"angle":0.0,"axis":"y","origin":[6.7,8.0,8.0]},"faces":{"east":{"uv":[0.0,0.0,0.0,0.23076923],"rotation":0,"texture":"#0","tintindex":0},"south":{"uv":[1.6923077,14.461538,1.9230769,14.692307],"rotation":0,"texture":"#0","tintindex":0},"north":{"uv":[14.307693,4.0,14.538462,4.230769],"rotation":0,"texture":"#0","tintindex":0},"west":{"uv":[0.0,0.0,0.0,0.23076923],"rotation":0,"texture":"#0","tintindex":0},"up":{"uv":[0.23076923,0.0,0.0,0.0],"rotation":0,"texture":"#0","tintindex":0},"down":{"uv":[0.23076923,0.0,0.0,0.0],"rotation":0,"texture":"#0","tintindex":0}}},{"from":[6.342857,9.085714,5.9942856],"to":[7.0571427,9.857143,5.9942856],"rotation":{"angle":0.0,"axis":"y","origin":[7.714286,8.0,8.0]},"faces":{"east":{"uv":[0.0,0.0,0.0,0.23076923],"rotation":0,"texture":"#0","tintindex":0},"south":{"uv":[2.3076923,14.461538,2.5384614,14.692307],"rotation":0,"texture":"#0","tintindex":0},"north":{"uv":[2.0,14.461538,2.2307692,14.692307],"rotation":0,"texture":"#0","tintindex":0},"west":{"uv":[0.0,0.0,0.0,0.23076923],"rotation":0,"texture":"#0","tintindex":0},"up":{"uv":[0.23076923,0.0,0.0,0.0],"rotation":0,"texture":"#0","tintindex":0},"down":{"uv":[0.23076923,0.0,0.0,0.0],"rotation":0,"texture":"#0","tintindex":0}}},{"from":[7.0,7.5714283,5.285714],"to":[8.714286,8.857143,6.428571],"rotation":{"angle":0.0,"axis":"y","origin":[7.857143,8.0,8.0]},"faces":{"east":{"uv":[13.230769,13.692307,13.538462,14.076923],"rotation":0,"texture":"#0","tintindex":0},"south":{"uv":[9.384615,14.153846,9.846154,14.538462],"rotation":0,"texture":"#0","tintindex":0},"north":{"uv":[8.923077,14.153846,9.384615,14.538462],"rotation":0,"texture":"#0","tintindex":0},"west":{"uv":[3.2307692,14.153846,3.5384614,14.538462],"rotation":0,"texture":"#0","tintindex":0},"up":{"uv":[10.307693,14.461538,9.846154,14.153846],"rotation":0,"texture":"#0","tintindex":0},"down":{"uv":[14.615385,11.692307,14.153846,12.0],"rotation":0,"texture":"#0","tintindex":0}}},{"from":[8.714286,5.285714,6.428571],"to":[14.428572,11.714286,6.428571],"rotation":{"angle":-22.5,"axis":"y","origin":[11.285714,9.071428,5.5714283]},"faces":{"east":{"uv":[0.0,0.0,0.0,1.7692307],"rotation":0,"texture":"#0","tintindex":0},"south":{"uv":[1.5384616,10.615385,0.0,12.384615],"rotation":0,"texture":"#0","tintindex":0},"north":{"uv":[0.0,10.615385,1.5384616,12.384615],"rotation":0,"texture":"#0","tintindex":0},"west":{"uv":[0.0,0.0,0.0,1.7692307],"rotation":0,"texture":"#0","tintindex":0},"up":{"uv":[1.5384616,0.0,0.0,0.0],"rotation":0,"texture":"#0","tintindex":0},"down":{"uv":[1.5384616,0.0,0.0,0.0],"rotation":0,"texture":"#0","tintindex":0}}},{"from":[1.2857141,5.285714,6.428571],"to":[7.0,11.714286,6.428571],"rotation":{"angle":22.5,"axis":"y","origin":[4.428571,9.071428,5.5714283]},"faces":{"east":{"uv":[0.0,0.0,0.0,1.7692307],"rotation":0,"texture":"#0","tintindex":0},"south":{"uv":[4.6153846,10.615385,3.0769231,12.384615],"rotation":0,"texture":"#0","tintindex":0},"north":{"uv":[3.0769231,10.615385,4.6153846,12.384615],"rotation":0,"texture":"#0","tintindex":0},"west":{"uv":[0.0,0.0,0.0,1.7692307],"rotation":0,"texture":"#0","tintindex":0},"up":{"uv":[1.5384616,0.0,0.0,0.0],"rotation":0,"texture":"#0","tintindex":0},"down":{"uv":[1.5384616,0.0,0.0,0.0],"rotation":0,"texture":"#0","tintindex":0}}},{"from":[5.9142857,9.0,6.0],"to":[7.3428574,10.0,6.5714283],"rotation":{"angle":0.0,"axis":"y","origin":[7.714286,8.0,8.0]},"faces":{"east":{"uv":[3.5384614,14.461538,3.6923077,14.769231],"rotation":0,"texture":"#0","tintindex":0},"south":{"uv":[13.692307,14.153846,14.076923,14.461538],"rotation":0,"texture":"#0","tintindex":0},"north":{"uv":[13.230769,14.153846,13.615385,14.461538],"rotation":0,"texture":"#0","tintindex":0},"west":{"uv":[3.6923077,14.461538,3.8461537,14.769231],"rotation":0,"texture":"#0","tintindex":0},"up":{"uv":[14.384615,9.538462,14.0,9.384615],"rotation":0,"texture":"#0","tintindex":0},"down":{"uv":[14.692307,1.5384616,14.307693,1.6923077],"rotation":0,"texture":"#0","tintindex":0}}},{"from":[5.8571424,11.242217,6.361533],"to":[9.857143,13.242217,6.361533],"rotation":{"angle":22.5,"axis":"x","origin":[7.857143,11.813645,6.361533]},"faces":{"east":{"uv":[0.0,0.0,0.0,0.53846157],"rotation":0,"texture":"#0","tintindex":0},"south":{"uv":[14.461538,10.461538,13.384615,11.0],"rotation":0,"texture":"#0","tintindex":0},"north":{"uv":[13.384615,10.461538,14.461538,11.0],"rotation":0,"texture":"#0","tintindex":0},"west":{"uv":[0.0,0.0,0.0,0.53846157],"rotation":0,"texture":"#0","tintindex":0},"up":{"uv":[1.0769231,0.0,0.0,0.0],"rotation":0,"texture":"#0","tintindex":0},"down":{"uv":[1.0769231,0.0,0.0,0.0],"rotation":0,"texture":"#0","tintindex":0}}},{"from":[9.309561,7.285714,5.1814547],"to":[11.023846,11.285714,5.1814547],"rotation":{"angle":-22.5,"axis":"y","origin":[7.166703,8.0,7.0385976]},"faces":{"east":{"uv":[0.0,0.0,0.0,1.0769231],"rotation":0,"texture":"#0","tintindex":0},"south":{"uv":[5.5384617,13.692307,5.076923,14.769231],"rotation":0,"texture":"#0","tintindex":0},"north":{"uv":[5.076923,13.692307,5.5384617,14.769231],"rotation":0,"texture":"#0","tintindex":0},"west":{"uv":[0.0,0.0,0.0,1.0769231],"rotation":0,"texture":"#0","tintindex":0},"up":{"uv":[0.46153846,0.0,0.0,0.0],"rotation":0,"texture":"#0","tintindex":0},"down":{"uv":[0.46153846,0.0,0.0,0.0],"rotation":0,"texture":"#0","tintindex":0}}},{"from":[4.6904397,7.285714,5.1814547],"to":[6.404725,11.285714,5.1814547],"rotation":{"angle":22.5,"axis":"y","origin":[8.547583,8.0,7.0385976]},"faces":{"east":{"uv":[0.0,0.0,0.0,1.0769231],"rotation":0,"texture":"#0","tintindex":0},"south":{"uv":[6.0,13.692307,5.5384617,14.769231],"rotation":0,"texture":"#0","tintindex":0},"north":{"uv":[5.5384617,13.692307,6.0,14.769231],"rotation":0,"texture":"#0","tintindex":0},"west":{"uv":[0.0,0.0,0.0,1.0769231],"rotation":0,"texture":"#0","tintindex":0},"up":{"uv":[0.46153846,0.0,0.0,0.0],"rotation":0,"texture":"#0","tintindex":0},"down":{"uv":[0.46153846,0.0,0.0,0.0],"rotation":0,"texture":"#0","tintindex":0}}},{"from":[5.8571424,6.799183,5.728145],"to":[9.857143,7.9420404,5.728145],"rotation":{"angle":-22.5,"axis":"x","origin":[7.714286,8.656326,7.585288]},"faces":{"east":{"uv":[0.0,0.0,0.0,0.30769232],"rotation":0,"texture":"#0","tintindex":0},"south":{"uv":[15.076923,0.7692308,14.0,1.0769231],"rotation":0,"texture":"#0","tintindex":0},"north":{"uv":[14.0,0.7692308,15.076923,1.0769231],"rotation":0,"texture":"#0","tintindex":0},"west":{"uv":[0.0,0.0,0.0,0.30769232],"rotation":0,"texture":"#0","tintindex":0},"up":{"uv":[1.0769231,0.0,0.0,0.0],"rotation":0,"texture":"#0","tintindex":0},"down":{"uv":[1.0769231,0.0,0.0,0.0],"rotation":0,"texture":"#0","tintindex":0}}},{"from":[8.714286,9.0,7.857143],"to":[13.285715,16.428572,7.857143],"rotation":{"angle":-22.5,"axis":"y","origin":[11.0,12.714286,7.857143]},"faces":{"east":{"uv":[0.0,0.0,0.0,2.0],"rotation":0,"texture":"#0","tintindex":0},"south":{"uv":[7.3846154,10.615385,8.615385,12.615385],"rotation":0,"texture":"#0","tintindex":0},"north":{"uv":[6.1538463,10.615385,7.3846154,12.615385],"rotation":0,"texture":"#0","tintindex":0},"west":{"uv":[0.0,0.0,0.0,2.0],"rotation":0,"texture":"#0","tintindex":0},"up":{"uv":[1.2307693,0.0,0.0,0.0],"rotation":0,"texture":"#0","tintindex":0},"down":{"uv":[1.2307693,0.0,0.0,0.0],"rotation":0,"texture":"#0","tintindex":0}}},{"from":[2.4285712,9.0,7.857143],"to":[7.0,16.428572,7.857143],"rotation":{"angle":22.5,"axis":"y","origin":[4.714286,12.714286,7.857143]},"faces":{"east":{"uv":[0.0,0.0,0.0,2.0],"rotation":0,"texture":"#0","tintindex":0},"south":{"uv":[9.846154,10.615385,11.076923,12.615385],"rotation":0,"texture":"#0","tintindex":0},"north":{"uv":[8.615385,10.615385,9.846154,12.615385],"rotation":0,"texture":"#0","tintindex":0},"west":{"uv":[0.0,0.0,0.0,2.0],"rotation":0,"texture":"#0","tintindex":0},"up":{"uv":[1.2307693,0.0,0.0,0.0],"rotation":0,"texture":"#0","tintindex":0},"down":{"uv":[1.2307693,0.0,0.0,0.0],"rotation":0,"texture":"#0","tintindex":0}}}],"display":{"head":{"translation":[0.0,-6.4,0.0],"scale":[4.0,4.0,4.0]}}}