{"textures":{"white":"pokeball/white","black":"pokeball/black","red":"pokeball/red","blue":"pokeball/l_blue"},"elements":[{"from":[6.500742,0.5008218,6.000028],"to":[11.50074,2.500822,11.00003],"faces":{"down":{"uv":[6.5,5,11.5,10],"texture":"#white"},"up":{"uv":[6.5,6,11.5,11],"texture":"#white"},"north":{"uv":[4.5,13.5,9.5,15.5],"texture":"#white"},"south":{"uv":[6.5,13.5,11.5,15.5],"texture":"#white"},"west":{"uv":[6,13.5,11,15.5],"texture":"#white"},"east":{"uv":[5,13.5,10,15.5],"texture":"#white"}}},{"from":[6.49925,3.000604,5.999912],"to":[11.49925,5.000605,10.99991],"faces":{"down":{"uv":[6.5,5,11.5,10],"texture":"#blue"},"up":{"uv":[6.5,6,11.5,11],"texture":"#blue"},"north":{"uv":[4.5,14,9.5,15.5],"texture":"#blue"},"south":{"uv":[6.5,14,11.5,15.5],"texture":"#blue"},"west":{"uv":[6,14,11,15.5],"texture":"#blue"},"east":{"uv":[5,14,10,15.5],"texture":"#blue"}}},{"from":[7.000351,1.000646,5.499198],"to":[11.00035,2.500646,5.999198],"faces":{"down":{"uv":[0,0,16,16],"texture":"#white"},"up":{"uv":[0,0,16,16],"texture":"#white"},"north":{"uv":[0,0,16,16],"texture":"#white"},"south":{"uv":[0,0,16,16],"texture":"#white"},"west":{"uv":[0,0,16,16],"texture":"#white"},"east":{"uv":[0,0,16,16],"texture":"#white"}}},{"from":[6.999598,1.000265,11.00055],"to":[10.9996,2.500265,11.50055],"faces":{"down":{"uv":[6.5,5,11.5,10],"texture":"#white"},"up":{"uv":[6.5,6,11.5,11],"texture":"#white"},"north":{"uv":[4.5,14,9.5,15.5],"texture":"#white"},"south":{"uv":[6.5,14,11.5,15.5],"texture":"#white"},"west":{"uv":[6,14,11,15.5],"texture":"#white"},"east":{"uv":[5,14,10,15.5],"texture":"#white"}}},{"from":[7.000908,3.00063,5.500281],"to":[11.00091,4.50063,6.000281],"faces":{"down":{"uv":[6.5,5,11.5,10],"texture":"#blue"},"up":{"uv":[6.5,6,11.5,11],"texture":"#blue"},"north":{"uv":[4.5,14,9.5,15.5],"texture":"#blue"},"south":{"uv":[6.5,14,11.5,15.5],"texture":"#blue"},"west":{"uv":[6,14,11,15.5],"texture":"#blue"},"east":{"uv":[5,14,10,15.5],"texture":"#blue"}}},{"from":[6.999292,2.999866,10.99984],"to":[10.99929,4.499866,11.49984],"faces":{"down":{"uv":[6.5,5,11.5,10],"texture":"#blue"},"up":{"uv":[6.5,6,11.5,11],"texture":"#blue"},"north":{"uv":[4.5,14,9.5,15.5],"texture":"#blue"},"south":{"uv":[6.5,14,11.5,15.5],"texture":"#blue"},"west":{"uv":[6,14,11,15.5],"texture":"#blue"},"east":{"uv":[5,14,10,15.5],"texture":"#blue"}}},{"from":[7.000102,5.000024,6.499049],"to":[11.0001,5.500024,10.49905],"faces":{"down":{"uv":[6.5,5,11.5,10],"texture":"#blue"},"up":{"uv":[6.5,6,11.5,11],"texture":"#blue"},"north":{"uv":[4.5,14,9.5,15.5],"texture":"#blue"},"south":{"uv":[6.5,14,11.5,15.5],"texture":"#blue"},"west":{"uv":[6,14,11,15.5],"texture":"#blue"},"east":{"uv":[5,14,10,15.5],"texture":"#blue"}}},{"from":[7.000345,-0.0004604465,6.499968],"to":[11.00035,0.4995396,10.49997],"faces":{"down":{"uv":[0,0,16,16],"texture":"#white"},"up":{"uv":[0,0,16,16],"texture":"#white"},"north":{"uv":[0,0,16,16],"texture":"#white"},"south":{"uv":[0,0,16,16],"texture":"#white"},"west":{"uv":[0,0,16,16],"texture":"#white"},"east":{"uv":[0,0,16,16],"texture":"#white"}}},{"from":[6.000821,0.9997138,6.499782],"to":[6.500821,2.499714,10.49978],"faces":{"down":{"uv":[0,0,16,16],"texture":"#white","rotation":270},"up":{"uv":[0,0,16,16],"texture":"#white","rotation":90},"north":{"uv":[0,0,16,16],"texture":"#white"},"south":{"uv":[0,0,16,16],"texture":"#white"},"west":{"uv":[0,0,16,16],"texture":"#white"},"east":{"uv":[0,0,16,16],"texture":"#white"}}},{"from":[7.000618,2.999804,6.500206],"to":[7.500618,4.499804,10.50021],"faces":{"down":{"uv":[6.5,5,11.5,10],"texture":"#white"},"up":{"uv":[6.5,6,11.5,11],"texture":"#white"},"north":{"uv":[4.5,14,9.5,15.5],"texture":"#white"},"south":{"uv":[6.5,14,11.5,15.5],"texture":"#white"},"west":{"uv":[6,14,11,15.5],"texture":"#white"},"east":{"uv":[5,14,10,15.5],"texture":"#white"}}},{"from":[11.49995,1.000473,6.499295],"to":[11.99995,2.500473,10.49929],"faces":{"down":{"uv":[0,0,16,16],"texture":"#white"},"up":{"uv":[0,0,16,16],"texture":"#white"},"north":{"uv":[0,0,16,16],"texture":"#white"},"south":{"uv":[0,0,16,16],"texture":"#white"},"west":{"uv":[0,0,16,16],"texture":"#white"},"east":{"uv":[0,0,16,16],"texture":"#white"}}},{"from":[11.50091,3.00007,6.500555],"to":[12.00091,4.50007,10.50056],"faces":{"down":{"uv":[6.5,5,11.5,10],"texture":"#blue"},"up":{"uv":[6.5,6,11.5,11],"texture":"#blue"},"north":{"uv":[4.5,14,9.5,15.5],"texture":"#blue"},"south":{"uv":[6.5,14,11.5,15.5],"texture":"#blue"},"west":{"uv":[6,14,11,15.5],"texture":"#blue"},"east":{"uv":[5,14,10,15.5],"texture":"#blue"}}},{"from":[6.500362,2.50023,6.499227],"to":[11.50036,3.00023,10.49923],"faces":{"down":{"uv":[6.5,5,11.5,10],"texture":"#black"},"up":{"uv":[6.5,6,11.5,11],"texture":"#black"},"north":{"uv":[4.5,14,9.5,15.5],"texture":"#black"},"south":{"uv":[6.5,14,11.5,15.5],"texture":"#black"},"west":{"uv":[6,14,11,15.5],"texture":"#black"},"east":{"uv":[5,14,10,15.5],"texture":"#black"}}},{"from":[7.000783,2.499155,6.000571],"to":[11.00078,2.999155,11.00057],"faces":{"down":{"uv":[6.5,5,11.5,10],"texture":"#black"},"up":{"uv":[6.5,6,11.5,11],"texture":"#black"},"north":{"uv":[4.5,14,9.5,15.5],"texture":"#black"},"south":{"uv":[6.5,14.5,11.5,16],"texture":"#black"},"west":{"uv":[6,14,11,15.5],"texture":"#black"},"east":{"uv":[5,14,10,15.5],"texture":"#black"}}},{"from":[5.999641,3.00043,6.500124],"to":[6.499641,4.50043,10.50012],"faces":{"down":{"uv":[6.5,5,11.5,10],"texture":"#blue"},"up":{"uv":[6.5,6,11.5,11],"texture":"#blue"},"north":{"uv":[4.5,14,9.5,15.5],"texture":"#blue"},"south":{"uv":[6.5,14,11.5,15.5],"texture":"#blue"},"west":{"uv":[6,14,11,15.5],"texture":"#blue"},"east":{"uv":[5,14,10,15.5],"texture":"#blue"}}},{"from":[8.000439,1.750413,5.249948],"to":[10.00044,3.750413,6.249948],"faces":{"down":{"uv":[6.5,5,11.5,10],"texture":"#black"},"up":{"uv":[6.5,6,11.5,11],"texture":"#black"},"north":{"uv":[4.5,14,9.5,15.5],"texture":"#black"},"south":{"uv":[6.5,14,11.5,15.5],"texture":"#black"},"west":{"uv":[6,14,11,15.5],"texture":"#black"},"east":{"uv":[5,14,10,15.5],"texture":"#black"}}},{"from":[8.249433,2.000234,4.999848],"to":[9.749433,3.500234,5.499848],"faces":{"down":{"uv":[0,0,16,16],"texture":"#white"},"up":{"uv":[0,0,16,16],"texture":"#white"},"north":{"uv":[0,0,16,16],"texture":"#white"},"south":{"uv":[0,0,16,16],"texture":"#white"},"west":{"uv":[0,0,16,16],"texture":"#white"},"east":{"uv":[0,0,16,16],"texture":"#white"}}},{"from":[6.250745,4.249106,6.249326],"to":[7.250745,5.249106,10.74933],"faces":{"down":{"uv":[6.5,5,11.5,10],"texture":"#red"},"up":{"uv":[6.5,6,11.5,11],"texture":"#red"},"north":{"uv":[4.5,14,9.5,15.5],"texture":"#red"},"south":{"uv":[6.5,14,11.5,15.5],"texture":"#red"},"west":{"uv":[6,14,11,15.5],"texture":"#red"},"east":{"uv":[5,14,10,15.5],"texture":"#red"}}},{"from":[6.375113,4.124711,5.874167],"to":[7.375113,5.124711,6.874167],"faces":{"down":{"uv":[6.5,5,11.5,10],"texture":"#red"},"up":{"uv":[6.5,6,11.5,11],"texture":"#red"},"north":{"uv":[4.5,14,9.5,15.5],"texture":"#red"},"south":{"uv":[6.5,14,11.5,15.5],"texture":"#red"},"west":{"uv":[6,14,11,15.5],"texture":"#red"},"east":{"uv":[5,14,10,15.5],"texture":"#red"}}},{"from":[6.375428,4.124049,10.12508],"to":[7.375428,5.124049,11.12508],"faces":{"down":{"uv":[6.5,5,11.5,10],"texture":"#red"},"up":{"uv":[6.5,6,11.5,11],"texture":"#red"},"north":{"uv":[4.5,14,9.5,15.5],"texture":"#red"},"south":{"uv":[6.5,14,11.5,15.5],"texture":"#red"},"west":{"uv":[6,14,11,15.5],"texture":"#red"},"east":{"uv":[5,14,10,15.5],"texture":"#red"}}},{"from":[10.75001,4.250457,6.250764],"to":[11.75001,5.250457,10.75076],"faces":{"down":{"uv":[6.5,5,11.5,10],"texture":"#red"},"up":{"uv":[6.5,6,11.5,11],"texture":"#red"},"north":{"uv":[4.5,14,9.5,15.5],"texture":"#red"},"south":{"uv":[6.5,14,11.5,15.5],"texture":"#red"},"west":{"uv":[6,14,11,15.5],"texture":"#red"},"east":{"uv":[5,14,10,15.5],"texture":"#red"}}},{"from":[10.62402,4.124374,5.875391],"to":[11.62402,5.124374,6.875391],"faces":{"down":{"uv":[6.5,5,11.5,10],"texture":"#red"},"up":{"uv":[6.5,6,11.5,11],"texture":"#red"},"north":{"uv":[4.5,14,9.5,15.5],"texture":"#red"},"south":{"uv":[6.5,14,11.5,15.5],"texture":"#red"},"west":{"uv":[6,14,11,15.5],"texture":"#red"},"east":{"uv":[5,14,10,15.5],"texture":"#red"}}},{"from":[10.62562,4.125162,10.12516],"to":[11.62562,5.125162,11.12516],"faces":{"down":{"uv":[6.5,5,11.5,10],"texture":"#red"},"up":{"uv":[6.5,6,11.5,11],"texture":"#red"},"north":{"uv":[4.5,14,9.5,15.5],"texture":"#red"},"south":{"uv":[6.5,14,11.5,15.5],"texture":"#red"},"west":{"uv":[6,14,11,15.5],"texture":"#red"},"east":{"uv":[5,14,10,15.5],"texture":"#red"}}}],"display":{"thirdperson_righthand":{"translation":[-1,4.8695,0]},"thirdperson_lefthand":{"translation":[1,4.8695,0]},"firstperson_righthand":{"rotation":[0,-90,25],"translation":[0.4343,7.05,-0.261],"scale":[0.68,0.68,0.68]},"firstperson_lefthand":{"rotation":[0,-90,25],"translation":[1.13,7.3739,1.13],"scale":[0.68,0.68,0.68]},"gui":{"rotation":[19.5,-155.5,0],"translation":[2.25,9.55,15],"scale":[1.99141,1.99141,1.99141]},"ground":{"translation":[0,3.4,0]},"fixed":{"translation":[-2.369,12.3,0],"scale":[2.3,2.3,2.3]}},"gui_light":"front"}