{"textures":{"white":"pokeball/white","black":"pokeball/black","red":"pokeball/red"},"elements":[{"from":[6.499895,0.5001107,5.999768],"to":[11.4999,2.500111,10.99977],"faces":{"down":{"uv":[0,0,16,16],"texture":"#white"},"up":{"uv":[0,0,16,16],"texture":"#white"},"north":{"uv":[0,0,16,16],"texture":"#white"},"south":{"uv":[0,0,16,16],"texture":"#white"},"west":{"uv":[0,0,16,16],"texture":"#white"},"east":{"uv":[0,0,16,16],"texture":"#white"}}},{"from":[6.499968,3.000495,5.99923],"to":[11.49997,5.000495,10.99923],"faces":{"down":{"uv":[6.5,5,11.5,10],"texture":"#red"},"up":{"uv":[6.5,6,11.5,11],"texture":"#red"},"north":{"uv":[4.5,14,9.5,15.5],"texture":"#red"},"south":{"uv":[6.5,14,11.5,15.5],"texture":"#red"},"west":{"uv":[6,14,11,15.5],"texture":"#red"},"east":{"uv":[5,14,10,15.5],"texture":"#red"}}},{"from":[6.999776,0.9998441,5.499596],"to":[10.99978,2.499844,5.999596],"faces":{"down":{"uv":[0,0,16,16],"texture":"#white"},"up":{"uv":[0,0,16,16],"texture":"#white"},"north":{"uv":[0,0,16,16],"texture":"#white"},"south":{"uv":[0,0,16,16],"texture":"#white"},"west":{"uv":[0,0,16,16],"texture":"#white"},"east":{"uv":[0,0,16,16],"texture":"#white"}}},{"from":[7.000648,0.9994648,11.00072],"to":[11.00065,2.499465,11.50072],"faces":{"down":{"uv":[6.5,5,11.5,10],"texture":"#white"},"up":{"uv":[6.5,6,11.5,11],"texture":"#white"},"north":{"uv":[4.5,14,9.5,15.5],"texture":"#white"},"south":{"uv":[6.5,14,11.5,15.5],"texture":"#white"},"west":{"uv":[6,14,11,15.5],"texture":"#white"},"east":{"uv":[5,14,10,15.5],"texture":"#white"}}},{"from":[6.99966,3.000769,5.49965],"to":[10.99966,4.50077,5.99965],"faces":{"down":{"uv":[6.5,5,11.5,10],"texture":"#red"},"up":{"uv":[6.5,6,11.5,11],"texture":"#red"},"north":{"uv":[4.5,14,9.5,15.5],"texture":"#red"},"south":{"uv":[6.5,14,11.5,15.5],"texture":"#red"},"west":{"uv":[6,14,11,15.5],"texture":"#red"},"east":{"uv":[5,14,10,15.5],"texture":"#red"}}},{"from":[7.000735,2.999912,10.9998],"to":[11.00073,4.499912,11.4998],"faces":{"down":{"uv":[6.5,5,11.5,10],"texture":"#red"},"up":{"uv":[6.5,6,11.5,11],"texture":"#red"},"north":{"uv":[4.5,14,9.5,15.5],"texture":"#red"},"south":{"uv":[6.5,14,11.5,15.5],"texture":"#red"},"west":{"uv":[6,14,11,15.5],"texture":"#red"},"east":{"uv":[5,14,10,15.5],"texture":"#red"}}},{"from":[6.999607,5.000544,6.50087],"to":[10.99961,5.500544,10.50087],"faces":{"down":{"uv":[6.5,5,11.5,10],"texture":"#red"},"up":{"uv":[6.5,6,11.5,11],"texture":"#red"},"north":{"uv":[4.5,14,9.5,15.5],"texture":"#red"},"south":{"uv":[6.5,14,11.5,15.5],"texture":"#red"},"west":{"uv":[6,14,11,15.5],"texture":"#red"},"east":{"uv":[5,14,10,15.5],"texture":"#red"}}},{"from":[7.000281,0.0009492774,6.499233],"to":[11.00028,0.5009493,10.49923],"faces":{"down":{"uv":[0,0,16,16],"texture":"#white"},"up":{"uv":[0,0,16,16],"texture":"#white"},"north":{"uv":[0,0,16,16],"texture":"#white"},"south":{"uv":[0,0,16,16],"texture":"#white"},"west":{"uv":[0,0,16,16],"texture":"#white"},"east":{"uv":[0,0,16,16],"texture":"#white"}}},{"from":[5.999506,0.9991909,6.50073],"to":[6.499506,2.499191,10.50073],"faces":{"down":{"uv":[0,0,16,16],"texture":"#white","rotation":270},"up":{"uv":[0,0,16,16],"texture":"#white","rotation":90},"north":{"uv":[0,0,16,16],"texture":"#white"},"south":{"uv":[0,0,16,16],"texture":"#white"},"west":{"uv":[0,0,16,16],"texture":"#white"},"east":{"uv":[0,0,16,16],"texture":"#white"}}},{"from":[7.000023,2.999463,6.499127],"to":[7.500023,4.499463,10.49913],"faces":{"down":{"uv":[6.5,5,11.5,10],"texture":"#white"},"up":{"uv":[6.5,6,11.5,11],"texture":"#white"},"north":{"uv":[4.5,14,9.5,15.5],"texture":"#white"},"south":{"uv":[6.5,14,11.5,15.5],"texture":"#white"},"west":{"uv":[6,14,11,15.5],"texture":"#white"},"east":{"uv":[5,14,10,15.5],"texture":"#white"}}},{"from":[11.49929,1.000774,6.499428],"to":[11.99929,2.500774,10.49943],"faces":{"down":{"uv":[0,0,16,16],"texture":"#white"},"up":{"uv":[0,0,16,16],"texture":"#white"},"north":{"uv":[0,0,16,16],"texture":"#white"},"south":{"uv":[0,0,16,16],"texture":"#white"},"west":{"uv":[0,0,16,16],"texture":"#white"},"east":{"uv":[0,0,16,16],"texture":"#white"}}},{"from":[11.49928,3.000737,6.499972],"to":[11.99928,4.500737,10.49997],"faces":{"down":{"uv":[6.5,5,11.5,10],"texture":"#red"},"up":{"uv":[6.5,6,11.5,11],"texture":"#red"},"north":{"uv":[4.5,14,9.5,15.5],"texture":"#red"},"south":{"uv":[6.5,14,11.5,15.5],"texture":"#red"},"west":{"uv":[6,14,11,15.5],"texture":"#red"},"east":{"uv":[5,14,10,15.5],"texture":"#red"}}},{"from":[6.499003,2.500586,6.500658],"to":[11.499,3.000586,10.50066],"faces":{"down":{"uv":[6.5,5,11.5,10],"texture":"#black"},"up":{"uv":[6.5,6,11.5,11],"texture":"#black"},"north":{"uv":[4.5,14,9.5,15.5],"texture":"#black"},"south":{"uv":[6.5,14,11.5,15.5],"texture":"#black"},"west":{"uv":[6,14,11,15.5],"texture":"#black"},"east":{"uv":[5,14,10,15.5],"texture":"#black"}}},{"from":[7.000086,2.49957,6.000348],"to":[11.00009,2.99957,11.00035],"faces":{"down":{"uv":[6.5,5,11.5,10],"texture":"#black"},"up":{"uv":[6.5,6,11.5,11],"texture":"#black"},"north":{"uv":[4.5,14,9.5,15.5],"texture":"#black"},"south":{"uv":[6.5,14.5,11.5,16],"texture":"#black"},"west":{"uv":[6,14,11,15.5],"texture":"#black"},"east":{"uv":[5,14,10,15.5],"texture":"#black"}}},{"from":[6.000704,3.000584,6.500003],"to":[6.500704,4.500584,10.5],"faces":{"down":{"uv":[6.5,5,11.5,10],"texture":"#red"},"up":{"uv":[6.5,6,11.5,11],"texture":"#red"},"north":{"uv":[4.5,14,9.5,15.5],"texture":"#red"},"south":{"uv":[6.5,14,11.5,15.5],"texture":"#red"},"west":{"uv":[6,14,11,15.5],"texture":"#red"},"east":{"uv":[5,14,10,15.5],"texture":"#red"}}},{"from":[7.999057,1.749099,5.249253],"to":[9.999058,3.749099,6.249253],"faces":{"down":{"uv":[6.5,5,11.5,10],"texture":"#black"},"up":{"uv":[6.5,6,11.5,11],"texture":"#black"},"north":{"uv":[4.5,14,9.5,15.5],"texture":"#black"},"south":{"uv":[6.5,14,11.5,15.5],"texture":"#black"},"west":{"uv":[6,14,11,15.5],"texture":"#black"},"east":{"uv":[5,14,10,15.5],"texture":"#black"}}},{"from":[8.250182,2.000487,4.99974],"to":[9.750182,3.500487,5.49974],"faces":{"down":{"uv":[0,0,16,16],"texture":"#white"},"up":{"uv":[0,0,16,16],"texture":"#white"},"north":{"uv":[0,0,16,16],"texture":"#white"},"south":{"uv":[0,0,16,16],"texture":"#white"},"west":{"uv":[0,0,16,16],"texture":"#white"},"east":{"uv":[0,0,16,16],"texture":"#white"}}}],"display":{"thirdperson_righthand":{"translation":[-1,4.8695,0]},"thirdperson_lefthand":{"translation":[1,4.8695,0]},"firstperson_righthand":{"rotation":[0,-90,25],"translation":[0.4343,7.05,-0.261],"scale":[0.68,0.68,0.68]},"firstperson_lefthand":{"rotation":[0,-90,25],"translation":[1.13,7.3739,1.13],"scale":[0.68,0.68,0.68]},"gui":{"rotation":[19.5,-155.5,0],"translation":[2.25,9.55,15],"scale":[1.99141,1.99141,1.99141]},"ground":{"translation":[0,3.4,0]},"fixed":{"translation":[-2.369,12.3,0],"scale":[2.3,2.3,2.3]}},"gui_light":"front"}	