{"credit":"Made with Blockbench","texture_size":[32,32],"textures":{"1":"items:multitool/texture","particle":"items:multitool/texture"},"elements":[{"from":[6,15,5.5],"to":[10,20,10.5],"rotation":{"angle":0,"axis":"y","origin":[4.5,11,5.5]},"faces":{"north":{"uv":[4,5,6,7.5],"texture":"#1"},"east":{"uv":[4,0,6.5,2.5],"texture":"#1"},"south":{"uv":[6,5,8,7.5],"texture":"#1"},"west":{"uv":[4,2.5,6.5,5],"texture":"#1"},"up":{"uv":[8.5,2.5,6.5,0],"texture":"#1"},"down":{"uv":[8.5,2.5,6.5,5],"texture":"#1"}}},{"from":[7,-8,7],"to":[9,15,9],"rotation":{"angle":0,"axis":"y","origin":[7,0,7]},"faces":{"north":{"uv":[0,0,1,11.5],"texture":"#1"},"east":{"uv":[1,0,2,11.5],"texture":"#1"},"south":{"uv":[2,0,3,11.5],"texture":"#1"},"west":{"uv":[3,0,4,11.5],"texture":"#1"},"up":{"uv":[8,12,7,11],"texture":"#1"},"down":{"uv":[12,7,11,8],"texture":"#1"}}},{"from":[6.5,-7,6.5],"to":[9.5,-5,9.5],"rotation":{"angle":0,"axis":"y","origin":[7,-15,7]},"faces":{"north":{"uv":[8,10.5,9.5,11.5],"texture":"#1"},"east":{"uv":[11,0,12.5,1],"texture":"#1"},"south":{"uv":[11,1,12.5,2],"texture":"#1"},"west":{"uv":[11,2,12.5,3],"texture":"#1"},"up":{"uv":[10,1.5,8.5,0],"texture":"#1"},"down":{"uv":[10,1.5,8.5,3],"texture":"#1"}}},{"from":[6.5,-4,6.5],"to":[9.5,-3,9.5],"rotation":{"angle":0,"axis":"y","origin":[7,-12,7]},"faces":{"north":{"uv":[11,5.5,12.5,6],"texture":"#1"},"east":{"uv":[2,11.5,3.5,12],"texture":"#1"},"south":{"uv":[11.5,3,13,3.5],"texture":"#1"},"west":{"uv":[11.5,3.5,13,4],"texture":"#1"},"up":{"uv":[10,4.5,8.5,3],"texture":"#1"},"down":{"uv":[10,7.5,8.5,9],"texture":"#1"}}},{"from":[6.5,13,6.5],"to":[9.5,14,9.5],"rotation":{"angle":0,"axis":"y","origin":[7,5,7]},"faces":{"north":{"uv":[11.5,4,13,4.5],"texture":"#1"},"east":{"uv":[11.5,4.5,13,5],"texture":"#1"},"south":{"uv":[11.5,5,13,5.5],"texture":"#1"},"west":{"uv":[11.5,6,13,6.5],"texture":"#1"},"up":{"uv":[10,10.5,8.5,9],"texture":"#1"},"down":{"uv":[11,4.5,9.5,6],"texture":"#1"}}},{"from":[7.5,17,4.5],"to":[8.5,18,5.5],"rotation":{"angle":0,"axis":"y","origin":[6.5,17,3.5]},"faces":{"north":{"uv":[8.5,4.5,9,5],"texture":"#1"},"east":{"uv":[9,4.5,9.5,5],"texture":"#1"},"south":{"uv":[9.5,7,10,7.5],"texture":"#1"},"west":{"uv":[10,4,10.5,4.5],"texture":"#1"},"up":{"uv":[8.5,10.5,8,10],"texture":"#1"},"down":{"uv":[11,4,10.5,4.5],"texture":"#1"}}},{"from":[7.5,15,4.5],"to":[8.5,16,5.5],"rotation":{"angle":0,"axis":"y","origin":[6.5,17,3.5]},"faces":{"north":{"uv":[11.5,6.5,12,7],"texture":"#1"},"east":{"uv":[4.5,12,5,12.5],"texture":"#1"},"south":{"uv":[5,12,5.5,12.5],"texture":"#1"},"west":{"uv":[5.5,12,6,12.5],"texture":"#1"},"up":{"uv":[12.5,7,12,6.5],"texture":"#1"},"down":{"uv":[7.5,12,7,12.5],"texture":"#1"}}},{"from":[7.4975,14,1.5],"to":[8.5025,19,4.5],"rotation":{"angle":0,"axis":"y","origin":[6.4975,17,8.5]},"faces":{"north":{"uv":[9.5,10.5,10,13],"texture":"#1"},"east":{"uv":[4,7.5,5.5,10],"texture":"#1"},"south":{"uv":[11,3,11.5,5.5],"texture":"#1"},"west":{"uv":[5.5,7.5,7,10],"texture":"#1"},"up":{"uv":[4,13,3.5,11.5],"texture":"#1"},"down":{"uv":[8.5,11.5,8,13],"texture":"#1"}}},{"from":[7.5,10.62,-0.04],"to":[8.5,14.62,1.96],"rotation":{"angle":-45,"axis":"x","origin":[8.5,16.17157,1.5]},"faces":{"north":{"uv":[11,8,11.5,10],"texture":"#1"},"east":{"uv":[10,0,11,2],"texture":"#1"},"south":{"uv":[10,11,10.5,13],"texture":"#1"},"west":{"uv":[10,2,11,4],"texture":"#1"},"up":{"uv":[9.5,12.5,9,11.5],"texture":"#1"},"down":{"uv":[12,9.5,11.5,10.5],"texture":"#1"}}},{"from":[7.5,18.17157,-0.5],"to":[8.5,22.17157,1.5],"rotation":{"angle":45,"axis":"x","origin":[6.5,16.17157,1.5]},"faces":{"north":{"uv":[11,10,11.5,12],"texture":"#1"},"east":{"uv":[4,10,5,12],"texture":"#1"},"south":{"uv":[10.5,11,11,13],"texture":"#1"},"west":{"uv":[5,10,6,12],"texture":"#1"},"up":{"uv":[12,11.5,11.5,10.5],"texture":"#1"},"down":{"uv":[12,11.5,11.5,12.5],"texture":"#1"}}},{"from":[7.5,10.62,14.04],"to":[8.5,14.62,16.04],"rotation":{"angle":45,"axis":"x","origin":[8.5,16.17157,14.5]},"faces":{"north":{"uv":[1,11.5,1.5,13.5],"texture":"#1"},"east":{"uv":[10,7,11,9],"texture":"#1"},"south":{"uv":[1.5,11.5,2,13.5],"texture":"#1"},"west":{"uv":[10,9,11,11],"texture":"#1"},"up":{"uv":[3.5,13,3,12],"texture":"#1"},"down":{"uv":[4.5,12,4,13],"texture":"#1"}}},{"from":[7.5,17,10.5],"to":[8.5,18,11.5],"rotation":{"angle":0,"axis":"x","origin":[6.5,17,12.5]},"faces":{"north":{"uv":[12,9.5,12.5,10],"texture":"#1"},"east":{"uv":[12,10,12.5,10.5],"texture":"#1"},"south":{"uv":[12,10.5,12.5,11],"texture":"#1"},"west":{"uv":[11,12,11.5,12.5],"texture":"#1"},"up":{"uv":[12.5,11.5,12,11],"texture":"#1"},"down":{"uv":[12.5,11.5,12,12],"texture":"#1"}}},{"from":[7.5,15,10.5],"to":[8.5,16,11.5],"rotation":{"angle":0,"axis":"x","origin":[6.5,17,12.5]},"faces":{"north":{"uv":[12,7,12.5,7.5],"texture":"#1"},"east":{"uv":[7.5,12,8,12.5],"texture":"#1"},"south":{"uv":[12,7.5,12.5,8],"texture":"#1"},"west":{"uv":[12,8,12.5,8.5],"texture":"#1"},"up":{"uv":[12.5,9,12,8.5],"texture":"#1"},"down":{"uv":[12.5,9,12,9.5],"texture":"#1"}}},{"from":[7.4975,14,11.5],"to":[8.5025,19,14.5],"rotation":{"angle":0,"axis":"x","origin":[6.4975,17,7.5]},"faces":{"north":{"uv":[6,11,6.5,13.5],"texture":"#1"},"east":{"uv":[7,7.5,8.5,10],"texture":"#1"},"south":{"uv":[6.5,11,7,13.5],"texture":"#1"},"west":{"uv":[8,5,9.5,7.5],"texture":"#1"},"up":{"uv":[12,9.5,11.5,8],"texture":"#1"},"down":{"uv":[9,11.5,8.5,13],"texture":"#1"}}},{"from":[7.5,16.17157,8.5],"to":[8.5,18.17157,12.5],"rotation":{"angle":45,"axis":"x","origin":[6.5,16.17157,14.5]},"faces":{"north":{"uv":[2,12,2.5,13],"texture":"#1"},"east":{"uv":[9.5,6,11.5,7],"texture":"#1"},"south":{"uv":[2.5,12,3,13],"texture":"#1"},"west":{"uv":[6,10,8,11],"texture":"#1"},"up":{"uv":[0.5,13.5,0,11.5],"texture":"#1"},"down":{"uv":[1,11.5,0.5,13.5],"texture":"#1"}}}],"gui_light":"front","display":{"thirdperson_righthand":{"translation":[-0.5,2.25,1.5]},"thirdperson_lefthand":{"translation":[-0.5,2.25,1.5]},"firstperson_righthand":{"translation":[0.25,2.25,1.5],"scale":[0.6,0.6,0.6]},"firstperson_lefthand":{"translation":[0.25,2.25,1.5],"scale":[0.6,0.6,0.6]},"ground":{"rotation":[-40,0,0],"translation":[0,3,0],"scale":[0.5,0.5,0.5]},"gui":{"rotation":[90,45,-90],"translation":[-0.5,-0.5,0],"scale":[0.55,0.55,0.55]},"fixed":{"rotation":[90,-45,90],"translation":[-0.5,-0.5,0],"scale":[0.55,0.55,0.55]}}}