{"credit":"MadewithBlockbench","texture_size":[64,64],"textures":{"1":"elitecreatures:adventure_backpack_cosmetic/texture_10"},"elements":[{"from":[5.9,-0.2,7],"to":[10.1,0.8,12],"rotation":{"angle":0,"axis":"y","origin":[2,-11,0]},"faces":{"north":{"uv":[12.0625,1.5,11,1.75],"texture":"#1"},"east":{"uv":[10.25,2.25,11.5,2.5],"texture":"#1"},"south":{"uv":[11,1.5,12.0625,1.75],"texture":"#1"},"west":{"uv":[10.25,6.25,11.5,6.5],"texture":"#1"},"up":{"uv":[9.3125,1.25,8.25,0],"texture":"#1"},"down":{"uv":[9.3125,1.25,8.25,2.5],"texture":"#1"}}},{"from":[3.4,-2.3,6.9],"to":[12.6,-1.8,12.2],"rotation":{"angle":0,"axis":"y","origin":[2,-11,0]},"faces":{"north":{"uv":[10.75,5.5,13.0625,5.625],"texture":"#1"},"east":{"uv":[4.25,11.5,5.5625,11.625],"texture":"#1"},"south":{"uv":[10.75,5.75,13.0625,5.875],"texture":"#1"},"west":{"uv":[11.5,4.25,12.8125,4.375],"texture":"#1"},"up":{"uv":[7.3125,5.3125,5,4],"texture":"#1"},"down":{"uv":[7.3125,5.5,5,6.8125],"texture":"#1"}}},{"from":[4.58579,-2.41421,7.1],"to":[5.78579,1.18579,11.9],"rotation":{"angle":-22.5,"axis":"z","origin":[4,-2,0]},"faces":{"north":{"uv":[10.3125,10.75,10,11.625],"texture":"#1"},"east":{"uv":[5,8.25,6.1875,9.125],"texture":"#1"},"south":{"uv":[10,10.75,10.3125,11.625],"texture":"#1"},"west":{"uv":[6.25,8.25,7.4375,9.125],"texture":"#1"},"up":{"uv":[6.0625,11.6875,5.75,10.5],"texture":"#1"},"down":{"uv":[6.5625,10.5,6.25,11.6875],"texture":"#1"}}},{"from":[10.21421,-2.41421,7.1],"to":[11.41421,1.18579,11.9],"rotation":{"angle":22.5,"axis":"z","origin":[12,-2,0]},"faces":{"north":{"uv":[11.3125,3.5,11,4.375],"texture":"#1"},"east":{"uv":[7.5,8.25,8.6875,9.125],"texture":"#1"},"south":{"uv":[11,3.5,11.3125,4.375],"texture":"#1"},"west":{"uv":[8.75,8.25,9.9375,9.125],"texture":"#1"},"up":{"uv":[7.0625,11.6875,6.75,10.5],"texture":"#1"},"down":{"uv":[7.5625,10.5,7.25,11.6875],"texture":"#1"}}},{"from":[4.3,-10,7],"to":[11.7,-2.1,12],"rotation":{"angle":0,"axis":"y","origin":[2,-11,0]},"faces":{"north":{"uv":[5,0,6.875,2],"texture":"#1"},"east":{"uv":[7,0,8.25,2],"texture":"#1"},"south":{"uv":[5,2,6.875,4],"texture":"#1"},"west":{"uv":[7,2,8.25,4],"texture":"#1"},"up":{"uv":[6.875,8.25,5,7],"texture":"#1"},"down":{"uv":[8.875,7,7,8.25],"texture":"#1"}}},{"from":[4.57868,-7.1,12.05076],"to":[4.97868,-2.7,15.35076],"rotation":{"angle":-45,"axis":"y","origin":[5,-6,12]},"faces":{"north":{"uv":[11.5,10.5,11.625,11.625],"texture":"#1"},"east":{"uv":[9.25,4,10.0625,5.125],"texture":"#1"},"south":{"uv":[11,11.5,11.125,12.625],"texture":"#1"},"west":{"uv":[9,6.5,9.8125,7.625],"texture":"#1"},"up":{"uv":[12.3125,6.375,11.5,6.25],"rotation":270,"texture":"#1"},"down":{"uv":[12.5625,0.5,11.75,0.625],"rotation":90,"texture":"#1"}}},{"from":[11.02132,-7.1,12.05076],"to":[11.42132,-2.7,15.35076],"rotation":{"angle":0,"axis":"y","origin":[11,-6,12]},"faces":{"north":{"uv":[11.625,10.5,11.5,11.625],"texture":"#1"},"east":{"uv":[9.8125,6.5,9,7.625],"texture":"#1"},"south":{"uv":[11.125,11.5,11,12.625],"texture":"#1"},"west":{"uv":[10.0625,4,9.25,5.125],"texture":"#1"},"up":{"uv":[12.3125,6.25,11.5,6.375],"rotation":270,"texture":"#1"},"down":{"uv":[12.5625,0.625,11.75,0.5],"rotation":90,"texture":"#1"}}},{"from":[4.4,-9.9,7.3],"to":[11.6,-7.4,12.3],"rotation":{"angle":0,"axis":"y","origin":[14,-11,0]},"faces":{"north":{"uv":[10,2.5,8.25,3.125],"texture":"#1"},"east":{"uv":[10.75,0.75,9.5,1.375],"texture":"#1"},"south":{"uv":[10,3.25,8.25,3.875],"texture":"#1"},"west":{"uv":[10.75,0,9.5,0.625],"texture":"#1"},"up":{"uv":[7.5,5.25,9.25,4],"texture":"#1"},"down":{"uv":[7.5,5.25,9.25,6.5],"texture":"#1"}}},{"from":[3.6,-2,8.9],"to":[4.9,2,10.1],"rotation":{"angle":22.5,"axis":"z","origin":[4,-2,0]},"faces":{"north":{"uv":[2.0625,10.75,1.75,11.75],"texture":"#1"},"east":{"uv":[1.25,10.75,1.5625,11.75],"texture":"#1"},"south":{"uv":[1.75,10.75,2.0625,11.75],"texture":"#1"},"west":{"uv":[2.25,10.75,2.5625,11.75],"texture":"#1"},"up":{"uv":[12.0625,1.3125,11.75,1],"texture":"#1"},"down":{"uv":[2.3125,11.75,2,12.0625],"texture":"#1"}}},{"from":[2.32929,1.66949,9],"to":[3.22929,5.66949,10],"rotation":{"angle":0,"axis":"y","origin":[1.2,0.9,0]},"faces":{"north":{"uv":[11.25,7.5,11,8.5],"texture":"#1"},"east":{"uv":[11,4.5,11.25,5.5],"texture":"#1"},"south":{"uv":[11,7.5,11.25,8.5],"texture":"#1"},"west":{"uv":[11,8.5,11.25,9.5],"texture":"#1"},"up":{"uv":[9,6.75,8.75,6.5],"texture":"#1"},"down":{"uv":[9,6.75,8.75,7],"texture":"#1"}}},{"from":[-4.76949,4.82929,9.1],"to":[-0.76949,5.62929,9.9],"rotation":{"angle":-45,"axis":"z","origin":[1.2,0.9,0]},"faces":{"north":{"uv":[12.5,0.25,11.5,0.4375],"texture":"#1"},"east":{"uv":[10,7.5,10.1875,7.6875],"texture":"#1"},"south":{"uv":[11.5,0.25,12.5,0.4375],"texture":"#1"},"west":{"uv":[10.25,9.25,10.4375,9.4375],"texture":"#1"},"up":{"uv":[12.5,1.9375,11.5,1.75],"texture":"#1"},"down":{"uv":[12.5,2,11.5,2.1875],"texture":"#1"}}},{"from":[-2.8,-4.4,9.5],"to":[7.2,14.5,9.5],"rotation":{"angle":22.5,"axis":"z","origin":[4,-2,0]},"faces":{"north":{"uv":[5,0,2.5,4.75],"texture":"#1"},"east":{"uv":[0,0,0,4.75],"texture":"#1"},"south":{"uv":[2.5,0,5,4.75],"texture":"#1"},"west":{"uv":[0,0,0,4.75],"texture":"#1"},"up":{"uv":[2.5,0,0,0],"texture":"#1"},"down":{"uv":[2.5,0,0,0],"texture":"#1"}}},{"from":[2.6,-5,8.8],"to":[4.9,-1,10.2],"rotation":{"angle":22.5,"axis":"z","origin":[4,-2,0]},"faces":{"north":{"uv":[9.5,1.5,10.0625,2.5],"texture":"#1"},"east":{"uv":[0.75,10.25,1.125,11.25],"texture":"#1"},"south":{"uv":[4.25,9.5,4.8125,10.5],"texture":"#1"},"west":{"uv":[10.25,4.25,10.625,5.25],"texture":"#1"},"up":{"uv":[11.8125,7.875,11.25,7.5],"texture":"#1"},"down":{"uv":[11.8125,8,11.25,8.375],"texture":"#1"}}},{"from":[11.1,-5,8.8],"to":[13.4,-1,10.2],"rotation":{"angle":-22.5,"axis":"z","origin":[12,-2,0]},"faces":{"north":{"uv":[10.0625,1.5,9.5,2.5],"texture":"#1"},"east":{"uv":[10.625,4.25,10.25,5.25],"texture":"#1"},"south":{"uv":[4.8125,9.5,4.25,10.5],"texture":"#1"},"west":{"uv":[1.125,10.25,0.75,11.25],"texture":"#1"},"up":{"uv":[11.25,7.875,11.8125,7.5],"texture":"#1"},"down":{"uv":[11.25,8,11.8125,8.375],"texture":"#1"}}},{"from":[11.1,-2,8.9],"to":[12.4,2,10.1],"rotation":{"angle":-22.5,"axis":"z","origin":[12,-2,0]},"faces":{"north":{"uv":[1.75,10.75,2.0625,11.75],"texture":"#1"},"east":{"uv":[2.5625,10.75,2.25,11.75],"texture":"#1"},"south":{"uv":[2.0625,10.75,1.75,11.75],"texture":"#1"},"west":{"uv":[1.5625,10.75,1.25,11.75],"texture":"#1"},"up":{"uv":[11.75,1.3125,12.0625,1],"texture":"#1"},"down":{"uv":[2,11.75,2.3125,12.0625],"texture":"#1"}}},{"from":[12.77071,1.66949,9],"to":[13.67071,5.66949,10],"rotation":{"angle":0,"axis":"y","origin":[14.8,0.9,0]},"faces":{"north":{"uv":[11,7.5,11.25,8.5],"texture":"#1"},"east":{"uv":[11.25,8.5,11,9.5],"texture":"#1"},"south":{"uv":[11.25,7.5,11,8.5],"texture":"#1"},"west":{"uv":[11.25,4.5,11,5.5],"texture":"#1"},"up":{"uv":[8.75,6.75,9,6.5],"texture":"#1"},"down":{"uv":[8.75,6.75,9,7],"texture":"#1"}}},{"from":[16.76949,4.82929,9.1],"to":[20.76949,5.62929,9.9],"rotation":{"angle":45,"axis":"z","origin":[14.8,0.9,0]},"faces":{"north":{"uv":[11.5,0.25,12.5,0.4375],"texture":"#1"},"east":{"uv":[10.4375,9.25,10.25,9.4375],"texture":"#1"},"south":{"uv":[12.5,0.25,11.5,0.4375],"texture":"#1"},"west":{"uv":[10.1875,7.5,10,7.6875],"texture":"#1"},"up":{"uv":[11.5,1.9375,12.5,1.75],"texture":"#1"},"down":{"uv":[11.5,2,12.5,2.1875],"texture":"#1"}}},{"from":[8.8,-4.4,9.5],"to":[18.8,14.5,9.5],"rotation":{"angle":-22.5,"axis":"z","origin":[12,-2,0]},"faces":{"north":{"uv":[2.5,0,0,4.75],"texture":"#1"},"east":{"uv":[0,0,0,4.75],"texture":"#1"},"south":{"uv":[5,0,2.5,4.75],"texture":"#1"},"west":{"uv":[0,0,0,4.75],"texture":"#1"},"up":{"uv":[0,0,2.5,0],"texture":"#1"},"down":{"uv":[0,0,2.5,0],"texture":"#1"}}},{"from":[11.1,-2,8.9],"to":[12.4,2,10.1],"rotation":{"angle":-22.5,"axis":"z","origin":[12,-2,0]},"faces":{"north":{"uv":[11.0625,0.5,10.75,1.5],"texture":"#1"},"east":{"uv":[2.5625,10.75,2.25,11.75],"texture":"#1"},"south":{"uv":[2.0625,10.75,1.75,11.75],"texture":"#1"},"west":{"uv":[1.5625,10.75,1.25,11.75],"texture":"#1"},"up":{"uv":[11.75,1.3125,12.0625,1],"texture":"#1"},"down":{"uv":[2,11.75,2.3125,12.0625],"texture":"#1"}}},{"from":[12.77071,1.66949,9],"to":[13.67071,5.66949,10],"rotation":{"angle":0,"axis":"y","origin":[14.8,0.9,0]},"faces":{"north":{"uv":[0.75,11,0.5,12],"texture":"#1"},"east":{"uv":[11.25,8.5,11,9.5],"texture":"#1"},"south":{"uv":[11.25,7.5,11,8.5],"texture":"#1"},"west":{"uv":[11.25,4.5,11,5.5],"texture":"#1"},"up":{"uv":[8.75,6.75,9,6.5],"texture":"#1"},"down":{"uv":[8.75,6.75,9,7],"texture":"#1"}}},{"from":[16.76949,4.82929,9.1],"to":[20.76949,5.62929,9.9],"rotation":{"angle":45,"axis":"z","origin":[14.8,0.9,0]},"faces":{"north":{"uv":[12.5,0,11.5,0.1875],"texture":"#1"},"east":{"uv":[10.4375,9.25,10.25,9.4375],"texture":"#1"},"south":{"uv":[12.5,0.25,11.5,0.4375],"texture":"#1"},"west":{"uv":[10.1875,7.5,10,7.6875],"texture":"#1"},"up":{"uv":[11.5,1.9375,12.5,1.75],"texture":"#1"},"down":{"uv":[11.5,2,12.5,2.1875],"texture":"#1"}}},{"from":[8.8,-4.4,9.5],"to":[18.8,14.5,9.5],"rotation":{"angle":-22.5,"axis":"z","origin":[12,-2,0]},"faces":{"north":{"uv":[2.5,0,5,4.75],"texture":"#1"},"east":{"uv":[0,0,0,4.75],"texture":"#1"},"south":{"uv":[5,0,2.5,4.75],"texture":"#1"},"west":{"uv":[0,0,0,4.75],"texture":"#1"},"up":{"uv":[0,0,2.5,0],"texture":"#1"},"down":{"uv":[0,0,2.5,0],"texture":"#1"}}},{"from":[11.1,-5,8.8],"to":[13.4,-1,10.2],"rotation":{"angle":-22.5,"axis":"z","origin":[12,-2,0]},"faces":{"north":{"uv":[10.0625,1.5,9.5,2.5],"texture":"#1"},"east":{"uv":[10.625,4.25,10.25,5.25],"texture":"#1"},"south":{"uv":[4.8125,9.5,4.25,10.5],"texture":"#1"},"west":{"uv":[1.125,10.25,0.75,11.25],"texture":"#1"},"up":{"uv":[11.25,7.875,11.8125,7.5],"texture":"#1"},"down":{"uv":[11.25,8,11.8125,8.375],"texture":"#1"}}},{"from":[5.5,-2,8],"to":[10.5,-0.1,10.7],"rotation":{"angle":0,"axis":"y","origin":[2,-11,0]},"faces":{"north":{"uv":[7.5,6.5,8.75,7],"texture":"#1"},"east":{"uv":[10.25,7.5,10.9375,8],"texture":"#1"},"south":{"uv":[9,7.75,10.25,8.25],"texture":"#1"},"west":{"uv":[10.75,0,11.4375,0.5],"texture":"#1"},"up":{"uv":[10.25,9.9375,9,9.25],"texture":"#1"},"down":{"uv":[1.25,9.5,0,10.1875],"texture":"#1"}}},{"from":[3.9,-11.7,7.4],"to":[6.1,-7,10.3],"rotation":{"angle":22.5,"axis":"x","origin":[2.8,-11,10.4]},"faces":{"north":{"uv":[1.25,9.5,1.8125,10.6875],"texture":"#1"},"east":{"uv":[6,9.25,6.75,10.4375],"texture":"#1"},"south":{"uv":[2,9.5,2.5625,10.6875],"texture":"#1"},"west":{"uv":[6.75,9.25,7.5,10.4375],"texture":"#1"},"up":{"uv":[10.3125,10.75,9.75,10],"texture":"#1"},"down":{"uv":[0.5625,10.25,0,11],"texture":"#1"}}},{"from":[4.9,-14.8,9.2],"to":[6.2,-10.1,10.3],"rotation":{"angle":-22.5,"axis":"x","origin":[2.8,-11,10.4]},"faces":{"north":{"uv":[7.75,10.5,8.0625,11.6875],"texture":"#1"},"east":{"uv":[8.75,10.5,9,11.6875],"texture":"#1"},"south":{"uv":[8.25,10.5,8.5625,11.6875],"texture":"#1"},"west":{"uv":[10.75,4.25,11,5.4375],"texture":"#1"},"up":{"uv":[10.5625,8.25,10.25,8],"texture":"#1"},"down":{"uv":[3.3125,11.75,3,12],"texture":"#1"}}},{"from":[4.5,-15.2,11.4],"to":[6.5,-13.1,13.5],"rotation":{"angle":22.5,"axis":"x","origin":[2.8,-11,10.4]},"faces":{"north":{"uv":[11,1.75,11.5,2.25],"texture":"#1"},"east":{"uv":[11,10.5,11.5,11],"texture":"#1"},"south":{"uv":[11,11,11.5,11.5],"texture":"#1"},"west":{"uv":[11.25,0.5,11.75,1],"texture":"#1"},"up":{"uv":[1.25,11.75,0.75,11.25],"texture":"#1"},"down":{"uv":[11.75,1,11.25,1.5],"texture":"#1"}}},{"from":[9.9,-11.7,7.4],"to":[12.1,-7,10.3],"rotation":{"angle":22.5,"axis":"x","origin":[13.2,-11,10.4]},"faces":{"north":{"uv":[1.8125,9.5,1.25,10.6875],"texture":"#1"},"east":{"uv":[7.5,9.25,6.75,10.4375],"texture":"#1"},"south":{"uv":[2.5625,9.5,2,10.6875],"texture":"#1"},"west":{"uv":[6.75,9.25,6,10.4375],"texture":"#1"},"up":{"uv":[9.75,10.75,10.3125,10],"texture":"#1"},"down":{"uv":[0,10.25,0.5625,11],"texture":"#1"}}},{"from":[9.5,-15.2,11.4],"to":[11.5,-13.1,13.5],"rotation":{"angle":22.5,"axis":"x","origin":[13.2,-11,10.4]},"faces":{"north":{"uv":[11.5,1.75,11,2.25],"texture":"#1"},"east":{"uv":[11.75,0.5,11.25,1],"texture":"#1"},"south":{"uv":[11.5,11,11,11.5],"texture":"#1"},"west":{"uv":[11.5,10.5,11,11],"texture":"#1"},"up":{"uv":[0.75,11.75,1.25,11.25],"texture":"#1"},"down":{"uv":[11.25,1,11.75,1.5],"texture":"#1"}}},{"from":[9.8,-14.8,9.2],"to":[11.1,-10.1,10.3],"rotation":{"angle":-22.5,"axis":"x","origin":[13.2,-11,10.4]},"faces":{"north":{"uv":[8.0625,10.5,7.75,11.6875],"texture":"#1"},"east":{"uv":[11,4.25,10.75,5.4375],"texture":"#1"},"south":{"uv":[8.5625,10.5,8.25,11.6875],"texture":"#1"},"west":{"uv":[9,10.5,8.75,11.6875],"texture":"#1"},"up":{"uv":[10.25,8.25,10.5625,8],"texture":"#1"},"down":{"uv":[3,11.75,3.3125,12],"texture":"#1"}}}],"gui_light":"front","display":{"thirdperson_righthand":{"rotation":[57,0,0],"translation":[0,2,0],"scale":[0.46485,0.46485,0.46485]},"thirdperson_lefthand":{"rotation":[57,0,0],"translation":[0,2,0],"scale":[0.46485,0.46485,0.46485]},"firstperson_righthand":{"rotation":[-180,0,-180],"translation":[-0.25,3.5,2.25],"scale":[0.58008,0.58008,0.58008]},"firstperson_lefthand":{"rotation":[-180,0,-180],"translation":[-0.25,3.5,2.25],"scale":[0.58008,0.58008,0.58008]},"ground":{"translation":[0,8,0],"scale":[0.66797,0.66797,0.66797]},"gui":{"translation":[0,-0.75,0],"scale":[0.51563,0.51563,0.51563]},"head":{"translation":[0,-80,5.25],"scale":[2,2,2]},"fixed":{"rotation":[90,0,-180],"translation":[-0.25,7.75,-32.5],"scale":[2.5,2.5,2.5]}}}