{"credit":"MadewithBlockbench","texture_size":[64,64],"textures":{"3":"elitecreatures:adventure_backpack_cosmetic/texture_2"},"elements":[{"from":[5,8,2],"to":[11,12,3],"rotation":{"angle":0,"axis":"y","origin":[0,0,11]},"faces":{"north":{"uv":[3,5,4.5,6],"texture":"#3"},"east":{"uv":[6,8.75,6.25,9.75],"texture":"#3"},"south":{"uv":[4.5,5,6,6],"texture":"#3"},"west":{"uv":[8.5,10,8.75,11],"texture":"#3"},"up":{"uv":[9.75,5.25,8.25,5],"texture":"#3"},"down":{"uv":[9.75,5.25,8.25,5.5],"texture":"#3"}}},{"from":[4.2,2.2,3.3],"to":[11.8,6.8,8.6],"rotation":{"angle":0,"axis":"y","origin":[0,0,11]},"faces":{"north":{"uv":[0,3,1.875,4.125],"texture":"#3"},"east":{"uv":[0,5.5,1.3125,6.625],"texture":"#3"},"south":{"uv":[2,3,3.875,4.125],"texture":"#3"},"west":{"uv":[1.5,5.5,2.8125,6.625],"texture":"#3"},"up":{"uv":[3.875,1.3125,2,0],"texture":"#3"},"down":{"uv":[3.875,1.5,2,2.8125],"texture":"#3"}}},{"from":[4.3,6.6,3],"to":[11.7,8,9],"rotation":{"angle":0,"axis":"y","origin":[0,0,11]},"faces":{"north":{"uv":[5.75,2,7.625,2.375],"texture":"#3"},"east":{"uv":[5.75,7.25,7.25,7.625],"texture":"#3"},"south":{"uv":[5.75,6.75,7.625,7.125],"texture":"#3"},"west":{"uv":[7.25,7.25,8.75,7.625],"texture":"#3"},"up":{"uv":[1.875,1.5,0,0],"texture":"#3"},"down":{"uv":[1.875,1.5,0,3],"texture":"#3"}}},{"from":[4,3.4,3.1],"to":[5.1,7.7,8.9],"rotation":{"angle":-22.5,"axis":"z","origin":[4.8,6.4,7]},"faces":{"north":{"uv":[4.75,9,5,10.0625],"texture":"#3"},"east":{"uv":[4,2.5,5.4375,3.5625],"texture":"#3"},"south":{"uv":[2.75,9.75,3,10.8125],"texture":"#3"},"west":{"uv":[4,3.75,5.4375,4.8125],"texture":"#3"},"up":{"uv":[2.75,9.6875,2.5,8.25],"texture":"#3"},"down":{"uv":[3,8.25,2.75,9.6875],"texture":"#3"}}},{"from":[1.96424,2.09071,3.2],"to":[3.06424,4.89071,9],"rotation":{"angle":45,"axis":"z","origin":[3.6,5.5,7.1]},"faces":{"north":{"uv":[3.5,11,3.75,11.6875],"texture":"#3"},"east":{"uv":[3.5,6,4.9375,6.6875],"texture":"#3"},"south":{"uv":[3.75,11,4,11.6875],"texture":"#3"},"west":{"uv":[6,4.5,7.4375,5.1875],"texture":"#3"},"up":{"uv":[6.5,9.6875,6.25,8.25],"texture":"#3"},"down":{"uv":[0.25,8.5,0,9.9375],"texture":"#3"}}},{"from":[12.93576,2.09071,3.2],"to":[14.03576,4.89071,9],"rotation":{"angle":-45,"axis":"z","origin":[12.4,5.5,7.1]},"faces":{"north":{"uv":[4,11,4.25,11.6875],"texture":"#3"},"east":{"uv":[5,6,6.4375,6.6875],"texture":"#3"},"south":{"uv":[4.25,11,4.5,11.6875],"texture":"#3"},"west":{"uv":[6,5.25,7.4375,5.9375],"texture":"#3"},"up":{"uv":[0.5,9.9375,0.25,8.5],"texture":"#3"},"down":{"uv":[0.75,8.5,0.5,9.9375],"texture":"#3"}}},{"from":[10.9,3.4,3.1],"to":[12,7.7,8.9],"rotation":{"angle":22.5,"axis":"z","origin":[11.2,6.4,7]},"faces":{"north":{"uv":[4,9.75,4.25,10.8125],"texture":"#3"},"east":{"uv":[0,4.25,1.4375,5.3125],"texture":"#3"},"south":{"uv":[9.75,8.5,10,9.5625],"texture":"#3"},"west":{"uv":[1.5,4.25,2.9375,5.3125],"texture":"#3"},"up":{"uv":[1,9.9375,0.75,8.5],"texture":"#3"},"down":{"uv":[1.25,8.5,1,9.9375],"texture":"#3"}}},{"from":[5.6,-3.6,5],"to":[10.4,-0.1,7.8],"rotation":{"angle":45,"axis":"x","origin":[0,0,11]},"faces":{"north":{"uv":[5.75,0,6.9375,0.875],"texture":"#3"},"east":{"uv":[7,2.5,7.6875,3.375],"texture":"#3"},"south":{"uv":[5.75,1,6.9375,1.875],"texture":"#3"},"west":{"uv":[7,3.5,7.6875,4.375],"texture":"#3"},"up":{"uv":[7.6875,6.6875,6.5,6],"texture":"#3"},"down":{"uv":[1.1875,6.75,0,7.4375],"texture":"#3"}}},{"from":[11,-1.2,3.6],"to":[13.2,1,5.5],"rotation":{"angle":22.5,"axis":"z","origin":[9.5,-1.4,11]},"faces":{"north":{"uv":[7,8.75,7.5625,9.3125],"texture":"#3"},"east":{"uv":[9,3.75,9.5,4.3125],"texture":"#3"},"south":{"uv":[7.75,8.75,8.3125,9.3125],"texture":"#3"},"west":{"uv":[9.5,7.5,10,8.0625],"texture":"#3"},"up":{"uv":[9.3125,6,8.75,5.5],"texture":"#3"},"down":{"uv":[8.5625,9.5,8,10],"texture":"#3"}}},{"from":[14.46578,-3.44471,3.8],"to":[16.26578,-1.74471,5.2],"rotation":{"angle":45,"axis":"z","origin":[9.5,-1.4,11]},"faces":{"north":{"uv":[10.5,5.5,10.9375,5.9375],"texture":"#3"},"east":{"uv":[4.5,11,4.875,11.4375],"texture":"#3"},"south":{"uv":[6,10.5,6.4375,10.9375],"texture":"#3"},"west":{"uv":[11,4.75,11.375,5.1875],"texture":"#3"},"up":{"uv":[5.4375,11.375,5,11],"texture":"#3"},"down":{"uv":[5.9375,11,5.5,11.375],"texture":"#3"}}},{"from":[11.6,-1.3,4],"to":[15.9,0.8,5],"rotation":{"angle":22.5,"axis":"z","origin":[9.5,-1.4,11]},"faces":{"north":{"uv":[7.5,5.5,8.5625,6],"texture":"#3"},"east":{"uv":[2.25,9.25,2.5,9.75],"texture":"#3"},"south":{"uv":[1.75,7.75,2.8125,8.25],"texture":"#3"},"west":{"uv":[6,11.5,6.25,12],"texture":"#3"},"up":{"uv":[10.8125,3.75,9.75,3.5],"texture":"#3"},"down":{"uv":[10.8125,7.25,9.75,7.5],"texture":"#3"}}},{"from":[14.19509,-6.03898,3.8],"to":[15.89509,-4.23898,5.2],"rotation":{"angle":45,"axis":"z","origin":[9.5,-1.4,11]},"faces":{"north":{"uv":[10.5,6,10.9375,6.4375],"texture":"#3"},"east":{"uv":[11,5.5,11.375,5.9375],"texture":"#3"},"south":{"uv":[7,10.5,7.4375,10.9375],"texture":"#3"},"west":{"uv":[6,11,6.375,11.4375],"texture":"#3"},"up":{"uv":[11.4375,6.375,11,6],"texture":"#3"},"down":{"uv":[6.9375,11,6.5,11.375],"texture":"#3"}}},{"from":[14.46578,-5.54471,3.9],"to":[15.86578,-2.24471,5.1],"rotation":{"angle":45,"axis":"z","origin":[9.5,-1.4,11]},"faces":{"north":{"uv":[4.25,9,4.625,9.8125],"texture":"#3"},"east":{"uv":[10,3.75,10.3125,4.5625],"texture":"#3"},"south":{"uv":[1.75,9.25,2.125,10.0625],"texture":"#3"},"west":{"uv":[4.25,10,4.5625,10.8125],"texture":"#3"},"up":{"uv":[11.875,6.8125,11.5,6.5],"texture":"#3"},"down":{"uv":[7.375,11.5,7,11.8125],"texture":"#3"}}},{"from":[11.31721,-5.69347,3.9],"to":[14.21721,-4.39347,5.1],"rotation":{"angle":45,"axis":"z","origin":[9.5,-1.4,11]},"faces":{"north":{"uv":[10,7.5,10.75,7.8125],"texture":"#3"},"east":{"uv":[10.5,11.5,10.8125,11.8125],"texture":"#3"},"south":{"uv":[9.75,10,10.5,10.3125],"texture":"#3"},"west":{"uv":[11.5,10.5,11.8125,10.8125],"texture":"#3"},"up":{"uv":[0.75,10.5625,0,10.25],"texture":"#3"},"down":{"uv":[11,1,10.25,1.3125],"texture":"#3"}}},{"from":[2.8,-1.2,3.6],"to":[5,1,5.5],"rotation":{"angle":-22.5,"axis":"z","origin":[6.5,-1.4,11]},"faces":{"north":{"uv":[8.75,7.75,9.3125,8.3125],"texture":"#3"},"east":{"uv":[8.75,9.5,9.25,10.0625],"texture":"#3"},"south":{"uv":[8.5,8.75,9.0625,9.3125],"texture":"#3"},"west":{"uv":[9.25,9.5,9.75,10.0625],"texture":"#3"},"up":{"uv":[10.3125,0.5,9.75,0],"texture":"#3"},"down":{"uv":[10.3125,0.5,9.75,1],"texture":"#3"}}},{"from":[0.1,-1.3,4],"to":[4.4,0.8,5],"rotation":{"angle":-22.5,"axis":"z","origin":[6.5,-1.4,11]},"faces":{"north":{"uv":[7.75,2,8.8125,2.5],"texture":"#3"},"east":{"uv":[11.5,6,11.75,6.5],"texture":"#3"},"south":{"uv":[7.75,2.5,8.8125,3],"texture":"#3"},"west":{"uv":[6.25,11.5,6.5,12],"texture":"#3"},"up":{"uv":[10.8125,10,9.75,9.75],"texture":"#3"},"down":{"uv":[1.0625,10,0,10.25],"texture":"#3"}}},{"from":[-0.26578,-3.44471,3.8],"to":[1.53422,-1.74471,5.2],"rotation":{"angle":-45,"axis":"z","origin":[6.5,-1.4,11]},"faces":{"north":{"uv":[7.5,10.5,7.9375,10.9375],"texture":"#3"},"east":{"uv":[11,6.5,11.375,6.9375],"texture":"#3"},"south":{"uv":[10.5,8.5,10.9375,8.9375],"texture":"#3"},"west":{"uv":[7,11,7.375,11.4375],"texture":"#3"},"up":{"uv":[7.9375,11.375,7.5,11],"texture":"#3"},"down":{"uv":[8.4375,11,8,11.375],"texture":"#3"}}},{"from":[0.13422,-5.54471,3.9],"to":[1.53422,-2.24471,5.1],"rotation":{"angle":-45,"axis":"z","origin":[6.5,-1.4,11]},"faces":{"north":{"uv":[9.25,6.5,9.625,7.3125],"texture":"#3"},"east":{"uv":[5,10,5.3125,10.8125],"texture":"#3"},"south":{"uv":[9.25,8.5,9.625,9.3125],"texture":"#3"},"west":{"uv":[5.5,10,5.8125,10.8125],"texture":"#3"},"up":{"uv":[7.875,11.8125,7.5,11.5],"texture":"#3"},"down":{"uv":[8.375,11.5,8,11.8125],"texture":"#3"}}},{"from":[0.10491,-6.03898,3.8],"to":[1.80491,-4.23898,5.2],"rotation":{"angle":-45,"axis":"z","origin":[6.5,-1.4,11]},"faces":{"north":{"uv":[10.5,9,10.9375,9.4375],"texture":"#3"},"east":{"uv":[11,8,11.375,8.4375],"texture":"#3"},"south":{"uv":[9.5,10.5,9.9375,10.9375],"texture":"#3"},"west":{"uv":[11,8.5,11.375,8.9375],"texture":"#3"},"up":{"uv":[11.4375,9.375,11,9],"texture":"#3"},"down":{"uv":[9.9375,11,9.5,11.375],"texture":"#3"}}},{"from":[1.78279,-5.69347,3.9],"to":[4.68279,-4.39347,5.1],"rotation":{"angle":-45,"axis":"z","origin":[6.5,-1.4,11]},"faces":{"north":{"uv":[10.25,1.5,11,1.8125],"texture":"#3"},"east":{"uv":[11,11.5,11.3125,11.8125],"texture":"#3"},"south":{"uv":[10.25,2,11,2.3125],"texture":"#3"},"west":{"uv":[11.5,11,11.8125,11.3125],"texture":"#3"},"up":{"uv":[11,2.8125,10.25,2.5],"texture":"#3"},"down":{"uv":[11,4.75,10.25,5.0625],"texture":"#3"}}},{"from":[4.3,0.03463,6.04776],"to":[6.2,2.23463,8.24776],"rotation":{"angle":22.5,"axis":"x","origin":[-1.2,0,7.5]},"faces":{"north":{"uv":[9.75,1,10.25,1.5625],"texture":"#3"},"east":{"uv":[9,0,9.5625,0.5625],"texture":"#3"},"south":{"uv":[9.75,1.75,10.25,2.3125],"texture":"#3"},"west":{"uv":[9,0.75,9.5625,1.3125],"texture":"#3"},"up":{"uv":[2.75,10.3125,2.25,9.75],"texture":"#3"},"down":{"uv":[10.25,2.5,9.75,3.0625],"texture":"#3"}}},{"from":[4.7,-0.06537,6.64776],"to":[5.9,2.03463,10.94776],"rotation":{"angle":22.5,"axis":"x","origin":[-1.2,0,7.5]},"faces":{"north":{"uv":[8.5,11.25,8.8125,11.75],"texture":"#3"},"east":{"uv":[7.75,3,8.8125,3.5],"texture":"#3"},"south":{"uv":[0.5,11.5,0.8125,12],"texture":"#3"},"west":{"uv":[3.5,7.75,4.5625,8.25],"texture":"#3"},"up":{"uv":[5.3125,9.8125,5,8.75],"texture":"#3"},"down":{"uv":[5.8125,8.75,5.5,9.8125],"texture":"#3"}}},{"from":[4.6,1.4,9],"to":[6,3.2,10.7],"rotation":{"angle":45,"axis":"x","origin":[-1.2,0,7.5]},"faces":{"north":{"uv":[11,9.5,11.375,9.9375],"texture":"#3"},"east":{"uv":[10,10.5,10.4375,10.9375],"texture":"#3"},"south":{"uv":[10,11,10.375,11.4375],"texture":"#3"},"west":{"uv":[10.5,10,10.9375,10.4375],"texture":"#3"},"up":{"uv":[11.375,10.4375,11,10],"texture":"#3"},"down":{"uv":[10.875,11,10.5,11.4375],"texture":"#3"}}},{"from":[4.6,-0.33437,10.94726],"to":[6,1.36563,12.74726],"rotation":{"angle":45,"axis":"x","origin":[-1.2,0,7.5]},"faces":{"north":{"uv":[11,10.5,11.375,10.9375],"texture":"#3"},"east":{"uv":[10.5,10.5,10.9375,10.9375],"texture":"#3"},"south":{"uv":[11,11,11.375,11.4375],"texture":"#3"},"west":{"uv":[0,10.75,0.4375,11.1875],"texture":"#3"},"up":{"uv":[0.375,11.6875,0,11.25],"texture":"#3"},"down":{"uv":[11.625,0,11.25,0.4375],"texture":"#3"}}},{"from":[4.7,-2.79284,10.07784],"to":[5.9,0.50716,11.47784],"rotation":{"angle":0,"axis":"y","origin":[-1.2,0,7.5]},"faces":{"north":{"uv":[10,5.5,10.3125,6.3125],"texture":"#3"},"east":{"uv":[9.5,3.75,9.875,4.5625],"texture":"#3"},"south":{"uv":[6.5,10,6.8125,10.8125],"texture":"#3"},"west":{"uv":[9.5,5.5,9.875,6.3125],"texture":"#3"},"up":{"uv":[11.8125,8.375,11.5,8],"texture":"#3"},"down":{"uv":[11.8125,8.5,11.5,8.875],"texture":"#3"}}},{"from":[4.7,-4.61907,6.35758],"to":[5.9,-3.31907,9.25758],"rotation":{"angle":-22.5,"axis":"x","origin":[-1.2,0,7.5]},"faces":{"north":{"uv":[11.5,11.5,11.8125,11.8125],"texture":"#3"},"east":{"uv":[10.25,6.5,11,6.8125],"texture":"#3"},"south":{"uv":[0,11.75,0.3125,12.0625],"texture":"#3"},"west":{"uv":[8.75,10.25,9.5,10.5625],"texture":"#3"},"up":{"uv":[1.0625,11,0.75,10.25],"texture":"#3"},"down":{"uv":[2.0625,10.25,1.75,11],"texture":"#3"}}},{"from":[9.8,0.03463,6.04776],"to":[11.7,2.23463,8.24776],"rotation":{"angle":22.5,"axis":"x","origin":[17.2,0,7.5]},"faces":{"north":{"uv":[3.5,9.75,4,10.3125],"texture":"#3"},"east":{"uv":[9,1.5,9.5625,2.0625],"texture":"#3"},"south":{"uv":[9.75,4.75,10.25,5.3125],"texture":"#3"},"west":{"uv":[9,2.25,9.5625,2.8125],"texture":"#3"},"up":{"uv":[6.5,10.3125,6,9.75],"texture":"#3"},"down":{"uv":[10.25,6.5,9.75,7.0625],"texture":"#3"}}},{"from":[10.1,-0.06537,6.64776],"to":[11.3,2.03463,10.94776],"rotation":{"angle":22.5,"axis":"x","origin":[17.2,0,7.5]},"faces":{"north":{"uv":[1,11.5,1.3125,12],"texture":"#3"},"east":{"uv":[7.75,3.5,8.8125,4],"texture":"#3"},"south":{"uv":[11.5,3.5,11.8125,4],"texture":"#3"},"west":{"uv":[7.75,4,8.8125,4.5],"texture":"#3"},"up":{"uv":[6.8125,9.8125,6.5,8.75],"texture":"#3"},"down":{"uv":[9.0625,6.5,8.75,7.5625],"texture":"#3"}}},{"from":[10,1.4,9],"to":[11.4,3.2,10.7],"rotation":{"angle":45,"axis":"x","origin":[17.2,0,7.5]},"faces":{"north":{"uv":[11.25,0.5,11.625,0.9375],"texture":"#3"},"east":{"uv":[10.75,7.5,11.1875,7.9375],"texture":"#3"},"south":{"uv":[1.5,11.25,1.875,11.6875],"texture":"#3"},"west":{"uv":[8.75,10.75,9.1875,11.1875],"texture":"#3"},"up":{"uv":[2.375,11.6875,2,11.25],"texture":"#3"},"down":{"uv":[11.625,2,11.25,2.4375],"texture":"#3"}}},{"from":[10.1,-2.79284,10.07784],"to":[11.3,0.50716,11.47784],"rotation":{"angle":0,"axis":"y","origin":[17.2,0,7.5]},"faces":{"north":{"uv":[8,10,8.3125,10.8125],"texture":"#3"},"east":{"uv":[7,9.5,7.375,10.3125],"texture":"#3"},"south":{"uv":[10,8.5,10.3125,9.3125],"texture":"#3"},"west":{"uv":[7.5,9.5,7.875,10.3125],"texture":"#3"},"up":{"uv":[11.8125,9.375,11.5,9],"texture":"#3"},"down":{"uv":[9.5625,11.5,9.25,11.875],"texture":"#3"}}},{"from":[10,-0.33437,10.94726],"to":[11.4,1.36563,12.74726],"rotation":{"angle":45,"axis":"x","origin":[17.2,0,7.5]},"faces":{"north":{"uv":[11.25,2.5,11.625,2.9375],"texture":"#3"},"east":{"uv":[0.5,11,0.9375,11.4375],"texture":"#3"},"south":{"uv":[11.25,3,11.625,3.4375],"texture":"#3"},"west":{"uv":[1,11,1.4375,11.4375],"texture":"#3"},"up":{"uv":[11.625,7.4375,11.25,7],"texture":"#3"},"down":{"uv":[11.625,7.5,11.25,7.9375],"texture":"#3"}}},{"from":[10.1,-4.61907,6.35758],"to":[11.3,-3.31907,9.25758],"rotation":{"angle":-22.5,"axis":"x","origin":[17.2,0,7.5]},"faces":{"north":{"uv":[11.75,0,12.0625,0.3125],"texture":"#3"},"east":{"uv":[10.5,0,11.25,0.3125],"texture":"#3"},"south":{"uv":[11.75,0.5,12.0625,0.8125],"texture":"#3"},"west":{"uv":[10.5,0.5,11.25,0.8125],"texture":"#3"},"up":{"uv":[3.3125,11,3,10.25],"texture":"#3"},"down":{"uv":[2.5625,10.5,2.25,11.25],"texture":"#3"}}},{"from":[4.7,6.9,3.6],"to":[11.3,8.1,8.6],"rotation":{"angle":0,"axis":"y","origin":[0,0,11]},"faces":{"north":{"uv":[4.75,7.75,6.375,8.0625],"texture":"#3"},"east":{"uv":[8.25,4.5,9.5,4.8125],"texture":"#3"},"south":{"uv":[7.75,6,9.375,6.3125],"texture":"#3"},"west":{"uv":[5,8.25,6.25,8.5625],"texture":"#3"},"up":{"uv":[5.625,1.25,4,0],"texture":"#3"},"down":{"uv":[5.625,1.25,4,2.5],"texture":"#3"}}},{"from":[3,8,2.5],"to":[5,12,3],"rotation":{"angle":22.5,"axis":"y","origin":[5,10,3]},"faces":{"north":{"uv":[2.5,6.75,3,7.75],"texture":"#3"},"east":{"uv":[6.5,11.5,6.625,12.5],"texture":"#3"},"south":{"uv":[0.75,7.5,1.25,8.5],"texture":"#3"},"west":{"uv":[6.75,11.5,6.875,12.5],"texture":"#3"},"up":{"uv":[9.25,8.625,8.75,8.5],"texture":"#3"},"down":{"uv":[11.5,3.5,11,3.625],"texture":"#3"}}},{"from":[12.1,8,5.8],"to":[12.3,12,8.8],"rotation":{"angle":22.5,"axis":"y","origin":[11,10,3]},"faces":{"north":{"uv":[4.25,11.75,4.3125,12.75],"texture":"#3"},"east":{"uv":[1.75,6.75,2.5,7.75],"texture":"#3"},"south":{"uv":[4.75,11.75,4.8125,12.75],"texture":"#3"},"west":{"uv":[3.5,6.75,4.25,7.75],"texture":"#3"},"up":{"uv":[3.8125,12.75,3.75,12],"texture":"#3"},"down":{"uv":[4.0625,12,4,12.75],"texture":"#3"}}},{"from":[11,8,2.8],"to":[14,12,3],"rotation":{"angle":-45,"axis":"y","origin":[11,10,3]},"faces":{"north":{"uv":[4.25,6.75,5,7.75],"texture":"#3"},"east":{"uv":[5,11.75,5.0625,12.75],"texture":"#3"},"south":{"uv":[5,6.75,5.75,7.75],"texture":"#3"},"west":{"uv":[5.25,11.75,5.3125,12.75],"texture":"#3"},"up":{"uv":[12.75,3.5625,12,3.5],"texture":"#3"},"down":{"uv":[12.75,3.75,12,3.8125],"texture":"#3"}}},{"from":[5.1,8.1,2.4],"to":[10.9,11.9,3.2],"rotation":{"angle":0,"axis":"y","origin":[0,0,11]},"faces":{"north":{"uv":[5.5,2.5,6.9375,3.4375],"texture":"#3"},"east":{"uv":[11,2,11.1875,2.9375],"texture":"#3"},"south":{"uv":[5.5,3.5,6.9375,4.4375],"texture":"#3"},"west":{"uv":[2.75,11,2.9375,11.9375],"texture":"#3"},"up":{"uv":[10.9375,8.4375,9.5,8.25],"texture":"#3"},"down":{"uv":[11.1875,3.25,9.75,3.4375],"texture":"#3"}}},{"from":[4.4,2.8,-0.3],"to":[11.6,4.2,1.1],"rotation":{"angle":22.5,"axis":"x","origin":[0,0,11]},"faces":{"north":{"uv":[7,0,8.8125,0.375],"texture":"#3"},"east":{"uv":[5.5,11.5,5.875,11.875],"texture":"#3"},"south":{"uv":[7,0.5,8.8125,0.875],"texture":"#3"},"west":{"uv":[11.5,5.5,11.875,5.875],"texture":"#3"},"up":{"uv":[8.8125,1.375,7,1],"texture":"#3"},"down":{"uv":[8.8125,1.5,7,1.875],"texture":"#3"}}},{"from":[4.7,7.2,1.5],"to":[5.5,23.8,2.4],"rotation":{"angle":0,"axis":"y","origin":[0,0,11]},"faces":{"north":{"uv":[1.25,6.75,1.4375,10.875],"texture":"#3"},"east":{"uv":[3,6,3.25,10.125],"texture":"#3"},"south":{"uv":[1.5,6.75,1.6875,10.875],"texture":"#3"},"west":{"uv":[3.25,6,3.5,10.125],"texture":"#3"},"up":{"uv":[11.1875,7.5,11,7.25],"texture":"#3"},"down":{"uv":[8.6875,11,8.5,11.25],"texture":"#3"}}},{"from":[4.6,23.8,1.5],"to":[5.6,26.8,2.6],"rotation":{"angle":45,"axis":"x","origin":[0,23.8,1.5]},"faces":{"north":{"uv":[3.75,4.25,4,5],"texture":"#3"},"east":{"uv":[8.5,6.5,8.75,7.25],"texture":"#3"},"south":{"uv":[4.75,10.25,5,11],"texture":"#3"},"west":{"uv":[9.25,10.75,9.5,11.5],"texture":"#3"},"up":{"uv":[9.5,7.75,9.25,7.5],"texture":"#3"},"down":{"uv":[9.75,4.75,9.5,5],"texture":"#3"}}},{"from":[4.7,24.96569,3.53015],"to":[5.5,26.06569,7.23015],"rotation":{"angle":22.5,"axis":"x","origin":[0,25.5,4]},"faces":{"north":{"uv":[11.25,4.5,11.4375,4.75],"texture":"#3"},"east":{"uv":[10,8,10.9375,8.25],"texture":"#3"},"south":{"uv":[12,4.25,12.1875,4.5],"texture":"#3"},"west":{"uv":[10,9.5,10.9375,9.75],"texture":"#3"},"up":{"uv":[3.1875,11.9375,3,11],"texture":"#3"},"down":{"uv":[3.4375,11,3.25,11.9375],"texture":"#3"}}},{"from":[4.6,23.66985,6.26569],"to":[5.6,26.26985,7.36569],"rotation":{"angle":22.5,"axis":"x","origin":[0,25.5,4]},"faces":{"north":{"uv":[2.5,11.25,2.75,11.875],"texture":"#3"},"east":{"uv":[9,11.25,9.25,11.875],"texture":"#3"},"south":{"uv":[11.5,4,11.75,4.625],"texture":"#3"},"west":{"uv":[4.5,11.5,4.75,12.125],"texture":"#3"},"up":{"uv":[9.75,10.5,9.5,10.25],"texture":"#3"},"down":{"uv":[0.75,10.75,0.5,11],"texture":"#3"}}},{"from":[4.7,23.66985,6.36569],"to":[5.5,24.96985,7.66569],"rotation":{"angle":45,"axis":"x","origin":[0,25.5,4]},"faces":{"north":{"uv":[12,1.5,12.1875,1.8125],"texture":"#3"},"east":{"uv":[11.75,1,12.0625,1.3125],"texture":"#3"},"south":{"uv":[12,2,12.1875,2.3125],"texture":"#3"},"west":{"uv":[1.5,11.75,1.8125,12.0625],"texture":"#3"},"up":{"uv":[2.6875,12.3125,2.5,12],"texture":"#3"},"down":{"uv":[12.1875,2.5,12,2.8125],"texture":"#3"}}},{"from":[3.9,17.6,3.9],"to":[6.7,20.8,6.4],"rotation":{"angle":0,"axis":"y","origin":[13.3,-1.2,8.9]},"faces":{"north":{"uv":[0,7.5,0.6875,8.3125],"texture":"#3"},"east":{"uv":[6.5,7.75,7.125,8.5625],"texture":"#3"},"south":{"uv":[7.5,4.5,8.1875,5.3125],"texture":"#3"},"west":{"uv":[7.25,7.75,7.875,8.5625],"texture":"#3"},"up":{"uv":[4.1875,8.875,3.5,8.25],"texture":"#3"},"down":{"uv":[4.9375,8.25,4.25,8.875],"texture":"#3"}}},{"from":[4.1,16.6,3.7],"to":[6.5,17.6,6.6],"rotation":{"angle":0,"axis":"y","origin":[-2.7,-1.2,8.9]},"faces":{"north":{"uv":[11.25,5.25,11.875,5.5],"texture":"#3"},"east":{"uv":[10.5,4.5,11.25,4.75],"texture":"#3"},"south":{"uv":[4.75,11.5,5.375,11.75],"texture":"#3"},"west":{"uv":[11,1,11.75,1.25],"texture":"#3"},"up":{"uv":[3.625,5,3,4.25],"texture":"#3"},"down":{"uv":[8.375,6.5,7.75,7.25],"texture":"#3"}}},{"from":[-3.6,17.8,6.4],"to":[-3.3,18.8,6.7],"rotation":{"angle":-22.5,"axis":"z","origin":[-2.7,-1.3,8.9]},"faces":{"north":{"uv":[12,7.75,12.0625,8],"texture":"#3"},"east":{"uv":[8,12,8.0625,12.25],"texture":"#3"},"south":{"uv":[12,8,12.0625,8.25],"texture":"#3"},"west":{"uv":[8.25,12,8.3125,12.25],"texture":"#3"},"up":{"uv":[11.5625,12.0625,11.5,12],"texture":"#3"},"down":{"uv":[12.0625,11.5,12,11.5625],"texture":"#3"}}},{"from":[13.9,17.8,6.4],"to":[14.2,18.8,6.7],"rotation":{"angle":22.5,"axis":"z","origin":[13.3,-1.3,8.9]},"faces":{"north":{"uv":[12,8.25,12.0625,8.5],"texture":"#3"},"east":{"uv":[12,8.5,12.0625,8.75],"texture":"#3"},"south":{"uv":[12,8.75,12.0625,9],"texture":"#3"},"west":{"uv":[9,12,9.0625,12.25],"texture":"#3"},"up":{"uv":[11.8125,12.0625,11.75,12],"texture":"#3"},"down":{"uv":[12.0625,11.75,12,11.8125],"texture":"#3"}}},{"from":[-5,19.2,3.4],"to":[-4.5,20.2,6.9],"rotation":{"angle":-22.5,"axis":"z","origin":[-2.7,-1.3,8.9],"rescale":true},"faces":{"north":{"uv":[12,4.5,12.125,4.75],"texture":"#3"},"east":{"uv":[10.25,3,11.125,3.25],"texture":"#3"},"south":{"uv":[12,5.25,12.125,5.5],"texture":"#3"},"west":{"uv":[10.25,5.25,11.125,5.5],"texture":"#3"},"up":{"uv":[11.625,10.375,11.5,9.5],"texture":"#3"},"down":{"uv":[9.875,11.5,9.75,12.375],"texture":"#3"}}},{"from":[3.6,18.2,6.4],"to":[4,20.1,6.7],"rotation":{"angle":0,"axis":"y","origin":[-2.7,-1.3,8.9]},"faces":{"north":{"uv":[11.75,4.25,11.875,4.75],"texture":"#3"},"east":{"uv":[5.5,12,5.5625,12.5],"texture":"#3"},"south":{"uv":[11.75,6,11.875,6.5],"texture":"#3"},"west":{"uv":[12,5.5,12.0625,6],"texture":"#3"},"up":{"uv":[10.625,12.0625,10.5,12],"texture":"#3"},"down":{"uv":[12.125,10.5,12,10.5625],"texture":"#3"}}},{"from":[6.6,18.2,6.4],"to":[7,20.1,6.7],"rotation":{"angle":0,"axis":"y","origin":[13.3,-1.3,8.9]},"faces":{"north":{"uv":[11.75,7,11.875,7.5],"texture":"#3"},"east":{"uv":[5.75,12,5.8125,12.5],"texture":"#3"},"south":{"uv":[11.75,7.5,11.875,8],"texture":"#3"},"west":{"uv":[6,12,6.0625,12.5],"texture":"#3"},"up":{"uv":[10.875,12.0625,10.75,12],"texture":"#3"},"down":{"uv":[12.125,10.75,12,10.8125],"texture":"#3"}}},{"from":[3.6,18.2,3.6],"to":[4,20.1,3.9],"rotation":{"angle":0,"axis":"y","origin":[-2.7,-1.3,2.9]},"faces":{"north":{"uv":[8.5,11.75,8.625,12.25],"texture":"#3"},"east":{"uv":[12,6,12.0625,6.5],"texture":"#3"},"south":{"uv":[8.75,11.75,8.875,12.25],"texture":"#3"},"west":{"uv":[6.25,12,6.3125,12.5],"texture":"#3"},"up":{"uv":[11.125,12.0625,11,12],"texture":"#3"},"down":{"uv":[12.125,11,12,11.0625],"texture":"#3"}}},{"from":[6.6,18.2,3.6],"to":[7,20.1,3.9],"rotation":{"angle":0,"axis":"y","origin":[13.3,-1.3,2.9]},"faces":{"north":{"uv":[11.75,9.5,11.875,10],"texture":"#3"},"east":{"uv":[12,6.5,12.0625,7],"texture":"#3"},"south":{"uv":[11.75,10,11.875,10.5],"texture":"#3"},"west":{"uv":[7,12,7.0625,12.5],"texture":"#3"},"up":{"uv":[11.375,12.0625,11.25,12],"texture":"#3"},"down":{"uv":[12.125,11.25,12,11.3125],"texture":"#3"}}},{"from":[15.1,19.2,3.4],"to":[15.6,20.2,6.9],"rotation":{"angle":22.5,"axis":"z","origin":[13.3,-1.3,8.9],"rescale":true},"faces":{"north":{"uv":[12,7,12.125,7.25],"texture":"#3"},"east":{"uv":[10.25,7,11.125,7.25],"texture":"#3"},"south":{"uv":[7.25,12,7.375,12.25],"texture":"#3"},"west":{"uv":[10.5,3.75,11.375,4],"texture":"#3"},"up":{"uv":[10.125,12.375,10,11.5],"texture":"#3"},"down":{"uv":[10.375,11.5,10.25,12.375],"texture":"#3"}}},{"from":[13.9,17.8,3.6],"to":[14.2,18.8,3.9],"rotation":{"angle":22.5,"axis":"z","origin":[13.3,-1.3,6.1]},"faces":{"north":{"uv":[12,9,12.0625,9.25],"texture":"#3"},"east":{"uv":[9.25,12,9.3125,12.25],"texture":"#3"},"south":{"uv":[12,9.25,12.0625,9.5],"texture":"#3"},"west":{"uv":[9.5,12,9.5625,12.25],"texture":"#3"},"up":{"uv":[12.0625,12.0625,12,12],"texture":"#3"},"down":{"uv":[0.0625,12.25,0,12.3125],"texture":"#3"}}},{"from":[-3.6,17.8,3.6],"to":[-3.3,18.8,3.9],"rotation":{"angle":-22.5,"axis":"z","origin":[-2.7,-1.3,6.1]},"faces":{"north":{"uv":[12,9.5,12.0625,9.75],"texture":"#3"},"east":{"uv":[12,9.75,12.0625,10],"texture":"#3"},"south":{"uv":[12,10,12.0625,10.25],"texture":"#3"},"west":{"uv":[12,10.25,12.0625,10.5],"texture":"#3"},"up":{"uv":[12.3125,0.0625,12.25,0],"texture":"#3"},"down":{"uv":[0.3125,12.25,0.25,12.3125],"texture":"#3"}}},{"from":[10.6,13.3,3.65],"to":[11,14.3,6.65],"rotation":{"angle":22.5,"axis":"z","origin":[-2.7,-1.3,6.1]},"faces":{"north":{"uv":[12,7.25,12.125,7.5],"texture":"#3"},"east":{"uv":[11,1.25,11.75,1.5],"texture":"#3"},"south":{"uv":[7.5,12,7.625,12.25],"texture":"#3"},"west":{"uv":[1.5,11,2.25,11.25],"texture":"#3"},"up":{"uv":[11.875,2.25,11.75,1.5],"texture":"#3"},"down":{"uv":[2.125,11.75,2,12.5],"texture":"#3"}}},{"from":[-0.4,13.3,3.65],"to":[0,14.3,6.65],"rotation":{"angle":-22.5,"axis":"z","origin":[13.3,-1.3,6.1]},"faces":{"north":{"uv":[12,7.5,12.125,7.75],"texture":"#3"},"east":{"uv":[11,1.5,11.75,1.75],"texture":"#3"},"south":{"uv":[7.75,12,7.875,12.25],"texture":"#3"},"west":{"uv":[11,1.75,11.75,2],"texture":"#3"},"up":{"uv":[2.375,12.5,2.25,11.75],"texture":"#3"},"down":{"uv":[11.875,2.25,11.75,3],"texture":"#3"}}},{"from":[4,20,3.5],"to":[6.6,21,6.8],"rotation":{"angle":0,"axis":"y","origin":[-2.7,-1.2,8.9]},"faces":{"north":{"uv":[11.5,4.75,12.125,5],"texture":"#3"},"east":{"uv":[10.5,4,11.3125,4.25],"texture":"#3"},"south":{"uv":[11.5,5,12.125,5.25],"texture":"#3"},"west":{"uv":[10.5,4.25,11.3125,4.5],"texture":"#3"},"up":{"uv":[8.625,8.5625,8,7.75],"texture":"#3"},"down":{"uv":[2.375,8.25,1.75,9.0625],"texture":"#3"}}},{"from":[4.2,21,4],"to":[6.4,21.6,6.3],"rotation":{"angle":0,"axis":"y","origin":[-2.7,-1.2,8.9]},"faces":{"north":{"uv":[11.75,3,12.3125,3.125],"texture":"#3"},"east":{"uv":[11.75,3.25,12.3125,3.375],"texture":"#3"},"south":{"uv":[3.5,11.75,4.0625,11.875],"texture":"#3"},"west":{"uv":[11.75,4,12.3125,4.125],"texture":"#3"},"up":{"uv":[9.5625,3.5625,9,3],"texture":"#3"},"down":{"uv":[4.0625,9,3.5,9.5625],"texture":"#3"}}},{"from":[4.4,21.6,4.2],"to":[6.2,22.1,6.1],"rotation":{"angle":0,"axis":"y","origin":[-2.7,-1.2,8.9]},"faces":{"north":{"uv":[2.75,12,3.1875,12.125],"texture":"#3"},"east":{"uv":[0.5,12,1,12.125],"texture":"#3"},"south":{"uv":[3.25,12,3.6875,12.125],"texture":"#3"},"west":{"uv":[1,12,1.5,12.125],"texture":"#3"},"up":{"uv":[5.9375,5,5.5,4.5],"texture":"#3"},"down":{"uv":[3.9375,10.5,3.5,11],"texture":"#3"}}}],"gui_light":"front","display":{"thirdperson_righthand":{"rotation":[57,180,0],"translation":[0,2.5,0.75],"scale":[0.46485,0.46485,0.46485]},"thirdperson_lefthand":{"rotation":[68.03,0,0],"translation":[-6,-10.75,10.5],"scale":[1.28203,1.28203,1.28203]},"firstperson_righthand":{"rotation":[-180,0,-180],"translation":[-1.75,2.25,0],"scale":[0.63086,0.63086,0.63086]},"firstperson_lefthand":{"rotation":[-180,0,-180],"translation":[-1.75,2.25,0],"scale":[0,0,0]},"ground":{"translation":[0,7.25,0],"scale":[0.66797,0.66797,0.66797]},"gui":{"translation":[0,-1.25,0],"scale":[0.48828,0.48828,0.48828]},"head":{"translation":[0,-48,16.25],"scale":[2,2,2]},"fixed":{"rotation":[-90,180,0],"translation":[-0.25,-0.25,-26.75],"scale":[2.5,2.5,2.5]}}}