{"credit":"MadewithBlockbench","texture_size":[64,64],"textures":{"4":"elitecreatures:adventure_backpack_cosmetic/texture_3"},"elements":[{"from":[4.5,11.3,8],"to":[11.5,24.2,12],"faces":{"north":{"uv":[0,0,1.75,3.25],"texture":"#4"},"east":{"uv":[3.5,0,4.5,3.25],"texture":"#4"},"south":{"uv":[1.75,0,3.5,3.25],"texture":"#4"},"west":{"uv":[4.5,0,5.5,3.25],"texture":"#4"},"up":{"uv":[4.25,7,2.5,6],"texture":"#4"},"down":{"uv":[8.5,3,6.75,4],"texture":"#4"}}},{"from":[3.7,14.9,8.5],"to":[12.3,17.8,12.5],"rotation":{"angle":-22.5,"axis":"x","origin":[0,17.8,12.4]},"faces":{"north":{"uv":[6.75,4,8.875,4.75],"texture":"#4"},"east":{"uv":[8.75,0,9.75,0.75],"texture":"#4"},"south":{"uv":[4.25,6.75,6.375,7.5],"texture":"#4"},"west":{"uv":[1,8.75,2,9.5],"texture":"#4"},"up":{"uv":[2.125,6,0,5],"texture":"#4"},"down":{"uv":[4.375,5,2.25,6],"texture":"#4"}}},{"from":[3.7,13.1,9.5],"to":[12.3,15.1,13.5],"rotation":{"angle":0,"axis":"y","origin":[0,17.8,12.4]},"faces":{"north":{"uv":[7.75,2.25,9.875,2.75],"texture":"#4"},"east":{"uv":[9,3.75,10,4.25],"texture":"#4"},"south":{"uv":[2.25,8.25,4.375,8.75],"texture":"#4"},"west":{"uv":[9,4.25,10,4.75],"texture":"#4"},"up":{"uv":[7.625,1,5.5,0],"texture":"#4"},"down":{"uv":[7.625,1,5.5,2],"texture":"#4"}}},{"from":[6.4,21.2,12.3],"to":[7.9,22.7,12.9],"rotation":{"angle":-45,"axis":"z","origin":[3,19,0]},"faces":{"north":{"uv":[10.25,5.5,10.625,5.875],"texture":"#4"},"east":{"uv":[5.75,11,5.875,11.375],"texture":"#4"},"south":{"uv":[10.25,8.5,10.625,8.875],"texture":"#4"},"west":{"uv":[7.5,11,7.625,11.375],"texture":"#4"},"up":{"uv":[11.375,7.625,11,7.5],"texture":"#4"},"down":{"uv":[8.125,11,7.75,11.125],"texture":"#4"}}},{"from":[6.5,21.3,12.3],"to":[7.8,22.6,12.8],"rotation":{"angle":-45,"axis":"z","origin":[3,19,0]},"faces":{"north":{"uv":[10.75,2.5,11.0625,2.8125],"texture":"#4"},"east":{"uv":[5,11.25,5.125,11.5625],"texture":"#4"},"south":{"uv":[10.75,3,11.0625,3.3125],"texture":"#4"},"west":{"uv":[5.25,11.25,5.375,11.5625],"texture":"#4"},"up":{"uv":[11.5625,5.125,11.25,5],"texture":"#4"},"down":{"uv":[6.3125,11.25,6,11.375],"texture":"#4"}}},{"from":[14.1,16.4,7.8],"to":[15.1,20.4,12.3],"rotation":{"angle":22.5,"axis":"z","origin":[0,0,0]},"faces":{"north":{"uv":[9,6.25,9.25,7.25],"texture":"#4"},"east":{"uv":[1,7.75,2.125,8.75],"texture":"#4"},"south":{"uv":[6,9.5,6.25,10.5],"texture":"#4"},"west":{"uv":[7.75,1.25,8.875,2.25],"texture":"#4"},"up":{"uv":[4.25,10.625,4,9.5],"texture":"#4"},"down":{"uv":[4.5,9.5,4.25,10.625],"texture":"#4"}}},{"from":[0.9,16.4,7.8],"to":[1.9,20.4,12.3],"rotation":{"angle":-22.5,"axis":"z","origin":[16,0,0]},"faces":{"north":{"uv":[6.25,9.5,6.5,10.5],"texture":"#4"},"east":{"uv":[7.75,6.25,8.875,7.25],"texture":"#4"},"south":{"uv":[7,9.5,7.25,10.5],"texture":"#4"},"west":{"uv":[8,7.25,9.125,8.25],"texture":"#4"},"up":{"uv":[4.75,10.625,4.5,9.5],"texture":"#4"},"down":{"uv":[5,9.5,4.75,10.625],"texture":"#4"}}},{"from":[4.4,17.7,9.4],"to":[11.6,18.7,12.4],"rotation":{"angle":0,"axis":"y","origin":[16,0,0]},"faces":{"north":{"uv":[7,9.25,8.8125,9.5],"texture":"#4"},"east":{"uv":[5.5,3,6.25,3.25],"texture":"#4"},"south":{"uv":[9,9.25,10.8125,9.5],"texture":"#4"},"west":{"uv":[3.5,7,4.25,7.25],"texture":"#4"},"up":{"uv":[8.5625,5.5,6.75,4.75],"texture":"#4"},"down":{"uv":[8.5625,5.5,6.75,6.25],"texture":"#4"}}},{"from":[6.1,19.6,12.1],"to":[9.9,23.7,12.7],"rotation":{"angle":0,"axis":"y","origin":[13,19,0]},"faces":{"north":{"uv":[6.5,8.25,7.4375,9.25],"texture":"#4"},"east":{"uv":[7,10.5,7.125,11.5],"texture":"#4"},"south":{"uv":[7.5,8.25,8.4375,9.25],"texture":"#4"},"west":{"uv":[10.5,9.5,10.625,10.5],"texture":"#4"},"up":{"uv":[11.4375,8.375,10.5,8.25],"texture":"#4"},"down":{"uv":[11.4375,9,10.5,9.125],"texture":"#4"}}},{"from":[6,19.5,12.1],"to":[10,23.8,12.8],"rotation":{"angle":0,"axis":"y","origin":[13,19,0]},"faces":{"north":{"uv":[4.5,8.25,5.5,9.3125],"texture":"#4"},"east":{"uv":[10,4.75,10.1875,5.8125],"texture":"#4"},"south":{"uv":[5.5,8.25,6.5,9.3125],"texture":"#4"},"west":{"uv":[10,7.75,10.1875,8.8125],"texture":"#4"},"up":{"uv":[10.5,9.1875,9.5,9],"texture":"#4"},"down":{"uv":[11,6,10,6.1875],"texture":"#4"}}},{"from":[6.1,19.6,8.1],"to":[9.9,24.6,12.1],"faces":{"north":{"uv":[0,7.75,0.9375,9],"texture":"#4"},"east":{"uv":[6.75,6.25,7.75,7.5],"texture":"#4"},"south":{"uv":[7.75,0,8.6875,1.25],"texture":"#4"},"west":{"uv":[2.5,7,3.5,8.25],"texture":"#4"},"up":{"uv":[9.4375,3.75,8.5,2.75],"texture":"#4"},"down":{"uv":[9.4375,8.25,8.5,9.25],"texture":"#4"}}},{"from":[0.9,3.6,7.9],"to":[1.9,6,12.3],"shade":false,"rotation":{"angle":-45,"axis":"z","origin":[16,0,0],"rescale":true},"faces":{"north":{"uv":[10.25,7.75,10.5,8.375],"texture":"#4"},"east":{"uv":[2,8.75,3.125,9.375],"texture":"#4"},"south":{"uv":[8,10.25,8.25,10.875],"texture":"#4"},"west":{"uv":[3.25,8.75,4.375,9.375],"texture":"#4"},"up":{"uv":[5.25,10.625,5,9.5],"texture":"#4"},"down":{"uv":[5.5,9.5,5.25,10.625],"texture":"#4"}}},{"from":[3.5,19,9.2],"to":[4.5,21.5,10.8],"faces":{"north":{"uv":[8.25,10.25,8.5,10.875],"texture":"#4"},"east":{"uv":[7.25,9.5,7.625,10.125],"texture":"#4"},"south":{"uv":[8.5,10.25,8.75,10.875],"texture":"#4"},"west":{"uv":[7.75,9.5,8.125,10.125],"texture":"#4"},"up":{"uv":[3.75,11.125,3.5,10.75],"texture":"#4"},"down":{"uv":[11,3.5,10.75,3.875],"texture":"#4"}}},{"from":[3.4,21.5,9.1],"to":[4.5,21.9,10.9],"rotation":{"angle":0,"axis":"y","origin":[0,0.1,0]},"faces":{"north":{"uv":[1.25,11.5,1.5,11.625],"texture":"#4"},"east":{"uv":[11,6,11.4375,6.125],"texture":"#4"},"south":{"uv":[11.5,1.25,11.75,1.375],"texture":"#4"},"west":{"uv":[11,6.25,11.4375,6.375],"texture":"#4"},"up":{"uv":[2.5,8.1875,2.25,7.75],"texture":"#4"},"down":{"uv":[9,0.75,8.75,1.1875],"texture":"#4"}}},{"from":[5,14.9,12.3],"to":[5.7,18,12.6],"rotation":{"angle":-22.5,"axis":"x","origin":[0,17.8,12.4]},"faces":{"north":{"uv":[10.5,2.75,10.6875,3.5],"texture":"#4"},"east":{"uv":[8.25,11,8.3125,11.75],"texture":"#4"},"south":{"uv":[10.5,3.5,10.6875,4.25],"texture":"#4"},"west":{"uv":[8.5,11,8.5625,11.75],"texture":"#4"},"up":{"uv":[11.9375,6.3125,11.75,6.25],"texture":"#4"},"down":{"uv":[6.6875,11.75,6.5,11.8125],"texture":"#4"}}},{"from":[5,13.1,13.5],"to":[5.7,15.2,13.8],"rotation":{"angle":0,"axis":"y","origin":[0,17.8,12.4]},"faces":{"north":{"uv":[3.75,10.75,3.9375,11.25],"texture":"#4"},"east":{"uv":[1.5,11.5,1.5625,12],"texture":"#4"},"south":{"uv":[4,10.75,4.1875,11.25],"texture":"#4"},"west":{"uv":[11.5,1.5,11.5625,2],"texture":"#4"},"up":{"uv":[11.9375,6.5625,11.75,6.5],"texture":"#4"},"down":{"uv":[6.9375,11.75,6.75,11.8125],"texture":"#4"}}},{"from":[4.8,14.7,12.4],"to":[5.9,15.1,12.7],"rotation":{"angle":-22.5,"axis":"x","origin":[0,17.8,12.4]},"faces":{"north":{"uv":[1.75,11.5,2,11.625],"texture":"#4"},"east":{"uv":[11.75,8,11.8125,8.125],"texture":"#4"},"south":{"uv":[2,11.5,2.25,11.625],"texture":"#4"},"west":{"uv":[8.25,11.75,8.3125,11.875],"texture":"#4"},"up":{"uv":[0.25,11.8125,0,11.75],"texture":"#4"},"down":{"uv":[12,0,11.75,0.0625],"texture":"#4"}}},{"from":[3.7,11.7,11.2],"to":[12.3,13.9,15.2],"rotation":{"angle":22.5,"axis":"x","origin":[0,17.8,12.4]},"faces":{"north":{"uv":[3.5,7.5,5.625,8.0625],"texture":"#4"},"east":{"uv":[9,0.75,10,1.3125],"texture":"#4"},"south":{"uv":[5.75,7.5,7.875,8.0625],"texture":"#4"},"west":{"uv":[9,1.5,10,2.0625],"texture":"#4"},"up":{"uv":[7.625,3,5.5,2],"texture":"#4"},"down":{"uv":[6.625,5.75,4.5,6.75],"texture":"#4"}}},{"from":[4.9,13.2,15.1],"to":[5.8,14,15.4],"rotation":{"angle":22.5,"axis":"x","origin":[0,17.8,12.4]},"faces":{"north":{"uv":[8.75,11,9,11.1875],"texture":"#4"},"east":{"uv":[11.75,6.75,11.8125,6.9375],"texture":"#4"},"south":{"uv":[9,11,9.25,11.1875],"texture":"#4"},"west":{"uv":[7,11.75,7.0625,11.9375],"texture":"#4"},"up":{"uv":[0.5,11.8125,0.25,11.75],"texture":"#4"},"down":{"uv":[12,0.25,11.75,0.3125],"texture":"#4"}}},{"from":[10.3,14.9,12.3],"to":[11,18,12.6],"rotation":{"angle":-22.5,"axis":"x","origin":[16,17.8,12.4]},"faces":{"north":{"uv":[6,10.5,6.1875,11.25],"texture":"#4"},"east":{"uv":[9.25,11,9.3125,11.75],"texture":"#4"},"south":{"uv":[6.25,10.5,6.4375,11.25],"texture":"#4"},"west":{"uv":[9.5,11,9.5625,11.75],"texture":"#4"},"up":{"uv":[11.9375,7.0625,11.75,7],"texture":"#4"},"down":{"uv":[7.4375,11.75,7.25,11.8125],"texture":"#4"}}},{"from":[10.1,14.7,12.4],"to":[11.2,15.1,12.7],"shade":false,"rotation":{"angle":-22.5,"axis":"x","origin":[16,17.8,12.4]},"faces":{"north":{"uv":[11.5,2,11.75,2.125],"texture":"#4"},"east":{"uv":[11.75,8.25,11.8125,8.375],"texture":"#4"},"south":{"uv":[2.25,11.5,2.5,11.625],"texture":"#4"},"west":{"uv":[8.5,11.75,8.5625,11.875],"texture":"#4"},"up":{"uv":[0.75,11.8125,0.5,11.75],"texture":"#4"},"down":{"uv":[12,0.5,11.75,0.5625],"texture":"#4"}}},{"from":[10.3,13.1,13.5],"to":[11,15.2,13.8],"rotation":{"angle":0,"axis":"y","origin":[16,17.8,12.4]},"faces":{"north":{"uv":[4.25,10.75,4.4375,11.25],"texture":"#4"},"east":{"uv":[2.5,11.5,2.5625,12],"texture":"#4"},"south":{"uv":[4.5,10.75,4.6875,11.25],"texture":"#4"},"west":{"uv":[2.75,11.5,2.8125,12],"texture":"#4"},"up":{"uv":[11.9375,7.3125,11.75,7.25],"texture":"#4"},"down":{"uv":[7.6875,11.75,7.5,11.8125],"texture":"#4"}}},{"from":[10.2,13.2,15.1],"to":[11.1,14,15.4],"rotation":{"angle":22.5,"axis":"x","origin":[16,17.8,12.4]},"faces":{"north":{"uv":[11,9.25,11.25,9.4375],"texture":"#4"},"east":{"uv":[11.75,7.5,11.8125,7.6875],"texture":"#4"},"south":{"uv":[10,11,10.25,11.1875],"texture":"#4"},"west":{"uv":[7.75,11.75,7.8125,11.9375],"texture":"#4"},"up":{"uv":[1,11.8125,0.75,11.75],"texture":"#4"},"down":{"uv":[12,0.75,11.75,0.8125],"texture":"#4"}}},{"from":[7.5,14.2,13.5],"to":[8.6,15.3,13.7],"shade":false,"rotation":{"angle":0,"axis":"y","origin":[16,17.8,12.4]},"faces":{"north":{"uv":[4,7.25,4.25,7.5],"texture":"#4"},"east":{"uv":[1,11.75,1.0625,12],"texture":"#4"},"south":{"uv":[7.75,7.25,8,7.5],"texture":"#4"},"west":{"uv":[11.75,1,11.8125,1.25],"texture":"#4"},"up":{"uv":[1.5,11.8125,1.25,11.75],"texture":"#4"},"down":{"uv":[12,1.25,11.75,1.3125],"texture":"#4"}}},{"from":[7.4,13.7,11.5],"to":[8.7,14.4,13.8],"rotation":{"angle":0,"axis":"y","origin":[16,17.8,12.4]},"faces":{"north":{"uv":[11,5.25,11.3125,5.4375],"texture":"#4"},"east":{"uv":[10.75,2,11.3125,2.1875],"texture":"#4"},"south":{"uv":[11,5.5,11.3125,5.6875],"texture":"#4"},"west":{"uv":[10.75,2.25,11.3125,2.4375],"texture":"#4"},"up":{"uv":[10.5625,2.0625,10.25,1.5],"texture":"#4"},"down":{"uv":[10.5625,4.75,10.25,5.3125],"texture":"#4"}}},{"from":[7.5,13.1,11.9],"to":[8.6,13.9,12.1],"shade":false,"rotation":{"angle":-22.5,"axis":"x","origin":[16,17.8,12.4]},"faces":{"north":{"uv":[10.25,11,10.5,11.1875],"texture":"#4"},"east":{"uv":[11.75,7.75,11.8125,7.9375],"texture":"#4"},"south":{"uv":[10.5,11,10.75,11.1875],"texture":"#4"},"west":{"uv":[8,11.75,8.0625,11.9375],"texture":"#4"},"up":{"uv":[12,1.5625,11.75,1.5],"texture":"#4"},"down":{"uv":[2,11.75,1.75,11.8125],"texture":"#4"}}},{"from":[3.6,11.2,7.9],"to":[12.4,17.8,12.4],"faces":{"north":{"uv":[0,3.25,2.1875,4.875],"texture":"#4"},"east":{"uv":[0,6,1.125,7.625],"texture":"#4"},"south":{"uv":[2.25,3.25,4.4375,4.875],"texture":"#4"},"west":{"uv":[1.25,6,2.375,7.625],"texture":"#4"},"up":{"uv":[6.6875,4.375,4.5,3.25],"texture":"#4"},"down":{"uv":[6.6875,4.5,4.5,5.625],"texture":"#4"}}},{"from":[-13,18,9.3],"to":[-12,18.8,10.7],"rotation":{"angle":-45,"axis":"z","origin":[0,0,0]},"faces":{"north":{"uv":[10.75,11,11,11.1875],"texture":"#4"},"east":{"uv":[11,0.25,11.375,0.4375],"texture":"#4"},"south":{"uv":[11,11,11.25,11.1875],"texture":"#4"},"west":{"uv":[11,0.5,11.375,0.6875],"texture":"#4"},"up":{"uv":[5,11.125,4.75,10.75],"texture":"#4"},"down":{"uv":[11,4.75,10.75,5.125],"texture":"#4"}}},{"from":[3.5,8.2,22.2],"to":[4,8.9,22.9],"rotation":{"angle":-45,"axis":"x","origin":[0,0.1,0]},"faces":{"north":{"uv":[4.25,11.5,4.375,11.6875],"texture":"#4"},"east":{"uv":[6.75,11.25,6.9375,11.4375],"texture":"#4"},"south":{"uv":[4.5,11.5,4.625,11.6875],"texture":"#4"},"west":{"uv":[11.5,0.25,11.6875,0.4375],"texture":"#4"},"up":{"uv":[4.875,11.6875,4.75,11.5],"texture":"#4"},"down":{"uv":[11.625,5.25,11.5,5.4375],"texture":"#4"}}},{"from":[3.4,20,9.1],"to":[4.5,20.9,10.9],"rotation":{"angle":0,"axis":"y","origin":[0,0.1,0]},"faces":{"north":{"uv":[8.25,2.75,8.5,3],"texture":"#4"},"east":{"uv":[6.25,3,6.6875,3.25],"texture":"#4"},"south":{"uv":[5.75,10.75,6,11],"texture":"#4"},"west":{"uv":[3.5,7.25,3.9375,7.5],"texture":"#4"},"up":{"uv":[10,8.1875,9.75,7.75],"texture":"#4"},"down":{"uv":[10.75,10.5,10.5,10.9375],"texture":"#4"}}},{"from":[12,8.2,22.2],"to":[12.5,8.9,22.9],"rotation":{"angle":-45,"axis":"x","origin":[16,0.1,0]},"faces":{"north":{"uv":[11.5,5.5,11.625,5.6875],"texture":"#4"},"east":{"uv":[0.5,11.5,0.6875,11.6875],"texture":"#4"},"south":{"uv":[5.75,11.5,5.875,11.6875],"texture":"#4"},"west":{"uv":[11.5,0.5,11.6875,0.6875],"texture":"#4"},"up":{"uv":[11.625,5.9375,11.5,5.75],"texture":"#4"},"down":{"uv":[6.125,11.5,6,11.6875],"texture":"#4"}}},{"from":[28,18,9.3],"to":[29,18.8,10.7],"shade":false,"rotation":{"angle":45,"axis":"z","origin":[16,0,0]},"faces":{"north":{"uv":[0,11.25,0.25,11.4375],"texture":"#4"},"east":{"uv":[0.75,11,1.125,11.1875],"texture":"#4"},"south":{"uv":[0.25,11.25,0.5,11.4375],"texture":"#4"},"west":{"uv":[11,0.75,11.375,0.9375],"texture":"#4"},"up":{"uv":[5.25,11.125,5,10.75],"texture":"#4"},"down":{"uv":[5.5,10.75,5.25,11.125],"texture":"#4"}}},{"from":[11.5,19,9.2],"to":[12.5,21.5,10.8],"shade":false,"rotation":{"angle":0,"axis":"y","origin":[16,0,0]},"faces":{"north":{"uv":[8.75,10.25,9,10.875],"texture":"#4"},"east":{"uv":[8.25,9.5,8.625,10.125],"texture":"#4"},"south":{"uv":[9,10.25,9.25,10.875],"texture":"#4"},"west":{"uv":[9.5,8.25,9.875,8.875],"texture":"#4"},"up":{"uv":[11,5.625,10.75,5.25],"texture":"#4"},"down":{"uv":[5.75,10.75,5.5,11.125],"texture":"#4"}}},{"from":[11.5,21.5,9.1],"to":[12.6,21.9,10.9],"shade":false,"rotation":{"angle":0,"axis":"y","origin":[16,0.1,0]},"faces":{"north":{"uv":[11.5,2.25,11.75,2.375],"texture":"#4"},"east":{"uv":[11,6.5,11.4375,6.625],"texture":"#4"},"south":{"uv":[3.5,11.5,3.75,11.625],"texture":"#4"},"west":{"uv":[11,6.75,11.4375,6.875],"texture":"#4"},"up":{"uv":[11,0.4375,10.75,0],"texture":"#4"},"down":{"uv":[11,0.5,10.75,0.9375],"texture":"#4"}}},{"from":[11.5,20,9.1],"to":[12.6,20.9,10.9],"shade":false,"rotation":{"angle":0,"axis":"y","origin":[16,0.1,0]},"faces":{"north":{"uv":[2.75,11,3,11.25],"texture":"#4"},"east":{"uv":[7.75,2.75,8.1875,3],"texture":"#4"},"south":{"uv":[11,3.75,11.25,4],"texture":"#4"},"west":{"uv":[8.5,3.75,8.9375,4],"texture":"#4"},"up":{"uv":[11,1.4375,10.75,1],"texture":"#4"},"down":{"uv":[11,1.5,10.75,1.9375],"texture":"#4"}}},{"from":[3,14.4,9.4],"to":[3.4,15.7,11.4],"rotation":{"angle":0,"axis":"y","origin":[0,-0.8,0.4]},"faces":{"north":{"uv":[5.5,11.25,5.625,11.5625],"texture":"#4"},"east":{"uv":[9.5,3.25,10,3.5625],"texture":"#4"},"south":{"uv":[6.5,11.25,6.625,11.5625],"texture":"#4"},"west":{"uv":[10.25,2.25,10.75,2.5625],"texture":"#4"},"up":{"uv":[11.125,4.75,11,4.25],"texture":"#4"},"down":{"uv":[11.125,4.75,11,5.25],"texture":"#4"}}},{"from":[-4.4,13.3,10.6],"to":[-3.2,16.1,11.7],"rotation":{"angle":45,"axis":"y","origin":[0,-0.8,2.8]},"faces":{"north":{"uv":[9.75,7,10.0625,7.6875],"texture":"#4"},"east":{"uv":[4.25,6,4.5,6.6875],"texture":"#4"},"south":{"uv":[10,3.25,10.3125,3.9375],"texture":"#4"},"west":{"uv":[6.5,6.75,6.75,7.4375],"texture":"#4"},"up":{"uv":[11.0625,9.75,10.75,9.5],"texture":"#4"},"down":{"uv":[11.0625,9.75,10.75,10],"texture":"#4"}}},{"from":[-4.4,13.3,8.9],"to":[-3.2,16.1,10],"rotation":{"angle":-45,"axis":"y","origin":[0,-0.8,17.8]},"faces":{"north":{"uv":[3.5,10,3.8125,10.6875],"texture":"#4"},"east":{"uv":[7.5,10.25,7.75,10.9375],"texture":"#4"},"south":{"uv":[10,4,10.3125,4.6875],"texture":"#4"},"west":{"uv":[7.75,10.25,8,10.9375],"texture":"#4"},"up":{"uv":[11.0625,10.25,10.75,10],"texture":"#4"},"down":{"uv":[11.0625,10.25,10.75,10.5],"texture":"#4"}}},{"from":[3.7,18.2,10.1],"to":[4.1,19,10.6],"faces":{"north":{"uv":[11.5,6,11.625,6.1875],"texture":"#4"},"east":{"uv":[6.25,11.5,6.375,11.6875],"texture":"#4"},"south":{"uv":[11.5,6.25,11.625,6.4375],"texture":"#4"},"west":{"uv":[11.5,6.5,11.625,6.6875],"texture":"#4"},"up":{"uv":[11.875,1.875,11.75,1.75],"texture":"#4"},"down":{"uv":[2.125,11.75,2,11.875],"texture":"#4"}}},{"from":[14.1,3.6,7.9],"to":[15.1,6,12.3],"rotation":{"angle":45,"axis":"z","origin":[0,0,0],"rescale":true},"faces":{"north":{"uv":[9.25,10.25,9.5,10.875],"texture":"#4"},"east":{"uv":[8.75,4.75,9.875,5.375],"texture":"#4"},"south":{"uv":[9.5,10.25,9.75,10.875],"texture":"#4"},"west":{"uv":[8.75,5.5,9.875,6.125],"texture":"#4"},"up":{"uv":[5.75,10.625,5.5,9.5],"texture":"#4"},"down":{"uv":[6,9.5,5.75,10.625],"texture":"#4"}}},{"from":[4.1,18.2,10.1],"to":[4.7,18.6,10.6],"faces":{"north":{"uv":[11.75,2,11.875,2.125],"texture":"#4"},"east":{"uv":[2.25,11.75,2.375,11.875],"texture":"#4"},"south":{"uv":[11.75,2.25,11.875,2.375],"texture":"#4"},"west":{"uv":[11.75,2.5,11.875,2.625],"texture":"#4"},"up":{"uv":[11.875,2.875,11.75,2.75],"texture":"#4"},"down":{"uv":[11.875,3,11.75,3.125],"texture":"#4"}}},{"from":[4.1,18.2,9.4],"to":[4.7,18.6,9.9],"faces":{"north":{"uv":[11.75,3.25,11.875,3.375],"texture":"#4"},"east":{"uv":[3.5,11.75,3.625,11.875],"texture":"#4"},"south":{"uv":[11.75,3.5,11.875,3.625],"texture":"#4"},"west":{"uv":[3.75,11.75,3.875,11.875],"texture":"#4"},"up":{"uv":[11.875,3.875,11.75,3.75],"texture":"#4"},"down":{"uv":[4.125,11.75,4,11.875],"texture":"#4"}}},{"from":[3.7,18.2,9.4],"to":[4.1,19,9.9],"faces":{"north":{"uv":[6.75,11.5,6.875,11.6875],"texture":"#4"},"east":{"uv":[11.5,6.75,11.625,6.9375],"texture":"#4"},"south":{"uv":[7,11.5,7.125,11.6875],"texture":"#4"},"west":{"uv":[11.5,7,11.625,7.1875],"texture":"#4"},"up":{"uv":[11.875,4.125,11.75,4],"texture":"#4"},"down":{"uv":[4.375,11.75,4.25,11.875],"texture":"#4"}}},{"from":[11.9,18.2,10.1],"to":[12.3,19,10.6],"rotation":{"angle":0,"axis":"y","origin":[16,0,0]},"faces":{"north":{"uv":[11.5,7.25,11.625,7.4375],"texture":"#4"},"east":{"uv":[7.5,11.5,7.625,11.6875],"texture":"#4"},"south":{"uv":[11.5,7.5,11.625,7.6875],"texture":"#4"},"west":{"uv":[7.75,11.5,7.875,11.6875],"texture":"#4"},"up":{"uv":[11.875,4.375,11.75,4.25],"texture":"#4"},"down":{"uv":[4.625,11.75,4.5,11.875],"texture":"#4"}}},{"from":[11.3,18.2,10.1],"to":[11.9,18.6,10.6],"rotation":{"angle":0,"axis":"y","origin":[16,0,0]},"faces":{"north":{"uv":[11.75,4.5,11.875,4.625],"texture":"#4"},"east":{"uv":[4.75,11.75,4.875,11.875],"texture":"#4"},"south":{"uv":[11.75,4.75,11.875,4.875],"texture":"#4"},"west":{"uv":[5,11.75,5.125,11.875],"texture":"#4"},"up":{"uv":[11.875,5.125,11.75,5],"texture":"#4"},"down":{"uv":[5.375,11.75,5.25,11.875],"texture":"#4"}}},{"from":[11.9,18.2,9.4],"to":[12.3,19,9.9],"rotation":{"angle":0,"axis":"y","origin":[16,0,0]},"faces":{"north":{"uv":[11.5,7.75,11.625,7.9375],"texture":"#4"},"east":{"uv":[8,11.5,8.125,11.6875],"texture":"#4"},"south":{"uv":[11.5,8,11.625,8.1875],"texture":"#4"},"west":{"uv":[11.5,8.25,11.625,8.4375],"texture":"#4"},"up":{"uv":[11.875,5.375,11.75,5.25],"texture":"#4"},"down":{"uv":[5.625,11.75,5.5,11.875],"texture":"#4"}}},{"from":[11.3,18.2,9.4],"to":[11.9,18.6,9.9],"rotation":{"angle":0,"axis":"y","origin":[16,0,0]},"faces":{"north":{"uv":[11.75,5.5,11.875,5.625],"texture":"#4"},"east":{"uv":[5.75,11.75,5.875,11.875],"texture":"#4"},"south":{"uv":[11.75,5.75,11.875,5.875],"texture":"#4"},"west":{"uv":[6,11.75,6.125,11.875],"texture":"#4"},"up":{"uv":[11.875,6.125,11.75,6],"texture":"#4"},"down":{"uv":[6.375,11.75,6.25,11.875],"texture":"#4"}}},{"from":[14.2,20,10.1],"to":[15,20.6,10.9],"rotation":{"angle":22.5,"axis":"z","origin":[0,0,0.8]},"faces":{"north":{"uv":[11.5,8.5,11.6875,8.625],"texture":"#4"},"east":{"uv":[8.75,11.5,8.9375,11.625],"texture":"#4"},"south":{"uv":[11.5,8.75,11.6875,8.875],"texture":"#4"},"west":{"uv":[9,11.5,9.1875,11.625],"texture":"#4"},"up":{"uv":[0.9375,11.6875,0.75,11.5],"texture":"#4"},"down":{"uv":[11.6875,0.75,11.5,0.9375],"texture":"#4"}}},{"from":[1,20,10.1],"to":[1.8,20.6,10.9],"rotation":{"angle":-22.5,"axis":"z","origin":[16,0,0.8]},"faces":{"north":{"uv":[11.5,9,11.6875,9.125],"texture":"#4"},"east":{"uv":[9.75,11.5,9.9375,11.625],"texture":"#4"},"south":{"uv":[10,11.5,10.1875,11.625],"texture":"#4"},"west":{"uv":[10.25,11.5,10.4375,11.625],"texture":"#4"},"up":{"uv":[1.1875,11.6875,1,11.5],"texture":"#4"},"down":{"uv":[11.6875,1,11.5,1.1875],"texture":"#4"}}},{"from":[6,23.8,6.6],"to":[10,24.3,8.4],"rotation":{"angle":0,"axis":"y","origin":[16,0,0]},"faces":{"north":{"uv":[10.5,7.75,11.5,7.875],"texture":"#4"},"east":{"uv":[11,7,11.4375,7.125],"texture":"#4"},"south":{"uv":[10.5,8,11.5,8.125],"texture":"#4"},"west":{"uv":[11,7.25,11.4375,7.375],"texture":"#4"},"up":{"uv":[10.5,3.1875,9.5,2.75],"texture":"#4"},"down":{"uv":[4,9.5,3,9.9375],"texture":"#4"}}},{"from":[4.7,23.8,5.1],"to":[6,24.3,8],"rotation":{"angle":0,"axis":"y","origin":[15.5,-1.5,0]},"faces":{"north":{"uv":[7.75,11.25,8.0625,11.375],"texture":"#4"},"east":{"uv":[10.75,4,11.5,4.125],"texture":"#4"},"south":{"uv":[8.75,11.25,9.0625,11.375],"texture":"#4"},"west":{"uv":[10.75,5.75,11.5,5.875],"texture":"#4"},"up":{"uv":[9.0625,10.25,8.75,9.5],"texture":"#4"},"down":{"uv":[9.5625,9.5,9.25,10.25],"texture":"#4"}}},{"from":[4.8,11.3,6],"to":[5.9,11.8,8.5],"rotation":{"angle":0,"axis":"y","origin":[15.5,-1.5,0]},"faces":{"north":{"uv":[11.5,3.5,11.75,3.625],"texture":"#4"},"east":{"uv":[10.75,10.5,11.375,10.625],"texture":"#4"},"south":{"uv":[3.75,11.5,4,11.625],"texture":"#4"},"west":{"uv":[10.75,10.75,11.375,10.875],"texture":"#4"},"up":{"uv":[10.5,10.125,10.25,9.5],"texture":"#4"},"down":{"uv":[10.5,10.25,10.25,10.875],"texture":"#4"}}},{"from":[4.6,23.81222,3.66145],"to":[6.1,24.31222,5.06145],"rotation":{"angle":-22.5,"axis":"x","origin":[4.5,24.3,5.1]},"faces":{"north":{"uv":[0.5,11.25,0.875,11.375],"texture":"#4"},"east":{"uv":[1,11.25,1.375,11.375],"texture":"#4"},"south":{"uv":[1.5,11.25,1.875,11.375],"texture":"#4"},"west":{"uv":[2,11.25,2.375,11.375],"texture":"#4"},"up":{"uv":[10.875,4.625,10.5,4.25],"texture":"#4"},"down":{"uv":[10.875,6.25,10.5,6.625],"texture":"#4"}}},{"from":[4.7,16.56145,3.78778],"to":[6,23.76145,4.28778],"rotation":{"angle":0,"axis":"y","origin":[4.5,24.3,5.1]},"faces":{"north":{"uv":[0,9,0.3125,10.8125],"texture":"#4"},"east":{"uv":[9.75,9.5,9.875,11.3125],"texture":"#4"},"south":{"uv":[0.5,9,0.8125,10.8125],"texture":"#4"},"west":{"uv":[10,0.75,10.125,2.5625],"texture":"#4"},"up":{"uv":[11.5625,9.375,11.25,9.25],"texture":"#4"},"down":{"uv":[11.5625,9.5,11.25,9.625],"texture":"#4"}}},{"from":[4.7,10.86145,3.78778],"to":[6,16.56145,4.28778],"rotation":{"angle":-22.5,"axis":"x","origin":[5.3,16.6,3.8]},"faces":{"north":{"uv":[1,9.5,1.3125,10.9375],"texture":"#4"},"east":{"uv":[10,9.5,10.125,10.9375],"texture":"#4"},"south":{"uv":[1.5,9.5,1.8125,10.9375],"texture":"#4"},"west":{"uv":[10.25,0,10.375,1.4375],"texture":"#4"},"up":{"uv":[11.5625,9.875,11.25,9.75],"texture":"#4"},"down":{"uv":[10.3125,11.25,10,11.375],"texture":"#4"}}},{"from":[4.6,13.66145,3.68778],"to":[6.1,14.26145,4.38778],"rotation":{"angle":-22.5,"axis":"x","origin":[5.3,16.6,3.8]},"faces":{"north":{"uv":[2.5,11.25,2.875,11.375],"texture":"#4"},"east":{"uv":[10.5,11.5,10.6875,11.625],"texture":"#4"},"south":{"uv":[11.25,2.5,11.625,2.625],"texture":"#4"},"west":{"uv":[11.5,10.5,11.6875,10.625],"texture":"#4"},"up":{"uv":[11.375,1.1875,11,1],"texture":"#4"},"down":{"uv":[1.625,11,1.25,11.1875],"texture":"#4"}}},{"from":[4.6,12.46145,3.68778],"to":[6.1,13.06145,4.38778],"rotation":{"angle":-22.5,"axis":"x","origin":[5.3,16.6,3.8]},"faces":{"north":{"uv":[11.25,2.75,11.625,2.875],"texture":"#4"},"east":{"uv":[10.75,11.5,10.9375,11.625],"texture":"#4"},"south":{"uv":[11.25,3,11.625,3.125],"texture":"#4"},"west":{"uv":[11.5,10.75,11.6875,10.875],"texture":"#4"},"up":{"uv":[11.375,1.4375,11,1.25],"texture":"#4"},"down":{"uv":[11.375,1.5,11,1.6875],"texture":"#4"}}},{"from":[10,23.8,5.1],"to":[11.3,24.3,8],"rotation":{"angle":0,"axis":"y","origin":[0.5,-1.5,0]},"faces":{"north":{"uv":[11.25,10,11.5625,10.125],"texture":"#4"},"east":{"uv":[10.75,8.5,11.5,8.625],"texture":"#4"},"south":{"uv":[11.25,10.25,11.5625,10.375],"texture":"#4"},"west":{"uv":[10.75,8.75,11.5,8.875],"texture":"#4"},"up":{"uv":[10.0625,0.75,9.75,0],"texture":"#4"},"down":{"uv":[10.0625,6.25,9.75,7],"texture":"#4"}}},{"from":[9.9,23.81222,3.66145],"to":[11.4,24.31222,5.06145],"rotation":{"angle":-22.5,"axis":"x","origin":[11.5,24.3,5.1]},"faces":{"north":{"uv":[11.25,3.25,11.625,3.375],"texture":"#4"},"east":{"uv":[3.5,11.25,3.875,11.375],"texture":"#4"},"south":{"uv":[11.25,3.75,11.625,3.875],"texture":"#4"},"west":{"uv":[4,11.25,4.375,11.375],"texture":"#4"},"up":{"uv":[10.875,7.125,10.5,6.75],"texture":"#4"},"down":{"uv":[10.875,7.25,10.5,7.625],"texture":"#4"}}},{"from":[10,16.56145,3.78778],"to":[11.3,23.76145,4.28778],"rotation":{"angle":0,"axis":"y","origin":[11.5,24.3,5.1]},"faces":{"north":{"uv":[9.25,6.25,9.5625,8.0625],"texture":"#4"},"east":{"uv":[3,10,3.125,11.8125],"texture":"#4"},"south":{"uv":[6.5,9.25,6.8125,11.0625],"texture":"#4"},"west":{"uv":[3.25,10,3.375,11.8125],"texture":"#4"},"up":{"uv":[10.8125,11.375,10.5,11.25],"texture":"#4"},"down":{"uv":[11.3125,11.25,11,11.375],"texture":"#4"}}},{"from":[10,10.86145,3.78778],"to":[11.3,16.56145,4.28778],"rotation":{"angle":-22.5,"axis":"x","origin":[10.7,16.6,3.8]},"faces":{"north":{"uv":[2,9.5,2.3125,10.9375],"texture":"#4"},"east":{"uv":[10.25,6.25,10.375,7.6875],"texture":"#4"},"south":{"uv":[2.5,9.5,2.8125,10.9375],"texture":"#4"},"west":{"uv":[7.25,10.25,7.375,11.6875],"texture":"#4"},"up":{"uv":[11.5625,11.125,11.25,11],"texture":"#4"},"down":{"uv":[0.3125,11.5,0,11.625],"texture":"#4"}}},{"from":[10.1,11.3,6],"to":[11.2,11.8,8.5],"rotation":{"angle":0,"axis":"y","origin":[0.5,-1.5,0]},"faces":{"north":{"uv":[4,11.5,4.25,11.625],"texture":"#4"},"east":{"uv":[0,11,0.625,11.125],"texture":"#4"},"south":{"uv":[11.5,4,11.75,4.125],"texture":"#4"},"west":{"uv":[11,0,11.625,0.125],"texture":"#4"},"up":{"uv":[10.75,0.625,10.5,0],"texture":"#4"},"down":{"uv":[10.75,0.75,10.5,1.375],"texture":"#4"}}},{"from":[9.9,13.66145,3.68778],"to":[11.4,14.26145,4.38778],"rotation":{"angle":-22.5,"axis":"x","origin":[10.7,16.6,3.8]},"faces":{"north":{"uv":[11.25,4.25,11.625,4.375],"texture":"#4"},"east":{"uv":[11,11.5,11.1875,11.625],"texture":"#4"},"south":{"uv":[4.5,11.25,4.875,11.375],"texture":"#4"},"west":{"uv":[11.25,11.5,11.4375,11.625],"texture":"#4"},"up":{"uv":[2.125,11.1875,1.75,11],"texture":"#4"},"down":{"uv":[11.375,1.75,11,1.9375],"texture":"#4"}}},{"from":[9.9,12.46145,3.68778],"to":[11.4,13.06145,4.38778],"rotation":{"angle":-22.5,"axis":"x","origin":[10.7,16.6,3.8]},"faces":{"north":{"uv":[11.25,4.5,11.625,4.625],"texture":"#4"},"east":{"uv":[11.5,11.25,11.6875,11.375],"texture":"#4"},"south":{"uv":[11.25,4.75,11.625,4.875],"texture":"#4"},"west":{"uv":[11.5,11.5,11.6875,11.625],"texture":"#4"},"up":{"uv":[2.625,11.1875,2.25,11],"texture":"#4"},"down":{"uv":[11.375,3.5,11,3.6875],"texture":"#4"}}}],"gui_light":"front","display":{"thirdperson_righthand":{"rotation":[57,180,0],"translation":[0,-2.75,-6.25],"scale":[0.59766,0.59766,0.59766]},"thirdperson_lefthand":{"rotation":[68.03,0,0],"translation":[-6,-11,-5.25],"scale":[1.23516,1.23516,1.23516]},"firstperson_righthand":{"rotation":[-180,0,-180],"translation":[-0.25,-8.5,2.25],"scale":[0.72852,0.72852,0.72852]},"firstperson_lefthand":{"rotation":[-180,0,-180],"translation":[-0.25,-8.5,2.25],"scale":[0,0,0]},"ground":{"translation":[0,-2.25,0],"scale":[0.66797,0.66797,0.66797]},"gui":{"translation":[0,-10.5,0],"scale":[1.07813,1.07813,1.07813]},"head":{"translation":[0,-72.75,4.25],"scale":[2,2,2]},"fixed":{"rotation":[-90,180,0],"translation":[-0.25,5.5,8],"scale":[2.5,2.5,2.5]}}}