{"credit":"MadewithBlockbench","texture_size":[64,64],"textures":{"3":"elitecreatures:adventure_backpack_cosmetic/texture_7"},"elements":[{"from":[3.8,10.9,12],"to":[12.2,13.8,13.6],"faces":{"north":{"uv":[6.75,1.25,8.875,2],"texture":"#3"},"east":{"uv":[10.25,4,10.625,4.75],"texture":"#3"},"south":{"uv":[1.75,6.75,3.875,7.5],"texture":"#3"},"west":{"uv":[10.5,4.75,10.875,5.5],"texture":"#3"},"up":{"uv":[10.375,6.875,8.25,6.5],"texture":"#3"},"down":{"uv":[10.375,7,8.25,7.375],"texture":"#3"}}},{"from":[4.8,18,7.7],"to":[11.2,22.6,12.8],"faces":{"north":{"uv":[6.5,6.25,8.125,7.375],"texture":"#3"},"east":{"uv":[1.5,7.5,2.75,8.625],"texture":"#3"},"south":{"uv":[6.75,0,8.375,1.125],"texture":"#3"},"west":{"uv":[2.75,7.5,4,8.625],"texture":"#3"},"up":{"uv":[1.625,7.25,0,6],"texture":"#3"},"down":{"uv":[6.375,6.25,4.75,7.5],"texture":"#3"}}},{"from":[6.4,17.9,7.6],"to":[7.5,22.7,12.9],"faces":{"north":{"uv":[0.5,10.25,0.75,11.4375],"texture":"#3"},"east":{"uv":[7,2,8.3125,3.1875],"texture":"#3"},"south":{"uv":[3.75,10.25,4,11.4375],"texture":"#3"},"west":{"uv":[7,3.25,8.3125,4.4375],"texture":"#3"},"up":{"uv":[6.25,10.3125,6,9],"texture":"#3"},"down":{"uv":[1.5,9.75,1.25,11.0625],"texture":"#3"}}},{"from":[8.5,17.9,7.6],"to":[9.6,22.7,12.9],"faces":{"north":{"uv":[4,10.25,4.25,11.4375],"texture":"#3"},"east":{"uv":[7,4.5,8.3125,5.6875],"texture":"#3"},"south":{"uv":[4.25,10.25,4.5,11.4375],"texture":"#3"},"west":{"uv":[0,7.25,1.3125,8.4375],"texture":"#3"},"up":{"uv":[3.75,11.3125,3.5,10],"texture":"#3"},"down":{"uv":[6.5,10,6.25,11.3125],"texture":"#3"}}},{"from":[3.6,17.9,7.9],"to":[12.4,18.6,12.6],"faces":{"north":{"uv":[9.5,8,11.6875,8.1875],"texture":"#3"},"east":{"uv":[10,10.5,11.1875,10.6875],"texture":"#3"},"south":{"uv":[9.5,8.25,11.6875,8.4375],"texture":"#3"},"west":{"uv":[10.5,10,11.6875,10.1875],"texture":"#3"},"up":{"uv":[4.6875,4.1875,2.5,3],"texture":"#3"},"down":{"uv":[4.6875,4.25,2.5,5.4375],"texture":"#3"}}},{"from":[3.6,18.9,7.9],"to":[12.4,19.6,12.6],"faces":{"north":{"uv":[9.5,8.5,11.6875,8.6875],"texture":"#3"},"east":{"uv":[10.5,10.25,11.6875,10.4375],"texture":"#3"},"south":{"uv":[9.5,8.75,11.6875,8.9375],"texture":"#3"},"west":{"uv":[10.75,0,11.9375,0.1875],"texture":"#3"},"up":{"uv":[6.6875,1.1875,4.5,0],"texture":"#3"},"down":{"uv":[6.6875,1.25,4.5,2.4375],"texture":"#3"}}},{"from":[3.8,7.6,15.3],"to":[12.2,12.3,17.8],"rotation":{"angle":-22.5,"axis":"x","origin":[0,0,0]},"faces":{"north":{"uv":[4.75,2.5,6.875,3.6875],"texture":"#3"},"east":{"uv":[3,8.75,3.625,9.9375],"texture":"#3"},"south":{"uv":[4.75,3.75,6.875,4.9375],"texture":"#3"},"west":{"uv":[3.75,9,4.375,10.1875],"texture":"#3"},"up":{"uv":[6.125,8.125,4,7.5],"texture":"#3"},"down":{"uv":[8.375,7.5,6.25,8.125],"texture":"#3"}}},{"from":[3.8,13.8,5.9],"to":[12.2,15.2,8.2],"rotation":{"angle":22.5,"axis":"x","origin":[0,0,0]},"faces":{"north":{"uv":[8.5,0,10.625,0.375],"texture":"#3"},"east":{"uv":[5,10.75,5.5625,11.125],"texture":"#3"},"south":{"uv":[8.5,0.5,10.625,0.875],"texture":"#3"},"west":{"uv":[6.5,10.75,7.0625,11.125],"texture":"#3"},"up":{"uv":[6.125,8.8125,4,8.25],"texture":"#3"},"down":{"uv":[10.375,5.75,8.25,6.3125],"texture":"#3"}}},{"from":[3.7,9.7,8],"to":[12.3,21,12.5],"faces":{"north":{"uv":[0,0,2.125,2.8125],"texture":"#3"},"east":{"uv":[0,3,1.125,5.8125],"texture":"#3"},"south":{"uv":[2.25,0,4.375,2.8125],"texture":"#3"},"west":{"uv":[1.25,3,2.375,5.8125],"texture":"#3"},"up":{"uv":[6.875,6.125,4.75,5],"texture":"#3"},"down":{"uv":[4.625,5.5,2.5,6.625],"texture":"#3"}}},{"from":[6.9,15.5,12.5],"to":[9.1,17.6,13.1],"rotation":{"angle":0,"axis":"y","origin":[16,0,0]},"faces":{"north":{"uv":[10.5,5.5,11.0625,6],"texture":"#3"},"east":{"uv":[12.25,0.5,12.375,1],"texture":"#3"},"south":{"uv":[10.5,6,11.0625,6.5],"texture":"#3"},"west":{"uv":[0.75,12.25,0.875,12.75],"texture":"#3"},"up":{"uv":[8.0625,12.125,7.5,12],"texture":"#3"},"down":{"uv":[12.5625,7.5,12,7.625],"texture":"#3"}}},{"from":[6.7,15.3,12.5],"to":[9.3,17.8,12.9],"rotation":{"angle":0,"axis":"y","origin":[16,0,0]},"faces":{"north":{"uv":[1.75,6,2.375,6.625],"texture":"#3"},"east":{"uv":[12,3,12.125,3.625],"texture":"#3"},"south":{"uv":[4,6.75,4.625,7.375],"texture":"#3"},"west":{"uv":[12,3.75,12.125,4.375],"texture":"#3"},"up":{"uv":[5.625,12.125,5,12],"texture":"#3"},"down":{"uv":[6.875,12,6.25,12.125],"texture":"#3"}}},{"from":[7,16.2,13],"to":[9,16.8,14.1],"rotation":{"angle":0,"axis":"y","origin":[16,0,0]},"faces":{"north":{"uv":[1,12.25,1.5,12.375],"texture":"#3"},"east":{"uv":[12.75,3.25,13,3.375],"texture":"#3"},"south":{"uv":[12.25,1,12.75,1.125],"texture":"#3"},"west":{"uv":[3.5,12.75,3.75,12.875],"texture":"#3"},"up":{"uv":[9,1.25,8.5,1],"texture":"#3"},"down":{"uv":[10.25,4.5,9.75,4.75],"texture":"#3"}}},{"from":[4.9,7.6,17.6],"to":[5.7,10.9,18.2],"rotation":{"angle":-22.5,"axis":"x","origin":[0.2,0,0]},"faces":{"north":{"uv":[9,1,9.1875,1.8125],"texture":"#3"},"east":{"uv":[4,11.5,4.125,12.3125],"texture":"#3"},"south":{"uv":[5.75,10.75,5.9375,11.5625],"texture":"#3"},"west":{"uv":[4.25,11.5,4.375,12.3125],"texture":"#3"},"up":{"uv":[13.1875,1.625,13,1.5],"texture":"#3"},"down":{"uv":[13.1875,1.75,13,1.875],"texture":"#3"}}},{"from":[4.9,12.7,13.5],"to":[5.7,13.6,14],"rotation":{"angle":0,"axis":"y","origin":[0.2,0,0]},"faces":{"north":{"uv":[11.25,12.25,11.4375,12.5],"texture":"#3"},"east":{"uv":[12.75,3.5,12.875,3.75],"texture":"#3"},"south":{"uv":[11.5,12.25,11.6875,12.5],"texture":"#3"},"west":{"uv":[3.75,12.75,3.875,13],"texture":"#3"},"up":{"uv":[2.1875,13.125,2,13],"texture":"#3"},"down":{"uv":[13.1875,2,13,2.125],"texture":"#3"}}},{"from":[4.9,13.1,8.3],"to":[5.7,15.4,8.8],"rotation":{"angle":22.5,"axis":"x","origin":[0.2,0,0]},"faces":{"north":{"uv":[7,11.25,7.1875,11.8125],"texture":"#3"},"east":{"uv":[5.75,12,5.875,12.5625],"texture":"#3"},"south":{"uv":[0.5,11.5,0.6875,12.0625],"texture":"#3"},"west":{"uv":[12,9,12.125,9.5625],"texture":"#3"},"up":{"uv":[2.4375,13.125,2.25,13],"texture":"#3"},"down":{"uv":[13.1875,2.25,13,2.375],"texture":"#3"}}},{"from":[4.9,17.3,12],"to":[5.7,18.2,12.7],"faces":{"north":{"uv":[12.25,11.5,12.4375,11.75],"texture":"#3"},"east":{"uv":[11.75,12.25,11.9375,12.5],"texture":"#3"},"south":{"uv":[12.25,11.75,12.4375,12],"texture":"#3"},"west":{"uv":[12,12.25,12.1875,12.5],"texture":"#3"},"up":{"uv":[12.9375,1.4375,12.75,1.25],"texture":"#3"},"down":{"uv":[1.6875,12.75,1.5,12.9375],"texture":"#3"}}},{"from":[4.7,16.7,12],"to":[5.9,17.6,12.8],"faces":{"north":{"uv":[12,6.75,12.3125,7],"texture":"#3"},"east":{"uv":[12.25,12.25,12.4375,12.5],"texture":"#3"},"south":{"uv":[7,12,7.3125,12.25],"texture":"#3"},"west":{"uv":[0,12.5,0.1875,12.75],"texture":"#3"},"up":{"uv":[12.5625,4.4375,12.25,4.25],"texture":"#3"},"down":{"uv":[12.5625,4.5,12.25,4.6875],"texture":"#3"}}},{"from":[4.9,10.9,13.5],"to":[5.7,12.7,14],"rotation":{"angle":0,"axis":"y","origin":[0.2,0,0]},"faces":{"north":{"uv":[4.5,2.5,4.6875,2.9375],"texture":"#3"},"east":{"uv":[12.25,5.75,12.375,6.1875],"texture":"#3"},"south":{"uv":[6.75,2,6.9375,2.4375],"texture":"#3"},"west":{"uv":[7,12.25,7.125,12.6875],"texture":"#3"},"up":{"uv":[2.6875,13.125,2.5,13],"texture":"#3"},"down":{"uv":[13.1875,2.5,13,2.625],"texture":"#3"}}},{"from":[4.8,7.1,17.6],"to":[5.8,7.8,18.3],"rotation":{"angle":-22.5,"axis":"x","origin":[0.2,0,0]},"faces":{"north":{"uv":[12.5,0,12.75,0.1875],"texture":"#3"},"east":{"uv":[12.75,1.5,12.9375,1.6875],"texture":"#3"},"south":{"uv":[0.25,12.5,0.5,12.6875],"texture":"#3"},"west":{"uv":[1.75,12.75,1.9375,12.9375],"texture":"#3"},"up":{"uv":[0.75,12.6875,0.5,12.5],"texture":"#3"},"down":{"uv":[12.75,0.5,12.5,0.6875],"texture":"#3"}}},{"from":[4.8,12.8,13.5],"to":[5.8,13.3,14.1],"rotation":{"angle":0,"axis":"y","origin":[0.2,0,0]},"faces":{"north":{"uv":[12.75,3.75,13,3.875],"texture":"#3"},"east":{"uv":[5.25,13,5.375,13.125],"texture":"#3"},"south":{"uv":[4,12.75,4.25,12.875],"texture":"#3"},"west":{"uv":[13,5.25,13.125,5.375],"texture":"#3"},"up":{"uv":[13,4.125,12.75,4],"texture":"#3"},"down":{"uv":[4.5,12.75,4.25,12.875],"texture":"#3"}}},{"from":[4.8,10.9,13.5],"to":[5.8,11.7,14.1],"rotation":{"angle":0,"axis":"y","origin":[0.2,0,0]},"faces":{"north":{"uv":[12.5,0.75,12.75,0.9375],"texture":"#3"},"east":{"uv":[2.75,13,2.875,13.1875],"texture":"#3"},"south":{"uv":[1,12.5,1.25,12.6875],"texture":"#3"},"west":{"uv":[13,2.75,13.125,2.9375],"texture":"#3"},"up":{"uv":[13,4.375,12.75,4.25],"texture":"#3"},"down":{"uv":[13,4.5,12.75,4.625],"texture":"#3"}}},{"from":[10.3,12.7,13.5],"to":[11.1,13.6,14],"rotation":{"angle":0,"axis":"y","origin":[5.6,0,0]},"faces":{"north":{"uv":[1.25,12.5,1.4375,12.75],"texture":"#3"},"east":{"uv":[12.75,4.75,12.875,5],"texture":"#3"},"south":{"uv":[12.5,1.25,12.6875,1.5],"texture":"#3"},"west":{"uv":[12.75,5,12.875,5.25],"texture":"#3"},"up":{"uv":[3.1875,13.125,3,13],"texture":"#3"},"down":{"uv":[13.1875,3,13,3.125],"texture":"#3"}}},{"from":[10.3,13.1,8.3],"to":[11.1,15.4,8.8],"rotation":{"angle":22.5,"axis":"x","origin":[5.6,0,0]},"faces":{"north":{"uv":[3.5,11.5,3.6875,12.0625],"texture":"#3"},"east":{"uv":[9.25,12,9.375,12.5625],"texture":"#3"},"south":{"uv":[3.75,11.5,3.9375,12.0625],"texture":"#3"},"west":{"uv":[9.5,12,9.625,12.5625],"texture":"#3"},"up":{"uv":[3.4375,13.125,3.25,13],"texture":"#3"},"down":{"uv":[13.1875,3.25,13,3.375],"texture":"#3"}}},{"from":[10.3,17.3,12],"to":[11.1,18.2,12.7],"rotation":{"angle":0,"axis":"y","origin":[5.4,0,0]},"faces":{"north":{"uv":[12.5,1.5,12.6875,1.75],"texture":"#3"},"east":{"uv":[12.5,1.75,12.6875,2],"texture":"#3"},"south":{"uv":[12.5,2,12.6875,2.25],"texture":"#3"},"west":{"uv":[12.5,2.25,12.6875,2.5],"texture":"#3"},"up":{"uv":[12.9375,1.9375,12.75,1.75],"texture":"#3"},"down":{"uv":[2.1875,12.75,2,12.9375],"texture":"#3"}}},{"from":[10.1,16.7,12],"to":[11.3,17.6,12.8],"rotation":{"angle":0,"axis":"y","origin":[5.4,0,0]},"faces":{"north":{"uv":[12,7,12.3125,7.25],"texture":"#3"},"east":{"uv":[12.5,2.5,12.6875,2.75],"texture":"#3"},"south":{"uv":[12,7.25,12.3125,7.5],"texture":"#3"},"west":{"uv":[12.5,2.75,12.6875,3],"texture":"#3"},"up":{"uv":[5.3125,12.4375,5,12.25],"texture":"#3"},"down":{"uv":[12.5625,5.5,12.25,5.6875],"texture":"#3"}}},{"from":[10.3,10.9,13.5],"to":[11.1,12.7,14],"rotation":{"angle":0,"axis":"y","origin":[5.6,0,0]},"faces":{"north":{"uv":[6.75,11.5,6.9375,11.9375],"texture":"#3"},"east":{"uv":[7.25,12.25,7.375,12.6875],"texture":"#3"},"south":{"uv":[8.25,11.75,8.4375,12.1875],"texture":"#3"},"west":{"uv":[7.5,12.25,7.625,12.6875],"texture":"#3"},"up":{"uv":[3.6875,13.125,3.5,13],"texture":"#3"},"down":{"uv":[13.1875,3.5,13,3.625],"texture":"#3"}}},{"from":[10.2,7.1,17.6],"to":[11.2,7.8,18.3],"rotation":{"angle":-22.5,"axis":"x","origin":[5.6,0,0]},"faces":{"north":{"uv":[3.25,12.5,3.5,12.6875],"texture":"#3"},"east":{"uv":[12.75,2,12.9375,2.1875],"texture":"#3"},"south":{"uv":[12.5,3.25,12.75,3.4375],"texture":"#3"},"west":{"uv":[2.25,12.75,2.4375,12.9375],"texture":"#3"},"up":{"uv":[3.75,12.6875,3.5,12.5],"texture":"#3"},"down":{"uv":[12.75,3.5,12.5,3.6875],"texture":"#3"}}},{"from":[10.2,12.8,13.5],"to":[11.2,13.3,14.1],"rotation":{"angle":0,"axis":"y","origin":[5.6,0,0]},"faces":{"north":{"uv":[12.75,5.5,13,5.625],"texture":"#3"},"east":{"uv":[13,5.5,13.125,5.625],"texture":"#3"},"south":{"uv":[5.75,12.75,6,12.875],"texture":"#3"},"west":{"uv":[5.75,13,5.875,13.125],"texture":"#3"},"up":{"uv":[13,5.875,12.75,5.75],"texture":"#3"},"down":{"uv":[6.25,12.75,6,12.875],"texture":"#3"}}},{"from":[10.2,10.9,13.5],"to":[11.2,11.7,14.1],"rotation":{"angle":0,"axis":"y","origin":[5.6,0,0]},"faces":{"north":{"uv":[4,12.5,4.25,12.6875],"texture":"#3"},"east":{"uv":[3.75,13,3.875,13.1875],"texture":"#3"},"south":{"uv":[4.25,12.5,4.5,12.6875],"texture":"#3"},"west":{"uv":[13,3.75,13.125,3.9375],"texture":"#3"},"up":{"uv":[13,6.125,12.75,6],"texture":"#3"},"down":{"uv":[13,6.25,12.75,6.375],"texture":"#3"}}},{"from":[10.3,7.6,17.6],"to":[11.1,10.9,18.2],"rotation":{"angle":-22.5,"axis":"x","origin":[5.6,0,0]},"faces":{"north":{"uv":[8.25,10.75,8.4375,11.5625],"texture":"#3"},"east":{"uv":[4.5,11.5,4.625,12.3125],"texture":"#3"},"south":{"uv":[1.25,11.25,1.4375,12.0625],"texture":"#3"},"west":{"uv":[4.75,11.5,4.875,12.3125],"texture":"#3"},"up":{"uv":[4.1875,13.125,4,13],"texture":"#3"},"down":{"uv":[13.1875,4,13,4.125],"texture":"#3"}}},{"from":[1.7,9.6,8.8],"to":[3.7,13.9,11.9],"faces":{"north":{"uv":[9.25,1,9.75,2.0625],"texture":"#3"},"east":{"uv":[0.75,8.5,1.5,9.5625],"texture":"#3"},"south":{"uv":[9.25,2.25,9.75,3.3125],"texture":"#3"},"west":{"uv":[8.5,2,9.25,3.0625],"texture":"#3"},"up":{"uv":[10.25,3.75,9.75,3],"texture":"#3"},"down":{"uv":[10.25,3.75,9.75,4.5],"texture":"#3"}}},{"from":[1.6,10.5,8.7],"to":[3.7,11.3,12],"faces":{"north":{"uv":[11.5,9.5,12,9.6875],"texture":"#3"},"east":{"uv":[11.25,1.75,12.0625,1.9375],"texture":"#3"},"south":{"uv":[0,11.75,0.5,11.9375],"texture":"#3"},"west":{"uv":[11.25,2,12.0625,2.1875],"texture":"#3"},"up":{"uv":[10,9.8125,9.5,9],"texture":"#3"},"down":{"uv":[1.25,9.75,0.75,10.5625],"texture":"#3"}}},{"from":[1.9,16.4,9],"to":[3.7,17.1,11.8],"faces":{"north":{"uv":[11.75,8.75,12.1875,8.9375],"texture":"#3"},"east":{"uv":[11.25,2.75,11.9375,2.9375],"texture":"#3"},"south":{"uv":[9.25,11.75,9.6875,11.9375],"texture":"#3"},"west":{"uv":[11.25,3,11.9375,3.1875],"texture":"#3"},"up":{"uv":[6.9375,10.6875,6.5,10],"texture":"#3"},"down":{"uv":[7.4375,10,7,10.6875],"texture":"#3"}}},{"from":[2.1,9.7,9.2],"to":[3.7,16.8,11.5],"faces":{"north":{"uv":[4.5,9,4.875,10.75],"texture":"#3"},"east":{"uv":[6.25,8.25,6.8125,10],"texture":"#3"},"south":{"uv":[5,9,5.375,10.75],"texture":"#3"},"west":{"uv":[7,8.25,7.5625,10],"texture":"#3"},"up":{"uv":[7.625,11.3125,7.25,10.75],"texture":"#3"},"down":{"uv":[8.125,10.75,7.75,11.3125],"texture":"#3"}}},{"from":[1.9,14.3,9],"to":[3.7,14.9,11.8],"faces":{"north":{"uv":[7.75,12.25,8.1875,12.375],"texture":"#3"},"east":{"uv":[11.75,6.25,12.4375,6.375],"texture":"#3"},"south":{"uv":[12.25,8.75,12.6875,8.875],"texture":"#3"},"west":{"uv":[11.75,8,12.4375,8.125],"texture":"#3"},"up":{"uv":[7.9375,10.6875,7.5,10],"texture":"#3"},"down":{"uv":[8.4375,10,8,10.6875],"texture":"#3"}}},{"from":[3.5,14.3,8.7],"to":[3.8,14.9,12],"faces":{"north":{"uv":[13,10.75,13.0625,10.875],"texture":"#3"},"east":{"uv":[11.5,4.75,12.3125,4.875],"texture":"#3"},"south":{"uv":[13,11,13.0625,11.125],"texture":"#3"},"west":{"uv":[11.5,5,12.3125,5.125],"texture":"#3"},"up":{"uv":[10.5625,13.0625,10.5,12.25],"texture":"#3"},"down":{"uv":[12.3125,10.5,12.25,11.3125],"texture":"#3"}}},{"from":[3.6,10.5,8.5],"to":[3.8,11.3,12.3],"faces":{"north":{"uv":[8.75,13,8.8125,13.1875],"texture":"#3"},"east":{"uv":[11,7.25,11.9375,7.4375],"texture":"#3"},"south":{"uv":[13,8.75,13.0625,8.9375],"texture":"#3"},"west":{"uv":[11,9.75,11.9375,9.9375],"texture":"#3"},"up":{"uv":[5.5625,13.1875,5.5,12.25],"texture":"#3"},"down":{"uv":[6.3125,12.25,6.25,13.1875],"texture":"#3"}}},{"from":[1.9,15.5,9],"to":[3.7,16.3,11.8],"faces":{"north":{"uv":[9.75,11.75,10.1875,11.9375],"texture":"#3"},"east":{"uv":[11.25,3.25,11.9375,3.4375],"texture":"#3"},"south":{"uv":[11.75,10,12.1875,10.1875],"texture":"#3"},"west":{"uv":[11.25,3.5,11.9375,3.6875],"texture":"#3"},"up":{"uv":[10.4375,9.6875,10,9],"texture":"#3"},"down":{"uv":[9.9375,10,9.5,10.6875],"texture":"#3"}}},{"from":[1.9,16.3,9.5],"to":[2.3,16.4,11.2],"faces":{"north":{"uv":[11.25,13,11.375,13.0625],"texture":"#3"},"east":{"uv":[12.75,12.5,13.1875,12.5625],"texture":"#3"},"south":{"uv":[13,11.25,13.125,11.3125],"texture":"#3"},"west":{"uv":[12.75,12.75,13.1875,12.8125],"texture":"#3"},"up":{"uv":[8.375,12.6875,8.25,12.25],"texture":"#3"},"down":{"uv":[12.375,9,12.25,9.4375],"texture":"#3"}}},{"from":[2.4,17.1,10],"to":[3.2,17.2,10.8],"faces":{"north":{"uv":[9,13,9.1875,13.0625],"texture":"#3"},"east":{"uv":[13,9,13.1875,9.0625],"texture":"#3"},"south":{"uv":[9.25,13,9.4375,13.0625],"texture":"#3"},"west":{"uv":[13,9.25,13.1875,9.3125],"texture":"#3"},"up":{"uv":[12.9375,2.4375,12.75,2.25],"texture":"#3"},"down":{"uv":[2.6875,12.75,2.5,12.9375],"texture":"#3"}}},{"from":[2.6,17.2,10.2],"to":[3,18.6,10.6],"faces":{"north":{"uv":[4.5,12.5,4.625,12.875],"texture":"#3"},"east":{"uv":[4.75,12.5,4.875,12.875],"texture":"#3"},"south":{"uv":[12.5,4.75,12.625,5.125],"texture":"#3"},"west":{"uv":[5,12.5,5.125,12.875],"texture":"#3"},"up":{"uv":[13.125,5.875,13,5.75],"texture":"#3"},"down":{"uv":[6.125,13,6,13.125],"texture":"#3"}}},{"from":[-4.7,18.2,10.1],"to":[-4.3,19.1,10.7],"rotation":{"angle":-22.5,"axis":"z","origin":[0,0,0]},"faces":{"north":{"uv":[12.75,6.5,12.875,6.75],"texture":"#3"},"east":{"uv":[12.75,6.75,12.875,7],"texture":"#3"},"south":{"uv":[7,12.75,7.125,13],"texture":"#3"},"west":{"uv":[12.75,7,12.875,7.25],"texture":"#3"},"up":{"uv":[13.125,6.125,13,6],"texture":"#3"},"down":{"uv":[13.125,6.25,13,6.375],"texture":"#3"}}},{"from":[3,19.1,10.2],"to":[3.9,19.5,10.6],"faces":{"north":{"uv":[7.25,12.75,7.5,12.875],"texture":"#3"},"east":{"uv":[13,6.5,13.125,6.625],"texture":"#3"},"south":{"uv":[7.5,12.75,7.75,12.875],"texture":"#3"},"west":{"uv":[13,6.75,13.125,6.875],"texture":"#3"},"up":{"uv":[13,7.625,12.75,7.5],"texture":"#3"},"down":{"uv":[8,12.75,7.75,12.875],"texture":"#3"}}},{"from":[3.4,18.9,10],"to":[3.9,19.7,10.8],"faces":{"north":{"uv":[4.25,13,4.375,13.1875],"texture":"#3"},"east":{"uv":[12.75,2.5,12.9375,2.6875],"texture":"#3"},"south":{"uv":[13,4.25,13.125,4.4375],"texture":"#3"},"west":{"uv":[2.75,12.75,2.9375,12.9375],"texture":"#3"},"up":{"uv":[4.625,13.1875,4.5,13],"texture":"#3"},"down":{"uv":[13.125,4.5,13,4.6875],"texture":"#3"}}},{"from":[5.7,12.4,12],"to":[10.3,13.1,13.8],"faces":{"north":{"uv":[10.75,7.5,11.875,7.6875],"texture":"#3"},"east":{"uv":[10.25,11.75,10.6875,11.9375],"texture":"#3"},"south":{"uv":[10.75,7.75,11.875,7.9375],"texture":"#3"},"west":{"uv":[11.75,10.25,12.1875,10.4375],"texture":"#3"},"up":{"uv":[8.125,6.1875,7,5.75],"texture":"#3"},"down":{"uv":[10.375,4.75,9.25,5.1875],"texture":"#3"}}},{"from":[9.5,12.3,12],"to":[9.9,13.2,13.9],"rotation":{"angle":0,"axis":"y","origin":[16,0,0]},"faces":{"north":{"uv":[12.75,7.75,12.875,8],"texture":"#3"},"east":{"uv":[3,11.25,3.5,11.5],"texture":"#3"},"south":{"uv":[8,12.75,8.125,13],"texture":"#3"},"west":{"uv":[11.25,4.5,11.75,4.75],"texture":"#3"},"up":{"uv":[12.375,1.75,12.25,1.25],"texture":"#3"},"down":{"uv":[1.625,12.25,1.5,12.75],"texture":"#3"}}},{"from":[6.1,12.3,12],"to":[6.5,13.2,13.9],"faces":{"north":{"uv":[8.25,12.75,8.375,13],"texture":"#3"},"east":{"uv":[5.25,11.25,5.75,11.5],"texture":"#3"},"south":{"uv":[8.5,12.75,8.625,13],"texture":"#3"},"west":{"uv":[11.25,5.5,11.75,5.75],"texture":"#3"},"up":{"uv":[1.875,12.75,1.75,12.25],"texture":"#3"},"down":{"uv":[12.375,1.75,12.25,2.25],"texture":"#3"}}},{"from":[7.3,12.3,12],"to":[8.7,13.2,13.9],"rotation":{"angle":0,"axis":"y","origin":[16,0,0]},"faces":{"north":{"uv":[11.75,0.25,12.125,0.5],"texture":"#3"},"east":{"uv":[11.25,5.75,11.75,6],"texture":"#3"},"south":{"uv":[11.75,0.5,12.125,0.75],"texture":"#3"},"west":{"uv":[11.25,6,11.75,6.25],"texture":"#3"},"up":{"uv":[11.125,11.5,10.75,11],"texture":"#3"},"down":{"uv":[11.625,0.25,11.25,0.75],"texture":"#3"}}},{"from":[6.1,11,12],"to":[6.5,11.9,13.9],"faces":{"north":{"uv":[8.75,12.75,8.875,13],"texture":"#3"},"east":{"uv":[11.25,6.25,11.75,6.5],"texture":"#3"},"south":{"uv":[12.75,8.75,12.875,9],"texture":"#3"},"west":{"uv":[6.5,11.25,7,11.5],"texture":"#3"},"up":{"uv":[2.125,12.75,2,12.25],"texture":"#3"},"down":{"uv":[2.375,12.25,2.25,12.75],"texture":"#3"}}},{"from":[7.3,11,12],"to":[8.7,11.9,13.9],"rotation":{"angle":0,"axis":"y","origin":[16,0,0]},"faces":{"north":{"uv":[0.75,11.75,1.125,12],"texture":"#3"},"east":{"uv":[11.25,10.5,11.75,10.75],"texture":"#3"},"south":{"uv":[11.75,0.75,12.125,1],"texture":"#3"},"west":{"uv":[11.25,11,11.75,11.25],"texture":"#3"},"up":{"uv":[1.125,11.75,0.75,11.25],"texture":"#3"},"down":{"uv":[11.625,0.75,11.25,1.25],"texture":"#3"}}},{"from":[9.5,11,12],"to":[9.9,11.9,13.9],"rotation":{"angle":0,"axis":"y","origin":[16,0,0]},"faces":{"north":{"uv":[9,12.75,9.125,13],"texture":"#3"},"east":{"uv":[11.25,11.25,11.75,11.5],"texture":"#3"},"south":{"uv":[9.25,12.75,9.375,13],"texture":"#3"},"west":{"uv":[3,11.5,3.5,11.75],"texture":"#3"},"up":{"uv":[12.375,2.75,12.25,2.25],"texture":"#3"},"down":{"uv":[2.625,12.25,2.5,12.75],"texture":"#3"}}},{"from":[5.7,11.1,12],"to":[10.3,11.8,13.8],"faces":{"north":{"uv":[9.25,10.75,10.375,10.9375],"texture":"#3"},"east":{"uv":[11.75,10.5,12.1875,10.6875],"texture":"#3"},"south":{"uv":[10.5,10.75,11.625,10.9375],"texture":"#3"},"west":{"uv":[11.75,10.75,12.1875,10.9375],"texture":"#3"},"up":{"uv":[10.375,5.6875,9.25,5.25],"texture":"#3"},"down":{"uv":[10.625,7.5,9.5,7.9375],"texture":"#3"}}},{"from":[8.2,18.4,12.9],"to":[10,20.3,13.2],"faces":{"north":{"uv":[10.75,0.25,11.1875,0.75],"texture":"#3"},"east":{"uv":[9.5,12.75,9.5625,13.25],"texture":"#3"},"south":{"uv":[0.75,10.75,1.1875,11.25],"texture":"#3"},"west":{"uv":[12.75,9.5,12.8125,10],"texture":"#3"},"up":{"uv":[0.4375,13.0625,0,13],"texture":"#3"},"down":{"uv":[13.4375,0.25,13,0.3125],"texture":"#3"}}},{"from":[6,18.4,12.9],"to":[7.8,20.3,13.2],"faces":{"north":{"uv":[10.75,0.75,11.1875,1.25],"texture":"#3"},"east":{"uv":[9.75,12.75,9.8125,13.25],"texture":"#3"},"south":{"uv":[10.75,1.25,11.1875,1.75],"texture":"#3"},"west":{"uv":[10,12.75,10.0625,13.25],"texture":"#3"},"up":{"uv":[0.9375,13.0625,0.5,13],"texture":"#3"},"down":{"uv":[1.4375,13,1,13.0625],"texture":"#3"}}},{"from":[8.1,18.3,13],"to":[10.1,20.4,13.4],"rotation":{"angle":0,"axis":"y","origin":[16,0,0]},"faces":{"north":{"uv":[10.5,6.5,11,7],"texture":"#3"},"east":{"uv":[2.75,12.25,2.875,12.75],"texture":"#3"},"south":{"uv":[10.5,7,11,7.5],"texture":"#3"},"west":{"uv":[3,12.25,3.125,12.75],"texture":"#3"},"up":{"uv":[12.75,3.125,12.25,3],"texture":"#3"},"down":{"uv":[3.75,12.25,3.25,12.375],"texture":"#3"}}},{"from":[5.9,18.3,13],"to":[7.9,20.4,13.4],"rotation":{"angle":0,"axis":"y","origin":[16,0,0]},"faces":{"north":{"uv":[10.5,9,11,9.5],"texture":"#3"},"east":{"uv":[12.25,3.25,12.375,3.75],"texture":"#3"},"south":{"uv":[10.5,9.5,11,10],"texture":"#3"},"west":{"uv":[3.75,12.25,3.875,12.75],"texture":"#3"},"up":{"uv":[12.75,3.875,12.25,3.75],"texture":"#3"},"down":{"uv":[12.75,4,12.25,4.125],"texture":"#3"}}},{"from":[1.7,15.8,9.8],"to":[1.9,16.9,10.9],"faces":{"north":{"uv":[7,13,7.0625,13.25],"texture":"#3"},"east":{"uv":[1.5,7.25,1.75,7.5],"texture":"#3"},"south":{"uv":[13,7,13.0625,7.25],"texture":"#3"},"west":{"uv":[3.75,8.75,4,9],"texture":"#3"},"up":{"uv":[7.3125,13.25,7.25,13],"texture":"#3"},"down":{"uv":[13.0625,7.25,13,7.5],"texture":"#3"}}},{"from":[12.3,9.6,8.8],"to":[14.3,13.9,11.9],"rotation":{"angle":0,"axis":"y","origin":[16,0,0]},"faces":{"north":{"uv":[9.25,3.5,9.75,4.5625],"texture":"#3"},"east":{"uv":[8.5,3.25,9.25,4.3125],"texture":"#3"},"south":{"uv":[9,9.25,9.5,10.3125],"texture":"#3"},"west":{"uv":[8.5,4.5,9.25,5.5625],"texture":"#3"},"up":{"uv":[9,10.5,8.5,9.75],"texture":"#3"},"down":{"uv":[3.5,10,3,10.75],"texture":"#3"}}},{"from":[12.3,10.5,8.7],"to":[14.4,11.3,12],"rotation":{"angle":0,"axis":"y","origin":[16,0,0]},"faces":{"north":{"uv":[11.75,1,12.25,1.1875],"texture":"#3"},"east":{"uv":[11.25,2.25,12.0625,2.4375],"texture":"#3"},"south":{"uv":[1.5,11.75,2,11.9375],"texture":"#3"},"west":{"uv":[11.25,2.5,12.0625,2.6875],"texture":"#3"},"up":{"uv":[10.25,1.8125,9.75,1],"texture":"#3"},"down":{"uv":[10.25,2,9.75,2.8125],"texture":"#3"}}},{"from":[12.3,16.4,9],"to":[14.1,17.1,11.8],"rotation":{"angle":0,"axis":"y","origin":[16,0,0]},"faces":{"north":{"uv":[11.75,11,12.1875,11.1875],"texture":"#3"},"east":{"uv":[11.25,3.75,11.9375,3.9375],"texture":"#3"},"south":{"uv":[11.75,11.25,12.1875,11.4375],"texture":"#3"},"west":{"uv":[11.25,4,11.9375,4.1875],"texture":"#3"},"up":{"uv":[10.4375,10.4375,10,9.75],"texture":"#3"},"down":{"uv":[0.4375,10.25,0,10.9375],"texture":"#3"}}},{"from":[12.3,9.7,9.2],"to":[13.9,16.8,11.5],"rotation":{"angle":0,"axis":"y","origin":[16,0,0]},"faces":{"north":{"uv":[5.5,9,5.875,10.75],"texture":"#3"},"east":{"uv":[7.75,8.25,8.3125,10],"texture":"#3"},"south":{"uv":[9,7.5,9.375,9.25],"texture":"#3"},"west":{"uv":[0,8.5,0.5625,10.25],"texture":"#3"},"up":{"uv":[0.375,11.5625,0,11],"texture":"#3"},"down":{"uv":[1.875,11,1.5,11.5625],"texture":"#3"}}},{"from":[12.3,14.3,9],"to":[14.1,14.9,11.8],"rotation":{"angle":0,"axis":"y","origin":[16,0,0]},"faces":{"north":{"uv":[12.25,9.5,12.6875,9.625],"texture":"#3"},"east":{"uv":[11.75,8.25,12.4375,8.375],"texture":"#3"},"south":{"uv":[9.75,12.25,10.1875,12.375],"texture":"#3"},"west":{"uv":[11.75,8.5,12.4375,8.625],"texture":"#3"},"up":{"uv":[10.6875,1.6875,10.25,1],"texture":"#3"},"down":{"uv":[10.6875,1.75,10.25,2.4375],"texture":"#3"}}},{"from":[12.2,14.3,8.7],"to":[12.5,14.9,12],"rotation":{"angle":0,"axis":"y","origin":[16,0,0]},"faces":{"north":{"uv":[11.5,13,11.5625,13.125],"texture":"#3"},"east":{"uv":[11.5,5.25,12.3125,5.375],"texture":"#3"},"south":{"uv":[13,11.5,13.0625,11.625],"texture":"#3"},"west":{"uv":[11.5,6.5,12.3125,6.625],"texture":"#3"},"up":{"uv":[10.8125,13.0625,10.75,12.25],"texture":"#3"},"down":{"uv":[11.0625,12.25,11,13.0625],"texture":"#3"}}},{"from":[12.2,10.5,8.5],"to":[12.4,11.3,12.3],"rotation":{"angle":0,"axis":"y","origin":[16,0,0]},"faces":{"north":{"uv":[13,9.5,13.0625,9.6875],"texture":"#3"},"east":{"uv":[11.25,1.25,12.1875,1.4375],"texture":"#3"},"south":{"uv":[13,9.75,13.0625,9.9375],"texture":"#3"},"west":{"uv":[11.25,1.5,12.1875,1.6875],"texture":"#3"},"up":{"uv":[6.5625,13.1875,6.5,12.25],"texture":"#3"},"down":{"uv":[6.8125,12.25,6.75,13.1875],"texture":"#3"}}},{"from":[12.3,15.5,9],"to":[14.1,16.3,11.8],"rotation":{"angle":0,"axis":"y","origin":[16,0,0]},"faces":{"north":{"uv":[11.75,11.5,12.1875,11.6875],"texture":"#3"},"east":{"uv":[11.25,4.25,11.9375,4.4375],"texture":"#3"},"south":{"uv":[11.75,11.75,12.1875,11.9375],"texture":"#3"},"west":{"uv":[4.5,11.25,5.1875,11.4375],"texture":"#3"},"up":{"uv":[10.6875,3.1875,10.25,2.5],"texture":"#3"},"down":{"uv":[10.6875,3.25,10.25,3.9375],"texture":"#3"}}},{"from":[13.7,16.3,9.5],"to":[14.1,16.4,11.2],"rotation":{"angle":0,"axis":"y","origin":[16,0,0]},"faces":{"north":{"uv":[11.75,13,11.875,13.0625],"texture":"#3"},"east":{"uv":[13,1.25,13.4375,1.3125],"texture":"#3"},"south":{"uv":[13,11.75,13.125,11.8125],"texture":"#3"},"west":{"uv":[1.5,13,1.9375,13.0625],"texture":"#3"},"up":{"uv":[12.375,10.4375,12.25,10],"texture":"#3"},"down":{"uv":[10.375,12.25,10.25,12.6875],"texture":"#3"}}},{"from":[12.8,17.1,10],"to":[13.6,17.2,10.8],"rotation":{"angle":0,"axis":"y","origin":[16,0,0]},"faces":{"north":{"uv":[13,10,13.1875,10.0625],"texture":"#3"},"east":{"uv":[10.25,13,10.4375,13.0625],"texture":"#3"},"south":{"uv":[13,10.25,13.1875,10.3125],"texture":"#3"},"west":{"uv":[13,10.5,13.1875,10.5625],"texture":"#3"},"up":{"uv":[12.9375,2.9375,12.75,2.75],"texture":"#3"},"down":{"uv":[3.1875,12.75,3,12.9375],"texture":"#3"}}},{"from":[13,17.2,10.2],"to":[13.4,18.6,10.6],"rotation":{"angle":0,"axis":"y","origin":[16,0,0]},"faces":{"north":{"uv":[5.25,12.5,5.375,12.875],"texture":"#3"},"east":{"uv":[12.5,5.75,12.625,6.125],"texture":"#3"},"south":{"uv":[12.5,6.25,12.625,6.625],"texture":"#3"},"west":{"uv":[12.5,6.75,12.625,7.125],"texture":"#3"},"up":{"uv":[7.625,13.125,7.5,13],"texture":"#3"},"down":{"uv":[13.125,7.5,13,7.625],"texture":"#3"}}},{"from":[20.3,18.2,10.1],"to":[20.7,19.1,10.7],"rotation":{"angle":22.5,"axis":"z","origin":[16,0,0]},"faces":{"north":{"uv":[10.25,12.75,10.375,13],"texture":"#3"},"east":{"uv":[11.25,12.75,11.375,13],"texture":"#3"},"south":{"uv":[11.5,12.75,11.625,13],"texture":"#3"},"west":{"uv":[11.75,12.75,11.875,13],"texture":"#3"},"up":{"uv":[7.875,13.125,7.75,13],"texture":"#3"},"down":{"uv":[13.125,7.75,13,7.875],"texture":"#3"}}},{"from":[12.1,19.1,10.2],"to":[13,19.5,10.6],"rotation":{"angle":0,"axis":"y","origin":[16,0,0]},"faces":{"north":{"uv":[12,12.75,12.25,12.875],"texture":"#3"},"east":{"uv":[8,13,8.125,13.125],"texture":"#3"},"south":{"uv":[12.75,12,13,12.125],"texture":"#3"},"west":{"uv":[13,8,13.125,8.125],"texture":"#3"},"up":{"uv":[12.5,12.875,12.25,12.75],"texture":"#3"},"down":{"uv":[12.75,12.75,12.5,12.875],"texture":"#3"}}},{"from":[12.1,18.9,10],"to":[12.6,19.7,10.8],"rotation":{"angle":0,"axis":"y","origin":[16,0,0]},"faces":{"north":{"uv":[4.75,13,4.875,13.1875],"texture":"#3"},"east":{"uv":[12.75,3,12.9375,3.1875],"texture":"#3"},"south":{"uv":[13,4.75,13.125,4.9375],"texture":"#3"},"west":{"uv":[3.25,12.75,3.4375,12.9375],"texture":"#3"},"up":{"uv":[5.125,13.1875,5,13],"texture":"#3"},"down":{"uv":[13.125,5,13,5.1875],"texture":"#3"}}},{"from":[14.1,15.8,9.8],"to":[14.3,16.9,10.9],"rotation":{"angle":0,"axis":"y","origin":[16,0,0]},"faces":{"north":{"uv":[8.25,13,8.3125,13.25],"texture":"#3"},"east":{"uv":[9.25,10.5,9.5,10.75],"texture":"#3"},"south":{"uv":[13,8.25,13.0625,8.5],"texture":"#3"},"west":{"uv":[5.5,11.5,5.75,11.75],"texture":"#3"},"up":{"uv":[8.5625,13.25,8.5,13],"texture":"#3"},"down":{"uv":[13.0625,8.5,13,8.75],"texture":"#3"}}},{"from":[3.7,20.1,6],"to":[5.5,20.9,8],"rotation":{"angle":0,"axis":"y","origin":[15.5,-1.5,0]},"faces":{"north":{"uv":[0,12,0.4375,12.1875],"texture":"#3"},"east":{"uv":[2,11.75,2.5,11.9375],"texture":"#3"},"south":{"uv":[12,0,12.4375,0.1875],"texture":"#3"},"west":{"uv":[2.5,11.75,3,11.9375],"texture":"#3"},"up":{"uv":[11.1875,2.25,10.75,1.75],"texture":"#3"},"down":{"uv":[11.1875,2.25,10.75,2.75],"texture":"#3"}}},{"from":[3.7,10.7,6],"to":[5.5,11.5,8],"rotation":{"angle":0,"axis":"y","origin":[15.5,-1.5,0]},"faces":{"north":{"uv":[0.75,12,1.1875,12.1875],"texture":"#3"},"east":{"uv":[3,11.75,3.5,11.9375],"texture":"#3"},"south":{"uv":[1.5,12,1.9375,12.1875],"texture":"#3"},"west":{"uv":[11.75,4.5,12.25,4.6875],"texture":"#3"},"up":{"uv":[11.1875,3.25,10.75,2.75],"texture":"#3"},"down":{"uv":[3.4375,10.75,3,11.25],"texture":"#3"}}},{"from":[3.9,20.2,4.2],"to":[5.3,20.8,6.4],"rotation":{"angle":0,"axis":"y","origin":[15.5,-1.5,0.4]},"faces":{"north":{"uv":[12.5,5.25,12.875,5.375],"texture":"#3"},"east":{"uv":[12,7.75,12.5625,7.875],"texture":"#3"},"south":{"uv":[12.5,7.25,12.875,7.375],"texture":"#3"},"west":{"uv":[9.75,12,10.3125,12.125],"texture":"#3"},"up":{"uv":[2.375,11.5625,2,11],"texture":"#3"},"down":{"uv":[2.875,11,2.5,11.5625],"texture":"#3"}}},{"from":[3.9,11.7,3.3],"to":[5.3,19.9,3.9],"rotation":{"angle":0,"axis":"y","origin":[15.5,-1.5,0.4]},"faces":{"north":{"uv":[8.5,7.5,8.875,9.5625],"texture":"#3"},"east":{"uv":[6,10.5,6.125,12.5625],"texture":"#3"},"south":{"uv":[1.5,8.75,1.875,10.8125],"texture":"#3"},"west":{"uv":[8.5,10.5,8.625,12.5625],"texture":"#3"},"up":{"uv":[8.125,12.625,7.75,12.5],"texture":"#3"},"down":{"uv":[12.875,8,12.5,8.125],"texture":"#3"}}},{"from":[4,20.2,2.9],"to":[5.2,20.8,4.2],"rotation":{"angle":-45,"axis":"x","origin":[5,20.8,4.2]},"faces":{"north":{"uv":[12.5,10.75,12.8125,10.875],"texture":"#3"},"east":{"uv":[12.5,11,12.8125,11.125],"texture":"#3"},"south":{"uv":[11.25,12.5,11.5625,12.625],"texture":"#3"},"west":{"uv":[12.5,11.25,12.8125,11.375],"texture":"#3"},"up":{"uv":[5.3125,11.8125,5,11.5],"texture":"#3"},"down":{"uv":[6.5625,11.5,6.25,11.8125],"texture":"#3"}}},{"from":[3.9,10.8,4.3],"to":[5.3,11.4,6.5],"rotation":{"angle":0,"axis":"y","origin":[15.5,33.1,0.5]},"faces":{"north":{"uv":[12.5,8.25,12.875,8.375],"texture":"#3"},"east":{"uv":[12,9.75,12.5625,9.875],"texture":"#3"},"south":{"uv":[12.5,8.5,12.875,8.625],"texture":"#3"},"west":{"uv":[10.5,12,11.0625,12.125],"texture":"#3"},"up":{"uv":[11.375,5.3125,11,4.75],"texture":"#3"},"down":{"uv":[11.375,6.5,11,7.0625],"texture":"#3"}}},{"from":[4,10.8,3],"to":[5.2,11.4,4.3],"rotation":{"angle":45,"axis":"x","origin":[5,10.8,4.3]},"faces":{"north":{"uv":[12.5,11.5,12.8125,11.625],"texture":"#3"},"east":{"uv":[11.75,12.5,12.0625,12.625],"texture":"#3"},"south":{"uv":[12.5,11.75,12.8125,11.875],"texture":"#3"},"west":{"uv":[12.25,12.5,12.5625,12.625],"texture":"#3"},"up":{"uv":[11.8125,7.0625,11.5,6.75],"texture":"#3"},"down":{"uv":[7.5625,11.5,7.25,11.8125],"texture":"#3"}}},{"from":[10.5,20.1,6],"to":[12.3,20.9,8],"rotation":{"angle":0,"axis":"y","origin":[22.3,-1.5,0]},"faces":{"north":{"uv":[2,12,2.4375,12.1875],"texture":"#3"},"east":{"uv":[5.5,11.75,6,11.9375],"texture":"#3"},"south":{"uv":[2.5,12,2.9375,12.1875],"texture":"#3"},"west":{"uv":[11.75,5.5,12.25,5.6875],"texture":"#3"},"up":{"uv":[11.1875,3.75,10.75,3.25],"texture":"#3"},"down":{"uv":[11.1875,3.75,10.75,4.25],"texture":"#3"}}},{"from":[10.7,20.2,4.2],"to":[12.1,20.8,6.4],"rotation":{"angle":0,"axis":"y","origin":[22.3,-1.5,0.4]},"faces":{"north":{"uv":[12.5,9,12.875,9.125],"texture":"#3"},"east":{"uv":[11.25,12,11.8125,12.125],"texture":"#3"},"south":{"uv":[12.5,9.25,12.875,9.375],"texture":"#3"},"west":{"uv":[12,12,12.5625,12.125],"texture":"#3"},"up":{"uv":[11.375,9.5625,11,9],"texture":"#3"},"down":{"uv":[9.625,11,9.25,11.5625],"texture":"#3"}}},{"from":[10.8,20.2,2.9],"to":[12,20.8,4.2],"rotation":{"angle":-45,"axis":"x","origin":[11.8,20.8,4.2]},"faces":{"north":{"uv":[12.5,12.25,12.8125,12.375],"texture":"#3"},"east":{"uv":[0,12.75,0.3125,12.875],"texture":"#3"},"south":{"uv":[12.75,0,13.0625,0.125],"texture":"#3"},"west":{"uv":[0.5,12.75,0.8125,12.875],"texture":"#3"},"up":{"uv":[8.0625,11.8125,7.75,11.5],"texture":"#3"},"down":{"uv":[11.8125,9,11.5,9.3125],"texture":"#3"}}},{"from":[10.7,11.7,3.3],"to":[12.1,19.9,3.9],"rotation":{"angle":0,"axis":"y","origin":[22.3,-1.5,0.4]},"faces":{"north":{"uv":[2,8.75,2.375,10.8125],"texture":"#3"},"east":{"uv":[8.75,10.5,8.875,12.5625],"texture":"#3"},"south":{"uv":[2.5,8.75,2.875,10.8125],"texture":"#3"},"west":{"uv":[9,10.5,9.125,12.5625],"texture":"#3"},"up":{"uv":[10.125,12.625,9.75,12.5],"texture":"#3"},"down":{"uv":[12.875,10,12.5,10.125],"texture":"#3"}}},{"from":[10.8,10.8,3],"to":[12,11.4,4.3],"rotation":{"angle":45,"axis":"x","origin":[11.8,10.8,4.3]},"faces":{"north":{"uv":[12.75,0.5,13.0625,0.625],"texture":"#3"},"east":{"uv":[12.75,0.75,13.0625,0.875],"texture":"#3"},"south":{"uv":[1,12.75,1.3125,12.875],"texture":"#3"},"west":{"uv":[12.75,1,13.0625,1.125],"texture":"#3"},"up":{"uv":[11.0625,11.8125,10.75,11.5],"texture":"#3"},"down":{"uv":[11.5625,11.5,11.25,11.8125],"texture":"#3"}}},{"from":[10.7,10.8,4.3],"to":[12.1,11.4,6.5],"rotation":{"angle":0,"axis":"y","origin":[22.3,33.1,0.5]},"faces":{"north":{"uv":[12.5,10.25,12.875,10.375],"texture":"#3"},"east":{"uv":[0,12.25,0.5625,12.375],"texture":"#3"},"south":{"uv":[12.5,10.5,12.875,10.625],"texture":"#3"},"west":{"uv":[12.25,0.25,12.8125,0.375],"texture":"#3"},"up":{"uv":[10.125,11.5625,9.75,11],"texture":"#3"},"down":{"uv":[10.625,11,10.25,11.5625],"texture":"#3"}}},{"from":[10.5,10.7,6],"to":[12.3,11.5,8],"rotation":{"angle":0,"axis":"y","origin":[22.3,-1.5,0]},"faces":{"north":{"uv":[12,2.75,12.4375,2.9375],"texture":"#3"},"east":{"uv":[11.75,5.75,12.25,5.9375],"texture":"#3"},"south":{"uv":[3,12,3.4375,12.1875],"texture":"#3"},"west":{"uv":[11.75,6,12.25,6.1875],"texture":"#3"},"up":{"uv":[11.1875,4.75,10.75,4.25],"texture":"#3"},"down":{"uv":[4.9375,10.75,4.5,11.25],"texture":"#3"}}}],"gui_light":"front","display":{"thirdperson_righthand":{"rotation":[57,180,0],"translation":[0,-2.75,-6.25],"scale":[0.59766,0.59766,0.59766]},"thirdperson_lefthand":{"rotation":[68.03,0,0],"translation":[-6,-9.5,-1],"scale":[1.23516,1.23516,1.23516]},"firstperson_righthand":{"rotation":[-180,0,-180],"translation":[-0.25,-5,2.25],"scale":[0.72852,0.72852,0.72852]},"firstperson_lefthand":{"rotation":[-180,0,-180],"translation":[-0.25,-5,2.25],"scale":[0,0,0]},"ground":{"translation":[0,2.25,0],"scale":[0.66797,0.66797,0.66797]},"gui":{"translation":[0,-8.25,0],"scale":[1.06055,1.06055,1.06055]},"head":{"translation":[0,-66,4.25],"scale":[2,2,2]},"fixed":{"rotation":[-90,180,0],"translation":[-0.25,2,4],"scale":[2.5,2.5,2.5]}}}