{"credit":"MadewithBlockbench","texture_size":[64,64],"textures":{"7":"elitecreatures:adventure_backpack_cosmetic/texture_1"},"elements":[{"from":[4.9,0,3],"to":[13.1,5,6],"rotation":{"angle":0,"axis":"y","origin":[9,5,4]},"faces":{"north":{"uv":[2,3,4.0625,4.25],"texture":"#7"},"east":{"uv":[6,5.25,6.75,6.5],"texture":"#7"},"south":{"uv":[4,0,6.0625,1.25],"texture":"#7"},"west":{"uv":[0,6.25,0.75,7.5],"texture":"#7"},"up":{"uv":[6.3125,4.5,4.25,3.75],"texture":"#7"},"down":{"uv":[6.0625,4.5,4,5.25],"texture":"#7"}}},{"from":[4.9,5,2.9],"to":[13.1,10,3.5],"rotation":{"angle":0,"axis":"y","origin":[9,5,4]},"faces":{"north":{"uv":[4,1.25,6.0625,2.5],"texture":"#7"},"east":{"uv":[1.5,8.75,1.625,10],"texture":"#7"},"south":{"uv":[0,4.25,2.0625,5.5],"texture":"#7"},"west":{"uv":[8.75,3,8.875,4.25],"texture":"#7"},"up":{"uv":[9.5625,5.125,7.5,5],"texture":"#7"},"down":{"uv":[9.8125,1,7.75,1.125],"texture":"#7"}}},{"from":[4.9,5,3.5],"to":[5.4,10,6.6],"rotation":{"angle":0,"axis":"y","origin":[9,5,4]},"faces":{"north":{"uv":[3.25,8.75,3.375,10],"texture":"#7"},"east":{"uv":[6.25,0,7,1.25],"texture":"#7"},"south":{"uv":[3.5,8.75,3.625,10],"texture":"#7"},"west":{"uv":[0.75,6.25,1.5,7.5],"texture":"#7"},"up":{"uv":[9.375,2.25,9.25,1.5],"texture":"#7"},"down":{"uv":[1.875,9.25,1.75,10],"texture":"#7"}}},{"from":[14.93467,5.6364,3.6],"to":[15.43467,7.6364,6.62],"rotation":{"angle":45,"axis":"z","origin":[9,5,4]},"faces":{"north":{"uv":[8.75,9.25,8.875,9.75],"texture":"#7"},"east":{"uv":[7,1,7.75,1.5],"texture":"#7"},"south":{"uv":[9.25,9.25,9.375,9.75],"texture":"#7"},"west":{"uv":[7,1.5,7.75,2],"texture":"#7"},"up":{"uv":[2.125,10,2,9.25],"texture":"#7"},"down":{"uv":[2.375,9.25,2.25,10],"texture":"#7"}}},{"from":[6.31421,10.91421,3.5],"to":[11.68421,11.41421,6.6],"rotation":{"angle":0,"axis":"y","origin":[9,5,4]},"faces":{"north":{"uv":[7.75,2.25,9.0625,2.375],"texture":"#7"},"east":{"uv":[9.25,2.25,10,2.375],"texture":"#7"},"south":{"uv":[8.25,0.75,9.5625,0.875],"texture":"#7"},"west":{"uv":[9.25,2.5,10,2.625],"texture":"#7"},"up":{"uv":[7.3125,3.25,6,2.5],"texture":"#7"},"down":{"uv":[5.3125,6,4,6.75],"texture":"#7"}}},{"from":[2.56533,5.6364,3],"to":[3.56533,7.6364,3.6],"rotation":{"angle":-45,"axis":"z","origin":[9,5,4]},"faces":{"north":{"uv":[4,2.5,4.25,3],"texture":"#7"},"east":{"uv":[0,9.5,0.125,10],"texture":"#7"},"south":{"uv":[6.25,4.5,6.5,5],"texture":"#7"},"west":{"uv":[9.5,0,9.625,0.5],"texture":"#7"},"up":{"uv":[10,2.125,9.75,2],"texture":"#7"},"down":{"uv":[10,5,9.75,5.125],"texture":"#7"}}},{"from":[6.31421,10,2.9],"to":[11.68421,11.4,3.5],"rotation":{"angle":0,"axis":"y","origin":[9,5,4]},"faces":{"north":{"uv":[6.75,5.25,8.0625,5.625],"texture":"#7"},"east":{"uv":[1.25,9.5,1.375,9.875],"texture":"#7"},"south":{"uv":[6.75,5.75,8.0625,6.125],"texture":"#7"},"west":{"uv":[9.5,1.75,9.625,2.125],"texture":"#7"},"up":{"uv":[9.5625,6.125,8.25,6],"texture":"#7"},"down":{"uv":[8.8125,8.5,7.5,8.625],"texture":"#7"}}},{"from":[12.6,5,3.5],"to":[13.1,10,6.6],"rotation":{"angle":0,"axis":"y","origin":[9,5,4]},"faces":{"north":{"uv":[3.75,8.75,3.875,10],"texture":"#7"},"east":{"uv":[6.25,1.25,7,2.5],"texture":"#7"},"south":{"uv":[4,8.75,4.125,10],"texture":"#7"},"west":{"uv":[1.5,6.5,2.25,7.75],"texture":"#7"},"up":{"uv":[2.625,10,2.5,9.25],"texture":"#7"},"down":{"uv":[4.375,9.25,4.25,10],"texture":"#7"}}},{"from":[14.43467,5.6364,3],"to":[15.43467,7.6364,3.6],"rotation":{"angle":45,"axis":"z","origin":[9,5,4]},"faces":{"north":{"uv":[7.25,9,7.5,9.5],"texture":"#7"},"east":{"uv":[0.25,9.5,0.375,10],"texture":"#7"},"south":{"uv":[9,8.5,9.25,9],"texture":"#7"},"west":{"uv":[0.5,9.5,0.625,10],"texture":"#7"},"up":{"uv":[6,9.875,5.75,9.75],"texture":"#7"},"down":{"uv":[6.25,9.75,6,9.875],"texture":"#7"}}},{"from":[2.56533,5.6364,3.6],"to":[3.06533,7.6364,6.62],"rotation":{"angle":-45,"axis":"z","origin":[9,5,4]},"faces":{"north":{"uv":[0.75,9.5,0.875,10],"texture":"#7"},"east":{"uv":[7,2,7.75,2.5],"texture":"#7"},"south":{"uv":[1,9.5,1.125,10],"texture":"#7"},"west":{"uv":[5.5,7,6.25,7.5],"texture":"#7"},"up":{"uv":[4.625,10,4.5,9.25],"texture":"#7"},"down":{"uv":[4.875,9.25,4.75,10],"texture":"#7"}}},{"from":[5.7,5,4],"to":[12.3,9.2,4.8],"rotation":{"angle":0,"axis":"y","origin":[9,5,4]},"faces":{"north":{"uv":[2.25,4.25,3.875,5.3125],"texture":"#7"},"east":{"uv":[2.75,8.5,2.9375,9.5625],"texture":"#7"},"south":{"uv":[4.25,2.5,5.875,3.5625],"texture":"#7"},"west":{"uv":[3,8.5,3.1875,9.5625],"texture":"#7"},"up":{"uv":[9.125,2.6875,7.5,2.5],"texture":"#7"},"down":{"uv":[9.125,2.75,7.5,2.9375],"texture":"#7"}}},{"from":[6.7,7,8.10051],"to":[11.3,8.5,9.20051],"rotation":{"angle":-45,"axis":"x","origin":[9,5,4]},"faces":{"north":{"uv":[7,0,8.125,0.375],"texture":"#7"},"east":{"uv":[9.25,4.25,9.5,4.625],"texture":"#7"},"south":{"uv":[7,0.5,8.125,0.875],"texture":"#7"},"west":{"uv":[5,9.25,5.25,9.625],"texture":"#7"},"up":{"uv":[8.625,3.25,7.5,3],"texture":"#7"},"down":{"uv":[8.625,3.25,7.5,3.5],"texture":"#7"}}},{"from":[5.4,1.2,4.3],"to":[12.6,6.9,6.7],"rotation":{"angle":0,"axis":"y","origin":[9,5,4]},"faces":{"north":{"uv":[2,0,3.8125,1.4375],"texture":"#7"},"east":{"uv":[2.25,6.5,2.875,7.9375],"texture":"#7"},"south":{"uv":[2,1.5,3.8125,2.9375],"texture":"#7"},"west":{"uv":[3,6.5,3.625,7.9375],"texture":"#7"},"up":{"uv":[5.8125,5.875,4,5.25],"texture":"#7"},"down":{"uv":[1.8125,5.5,0,6.125],"texture":"#7"}}},{"from":[7,5.2,5.1],"to":[11,9.2,6],"rotation":{"angle":0,"axis":"y","origin":[9,5,4]},"faces":{"north":{"uv":[2,5.5,3,6.5],"texture":"#7"},"east":{"uv":[5.5,7.5,5.75,8.5],"texture":"#7"},"south":{"uv":[3,5.5,4,6.5],"texture":"#7"},"west":{"uv":[5.75,7.5,6,8.5],"texture":"#7"},"up":{"uv":[8.75,1.5,7.75,1.25],"texture":"#7"},"down":{"uv":[8.75,1.5,7.75,1.75],"texture":"#7"}}},{"from":[7.15,5.35,4.8],"to":[10.85,9.05,5.8],"rotation":{"angle":0,"axis":"y","origin":[9,5,4]},"faces":{"north":{"uv":[6.5,3.25,7.4375,4.1875],"texture":"#7"},"east":{"uv":[6,7.5,6.25,8.4375],"texture":"#7"},"south":{"uv":[6.5,4.25,7.4375,5.1875],"texture":"#7"},"west":{"uv":[1.5,7.75,1.75,8.6875],"texture":"#7"},"up":{"uv":[8.6875,2,7.75,1.75],"texture":"#7"},"down":{"uv":[8.6875,2,7.75,2.25],"texture":"#7"}}},{"from":[5.7,9.2,4.8],"to":[12.3,9.5,6.2],"rotation":{"angle":0,"axis":"y","origin":[9,5,4]},"faces":{"north":{"uv":[9,4,10.625,4.0625],"texture":"#7"},"east":{"uv":[3.5,10,3.875,10.0625],"texture":"#7"},"south":{"uv":[9.25,1.25,10.875,1.3125],"texture":"#7"},"west":{"uv":[10,3.5,10.375,3.5625],"texture":"#7"},"up":{"uv":[7.125,6.875,5.5,6.5],"texture":"#7"},"down":{"uv":[5.375,6.75,3.75,7.125],"texture":"#7"}}},{"from":[5.7,6.9,4.8],"to":[6,9.2,6.2],"rotation":{"angle":0,"axis":"y","origin":[9,5,4]},"faces":{"north":{"uv":[7.25,9.5,7.3125,10.0625],"texture":"#7"},"east":{"uv":[3.25,8,3.625,8.5625],"texture":"#7"},"south":{"uv":[9,9.5,9.0625,10.0625],"texture":"#7"},"west":{"uv":[3.75,8,4.125,8.5625],"texture":"#7"},"up":{"uv":[4.0625,10.375,4,10],"texture":"#7"},"down":{"uv":[4.3125,10,4.25,10.375],"texture":"#7"}}},{"from":[12,6.9,4.8],"to":[12.3,9.2,6.2],"rotation":{"angle":0,"axis":"y","origin":[9,5,4]},"faces":{"north":{"uv":[9.5,9.25,9.5625,9.8125],"texture":"#7"},"east":{"uv":[4.25,8,4.625,8.5625],"texture":"#7"},"south":{"uv":[2.75,9.75,2.8125,10.3125],"texture":"#7"},"west":{"uv":[4.75,8,5.125,8.5625],"texture":"#7"},"up":{"uv":[10.0625,4.625,10,4.25],"texture":"#7"},"down":{"uv":[4.5625,10,4.5,10.375],"texture":"#7"}}},{"from":[11.3,10.2,5],"to":[11.7,10.5,5.3],"rotation":{"angle":0,"axis":"y","origin":[9,5,4]},"faces":{"north":{"uv":[10.25,9.5,10.375,9.5625],"texture":"#7"},"east":{"uv":[10.5,10.25,10.5625,10.3125],"texture":"#7"},"south":{"uv":[9.75,10.25,9.875,10.3125],"texture":"#7"},"west":{"uv":[10.5,10.5,10.5625,10.5625],"texture":"#7"},"up":{"uv":[10.375,9.8125,10.25,9.75],"texture":"#7"},"down":{"uv":[10.125,10.25,10,10.3125],"texture":"#7"}}},{"from":[11.73527,9.49778,4.93398],"to":[12.03527,10.49778,5.23398],"rotation":{"angle":-1.40617,"axis":"y","origin":[9,5,4]},"rotated":[0,-1.40617,0.04351],"faces":{"north":{"uv":[10,8.5,10.0625,8.75],"texture":"#7"},"east":{"uv":[8.75,10,8.8125,10.25],"texture":"#7"},"south":{"uv":[10,8.75,10.0625,9],"texture":"#7"},"west":{"uv":[10,9,10.0625,9.25],"texture":"#7"},"up":{"uv":[0.0625,10.8125,0,10.75],"texture":"#7"},"down":{"uv":[10.8125,0,10.75,0.0625],"texture":"#7"}}},{"from":[11.1,9.9,5.4],"to":[11.5,10.2,5.7],"rotation":{"angle":0,"axis":"y","origin":[9,5,4]},"faces":{"north":{"uv":[10.25,10,10.375,10.0625],"texture":"#7"},"east":{"uv":[0.25,10.75,0.3125,10.8125],"texture":"#7"},"south":{"uv":[10.25,10.25,10.375,10.3125],"texture":"#7"},"west":{"uv":[10.75,0.25,10.8125,0.3125],"texture":"#7"},"up":{"uv":[0.125,10.5625,0,10.5],"texture":"#7"},"down":{"uv":[10.625,0,10.5,0.0625],"texture":"#7"}}},{"from":[11.54491,9.49788,5.33874],"to":[11.84491,10.19788,5.63874],"rotation":{"angle":-1.40617,"axis":"y","origin":[9,5,4]},"rotated":[0,-1.40617,0.04351],"faces":{"north":{"uv":[10.25,5.5,10.3125,5.6875],"texture":"#7"},"east":{"uv":[5.75,10.25,5.8125,10.4375],"texture":"#7"},"south":{"uv":[10.25,5.75,10.3125,5.9375],"texture":"#7"},"west":{"uv":[6,10.25,6.0625,10.4375],"texture":"#7"},"up":{"uv":[0.5625,10.8125,0.5,10.75],"texture":"#7"},"down":{"uv":[10.8125,0.5,10.75,0.5625],"texture":"#7"}}},{"from":[3.1,1.3,3.7],"to":[4.9,4.2,5.7],"rotation":{"angle":0,"axis":"y","origin":[9,5,4]},"faces":{"north":{"uv":[4.75,7.25,5.1875,8],"texture":"#7"},"east":{"uv":[6.25,7,6.75,7.75],"texture":"#7"},"south":{"uv":[7.25,7,7.6875,7.75],"texture":"#7"},"west":{"uv":[6.75,7,7.25,7.75],"texture":"#7"},"up":{"uv":[6.4375,3.75,6,3.25],"texture":"#7"},"down":{"uv":[5.9375,6,5.5,6.5],"texture":"#7"}}},{"from":[3.3,4.2,3.9],"to":[4.9,6.4,5.5],"rotation":{"angle":0,"axis":"y","origin":[9,5,4]},"faces":{"north":{"uv":[0,8.25,0.375,8.8125],"texture":"#7"},"east":{"uv":[8.25,0,8.625,0.5625],"texture":"#7"},"south":{"uv":[0.5,8.25,0.875,8.8125],"texture":"#7"},"west":{"uv":[8.25,3.5,8.625,4.0625],"texture":"#7"},"up":{"uv":[9.125,2.125,8.75,1.75],"texture":"#7"},"down":{"uv":[4.625,8.75,4.25,9.125],"texture":"#7"}}},{"from":[3.4,6.4,4],"to":[4.8,6.5,5.4],"rotation":{"angle":0,"axis":"y","origin":[9,5,4]},"faces":{"north":{"uv":[10,3.75,10.375,3.8125],"texture":"#7"},"east":{"uv":[10,4.75,10.375,4.8125],"texture":"#7"},"south":{"uv":[10,5,10.375,5.0625],"texture":"#7"},"west":{"uv":[10,5.25,10.375,5.3125],"texture":"#7"},"up":{"uv":[9.125,4.625,8.75,4.25],"texture":"#7"},"down":{"uv":[5.125,8.75,4.75,9.125],"texture":"#7"}}},{"from":[3.3,6.5,3.9],"to":[4.9,7,5.5],"rotation":{"angle":0,"axis":"y","origin":[9,5,4]},"faces":{"north":{"uv":[9.5,3,9.875,3.125],"texture":"#7"},"east":{"uv":[9.5,3.25,9.875,3.375],"texture":"#7"},"south":{"uv":[9.5,3.5,9.875,3.625],"texture":"#7"},"west":{"uv":[9.5,3.75,9.875,3.875],"texture":"#7"},"up":{"uv":[9.125,5.625,8.75,5.25],"texture":"#7"},"down":{"uv":[9.125,7,8.75,7.375],"texture":"#7"}}},{"from":[4.1,7,4.5],"to":[4.4,8.1,4.9],"rotation":{"angle":0,"axis":"y","origin":[9,5,4]},"faces":{"north":{"uv":[9.25,10,9.3125,10.25],"texture":"#7"},"east":{"uv":[9.75,6,9.875,6.25],"texture":"#7"},"south":{"uv":[10,9.25,10.0625,9.5],"texture":"#7"},"west":{"uv":[6.25,9.75,6.375,10],"texture":"#7"},"up":{"uv":[0.3125,10.625,0.25,10.5],"texture":"#7"},"down":{"uv":[10.5625,0.25,10.5,0.375],"texture":"#7"}}},{"from":[3.28667,5.98888,4.5],"to":[3.58667,6.68888,4.9],"rotation":{"angle":-22.5,"axis":"z","origin":[9,5,4]},"faces":{"north":{"uv":[10.25,6,10.3125,6.1875],"texture":"#7"},"east":{"uv":[4.75,10,4.875,10.1875],"texture":"#7"},"south":{"uv":[6.25,10.25,6.3125,10.4375],"texture":"#7"},"west":{"uv":[10,5.5,10.125,5.6875],"texture":"#7"},"up":{"uv":[0.5625,10.625,0.5,10.5],"texture":"#7"},"down":{"uv":[10.5625,0.5,10.5,0.625],"texture":"#7"}}},{"from":[6.15428,9.93415,4.5],"to":[7.05428,10.23415,4.9],"rotation":{"angle":22.5,"axis":"z","origin":[9,5,4]},"faces":{"north":{"uv":[9.5,10,9.75,10.0625],"texture":"#7"},"east":{"uv":[0.75,10.5,0.875,10.5625],"texture":"#7"},"south":{"uv":[10,9.5,10.25,9.5625],"texture":"#7"},"west":{"uv":[10.5,0.75,10.625,0.8125],"texture":"#7"},"up":{"uv":[6.75,9.875,6.5,9.75],"texture":"#7"},"down":{"uv":[7,9.75,6.75,9.875],"texture":"#7"}}},{"from":[4.1,6.5,4.9],"to":[4.4,7.6,5.3],"rotation":{"angle":0,"axis":"y","origin":[9,5,4]},"faces":{"north":{"uv":[9.75,10,9.8125,10.25],"texture":"#7"},"east":{"uv":[9.75,6.75,9.875,7],"texture":"#7"},"south":{"uv":[10,9.75,10.0625,10],"texture":"#7"},"west":{"uv":[7,9.75,7.125,10],"texture":"#7"},"up":{"uv":[1.0625,10.625,1,10.5],"texture":"#7"},"down":{"uv":[10.5625,1,10.5,1.125],"texture":"#7"}}},{"from":[3.47801,5.52694,4.9],"to":[3.77801,6.22694,5.3],"rotation":{"angle":-22.5,"axis":"z","origin":[9,5,4]},"faces":{"north":{"uv":[6.5,10.25,6.5625,10.4375],"texture":"#7"},"east":{"uv":[5.75,10,5.875,10.1875],"texture":"#7"},"south":{"uv":[6.75,10.25,6.8125,10.4375],"texture":"#7"},"west":{"uv":[10,5.75,10.125,5.9375],"texture":"#7"},"up":{"uv":[1.3125,10.625,1.25,10.5],"texture":"#7"},"down":{"uv":[1.5625,10.5,1.5,10.625],"texture":"#7"}}},{"from":[5.96294,9.47221,4.9],"to":[6.86294,9.77221,5.3],"rotation":{"angle":22.5,"axis":"z","origin":[9,5,4]},"faces":{"north":{"uv":[10,10,10.25,10.0625],"texture":"#7"},"east":{"uv":[10.5,1.5,10.625,1.5625],"texture":"#7"},"south":{"uv":[0,10.25,0.25,10.3125],"texture":"#7"},"west":{"uv":[1.75,10.5,1.875,10.5625],"texture":"#7"},"up":{"uv":[10,7.125,9.75,7],"texture":"#7"},"down":{"uv":[8.5,9.75,8.25,9.875],"texture":"#7"}}},{"from":[4.1,6.5,4.1],"to":[4.4,7.6,4.5],"rotation":{"angle":0,"axis":"y","origin":[9,5,4]},"faces":{"north":{"uv":[0.25,10.25,0.3125,10.5],"texture":"#7"},"east":{"uv":[9.75,8.25,9.875,8.5],"texture":"#7"},"south":{"uv":[0.5,10.25,0.5625,10.5],"texture":"#7"},"west":{"uv":[8.5,9.75,8.625,10],"texture":"#7"},"up":{"uv":[10.5625,1.875,10.5,1.75],"texture":"#7"},"down":{"uv":[2.0625,10.5,2,10.625],"texture":"#7"}}},{"from":[3.47801,5.52694,4.1],"to":[3.77801,6.22694,4.5],"rotation":{"angle":-22.5,"axis":"z","origin":[9,5,4]},"faces":{"north":{"uv":[10.25,6.75,10.3125,6.9375],"texture":"#7"},"east":{"uv":[6,10,6.125,10.1875],"texture":"#7"},"south":{"uv":[7,10.25,7.0625,10.4375],"texture":"#7"},"west":{"uv":[10,6,10.125,6.1875],"texture":"#7"},"up":{"uv":[10.5625,2.125,10.5,2],"texture":"#7"},"down":{"uv":[2.3125,10.5,2.25,10.625],"texture":"#7"}}},{"from":[5.96294,9.47221,4.1],"to":[6.86294,9.77221,4.5],"rotation":{"angle":22.5,"axis":"z","origin":[9,5,4]},"faces":{"north":{"uv":[10.25,0.5,10.5,0.5625],"texture":"#7"},"east":{"uv":[10.5,2.25,10.625,2.3125],"texture":"#7"},"south":{"uv":[0.75,10.25,1,10.3125],"texture":"#7"},"west":{"uv":[2.5,10.5,2.625,10.5625],"texture":"#7"},"up":{"uv":[10,8.625,9.75,8.5],"texture":"#7"},"down":{"uv":[9,9.75,8.75,9.875],"texture":"#7"}}},{"from":[3.2,4.6,3.8],"to":[4.9,5.8,5.6],"rotation":{"angle":0,"axis":"y","origin":[9,5,4]},"faces":{"north":{"uv":[0.5,9,0.9375,9.3125],"texture":"#7"},"east":{"uv":[1,9,1.4375,9.3125],"texture":"#7"},"south":{"uv":[9,3,9.4375,3.3125],"texture":"#7"},"west":{"uv":[9,3.5,9.4375,3.8125],"texture":"#7"},"up":{"uv":[5.9375,8.9375,5.5,8.5],"texture":"#7"},"down":{"uv":[6.4375,8.5,6,8.9375],"texture":"#7"}}},{"from":[4.8,4.7,5.6],"to":[4.9,5.1,5.8],"rotation":{"angle":0,"axis":"y","origin":[9,5,4]},"faces":{"north":{"uv":[10.5,2.5,10.5625,2.625],"texture":"#7"},"east":{"uv":[2.75,10.5,2.8125,10.625],"texture":"#7"},"south":{"uv":[10.5,2.75,10.5625,2.875],"texture":"#7"},"west":{"uv":[3,10.5,3.0625,10.625],"texture":"#7"},"up":{"uv":[0.8125,10.8125,0.75,10.75],"texture":"#7"},"down":{"uv":[10.8125,0.75,10.75,0.8125],"texture":"#7"}}},{"from":[4.8,5.3,5.6],"to":[4.9,5.7,5.8],"rotation":{"angle":0,"axis":"y","origin":[9,5,4]},"faces":{"north":{"uv":[10.5,3,10.5625,3.125],"texture":"#7"},"east":{"uv":[3.25,10.5,3.3125,10.625],"texture":"#7"},"south":{"uv":[10.5,3.25,10.5625,3.375],"texture":"#7"},"west":{"uv":[3.5,10.5,3.5625,10.625],"texture":"#7"},"up":{"uv":[1.0625,10.8125,1,10.75],"texture":"#7"},"down":{"uv":[10.8125,1,10.75,1.0625],"texture":"#7"}}},{"from":[4.8,5.3,3.6],"to":[4.9,5.7,3.8],"rotation":{"angle":0,"axis":"y","origin":[9,5,4]},"faces":{"north":{"uv":[10.5,3.5,10.5625,3.625],"texture":"#7"},"east":{"uv":[3.75,10.5,3.8125,10.625],"texture":"#7"},"south":{"uv":[10.5,3.75,10.5625,3.875],"texture":"#7"},"west":{"uv":[4,10.5,4.0625,10.625],"texture":"#7"},"up":{"uv":[1.3125,10.8125,1.25,10.75],"texture":"#7"},"down":{"uv":[1.5625,10.75,1.5,10.8125],"texture":"#7"}}},{"from":[4.8,4.7,3.6],"to":[4.9,5.1,3.8],"rotation":{"angle":0,"axis":"y","origin":[9,5,4]},"faces":{"north":{"uv":[4.25,10.5,4.3125,10.625],"texture":"#7"},"east":{"uv":[10.5,4.25,10.5625,4.375],"texture":"#7"},"south":{"uv":[4.5,10.5,4.5625,10.625],"texture":"#7"},"west":{"uv":[10.5,4.5,10.5625,4.625],"texture":"#7"},"up":{"uv":[10.8125,1.5625,10.75,1.5],"texture":"#7"},"down":{"uv":[1.8125,10.75,1.75,10.8125],"texture":"#7"}}},{"from":[13.1,1.3,3.7],"to":[14.9,4.2,5.7],"rotation":{"angle":0,"axis":"y","origin":[9,5,4]},"faces":{"north":{"uv":[0,7.5,0.4375,8.25],"texture":"#7"},"east":{"uv":[3.75,7.25,4.25,8],"texture":"#7"},"south":{"uv":[0.5,7.5,0.9375,8.25],"texture":"#7"},"west":{"uv":[4.25,7.25,4.75,8],"texture":"#7"},"up":{"uv":[2.6875,8.5,2.25,8],"texture":"#7"},"down":{"uv":[3.1875,8,2.75,8.5],"texture":"#7"}}},{"from":[13.1,4.2,3.9],"to":[14.7,6.4,5.5],"rotation":{"angle":0,"axis":"y","origin":[9,5,4]},"faces":{"north":{"uv":[8.25,4.25,8.625,4.8125],"texture":"#7"},"east":{"uv":[8.25,5.25,8.625,5.8125],"texture":"#7"},"south":{"uv":[8.25,7,8.625,7.5625],"texture":"#7"},"west":{"uv":[8.25,7.75,8.625,8.3125],"texture":"#7"},"up":{"uv":[7.875,9.125,7.5,8.75],"texture":"#7"},"down":{"uv":[9.125,7.5,8.75,7.875],"texture":"#7"}}},{"from":[13.2,6.4,4],"to":[14.6,6.5,5.4],"rotation":{"angle":0,"axis":"y","origin":[9,5,4]},"faces":{"north":{"uv":[6.25,10,6.625,10.0625],"texture":"#7"},"east":{"uv":[10,6.25,10.375,6.3125],"texture":"#7"},"south":{"uv":[10,6.5,10.375,6.5625],"texture":"#7"},"west":{"uv":[6.75,10,7.125,10.0625],"texture":"#7"},"up":{"uv":[8.375,9.125,8,8.75],"texture":"#7"},"down":{"uv":[9.125,8,8.75,8.375],"texture":"#7"}}},{"from":[13.1,6.5,3.9],"to":[14.7,7,5.5],"rotation":{"angle":0,"axis":"y","origin":[9,5,4]},"faces":{"north":{"uv":[9.5,4.25,9.875,4.375],"texture":"#7"},"east":{"uv":[9.5,4.5,9.875,4.625],"texture":"#7"},"south":{"uv":[9.5,4.75,9.875,4.875],"texture":"#7"},"west":{"uv":[5.25,9.5,5.625,9.625],"texture":"#7"},"up":{"uv":[8.875,9.125,8.5,8.75],"texture":"#7"},"down":{"uv":[0.375,9,0,9.375],"texture":"#7"}}},{"from":[13.6,7,4.5],"to":[13.9,8.1,4.9],"rotation":{"angle":0,"axis":"y","origin":[9,5,4]},"faces":{"north":{"uv":[1,10.25,1.0625,10.5],"texture":"#7"},"east":{"uv":[9.25,9.75,9.375,10],"texture":"#7"},"south":{"uv":[10.25,1,10.3125,1.25],"texture":"#7"},"west":{"uv":[9.75,9.25,9.875,9.5],"texture":"#7"},"up":{"uv":[4.8125,10.625,4.75,10.5],"texture":"#7"},"down":{"uv":[10.5625,4.75,10.5,4.875],"texture":"#7"}}},{"from":[14.41333,5.98888,4.5],"to":[14.71333,6.68888,4.9],"rotation":{"angle":22.5,"axis":"z","origin":[9,5,4]},"faces":{"north":{"uv":[10.25,7,10.3125,7.1875],"texture":"#7"},"east":{"uv":[10,6.75,10.125,6.9375],"texture":"#7"},"south":{"uv":[7.25,10.25,7.3125,10.4375],"texture":"#7"},"west":{"uv":[10,7,10.125,7.1875],"texture":"#7"},"up":{"uv":[5.0625,10.625,5,10.5],"texture":"#7"},"down":{"uv":[10.5625,5,10.5,5.125],"texture":"#7"}}},{"from":[10.94572,9.93415,4.5],"to":[11.84572,10.23415,4.9],"rotation":{"angle":-22.5,"axis":"z","origin":[9,5,4]},"faces":{"north":{"uv":[1.25,10.25,1.5,10.3125],"texture":"#7"},"east":{"uv":[5.25,10.5,5.375,10.5625],"texture":"#7"},"south":{"uv":[1.5,10.25,1.75,10.3125],"texture":"#7"},"west":{"uv":[10.5,5.25,10.625,5.3125],"texture":"#7"},"up":{"uv":[10,9.625,9.75,9.5],"texture":"#7"},"down":{"uv":[10,9.75,9.75,9.875],"texture":"#7"}}},{"from":[13.6,6.5,5],"to":[13.9,7.6,5.4],"rotation":{"angle":0,"axis":"y","origin":[9,5,4]},"faces":{"north":{"uv":[10.25,1.5,10.3125,1.75],"texture":"#7"},"east":{"uv":[0,10,0.125,10.25],"texture":"#7"},"south":{"uv":[1.75,10.25,1.8125,10.5],"texture":"#7"},"west":{"uv":[0.25,10,0.375,10.25],"texture":"#7"},"up":{"uv":[5.5625,10.625,5.5,10.5],"texture":"#7"},"down":{"uv":[10.5625,5.5,10.5,5.625],"texture":"#7"}}},{"from":[14.22199,5.52694,5],"to":[14.52199,6.22694,5.4],"rotation":{"angle":22.5,"axis":"z","origin":[9,5,4]},"faces":{"north":{"uv":[10.25,7.25,10.3125,7.4375],"texture":"#7"},"east":{"uv":[10,7.25,10.125,7.4375],"texture":"#7"},"south":{"uv":[10.25,7.5,10.3125,7.6875],"texture":"#7"},"west":{"uv":[10,7.5,10.125,7.6875],"texture":"#7"},"up":{"uv":[5.8125,10.625,5.75,10.5],"texture":"#7"},"down":{"uv":[10.5625,5.75,10.5,5.875],"texture":"#7"}}},{"from":[11.13706,9.47221,5],"to":[12.03706,9.77221,5.4],"rotation":{"angle":-22.5,"axis":"z","origin":[9,5,4]},"faces":{"north":{"uv":[2,10.25,2.25,10.3125],"texture":"#7"},"east":{"uv":[6,10.5,6.125,10.5625],"texture":"#7"},"south":{"uv":[2.25,10.25,2.5,10.3125],"texture":"#7"},"west":{"uv":[10.5,6,10.625,6.0625],"texture":"#7"},"up":{"uv":[0.75,10.125,0.5,10],"texture":"#7"},"down":{"uv":[10.25,0.5,10,0.625],"texture":"#7"}}},{"from":[13.6,6.5,4],"to":[13.9,7.6,4.4],"rotation":{"angle":0,"axis":"y","origin":[9,5,4]},"faces":{"north":{"uv":[10.25,2.25,10.3125,2.5],"texture":"#7"},"east":{"uv":[0.75,10,0.875,10.25],"texture":"#7"},"south":{"uv":[2.5,10.25,2.5625,10.5],"texture":"#7"},"west":{"uv":[1,10,1.125,10.25],"texture":"#7"},"up":{"uv":[6.3125,10.625,6.25,10.5],"texture":"#7"},"down":{"uv":[10.5625,6.25,10.5,6.375],"texture":"#7"}}},{"from":[14.22199,5.52694,4],"to":[14.52199,6.22694,4.4],"rotation":{"angle":22.5,"axis":"z","origin":[9,5,4]},"faces":{"north":{"uv":[10.25,7.75,10.3125,7.9375],"texture":"#7"},"east":{"uv":[10,7.75,10.125,7.9375],"texture":"#7"},"south":{"uv":[10.25,8,10.3125,8.1875],"texture":"#7"},"west":{"uv":[10,8,10.125,8.1875],"texture":"#7"},"up":{"uv":[6.5625,10.625,6.5,10.5],"texture":"#7"},"down":{"uv":[10.5625,6.5,10.5,6.625],"texture":"#7"}}},{"from":[11.13706,9.47221,4],"to":[12.03706,9.77221,4.4],"rotation":{"angle":-22.5,"axis":"z","origin":[9,5,4]},"faces":{"north":{"uv":[10.25,2.5,10.5,2.5625],"texture":"#7"},"east":{"uv":[6.75,10.5,6.875,10.5625],"texture":"#7"},"south":{"uv":[10.25,2.75,10.5,2.8125],"texture":"#7"},"west":{"uv":[10.5,6.75,10.625,6.8125],"texture":"#7"},"up":{"uv":[10.25,1.125,10,1],"texture":"#7"},"down":{"uv":[1.5,10,1.25,10.125],"texture":"#7"}}},{"from":[13.1,4.6,3.8],"to":[14.8,5.8,5.6],"rotation":{"angle":0,"axis":"y","origin":[9,5,4]},"faces":{"north":{"uv":[5.25,9,5.6875,9.3125],"texture":"#7"},"east":{"uv":[5.75,9,6.1875,9.3125],"texture":"#7"},"south":{"uv":[6.25,9,6.6875,9.3125],"texture":"#7"},"west":{"uv":[6.75,9,7.1875,9.3125],"texture":"#7"},"up":{"uv":[6.9375,8.9375,6.5,8.5],"texture":"#7"},"down":{"uv":[7.4375,8.5,7,8.9375],"texture":"#7"}}},{"from":[13.1,4.7,5.6],"to":[13.2,5.1,5.8],"rotation":{"angle":0,"axis":"y","origin":[9,5,4]},"faces":{"north":{"uv":[7,10.5,7.0625,10.625],"texture":"#7"},"east":{"uv":[10.5,7,10.5625,7.125],"texture":"#7"},"south":{"uv":[7.25,10.5,7.3125,10.625],"texture":"#7"},"west":{"uv":[10.5,7.25,10.5625,7.375],"texture":"#7"},"up":{"uv":[10.8125,1.8125,10.75,1.75],"texture":"#7"},"down":{"uv":[2.0625,10.75,2,10.8125],"texture":"#7"}}},{"from":[13.1,5.3,5.6],"to":[13.2,5.7,5.8],"rotation":{"angle":0,"axis":"y","origin":[9,5,4]},"faces":{"north":{"uv":[10.5,7.5,10.5625,7.625],"texture":"#7"},"east":{"uv":[10.5,7.75,10.5625,7.875],"texture":"#7"},"south":{"uv":[10.5,8,10.5625,8.125],"texture":"#7"},"west":{"uv":[8.25,10.5,8.3125,10.625],"texture":"#7"},"up":{"uv":[10.8125,2.0625,10.75,2],"texture":"#7"},"down":{"uv":[2.3125,10.75,2.25,10.8125],"texture":"#7"}}},{"from":[13.1,5.3,3.6],"to":[13.2,5.7,3.8],"rotation":{"angle":0,"axis":"y","origin":[9,5,4]},"faces":{"north":{"uv":[10.5,8.25,10.5625,8.375],"texture":"#7"},"east":{"uv":[8.5,10.5,8.5625,10.625],"texture":"#7"},"south":{"uv":[10.5,8.5,10.5625,8.625],"texture":"#7"},"west":{"uv":[8.75,10.5,8.8125,10.625],"texture":"#7"},"up":{"uv":[10.8125,2.3125,10.75,2.25],"texture":"#7"},"down":{"uv":[2.5625,10.75,2.5,10.8125],"texture":"#7"}}},{"from":[13.1,4.7,3.6],"to":[13.2,5.1,3.8],"rotation":{"angle":0,"axis":"y","origin":[9,5,4]},"faces":{"north":{"uv":[10.5,8.75,10.5625,8.875],"texture":"#7"},"east":{"uv":[9,10.5,9.0625,10.625],"texture":"#7"},"south":{"uv":[10.5,9,10.5625,9.125],"texture":"#7"},"west":{"uv":[9.25,10.5,9.3125,10.625],"texture":"#7"},"up":{"uv":[10.8125,2.5625,10.75,2.5],"texture":"#7"},"down":{"uv":[2.8125,10.75,2.75,10.8125],"texture":"#7"}}},{"from":[5.1,0.9,4.9],"to":[12.9,1.7,12.4],"rotation":{"angle":0,"axis":"y","origin":[9,5,4]},"faces":{"north":{"uv":[0,4,1.9375,4.1875],"texture":"#7"},"east":{"uv":[7.25,6.5,9.125,6.6875],"texture":"#7"},"south":{"uv":[6.75,6.25,8.6875,6.4375],"texture":"#7"},"west":{"uv":[7.25,6.75,9.125,6.9375],"texture":"#7"},"up":{"uv":[1.9375,1.875,0,0],"texture":"#7"},"down":{"uv":[1.9375,2,0,3.875],"texture":"#7"}}},{"from":[5.2,-1.74192,5.86569],"to":[5.4,3.95808,6.66569],"rotation":{"angle":-45,"axis":"x","origin":[9,5,4]},"faces":{"north":{"uv":[9.25,6.5,9.3125,7.9375],"texture":"#7"},"east":{"uv":[5.25,7.25,5.4375,8.6875],"texture":"#7"},"south":{"uv":[7.5,9.25,7.5625,10.6875],"texture":"#7"},"west":{"uv":[1,7.5,1.1875,8.9375],"texture":"#7"},"up":{"uv":[8.3125,10.4375,8.25,10.25],"texture":"#7"},"down":{"uv":[8.5625,10.25,8.5,10.4375],"texture":"#7"}}},{"from":[12.6,-1.74192,5.86569],"to":[12.8,3.95808,6.66569],"rotation":{"angle":-45,"axis":"x","origin":[9,5,4]},"faces":{"north":{"uv":[7.75,9.25,7.8125,10.6875],"texture":"#7"},"east":{"uv":[1.25,7.5,1.4375,8.9375],"texture":"#7"},"south":{"uv":[8,9.25,8.0625,10.6875],"texture":"#7"},"west":{"uv":[7.5,3.5,7.6875,4.9375],"texture":"#7"},"up":{"uv":[10.3125,8.6875,10.25,8.5],"texture":"#7"},"down":{"uv":[8.8125,10.25,8.75,10.4375],"texture":"#7"}}},{"from":[11.08076,2.30923,8.705],"to":[12.68076,3.10923,11.205],"rotation":{"angle":-22.5,"axis":"z","origin":[9,5,4]},"faces":{"north":{"uv":[1.5,6.25,1.875,6.4375],"texture":"#7"},"east":{"uv":[8.75,0.5,9.375,0.6875],"texture":"#7"},"south":{"uv":[8.25,9.25,8.625,9.4375],"texture":"#7"},"west":{"uv":[8.75,4.75,9.375,4.9375],"texture":"#7"},"up":{"uv":[2.125,8.375,1.75,7.75],"texture":"#7"},"down":{"uv":[8.125,3.5,7.75,4.125],"texture":"#7"}}},{"from":[7.53434,1.3917,8.7],"to":[9.13434,2.1917,11.2],"rotation":{"angle":22.5,"axis":"z","origin":[9,5,4]},"faces":{"north":{"uv":[9.25,8.25,9.625,8.4375],"texture":"#7"},"east":{"uv":[8.75,5.75,9.375,5.9375],"texture":"#7"},"south":{"uv":[9.25,8.5,9.625,8.6875],"texture":"#7"},"west":{"uv":[8.75,6.25,9.375,6.4375],"texture":"#7"},"up":{"uv":[8.125,4.875,7.75,4.25],"texture":"#7"},"down":{"uv":[6.625,7.75,6.25,8.375],"texture":"#7"}}},{"from":[8.68088,1.51516,8.705],"to":[10.28088,2.11516,11.205],"rotation":{"angle":-22.5,"axis":"z","origin":[9,5,4]},"faces":{"north":{"uv":[5.75,9.5,6.125,9.625],"texture":"#7"},"east":{"uv":[9.25,2.75,9.875,2.875],"texture":"#7"},"south":{"uv":[9.5,5.75,9.875,5.875],"texture":"#7"},"west":{"uv":[9.25,5.25,9.875,5.375],"texture":"#7"},"up":{"uv":[7.125,8.375,6.75,7.75],"texture":"#7"},"down":{"uv":[8.125,7,7.75,7.625],"texture":"#7"}}},{"from":[5.13446,2.58576,8.7],"to":[6.73446,3.18576,11.2],"rotation":{"angle":22.5,"axis":"z","origin":[9,5,4]},"faces":{"north":{"uv":[6.25,9.5,6.625,9.625],"texture":"#7"},"east":{"uv":[9.25,5.5,9.875,5.625],"texture":"#7"},"south":{"uv":[9.5,6.25,9.875,6.375],"texture":"#7"},"west":{"uv":[9.25,8,9.875,8.125],"texture":"#7"},"up":{"uv":[7.625,8.375,7.25,7.75],"texture":"#7"},"down":{"uv":[8.125,7.75,7.75,8.375],"texture":"#7"}}},{"from":[6.15509,9.49788,5.33874],"to":[6.45509,10.19788,5.63874],"rotation":{"angle":1.40617,"axis":"y","origin":[9,5,4]},"rotated":[0,1.40617,-0.04351],"faces":{"north":{"uv":[10.25,8.75,10.3125,8.9375],"texture":"#7"},"east":{"uv":[9,10.25,9.0625,10.4375],"texture":"#7"},"south":{"uv":[10.25,9,10.3125,9.1875],"texture":"#7"},"west":{"uv":[9.25,10.25,9.3125,10.4375],"texture":"#7"},"up":{"uv":[10.8125,2.8125,10.75,2.75],"texture":"#7"},"down":{"uv":[3.0625,10.75,3,10.8125],"texture":"#7"}}},{"from":[6.5,9.9,5.4],"to":[6.9,10.2,5.7],"rotation":{"angle":0,"axis":"y","origin":[9,5,4]},"faces":{"north":{"uv":[10.5,9.25,10.625,9.3125],"texture":"#7"},"east":{"uv":[10.75,3,10.8125,3.0625],"texture":"#7"},"south":{"uv":[9.5,10.5,9.625,10.5625],"texture":"#7"},"west":{"uv":[3.25,10.75,3.3125,10.8125],"texture":"#7"},"up":{"uv":[10.625,9.5625,10.5,9.5],"texture":"#7"},"down":{"uv":[9.875,10.5,9.75,10.5625],"texture":"#7"}}},{"from":[6.3,10.2,5],"to":[6.7,10.5,5.3],"rotation":{"angle":0,"axis":"y","origin":[9,5,4]},"faces":{"north":{"uv":[10.5,9.75,10.625,9.8125],"texture":"#7"},"east":{"uv":[10.75,3.25,10.8125,3.3125],"texture":"#7"},"south":{"uv":[10,10.5,10.125,10.5625],"texture":"#7"},"west":{"uv":[3.5,10.75,3.5625,10.8125],"texture":"#7"},"up":{"uv":[10.625,10.0625,10.5,10],"texture":"#7"},"down":{"uv":[10.375,10.5,10.25,10.5625],"texture":"#7"}}},{"from":[5.96473,9.49778,4.93398],"to":[6.26473,10.49778,5.23398],"rotation":{"angle":1.40617,"axis":"y","origin":[9,5,4]},"rotated":[0,1.40617,-0.04351],"faces":{"north":{"uv":[10.25,3,10.3125,3.25],"texture":"#7"},"east":{"uv":[3.25,10.25,3.3125,10.5],"texture":"#7"},"south":{"uv":[10.25,3.25,10.3125,3.5],"texture":"#7"},"west":{"uv":[3.5,10.25,3.5625,10.5],"texture":"#7"},"up":{"uv":[10.8125,3.5625,10.75,3.5],"texture":"#7"},"down":{"uv":[3.8125,10.75,3.75,10.8125],"texture":"#7"}}},{"from":[6.9,1.3,9.5],"to":[8.4,1.9,11.7],"rotation":{"angle":0,"axis":"y","origin":[9,5,4]},"faces":{"north":{"uv":[9.5,6.5,9.875,6.625],"texture":"#7"},"east":{"uv":[9.25,8.75,9.8125,8.875],"texture":"#7"},"south":{"uv":[6.75,9.5,7.125,9.625],"texture":"#7"},"west":{"uv":[9.25,9,9.8125,9.125],"texture":"#7"},"up":{"uv":[2.125,9.0625,1.75,8.5],"texture":"#7"},"down":{"uv":[2.625,8.5,2.25,9.0625],"texture":"#7"}}},{"from":[9.5,1.7,9.3],"to":[9.8,1.9,11.5],"rotation":{"angle":0,"axis":"y","origin":[9,5,4]},"faces":{"north":{"uv":[10.75,3.75,10.8125,3.8125],"texture":"#7"},"east":{"uv":[9.75,0,10.3125,0.0625],"texture":"#7"},"south":{"uv":[4,10.75,4.0625,10.8125],"texture":"#7"},"west":{"uv":[9.75,0.25,10.3125,0.3125],"texture":"#7"},"up":{"uv":[3.0625,10.3125,3,9.75],"texture":"#7"},"down":{"uv":[5.0625,9.75,5,10.3125],"texture":"#7"}}},{"from":[9.2,1.7,11.5],"to":[10.1,1.9,12.3],"rotation":{"angle":0,"axis":"y","origin":[9,5,4]},"faces":{"north":{"uv":[3.75,10.25,4,10.3125],"texture":"#7"},"east":{"uv":[10.25,9.25,10.4375,9.3125],"texture":"#7"},"south":{"uv":[10.25,4.25,10.5,4.3125],"texture":"#7"},"west":{"uv":[9.5,10.25,9.6875,10.3125],"texture":"#7"},"up":{"uv":[9.75,6.9375,9.5,6.75],"texture":"#7"},"down":{"uv":[9.75,7,9.5,7.1875],"texture":"#7"}}},{"from":[10.6,1.7,11.5],"to":[10.9,1.9,13.7],"rotation":{"angle":0,"axis":"y","origin":[9,5,4]},"faces":{"north":{"uv":[10.75,4,10.8125,4.0625],"texture":"#7"},"east":{"uv":[9.75,0.75,10.3125,0.8125],"texture":"#7"},"south":{"uv":[4.25,10.75,4.3125,10.8125],"texture":"#7"},"west":{"uv":[9.75,1.75,10.3125,1.8125],"texture":"#7"},"up":{"uv":[5.3125,10.3125,5.25,9.75],"texture":"#7"},"down":{"uv":[5.5625,9.75,5.5,10.3125],"texture":"#7"}}},{"from":[10.3,1.6,9.7],"to":[11.2,2,11.5],"rotation":{"angle":0,"axis":"y","origin":[9,5,4]},"faces":{"north":{"uv":[1.5,10,1.75,10.125],"texture":"#7"},"east":{"uv":[9.5,0.5,9.9375,0.625],"texture":"#7"},"south":{"uv":[10,1.5,10.25,1.625],"texture":"#7"},"west":{"uv":[9.5,1.5,9.9375,1.625],"texture":"#7"},"up":{"uv":[9.25,9.4375,9,9],"texture":"#7"},"down":{"uv":[9.5,0,9.25,0.4375],"texture":"#7"}}},{"from":[8.31421,11.4,2.7],"to":[9.68421,11.8,3.1],"rotation":{"angle":0,"axis":"y","origin":[9,5,4]},"faces":{"north":{"uv":[9.5,7.25,9.8125,7.375],"texture":"#7"},"east":{"uv":[10.25,4.5,10.375,4.625],"texture":"#7"},"south":{"uv":[9.5,7.5,9.8125,7.625],"texture":"#7"},"west":{"uv":[4.75,10.25,4.875,10.375],"texture":"#7"},"up":{"uv":[9.8125,7.875,9.5,7.75],"texture":"#7"},"down":{"uv":[8.5625,9.5,8.25,9.625],"texture":"#7"}}},{"from":[8.01421,10.4779,-0.77398],"to":[9.98421,10.7779,0.52602],"rotation":{"angle":22.5,"axis":"x","origin":[9,5,4]},"faces":{"north":{"uv":[1.75,10,2.25,10.0625],"texture":"#7"},"east":{"uv":[8.25,10,8.5625,10.0625],"texture":"#7"},"south":{"uv":[10,2,10.5,2.0625],"texture":"#7"},"west":{"uv":[10,8.25,10.3125,8.3125],"texture":"#7"},"up":{"uv":[9.25,0.3125,8.75,0],"texture":"#7"},"down":{"uv":[9.25,1.25,8.75,1.5625],"texture":"#7"}}},{"from":[5,-2.44192,5.76569],"to":[5.4,-1.44192,6.76569],"rotation":{"angle":-45,"axis":"x","origin":[9,5,4]},"faces":{"north":{"uv":[2.25,10,2.375,10.25],"texture":"#7"},"east":{"uv":[4,4.25,4.25,4.5],"texture":"#7"},"south":{"uv":[10,2.25,10.125,2.5],"texture":"#7"},"west":{"uv":[6.25,5,6.5,5.25],"texture":"#7"},"up":{"uv":[2.625,10.25,2.5,10],"texture":"#7"},"down":{"uv":[10.125,2.5,10,2.75],"texture":"#7"}}},{"from":[12.6,-2.44192,5.76569],"to":[13,-1.44192,6.76569],"rotation":{"angle":-45,"axis":"x","origin":[9,5,4]},"faces":{"north":{"uv":[10,2.75,10.125,3],"texture":"#7"},"east":{"uv":[3.75,6.5,4,6.75],"texture":"#7"},"south":{"uv":[10,3,10.125,3.25],"texture":"#7"},"west":{"uv":[5.25,8.75,5.5,9],"texture":"#7"},"up":{"uv":[3.375,10.25,3.25,10],"texture":"#7"},"down":{"uv":[10.125,3.25,10,3.5],"texture":"#7"}}},{"from":[5,2.95808,5.76569],"to":[5.4,3.95808,6.76569],"rotation":{"angle":-45,"axis":"x","origin":[9,5,4]},"faces":{"north":{"uv":[2.25,10,2.375,10.25],"texture":"#7"},"east":{"uv":[4,4.25,4.25,4.5],"texture":"#7"},"south":{"uv":[10,2.25,10.125,2.5],"texture":"#7"},"west":{"uv":[6.25,5,6.5,5.25],"texture":"#7"},"up":{"uv":[2.625,10.25,2.5,10],"texture":"#7"},"down":{"uv":[10.125,2.5,10,2.75],"texture":"#7"}}},{"from":[12.6,2.95808,5.76569],"to":[13,3.95808,6.76569],"rotation":{"angle":-45,"axis":"x","origin":[9,5,4]},"faces":{"north":{"uv":[10,2.75,10.125,3],"texture":"#7"},"east":{"uv":[3.75,6.5,4,6.75],"texture":"#7"},"south":{"uv":[10,3,10.125,3.25],"texture":"#7"},"west":{"uv":[5.25,8.75,5.5,9],"texture":"#7"},"up":{"uv":[3.375,10.25,3.25,10],"texture":"#7"},"down":{"uv":[10.125,3.25,10,3.5],"texture":"#7"}}}],"gui_light":"front","display":{"thirdperson_righthand":{"rotation":[57,180,0],"translation":[0.5,2,-0.5],"scale":[0.59766,0.59766,0.59766]},"thirdperson_lefthand":{"rotation":[68.03,0,0],"translation":[-4.75,-11,10.5],"scale":[1.28203,1.28203,1.28203]},"firstperson_righthand":{"rotation":[-180,0,-180],"translation":[-1.25,4,0],"scale":[0.72852,0.72852,0.72852]},"firstperson_lefthand":{"rotation":[-180,0,-180],"translation":[-1.25,4,0],"scale":[0,0,0]},"ground":{"translation":[0,5.25,0],"scale":[0.66797,0.66797,0.66797]},"gui":{"translation":[-1,2,0],"scale":[1.14648,1.14648,1.14648]},"head":{"translation":[-1.75,-48.5,13.5],"scale":[2,2,2]},"fixed":{"rotation":[-90,180,0],"translation":[4,-3.75,-32],"scale":[4,4,4]}}}