{"credit":"MadewithBlockbench","texture_size":[64,64],"textures":{"2":"elitecreatures:adventure_backpack_cosmetic/texture_13"},"elements":[{"from":[1.62361,-1.3,5.70507],"to":[3.86361,-0.74,6.26507],"rotation":{"angle":0,"axis":"y","origin":[5.62361,-3.14,10.26507]},"faces":{"north":{"uv":[8.5,3,9.0625,3.125],"texture":"#2"},"east":{"uv":[2.5,10.25,2.625,10.375],"texture":"#2"},"south":{"uv":[4.75,8.5,5.3125,8.625],"texture":"#2"},"west":{"uv":[10.25,2.5,10.375,2.625],"texture":"#2"},"up":{"uv":[9.0625,5.375,8.5,5.25],"texture":"#2"},"down":{"uv":[9.0625,6,8.5,6.125],"texture":"#2"}}},{"from":[-0.99325,-1.3,9.66507],"to":[-0.03325,-0.73,10.26507],"rotation":{"angle":-45,"axis":"y","origin":[5.62361,-3.14,10.26507]},"faces":{"north":{"uv":[1.75,9.75,2,9.875],"texture":"#2"},"east":{"uv":[2.75,10.25,2.875,10.375],"texture":"#2"},"south":{"uv":[9.75,1.75,10,1.875],"texture":"#2"},"west":{"uv":[10.25,2.75,10.375,2.875],"texture":"#2"},"up":{"uv":[2.25,9.875,2,9.75],"texture":"#2"},"down":{"uv":[10,2,9.75,2.125],"texture":"#2"}}},{"from":[0.94478,-1.3,3.34625],"to":[1.54478,-0.74,5.58625],"rotation":{"angle":0,"axis":"y","origin":[5.62361,-3.14,10.26507]},"faces":{"north":{"uv":[3,10.25,3.125,10.375],"texture":"#2"},"east":{"uv":[8.5,6.25,9.0625,6.375],"texture":"#2"},"south":{"uv":[10.25,3,10.375,3.125],"texture":"#2"},"west":{"uv":[8.5,6.5,9.0625,6.625],"texture":"#2"},"up":{"uv":[5.875,9.0625,5.75,8.5],"texture":"#2"},"down":{"uv":[6.125,8.5,6,9.0625],"texture":"#2"}}},{"from":[7.20753,-1.3,2.0643],"to":[8.16753,-0.73,2.6643],"rotation":{"angle":45,"axis":"y","origin":[5.62361,-3.14,10.26507]},"faces":{"north":{"uv":[9.75,2.25,10,2.375],"texture":"#2"},"east":{"uv":[3.25,10.25,3.375,10.375],"texture":"#2"},"south":{"uv":[9.75,2.5,10,2.625],"texture":"#2"},"west":{"uv":[10.25,3.25,10.375,3.375],"texture":"#2"},"up":{"uv":[3,9.875,2.75,9.75],"texture":"#2"},"down":{"uv":[10,2.75,9.75,2.875],"texture":"#2"}}},{"from":[1.62361,-1.3,2.66743],"to":[3.86361,-0.74,3.22743],"rotation":{"angle":0,"axis":"y","origin":[5.62361,-3.14,10.26507]},"faces":{"north":{"uv":[6.75,8.5,7.3125,8.625],"texture":"#2"},"east":{"uv":[3.5,10.25,3.625,10.375],"texture":"#2"},"south":{"uv":[8.5,6.75,9.0625,6.875],"texture":"#2"},"west":{"uv":[3.75,10.25,3.875,10.375],"texture":"#2"},"up":{"uv":[9.0625,7.125,8.5,7],"texture":"#2"},"down":{"uv":[9.0625,7.25,8.5,7.375],"texture":"#2"}}},{"from":[-0.99325,-1.78,10.26507],"to":[-0.03325,-1.3,10.26507],"rotation":{"angle":-45,"axis":"y","origin":[5.62361,-3.14,10.26507]},"faces":{"north":{"uv":[9.75,3,10,3.125],"texture":"#2"},"east":{"uv":[0,0,0,0.125],"texture":"#2"},"south":{"uv":[3.25,9.75,3.5,9.875],"texture":"#2"},"west":{"uv":[0,0,0,0.125],"texture":"#2"},"up":{"uv":[0.25,0,0,0],"texture":"#2"},"down":{"uv":[0.25,0,0,0],"texture":"#2"}}},{"from":[7.20753,-1.78,2.0643],"to":[8.16753,-1.3,2.0643],"rotation":{"angle":45,"axis":"y","origin":[5.62361,-3.14,10.26507]},"faces":{"north":{"uv":[9.75,3.25,10,3.375],"texture":"#2"},"east":{"uv":[0,0,0,0.125],"texture":"#2"},"south":{"uv":[3.5,9.75,3.75,9.875],"texture":"#2"},"west":{"uv":[0,0,0,0.125],"texture":"#2"},"up":{"uv":[0.25,0,0,0],"texture":"#2"},"down":{"uv":[0.25,0,0,0],"texture":"#2"}}},{"from":[0.94478,-1.78,3.34625],"to":[0.94478,-1.3,5.58625],"rotation":{"angle":0,"axis":"y","origin":[5.62361,-3.14,10.26507]},"faces":{"north":{"uv":[0,0,0,0.125],"texture":"#2"},"east":{"uv":[8.5,7.5,9.0625,7.625],"texture":"#2"},"south":{"uv":[0,0,0,0.125],"texture":"#2"},"west":{"uv":[8.5,7.75,9.0625,7.875],"texture":"#2"},"up":{"uv":[0,0.5625,0,0],"texture":"#2"},"down":{"uv":[0,0,0,0.5625],"texture":"#2"}}},{"from":[1.62361,-1.78,6.26507],"to":[3.54361,-1.3,6.26507],"rotation":{"angle":0,"axis":"y","origin":[5.62361,-3.14,10.26507]},"faces":{"north":{"uv":[3.75,5.75,4.25,5.875],"texture":"#2"},"east":{"uv":[0,0,0,0.125],"texture":"#2"},"south":{"uv":[8.75,2,9.25,2.125],"texture":"#2"},"west":{"uv":[0,0,0,0.125],"texture":"#2"},"up":{"uv":[0.5,0,0,0],"texture":"#2"},"down":{"uv":[0.5,0,0,0],"texture":"#2"}}},{"from":[1.62361,-1.78,2.66743],"to":[3.54361,-1.3,2.66743],"rotation":{"angle":0,"axis":"y","origin":[5.62361,-3.14,10.26507]},"faces":{"north":{"uv":[8.75,2.5,9.25,2.625],"texture":"#2"},"east":{"uv":[0,0,0,0.125],"texture":"#2"},"south":{"uv":[6.25,8.75,6.75,8.875],"texture":"#2"},"west":{"uv":[0,0,0,0.125],"texture":"#2"},"up":{"uv":[0.5,0,0,0],"texture":"#2"},"down":{"uv":[0.5,0,0,0],"texture":"#2"}}},{"from":[1.62361,-2.34,2.66743],"to":[3.86361,-1.78,3.22743],"rotation":{"angle":0,"axis":"y","origin":[5.62361,-3.14,10.26507]},"faces":{"north":{"uv":[8.5,8,9.0625,8.125],"texture":"#2"},"east":{"uv":[10.25,3.75,10.375,3.875],"texture":"#2"},"south":{"uv":[8.25,8.5,8.8125,8.625],"texture":"#2"},"west":{"uv":[4,10.25,4.125,10.375],"texture":"#2"},"up":{"uv":[9.0625,8.375,8.5,8.25],"texture":"#2"},"down":{"uv":[9.3125,0,8.75,0.125],"texture":"#2"}}},{"from":[7.20753,-2.34,2.0643],"to":[8.16753,-1.78,2.6643],"rotation":{"angle":45,"axis":"y","origin":[5.62361,-3.14,10.26507]},"faces":{"north":{"uv":[9.75,3.5,10,3.625],"texture":"#2"},"east":{"uv":[10.25,4,10.375,4.125],"texture":"#2"},"south":{"uv":[3.75,9.75,4,9.875],"texture":"#2"},"west":{"uv":[10.25,4.25,10.375,4.375],"texture":"#2"},"up":{"uv":[4.25,9.875,4,9.75],"texture":"#2"},"down":{"uv":[10,4,9.75,4.125],"texture":"#2"}}},{"from":[0.94478,-2.34,3.34625],"to":[1.54478,-1.78,5.58625],"rotation":{"angle":0,"axis":"y","origin":[5.62361,-3.14,10.26507]},"faces":{"north":{"uv":[4.5,10.25,4.625,10.375],"texture":"#2"},"east":{"uv":[8.75,0.25,9.3125,0.375],"texture":"#2"},"south":{"uv":[10.25,4.5,10.375,4.625],"texture":"#2"},"west":{"uv":[0.5,8.75,1.0625,8.875],"texture":"#2"},"up":{"uv":[7.625,9.0625,7.5,8.5],"texture":"#2"},"down":{"uv":[1.375,8.75,1.25,9.3125],"texture":"#2"}}},{"from":[-0.99325,-2.34,9.66507],"to":[-0.03325,-1.78,10.26507],"rotation":{"angle":-45,"axis":"y","origin":[5.62361,-3.14,10.26507]},"faces":{"north":{"uv":[4.25,9.75,4.5,9.875],"texture":"#2"},"east":{"uv":[10.25,4.75,10.375,4.875],"texture":"#2"},"south":{"uv":[9.75,4.25,10,4.375],"texture":"#2"},"west":{"uv":[5,10.25,5.125,10.375],"texture":"#2"},"up":{"uv":[10,4.625,9.75,4.5],"texture":"#2"},"down":{"uv":[5,9.75,4.75,9.875],"texture":"#2"}}},{"from":[1.62361,-2.34,5.70507],"to":[3.86361,-1.78,6.26507],"rotation":{"angle":0,"axis":"y","origin":[5.62361,-3.14,10.26507]},"faces":{"north":{"uv":[8.75,0.5,9.3125,0.625],"texture":"#2"},"east":{"uv":[5.25,10.25,5.375,10.375],"texture":"#2"},"south":{"uv":[8.75,1.5,9.3125,1.625],"texture":"#2"},"west":{"uv":[10.25,5.25,10.375,5.375],"texture":"#2"},"up":{"uv":[9.3125,1.875,8.75,1.75],"texture":"#2"},"down":{"uv":[2.5625,8.75,2,8.875],"texture":"#2"}}},{"from":[4.30373,-1.72737,2.66507],"to":[5.02373,-1.16737,3.22507],"rotation":{"angle":22.5,"axis":"z","origin":[5.62361,-3.14,10.26507]},"faces":{"north":{"uv":[1.5,10,1.6875,10.125],"texture":"#2"},"east":{"uv":[10.25,5.5,10.375,5.625],"texture":"#2"},"south":{"uv":[10,1.5,10.1875,1.625],"texture":"#2"},"west":{"uv":[10.25,5.75,10.375,5.875],"texture":"#2"},"up":{"uv":[1.9375,10.125,1.75,10],"texture":"#2"},"down":{"uv":[10.1875,1.75,10,1.875],"texture":"#2"}}},{"from":[3.07914,-2.15621,2.66507],"to":[3.79914,-1.59621,3.22507],"rotation":{"angle":-22.5,"axis":"z","origin":[5.62361,-3.14,10.26507]},"faces":{"north":{"uv":[2,10,2.1875,10.125],"texture":"#2"},"east":{"uv":[6,10.25,6.125,10.375],"texture":"#2"},"south":{"uv":[10,2,10.1875,2.125],"texture":"#2"},"west":{"uv":[10.25,6,10.375,6.125],"texture":"#2"},"up":{"uv":[2.4375,10.125,2.25,10],"texture":"#2"},"down":{"uv":[10.1875,2.25,10,2.375],"texture":"#2"}}},{"from":[4.2888,-2.13553,2.58507],"to":[4.7688,-1.01553,6.34507],"rotation":{"angle":0,"axis":"y","origin":[5.62361,-3.14,10.26507]},"faces":{"north":{"uv":[9.75,4.75,9.875,5],"texture":"#2"},"east":{"uv":[7,2.5,7.9375,2.75],"texture":"#2"},"south":{"uv":[5,9.75,5.125,10],"texture":"#2"},"west":{"uv":[6.25,7,7.1875,7.25],"texture":"#2"},"up":{"uv":[4.375,8.6875,4.25,7.75],"texture":"#2"},"down":{"uv":[4.625,7.75,4.5,8.6875],"texture":"#2"}}},{"from":[4.0488,-1.81553,4.02507],"to":[4.2888,-1.09553,4.90507],"rotation":{"angle":0,"axis":"y","origin":[5.62361,-3.14,10.26507]},"faces":{"north":{"uv":[1.25,10.5,1.3125,10.6875],"texture":"#2"},"east":{"uv":[5.75,9.25,6,9.4375],"texture":"#2"},"south":{"uv":[10.5,1.25,10.5625,1.4375],"texture":"#2"},"west":{"uv":[6,9.25,6.25,9.4375],"texture":"#2"},"up":{"uv":[6.3125,10.5,6.25,10.25],"texture":"#2"},"down":{"uv":[10.3125,6.25,10.25,6.5],"texture":"#2"}}},{"from":[4.1422,-2.32052,2.42507],"to":[4.5422,-0.56052,3.46507],"rotation":{"angle":0,"axis":"y","origin":[5.62361,-3.14,10.26507]},"faces":{"north":{"uv":[7,9,7.125,9.4375],"texture":"#2"},"east":{"uv":[3.5,8,3.75,8.4375],"texture":"#2"},"south":{"uv":[7.75,9,7.875,9.4375],"texture":"#2"},"west":{"uv":[8,5,8.25,5.4375],"texture":"#2"},"up":{"uv":[9.875,5.25,9.75,5],"texture":"#2"},"down":{"uv":[5.375,9.75,5.25,10],"texture":"#2"}}},{"from":[4.1422,-0.56052,2.66507],"to":[4.5422,1.19948,3.22507],"rotation":{"angle":0,"axis":"y","origin":[5.62361,-3.14,10.26507]},"faces":{"north":{"uv":[8,9,8.125,9.4375],"texture":"#2"},"east":{"uv":[8.5,9,8.625,9.4375],"texture":"#2"},"south":{"uv":[9,8.5,9.125,8.9375],"texture":"#2"},"west":{"uv":[8.75,9,8.875,9.4375],"texture":"#2"},"up":{"uv":[6.625,10.375,6.5,10.25],"texture":"#2"},"down":{"uv":[10.375,6.5,10.25,6.625],"texture":"#2"}}},{"from":[4.2888,-1.81553,2.32507],"to":[4.7688,-1.33553,2.48507],"rotation":{"angle":0,"axis":"y","origin":[5.62361,-3.14,10.26507]},"faces":{"north":{"uv":[6.75,10.25,6.875,10.375],"texture":"#2"},"east":{"uv":[7.75,10.5,7.8125,10.625],"texture":"#2"},"south":{"uv":[10.25,6.75,10.375,6.875],"texture":"#2"},"west":{"uv":[10.5,7.75,10.5625,7.875],"texture":"#2"},"up":{"uv":[8.125,10.5625,8,10.5],"texture":"#2"},"down":{"uv":[10.625,8,10.5,8.0625],"texture":"#2"}}},{"from":[1.6,0.2,2.5],"to":[2.3,1.4,2.7],"rotation":{"angle":-22.5,"axis":"z","origin":[-0.3,-6,0.7]},"faces":{"north":{"uv":[9,3.25,9.1875,3.5625],"texture":"#2"},"east":{"uv":[10,9.25,10.0625,9.5625],"texture":"#2"},"south":{"uv":[9,3.75,9.1875,4.0625],"texture":"#2"},"west":{"uv":[9.5,10,9.5625,10.3125],"texture":"#2"},"up":{"uv":[10.6875,1.5625,10.5,1.5],"texture":"#2"},"down":{"uv":[10.6875,1.75,10.5,1.8125],"texture":"#2"}}},{"from":[4.1422,-0.56052,5.70507],"to":[4.5422,1.19948,6.26507],"rotation":{"angle":0,"axis":"y","origin":[5.62361,-3.14,13.30507]},"faces":{"north":{"uv":[9,9,9.125,9.4375],"texture":"#2"},"east":{"uv":[0.5,9.25,0.625,9.6875],"texture":"#2"},"south":{"uv":[0.75,9.25,0.875,9.6875],"texture":"#2"},"west":{"uv":[9.25,0.75,9.375,1.1875],"texture":"#2"},"up":{"uv":[7.125,10.375,7,10.25],"texture":"#2"},"down":{"uv":[10.375,7,10.25,7.125],"texture":"#2"}}},{"from":[4.1422,-2.32052,5.46507],"to":[4.5422,-0.56052,6.50507],"rotation":{"angle":0,"axis":"y","origin":[5.62361,-3.14,13.30507]},"faces":{"north":{"uv":[1,9.25,1.125,9.6875],"texture":"#2"},"east":{"uv":[8,5.5,8.25,5.9375],"texture":"#2"},"south":{"uv":[1.5,9.25,1.625,9.6875],"texture":"#2"},"west":{"uv":[6,8,6.25,8.4375],"texture":"#2"},"up":{"uv":[5.625,10,5.5,9.75],"texture":"#2"},"down":{"uv":[5.875,9.75,5.75,10],"texture":"#2"}}},{"from":[4.30373,-1.72737,5.70507],"to":[5.02373,-1.16737,6.26507],"rotation":{"angle":22.5,"axis":"z","origin":[5.62361,-3.14,13.30507]},"faces":{"north":{"uv":[2.5,10,2.6875,10.125],"texture":"#2"},"east":{"uv":[7.25,10.25,7.375,10.375],"texture":"#2"},"south":{"uv":[10,2.5,10.1875,2.625],"texture":"#2"},"west":{"uv":[10.25,7.25,10.375,7.375],"texture":"#2"},"up":{"uv":[2.9375,10.125,2.75,10],"texture":"#2"},"down":{"uv":[10.1875,2.75,10,2.875],"texture":"#2"}}},{"from":[3.07914,-2.15621,5.70507],"to":[3.79914,-1.59621,6.26507],"rotation":{"angle":-22.5,"axis":"z","origin":[5.62361,-3.14,13.30507]},"faces":{"north":{"uv":[10,3,10.1875,3.125],"texture":"#2"},"east":{"uv":[10.25,7.5,10.375,7.625],"texture":"#2"},"south":{"uv":[3.25,10,3.4375,10.125],"texture":"#2"},"west":{"uv":[7.75,10.25,7.875,10.375],"texture":"#2"},"up":{"uv":[10.1875,3.375,10,3.25],"texture":"#2"},"down":{"uv":[3.6875,10,3.5,10.125],"texture":"#2"}}},{"from":[4.2888,-1.81553,6.41493],"to":[4.7688,-1.33553,6.57493],"rotation":{"angle":0,"axis":"y","origin":[5.62361,-3.14,7.13493]},"faces":{"north":{"uv":[10.25,7.75,10.375,7.875],"texture":"#2"},"east":{"uv":[8.25,10.5,8.3125,10.625],"texture":"#2"},"south":{"uv":[8,10.25,8.125,10.375],"texture":"#2"},"west":{"uv":[10.5,8.25,10.5625,8.375],"texture":"#2"},"up":{"uv":[8.625,10.5625,8.5,10.5],"texture":"#2"},"down":{"uv":[10.625,8.5,10.5,8.5625],"texture":"#2"}}},{"from":[1.8,0.9,2.2],"to":[2,2.1,2.9],"rotation":{"angle":-22.5,"axis":"z","origin":[-0.3,-6,0.7]},"faces":{"north":{"uv":[9.75,10,9.8125,10.3125],"texture":"#2"},"east":{"uv":[9,4.25,9.1875,4.5625],"texture":"#2"},"south":{"uv":[10,9.75,10.0625,10.0625],"texture":"#2"},"west":{"uv":[9,4.75,9.1875,5.0625],"texture":"#2"},"up":{"uv":[10.5625,2.1875,10.5,2],"texture":"#2"},"down":{"uv":[10.5625,2.25,10.5,2.4375],"texture":"#2"}}},{"from":[1.6,1.6,2.5],"to":[2.3,2.8,2.7],"rotation":{"angle":-22.5,"axis":"z","origin":[-0.3,-6,0.7]},"faces":{"north":{"uv":[9,5.5,9.1875,5.8125],"texture":"#2"},"east":{"uv":[0,10.25,0.0625,10.5625],"texture":"#2"},"south":{"uv":[6.25,9,6.4375,9.3125],"texture":"#2"},"west":{"uv":[0.25,10.25,0.3125,10.5625],"texture":"#2"},"up":{"uv":[2.6875,10.5625,2.5,10.5],"texture":"#2"},"down":{"uv":[10.6875,2.5,10.5,2.5625],"texture":"#2"}}},{"from":[5,1.1,-0.7],"to":[5.2,2.3,0],"rotation":{"angle":22.5,"axis":"x","origin":[-0.3,-6,0.7]},"faces":{"north":{"uv":[10.25,0.25,10.3125,0.5625],"texture":"#2"},"east":{"uv":[6.5,9,6.6875,9.3125],"texture":"#2"},"south":{"uv":[0.5,10.25,0.5625,10.5625],"texture":"#2"},"west":{"uv":[6.75,9,6.9375,9.3125],"texture":"#2"},"up":{"uv":[2.8125,10.6875,2.75,10.5],"texture":"#2"},"down":{"uv":[10.5625,2.75,10.5,2.9375],"texture":"#2"}}},{"from":[6.26,-6,1.44],"to":[9.54,-5.344,1.768],"rotation":{"angle":0,"axis":"y","origin":[0.52,-6,1.44]},"faces":{"north":{"uv":[0,7.75,0.8125,7.9375],"texture":"#2"},"east":{"uv":[3,10.5,3.0625,10.6875],"texture":"#2"},"south":{"uv":[7.75,0,8.5625,0.1875],"texture":"#2"},"west":{"uv":[10.5,3,10.5625,3.1875],"texture":"#2"},"up":{"uv":[10.0625,5.5625,9.25,5.5],"texture":"#2"},"down":{"uv":[10.0625,5.75,9.25,5.8125],"texture":"#2"}}},{"from":[7.17168,-3.57391,1.44],"to":[7.82768,-1.11391,1.768],"rotation":{"angle":-22.5,"axis":"z","origin":[7.82768,-12.59391,1.44]},"faces":{"north":{"uv":[4.75,7.75,4.9375,8.375],"texture":"#2"},"east":{"uv":[3,9.5,3.0625,10.125],"texture":"#2"},"south":{"uv":[5,7.75,5.1875,8.375],"texture":"#2"},"west":{"uv":[9.5,3,9.5625,3.625],"texture":"#2"},"up":{"uv":[3.4375,10.5625,3.25,10.5],"texture":"#2"},"down":{"uv":[10.6875,3.25,10.5,3.3125],"texture":"#2"}}},{"from":[13.62293,-15.85707,1.44],"to":[16.08293,-15.20107,1.768],"rotation":{"angle":45,"axis":"z","origin":[-0.31707,-15.85707,1.44]},"faces":{"north":{"uv":[7.75,4.25,8.375,4.4375],"texture":"#2"},"east":{"uv":[3.5,10.5,3.5625,10.6875],"texture":"#2"},"south":{"uv":[7.75,4.5,8.375,4.6875],"texture":"#2"},"west":{"uv":[10.5,3.5,10.5625,3.6875],"texture":"#2"},"up":{"uv":[4.375,9.5625,3.75,9.5],"texture":"#2"},"down":{"uv":[10.125,3.75,9.5,3.8125],"texture":"#2"}}},{"from":[11.56488,-1.98777,1.438],"to":[12.22088,0.47223,1.766],"rotation":{"angle":0,"axis":"y","origin":[12.22088,9.49223,1.44]},"faces":{"north":{"uv":[5.25,7.75,5.4375,8.375],"texture":"#2"},"east":{"uv":[4.5,9.5,4.5625,10.125],"texture":"#2"},"south":{"uv":[5.75,7.75,5.9375,8.375],"texture":"#2"},"west":{"uv":[9.5,4.5,9.5625,5.125],"texture":"#2"},"up":{"uv":[3.9375,10.5625,3.75,10.5],"texture":"#2"},"down":{"uv":[10.6875,3.75,10.5,3.8125],"texture":"#2"}}},{"from":[13.92908,12.94642,1.44],"to":[16.38908,13.60242,1.768],"rotation":{"angle":-45,"axis":"z","origin":[-0.01092,13.60242,1.44]},"faces":{"north":{"uv":[6,7.75,6.625,7.9375],"texture":"#2"},"east":{"uv":[4,10.5,4.0625,10.6875],"texture":"#2"},"south":{"uv":[7.75,6.5,8.375,6.6875],"texture":"#2"},"west":{"uv":[10.5,4,10.5625,4.1875],"texture":"#2"},"up":{"uv":[5.875,9.5625,5.25,9.5],"texture":"#2"},"down":{"uv":[10.125,5.25,9.5,5.3125],"texture":"#2"}}},{"from":[7.17168,-0.40164,1.44],"to":[7.82768,1.25836,1.768],"rotation":{"angle":22.5,"axis":"z","origin":[7.82768,11.07836,1.44]},"faces":{"north":{"uv":[5.5,8.25,5.6875,8.6875],"texture":"#2"},"east":{"uv":[10,0.5,10.0625,0.9375],"texture":"#2"},"south":{"uv":[8.25,8,8.4375,8.4375],"texture":"#2"},"west":{"uv":[1,10,1.0625,10.4375],"texture":"#2"},"up":{"uv":[4.4375,10.5625,4.25,10.5],"texture":"#2"},"down":{"uv":[10.6875,4.25,10.5,4.3125],"texture":"#2"}}},{"from":[7.97232,-0.30164,1.44],"to":[8.62832,2.15836,1.768],"rotation":{"angle":-22.5,"axis":"z","origin":[7.97232,11.17836,1.44]},"faces":{"north":{"uv":[6.75,7.75,6.9375,8.375],"texture":"#2"},"east":{"uv":[6,9.5,6.0625,10.125],"texture":"#2"},"south":{"uv":[7,7.75,7.1875,8.375],"texture":"#2"},"west":{"uv":[6.25,9.5,6.3125,10.125],"texture":"#2"},"up":{"uv":[4.6875,10.5625,4.5,10.5],"texture":"#2"},"down":{"uv":[10.6875,4.5,10.5,4.5625],"texture":"#2"}}},{"from":[-0.28293,13.78552,1.44],"to":[2.17707,14.44152,1.768],"rotation":{"angle":45,"axis":"z","origin":[16.11707,14.44152,1.44]},"faces":{"north":{"uv":[7.75,6.75,8.375,6.9375],"texture":"#2"},"east":{"uv":[4.75,10.5,4.8125,10.6875],"texture":"#2"},"south":{"uv":[0,8,0.625,8.1875],"texture":"#2"},"west":{"uv":[10.5,4.75,10.5625,4.9375],"texture":"#2"},"up":{"uv":[7.125,9.5625,6.5,9.5],"texture":"#2"},"down":{"uv":[10.125,7,9.5,7.0625],"texture":"#2"}}},{"from":[3.57912,-1.98777,1.438],"to":[4.23512,0.57223,1.766],"rotation":{"angle":0,"axis":"y","origin":[3.57912,10.49223,1.44]},"faces":{"north":{"uv":[0.75,8,0.9375,8.625],"texture":"#2"},"east":{"uv":[9.5,7.25,9.5625,7.875],"texture":"#2"},"south":{"uv":[8,0.75,8.1875,1.375],"texture":"#2"},"west":{"uv":[7.75,9.5,7.8125,10.125],"texture":"#2"},"up":{"uv":[5.1875,10.5625,5,10.5],"texture":"#2"},"down":{"uv":[10.6875,5,10.5,5.0625],"texture":"#2"}}},{"from":[-0.28293,-15.85707,1.44],"to":[2.17707,-15.20107,1.768],"rotation":{"angle":-45,"axis":"z","origin":[16.11707,-15.85707,1.44]},"faces":{"north":{"uv":[8,1.5,8.625,1.6875],"texture":"#2"},"east":{"uv":[5.25,10.5,5.3125,10.6875],"texture":"#2"},"south":{"uv":[8,1.75,8.625,1.9375],"texture":"#2"},"west":{"uv":[10.5,5.25,10.5625,5.4375],"texture":"#2"},"up":{"uv":[9.125,9.5625,8.5,9.5],"texture":"#2"},"down":{"uv":[10.125,8.5,9.5,8.5625],"texture":"#2"}}},{"from":[7.97232,-3.57391,1.44],"to":[8.62832,-1.11391,1.768],"rotation":{"angle":22.5,"axis":"z","origin":[7.97232,-12.59391,1.44]},"faces":{"north":{"uv":[3,8,3.1875,8.625],"texture":"#2"},"east":{"uv":[8,9.5,8.0625,10.125],"texture":"#2"},"south":{"uv":[3.25,8,3.4375,8.625],"texture":"#2"},"west":{"uv":[9.25,9.5,9.3125,10.125],"texture":"#2"},"up":{"uv":[5.6875,10.5625,5.5,10.5],"texture":"#2"},"down":{"uv":[10.6875,5.5,10.5,5.5625],"texture":"#2"}}},{"from":[2.80764,-10.34289,1.35],"to":[4.3663,-9.92729,1.65782],"rotation":{"angle":-45,"axis":"z","origin":[13.19868,-10.34289,1.34958]},"faces":{"north":{"uv":[9.25,6.5,9.625,6.625],"texture":"#2"},"east":{"uv":[8.75,10.5,8.8125,10.625],"texture":"#2"},"south":{"uv":[9.25,6.75,9.625,6.875],"texture":"#2"},"west":{"uv":[10.5,8.75,10.5625,8.875],"texture":"#2"},"up":{"uv":[10.375,3.5625,10,3.5],"texture":"#2"},"down":{"uv":[4.125,10,3.75,10.0625],"texture":"#2"}}},{"from":[5.26229,-1.51705,1.35958],"to":[5.67793,0.0416,1.6674],"rotation":{"angle":0,"axis":"y","origin":[5.06229,5.75667,1.35958]},"faces":{"north":{"uv":[9.25,7,9.375,7.375],"texture":"#2"},"east":{"uv":[10,4,10.0625,4.375],"texture":"#2"},"south":{"uv":[7.25,9.25,7.375,9.625],"texture":"#2"},"west":{"uv":[4.25,10,4.3125,10.375],"texture":"#2"},"up":{"uv":[9.125,10.5625,9,10.5],"texture":"#2"},"down":{"uv":[10.625,9,10.5,9.0625],"texture":"#2"}}},{"from":[2.71529,8.11355,1.36],"to":[3.97395,8.52919,1.66782],"rotation":{"angle":45,"axis":"z","origin":[13.10633,8.82919,1.35958]},"faces":{"north":{"uv":[9.5,8.75,9.8125,8.875],"texture":"#2"},"east":{"uv":[9.25,10.5,9.3125,10.625],"texture":"#2"},"south":{"uv":[9.5,9.5,9.8125,9.625],"texture":"#2"},"west":{"uv":[10.5,9.25,10.5625,9.375],"texture":"#2"},"up":{"uv":[10.3125,8.3125,10,8.25],"texture":"#2"},"down":{"uv":[10.5625,0.75,10.25,0.8125],"texture":"#2"}}},{"from":[8.04582,-0.51208,1.35],"to":[8.46146,1.04658,1.65782],"rotation":{"angle":-22.5,"axis":"z","origin":[7.94582,6.76165,1.35958]},"faces":{"north":{"uv":[7.5,9.25,7.625,9.625],"texture":"#2"},"east":{"uv":[10,4.5,10.0625,4.875],"texture":"#2"},"south":{"uv":[9.25,7.5,9.375,7.875],"texture":"#2"},"west":{"uv":[4.75,10,4.8125,10.375],"texture":"#2"},"up":{"uv":[9.625,10.5625,9.5,10.5],"texture":"#2"},"down":{"uv":[10.625,9.5,10.5,9.5625],"texture":"#2"}}},{"from":[6.8609,1.8408,1.34],"to":[8.9391,2.25644,1.64782],"rotation":{"angle":0,"axis":"y","origin":[3.22403,-4.0592,1.35958]},"faces":{"north":{"uv":[6.75,8.75,7.25,8.875],"texture":"#2"},"east":{"uv":[9.75,10.5,9.8125,10.625],"texture":"#2"},"south":{"uv":[7.75,8.75,8.25,8.875],"texture":"#2"},"west":{"uv":[10.5,9.75,10.5625,9.875],"texture":"#2"},"up":{"uv":[7,9.8125,6.5,9.75],"texture":"#2"},"down":{"uv":[10.25,6.5,9.75,6.5625],"texture":"#2"}}},{"from":[7.53854,-0.51208,1.35],"to":[7.95418,1.14658,1.65782],"rotation":{"angle":22.5,"axis":"z","origin":[7.85418,6.76165,1.35958]},"faces":{"north":{"uv":[1.75,9.25,1.875,9.6875],"texture":"#2"},"east":{"uv":[10,1,10.0625,1.4375],"texture":"#2"},"south":{"uv":[2,9.25,2.125,9.6875],"texture":"#2"},"west":{"uv":[1.25,10,1.3125,10.4375],"texture":"#2"},"up":{"uv":[10.125,10.5625,10,10.5],"texture":"#2"},"down":{"uv":[10.625,10,10.5,10.0625],"texture":"#2"}}},{"from":[11.52605,8.51355,1.36],"to":[13.08471,8.92915,1.66782],"rotation":{"angle":-45,"axis":"z","origin":[2.69367,8.82919,1.35958]},"faces":{"north":{"uv":[9.25,8,9.625,8.125],"texture":"#2"},"east":{"uv":[10.25,10.5,10.3125,10.625],"texture":"#2"},"south":{"uv":[9.25,8.25,9.625,8.375],"texture":"#2"},"west":{"uv":[10.5,10.25,10.5625,10.375],"texture":"#2"},"up":{"uv":[5.375,10.0625,5,10],"texture":"#2"},"down":{"uv":[10.375,5,10,5.0625],"texture":"#2"}}},{"from":[10.32207,-1.51705,1.35958],"to":[10.73767,0.0416,1.6674],"rotation":{"angle":0,"axis":"y","origin":[10.63771,5.75667,1.35958]},"faces":{"north":{"uv":[8.25,9.25,8.375,9.625],"texture":"#2"},"east":{"uv":[5.5,10,5.5625,10.375],"texture":"#2"},"south":{"uv":[9.25,8.5,9.375,8.875],"texture":"#2"},"west":{"uv":[5.75,10,5.8125,10.375],"texture":"#2"},"up":{"uv":[10.625,10.5625,10.5,10.5],"texture":"#2"},"down":{"uv":[0.125,10.75,0,10.8125],"texture":"#2"}}},{"from":[11.6184,-10.34289,1.35],"to":[13.17706,-9.92729,1.65782],"rotation":{"angle":45,"axis":"z","origin":[2.78602,-10.34289,1.34958]},"faces":{"north":{"uv":[9.25,9,9.625,9.125],"texture":"#2"},"east":{"uv":[10.75,0,10.8125,0.125],"texture":"#2"},"south":{"uv":[9.25,9.25,9.625,9.375],"texture":"#2"},"west":{"uv":[0.25,10.75,0.3125,10.875],"texture":"#2"},"up":{"uv":[6.875,10.0625,6.5,10],"texture":"#2"},"down":{"uv":[7.375,10,7,10.0625],"texture":"#2"}}},{"from":[7.53854,-2.52203,1.35],"to":[7.95414,-0.96337,1.65782],"rotation":{"angle":-22.5,"axis":"z","origin":[7.85418,-8.2371,1.35958]},"faces":{"north":{"uv":[9.5,0,9.625,0.375],"texture":"#2"},"east":{"uv":[10,7.25,10.0625,7.625],"texture":"#2"},"south":{"uv":[9.5,0.5,9.625,0.875],"texture":"#2"},"west":{"uv":[7.5,10,7.5625,10.375],"texture":"#2"},"up":{"uv":[10.875,0.3125,10.75,0.25],"texture":"#2"},"down":{"uv":[0.625,10.75,0.5,10.8125],"texture":"#2"}}},{"from":[7.84582,-2.52203,1.35],"to":[8.26146,-0.96337,1.65782],"rotation":{"angle":22.5,"axis":"z","origin":[7.84582,-8.2371,1.35958]},"faces":{"north":{"uv":[1.25,9.5,1.375,9.875],"texture":"#2"},"east":{"uv":[10,7.75,10.0625,8.125],"texture":"#2"},"south":{"uv":[9.5,1.5,9.625,1.875],"texture":"#2"},"west":{"uv":[8.25,10,8.3125,10.375],"texture":"#2"},"up":{"uv":[10.875,0.5625,10.75,0.5],"texture":"#2"},"down":{"uv":[0.875,10.75,0.75,10.8125],"texture":"#2"}}},{"from":[6.26,3.92845,1.44],"to":[9.54,4.58445,1.768],"rotation":{"angle":0,"axis":"y","origin":[0.52,4.58445,1.44]},"faces":{"north":{"uv":[7.75,0.25,8.5625,0.4375],"texture":"#2"},"east":{"uv":[5.75,10.5,5.8125,10.6875],"texture":"#2"},"south":{"uv":[7.75,0.5,8.5625,0.6875],"texture":"#2"},"west":{"uv":[10.5,5.75,10.5625,5.9375],"texture":"#2"},"up":{"uv":[10.0625,6.0625,9.25,6],"texture":"#2"},"down":{"uv":[10.0625,6.25,9.25,6.3125],"texture":"#2"}}},{"from":[7.38615,3.08935,1.44],"to":[9.84615,3.74535,1.768],"rotation":{"angle":0,"axis":"y","origin":[-3.55385,3.74535,1.44]},"faces":{"north":{"uv":[8,2,8.625,2.1875],"texture":"#2"},"east":{"uv":[6,10.5,6.0625,10.6875],"texture":"#2"},"south":{"uv":[8,2.5,8.625,2.6875],"texture":"#2"},"west":{"uv":[10.5,6,10.5625,6.1875],"texture":"#2"},"up":{"uv":[0.625,9.8125,0,9.75],"texture":"#2"},"down":{"uv":[10.375,0,9.75,0.0625],"texture":"#2"}}},{"from":[9.7,-1.9,1.3],"to":[11.4,1.2,1.8],"rotation":{"angle":22.5,"axis":"z","origin":[-0.1,-6,0]},"faces":{"north":{"uv":[6.5,4.75,6.9375,5.5],"texture":"#2"},"east":{"uv":[7.75,8,7.875,8.75],"texture":"#2"},"south":{"uv":[5.25,6.5,5.6875,7.25],"texture":"#2"},"west":{"uv":[8,8,8.125,8.75],"texture":"#2"},"up":{"uv":[9.6875,1.375,9.25,1.25],"texture":"#2"},"down":{"uv":[9.6875,2,9.25,2.125],"texture":"#2"}}},{"from":[9.34217,2.9087,1.3],"to":[11.04217,5.3087,1.8],"rotation":{"angle":-45,"axis":"z","origin":[7.5,3.2,0]},"faces":{"north":{"uv":[0,7,0.4375,7.625],"texture":"#2"},"east":{"uv":[1.5,8.5,1.625,9.125],"texture":"#2"},"south":{"uv":[0.5,7,0.9375,7.625],"texture":"#2"},"west":{"uv":[1.75,8.5,1.875,9.125],"texture":"#2"},"up":{"uv":[9.6875,2.625,9.25,2.5],"texture":"#2"},"down":{"uv":[3.1875,9.25,2.75,9.375],"texture":"#2"}}},{"from":[9.9087,-0.84217,1.3],"to":[12.3087,0.85783,1.8],"rotation":{"angle":0,"axis":"y","origin":[7.5,3.2,0]},"faces":{"north":{"uv":[1,7,1.625,7.4375],"texture":"#2"},"east":{"uv":[9.25,3,9.375,3.4375],"texture":"#2"},"south":{"uv":[7,1.5,7.625,1.9375],"texture":"#2"},"west":{"uv":[3.25,9.25,3.375,9.6875],"texture":"#2"},"up":{"uv":[8.875,5.875,8.25,5.75],"texture":"#2"},"down":{"uv":[9.125,0.75,8.5,0.875],"texture":"#2"}}},{"from":[13.1087,0.05783,1.3],"to":[15.5087,1.75783,1.8],"rotation":{"angle":-45,"axis":"z","origin":[7.5,3.2,0]},"faces":{"north":{"uv":[1.75,7,2.375,7.4375],"texture":"#2"},"east":{"uv":[3.5,9.25,3.625,9.6875],"texture":"#2"},"south":{"uv":[7,2,7.625,2.4375],"texture":"#2"},"west":{"uv":[9.25,3.5,9.375,3.9375],"texture":"#2"},"up":{"uv":[9.125,1.125,8.5,1],"texture":"#2"},"down":{"uv":[2.625,8.5,2,8.625],"texture":"#2"}}},{"from":[7.65783,-6.0087,1.3],"to":[9.35783,-3.6087,1.8],"rotation":{"angle":0,"axis":"y","origin":[7.5,3.2,0]},"faces":{"north":{"uv":[2.5,7,2.9375,7.625],"texture":"#2"},"east":{"uv":[2.75,8.5,2.875,9.125],"texture":"#2"},"south":{"uv":[4.5,7,4.9375,7.625],"texture":"#2"},"west":{"uv":[3.5,8.5,3.625,9.125],"texture":"#2"},"up":{"uv":[4.1875,9.375,3.75,9.25],"texture":"#2"},"down":{"uv":[9.6875,4,9.25,4.125],"texture":"#2"}}},{"from":[10.95783,-4.3087,1.3],"to":[12.65783,-1.9087,1.8],"rotation":{"angle":0,"axis":"x","origin":[7.5,3.2,0]},"rotated":[0,0.37381,-44.99261],"faces":{"north":{"uv":[7,4.75,7.4375,5.375],"texture":"#2"},"east":{"uv":[8.5,3.75,8.625,4.375],"texture":"#2"},"south":{"uv":[5.75,7,6.1875,7.625],"texture":"#2"},"west":{"uv":[8.5,4.5,8.625,5.125],"texture":"#2"},"up":{"uv":[4.6875,9.375,4.25,9.25],"texture":"#2"},"down":{"uv":[9.6875,4.25,9.25,4.375],"texture":"#2"}}},{"from":[4.7913,-1.05783,1.3],"to":[7.5913,0.84217,1.8],"rotation":{"angle":-22.5,"axis":"z","origin":[7.5,3.2,0]},"faces":{"north":{"uv":[6.5,4.25,7.1875,4.75],"texture":"#2"},"east":{"uv":[7.25,8.75,7.375,9.25],"texture":"#2"},"south":{"uv":[4.5,6.5,5.1875,7],"texture":"#2"},"west":{"uv":[8.25,8.75,8.375,9.25],"texture":"#2"},"up":{"uv":[8.9375,1.375,8.25,1.25],"texture":"#2"},"down":{"uv":[8.9375,5.5,8.25,5.625],"texture":"#2"}}},{"from":[6.95325,-4.09745,1.33],"to":[9.03145,-3.68185,1.63782],"rotation":{"angle":0,"axis":"y","origin":[3.31638,-4.09745,1.34958]},"faces":{"north":{"uv":[8.5,8.75,9,8.875],"texture":"#2"},"east":{"uv":[10.75,0.75,10.8125,0.875],"texture":"#2"},"south":{"uv":[0.5,9,1,9.125],"texture":"#2"},"west":{"uv":[1,10.75,1.0625,10.875],"texture":"#2"},"up":{"uv":[10.25,6.8125,9.75,6.75],"texture":"#2"},"down":{"uv":[7.5,9.75,7,9.8125],"texture":"#2"}}},{"from":[5.5,-3.9,1.37],"to":[10.4,2.2,1.57],"rotation":{"angle":0,"axis":"y","origin":[0,-6,0]},"faces":{"north":{"uv":[3,1.5,4.25,3],"texture":"#2"},"east":{"uv":[0,8.25,0.0625,9.75],"texture":"#2"},"south":{"uv":[3,3,4.25,4.5],"texture":"#2"},"west":{"uv":[0.25,8.25,0.3125,9.75],"texture":"#2"},"up":{"uv":[9.75,2.3125,8.5,2.25],"texture":"#2"},"down":{"uv":[9.75,2.75,8.5,2.8125],"texture":"#2"}}},{"from":[2.4,-0.4,6.4],"to":[13.6,2.7,9.5],"rotation":{"angle":-22.5,"axis":"x","origin":[16,-6,0]},"faces":{"north":{"uv":[0,2.25,2.8125,3],"texture":"#2"},"east":{"uv":[3,4.5,3.75,5.25],"texture":"#2"},"south":{"uv":[0,3,2.8125,3.75],"texture":"#2"},"west":{"uv":[3,5.25,3.75,6],"texture":"#2"},"up":{"uv":[5.8125,0.75,3,0],"texture":"#2"},"down":{"uv":[5.8125,0.75,3,1.5],"texture":"#2"}}},{"from":[5,-6,3.2],"to":[11,3,6.3],"rotation":{"angle":0,"axis":"y","origin":[0,-6,0]},"faces":{"north":{"uv":[0,0,1.5,2.25],"texture":"#2"},"east":{"uv":[4.25,1.5,5,3.75],"texture":"#2"},"south":{"uv":[1.5,0,3,2.25],"texture":"#2"},"west":{"uv":[4.25,3.75,5,6],"texture":"#2"},"up":{"uv":[6.5,4.25,5,3.5],"texture":"#2"},"down":{"uv":[6.5,4.25,5,5],"texture":"#2"}}},{"from":[5,1.1,6],"to":[11,2.7,6.4],"rotation":{"angle":-22.5,"axis":"x","origin":[0,-6,0]},"faces":{"north":{"uv":[6,0.5,7.5,0.875],"texture":"#2"},"east":{"uv":[2.25,9.5,2.375,9.875],"texture":"#2"},"south":{"uv":[6,1,7.5,1.375],"texture":"#2"},"west":{"uv":[2.5,9.5,2.625,9.875],"texture":"#2"},"up":{"uv":[8.75,3.375,7.25,3.25],"texture":"#2"},"down":{"uv":[8.75,3.5,7.25,3.625],"texture":"#2"}}},{"from":[5,2.7,6],"to":[11,3.4,9.5],"rotation":{"angle":-22.5,"axis":"x","origin":[0,-6,0]},"faces":{"north":{"uv":[6.5,5.5,8,5.6875],"texture":"#2"},"east":{"uv":[1.5,7.5,2.375,7.6875],"texture":"#2"},"south":{"uv":[5.75,6.5,7.25,6.6875],"texture":"#2"},"west":{"uv":[7.5,4.75,8.375,4.9375],"texture":"#2"},"up":{"uv":[6.5,2.375,5,1.5],"texture":"#2"},"down":{"uv":[6.5,2.5,5,3.375],"texture":"#2"}}},{"from":[5,-0.4,9.5],"to":[11,3.4,10.2],"rotation":{"angle":-22.5,"axis":"x","origin":[0,-6,0]},"faces":{"north":{"uv":[0,5,1.5,5.9375],"texture":"#2"},"east":{"uv":[5.5,7.25,5.6875,8.1875],"texture":"#2"},"south":{"uv":[1.5,5,3,5.9375],"texture":"#2"},"west":{"uv":[7.25,7,7.4375,7.9375],"texture":"#2"},"up":{"uv":[8,5.9375,6.5,5.75],"texture":"#2"},"down":{"uv":[7.25,6.75,5.75,6.9375],"texture":"#2"}}},{"from":[5.05,-4.79887,1.56153],"to":[10.95,-2.99887,2.96153],"rotation":{"angle":22.5,"axis":"x","origin":[0,-5.99887,0.06153]},"faces":{"north":{"uv":[5,5,6.5,5.4375],"texture":"#2"},"east":{"uv":[7.5,5,7.875,5.4375],"texture":"#2"},"south":{"uv":[5,5.5,6.5,5.9375],"texture":"#2"},"west":{"uv":[7.5,6,7.875,6.4375],"texture":"#2"},"up":{"uv":[3,6.375,1.5,6],"texture":"#2"},"down":{"uv":[4.5,6,3,6.375],"texture":"#2"}}},{"from":[5,-5.46424,1.90657],"to":[11,-0.36424,3.20657],"rotation":{"angle":0,"axis":"y","origin":[-0.05,-6.06424,1.80657]},"faces":{"north":{"uv":[0,3.75,1.5,5],"texture":"#2"},"east":{"uv":[3.75,4.5,4.0625,5.75],"texture":"#2"},"south":{"uv":[1.5,3.75,3,5],"texture":"#2"},"west":{"uv":[6.5,1.5,6.8125,2.75],"texture":"#2"},"up":{"uv":[1.5,6.8125,0,6.5],"texture":"#2"},"down":{"uv":[3,6.5,1.5,6.8125],"texture":"#2"}}},{"from":[5.05,-2.82961,1.56153],"to":[10.95,-1.02961,2.96153],"rotation":{"angle":-22.5,"axis":"x","origin":[16.05,0.17039,0.06153]},"faces":{"north":{"uv":[0,6,1.5,6.4375],"texture":"#2"},"east":{"uv":[7.5,7,7.875,7.4375],"texture":"#2"},"south":{"uv":[6,0,7.5,0.4375],"texture":"#2"},"west":{"uv":[7.5,7.5,7.875,7.9375],"texture":"#2"},"up":{"uv":[6,6.375,4.5,6],"texture":"#2"},"down":{"uv":[7.5,6,6,6.375],"texture":"#2"}}},{"from":[7.6,1.2,5.9],"to":[8.4,3.5,6.8],"rotation":{"angle":-22.5,"axis":"x","origin":[16,-6,0]},"faces":{"north":{"uv":[6.25,8,6.4375,8.5625],"texture":"#2"},"east":{"uv":[7.75,0.75,8,1.3125],"texture":"#2"},"south":{"uv":[6.5,8,6.6875,8.5625],"texture":"#2"},"west":{"uv":[1.5,7.75,1.75,8.3125],"texture":"#2"},"up":{"uv":[9.6875,1.25,9.5,1],"texture":"#2"},"down":{"uv":[2.9375,9.5,2.75,9.75],"texture":"#2"}}},{"from":[7.6,1.40893,2.9941],"to":[8.4,2.20893,3.2941],"rotation":{"angle":0,"axis":"y","origin":[16,-4.99107,1.0941]},"faces":{"north":{"uv":[9.75,0.75,9.9375,0.9375],"texture":"#2"},"east":{"uv":[6.25,10.5,6.3125,10.6875],"texture":"#2"},"south":{"uv":[1,9.75,1.1875,9.9375],"texture":"#2"},"west":{"uv":[10.5,6.25,10.5625,6.4375],"texture":"#2"},"up":{"uv":[6.6875,10.5625,6.5,10.5],"texture":"#2"},"down":{"uv":[10.6875,6.5,10.5,6.5625],"texture":"#2"}}},{"from":[7.7,3.80893,5.9941],"to":[8.3,4.10893,6.5941],"rotation":{"angle":-22.5,"axis":"x","origin":[16,-4.99107,1.0941]},"faces":{"north":{"uv":[10.75,1,10.875,1.0625],"texture":"#2"},"east":{"uv":[1.25,10.75,1.375,10.8125],"texture":"#2"},"south":{"uv":[10.75,1.25,10.875,1.3125],"texture":"#2"},"west":{"uv":[1.5,10.75,1.625,10.8125],"texture":"#2"},"up":{"uv":[10.375,8.125,10.25,8],"texture":"#2"},"down":{"uv":[10.375,8.5,10.25,8.625],"texture":"#2"}}},{"from":[4.7,-4.39107,2.5941],"to":[5,-3.79107,3.1941],"rotation":{"angle":0,"axis":"y","origin":[16,-4.99107,1.0941]},"faces":{"north":{"uv":[10.75,1.5,10.8125,1.625],"texture":"#2"},"east":{"uv":[10.25,8.75,10.375,8.875],"texture":"#2"},"south":{"uv":[1.75,10.75,1.8125,10.875],"texture":"#2"},"west":{"uv":[10.25,9,10.375,9.125],"texture":"#2"},"up":{"uv":[10.8125,1.875,10.75,1.75],"texture":"#2"},"down":{"uv":[2.0625,10.75,2,10.875],"texture":"#2"}}},{"from":[11,-4.39107,2.5941],"to":[11.3,-3.79107,3.1941],"rotation":{"angle":0,"axis":"y","origin":[0,-4.99107,1.0941]},"faces":{"north":{"uv":[10.75,2,10.8125,2.125],"texture":"#2"},"east":{"uv":[9.25,10.25,9.375,10.375],"texture":"#2"},"south":{"uv":[2.25,10.75,2.3125,10.875],"texture":"#2"},"west":{"uv":[10.25,9.25,10.375,9.375],"texture":"#2"},"up":{"uv":[10.8125,2.375,10.75,2.25],"texture":"#2"},"down":{"uv":[2.5625,10.75,2.5,10.875],"texture":"#2"}}},{"from":[6,-4.99107,1.6941],"to":[6.6,-4.39107,1.9941],"rotation":{"angle":0,"axis":"y","origin":[16,-4.99107,1.0941]},"faces":{"north":{"uv":[10.25,9.5,10.375,9.625],"texture":"#2"},"east":{"uv":[10.75,2.5,10.8125,2.625],"texture":"#2"},"south":{"uv":[10.25,9.75,10.375,9.875],"texture":"#2"},"west":{"uv":[2.75,10.75,2.8125,10.875],"texture":"#2"},"up":{"uv":[10.875,2.8125,10.75,2.75],"texture":"#2"},"down":{"uv":[3.125,10.75,3,10.8125],"texture":"#2"}}},{"from":[9.4,-4.99107,1.6941],"to":[10,-4.39107,1.9941],"rotation":{"angle":0,"axis":"y","origin":[16,-4.99107,1.0941]},"faces":{"north":{"uv":[10,10.25,10.125,10.375],"texture":"#2"},"east":{"uv":[10.75,3,10.8125,3.125],"texture":"#2"},"south":{"uv":[10.25,10,10.375,10.125],"texture":"#2"},"west":{"uv":[3.25,10.75,3.3125,10.875],"texture":"#2"},"up":{"uv":[10.875,3.3125,10.75,3.25],"texture":"#2"},"down":{"uv":[3.625,10.75,3.5,10.8125],"texture":"#2"}}},{"from":[7.7,-5.39107,1.6941],"to":[8.3,-4.79107,1.9941],"rotation":{"angle":0,"axis":"y","origin":[16,-4.99107,1.0941]},"faces":{"north":{"uv":[10.25,10.25,10.375,10.375],"texture":"#2"},"east":{"uv":[10.75,3.5,10.8125,3.625],"texture":"#2"},"south":{"uv":[10.5,0,10.625,0.125],"texture":"#2"},"west":{"uv":[3.75,10.75,3.8125,10.875],"texture":"#2"},"up":{"uv":[10.875,3.8125,10.75,3.75],"texture":"#2"},"down":{"uv":[4.125,10.75,4,10.8125],"texture":"#2"}}},{"from":[7.6,0.4,5.9],"to":[8.4,1.2,6],"rotation":{"angle":-22.5,"axis":"x","origin":[16,-6,0]},"faces":{"north":{"uv":[9.75,1,9.9375,1.1875],"texture":"#2"},"east":{"uv":[6.75,10.5,6.8125,10.6875],"texture":"#2"},"south":{"uv":[9.75,1.25,9.9375,1.4375],"texture":"#2"},"west":{"uv":[10.5,6.75,10.5625,6.9375],"texture":"#2"},"up":{"uv":[7.1875,10.5625,7,10.5],"texture":"#2"},"down":{"uv":[10.6875,7,10.5,7.0625],"texture":"#2"}}},{"from":[3.99,-5.2294,2.05872],"to":[4.71,-3.3294,3.55872],"rotation":{"angle":22.5,"axis":"x","origin":[0.7,-5.2294,-1.14128]},"faces":{"north":{"uv":[0.5,8.25,0.6875,8.75],"texture":"#2"},"east":{"uv":[3.5,7.25,3.875,7.75],"texture":"#2"},"south":{"uv":[8.25,0.75,8.4375,1.25],"texture":"#2"},"west":{"uv":[7.25,3.75,7.625,4.25],"texture":"#2"},"up":{"uv":[3.1875,9.125,3,8.75],"texture":"#2"},"down":{"uv":[3.4375,8.75,3.25,9.125],"texture":"#2"}}},{"from":[4,-8.2526,3.44454],"to":[4.7,-6.3526,4.94454],"rotation":{"angle":-22.5,"axis":"x","origin":[0.7,-8.2526,0.24454]},"faces":{"north":{"uv":[1,8.25,1.1875,8.75],"texture":"#2"},"east":{"uv":[4,7.25,4.375,7.75],"texture":"#2"},"south":{"uv":[1.25,8.25,1.4375,8.75],"texture":"#2"},"west":{"uv":[7.25,4.25,7.625,4.75],"texture":"#2"},"up":{"uv":[8.9375,3.625,8.75,3.25],"texture":"#2"},"down":{"uv":[3.9375,8.75,3.75,9.125],"texture":"#2"}}},{"from":[2.2,-4.1526,2.54454],"to":[2.5,-2.9526,3.84454],"rotation":{"angle":-22.5,"axis":"z","origin":[0.7,-8.2526,0.24454]},"faces":{"north":{"uv":[0.75,10.25,0.8125,10.5625],"texture":"#2"},"east":{"uv":[8,6,8.3125,6.3125],"texture":"#2"},"south":{"uv":[10.25,1,10.3125,1.3125],"texture":"#2"},"west":{"uv":[8,7,8.3125,7.3125],"texture":"#2"},"up":{"uv":[1.5625,10.5625,1.5,10.25],"texture":"#2"},"down":{"uv":[10.3125,1.5,10.25,1.8125],"texture":"#2"}}},{"from":[5.2,-6.8526,2.64454],"to":[5.6,-5.9526,3.74454],"rotation":{"angle":22.5,"axis":"z","origin":[0.7,-8.2526,0.24454]},"faces":{"north":{"uv":[9.75,7.25,9.875,7.5],"texture":"#2"},"east":{"uv":[5,7,5.25,7.25],"texture":"#2"},"south":{"uv":[7.5,9.75,7.625,10],"texture":"#2"},"west":{"uv":[1,9,1.25,9.25],"texture":"#2"},"up":{"uv":[9.875,7.75,9.75,7.5],"texture":"#2"},"down":{"uv":[9.875,7.75,9.75,8],"texture":"#2"}}},{"from":[10.4,-6.8526,2.64454],"to":[10.8,-5.9526,3.74454],"rotation":{"angle":-22.5,"axis":"z","origin":[15.3,-8.2526,0.24454]},"faces":{"north":{"uv":[9.75,8,9.875,8.25],"texture":"#2"},"east":{"uv":[9,1.25,9.25,1.5],"texture":"#2"},"south":{"uv":[8.25,9.75,8.375,10],"texture":"#2"},"west":{"uv":[2,9,2.25,9.25],"texture":"#2"},"up":{"uv":[9.875,8.5,9.75,8.25],"texture":"#2"},"down":{"uv":[8.625,9.75,8.5,10],"texture":"#2"}}},{"from":[13.5,-4.1526,2.54454],"to":[13.8,-2.9526,3.84454],"rotation":{"angle":22.5,"axis":"z","origin":[15.3,-8.2526,0.24454]},"faces":{"north":{"uv":[1.75,10.25,1.8125,10.5625],"texture":"#2"},"east":{"uv":[7.25,8,7.5625,8.3125],"texture":"#2"},"south":{"uv":[2,10.25,2.0625,10.5625],"texture":"#2"},"west":{"uv":[8,7.5,8.3125,7.8125],"texture":"#2"},"up":{"uv":[10.3125,2.3125,10.25,2],"texture":"#2"},"down":{"uv":[2.3125,10.25,2.25,10.5625],"texture":"#2"}}},{"from":[11.3,-8.2526,3.44454],"to":[12,-6.3526,4.94454],"rotation":{"angle":-22.5,"axis":"x","origin":[15.3,-8.2526,0.24454]},"faces":{"north":{"uv":[3.75,8.25,3.9375,8.75],"texture":"#2"},"east":{"uv":[5,7.25,5.375,7.75],"texture":"#2"},"south":{"uv":[8.25,3.75,8.4375,4.25],"texture":"#2"},"west":{"uv":[6.25,7.25,6.625,7.75],"texture":"#2"},"up":{"uv":[8.9375,4.125,8.75,3.75],"texture":"#2"},"down":{"uv":[4.1875,8.75,4,9.125],"texture":"#2"}}},{"from":[11.29,-5.2294,2.05872],"to":[12.01,-3.3294,3.55872],"rotation":{"angle":22.5,"axis":"x","origin":[15.3,-5.2294,-1.14128]},"faces":{"north":{"uv":[4,8.25,4.1875,8.75],"texture":"#2"},"east":{"uv":[7.25,6.5,7.625,7],"texture":"#2"},"south":{"uv":[8.25,5,8.4375,5.5],"texture":"#2"},"west":{"uv":[6.75,7.25,7.125,7.75],"texture":"#2"},"up":{"uv":[4.4375,9.125,4.25,8.75],"texture":"#2"},"down":{"uv":[8.9375,4.25,8.75,4.625],"texture":"#2"}}},{"from":[4.4,-4.7526,2.94454],"to":[4.7,-3.1526,3.64454],"rotation":{"angle":0,"axis":"y","origin":[0.7,-8.2526,0.24454]},"faces":{"north":{"uv":[8.5,10,8.5625,10.375],"texture":"#2"},"east":{"uv":[4.5,8.75,4.6875,9.125],"texture":"#2"},"south":{"uv":[8.75,10,8.8125,10.375],"texture":"#2"},"west":{"uv":[4.75,8.75,4.9375,9.125],"texture":"#2"},"up":{"uv":[7.3125,10.6875,7.25,10.5],"texture":"#2"},"down":{"uv":[10.5625,7.25,10.5,7.4375],"texture":"#2"}}},{"from":[4.1,-3.8526,3.04454],"to":[5,-3.3526,3.54454],"rotation":{"angle":0,"axis":"y","origin":[0.7,-8.2526,0.24454]},"faces":{"north":{"uv":[8.75,9.75,9,9.875],"texture":"#2"},"east":{"uv":[10.5,0.25,10.625,0.375],"texture":"#2"},"south":{"uv":[9,9.75,9.25,9.875],"texture":"#2"},"west":{"uv":[10.5,0.5,10.625,0.625],"texture":"#2"},"up":{"uv":[10,9.125,9.75,9],"texture":"#2"},"down":{"uv":[10,9.25,9.75,9.375],"texture":"#2"}}},{"from":[11.3,-4.7526,2.94454],"to":[11.6,-3.1526,3.64454],"rotation":{"angle":0,"axis":"y","origin":[15.3,-8.2526,0.24454]},"faces":{"north":{"uv":[10,8.75,10.0625,9.125],"texture":"#2"},"east":{"uv":[8.75,4.75,8.9375,5.125],"texture":"#2"},"south":{"uv":[9,10,9.0625,10.375],"texture":"#2"},"west":{"uv":[5,8.75,5.1875,9.125],"texture":"#2"},"up":{"uv":[7.5625,10.6875,7.5,10.5],"texture":"#2"},"down":{"uv":[10.5625,7.5,10.5,7.6875],"texture":"#2"}}},{"from":[11,-3.8526,3.04454],"to":[11.9,-3.3526,3.54454],"rotation":{"angle":0,"axis":"y","origin":[15.3,-8.2526,0.24454]},"faces":{"north":{"uv":[9.5,9.75,9.75,9.875],"texture":"#2"},"east":{"uv":[1,10.5,1.125,10.625],"texture":"#2"},"south":{"uv":[9.75,9.75,10,9.875],"texture":"#2"},"west":{"uv":[10.5,1,10.625,1.125],"texture":"#2"},"up":{"uv":[0.25,10.125,0,10],"texture":"#2"},"down":{"uv":[0.5,10,0.25,10.125],"texture":"#2"}}},{"from":[12.084,-5.41384,3.43792],"to":[13.12,-2.60184,5.65792],"rotation":{"angle":-22.5,"axis":"x","origin":[18.004,-5.41384,-1.29808]},"faces":{"north":{"uv":[7.5,0,7.75,0.6875],"texture":"#2"},"east":{"uv":[6.5,2.75,7.0625,3.4375],"texture":"#2"},"south":{"uv":[7.5,0.75,7.75,1.4375],"texture":"#2"},"west":{"uv":[3,6.5,3.5625,7.1875],"texture":"#2"},"up":{"uv":[8,2.0625,7.75,1.5],"texture":"#2"},"down":{"uv":[2,7.75,1.75,8.3125],"texture":"#2"}}},{"from":[12.0692,-0.93951,1.38691],"to":[13.1348,1.87249,3.60691],"rotation":{"angle":22.5,"axis":"x","origin":[18.004,-0.93951,-3.34909]},"faces":{"north":{"uv":[1,7.5,1.25,8.1875],"texture":"#2"},"east":{"uv":[6.5,3.5,7.0625,4.1875],"texture":"#2"},"south":{"uv":[1.25,7.5,1.5,8.1875],"texture":"#2"},"west":{"uv":[3.75,6.5,4.3125,7.1875],"texture":"#2"},"up":{"uv":[2.25,8.3125,2,7.75],"texture":"#2"},"down":{"uv":[2.5,7.75,2.25,8.3125],"texture":"#2"}}},{"from":[10.752,-3.34184,2.25392],"to":[11.344,-2.00984,3.88192],"rotation":{"angle":-22.5,"axis":"z","origin":[18.004,-5.41384,-1.29808]},"faces":{"north":{"uv":[9.75,0.25,9.875,0.5625],"texture":"#2"},"east":{"uv":[3.75,7.75,4.1875,8.0625],"texture":"#2"},"south":{"uv":[0.75,9.75,0.875,10.0625],"texture":"#2"},"west":{"uv":[7.75,3.75,8.1875,4.0625],"texture":"#2"},"up":{"uv":[9.375,4.9375,9.25,4.5],"texture":"#2"},"down":{"uv":[4.875,9.25,4.75,9.6875],"texture":"#2"}}},{"from":[15.34,0.65416,2.10592],"to":[15.784,2.43016,4.02992],"rotation":{"angle":22.5,"axis":"z","origin":[18.004,-5.41384,-1.29808]},"faces":{"north":{"uv":[5,9.25,5.125,9.6875],"texture":"#2"},"east":{"uv":[7.25,2.75,7.75,3.1875],"texture":"#2"},"south":{"uv":[9.25,5,9.375,5.4375],"texture":"#2"},"west":{"uv":[3,7.25,3.5,7.6875],"texture":"#2"},"up":{"uv":[2.375,9.5,2.25,9],"texture":"#2"},"down":{"uv":[2.625,9,2.5,9.5],"texture":"#2"}}},{"from":[12.284,-0.23384,2.69792],"to":[12.728,2.13416,3.73392],"rotation":{"angle":0,"axis":"y","origin":[18.204,-5.41384,-1.29808]},"faces":{"north":{"uv":[5.25,8.75,5.375,9.3125],"texture":"#2"},"east":{"uv":[2.5,7.75,2.75,8.3125],"texture":"#2"},"south":{"uv":[5.5,8.75,5.625,9.3125],"texture":"#2"},"west":{"uv":[2.75,7.75,3,8.3125],"texture":"#2"},"up":{"uv":[10.125,0.5,10,0.25],"texture":"#2"},"down":{"uv":[0.625,10,0.5,10.25],"texture":"#2"}}},{"from":[10.14,1.09816,2.84592],"to":[13.172,1.83816,3.58592],"rotation":{"angle":0,"axis":"y","origin":[18.204,-5.41384,-1.29808]},"faces":{"north":{"uv":[7.75,2.25,8.5,2.4375],"texture":"#2"},"east":{"uv":[1.5,9.75,1.6875,9.9375],"texture":"#2"},"south":{"uv":[7.75,2.75,8.5,2.9375],"texture":"#2"},"west":{"uv":[9.75,1.5,9.9375,1.6875],"texture":"#2"},"up":{"uv":[3.75,7.9375,3,7.75],"texture":"#2"},"down":{"uv":[8.5,3,7.75,3.1875],"texture":"#2"}}}],"gui_light":"front","display":{"thirdperson_righthand":{"rotation":[57,0,0],"translation":[0,-0.25,1.75],"scale":[0.46485,0.46485,0.46485]},"thirdperson_lefthand":{"rotation":[57,0,0],"translation":[0,-0.25,1.75],"scale":[0.46485,0.46485,0.46485]},"firstperson_righthand":{"translation":[0,1,0]},"firstperson_lefthand":{"translation":[0,1,0]},"ground":{"translation":[0,5.25,0],"scale":[0.66797,0.66797,0.66797]},"gui":{"rotation":[0,-180,0],"translation":[0,2.25,0],"scale":[1.0918,1.0918,1.0918]},"head":{"rotation":[0,180,0],"translation":[0,-42.75,-0.25],"scale":[2,2,2]},"fixed":{"rotation":[-90,180,0],"translation":[-0.25,-10,-20],"scale":[2.5,2.5,2.5]}}}