{"credit":"MadewithBlockbench","texture_size":[64,64],"textures":{"7":"elitecreatures:adventure_backpack_cosmetic/texture_11"},"elements":[{"from":[10.9919,-8.99908,0.02279],"to":[12.6919,-6.89908,1.72279],"rotation":{"angle":0,"axis":"y","origin":[7.03253,-6.22545,3.94903]},"faces":{"north":{"uv":[7.75,3,8.1875,3.5],"texture":"#7"},"east":{"uv":[8.25,3,8.6875,3.5],"texture":"#7"},"south":{"uv":[8.25,7.5,8.6875,8],"texture":"#7"},"west":{"uv":[8.25,8,8.6875,8.5],"texture":"#7"},"up":{"uv":[8.9375,2.9375,8.5,2.5],"texture":"#7"},"down":{"uv":[8.1875,8.5,7.75,8.9375],"texture":"#7"}}},{"from":[11.10279,-7.23561,0.22279],"to":[12.40279,-6.03561,1.52279],"rotation":{"angle":0,"axis":"y","origin":[7.03253,-6.22545,3.94903]},"faces":{"north":{"uv":[9.5,0,9.8125,0.3125],"texture":"#7"},"east":{"uv":[0.25,9.5,0.5625,9.8125],"texture":"#7"},"south":{"uv":[9.5,0.5,9.8125,0.8125],"texture":"#7"},"west":{"uv":[0.75,9.5,1.0625,9.8125],"texture":"#7"},"up":{"uv":[1.5625,9.8125,1.25,9.5],"texture":"#7"},"down":{"uv":[9.8125,1.5,9.5,1.8125],"texture":"#7"}}},{"from":[10.46505,-9.10594,0.12279],"to":[11.96505,-8.40594,1.62279],"rotation":{"angle":22.5,"axis":"z","origin":[7.03253,-6.22545,3.94903]},"faces":{"north":{"uv":[8.5,9.75,8.875,9.9375],"texture":"#7"},"east":{"uv":[9.75,9.25,10.125,9.4375],"texture":"#7"},"south":{"uv":[9.5,9.75,9.875,9.9375],"texture":"#7"},"west":{"uv":[9.75,9.5,10.125,9.6875],"texture":"#7"},"up":{"uv":[9.375,1.875,9,1.5],"texture":"#7"},"down":{"uv":[9.375,2,9,2.375],"texture":"#7"}}},{"from":[10.66505,-8.20594,0.52279],"to":[11.76505,-7.10594,1.12279],"rotation":{"angle":22.5,"axis":"z","origin":[7.03253,-6.22545,3.94903]},"faces":{"north":{"uv":[8.5,3.5,8.75,3.75],"texture":"#7"},"east":{"uv":[10.25,7,10.375,7.25],"texture":"#7"},"south":{"uv":[8.5,7.25,8.75,7.5],"texture":"#7"},"west":{"uv":[7.25,10.25,7.375,10.5],"texture":"#7"},"up":{"uv":[10.5,7.375,10.25,7.25],"texture":"#7"},"down":{"uv":[7.75,10.25,7.5,10.375],"texture":"#7"}}},{"from":[3.7,-10.4,0.7],"to":[8.7,-9.4,1.7],"rotation":{"angle":0,"axis":"y","origin":[7.03253,-6.22545,3.94903]},"faces":{"north":{"uv":[7.5,1,8.75,1.25],"texture":"#7"},"east":{"uv":[10,1.5,10.25,1.75],"texture":"#7"},"south":{"uv":[7.5,1.25,8.75,1.5],"texture":"#7"},"west":{"uv":[1.75,10,2,10.25],"texture":"#7"},"up":{"uv":[8.75,1.75,7.5,1.5],"texture":"#7"},"down":{"uv":[8.75,1.75,7.5,2],"texture":"#7"}}},{"from":[3.7,-0.4,0.7],"to":[8.7,0.6,1.7],"rotation":{"angle":0,"axis":"y","origin":[7.03253,-6.22545,3.94903]},"faces":{"north":{"uv":[7.5,2,8.75,2.25],"texture":"#7"},"east":{"uv":[10,1.75,10.25,2],"texture":"#7"},"south":{"uv":[7.5,2.25,8.75,2.5],"texture":"#7"},"west":{"uv":[10,2,10.25,2.25],"texture":"#7"},"up":{"uv":[8.75,4,7.5,3.75],"texture":"#7"},"down":{"uv":[8.75,4,7.5,4.25],"texture":"#7"}}},{"from":[7.05927,0.6,0.16674],"to":[7.85927,1.6,0.96674],"rotation":{"angle":45,"axis":"y","origin":[7.03253,-6.22545,3.94903]},"faces":{"north":{"uv":[8,10,8.1875,10.25],"texture":"#7"},"east":{"uv":[9,10,9.1875,10.25],"texture":"#7"},"south":{"uv":[9.25,10,9.4375,10.25],"texture":"#7"},"west":{"uv":[9.5,10,9.6875,10.25],"texture":"#7"},"up":{"uv":[6.4375,10.4375,6.25,10.25],"texture":"#7"},"down":{"uv":[10.4375,6.25,10.25,6.4375],"texture":"#7"}}},{"from":[7.05927,-11.4,0.16674],"to":[7.85927,-10.4,0.96674],"rotation":{"angle":45,"axis":"y","origin":[7.03253,-6.22545,3.94903]},"faces":{"north":{"uv":[9.75,10,9.9375,10.25],"texture":"#7"},"east":{"uv":[10,9.75,10.1875,10],"texture":"#7"},"south":{"uv":[10,10,10.1875,10.25],"texture":"#7"},"west":{"uv":[0,10.25,0.1875,10.5],"texture":"#7"},"up":{"uv":[6.6875,10.4375,6.5,10.25],"texture":"#7"},"down":{"uv":[10.4375,6.5,10.25,6.6875],"texture":"#7"}}},{"from":[5.76225,-0.52946,0.8],"to":[7.56225,0.57054,1.6],"rotation":{"angle":-22.5,"axis":"z","origin":[7.03253,-6.22545,3.94903]},"faces":{"north":{"uv":[2.5,3.5,2.9375,3.75],"texture":"#7"},"east":{"uv":[10.25,0,10.4375,0.25],"texture":"#7"},"south":{"uv":[5.25,9.25,5.6875,9.5],"texture":"#7"},"west":{"uv":[10.25,0.25,10.4375,0.5],"texture":"#7"},"up":{"uv":[10.1875,5.9375,9.75,5.75],"texture":"#7"},"down":{"uv":[10.1875,6,9.75,6.1875],"texture":"#7"}}},{"from":[11.40182,-2.48276,0.9],"to":[13.20182,-1.38276,1.5],"rotation":{"angle":22.5,"axis":"z","origin":[7.03253,-6.22545,3.94903]},"faces":{"north":{"uv":[9.25,5.5,9.6875,5.75],"texture":"#7"},"east":{"uv":[10.25,7.5,10.375,7.75],"texture":"#7"},"south":{"uv":[9.25,5.75,9.6875,6],"texture":"#7"},"west":{"uv":[7.75,10.25,7.875,10.5],"texture":"#7"},"up":{"uv":[10.4375,8.125,10,8],"texture":"#7"},"down":{"uv":[10.4375,8.25,10,8.375],"texture":"#7"}}},{"from":[6.90182,-10.68276,0.8],"to":[9.60182,-9.58276,1.6],"rotation":{"angle":22.5,"axis":"z","origin":[7.03253,-6.22545,3.94903]},"faces":{"north":{"uv":[7.75,3.5,8.4375,3.75],"texture":"#7"},"east":{"uv":[10.25,0.5,10.4375,0.75],"texture":"#7"},"south":{"uv":[7.75,5.75,8.4375,6],"texture":"#7"},"west":{"uv":[0.75,10.25,0.9375,10.5],"texture":"#7"},"up":{"uv":[0.9375,9.4375,0.25,9.25],"texture":"#7"},"down":{"uv":[1.6875,9.25,1,9.4375],"texture":"#7"}}},{"from":[7,-9.4,0.7],"to":[8,-0.4,1.7],"rotation":{"angle":0,"axis":"y","origin":[7.03253,-6.22545,3.94903]},"faces":{"north":{"uv":[5.25,6,5.5,8.25],"texture":"#7"},"east":{"uv":[5.5,6,5.75,8.25],"texture":"#7"},"south":{"uv":[5.75,6,6,8.25],"texture":"#7"},"west":{"uv":[6,6,6.25,8.25],"texture":"#7"},"up":{"uv":[10.25,2.5,10,2.25],"texture":"#7"},"down":{"uv":[2.75,10,2.5,10.25],"texture":"#7"}}},{"from":[6.5,-5.5,0.9],"to":[9.7,-4.9,1.6],"rotation":{"angle":0,"axis":"y","origin":[7.03253,-6.22545,3.94903]},"faces":{"north":{"uv":[8.5,9.25,9.3125,9.375],"texture":"#7"},"east":{"uv":[10.5,3.25,10.6875,3.375],"texture":"#7"},"south":{"uv":[9.25,9,10.0625,9.125],"texture":"#7"},"west":{"uv":[10.5,3.5,10.6875,3.625],"texture":"#7"},"up":{"uv":[9.8125,1.1875,9,1],"texture":"#7"},"down":{"uv":[9.8125,1.25,9,1.4375],"texture":"#7"}}},{"from":[8.88613,-4.54678,0.9],"to":[10.68613,-3.94678,1.6],"rotation":{"angle":-22.5,"axis":"z","origin":[7.03253,-6.22545,3.94903]},"faces":{"north":{"uv":[8.5,10,8.9375,10.125],"texture":"#7"},"east":{"uv":[10.5,3.75,10.6875,3.875],"texture":"#7"},"south":{"uv":[10,8.5,10.4375,8.625],"texture":"#7"},"west":{"uv":[10.5,4,10.6875,4.125],"texture":"#7"},"up":{"uv":[10.1875,6.4375,9.75,6.25],"texture":"#7"},"down":{"uv":[10.1875,6.5,9.75,6.6875],"texture":"#7"}}},{"from":[9.4,-5.6,0.8],"to":[10.1,-4.8,1.7],"rotation":{"angle":0,"axis":"y","origin":[7.03253,-6.22545,3.94903]},"faces":{"north":{"uv":[10.25,6.75,10.4375,6.9375],"texture":"#7"},"east":{"uv":[10.25,0.75,10.5,0.9375],"texture":"#7"},"south":{"uv":[7,10.25,7.1875,10.4375],"texture":"#7"},"west":{"uv":[1,10.25,1.25,10.4375],"texture":"#7"},"up":{"uv":[1.4375,10.5,1.25,10.25],"texture":"#7"},"down":{"uv":[1.6875,10.25,1.5,10.5],"texture":"#7"}}},{"from":[9.5,-9.4,1],"to":[10,-0.4,1.4],"rotation":{"angle":0,"axis":"y","origin":[7.03253,-6.22545,3.94903]},"faces":{"north":{"uv":[6.75,7.5,6.875,9.75],"texture":"#7"},"east":{"uv":[7.75,6.25,7.875,8.5],"texture":"#7"},"south":{"uv":[7,7.75,7.125,10],"texture":"#7"},"west":{"uv":[8,6.25,8.125,8.5],"texture":"#7"},"up":{"uv":[10.625,8.375,10.5,8.25],"texture":"#7"},"down":{"uv":[8.625,10.5,8.5,10.625],"texture":"#7"}}},{"from":[9.4,-1.2,0.6],"to":[10.1,0.3,1.7],"rotation":{"angle":0,"axis":"y","origin":[7.03253,-6.22545,3.94903]},"faces":{"north":{"uv":[10,0,10.1875,0.375],"texture":"#7"},"east":{"uv":[9.5,4.5,9.75,4.875],"texture":"#7"},"south":{"uv":[0.25,10,0.4375,10.375],"texture":"#7"},"west":{"uv":[5,9.5,5.25,9.875],"texture":"#7"},"up":{"uv":[10.4375,1.75,10.25,1.5],"texture":"#7"},"down":{"uv":[1.9375,10.25,1.75,10.5],"texture":"#7"}}},{"from":[9.4,-10.2,0.6],"to":[10.1,-8.7,1.7],"rotation":{"angle":0,"axis":"y","origin":[7.03253,-6.22545,3.94903]},"faces":{"north":{"uv":[0.5,10,0.6875,10.375],"texture":"#7"},"east":{"uv":[9.5,5,9.75,5.375],"texture":"#7"},"south":{"uv":[10,0.5,10.1875,0.875],"texture":"#7"},"west":{"uv":[5.25,9.5,5.5,9.875],"texture":"#7"},"up":{"uv":[10.4375,2,10.25,1.75],"texture":"#7"},"down":{"uv":[2.1875,10.25,2,10.5],"texture":"#7"}}},{"from":[4.5,-3.32388,1.01732],"to":[5.4,-0.32388,1.31732],"rotation":{"angle":0,"axis":"y","origin":[7.03253,-6.22545,3.94903]},"faces":{"north":{"uv":[8.25,8.5,8.5,9.25],"texture":"#7"},"east":{"uv":[10.25,2,10.3125,2.75],"texture":"#7"},"south":{"uv":[8.5,8.5,8.75,9.25],"texture":"#7"},"west":{"uv":[2.25,10.25,2.3125,11],"texture":"#7"},"up":{"uv":[10.75,8.5625,10.5,8.5],"texture":"#7"},"down":{"uv":[9,10.5,8.75,10.5625],"texture":"#7"}}},{"from":[1.12227,-5.07996,1.05],"to":[2.32227,-3.87996,1.3],"rotation":{"angle":-45,"axis":"z","origin":[7.03253,-6.22545,3.94903]},"faces":{"north":{"uv":[9.5,2,9.8125,2.3125],"texture":"#7"},"east":{"uv":[10.5,5.25,10.5625,5.5625],"texture":"#7"},"south":{"uv":[9.5,3.5,9.8125,3.8125],"texture":"#7"},"west":{"uv":[10.5,5.75,10.5625,6.0625],"texture":"#7"},"up":{"uv":[6.5625,10.5625,6.25,10.5],"texture":"#7"},"down":{"uv":[10.8125,6.25,10.5,6.3125],"texture":"#7"}}},{"from":[3.05509,-4.43361,1.05],"to":[3.65509,-3.23361,1.3],"rotation":{"angle":-22.5,"axis":"z","origin":[7.03253,-6.22545,3.94903]},"faces":{"north":{"uv":[5,10.25,5.125,10.5625],"texture":"#7"},"east":{"uv":[10.5,6.5,10.5625,6.8125],"texture":"#7"},"south":{"uv":[5.25,10.25,5.375,10.5625],"texture":"#7"},"west":{"uv":[6.75,10.5,6.8125,10.8125],"texture":"#7"},"up":{"uv":[10.625,9.8125,10.5,9.75],"texture":"#7"},"down":{"uv":[10.125,10.5,10,10.5625],"texture":"#7"}}},{"from":[4.38791,-7.32871,1.05],"to":[4.98791,-6.12871,1.3],"rotation":{"angle":-22.5,"axis":"z","origin":[7.03253,-6.22545,3.94903]},"faces":{"north":{"uv":[5.5,10.25,5.625,10.5625],"texture":"#7"},"east":{"uv":[7,10.5,7.0625,10.8125],"texture":"#7"},"south":{"uv":[5.75,10.25,5.875,10.5625],"texture":"#7"},"west":{"uv":[10.5,7,10.5625,7.3125],"texture":"#7"},"up":{"uv":[10.625,10.0625,10.5,10],"texture":"#7"},"down":{"uv":[10.375,10.5,10.25,10.5625],"texture":"#7"}}},{"from":[3.48502,-6.95985,1.05],"to":[4.48502,-5.85985,1.3],"rotation":{"angle":-45,"axis":"z","origin":[7.03253,-6.22545,3.94903]},"faces":{"north":{"uv":[2.75,10,3,10.25],"texture":"#7"},"east":{"uv":[10.5,8.75,10.5625,9],"texture":"#7"},"south":{"uv":[3,10,3.25,10.25],"texture":"#7"},"west":{"uv":[9,10.5,9.0625,10.75],"texture":"#7"},"up":{"uv":[10.75,9.0625,10.5,9],"texture":"#7"},"down":{"uv":[9.5,10.5,9.25,10.5625],"texture":"#7"}}},{"from":[4.7,-6.32388,1.01732],"to":[5.4,-3.32388,1.31732],"rotation":{"angle":0,"axis":"y","origin":[7.03253,-6.22545,3.94903]},"faces":{"north":{"uv":[2,9,2.1875,9.75],"texture":"#7"},"east":{"uv":[2.5,10.25,2.5625,11],"texture":"#7"},"south":{"uv":[9,2.5,9.1875,3.25],"texture":"#7"},"west":{"uv":[2.75,10.25,2.8125,11],"texture":"#7"},"up":{"uv":[10.6875,9.5625,10.5,9.5],"texture":"#7"},"down":{"uv":[9.9375,10.5,9.75,10.5625],"texture":"#7"}}},{"from":[5.35119,-9.97688,1.05],"to":[5.95119,-8.77688,1.3],"rotation":{"angle":-22.5,"axis":"z","origin":[7.03253,-6.22545,3.94903]},"faces":{"north":{"uv":[10.25,5.75,10.375,6.0625],"texture":"#7"},"east":{"uv":[7.25,10.5,7.3125,10.8125],"texture":"#7"},"south":{"uv":[6,10.25,6.125,10.5625],"texture":"#7"},"west":{"uv":[7.5,10.5,7.5625,10.8125],"texture":"#7"},"up":{"uv":[10.625,10.3125,10.5,10.25],"texture":"#7"},"down":{"uv":[10.625,10.5,10.5,10.5625],"texture":"#7"}}},{"from":[5.36492,-9.3226,1.05],"to":[6.56492,-8.1226,1.3],"rotation":{"angle":-45,"axis":"z","origin":[7.03253,-6.22545,3.94903]},"faces":{"north":{"uv":[9.5,4,9.8125,4.3125],"texture":"#7"},"east":{"uv":[10.5,7.5,10.5625,7.8125],"texture":"#7"},"south":{"uv":[4.5,9.5,4.8125,9.8125],"texture":"#7"},"west":{"uv":[7.75,10.5,7.8125,10.8125],"texture":"#7"},"up":{"uv":[8.3125,10.5625,8,10.5],"texture":"#7"},"down":{"uv":[10.8125,8,10.5,8.0625],"texture":"#7"}}},{"from":[4.5,-9.32388,1.01732],"to":[5.4,-6.32388,1.31732],"rotation":{"angle":0,"axis":"y","origin":[7.03253,-6.22545,3.94903]},"faces":{"north":{"uv":[8.75,1,9,1.75],"texture":"#7"},"east":{"uv":[10.25,2.75,10.3125,3.5],"texture":"#7"},"south":{"uv":[8.75,1.75,9,2.5],"texture":"#7"},"west":{"uv":[3,10.25,3.0625,11],"texture":"#7"},"up":{"uv":[10.75,9.3125,10.5,9.25],"texture":"#7"},"down":{"uv":[9.75,10.5,9.5,10.5625],"texture":"#7"}}},{"from":[10.4,-12.33007,5.98555],"to":[11.4,3.16993,6.98555],"rotation":{"angle":0,"axis":"y","origin":[7.03253,-6.22545,3.94903]},"faces":{"north":{"uv":[2.25,5.75,2.5,9.625],"texture":"#7"},"east":{"uv":[2.5,6,2.75,9.875],"texture":"#7"},"south":{"uv":[2.75,6,3,9.875],"texture":"#7"},"west":{"uv":[3,6,3.25,9.875],"texture":"#7"},"up":{"uv":[3.5,10.25,3.25,10],"texture":"#7"},"down":{"uv":[3.75,10,3.5,10.25],"texture":"#7"}}},{"from":[10.86355,-1.51953,0.40306],"to":[11.96355,-0.41953,1.00306],"rotation":{"angle":22.5,"axis":"x","origin":[7.03253,-6.22545,3.94903]},"faces":{"north":{"uv":[5,10,5.25,10.25],"texture":"#7"},"east":{"uv":[10.25,10,10.375,10.25],"texture":"#7"},"south":{"uv":[5.25,10,5.5,10.25],"texture":"#7"},"west":{"uv":[10.25,10.25,10.375,10.5],"texture":"#7"},"up":{"uv":[0.25,10.625,0,10.5],"texture":"#7"},"down":{"uv":[10.75,0,10.5,0.125],"texture":"#7"}}},{"from":[10.86355,-1.99048,4.76924],"to":[11.96355,-0.39048,5.36924],"rotation":{"angle":-22.5,"axis":"x","origin":[7.03253,-6.22545,3.94903]},"faces":{"north":{"uv":[9.5,9.25,9.75,9.625],"texture":"#7"},"east":{"uv":[4.25,10.25,4.375,10.625],"texture":"#7"},"south":{"uv":[2,9.75,2.25,10.125],"texture":"#7"},"west":{"uv":[4.5,10.25,4.625,10.625],"texture":"#7"},"up":{"uv":[0.75,10.625,0.5,10.5],"texture":"#7"},"down":{"uv":[10.75,0.5,10.5,0.625],"texture":"#7"}}},{"from":[10.86355,-0.21267,5.54705],"to":[11.96355,0.38733,8.34705],"rotation":{"angle":-22.5,"axis":"x","origin":[7.03253,-6.22545,3.94903]},"faces":{"north":{"uv":[0.25,10.5,0.5,10.625],"texture":"#7"},"east":{"uv":[9.5,8.75,10.1875,8.875],"texture":"#7"},"south":{"uv":[10.5,0.25,10.75,0.375],"texture":"#7"},"west":{"uv":[9.75,5,10.4375,5.125],"texture":"#7"},"up":{"uv":[9,3.6875,8.75,3],"texture":"#7"},"down":{"uv":[9,3.75,8.75,4.4375],"texture":"#7"}}},{"from":[10.86355,-3.01266,8.34706],"to":[11.96355,0.38734,8.94706],"rotation":{"angle":-22.5,"axis":"x","origin":[7.03253,-6.22545,3.94903]},"faces":{"north":{"uv":[4.5,8.5,4.75,9.375],"texture":"#7"},"east":{"uv":[5.75,9.25,5.875,10.125],"texture":"#7"},"south":{"uv":[4.75,8.5,5,9.375],"texture":"#7"},"west":{"uv":[9.25,7,9.375,7.875],"texture":"#7"},"up":{"uv":[1,10.625,0.75,10.5],"texture":"#7"},"down":{"uv":[10.75,0.75,10.5,0.875],"texture":"#7"}}},{"from":[10.86355,-3.61266,6.94706],"to":[11.96355,-3.01266,8.94706],"rotation":{"angle":-22.5,"axis":"x","origin":[7.03253,-6.22545,3.94903]},"faces":{"north":{"uv":[1,10.5,1.25,10.625],"texture":"#7"},"east":{"uv":[6,10,6.5,10.125],"texture":"#7"},"south":{"uv":[10.5,1,10.75,1.125],"texture":"#7"},"west":{"uv":[7,10,7.5,10.125],"texture":"#7"},"up":{"uv":[9.5,4,9.25,3.5],"texture":"#7"},"down":{"uv":[9.5,4,9.25,4.5],"texture":"#7"}}},{"from":[4.03645,-3.61266,6.94706],"to":[5.13645,-3.01266,8.94706],"rotation":{"angle":-22.5,"axis":"x","origin":[7.03253,-6.22545,3.94903]},"faces":{"north":{"uv":[10.5,2.75,10.75,2.875],"texture":"#7"},"east":{"uv":[7.5,10,8,10.125],"texture":"#7"},"south":{"uv":[10.5,3,10.75,3.125],"texture":"#7"},"west":{"uv":[10,7.75,10.5,7.875],"texture":"#7"},"up":{"uv":[9.5,5,9.25,4.5],"texture":"#7"},"down":{"uv":[9.5,5,9.25,5.5],"texture":"#7"}}},{"from":[4.03645,-0.21267,5.54705],"to":[5.13645,0.38733,8.34705],"rotation":{"angle":-22.5,"axis":"x","origin":[7.03253,-6.22545,3.94903]},"faces":{"north":{"uv":[10.5,2.25,10.75,2.375],"texture":"#7"},"east":{"uv":[9.75,5.25,10.4375,5.375],"texture":"#7"},"south":{"uv":[10.5,2.5,10.75,2.625],"texture":"#7"},"west":{"uv":[9.75,5.5,10.4375,5.625],"texture":"#7"},"up":{"uv":[9,5.1875,8.75,4.5],"texture":"#7"},"down":{"uv":[9,5.25,8.75,5.9375],"texture":"#7"}}},{"from":[4.03645,-3.01266,8.34706],"to":[5.13645,0.38734,8.94706],"rotation":{"angle":-22.5,"axis":"x","origin":[7.03253,-6.22545,3.94903]},"faces":{"north":{"uv":[5,8.5,5.25,9.375],"texture":"#7"},"east":{"uv":[9.25,8,9.375,8.875],"texture":"#7"},"south":{"uv":[8.5,6.25,8.75,7.125],"texture":"#7"},"west":{"uv":[8.25,9.25,8.375,10.125],"texture":"#7"},"up":{"uv":[2.25,10.625,2,10.5],"texture":"#7"},"down":{"uv":[10.75,2,10.5,2.125],"texture":"#7"}}},{"from":[4.03645,-1.51953,0.40306],"to":[5.13645,-0.41953,1.00306],"rotation":{"angle":22.5,"axis":"x","origin":[7.03253,-6.22545,3.94903]},"faces":{"north":{"uv":[5.5,10,5.75,10.25],"texture":"#7"},"east":{"uv":[1.5,10.5,1.625,10.75],"texture":"#7"},"south":{"uv":[6.5,10,6.75,10.25],"texture":"#7"},"west":{"uv":[10.5,1.5,10.625,1.75],"texture":"#7"},"up":{"uv":[2,10.625,1.75,10.5],"texture":"#7"},"down":{"uv":[10.75,1.75,10.5,1.875],"texture":"#7"}}},{"from":[4.03645,-1.99048,4.76924],"to":[5.13645,-0.39048,5.36924],"rotation":{"angle":-22.5,"axis":"x","origin":[7.03253,-6.22545,3.94903]},"faces":{"north":{"uv":[2.25,9.75,2.5,10.125],"texture":"#7"},"east":{"uv":[10.25,4.5,10.375,4.875],"texture":"#7"},"south":{"uv":[9.75,4.5,10,4.875],"texture":"#7"},"west":{"uv":[4.75,10.25,4.875,10.625],"texture":"#7"},"up":{"uv":[1.5,10.625,1.25,10.5],"texture":"#7"},"down":{"uv":[10.75,1.25,10.5,1.375],"texture":"#7"}}},{"from":[3.4,-4.83007,2.88555],"to":[12.6,-1.83007,5.88555],"rotation":{"angle":0,"axis":"y","origin":[7.03253,-6.22545,3.94903]},"faces":{"north":{"uv":[2.5,4.5,4.8125,5.25],"texture":"#7"},"east":{"uv":[6.25,6,7,6.75],"texture":"#7"},"south":{"uv":[0,5,2.3125,5.75],"texture":"#7"},"west":{"uv":[0,6.5,0.75,7.25],"texture":"#7"},"up":{"uv":[7.3125,4.5,5,3.75],"texture":"#7"},"down":{"uv":[7.3125,4.5,5,5.25],"texture":"#7"}}},{"from":[3.5,-9.89697,1.47232],"to":[12.5,-6.89697,4.47232],"rotation":{"angle":-45,"axis":"x","origin":[7.03253,-6.22545,3.94903]},"faces":{"north":{"uv":[2.5,5.25,4.75,6],"texture":"#7"},"east":{"uv":[6.25,6.75,7,7.5],"texture":"#7"},"south":{"uv":[4.75,5.25,7,6],"texture":"#7"},"west":{"uv":[7,5.25,7.75,6],"texture":"#7"},"up":{"uv":[7.75,3.75,5.5,3],"texture":"#7"},"down":{"uv":[2.25,5.75,0,6.5],"texture":"#7"}}},{"from":[3.3,-7.62315,2.74608],"to":[12.8,-4.62315,5.74608],"rotation":{"angle":-22.5,"axis":"x","origin":[7.03253,-6.22545,3.94903]},"faces":{"north":{"uv":[3,3,5.375,3.75],"texture":"#7"},"east":{"uv":[6.75,1,7.5,1.75],"texture":"#7"},"south":{"uv":[0,3.5,2.375,4.25],"texture":"#7"},"west":{"uv":[6.75,1.75,7.5,2.5],"texture":"#7"},"up":{"uv":[4.875,4.5,2.5,3.75],"texture":"#7"},"down":{"uv":[2.375,4.25,0,5],"texture":"#7"}}},{"from":[10,-0.55808,8.42989],"to":[11.8,0.14192,10.02989],"rotation":{"angle":-22.5,"axis":"x","origin":[7.03253,-6.22545,3.94903]},"faces":{"north":{"uv":[9.75,6.75,10.1875,6.9375],"texture":"#7"},"east":{"uv":[0.75,10,1.125,10.1875],"texture":"#7"},"south":{"uv":[9.75,7,10.1875,7.1875],"texture":"#7"},"west":{"uv":[10,1,10.375,1.1875],"texture":"#7"},"up":{"uv":[9.1875,6.625,8.75,6.25],"texture":"#7"},"down":{"uv":[9.1875,6.75,8.75,7.125],"texture":"#7"}}},{"from":[2,0.92862,3.44114],"to":[14,1.92862,4.44114],"rotation":{"angle":22.5,"axis":"x","origin":[7.03253,-6.22545,3.94903]},"faces":{"north":{"uv":[6,0,9,0.25],"texture":"#7"},"east":{"uv":[10,3.5,10.25,3.75],"texture":"#7"},"south":{"uv":[6,0.25,9,0.5],"texture":"#7"},"west":{"uv":[3.75,10,4,10.25],"texture":"#7"},"up":{"uv":[9,0.75,6,0.5],"texture":"#7"},"down":{"uv":[9,0.75,6,1],"texture":"#7"}}},{"from":[4.6,-12.33007,5.98555],"to":[5.6,3.16993,6.98555],"rotation":{"angle":0,"axis":"y","origin":[7.03253,-6.22545,3.94903]},"faces":{"north":{"uv":[3.25,6,3.5,9.875],"texture":"#7"},"east":{"uv":[3.5,6,3.75,9.875],"texture":"#7"},"south":{"uv":[3.75,6,4,9.875],"texture":"#7"},"west":{"uv":[4,6,4.25,9.875],"texture":"#7"},"up":{"uv":[10.25,4,10,3.75],"texture":"#7"},"down":{"uv":[4.25,10,4,10.25],"texture":"#7"}}},{"from":[10.5,-11.68555,0.96993],"to":[11.5,-10.68555,7.76993],"rotation":{"angle":0,"axis":"y","origin":[7.03253,-6.22545,3.94903]},"faces":{"north":{"uv":[10,4,10.25,4.25],"texture":"#7"},"east":{"uv":[6.75,2.5,8.4375,2.75],"texture":"#7"},"south":{"uv":[10,4.25,10.25,4.5],"texture":"#7"},"west":{"uv":[6.75,2.75,8.4375,3],"texture":"#7"},"up":{"uv":[7.25,7.6875,7,6],"texture":"#7"},"down":{"uv":[0.25,7.25,0,8.9375],"texture":"#7"}}},{"from":[4.5,-11.68555,0.96993],"to":[5.5,-10.68555,7.76993],"rotation":{"angle":0,"axis":"y","origin":[7.03253,-6.22545,3.94903]},"faces":{"north":{"uv":[4.75,10,5,10.25],"texture":"#7"},"east":{"uv":[0.25,7.25,1.9375,7.5],"texture":"#7"},"south":{"uv":[10,4.75,10.25,5],"texture":"#7"},"west":{"uv":[7.25,6,8.9375,6.25],"texture":"#7"},"up":{"uv":[2.25,8.9375,2,7.25],"texture":"#7"},"down":{"uv":[7.5,6.25,7.25,7.9375],"texture":"#7"}}},{"from":[9.9,-11.88555,1.26993],"to":[11.6,-10.38555,2.16993],"rotation":{"angle":0,"axis":"y","origin":[7.03253,-6.22545,3.94903]},"faces":{"north":{"uv":[8.75,7.25,9.1875,7.625],"texture":"#7"},"east":{"uv":[9.5,7,9.75,7.375],"texture":"#7"},"south":{"uv":[8.75,7.75,9.1875,8.125],"texture":"#7"},"west":{"uv":[7.25,9.5,7.5,9.875],"texture":"#7"},"up":{"uv":[9.6875,6.25,9.25,6],"texture":"#7"},"down":{"uv":[9.6875,6.25,9.25,6.5],"texture":"#7"}}},{"from":[4.4,-11.88555,1.26993],"to":[6.1,-10.38555,2.16993],"rotation":{"angle":0,"axis":"y","origin":[7.03253,-6.22545,3.94903]},"faces":{"north":{"uv":[9,0,9.4375,0.375],"texture":"#7"},"east":{"uv":[9,9.5,9.25,9.875],"texture":"#7"},"south":{"uv":[9,0.5,9.4375,0.875],"texture":"#7"},"west":{"uv":[9.25,9.5,9.5,9.875],"texture":"#7"},"up":{"uv":[9.6875,6.75,9.25,6.5],"texture":"#7"},"down":{"uv":[9.6875,6.75,9.25,7],"texture":"#7"}}},{"from":[2,-3.05808,5.32989],"to":[14,-0.05808,8.32989],"rotation":{"angle":-22.5,"axis":"x","origin":[7.03253,-6.22545,3.94903]},"faces":{"north":{"uv":[3,0,6,0.75],"texture":"#7"},"east":{"uv":[0.75,6.5,1.5,7.25],"texture":"#7"},"south":{"uv":[3,0.75,6,1.5],"texture":"#7"},"west":{"uv":[1.5,6.5,2.25,7.25],"texture":"#7"},"up":{"uv":[6,2.25,3,1.5],"texture":"#7"},"down":{"uv":[6,2.25,3,3],"texture":"#7"}}},{"from":[2.4,-6.1585,4.12926],"to":[3.2,0.8415,10.02926],"rotation":{"angle":-22.5,"axis":"x","origin":[7.03253,-6.22545,3.94903]},"faces":{"north":{"uv":[0.25,7.5,0.4375,9.25],"texture":"#7"},"east":{"uv":[0,0,1.5,1.75],"texture":"#7"},"south":{"uv":[0.5,7.5,0.6875,9.25],"texture":"#7"},"west":{"uv":[1.5,0,3,1.75],"texture":"#7"},"up":{"uv":[7.9375,5.75,7.75,4.25],"texture":"#7"},"down":{"uv":[8.1875,4.25,8,5.75],"texture":"#7"}}},{"from":[2.2,-5.165,2.16936],"to":[2.9,1.835,8.06936],"rotation":{"angle":0,"axis":"y","origin":[7.03253,-6.22545,3.94903]},"faces":{"north":{"uv":[1.4375,7.5,1.25,9.25],"texture":"#7"},"east":{"uv":[3,1.75,1.5,3.5],"texture":"#7"},"south":{"uv":[1.6875,7.5,1.5,9.25],"texture":"#7"},"west":{"uv":[1.5,1.75,0,3.5],"texture":"#7"},"up":{"uv":[7.25,9.5,7.4375,8],"texture":"#7"},"down":{"uv":[8.25,4.25,8.4375,5.75],"texture":"#7"}}},{"from":[1.9,-15.55808,3.72989],"to":[2.5,-10.45808,4.52989],"rotation":{"angle":-22.5,"axis":"x","origin":[7.03253,-6.22545,3.94903]},"faces":{"north":{"uv":[7.5,8.75,7.625,10],"texture":"#7"},"east":{"uv":[6,8.25,6.1875,9.5],"texture":"#7"},"south":{"uv":[0,9,0.125,10.25],"texture":"#7"},"west":{"uv":[8.25,6.25,8.4375,7.5],"texture":"#7"},"up":{"uv":[10.625,4.4375,10.5,4.25],"texture":"#7"},"down":{"uv":[10.625,4.5,10.5,4.6875],"texture":"#7"}}},{"from":[2,-14.55808,2.12989],"to":[2.4,-13.45808,3.72989],"rotation":{"angle":-22.5,"axis":"x","origin":[7.03253,-6.22545,3.94903]},"faces":{"north":{"uv":[10.25,9.75,10.375,10],"texture":"#7"},"east":{"uv":[8.5,9.5,8.875,9.75],"texture":"#7"},"south":{"uv":[10,10.25,10.125,10.5],"texture":"#7"},"west":{"uv":[9.5,8.5,9.875,8.75],"texture":"#7"},"up":{"uv":[4.125,10.625,4,10.25],"texture":"#7"},"down":{"uv":[10.375,4,10.25,4.375],"texture":"#7"}}},{"from":[1.9,-15.45808,0.82989],"to":[2.5,-11.35808,3.42989],"rotation":{"angle":-22.5,"axis":"x","origin":[7.03253,-6.22545,3.94903]},"faces":{"north":{"uv":[7.75,9,7.875,10],"texture":"#7"},"east":{"uv":[6,1,6.625,2],"texture":"#7"},"south":{"uv":[8,9,8.125,10],"texture":"#7"},"west":{"uv":[6,2,6.625,3],"texture":"#7"},"up":{"uv":[6.875,10.375,6.75,9.75],"texture":"#7"},"down":{"uv":[9.875,7.75,9.75,8.375],"texture":"#7"}}},{"from":[1.7,-15.05808,3.62989],"to":[2.7,-12.85808,4.62989],"rotation":{"angle":-22.5,"axis":"x","origin":[7.03253,-6.22545,3.94903]},"faces":{"north":{"uv":[9,3.25,9.25,3.8125],"texture":"#7"},"east":{"uv":[9,4,9.25,4.5625],"texture":"#7"},"south":{"uv":[9,4.75,9.25,5.3125],"texture":"#7"},"west":{"uv":[9,5.5,9.25,6.0625],"texture":"#7"},"up":{"uv":[4.75,10.25,4.5,10],"texture":"#7"},"down":{"uv":[10.25,4.5,10,4.75],"texture":"#7"}}},{"from":[1.9,-10.21975,5.36632],"to":[2.5,-3.11975,6.16632],"rotation":{"angle":0,"axis":"y","origin":[7.03253,-6.22545,3.94903]},"faces":{"north":{"uv":[4.25,8.5,4.375,10.25],"texture":"#7"},"east":{"uv":[0.75,7.5,0.9375,9.25],"texture":"#7"},"south":{"uv":[8.5,4.25,8.625,6],"texture":"#7"},"west":{"uv":[1,7.5,1.1875,9.25],"texture":"#7"},"up":{"uv":[10.625,4.9375,10.5,4.75],"texture":"#7"},"down":{"uv":[10.625,5,10.5,5.1875],"texture":"#7"}}},{"from":[10,-0.48706,4.4838],"to":[10.9,0.11294,8.4838],"rotation":{"angle":-22.5,"axis":"x","origin":[7.03253,-6.22545,3.94903]},"faces":{"north":{"uv":[8,10.25,8.25,10.375],"texture":"#7"},"east":{"uv":[9.25,2.5,10.25,2.625],"texture":"#7"},"south":{"uv":[8.25,10.25,8.5,10.375],"texture":"#7"},"west":{"uv":[9.25,2.75,10.25,2.875],"texture":"#7"},"up":{"uv":[7.75,5.25,7.5,4.25],"texture":"#7"},"down":{"uv":[5.5,8.25,5.25,9.25],"texture":"#7"}}},{"from":[10,-2.7654,-0.15476],"to":[10.9,-1.3654,0.44524],"rotation":{"angle":22.5,"axis":"x","origin":[7.03253,-6.22545,3.94903]},"faces":{"north":{"uv":[5.5,9.5,5.75,9.875],"texture":"#7"},"east":{"uv":[3.25,10.25,3.375,10.625],"texture":"#7"},"south":{"uv":[6,9.5,6.25,9.875],"texture":"#7"},"west":{"uv":[3.5,10.25,3.625,10.625],"texture":"#7"},"up":{"uv":[8.75,10.375,8.5,10.25],"texture":"#7"},"down":{"uv":[9,10.25,8.75,10.375],"texture":"#7"}}},{"from":[10,-10.85833,1.48173],"to":[10.9,-1.45833,2.08173],"rotation":{"angle":0,"axis":"y","origin":[7.03253,-6.22545,3.94903]},"faces":{"north":{"uv":[4.25,6,4.5,8.375],"texture":"#7"},"east":{"uv":[1.75,7.5,1.875,9.875],"texture":"#7"},"south":{"uv":[4.5,6,4.75,8.375],"texture":"#7"},"west":{"uv":[6.25,7.5,6.375,9.875],"texture":"#7"},"up":{"uv":[10.5,8.875,10.25,8.75],"texture":"#7"},"down":{"uv":[9.25,10.25,9,10.375],"texture":"#7"}}},{"from":[5.1,-0.48706,4.4838],"to":[6,0.11294,8.4838],"rotation":{"angle":-22.5,"axis":"x","origin":[7.03253,-6.22545,3.94903]},"faces":{"north":{"uv":[10.25,9.5,10.5,9.625],"texture":"#7"},"east":{"uv":[9.25,3,10.25,3.125],"texture":"#7"},"south":{"uv":[9.75,10.25,10,10.375],"texture":"#7"},"west":{"uv":[9.25,3.25,10.25,3.375],"texture":"#7"},"up":{"uv":[5.75,9.25,5.5,8.25],"texture":"#7"},"down":{"uv":[6,8.25,5.75,9.25],"texture":"#7"}}},{"from":[5.1,-2.7654,-0.15476],"to":[6,-1.3654,0.44524],"rotation":{"angle":22.5,"axis":"x","origin":[7.03253,-6.22545,3.94903]},"faces":{"north":{"uv":[9.5,7.5,9.75,7.875],"texture":"#7"},"east":{"uv":[10.25,3.5,10.375,3.875],"texture":"#7"},"south":{"uv":[9.5,8,9.75,8.375],"texture":"#7"},"west":{"uv":[3.75,10.25,3.875,10.625],"texture":"#7"},"up":{"uv":[10.5,9.375,10.25,9.25],"texture":"#7"},"down":{"uv":[9.75,10.25,9.5,10.375],"texture":"#7"}}},{"from":[4.2,-0.55808,8.42989],"to":[6,0.14192,10.02989],"rotation":{"angle":-22.5,"axis":"x","origin":[7.03253,-6.22545,3.94903]},"faces":{"north":{"uv":[9.75,7.25,10.1875,7.4375],"texture":"#7"},"east":{"uv":[1.25,10,1.625,10.1875],"texture":"#7"},"south":{"uv":[9.75,7.5,10.1875,7.6875],"texture":"#7"},"west":{"uv":[10,1.25,10.375,1.4375],"texture":"#7"},"up":{"uv":[9.1875,8.625,8.75,8.25],"texture":"#7"},"down":{"uv":[9.1875,8.75,8.75,9.125],"texture":"#7"}}},{"from":[2,-8.21779,7.22971],"to":[14,-7.21779,8.22971],"rotation":{"angle":22.5,"axis":"x","origin":[7.03253,-6.22545,3.94903]},"faces":{"north":{"uv":[6,0,9,0.25],"texture":"#7"},"east":{"uv":[10,3.5,10.25,3.75],"texture":"#7"},"south":{"uv":[6,0.25,9,0.5],"texture":"#7"},"west":{"uv":[3.75,10,4,10.25],"texture":"#7"},"up":{"uv":[9,0.75,6,0.5],"texture":"#7"},"down":{"uv":[9,0.75,6,1],"texture":"#7"}}},{"from":[10,-9.70449,4.64132],"to":[11.8,-9.00449,6.24132],"rotation":{"angle":-22.5,"axis":"x","origin":[7.03253,-6.22545,3.94903]},"faces":{"north":{"uv":[9.75,6.75,10.1875,6.9375],"texture":"#7"},"east":{"uv":[0.75,10,1.125,10.1875],"texture":"#7"},"south":{"uv":[9.75,7,10.1875,7.1875],"texture":"#7"},"west":{"uv":[10,1,10.375,1.1875],"texture":"#7"},"up":{"uv":[9.1875,6.625,8.75,6.25],"texture":"#7"},"down":{"uv":[9.1875,6.75,8.75,7.125],"texture":"#7"}}},{"from":[4.2,-9.70449,4.64132],"to":[6,-9.00449,6.24132],"rotation":{"angle":-22.5,"axis":"x","origin":[7.03253,-6.22545,3.94903]},"faces":{"north":{"uv":[9.75,7.25,10.1875,7.4375],"texture":"#7"},"east":{"uv":[1.25,10,1.625,10.1875],"texture":"#7"},"south":{"uv":[9.75,7.5,10.1875,7.6875],"texture":"#7"},"west":{"uv":[10,1.25,10.375,1.4375],"texture":"#7"},"up":{"uv":[9.1875,8.625,8.75,8.25],"texture":"#7"},"down":{"uv":[9.1875,8.75,8.75,9.125],"texture":"#7"}}},{"from":[5.1,-10.85833,1.48173],"to":[6,-1.45833,2.08173],"rotation":{"angle":0,"axis":"y","origin":[7.03253,-6.22545,3.94903]},"faces":{"north":{"uv":[4.75,6,5,8.375],"texture":"#7"},"east":{"uv":[7.5,6.25,7.625,8.625],"texture":"#7"},"south":{"uv":[5,6,5.25,8.375],"texture":"#7"},"west":{"uv":[6.5,7.5,6.625,9.875],"texture":"#7"},"up":{"uv":[10.5,9.125,10.25,9],"texture":"#7"},"down":{"uv":[9.5,10.25,9.25,10.375],"texture":"#7"}}}],"gui_light":"front","display":{"thirdperson_righthand":{"rotation":[57,0,0],"translation":[0,-0.75,0.75],"scale":[0.46485,0.46485,0.46485]},"thirdperson_lefthand":{"rotation":[57,0,0],"translation":[0,-0.75,0.75],"scale":[0.46485,0.46485,0.46485]},"ground":{"translation":[0,4.5,0.75],"scale":[0.66797,0.66797,0.66797]},"gui":{"translation":[0,0.5,0],"scale":[0.95703,0.95703,0.95703]},"head":{"rotation":[0,180,0],"translation":[0,-80,1.5],"scale":[2,2,2]},"fixed":{"rotation":[-90,180,0],"translation":[-0.25,-8.75,-19.75],"scale":[2.5,2.5,2.5]}}}