{"credit":"MadewithBlockbench","texture_size":[64,64],"textures":{"3":"elitecreatures:adventure_backpack_cosmetic/texture_4"},"elements":[{"from":[3.40345,-10.68999,3.8],"to":[12.60345,-7.08999,4.2],"rotation":{"angle":0,"axis":"y","origin":[7.99673,-8.44595,6.51022]},"faces":{"north":{"uv":[0,2.5,2.3125,3.375],"texture":"#3"},"east":{"uv":[9.5,7.25,9.625,8.125],"texture":"#3"},"south":{"uv":[2.5,2.5,4.8125,3.375],"texture":"#3"},"west":{"uv":[7.5,9.5,7.625,10.375],"texture":"#3"},"up":{"uv":[9.8125,5.125,7.5,5],"texture":"#3"},"down":{"uv":[10.3125,6.25,8,6.375],"texture":"#3"}}},{"from":[4,-9.5,5.1],"to":[12,-8.1,8.3],"rotation":{"angle":0,"axis":"y","origin":[7.99673,-8.44595,6.51022]},"faces":{"north":{"uv":[6,6.25,8,6.625],"texture":"#3"},"east":{"uv":[7.5,4.5,8.3125,4.875],"texture":"#3"},"south":{"uv":[6.5,0,8.5,0.375],"texture":"#3"},"west":{"uv":[8,2.5,8.8125,2.875],"texture":"#3"},"up":{"uv":[2,5.3125,0,4.5],"texture":"#3"},"down":{"uv":[6.5,0,4.5,0.8125],"texture":"#3"}}},{"from":[8.79444,-12.47999,3.52],"to":[12.39444,-11.47999,4.52],"rotation":{"angle":22.5,"axis":"z","origin":[7.99673,-8.44595,6.51022]},"faces":{"north":{"uv":[8.5,0.75,9.375,1],"texture":"#3"},"east":{"uv":[4.5,10,4.75,10.25],"texture":"#3"},"south":{"uv":[8.5,1,9.375,1.25],"texture":"#3"},"west":{"uv":[4.75,10,5,10.25],"texture":"#3"},"up":{"uv":[9.375,1.5,8.5,1.25],"texture":"#3"},"down":{"uv":[9.375,1.5,8.5,1.75],"texture":"#3"}}},{"from":[9.42897,-9.25272,3.5],"to":[12.02897,-8.25272,4.5],"rotation":{"angle":-45,"axis":"z","origin":[7.99673,-8.44595,6.51022]},"faces":{"north":{"uv":[6.25,4.25,6.875,4.5],"texture":"#3"},"east":{"uv":[10,4.75,10.25,5],"texture":"#3"},"south":{"uv":[8.5,4.75,9.125,5],"texture":"#3"},"west":{"uv":[10,5,10.25,5.25],"texture":"#3"},"up":{"uv":[9.625,2.75,9,2.5],"texture":"#3"},"down":{"uv":[9.625,2.75,9,3],"texture":"#3"}}},{"from":[12.60345,-10.68999,3.5],"to":[13.60345,-7.08999,4.5],"rotation":{"angle":0,"axis":"y","origin":[7.99673,-8.44595,6.51022]},"faces":{"north":{"uv":[4.25,8.25,4.5,9.125],"texture":"#3"},"east":{"uv":[3,8.5,3.25,9.375],"texture":"#3"},"south":{"uv":[3.25,8.5,3.5,9.375],"texture":"#3"},"west":{"uv":[3.5,8.5,3.75,9.375],"texture":"#3"},"up":{"uv":[10.25,5.5,10,5.25],"texture":"#3"},"down":{"uv":[10.25,5.5,10,5.75],"texture":"#3"}}},{"from":[12.6,-8.34516,3.21024],"to":[13.6,-5.74516,4.21024],"rotation":{"angle":22.5,"axis":"x","origin":[7.99673,-8.44595,6.51022]},"faces":{"north":{"uv":[9,8.25,9.25,8.875],"texture":"#3"},"east":{"uv":[9,9,9.25,9.625],"texture":"#3"},"south":{"uv":[9.25,0,9.5,0.625],"texture":"#3"},"west":{"uv":[9.25,3.25,9.5,3.875],"texture":"#3"},"up":{"uv":[6.75,10.25,6.5,10],"texture":"#3"},"down":{"uv":[7,10,6.75,10.25],"texture":"#3"}}},{"from":[2.39655,-10.68999,3.5],"to":[3.39655,-7.08999,4.5],"rotation":{"angle":0,"axis":"y","origin":[7.99673,-8.44595,6.51022]},"faces":{"north":{"uv":[3.75,8.5,4,9.375],"texture":"#3"},"east":{"uv":[4,8.5,4.25,9.375],"texture":"#3"},"south":{"uv":[8.5,5.25,8.75,6.125],"texture":"#3"},"west":{"uv":[6,8.5,6.25,9.375],"texture":"#3"},"up":{"uv":[7.25,10.25,7,10],"texture":"#3"},"down":{"uv":[10.25,7,10,7.25],"texture":"#3"}}},{"from":[2.39655,-8.34516,3.21024],"to":[3.39655,-5.74516,4.21024],"rotation":{"angle":22.5,"axis":"x","origin":[7.99673,-8.44595,6.51022]},"faces":{"north":{"uv":[4.25,9.25,4.5,9.875],"texture":"#3"},"east":{"uv":[9.25,7,9.5,7.625],"texture":"#3"},"south":{"uv":[9.25,7.75,9.5,8.375],"texture":"#3"},"west":{"uv":[9.25,8.5,9.5,9.125],"texture":"#3"},"up":{"uv":[10.25,7.75,10,7.5],"texture":"#3"},"down":{"uv":[8,10,7.75,10.25],"texture":"#3"}}},{"from":[12.60345,-10.68999,8.8],"to":[13.60345,-7.08999,9.8],"rotation":{"angle":0,"axis":"y","origin":[7.99673,-8.44595,6.51022]},"faces":{"north":{"uv":[6.25,8.5,6.5,9.375],"texture":"#3"},"east":{"uv":[6.5,8.5,6.75,9.375],"texture":"#3"},"south":{"uv":[6.75,8.5,7,9.375],"texture":"#3"},"west":{"uv":[7.5,8.5,7.75,9.375],"texture":"#3"},"up":{"uv":[10.25,8,10,7.75],"texture":"#3"},"down":{"uv":[8.25,10,8,10.25],"texture":"#3"}}},{"from":[12.6,-8.45215,9.06848],"to":[13.6,-5.85215,10.06848],"rotation":{"angle":-22.5,"axis":"x","origin":[7.99673,-8.44595,6.51022]},"faces":{"north":{"uv":[8.75,9.25,9,9.875],"texture":"#3"},"east":{"uv":[9.25,9.25,9.5,9.875],"texture":"#3"},"south":{"uv":[0,9.5,0.25,10.125],"texture":"#3"},"west":{"uv":[9.5,0,9.75,0.625],"texture":"#3"},"up":{"uv":[10.25,8.25,10,8],"texture":"#3"},"down":{"uv":[8.5,10,8.25,10.25],"texture":"#3"}}},{"from":[2.39655,-10.68999,8.8],"to":[3.39655,-7.08999,9.8],"rotation":{"angle":0,"axis":"y","origin":[7.99673,-8.44595,6.51022]},"faces":{"north":{"uv":[7.75,8.5,8,9.375],"texture":"#3"},"east":{"uv":[8,8.5,8.25,9.375],"texture":"#3"},"south":{"uv":[8.25,8.5,8.5,9.375],"texture":"#3"},"west":{"uv":[8.5,8.5,8.75,9.375],"texture":"#3"},"up":{"uv":[10.25,8.5,10,8.25],"texture":"#3"},"down":{"uv":[8.75,10,8.5,10.25],"texture":"#3"}}},{"from":[2.39655,-8.45215,9.06848],"to":[3.39655,-5.85215,10.06848],"rotation":{"angle":-22.5,"axis":"x","origin":[7.99673,-8.44595,6.51022]},"faces":{"north":{"uv":[0.25,9.5,0.5,10.125],"texture":"#3"},"east":{"uv":[0.5,9.5,0.75,10.125],"texture":"#3"},"south":{"uv":[0.75,9.5,1,10.125],"texture":"#3"},"west":{"uv":[9.5,0.75,9.75,1.375],"texture":"#3"},"up":{"uv":[10.25,8.75,10,8.5],"texture":"#3"},"down":{"uv":[9,10,8.75,10.25],"texture":"#3"}}},{"from":[2.39,-5.6879,4.49498],"to":[3.39,-4.6879,8.79498],"rotation":{"angle":0,"axis":"y","origin":[7.99673,-8.44595,6.51022]},"faces":{"north":{"uv":[10,8.75,10.25,9],"texture":"#3"},"east":{"uv":[8,7.75,9.0625,8],"texture":"#3"},"south":{"uv":[10,9,10.25,9.25],"texture":"#3"},"west":{"uv":[8,8,9.0625,8.25],"texture":"#3"},"up":{"uv":[0.25,9.3125,0,8.25],"texture":"#3"},"down":{"uv":[0.5,8.25,0.25,9.3125],"texture":"#3"}}},{"from":[12.60345,-5.6879,4.49498],"to":[13.60345,-4.6879,8.79498],"rotation":{"angle":0,"axis":"y","origin":[7.99673,-8.44595,6.51022]},"faces":{"north":{"uv":[9.25,10,9.5,10.25],"texture":"#3"},"east":{"uv":[3,8.25,4.0625,8.5],"texture":"#3"},"south":{"uv":[10,9.25,10.25,9.5],"texture":"#3"},"west":{"uv":[8.25,3,9.3125,3.25],"texture":"#3"},"up":{"uv":[0.75,9.3125,0.5,8.25],"texture":"#3"},"down":{"uv":[1,8.25,0.75,9.3125],"texture":"#3"}}},{"from":[6.84611,-10.32206,3.52],"to":[9.14611,-9.32206,4.52],"rotation":{"angle":0,"axis":"y","origin":[7.99673,-8.44595,6.51022]},"faces":{"north":{"uv":[9.5,2.25,10.0625,2.5],"texture":"#3"},"east":{"uv":[10,9.5,10.25,9.75],"texture":"#3"},"south":{"uv":[3.5,9.5,4.0625,9.75],"texture":"#3"},"west":{"uv":[9.75,10,10,10.25],"texture":"#3"},"up":{"uv":[10.0625,3.75,9.5,3.5],"texture":"#3"},"down":{"uv":[10.0625,3.75,9.5,4],"texture":"#3"}}},{"from":[3.60506,-12.47749,3.52],"to":[7.20506,-11.47749,4.52],"rotation":{"angle":-22.5,"axis":"z","origin":[7.99673,-8.44595,6.51022]},"faces":{"north":{"uv":[8.5,1.75,9.375,2],"texture":"#3"},"east":{"uv":[10,10,10.25,10.25],"texture":"#3"},"south":{"uv":[8.5,2,9.375,2.25],"texture":"#3"},"west":{"uv":[0,10.25,0.25,10.5],"texture":"#3"},"up":{"uv":[9.375,2.5,8.5,2.25],"texture":"#3"},"down":{"uv":[9.375,4.5,8.5,4.75],"texture":"#3"}}},{"from":[3.96912,-9.25735,3.5],"to":[6.56912,-8.25735,4.5],"rotation":{"angle":45,"axis":"z","origin":[7.99673,-8.44595,6.51022]},"faces":{"north":{"uv":[9.25,4,9.875,4.25],"texture":"#3"},"east":{"uv":[0.25,10.25,0.5,10.5],"texture":"#3"},"south":{"uv":[9.25,4.25,9.875,4.5],"texture":"#3"},"west":{"uv":[0.5,10.25,0.75,10.5],"texture":"#3"},"up":{"uv":[9.875,5,9.25,4.75],"texture":"#3"},"down":{"uv":[10.125,1.5,9.5,1.75],"texture":"#3"}}},{"from":[3.40345,-8.23036,3.4874],"to":[12.60345,-5.93036,3.8874],"rotation":{"angle":22.5,"axis":"x","origin":[7.99673,-8.44595,6.51022]},"faces":{"north":{"uv":[4.5,4.5,6.8125,5.0625],"texture":"#3"},"east":{"uv":[2.5,10,2.625,10.5625],"texture":"#3"},"south":{"uv":[5,2.5,7.3125,3.0625],"texture":"#3"},"west":{"uv":[10,2.5,10.125,3.0625],"texture":"#3"},"up":{"uv":[10.3125,6.625,8,6.5],"texture":"#3"},"down":{"uv":[10.3125,6.75,8,6.875],"texture":"#3"}}},{"from":[10.60345,-5.56506,4.68017],"to":[12.60345,-4.96506,8.78017],"rotation":{"angle":0,"axis":"y","origin":[7.99673,-8.44595,6.51022]},"faces":{"north":{"uv":[10.25,0.5,10.75,0.625],"texture":"#3"},"east":{"uv":[9.5,4.5,10.5,4.625],"texture":"#3"},"south":{"uv":[0.75,10.25,1.25,10.375],"texture":"#3"},"west":{"uv":[9.5,5.75,10.5,5.875],"texture":"#3"},"up":{"uv":[7.5,5.25,7,4.25],"texture":"#3"},"down":{"uv":[5.5,7,5,8],"texture":"#3"}}},{"from":[3.39655,-5.56506,4.68017],"to":[5.39655,-4.96506,8.78017],"rotation":{"angle":0,"axis":"y","origin":[7.99673,-8.44595,6.51022]},"faces":{"north":{"uv":[10.25,0.75,10.75,0.875],"texture":"#3"},"east":{"uv":[6,9.5,7,9.625],"texture":"#3"},"south":{"uv":[10.25,1,10.75,1.125],"texture":"#3"},"west":{"uv":[9.5,6,10.5,6.125],"texture":"#3"},"up":{"uv":[6,8,5.5,7],"texture":"#3"},"down":{"uv":[7.5,6.75,7,7.75],"texture":"#3"}}},{"from":[3.40345,-10.58237,8.19861],"to":[12.60345,-7.18237,9.69861],"rotation":{"angle":0,"axis":"y","origin":[7.99673,-8.44595,6.51022]},"faces":{"north":{"uv":[0,3.5,2.3125,4.375],"texture":"#3"},"east":{"uv":[5,8,5.375,8.875],"texture":"#3"},"south":{"uv":[2.5,3.5,4.8125,4.375],"texture":"#3"},"west":{"uv":[5.5,8,5.875,8.875],"texture":"#3"},"up":{"uv":[7.3125,3.625,5,3.25],"texture":"#3"},"down":{"uv":[7.3125,3.75,5,4.125],"texture":"#3"}}},{"from":[3.39655,-8.4987,8.53946],"to":[12.59655,-6.0987,9.93946],"rotation":{"angle":-22.5,"axis":"x","origin":[7.99673,-8.44595,6.51022]},"faces":{"north":{"uv":[4.5,1,6.8125,1.625],"texture":"#3"},"east":{"uv":[1,8.25,1.375,8.875],"texture":"#3"},"south":{"uv":[4.5,1.75,6.8125,2.375],"texture":"#3"},"west":{"uv":[8.5,0,8.875,0.625],"texture":"#3"},"up":{"uv":[8.3125,5.625,6,5.25],"texture":"#3"},"down":{"uv":[8.3125,5.75,6,6.125],"texture":"#3"}}},{"from":[7.07294,-5.13248,4.68017],"to":[9.07294,-4.23248,8.78017],"rotation":{"angle":-22.5,"axis":"z","origin":[7.99673,-8.44595,6.51022]},"faces":{"north":{"uv":[1.5,5.5,2,5.75],"texture":"#3"},"east":{"uv":[8.25,3.25,9.25,3.5],"texture":"#3"},"south":{"uv":[7,2.25,7.5,2.5],"texture":"#3"},"west":{"uv":[8.25,3.5,9.25,3.75],"texture":"#3"},"up":{"uv":[0.5,8.25,0,7.25],"texture":"#3"},"down":{"uv":[1,7.25,0.5,8.25],"texture":"#3"}}},{"from":[6.92656,-5.13499,4.68017],"to":[8.92656,-4.23499,8.78017],"rotation":{"angle":22.5,"axis":"z","origin":[7.99673,-8.44595,6.51022]},"faces":{"north":{"uv":[7,9.5,7.5,9.75],"texture":"#3"},"east":{"uv":[8.25,3.75,9.25,4],"texture":"#3"},"south":{"uv":[9.5,7,10,7.25],"texture":"#3"},"west":{"uv":[8.25,4,9.25,4.25],"texture":"#3"},"up":{"uv":[1.5,8.25,1,7.25],"texture":"#3"},"down":{"uv":[8,0.5,7.5,1.5],"texture":"#3"}}},{"from":[7.24431,-5.0997,4.68],"to":[8.75431,-4.1997,8.77],"rotation":{"angle":0,"axis":"y","origin":[7.99673,-8.44595,6.51022]},"faces":{"north":{"uv":[2,9.75,2.375,10],"texture":"#3"},"east":{"uv":[8.25,4.25,9.25,4.5],"texture":"#3"},"south":{"uv":[2.5,9.75,2.875,10],"texture":"#3"},"west":{"uv":[8,8.25,9,8.5],"texture":"#3"},"up":{"uv":[8.375,1.5,8,0.5],"texture":"#3"},"down":{"uv":[8.375,1.5,8,2.5],"texture":"#3"}}},{"from":[10.9,-14.60768,5.62715],"to":[12.5,-9.30768,6.02715],"rotation":{"angle":22.5,"axis":"x","origin":[7.99673,-8.44595,6.51022]},"faces":{"north":{"uv":[1.5,7.5,1.875,8.8125],"texture":"#3"},"east":{"uv":[5,9,5.125,10.3125],"texture":"#3"},"south":{"uv":[7.5,1.5,7.875,2.8125],"texture":"#3"},"west":{"uv":[5.25,9,5.375,10.3125],"texture":"#3"},"up":{"uv":[6.875,10.375,6.5,10.25],"texture":"#3"},"down":{"uv":[10.625,7,10.25,7.125],"texture":"#3"}}},{"from":[3.6,-14.60768,5.62715],"to":[5.2,-9.30768,6.02715],"rotation":{"angle":22.5,"axis":"x","origin":[7.99673,-8.44595,6.51022]},"faces":{"north":{"uv":[2,7.5,2.375,8.8125],"texture":"#3"},"east":{"uv":[5.5,9,5.625,10.3125],"texture":"#3"},"south":{"uv":[2.5,7.5,2.875,8.8125],"texture":"#3"},"west":{"uv":[5.75,9,5.875,10.3125],"texture":"#3"},"up":{"uv":[10.625,7.625,10.25,7.5],"texture":"#3"},"down":{"uv":[8.125,10.25,7.75,10.375],"texture":"#3"}}},{"from":[5.79655,-6.92134,3.52088],"to":[10.19655,-5.92134,4.42088],"rotation":{"angle":-45,"axis":"x","origin":[7.99673,-8.44595,6.51022]},"faces":{"north":{"uv":[5,4.25,6.125,4.5],"texture":"#3"},"east":{"uv":[1.25,10.25,1.5,10.5],"texture":"#3"},"south":{"uv":[8,7,9.125,7.25],"texture":"#3"},"west":{"uv":[10.25,1.25,10.5,1.5],"texture":"#3"},"up":{"uv":[9.125,7.5,8,7.25],"texture":"#3"},"down":{"uv":[9.125,7.5,8,7.75],"texture":"#3"}}},{"from":[10.80345,-11.48999,3.1],"to":[12.10345,-10.18999,3.5],"rotation":{"angle":0,"axis":"y","origin":[7.99673,-8.44595,6.51022]},"faces":{"north":{"uv":[9.75,0.5,10.0625,0.8125],"texture":"#3"},"east":{"uv":[0,10.5,0.125,10.8125],"texture":"#3"},"south":{"uv":[1,9.75,1.3125,10.0625],"texture":"#3"},"west":{"uv":[0.25,10.5,0.375,10.8125],"texture":"#3"},"up":{"uv":[10.5625,9.625,10.25,9.5],"texture":"#3"},"down":{"uv":[10.8125,0.25,10.5,0.375],"texture":"#3"}}},{"from":[3.89655,-10.58999,3.5],"to":[5.19655,-8.48999,3.9],"rotation":{"angle":0,"axis":"y","origin":[7.99673,-8.44595,6.51022]},"faces":{"north":{"uv":[6.5,0.5,6.8125,1],"texture":"#3"},"east":{"uv":[1.5,10.25,1.625,10.75],"texture":"#3"},"south":{"uv":[9.5,1.75,9.8125,2.25],"texture":"#3"},"west":{"uv":[1.75,10.25,1.875,10.75],"texture":"#3"},"up":{"uv":[0.8125,10.625,0.5,10.5],"texture":"#3"},"down":{"uv":[1.3125,10.5,1,10.625],"texture":"#3"}}},{"from":[10.79655,-10.58999,3.5],"to":[12.09655,-8.48999,3.9],"rotation":{"angle":0,"axis":"y","origin":[7.99673,-8.44595,6.51022]},"faces":{"north":{"uv":[3,9.5,3.3125,10],"texture":"#3"},"east":{"uv":[2,10.25,2.125,10.75],"texture":"#3"},"south":{"uv":[9.5,3,9.8125,3.5],"texture":"#3"},"west":{"uv":[2.25,10.25,2.375,10.75],"texture":"#3"},"up":{"uv":[10.8125,1.375,10.5,1.25],"texture":"#3"},"down":{"uv":[10.8125,1.5,10.5,1.625],"texture":"#3"}}},{"from":[10.69655,-9.98999,3.4],"to":[12.19655,-9.38999,3.9],"rotation":{"angle":0,"axis":"y","origin":[7.99673,-8.44595,6.51022]},"faces":{"north":{"uv":[10.25,7.75,10.625,7.875],"texture":"#3"},"east":{"uv":[10.75,1,10.875,1.125],"texture":"#3"},"south":{"uv":[10.25,8,10.625,8.125],"texture":"#3"},"west":{"uv":[1.25,10.75,1.375,10.875],"texture":"#3"},"up":{"uv":[8.625,10.375,8.25,10.25],"texture":"#3"},"down":{"uv":[10.625,8.25,10.25,8.375],"texture":"#3"}}},{"from":[3.80345,-9.98999,3.4],"to":[5.30345,-9.38999,3.9],"rotation":{"angle":0,"axis":"y","origin":[7.99673,-8.44595,6.51022]},"faces":{"north":{"uv":[10.25,8.5,10.625,8.625],"texture":"#3"},"east":{"uv":[1.5,10.75,1.625,10.875],"texture":"#3"},"south":{"uv":[10.25,8.75,10.625,8.875],"texture":"#3"},"west":{"uv":[1.75,10.75,1.875,10.875],"texture":"#3"},"up":{"uv":[10.625,9.125,10.25,9],"texture":"#3"},"down":{"uv":[10.625,9.25,10.25,9.375],"texture":"#3"}}},{"from":[3.90345,-11.48999,3.1],"to":[5.20345,-10.18999,3.5],"rotation":{"angle":0,"axis":"y","origin":[7.99673,-8.44595,6.51022]},"faces":{"north":{"uv":[9.75,1,10.0625,1.3125],"texture":"#3"},"east":{"uv":[10.5,1.75,10.625,2.0625],"texture":"#3"},"south":{"uv":[1.5,9.75,1.8125,10.0625],"texture":"#3"},"west":{"uv":[10.5,2.25,10.625,2.5625],"texture":"#3"},"up":{"uv":[3.0625,10.625,2.75,10.5],"texture":"#3"},"down":{"uv":[10.8125,2.75,10.5,2.875],"texture":"#3"}}},{"from":[10.90345,-8.34516,3.21023],"to":[12.00345,-5.64516,3.61023],"rotation":{"angle":22.5,"axis":"x","origin":[7.99673,-8.44595,6.51022]},"faces":{"north":{"uv":[4.5,8.75,4.75,9.4375],"texture":"#3"},"east":{"uv":[6,9.75,6.125,10.4375],"texture":"#3"},"south":{"uv":[4.75,8.75,5,9.4375],"texture":"#3"},"west":{"uv":[6.25,9.75,6.375,10.4375],"texture":"#3"},"up":{"uv":[10.75,3.125,10.5,3],"texture":"#3"},"down":{"uv":[3.5,10.5,3.25,10.625],"texture":"#3"}}},{"from":[10.90345,-8.48999,3.5],"to":[12.00345,-7.08999,3.9],"rotation":{"angle":0,"axis":"y","origin":[7.99673,-8.44595,6.51022]},"faces":{"north":{"uv":[9.75,2.5,10,2.875],"texture":"#3"},"east":{"uv":[7,10.25,7.125,10.625],"texture":"#3"},"south":{"uv":[3.5,9.75,3.75,10.125],"texture":"#3"},"west":{"uv":[8.75,10.25,8.875,10.625],"texture":"#3"},"up":{"uv":[10.75,3.625,10.5,3.5],"texture":"#3"},"down":{"uv":[10.75,3.75,10.5,3.875],"texture":"#3"}}},{"from":[10.90345,-7.1212,2.38962],"to":[12.00345,-5.4212,2.78962],"rotation":{"angle":45,"axis":"x","origin":[7.99673,-8.44595,6.51022]},"faces":{"north":{"uv":[7.75,9.5,8,9.9375],"texture":"#3"},"east":{"uv":[3.5,10.25,3.625,10.6875],"texture":"#3"},"south":{"uv":[8,9.5,8.25,9.9375],"texture":"#3"},"west":{"uv":[10.25,3.5,10.375,3.9375],"texture":"#3"},"up":{"uv":[10.75,4.125,10.5,4],"texture":"#3"},"down":{"uv":[4.5,10.5,4.25,10.625],"texture":"#3"}}},{"from":[10.90345,-3.79343,5.73533],"to":[12.00345,-3.39343,8.43533],"rotation":{"angle":0,"axis":"y","origin":[7.99673,-8.44595,6.51022]},"faces":{"north":{"uv":[10.5,4.25,10.75,4.375],"texture":"#3"},"east":{"uv":[6.5,9.75,7.1875,9.875],"texture":"#3"},"south":{"uv":[10.5,4.5,10.75,4.625],"texture":"#3"},"west":{"uv":[9.75,7.25,10.4375,7.375],"texture":"#3"},"up":{"uv":[9,9.1875,8.75,8.5],"texture":"#3"},"down":{"uv":[9.25,0,9,0.6875],"texture":"#3"}}},{"from":[10.90345,-7.93454,11.04415],"to":[12.00345,-6.23454,11.44415],"rotation":{"angle":-45,"axis":"x","origin":[7.99673,-8.44595,6.51022]},"faces":{"north":{"uv":[8.25,9.5,8.5,9.9375],"texture":"#3"},"east":{"uv":[3.75,10.25,3.875,10.6875],"texture":"#3"},"south":{"uv":[9.5,8.25,9.75,8.6875],"texture":"#3"},"west":{"uv":[4,10.25,4.125,10.6875],"texture":"#3"},"up":{"uv":[10.75,4.875,10.5,4.75],"texture":"#3"},"down":{"uv":[5.25,10.5,5,10.625],"texture":"#3"}}},{"from":[10.90345,-7.29551,9.23741],"to":[12.00345,-4.59551,9.63741],"rotation":{"angle":0,"axis":"y","origin":[7.99673,-8.44595,6.51022]},"faces":{"north":{"uv":[1,9,1.25,9.6875],"texture":"#3"},"east":{"uv":[7.25,9.75,7.375,10.4375],"texture":"#3"},"south":{"uv":[1.25,9,1.5,9.6875],"texture":"#3"},"west":{"uv":[9.75,7.5,9.875,8.1875],"texture":"#3"},"up":{"uv":[10.75,5.125,10.5,5],"texture":"#3"},"down":{"uv":[5.5,10.5,5.25,10.625],"texture":"#3"}}},{"from":[4.00345,-7.1212,2.38962],"to":[5.10345,-5.4212,2.78962],"rotation":{"angle":45,"axis":"x","origin":[7.99673,-8.44595,6.51022]},"faces":{"north":{"uv":[8.5,9.5,8.75,9.9375],"texture":"#3"},"east":{"uv":[10.25,4,10.375,4.4375],"texture":"#3"},"south":{"uv":[9.5,8.75,9.75,9.1875],"texture":"#3"},"west":{"uv":[4.5,10.25,4.625,10.6875],"texture":"#3"},"up":{"uv":[5.75,10.625,5.5,10.5],"texture":"#3"},"down":{"uv":[6,10.5,5.75,10.625],"texture":"#3"}}},{"from":[4.00345,-8.34516,3.21023],"to":[5.10345,-5.64516,3.61023],"rotation":{"angle":22.5,"axis":"x","origin":[7.99673,-8.44595,6.51022]},"faces":{"north":{"uv":[1.5,9,1.75,9.6875],"texture":"#3"},"east":{"uv":[9.75,8.25,9.875,8.9375],"texture":"#3"},"south":{"uv":[1.75,9,2,9.6875],"texture":"#3"},"west":{"uv":[9,9.75,9.125,10.4375],"texture":"#3"},"up":{"uv":[10.75,5.875,10.5,5.75],"texture":"#3"},"down":{"uv":[6.25,10.5,6,10.625],"texture":"#3"}}},{"from":[4.00345,-8.48999,3.5],"to":[5.10345,-7.08999,3.9],"rotation":{"angle":0,"axis":"y","origin":[7.99673,-8.44595,6.51022]},"faces":{"north":{"uv":[3.75,9.75,4,10.125],"texture":"#3"},"east":{"uv":[9.25,10.25,9.375,10.625],"texture":"#3"},"south":{"uv":[4,9.75,4.25,10.125],"texture":"#3"},"west":{"uv":[9.75,10.25,9.875,10.625],"texture":"#3"},"up":{"uv":[10.75,6.125,10.5,6],"texture":"#3"},"down":{"uv":[6.5,10.5,6.25,10.625],"texture":"#3"}}},{"from":[4.00345,-7.93454,11.04415],"to":[5.10345,-6.23454,11.44415],"rotation":{"angle":-45,"axis":"x","origin":[7.99673,-8.44595,6.51022]},"faces":{"north":{"uv":[9.5,9.25,9.75,9.6875],"texture":"#3"},"east":{"uv":[4.75,10.25,4.875,10.6875],"texture":"#3"},"south":{"uv":[9.75,0,10,0.4375],"texture":"#3"},"west":{"uv":[10.25,4.75,10.375,5.1875],"texture":"#3"},"up":{"uv":[10.75,6.375,10.5,6.25],"texture":"#3"},"down":{"uv":[6.75,10.5,6.5,10.625],"texture":"#3"}}},{"from":[4.00345,-7.29551,9.23741],"to":[5.10345,-4.59551,9.63741],"rotation":{"angle":0,"axis":"y","origin":[7.99673,-8.44595,6.51022]},"faces":{"north":{"uv":[2,9,2.25,9.6875],"texture":"#3"},"east":{"uv":[9.75,9,9.875,9.6875],"texture":"#3"},"south":{"uv":[2.25,9,2.5,9.6875],"texture":"#3"},"west":{"uv":[9.5,9.75,9.625,10.4375],"texture":"#3"},"up":{"uv":[10.75,6.625,10.5,6.5],"texture":"#3"},"down":{"uv":[7,10.5,6.75,10.625],"texture":"#3"}}},{"from":[4.00345,-3.79343,5.73533],"to":[5.10345,-3.39343,8.43533],"rotation":{"angle":0,"axis":"y","origin":[7.99673,-8.44595,6.51022]},"faces":{"north":{"uv":[10.5,6.75,10.75,6.875],"texture":"#3"},"east":{"uv":[9.75,9.75,10.4375,9.875],"texture":"#3"},"south":{"uv":[7.25,10.5,7.5,10.625],"texture":"#3"},"west":{"uv":[10,0,10.6875,0.125],"texture":"#3"},"up":{"uv":[2.75,9.6875,2.5,9],"texture":"#3"},"down":{"uv":[3,9,2.75,9.6875],"texture":"#3"}}},{"from":[4.09655,-7.69551,9.63741],"to":[4.99655,-6.79551,9.83741],"rotation":{"angle":0,"axis":"y","origin":[7.99673,-8.44595,6.51022]},"faces":{"north":{"uv":[10.25,1.5,10.5,1.75],"texture":"#3"},"east":{"uv":[10.75,1.75,10.8125,2],"texture":"#3"},"south":{"uv":[10.25,2.25,10.5,2.5],"texture":"#3"},"west":{"uv":[2,10.75,2.0625,11],"texture":"#3"},"up":{"uv":[11,2.0625,10.75,2],"texture":"#3"},"down":{"uv":[2.5,10.75,2.25,10.8125],"texture":"#3"}}},{"from":[11.00345,-7.69551,9.63741],"to":[11.90345,-6.79551,9.83741],"rotation":{"angle":0,"axis":"y","origin":[7.99673,-8.44595,6.51022]},"faces":{"north":{"uv":[10.25,2.5,10.5,2.75],"texture":"#3"},"east":{"uv":[10.75,2.25,10.8125,2.5],"texture":"#3"},"south":{"uv":[2.75,10.25,3,10.5],"texture":"#3"},"west":{"uv":[2.5,10.75,2.5625,11],"texture":"#3"},"up":{"uv":[11,2.5625,10.75,2.5],"texture":"#3"},"down":{"uv":[3,10.75,2.75,10.8125],"texture":"#3"}}},{"from":[3.43582,-15.44581,4.7],"to":[4.63582,-8.84581,5.8],"rotation":{"angle":-22.5,"axis":"z","origin":[7.99673,-8.44595,6.51022]},"faces":{"north":{"uv":[6,6.75,6.3125,8.375],"texture":"#3"},"east":{"uv":[7.5,6.75,7.75,8.375],"texture":"#3"},"south":{"uv":[6.5,6.75,6.8125,8.375],"texture":"#3"},"west":{"uv":[7.75,6.75,8,8.375],"texture":"#3"},"up":{"uv":[10.3125,0.5,10,0.25],"texture":"#3"},"down":{"uv":[10.3125,1.75,10,2],"texture":"#3"}}},{"from":[4.03582,-15.24581,5.1],"to":[6.63582,-8.74581,8.2],"rotation":{"angle":-22.5,"axis":"z","origin":[7.99673,-8.44595,6.51022]},"faces":{"north":{"uv":[1.5,5.75,2.125,7.375],"texture":"#3"},"east":{"uv":[4.5,5.25,5.25,6.875],"texture":"#3"},"south":{"uv":[2.25,5.75,2.875,7.375],"texture":"#3"},"west":{"uv":[5.25,5.25,6,6.875],"texture":"#3"},"up":{"uv":[3.625,8.25,3,7.5],"texture":"#3"},"down":{"uv":[8.125,3,7.5,3.75],"texture":"#3"}}},{"from":[9.36368,-15.24831,5.1],"to":[11.96368,-8.74831,8.2],"rotation":{"angle":22.5,"axis":"z","origin":[7.99673,-8.44595,6.51022]},"faces":{"north":{"uv":[3,5.75,3.625,7.375],"texture":"#3"},"east":{"uv":[0,5.5,0.75,7.125],"texture":"#3"},"south":{"uv":[3.75,5.75,4.375,7.375],"texture":"#3"},"west":{"uv":[0.75,5.5,1.5,7.125],"texture":"#3"},"up":{"uv":[4.375,8.25,3.75,7.5],"texture":"#3"},"down":{"uv":[8.125,3.75,7.5,4.5],"texture":"#3"}}},{"from":[3.59655,-14.2996,5.97349],"to":[12.39655,-9.1996,10.27349],"rotation":{"angle":22.5,"axis":"x","origin":[7.99673,-8.44595,6.51022]},"faces":{"north":{"uv":[0,0,2.1875,1.25],"texture":"#3"},"east":{"uv":[2,4.5,3.0625,5.75],"texture":"#3"},"south":{"uv":[0,1.25,2.1875,2.5],"texture":"#3"},"west":{"uv":[3.25,4.5,4.3125,5.75],"texture":"#3"},"up":{"uv":[4.4375,1.0625,2.25,0],"texture":"#3"},"down":{"uv":[4.4375,1.25,2.25,2.3125],"texture":"#3"}}},{"from":[9.40345,-8.23036,3.2874],"to":[10.40345,-7.23036,3.6874],"rotation":{"angle":22.5,"axis":"x","origin":[7.99673,-8.44595,6.51022]},"faces":{"north":{"uv":[10.25,2.75,10.5,3],"texture":"#3"},"east":{"uv":[10.5,7.25,10.625,7.5],"texture":"#3"},"south":{"uv":[3,10.25,3.25,10.5],"texture":"#3"},"west":{"uv":[7.5,10.5,7.625,10.75],"texture":"#3"},"up":{"uv":[8,10.625,7.75,10.5],"texture":"#3"},"down":{"uv":[8.25,10.5,8,10.625],"texture":"#3"}}},{"from":[5.60345,-8.23036,3.2874],"to":[6.60345,-7.23036,3.6874],"rotation":{"angle":22.5,"axis":"x","origin":[7.99673,-8.44595,6.51022]},"faces":{"north":{"uv":[10.25,3,10.5,3.25],"texture":"#3"},"east":{"uv":[8.25,10.5,8.375,10.75],"texture":"#3"},"south":{"uv":[3.25,10.25,3.5,10.5],"texture":"#3"},"west":{"uv":[8.5,10.5,8.625,10.75],"texture":"#3"},"up":{"uv":[9.25,10.625,9,10.5],"texture":"#3"},"down":{"uv":[9.75,10.5,9.5,10.625],"texture":"#3"}}},{"from":[8.84488,-14.23811,5.81322],"to":[9.44688,-13.63611,6.05402],"rotation":{"angle":22.5,"axis":"x","origin":[7.99673,-8.44595,6.51022]},"faces":{"north":{"uv":[3,10.75,3.125,10.875],"texture":"#3"},"east":{"uv":[3.75,10.75,3.8125,10.875],"texture":"#3"},"south":{"uv":[10.75,3,10.875,3.125],"texture":"#3"},"west":{"uv":[10.75,3.75,10.8125,3.875],"texture":"#3"},"up":{"uv":[4.125,10.8125,4,10.75],"texture":"#3"},"down":{"uv":[10.875,4,10.75,4.0625],"texture":"#3"}}},{"from":[6.55312,-14.23811,5.81322],"to":[7.15512,-13.63611,6.05402],"rotation":{"angle":22.5,"axis":"x","origin":[7.99673,-8.44595,6.51022]},"faces":{"north":{"uv":[3.25,10.75,3.375,10.875],"texture":"#3"},"east":{"uv":[4.25,10.75,4.3125,10.875],"texture":"#3"},"south":{"uv":[10.75,3.25,10.875,3.375],"texture":"#3"},"west":{"uv":[10.75,4.25,10.8125,4.375],"texture":"#3"},"up":{"uv":[4.625,10.8125,4.5,10.75],"texture":"#3"},"down":{"uv":[10.875,4.5,10.75,4.5625],"texture":"#3"}}},{"from":[11.36368,-15.44831,4.7],"to":[12.56368,-8.84831,5.8],"rotation":{"angle":22.5,"axis":"z","origin":[7.99673,-8.44595,6.51022]},"faces":{"north":{"uv":[7,0.5,7.3125,2.125],"texture":"#3"},"east":{"uv":[7,7.75,7.25,9.375],"texture":"#3"},"south":{"uv":[4.5,7,4.8125,8.625],"texture":"#3"},"west":{"uv":[7.25,7.75,7.5,9.375],"texture":"#3"},"up":{"uv":[2.3125,10.25,2,10],"texture":"#3"},"down":{"uv":[10.3125,2,10,2.25],"texture":"#3"}}},{"from":[6.90345,-12.18999,3.8],"to":[9.10345,-10.68999,4.2],"rotation":{"angle":0,"axis":"y","origin":[7.99673,-8.44595,6.51022]},"faces":{"north":{"uv":[8.75,5.25,9.3125,5.625],"texture":"#3"},"east":{"uv":[10,10.25,10.125,10.625],"texture":"#3"},"south":{"uv":[8.75,5.75,9.3125,6.125],"texture":"#3"},"west":{"uv":[10.25,10,10.375,10.375],"texture":"#3"},"up":{"uv":[3.3125,10.125,2.75,10],"texture":"#3"},"down":{"uv":[10.5625,3.25,10,3.375],"texture":"#3"}}},{"from":[4.57623,-11.87032,3.82],"to":[6.17623,-10.32032,4.12],"rotation":{"angle":45,"axis":"z","origin":[7.99673,-8.44595,6.51022]},"faces":{"north":{"uv":[4.5,9.5,4.875,9.875],"texture":"#3"},"east":{"uv":[10.25,10.5,10.3125,10.875],"texture":"#3"},"south":{"uv":[9.5,5.25,9.875,5.625],"texture":"#3"},"west":{"uv":[10.5,10.25,10.5625,10.625],"texture":"#3"},"up":{"uv":[11.125,0.0625,10.75,0],"texture":"#3"},"down":{"uv":[0.875,10.75,0.5,10.8125],"texture":"#3"}}},{"from":[7.59655,-12.18999,3.4],"to":[8.39655,-10.68999,3.7],"rotation":{"angle":0,"axis":"y","origin":[7.99673,-8.44595,6.51022]},"faces":{"north":{"uv":[10,4,10.1875,4.375],"texture":"#3"},"east":{"uv":[10.75,0.5,10.8125,0.875],"texture":"#3"},"south":{"uv":[4.25,10,4.4375,10.375],"texture":"#3"},"west":{"uv":[1,10.75,1.0625,11.125],"texture":"#3"},"up":{"uv":[3.6875,10.8125,3.5,10.75],"texture":"#3"},"down":{"uv":[10.9375,3.5,10.75,3.5625],"texture":"#3"}}},{"from":[7.09655,-11.68999,3.7],"to":[8.89655,-11.28999,3.8],"rotation":{"angle":0,"axis":"y","origin":[7.99673,-8.44595,6.51022]},"faces":{"north":{"uv":[10.25,5.25,10.6875,5.375],"texture":"#3"},"east":{"uv":[4.75,10.75,4.8125,10.875],"texture":"#3"},"south":{"uv":[10.25,5.5,10.6875,5.625],"texture":"#3"},"west":{"uv":[10.75,4.75,10.8125,4.875],"texture":"#3"},"up":{"uv":[10.9375,9.8125,10.5,9.75],"texture":"#3"},"down":{"uv":[10.9375,10,10.5,10.0625],"texture":"#3"}}}],"gui_light":"front","display":{"thirdperson_righthand":{"rotation":[57,180,0],"translation":[0,1.5,0.25],"scale":[0.59766,0.59766,0.59766]},"thirdperson_lefthand":{"rotation":[57,180,0],"translation":[0,1.5,0.25],"scale":[0.59766,0.59766,0.59766]},"firstperson_righthand":{"translation":[0,2.25,0]},"firstperson_lefthand":{"translation":[0,2.25,0]},"ground":{"translation":[0,3.75,0],"scale":[0.66797,0.66797,0.66797]},"gui":{"translation":[0,1.25,0],"scale":[1.08398,1.08398,1.08398]},"head":{"rotation":[0,180,0],"translation":[0,-74.25,6.75],"scale":[2,2,2]},"fixed":{"rotation":[-90,180,0],"translation":[-0.25,-2.5,-18.25],"scale":[2.5,2.5,2.5]}}}