{"credit":"MadewithBlockbench","texture_size":[64,64],"textures":{"0":"elitecreatures:adventure_backpack_cosmetic/texture_6","particle":"elitecreatures:adventure_backpack_cosmetic/texture_6"},"elements":[{"from":[4,-11,6.6],"to":[12,-5,12],"rotation":{"angle":0,"axis":"y","origin":[0,-15,0]},"faces":{"north":{"uv":[0,0,2,1.5],"texture":"#0"},"east":{"uv":[0,3,1.375,4.5],"texture":"#0"},"south":{"uv":[0,1.5,2,3],"texture":"#0"},"west":{"uv":[1.5,3,2.875,4.5],"texture":"#0"},"up":{"uv":[4,1.375,2,0],"texture":"#0"},"down":{"uv":[4,1.5,2,2.875],"texture":"#0"}}},{"from":[4.2,-5,8.2],"to":[4.6,-2.3,12],"rotation":{"angle":-22.5,"axis":"x","origin":[0,-5,12]},"faces":{"north":{"uv":[7.5,9.75,7.625,10.4375],"texture":"#0"},"east":{"uv":[7.25,6.5,8.1875,7.1875],"texture":"#0"},"south":{"uv":[7.75,9.75,7.875,10.4375],"texture":"#0"},"west":{"uv":[7.5,0,8.4375,0.6875],"texture":"#0"},"up":{"uv":[9.375,9.4375,9.25,8.5],"texture":"#0"},"down":{"uv":[8.875,9.25,8.75,10.1875],"texture":"#0"}}},{"from":[4,-5,6.6],"to":[4.5,-1.5,8.5],"rotation":{"angle":0,"axis":"y","origin":[0,-5,12]},"faces":{"north":{"uv":[1.5,9.5,1.625,10.375],"texture":"#0"},"east":{"uv":[3.25,7.75,3.75,8.625],"texture":"#0"},"south":{"uv":[1.75,9.5,1.875,10.375],"texture":"#0"},"west":{"uv":[7.5,7.75,8,8.625],"texture":"#0"},"up":{"uv":[10.375,2.25,10.25,1.75],"texture":"#0"},"down":{"uv":[10.375,4.5,10.25,5],"texture":"#0"}}},{"from":[4.1,-5.53067,6.04052],"to":[4.7,-1.03067,8.74052],"rotation":{"angle":22.5,"axis":"x","origin":[0,-7.4,6.1]},"faces":{"north":{"uv":[3.75,9.25,3.875,10.375],"texture":"#0"},"east":{"uv":[5.75,6.25,6.4375,7.375],"texture":"#0"},"south":{"uv":[4,9.25,4.125,10.375],"texture":"#0"},"west":{"uv":[0,6.5,0.6875,7.625],"texture":"#0"},"up":{"uv":[2.125,10.6875,2,10],"texture":"#0"},"down":{"uv":[2.375,10,2.25,10.6875],"texture":"#0"}}},{"from":[5,-5.4,10.6],"to":[11,-4.8,16],"rotation":{"angle":0,"axis":"y","origin":[0,-15,0]},"faces":{"north":{"uv":[8.75,7.5,10.25,7.625],"texture":"#0"},"east":{"uv":[9,2.25,10.375,2.375],"texture":"#0"},"south":{"uv":[9,0.5,10.5,0.625],"texture":"#0"},"west":{"uv":[9,6,10.375,6.125],"texture":"#0"},"up":{"uv":[4.5,4.375,3,3],"texture":"#0"},"down":{"uv":[5.5,0,4,1.375],"texture":"#0"}}},{"from":[11.3,-5.53067,6.04052],"to":[11.9,-1.03067,8.74052],"rotation":{"angle":22.5,"axis":"x","origin":[16,-7.4,6.1]},"faces":{"north":{"uv":[4.25,9.25,4.375,10.375],"texture":"#0"},"east":{"uv":[0.75,6.5,1.4375,7.625],"texture":"#0"},"south":{"uv":[4.5,9.25,4.625,10.375],"texture":"#0"},"west":{"uv":[6.5,1,7.1875,2.125],"texture":"#0"},"up":{"uv":[2.625,10.6875,2.5,10],"texture":"#0"},"down":{"uv":[10.125,4.25,10,4.9375],"texture":"#0"}}},{"from":[11.5,-5,6.6],"to":[12,-1.5,8.5],"rotation":{"angle":0,"axis":"y","origin":[16,-5,12]},"faces":{"north":{"uv":[2.75,9.5,2.875,10.375],"texture":"#0"},"east":{"uv":[8,7.75,8.5,8.625],"texture":"#0"},"south":{"uv":[3,9.5,3.125,10.375],"texture":"#0"},"west":{"uv":[8.25,0.75,8.75,1.625],"texture":"#0"},"up":{"uv":[10.375,6,10.25,5.5],"texture":"#0"},"down":{"uv":[10.375,6.5,10.25,7],"texture":"#0"}}},{"from":[11.4,-5,8.2],"to":[11.8,-2.3,12],"rotation":{"angle":-22.5,"axis":"x","origin":[16,-5,12]},"faces":{"north":{"uv":[5.5,10,5.625,10.6875],"texture":"#0"},"east":{"uv":[5,7.5,5.9375,8.1875],"texture":"#0"},"south":{"uv":[7,10,7.125,10.6875],"texture":"#0"},"west":{"uv":[0,7.75,0.9375,8.4375],"texture":"#0"},"up":{"uv":[0.125,10.4375,0,9.5],"texture":"#0"},"down":{"uv":[0.375,9.5,0.25,10.4375],"texture":"#0"}}},{"from":[4,-1.5,6.6],"to":[12,-1,8.5],"rotation":{"angle":0,"axis":"y","origin":[0,-5,12]},"faces":{"north":{"uv":[8.5,2.5,10.5,2.625],"texture":"#0"},"east":{"uv":[7.25,2,7.75,2.125],"texture":"#0"},"south":{"uv":[8.5,2.75,10.5,2.875],"texture":"#0"},"west":{"uv":[6,7.5,6.5,7.625],"texture":"#0"},"up":{"uv":[7.5,0.5,5.5,0],"texture":"#0"},"down":{"uv":[7.5,0.5,5.5,1],"texture":"#0"}}},{"from":[4.5,-5,6.7],"to":[11.5,-1.5,7],"rotation":{"angle":0,"axis":"y","origin":[16,-5,12]},"faces":{"north":{"uv":[4,1.5,5.75,2.375],"texture":"#0"},"east":{"uv":[0,10.5,0.0625,11.375],"texture":"#0"},"south":{"uv":[0,4.5,1.75,5.375],"texture":"#0"},"west":{"uv":[0.25,10.5,0.3125,11.375],"texture":"#0"},"up":{"uv":[10.75,6.3125,9,6.25],"texture":"#0"},"down":{"uv":[11,1.25,9.25,1.3125],"texture":"#0"}}},{"from":[4.5,-1,6.6],"to":[11.5,0.5,7],"rotation":{"angle":0,"axis":"y","origin":[16,-5,12]},"faces":{"north":{"uv":[7.25,6,9,6.375],"texture":"#0"},"east":{"uv":[0.5,10.5,0.625,10.875],"texture":"#0"},"south":{"uv":[6.5,7.25,8.25,7.625],"texture":"#0"},"west":{"uv":[0.75,10.5,0.875,10.875],"texture":"#0"},"up":{"uv":[10.5,1.625,8.75,1.5],"texture":"#0"},"down":{"uv":[6.5,8.75,4.75,8.875],"texture":"#0"}}},{"from":[4.5,0.5,6.6],"to":[11.5,2.6,7],"rotation":{"angle":45,"axis":"x","origin":[16,0.5,6.6]},"faces":{"north":{"uv":[3,6.25,4.75,6.75],"texture":"#0"},"east":{"uv":[9.75,10.25,9.875,10.75],"texture":"#0"},"south":{"uv":[6.25,3.5,8,4],"texture":"#0"},"west":{"uv":[10.25,9.75,10.375,10.25],"texture":"#0"},"up":{"uv":[10.5,5.125,8.75,5],"texture":"#0"},"down":{"uv":[10.5,5.25,8.75,5.375],"texture":"#0"}}},{"from":[4.5,-1,8.1],"to":[11.5,2,8.5],"rotation":{"angle":0,"axis":"y","origin":[16,-5,12]},"faces":{"north":{"uv":[3.25,4.5,5,5.25],"texture":"#0"},"east":{"uv":[3.25,9.5,3.375,10.25],"texture":"#0"},"south":{"uv":[4.5,3.5,6.25,4.25],"texture":"#0"},"west":{"uv":[3.5,9.5,3.625,10.25],"texture":"#0"},"up":{"uv":[10.5,7.125,8.75,7],"texture":"#0"},"down":{"uv":[10.5,7.25,8.75,7.375],"texture":"#0"}}},{"from":[4.6,-1,7],"to":[4.7,1.5,8.1],"rotation":{"angle":0,"axis":"y","origin":[16,-5,12]},"faces":{"north":{"uv":[1,10.5,1.0625,11.125],"texture":"#0"},"east":{"uv":[3,5.5,3.25,6.125],"texture":"#0"},"south":{"uv":[1.25,10.5,1.3125,11.125],"texture":"#0"},"west":{"uv":[8.25,8.75,8.5,9.375],"texture":"#0"},"up":{"uv":[10.0625,10.75,10,10.5],"texture":"#0"},"down":{"uv":[10.5625,10,10.5,10.25],"texture":"#0"}}},{"from":[11.3,-1,7],"to":[11.4,1.5,8.1],"rotation":{"angle":0,"axis":"y","origin":[0,-5,12]},"faces":{"north":{"uv":[1.5,10.5,1.5625,11.125],"texture":"#0"},"east":{"uv":[5.75,9,6,9.625],"texture":"#0"},"south":{"uv":[10.5,1.5,10.5625,2.125],"texture":"#0"},"west":{"uv":[6,9,6.25,9.625],"texture":"#0"},"up":{"uv":[10.3125,10.75,10.25,10.5],"texture":"#0"},"down":{"uv":[10.5625,10.25,10.5,10.5],"texture":"#0"}}},{"from":[6.4,-15.8,16.9],"to":[9.6,-12.6,20.1],"rotation":{"angle":-45,"axis":"x","origin":[16,-15,0]},"faces":{"north":{"uv":[8.0625,5,7.25,5.8125],"rotation":180,"texture":"#0"},"east":{"uv":[3,6.75,3.8125,7.5625],"rotation":270,"texture":"#0"},"south":{"uv":[8.0625,4.8125,7.25,4],"texture":"#0"},"west":{"uv":[4,7.25,4.8125,8.0625],"rotation":90,"texture":"#0"},"up":{"uv":[6.75,2.25,7.5625,3.0625],"rotation":180,"texture":"#0"},"down":{"uv":[7.25,1,8.0625,1.8125],"texture":"#0"}}},{"from":[3.4,-3,4.6],"to":[4.4,-1.4,6.2],"rotation":{"angle":22.5,"axis":"x","origin":[0,-15,0]},"faces":{"north":{"uv":[5.5,1,5.75,1.375],"texture":"#0"},"east":{"uv":[9.25,0.75,9.625,1.125],"texture":"#0"},"south":{"uv":[3.75,7.75,4,8.125],"texture":"#0"},"west":{"uv":[9.25,4.25,9.625,4.625],"texture":"#0"},"up":{"uv":[8.25,3.875,8,3.5],"texture":"#0"},"down":{"uv":[5.75,9.5,5.5,9.875],"texture":"#0"}}},{"from":[11.6,-3,4.6],"to":[12.6,-1.4,6.2],"rotation":{"angle":22.5,"axis":"x","origin":[16,-15,0]},"faces":{"north":{"uv":[5.75,1,5.5,1.375],"texture":"#0"},"east":{"uv":[9.625,4.25,9.25,4.625],"texture":"#0"},"south":{"uv":[4,7.75,3.75,8.125],"texture":"#0"},"west":{"uv":[9.625,0.75,9.25,1.125],"texture":"#0"},"up":{"uv":[8,3.875,8.25,3.5],"texture":"#0"},"down":{"uv":[5.5,9.5,5.75,9.875],"texture":"#0"}}},{"from":[5.1,-7.7,2.2],"to":[10.9,-3.7,5.6],"rotation":{"angle":45,"axis":"x","origin":[0,-15,0]},"faces":{"north":{"uv":[1.75,4.5,3.1875,5.5],"texture":"#0"},"east":{"uv":[4.75,6.25,5.625,7.25],"texture":"#0"},"south":{"uv":[4.5,2.5,5.9375,3.5],"texture":"#0"},"west":{"uv":[6.25,5.25,7.125,6.25],"texture":"#0"},"up":{"uv":[6.1875,6.125,4.75,5.25],"texture":"#0"},"down":{"uv":[1.4375,5.5,0,6.375],"texture":"#0"}}},{"from":[5.3,-9.9,1.8],"to":[10.7,-5.9,3.3],"rotation":{"angle":45,"axis":"x","origin":[16,-15,0]},"faces":{"north":{"uv":[6.3125,4.25,5,5.25],"texture":"#0"},"east":{"uv":[0.875,8.5,0.5,9.5],"texture":"#0"},"south":{"uv":[4.5625,5.25,3.25,6.25],"texture":"#0"},"west":{"uv":[0.375,8.5,0,9.5],"texture":"#0"},"up":{"uv":[7.75,3.375,9.0625,3],"texture":"#0"},"down":{"uv":[6,7.75,7.3125,8.125],"texture":"#0"}}},{"from":[4.1,-10.7,0.6],"to":[5.9,-6.7,3.6],"rotation":{"angle":45,"axis":"x","origin":[0,-15,0]},"faces":{"north":{"uv":[8.25,3.5,8.6875,4.5],"texture":"#0"},"east":{"uv":[7.25,6.25,6.5,7.25],"texture":"#0"},"south":{"uv":[3.75,8.25,4.1875,9.25],"texture":"#0"},"west":{"uv":[6.5,6.25,7.25,7.25],"texture":"#0"},"up":{"uv":[8.9375,9.25,8.5,8.5],"texture":"#0"},"down":{"uv":[9.1875,0.75,8.75,1.5],"texture":"#0"}}},{"from":[10.1,-10.7,0.6],"to":[11.9,-6.7,3.6],"rotation":{"angle":45,"axis":"x","origin":[16,-15,0]},"faces":{"north":{"uv":[8.6875,3.5,8.25,4.5],"texture":"#0"},"east":{"uv":[7.25,6.25,6.5,7.25],"texture":"#0"},"south":{"uv":[4.1875,8.25,3.75,9.25],"texture":"#0"},"west":{"uv":[6.5,6.25,7.25,7.25],"texture":"#0"},"up":{"uv":[8.5,9.25,8.9375,8.5],"texture":"#0"},"down":{"uv":[8.75,0.75,9.1875,1.5],"texture":"#0"}}},{"from":[4.2,-13.77525,9.77167],"to":[5.6,-11.07525,11.77167],"rotation":{"angle":0,"axis":"y","origin":[0.7,-10,10.7]},"faces":{"north":{"uv":[2.75,8.75,3.125,9.4375],"texture":"#0"},"east":{"uv":[8.25,7,8.75,7.6875],"texture":"#0"},"south":{"uv":[3.25,8.75,3.625,9.4375],"texture":"#0"},"west":{"uv":[8.5,0,9,0.6875],"texture":"#0"},"up":{"uv":[4.375,3,4,2.5],"texture":"#0"},"down":{"uv":[9.375,1.75,9,2.25],"texture":"#0"}}},{"from":[4.4,-14.33451,9.01285],"to":[5.4,-12.93451,13.41285],"rotation":{"angle":22.5,"axis":"x","origin":[0.7,-12.9,10.6]},"faces":{"north":{"uv":[5.75,9.75,6,10.125],"texture":"#0"},"east":{"uv":[4.75,8.25,5.875,8.625],"texture":"#0"},"south":{"uv":[6,9.75,6.25,10.125],"texture":"#0"},"west":{"uv":[8.25,5.5,9.375,5.875],"texture":"#0"},"up":{"uv":[7.5,9.375,7.25,8.25],"texture":"#0"},"down":{"uv":[2.25,8.75,2,9.875],"texture":"#0"}}},{"from":[4.18923,-15.3,13.91589],"to":[4.78923,-14.5,16.11589],"rotation":{"angle":22.5,"axis":"y","origin":[0.7,-12.9,10.6]},"faces":{"north":{"uv":[7.5,10.5,7.625,10.6875],"texture":"#0"},"east":{"uv":[4.75,9.5,5.3125,9.6875],"texture":"#0"},"south":{"uv":[10.5,7.5,10.625,7.6875],"texture":"#0"},"west":{"uv":[9.5,5.5,10.0625,5.6875],"texture":"#0"},"up":{"uv":[6.625,10.8125,6.5,10.25],"texture":"#0"},"down":{"uv":[6.875,10.25,6.75,10.8125],"texture":"#0"}}},{"from":[4.7,-15.2,12.1],"to":[5.3,-14.4,14.3],"rotation":{"angle":0,"axis":"y","origin":[0.7,-12.9,10.6]},"faces":{"north":{"uv":[7.75,10.5,7.875,10.6875],"texture":"#0"},"east":{"uv":[9.5,5.75,10.0625,5.9375],"texture":"#0"},"south":{"uv":[10.5,7.75,10.625,7.9375],"texture":"#0"},"west":{"uv":[9.5,6.5,10.0625,6.6875],"texture":"#0"},"up":{"uv":[10.375,8.0625,10.25,7.5],"texture":"#0"},"down":{"uv":[8.125,10.25,8,10.8125],"texture":"#0"}}},{"from":[4.64853,-15.3,10.58654],"to":[5.24853,-14.5,12.78654],"rotation":{"angle":-22.5,"axis":"y","origin":[0.7,-12.9,10.6]},"faces":{"north":{"uv":[10.5,8,10.625,8.1875],"texture":"#0"},"east":{"uv":[9.5,6.75,10.0625,6.9375],"texture":"#0"},"south":{"uv":[10.5,8.25,10.625,8.4375],"texture":"#0"},"west":{"uv":[9.5,7.75,10.0625,7.9375],"texture":"#0"},"up":{"uv":[8.375,10.8125,8.25,10.25],"texture":"#0"},"down":{"uv":[10.375,8.25,10.25,8.8125],"texture":"#0"}}},{"from":[4.4,-13.8,4.5],"to":[5.4,-12.4,8.9],"rotation":{"angle":22.5,"axis":"x","origin":[0.7,-9.9,4.2]},"faces":{"north":{"uv":[5.75,9.75,6,10.125],"texture":"#0"},"east":{"uv":[4.75,8.25,5.875,8.625],"texture":"#0"},"south":{"uv":[6,9.75,6.25,10.125],"texture":"#0"},"west":{"uv":[8.25,5.5,9.375,5.875],"texture":"#0"},"up":{"uv":[7.5,9.375,7.25,8.25],"texture":"#0"},"down":{"uv":[2.25,8.75,2,9.875],"texture":"#0"}}},{"from":[2.8,-15.3,4.3],"to":[3.4,-14.5,6.5],"rotation":{"angle":22.5,"axis":"y","origin":[10.1,-15.3,-0.5]},"faces":{"north":{"uv":[7.5,10.5,7.625,10.6875],"texture":"#0"},"east":{"uv":[4.75,9.5,5.3125,9.6875],"texture":"#0"},"south":{"uv":[10.5,7.5,10.625,7.6875],"texture":"#0"},"west":{"uv":[9.5,5.5,10.0625,5.6875],"texture":"#0"},"up":{"uv":[6.625,10.8125,6.5,10.25],"texture":"#0"},"down":{"uv":[6.875,10.25,6.75,10.8125],"texture":"#0"}}},{"from":[4.7,-15.2,6.5],"to":[5.3,-14.4,8.7],"rotation":{"angle":0,"axis":"y","origin":[0,-15.3,-0.5]},"faces":{"north":{"uv":[7.75,10.5,7.875,10.6875],"texture":"#0"},"east":{"uv":[9.5,5.75,10.0625,5.9375],"texture":"#0"},"south":{"uv":[10.5,7.75,10.625,7.9375],"texture":"#0"},"west":{"uv":[9.5,6.5,10.0625,6.6875],"texture":"#0"},"up":{"uv":[10.375,8.0625,10.25,7.5],"texture":"#0"},"down":{"uv":[8.125,10.25,8,10.8125],"texture":"#0"}}},{"from":[3.25585,-15.3,4.98508],"to":[3.85585,-14.5,7.18508],"rotation":{"angle":-22.5,"axis":"y","origin":[0,-10.3,8.5]},"faces":{"north":{"uv":[10.5,8,10.625,8.1875],"texture":"#0"},"east":{"uv":[9.5,6.75,10.0625,6.9375],"texture":"#0"},"south":{"uv":[10.5,8.25,10.625,8.4375],"texture":"#0"},"west":{"uv":[9.5,7.75,10.0625,7.9375],"texture":"#0"},"up":{"uv":[8.375,10.8125,8.25,10.25],"texture":"#0"},"down":{"uv":[10.375,8.25,10.25,8.8125],"texture":"#0"}}},{"from":[10.4,-13.77525,9.77167],"to":[11.8,-11.07525,11.77167],"rotation":{"angle":0,"axis":"y","origin":[15.3,-10,10.7]},"faces":{"north":{"uv":[3.125,8.75,2.75,9.4375],"texture":"#0"},"east":{"uv":[9,0,8.5,0.6875],"texture":"#0"},"south":{"uv":[3.625,8.75,3.25,9.4375],"texture":"#0"},"west":{"uv":[8.75,7,8.25,7.6875],"texture":"#0"},"up":{"uv":[4,3,4.375,2.5],"texture":"#0"},"down":{"uv":[9,1.75,9.375,2.25],"texture":"#0"}}},{"from":[10.6,-14.33451,9.01285],"to":[11.6,-12.93451,13.41285],"rotation":{"angle":22.5,"axis":"x","origin":[0.7,-12.9,10.6]},"faces":{"north":{"uv":[6,9.75,5.75,10.125],"texture":"#0"},"east":{"uv":[9.375,5.5,8.25,5.875],"texture":"#0"},"south":{"uv":[6.25,9.75,6,10.125],"texture":"#0"},"west":{"uv":[5.875,8.25,4.75,8.625],"texture":"#0"},"up":{"uv":[7.25,9.375,7.5,8.25],"texture":"#0"},"down":{"uv":[2,8.75,2.25,9.875],"texture":"#0"}}},{"from":[9.64012,-15.3,16.17372],"to":[10.24012,-14.5,18.37372],"rotation":{"angle":22.5,"axis":"y","origin":[0.7,-12.9,10.6]},"faces":{"north":{"uv":[10.625,8,10.5,8.1875],"texture":"#0"},"east":{"uv":[10.0625,7.75,9.5,7.9375],"texture":"#0"},"south":{"uv":[10.625,8.25,10.5,8.4375],"texture":"#0"},"west":{"uv":[10.0625,6.75,9.5,6.9375],"texture":"#0"},"up":{"uv":[8.25,10.8125,8.375,10.25],"texture":"#0"},"down":{"uv":[10.25,8.25,10.375,8.8125],"texture":"#0"}}},{"from":[10.7,-15.2,12.1],"to":[11.3,-14.4,14.3],"rotation":{"angle":0,"axis":"y","origin":[0.7,-12.9,10.6]},"faces":{"north":{"uv":[7.875,10.5,7.75,10.6875],"texture":"#0"},"east":{"uv":[10.0625,6.5,9.5,6.6875],"texture":"#0"},"south":{"uv":[10.625,7.75,10.5,7.9375],"texture":"#0"},"west":{"uv":[10.0625,5.75,9.5,5.9375],"texture":"#0"},"up":{"uv":[10.25,8.0625,10.375,7.5],"texture":"#0"},"down":{"uv":[8,10.25,8.125,10.8125],"texture":"#0"}}},{"from":[10.09941,-15.3,8.32871],"to":[10.69941,-14.5,10.52871],"rotation":{"angle":-22.5,"axis":"y","origin":[0.7,-12.9,10.6]},"faces":{"north":{"uv":[7.625,10.5,7.5,10.6875],"texture":"#0"},"east":{"uv":[10.0625,5.5,9.5,5.6875],"texture":"#0"},"south":{"uv":[10.625,7.5,10.5,7.6875],"texture":"#0"},"west":{"uv":[5.3125,9.5,4.75,9.6875],"texture":"#0"},"up":{"uv":[6.5,10.8125,6.625,10.25],"texture":"#0"},"down":{"uv":[6.75,10.25,6.875,10.8125],"texture":"#0"}}},{"from":[12.6,-15.3,4.5],"to":[13.2,-14.5,6.7],"rotation":{"angle":-22.5,"axis":"y","origin":[5.9,-15.3,-0.3]},"faces":{"north":{"uv":[7.625,10.5,7.5,10.6875],"texture":"#0"},"east":{"uv":[10.0625,5.5,9.5,5.6875],"texture":"#0"},"south":{"uv":[10.625,7.5,10.5,7.6875],"texture":"#0"},"west":{"uv":[5.3125,9.5,4.75,9.6875],"texture":"#0"},"up":{"uv":[6.5,10.8125,6.625,10.25],"texture":"#0"},"down":{"uv":[6.75,10.25,6.875,10.8125],"texture":"#0"}}},{"from":[10.7,-15.2,6.7],"to":[11.3,-14.4,8.9],"rotation":{"angle":0,"axis":"y","origin":[16,-15.3,-0.3]},"faces":{"north":{"uv":[7.875,10.5,7.75,10.6875],"texture":"#0"},"east":{"uv":[10.0625,6.5,9.5,6.6875],"texture":"#0"},"south":{"uv":[10.625,7.75,10.5,7.9375],"texture":"#0"},"west":{"uv":[10.0625,5.75,9.5,5.9375],"texture":"#0"},"up":{"uv":[10.25,8.0625,10.375,7.5],"texture":"#0"},"down":{"uv":[8,10.25,8.125,10.8125],"texture":"#0"}}},{"from":[12.14415,-15.3,5.18508],"to":[12.74415,-14.5,7.38508],"rotation":{"angle":22.5,"axis":"y","origin":[16,-10.3,8.7]},"faces":{"north":{"uv":[10.625,8,10.5,8.1875],"texture":"#0"},"east":{"uv":[10.0625,7.75,9.5,7.9375],"texture":"#0"},"south":{"uv":[10.625,8.25,10.5,8.4375],"texture":"#0"},"west":{"uv":[10.0625,6.75,9.5,6.9375],"texture":"#0"},"up":{"uv":[8.25,10.8125,8.375,10.25],"texture":"#0"},"down":{"uv":[10.25,8.25,10.375,8.8125],"texture":"#0"}}},{"from":[10.6,-13.8,4.7],"to":[11.6,-12.4,9.1],"rotation":{"angle":22.5,"axis":"x","origin":[15.3,-9.9,4.4]},"faces":{"north":{"uv":[6,9.75,5.75,10.125],"texture":"#0"},"east":{"uv":[9.375,5.5,8.25,5.875],"texture":"#0"},"south":{"uv":[6.25,9.75,6,10.125],"texture":"#0"},"west":{"uv":[5.875,8.25,4.75,8.625],"texture":"#0"},"up":{"uv":[7.25,9.375,7.5,8.25],"texture":"#0"},"down":{"uv":[2,8.75,2.25,9.875],"texture":"#0"}}},{"from":[1,-11,6.5],"to":[4,-6,7.1],"rotation":{"angle":0,"axis":"y","origin":[0,-15,0]},"faces":{"north":{"uv":[1.5,5.5,2.25,6.75],"texture":"#0"},"east":{"uv":[6.25,9,6.375,10.25],"texture":"#0"},"south":{"uv":[2.25,5.5,3,6.75],"texture":"#0"},"west":{"uv":[9,7.75,9.125,9],"texture":"#0"},"up":{"uv":[10.25,9.375,9.5,9.25],"texture":"#0"},"down":{"uv":[10,9.75,9.25,9.875],"texture":"#0"}}},{"from":[1.5,-6,6.6],"to":[4,-2.3,7],"rotation":{"angle":0,"axis":"y","origin":[0,-5,12]},"faces":{"north":{"uv":[2.375,7.75,1.75,8.6875],"texture":"#0"},"east":{"uv":[0.5,9.5,0.625,10.4375],"texture":"#0"},"south":{"uv":[1.75,7.75,2.375,8.6875],"texture":"#0"},"west":{"uv":[0.75,9.5,0.875,10.4375],"texture":"#0"},"up":{"uv":[10.625,0.875,10,0.75],"texture":"#0"},"down":{"uv":[10.625,1,10,1.125],"texture":"#0"}}},{"from":[12,-6,6.6],"to":[14.5,-2.3,7],"rotation":{"angle":0,"axis":"y","origin":[16,-5,12]},"faces":{"north":{"uv":[3.125,7.75,2.5,8.6875],"texture":"#0"},"east":{"uv":[1,9.5,1.125,10.4375],"texture":"#0"},"south":{"uv":[2.5,7.75,3.125,8.6875],"texture":"#0"},"west":{"uv":[1.25,9.5,1.375,10.4375],"texture":"#0"},"up":{"uv":[8.625,10.125,8,10],"texture":"#0"},"down":{"uv":[9.875,10,9.25,10.125],"texture":"#0"}}},{"from":[0.6,-7.4,6.6],"to":[1,-7,7],"rotation":{"angle":0,"axis":"y","origin":[0,-15,0]},"faces":{"north":{"uv":[10.5,10.5,10.625,10.625],"texture":"#0"},"east":{"uv":[10.75,0,10.875,0.125],"texture":"#0"},"south":{"uv":[10.75,0.25,10.875,0.375],"texture":"#0"},"west":{"uv":[10.75,0.5,10.875,0.625],"texture":"#0"},"up":{"uv":[10.875,0.875,10.75,0.75],"texture":"#0"},"down":{"uv":[10.875,1,10.75,1.125],"texture":"#0"}}},{"from":[0.6,-9.8,6.6],"to":[1,-9.4,7],"rotation":{"angle":0,"axis":"y","origin":[0,-15,0]},"faces":{"north":{"uv":[10.75,1.5,10.875,1.625],"texture":"#0"},"east":{"uv":[1.75,10.75,1.875,10.875],"texture":"#0"},"south":{"uv":[10.75,1.75,10.875,1.875],"texture":"#0"},"west":{"uv":[2,10.75,2.125,10.875],"texture":"#0"},"up":{"uv":[10.875,2.125,10.75,2],"texture":"#0"},"down":{"uv":[2.375,10.75,2.25,10.875],"texture":"#0"}}},{"from":[15,-9.8,6.6],"to":[15.4,-9.4,7],"rotation":{"angle":0,"axis":"y","origin":[16,-15,0]},"faces":{"north":{"uv":[10.75,2.25,10.875,2.375],"texture":"#0"},"east":{"uv":[2.5,10.75,2.625,10.875],"texture":"#0"},"south":{"uv":[10.75,2.5,10.875,2.625],"texture":"#0"},"west":{"uv":[2.75,10.75,2.875,10.875],"texture":"#0"},"up":{"uv":[10.875,2.875,10.75,2.75],"texture":"#0"},"down":{"uv":[3.125,10.75,3,10.875],"texture":"#0"}}},{"from":[15,-7.4,6.6],"to":[15.4,-7,7],"rotation":{"angle":0,"axis":"y","origin":[16,-15,0]},"faces":{"north":{"uv":[10.75,3,10.875,3.125],"texture":"#0"},"east":{"uv":[10.75,3.25,10.875,3.375],"texture":"#0"},"south":{"uv":[10.75,3.5,10.875,3.625],"texture":"#0"},"west":{"uv":[3.75,10.75,3.875,10.875],"texture":"#0"},"up":{"uv":[10.875,3.875,10.75,3.75],"texture":"#0"},"down":{"uv":[4.125,10.75,4,10.875],"texture":"#0"}}},{"from":[12,-11,6.5],"to":[15,-6,7.1],"rotation":{"angle":0,"axis":"y","origin":[16,-15,0]},"faces":{"north":{"uv":[5.75,1,6.5,2.25],"texture":"#0"},"east":{"uv":[9,9,9.125,10.25],"texture":"#0"},"south":{"uv":[6,2.25,6.75,3.5],"texture":"#0"},"west":{"uv":[9.25,3,9.375,4.25],"texture":"#0"},"up":{"uv":[10.75,0.125,10,0],"texture":"#0"},"down":{"uv":[10.75,0.25,10,0.375],"texture":"#0"}}},{"from":[-0.4,-8.2,12],"to":[0.32,-7.48,12.4],"rotation":{"angle":-45,"axis":"z","origin":[0,-15,0]},"faces":{"north":{"uv":[5.75,2.25,6,2.5],"texture":"#0"},"east":{"uv":[2.75,10.5,2.875,10.75],"texture":"#0"},"south":{"uv":[6.25,4,6.5,4.25],"texture":"#0"},"west":{"uv":[10.5,2.75,10.625,3],"texture":"#0"},"up":{"uv":[3.25,10.625,3,10.5],"texture":"#0"},"down":{"uv":[10.75,3,10.5,3.125],"texture":"#0"}}},{"from":[2.6,-8.2,12],"to":[3.32,-7.48,12.4],"rotation":{"angle":-45,"axis":"z","origin":[3,-15,0]},"faces":{"north":{"uv":[5.75,2.25,6,2.5],"texture":"#0"},"east":{"uv":[2.75,10.5,2.875,10.75],"texture":"#0"},"south":{"uv":[6.25,4,6.5,4.25],"texture":"#0"},"west":{"uv":[10.5,2.75,10.625,3],"texture":"#0"},"up":{"uv":[3.25,10.625,3,10.5],"texture":"#0"},"down":{"uv":[10.75,3,10.5,3.125],"texture":"#0"}}},{"from":[5.6,-8.2,12],"to":[6.32,-7.48,12.4],"rotation":{"angle":-45,"axis":"z","origin":[6,-15,0]},"faces":{"north":{"uv":[5.75,2.25,6,2.5],"texture":"#0"},"east":{"uv":[2.75,10.5,2.875,10.75],"texture":"#0"},"south":{"uv":[6.25,4,6.5,4.25],"texture":"#0"},"west":{"uv":[10.5,2.75,10.625,3],"texture":"#0"},"up":{"uv":[3.25,10.625,3,10.5],"texture":"#0"},"down":{"uv":[10.75,3,10.5,3.125],"texture":"#0"}}},{"from":[0.8,-6.1,12.1],"to":[1.52,-5.38,12.38],"rotation":{"angle":-45,"axis":"z","origin":[2.2,-15,2.2]},"faces":{"north":{"uv":[5.75,2.25,6,2.5],"texture":"#0"},"east":{"uv":[2.75,10.5,2.875,10.75],"texture":"#0"},"south":{"uv":[6.25,4,6.5,4.25],"texture":"#0"},"west":{"uv":[10.5,2.75,10.625,3],"texture":"#0"},"up":{"uv":[3.25,10.625,3,10.5],"texture":"#0"},"down":{"uv":[10.75,3,10.5,3.125],"texture":"#0"}}},{"from":[-0.6,-4.7,12.1],"to":[0.12,-3.98,12.38],"rotation":{"angle":-45,"axis":"z","origin":[2.2,-15,2.2]},"faces":{"north":{"uv":[5.75,2.25,6,2.5],"texture":"#0"},"east":{"uv":[2.75,10.5,2.875,10.75],"texture":"#0"},"south":{"uv":[6.25,4,6.5,4.25],"texture":"#0"},"west":{"uv":[10.5,2.75,10.625,3],"texture":"#0"},"up":{"uv":[3.25,10.625,3,10.5],"texture":"#0"},"down":{"uv":[10.75,3,10.5,3.125],"texture":"#0"}}}],"gui_light":"front","display":{"thirdperson_righthand":{"rotation":[57,180,0],"translation":[0,0,-0.5],"scale":[0.5,0.5,0.5]},"thirdperson_lefthand":{"rotation":[57,180,0],"translation":[0,0,-0.5],"scale":[0.5,0.5,0.5]},"ground":{"translation":[0,3.75,0],"scale":[0.66797,0.66797,0.66797]},"gui":{"translation":[0,-0.25,0],"scale":[0.84766,0.84766,0.84766]},"head":{"translation":[0,-80,6],"scale":[2,2,2]},"fixed":{"rotation":[-90,180,0],"translation":[-0.25,1.75,-20.5],"scale":[2.5,2.5,2.5]}}}