{"credit":"MadewithBlockbench","texture_size":[64,64],"textures":{"8":"elitecreatures:adventure_backpack_cosmetic/texture_9"},"elements":[{"from":[5,0,8.2],"to":[11,10,13.2],"rotation":{"angle":0,"axis":"y","origin":[0,0,5.2]},"faces":{"north":{"uv":[0,0,1.5,2.5],"texture":"#8"},"east":{"uv":[0,2.5,1.25,5],"texture":"#8"},"south":{"uv":[1.5,0,3,2.5],"texture":"#8"},"west":{"uv":[1.25,2.5,2.5,5],"texture":"#8"},"up":{"uv":[4,5.25,2.5,4],"texture":"#8"},"down":{"uv":[5.5,4,4,5.25],"texture":"#8"}}},{"from":[4.8,8.2,7.9],"to":[11.1,9.7,13.3],"rotation":{"angle":0,"axis":"y","origin":[0,0,5.1]},"faces":{"north":{"uv":[4.25,7.75,5.8125,8.125],"texture":"#8"},"east":{"uv":[0,8.25,1.375,8.625],"texture":"#8"},"south":{"uv":[7.75,7.25,9.3125,7.625],"texture":"#8"},"west":{"uv":[8.25,0,9.625,0.375],"texture":"#8"},"up":{"uv":[4.0625,3.875,2.5,2.5],"texture":"#8"},"down":{"uv":[4.5625,0,3,1.375],"texture":"#8"}}},{"from":[-10.19239,11.32233,8.25],"to":[-5.39239,13.32233,13.15],"rotation":{"angle":-45,"axis":"z","origin":[-4.19239,-7.67767,5.25]},"faces":{"north":{"uv":[7.5,4.75,8.6875,5.25],"texture":"#8"},"east":{"uv":[7,0,8.25,0.5],"texture":"#8"},"south":{"uv":[7.5,5.25,8.6875,5.75],"texture":"#8"},"west":{"uv":[7,0.5,8.25,1],"texture":"#8"},"up":{"uv":[6.1875,3.75,5,2.5],"texture":"#8"},"down":{"uv":[2.6875,5.25,1.5,6.5],"texture":"#8"}}},{"from":[21.39239,11.32233,8.25],"to":[26.19239,13.32233,13.15],"rotation":{"angle":45,"axis":"z","origin":[20.19239,-7.67767,5.25]},"faces":{"north":{"uv":[7.5,5.75,8.6875,6.25],"texture":"#8"},"east":{"uv":[7,1,8.25,1.5],"texture":"#8"},"south":{"uv":[7.5,6.25,8.6875,6.75],"texture":"#8"},"west":{"uv":[7,1.5,8.25,2],"texture":"#8"},"up":{"uv":[3.9375,6.5,2.75,5.25],"texture":"#8"},"down":{"uv":[5.1875,5.25,4,6.5],"texture":"#8"}}},{"from":[6.41421,10.01421,8.2],"to":[9.58421,11.41421,13.2],"rotation":{"angle":0,"axis":"y","origin":[-14.58579,5.41421,5.25]},"faces":{"north":{"uv":[8.75,5.25,9.5625,5.625],"texture":"#8"},"east":{"uv":[8.25,3.5,9.5,3.875],"texture":"#8"},"south":{"uv":[8.75,5.75,9.5625,6.125],"texture":"#8"},"west":{"uv":[8.25,4,9.5,4.375],"texture":"#8"},"up":{"uv":[5.3125,7.75,4.5,6.5],"texture":"#8"},"down":{"uv":[7.3125,5,6.5,6.25],"texture":"#8"}}},{"from":[7.04853,12.66853,9.64],"to":[8.95053,14.16853,10.24],"rotation":{"angle":22.5,"axis":"x","origin":[-5.55147,8.04853,7.87]},"faces":{"north":{"uv":[2.5,9.25,3,9.625],"texture":"#8"},"east":{"uv":[10,9.25,10.125,9.625],"texture":"#8"},"south":{"uv":[3,9.25,3.5,9.625],"texture":"#8"},"west":{"uv":[9.5,10,9.625,10.375],"texture":"#8"},"up":{"uv":[9,3.375,8.5,3.25],"texture":"#8"},"down":{"uv":[10.25,7.75,9.75,7.875],"texture":"#8"}}},{"from":[7.04853,12.66853,11.55258],"to":[8.95053,14.16853,12.15258],"rotation":{"angle":-22.5,"axis":"x","origin":[21.55053,8.04853,13.92258]},"faces":{"north":{"uv":[9.25,4.5,9.75,4.875],"texture":"#8"},"east":{"uv":[10,9.75,10.125,10.125],"texture":"#8"},"south":{"uv":[5.25,9.25,5.75,9.625],"texture":"#8"},"west":{"uv":[0,10.25,0.125,10.625],"texture":"#8"},"up":{"uv":[2.25,10.125,1.75,10],"texture":"#8"},"down":{"uv":[10.5,1.75,10,1.875],"texture":"#8"}}},{"from":[7.34993,6.39366,9.94529],"to":[7.94993,7.89366,11.84729],"rotation":{"angle":22.5,"axis":"z","origin":[-5.40007,8.19366,7.84529]},"faces":{"north":{"uv":[10.25,0,10.375,0.375],"texture":"#8"},"east":{"uv":[8,9.25,8.5,9.625],"texture":"#8"},"south":{"uv":[0.25,10.25,0.375,10.625],"texture":"#8"},"west":{"uv":[8.5,9.25,9,9.625],"texture":"#8"},"up":{"uv":[2.375,10.5,2.25,10],"texture":"#8"},"down":{"uv":[3.625,10,3.5,10.5],"texture":"#8"}}},{"from":[8.05007,6.39366,9.94529],"to":[8.65007,7.89366,11.84729],"rotation":{"angle":-22.5,"axis":"z","origin":[21.40007,8.19366,7.84529]},"faces":{"north":{"uv":[0.5,10.25,0.625,10.625],"texture":"#8"},"east":{"uv":[9,9.25,9.5,9.625],"texture":"#8"},"south":{"uv":[10.25,0.5,10.375,0.875],"texture":"#8"},"west":{"uv":[9.5,1.5,10,1.875],"texture":"#8"},"up":{"uv":[4.875,10.5,4.75,10],"texture":"#8"},"down":{"uv":[5.125,10,5,10.5],"texture":"#8"}}},{"from":[21.39239,-3.32233,8.25],"to":[26.19239,-1.32233,13.15],"rotation":{"angle":-45,"axis":"z","origin":[20.19239,17.67767,5.25]},"faces":{"north":{"uv":[6.5,7.5,7.6875,8],"texture":"#8"},"east":{"uv":[7,2,8.25,2.5],"texture":"#8"},"south":{"uv":[7.5,6.75,8.6875,7.25],"texture":"#8"},"west":{"uv":[7.25,2.5,8.5,3],"texture":"#8"},"up":{"uv":[6.4375,6.5,5.25,5.25],"texture":"#8"},"down":{"uv":[6.6875,3.75,5.5,5],"texture":"#8"}}},{"from":[6.41579,-1.41421,8.2],"to":[9.58579,-0.01421,13.2],"rotation":{"angle":0,"axis":"y","origin":[30.58579,4.58579,5.25]},"faces":{"north":{"uv":[8.75,6.25,9.5625,6.625],"texture":"#8"},"east":{"uv":[4.25,8.25,5.5,8.625],"texture":"#8"},"south":{"uv":[8.75,6.75,9.5625,7.125],"texture":"#8"},"west":{"uv":[8.25,7.75,9.5,8.125],"texture":"#8"},"up":{"uv":[6.3125,7.75,5.5,6.5],"texture":"#8"},"down":{"uv":[7.3125,6.25,6.5,7.5],"texture":"#8"}}},{"from":[-10.19239,-3.32233,8.25],"to":[-5.39239,-1.32233,13.15],"rotation":{"angle":45,"axis":"z","origin":[-4.19239,17.67767,5.25]},"faces":{"north":{"uv":[1.25,7.75,2.4375,8.25],"texture":"#8"},"east":{"uv":[7.25,3,8.5,3.5],"texture":"#8"},"south":{"uv":[2.5,7.75,3.6875,8.25],"texture":"#8"},"west":{"uv":[0,7.5,1.25,8],"texture":"#8"},"up":{"uv":[6.9375,1.25,5.75,0],"texture":"#8"},"down":{"uv":[6.9375,1.25,5.75,2.5],"texture":"#8"}}},{"from":[7,7.3,6.6],"to":[7.3,8.8,8.1],"rotation":{"angle":0,"axis":"y","origin":[0,0.9,5.1]},"faces":{"north":{"uv":[8.75,10.25,8.8125,10.625],"texture":"#8"},"east":{"uv":[6.5,9.75,6.875,10.125],"texture":"#8"},"south":{"uv":[9,10.25,9.0625,10.625],"texture":"#8"},"west":{"uv":[9.75,6.75,10.125,7.125],"texture":"#8"},"up":{"uv":[10.3125,9.375,10.25,9],"texture":"#8"},"down":{"uv":[9.3125,10.25,9.25,10.625],"texture":"#8"}}},{"from":[10.6,3.5,6.6],"to":[10.9,5,8.1],"rotation":{"angle":22.5,"axis":"z","origin":[0,0.9,5.1]},"faces":{"north":{"uv":[10.25,9.5,10.3125,9.875],"texture":"#8"},"east":{"uv":[7,9.75,7.375,10.125],"texture":"#8"},"south":{"uv":[9.75,10.25,9.8125,10.625],"texture":"#8"},"west":{"uv":[9.75,7.25,10.125,7.625],"texture":"#8"},"up":{"uv":[10.0625,10.625,10,10.25],"texture":"#8"},"down":{"uv":[10.3125,10,10.25,10.375],"texture":"#8"}}},{"from":[10.2,7.3,2.6],"to":[10.5,8.8,4.1],"rotation":{"angle":-22.5,"axis":"y","origin":[0,0.9,5.1]},"faces":{"north":{"uv":[10.5,0,10.5625,0.375],"texture":"#8"},"east":{"uv":[7.5,9.75,7.875,10.125],"texture":"#8"},"south":{"uv":[10.5,0.5,10.5625,0.875],"texture":"#8"},"west":{"uv":[8,9.75,8.375,10.125],"texture":"#8"},"up":{"uv":[0.8125,10.875,0.75,10.5],"texture":"#8"},"down":{"uv":[1.0625,10.5,1,10.875],"texture":"#8"}}},{"from":[10.2,7.3,-1.5],"to":[10.5,8.8,0],"rotation":{"angle":-45,"axis":"y","origin":[0,0.9,5.1]},"faces":{"north":{"uv":[10.5,1,10.5625,1.375],"texture":"#8"},"east":{"uv":[9.75,8.25,10.125,8.625],"texture":"#8"},"south":{"uv":[1.25,10.5,1.3125,10.875],"texture":"#8"},"west":{"uv":[8.5,9.75,8.875,10.125],"texture":"#8"},"up":{"uv":[10.5625,1.875,10.5,1.5],"texture":"#8"},"down":{"uv":[1.8125,10.5,1.75,10.875],"texture":"#8"}}},{"from":[5.7,7.3,6.7],"to":[6,8.8,8.2],"rotation":{"angle":0,"axis":"y","origin":[0,0.9,5.1]},"faces":{"north":{"uv":[2.25,10.5,2.3125,10.875],"texture":"#8"},"east":{"uv":[9.75,8.75,10.125,9.125],"texture":"#8"},"south":{"uv":[2.5,10.5,2.5625,10.875],"texture":"#8"},"west":{"uv":[9,9.75,9.375,10.125],"texture":"#8"},"up":{"uv":[2.8125,10.875,2.75,10.5],"texture":"#8"},"down":{"uv":[10.5625,2.75,10.5,3.125],"texture":"#8"}}},{"from":[4.8,3.3,7.9],"to":[6.2,5,8.2],"rotation":{"angle":0,"axis":"y","origin":[0.2,0,5.2]},"faces":{"north":{"uv":[9.75,2,10.125,2.4375],"texture":"#8"},"east":{"uv":[7.5,10.25,7.5625,10.6875],"texture":"#8"},"south":{"uv":[2.5,9.75,2.875,10.1875],"texture":"#8"},"west":{"uv":[10.25,7.5,10.3125,7.9375],"texture":"#8"},"up":{"uv":[10.875,3.3125,10.5,3.25],"texture":"#8"},"down":{"uv":[3.875,10.5,3.5,10.5625],"texture":"#8"}}},{"from":[2.3,3.6,7.9],"to":[4.8,4.7,8.2],"rotation":{"angle":0,"axis":"y","origin":[0.2,0,5.2]},"faces":{"north":{"uv":[1.5,5,2.125,5.25],"texture":"#8"},"east":{"uv":[4.75,10.5,4.8125,10.75],"texture":"#8"},"south":{"uv":[5.5,5,6.125,5.25],"texture":"#8"},"west":{"uv":[5,10.5,5.0625,10.75],"texture":"#8"},"up":{"uv":[10.875,2.0625,10.25,2],"texture":"#8"},"down":{"uv":[10.875,2.25,10.25,2.3125],"texture":"#8"}}},{"from":[2.1,0.4,8.2],"to":[4.8,10.4,11.1],"rotation":{"angle":0,"axis":"y","origin":[0,0,5.2]},"faces":{"north":{"uv":[5,0,5.6875,2.5],"texture":"#8"},"east":{"uv":[4.25,1.5,5,4],"texture":"#8"},"south":{"uv":[0.75,5,1.4375,7.5],"texture":"#8"},"west":{"uv":[0,5,0.75,7.5],"texture":"#8"},"up":{"uv":[7.1875,8.75,6.5,8],"texture":"#8"},"down":{"uv":[8.9375,0.5,8.25,1.25],"texture":"#8"}}},{"from":[3.30294,3.6,6.07868],"to":[3.60294,4.7,6.77868],"rotation":{"angle":-45,"axis":"y","origin":[0.60294,0,5.77868]},"faces":{"north":{"uv":[10.5,5,10.5625,5.25],"texture":"#8"},"east":{"uv":[10,6.5,10.1875,6.75],"texture":"#8"},"south":{"uv":[5.25,10.5,5.3125,10.75],"texture":"#8"},"west":{"uv":[0.75,10.25,0.9375,10.5],"texture":"#8"},"up":{"uv":[10.5625,7.6875,10.5,7.5],"texture":"#8"},"down":{"uv":[10.5625,7.75,10.5,7.9375],"texture":"#8"}}},{"from":[2.3,3.6,11.2],"to":[4.8,4.7,11.5],"rotation":{"angle":0,"axis":"y","origin":[0.2,0,14.2]},"faces":{"north":{"uv":[6.75,4.75,7.375,5],"texture":"#8"},"east":{"uv":[10.5,5.25,10.5625,5.5],"texture":"#8"},"south":{"uv":[0,8,0.625,8.25],"texture":"#8"},"west":{"uv":[5.5,10.5,5.5625,10.75],"texture":"#8"},"up":{"uv":[3.125,10.3125,2.5,10.25],"texture":"#8"},"down":{"uv":[10.875,2.5,10.25,2.5625],"texture":"#8"}}},{"from":[3.30294,3.6,12.62132],"to":[3.60294,4.7,13.32132],"rotation":{"angle":45,"axis":"y","origin":[0.60294,0,13.62132]},"faces":{"north":{"uv":[10.5,5.5,10.5625,5.75],"texture":"#8"},"east":{"uv":[1,10.25,1.1875,10.5],"texture":"#8"},"south":{"uv":[5.75,10.5,5.8125,10.75],"texture":"#8"},"west":{"uv":[10.25,1,10.4375,1.25],"texture":"#8"},"up":{"uv":[10.5625,8.1875,10.5,8],"texture":"#8"},"down":{"uv":[10.5625,8.25,10.5,8.4375],"texture":"#8"}}},{"from":[1.80503,3.6,8.39497],"to":[2.10503,4.7,10.99497],"rotation":{"angle":0,"axis":"y","origin":[4.10503,0,7.99497]},"faces":{"north":{"uv":[10.5,5.75,10.5625,6],"texture":"#8"},"east":{"uv":[9.25,5,9.875,5.25],"texture":"#8"},"south":{"uv":[6,10.5,6.0625,10.75],"texture":"#8"},"west":{"uv":[9.5,8,10.125,8.25],"texture":"#8"},"up":{"uv":[2.0625,10.875,2,10.25],"texture":"#8"},"down":{"uv":[10.3125,2.75,10.25,3.375],"texture":"#8"}}},{"from":[2.3,5.6,11.2],"to":[4.8,6.7,11.5],"rotation":{"angle":0,"axis":"y","origin":[0.2,2,14.2]},"faces":{"north":{"uv":[9.75,4.5,10.375,4.75],"texture":"#8"},"east":{"uv":[10.5,6,10.5625,6.25],"texture":"#8"},"south":{"uv":[4.75,9.75,5.375,10],"texture":"#8"},"west":{"uv":[6.25,10.5,6.3125,10.75],"texture":"#8"},"up":{"uv":[10.875,3.5625,10.25,3.5],"texture":"#8"},"down":{"uv":[4.375,10.25,3.75,10.3125],"texture":"#8"}}},{"from":[3.30294,5.6,12.62132],"to":[3.60294,6.7,13.32132],"rotation":{"angle":45,"axis":"y","origin":[0.60294,2,13.62132]},"faces":{"north":{"uv":[6.5,10.5,6.5625,10.75],"texture":"#8"},"east":{"uv":[1.25,10.25,1.4375,10.5],"texture":"#8"},"south":{"uv":[10.5,6.5,10.5625,6.75],"texture":"#8"},"west":{"uv":[10.25,1.25,10.4375,1.5],"texture":"#8"},"up":{"uv":[10.5625,8.6875,10.5,8.5],"texture":"#8"},"down":{"uv":[10.5625,8.75,10.5,8.9375],"texture":"#8"}}},{"from":[1.80503,5.6,8.39497],"to":[2.10503,6.7,10.99497],"rotation":{"angle":0,"axis":"y","origin":[4.10503,2,7.99497]},"faces":{"north":{"uv":[6.75,10.5,6.8125,10.75],"texture":"#8"},"east":{"uv":[9.75,4.75,10.375,5],"texture":"#8"},"south":{"uv":[10.5,6.75,10.5625,7],"texture":"#8"},"west":{"uv":[9.75,5.25,10.375,5.5],"texture":"#8"},"up":{"uv":[3.3125,10.875,3.25,10.25],"texture":"#8"},"down":{"uv":[10.3125,3.75,10.25,4.375],"texture":"#8"}}},{"from":[3.30294,5.6,6.07868],"to":[3.60294,6.7,6.77868],"rotation":{"angle":-45,"axis":"y","origin":[0.60294,2,5.77868]},"faces":{"north":{"uv":[7,10.5,7.0625,10.75],"texture":"#8"},"east":{"uv":[10.25,1.5,10.4375,1.75],"texture":"#8"},"south":{"uv":[10.5,7,10.5625,7.25],"texture":"#8"},"west":{"uv":[1.75,10.25,1.9375,10.5],"texture":"#8"},"up":{"uv":[10.5625,9.1875,10.5,9],"texture":"#8"},"down":{"uv":[10.5625,9.25,10.5,9.4375],"texture":"#8"}}},{"from":[2.3,5.6,7.9],"to":[4.8,6.7,8.2],"rotation":{"angle":0,"axis":"y","origin":[0.2,2,5.2]},"faces":{"north":{"uv":[9.75,5.5,10.375,5.75],"texture":"#8"},"east":{"uv":[7.25,10.5,7.3125,10.75],"texture":"#8"},"south":{"uv":[9.75,5.75,10.375,6],"texture":"#8"},"west":{"uv":[10.5,7.25,10.5625,7.5],"texture":"#8"},"up":{"uv":[10.875,6.3125,10.25,6.25],"texture":"#8"},"down":{"uv":[7.125,10.25,6.5,10.3125],"texture":"#8"}}},{"from":[4.8,5.3,7.9],"to":[6.2,7,8.2],"rotation":{"angle":0,"axis":"y","origin":[0.2,2,5.2]},"faces":{"north":{"uv":[9.75,2.5,10.125,2.9375],"texture":"#8"},"east":{"uv":[7.75,10.25,7.8125,10.6875],"texture":"#8"},"south":{"uv":[3,9.75,3.375,10.1875],"texture":"#8"},"west":{"uv":[8,10.25,8.0625,10.6875],"texture":"#8"},"up":{"uv":[10.875,3.8125,10.5,3.75],"texture":"#8"},"down":{"uv":[4.375,10.5,4,10.5625],"texture":"#8"}}},{"from":[4.7,5.3,11.5],"to":[5,7,12.9],"rotation":{"angle":0,"axis":"y","origin":[6.8,1.7,6.9]},"faces":{"north":{"uv":[10.25,8,10.3125,8.4375],"texture":"#8"},"east":{"uv":[9.75,3,10.125,3.4375],"texture":"#8"},"south":{"uv":[8.25,10.25,8.3125,10.6875],"texture":"#8"},"west":{"uv":[9.75,3.5,10.125,3.9375],"texture":"#8"},"up":{"uv":[3.0625,10.875,3,10.5],"texture":"#8"},"down":{"uv":[10.5625,4,10.5,4.375],"texture":"#8"}}},{"from":[4.7,3.3,11.5],"to":[5,5,12.9],"rotation":{"angle":0,"axis":"y","origin":[6.8,1.7,6.9]},"faces":{"north":{"uv":[8.5,10.25,8.5625,10.6875],"texture":"#8"},"east":{"uv":[3.75,9.75,4.125,10.1875],"texture":"#8"},"south":{"uv":[10.25,8.5,10.3125,8.9375],"texture":"#8"},"west":{"uv":[9.75,4,10.125,4.4375],"texture":"#8"},"up":{"uv":[4.5625,10.875,4.5,10.5],"texture":"#8"},"down":{"uv":[10.5625,4.5,10.5,4.875],"texture":"#8"}}},{"from":[1.9,-0.6,8],"to":[5.1,0.8,11.3],"rotation":{"angle":0,"axis":"y","origin":[0,0,5.2]},"faces":{"north":{"uv":[8.75,8.25,9.5625,8.625],"texture":"#8"},"east":{"uv":[8.75,8.75,9.5625,9.125],"texture":"#8"},"south":{"uv":[9,0.5,9.8125,0.875],"texture":"#8"},"west":{"uv":[9,1,9.8125,1.375],"texture":"#8"},"up":{"uv":[3.8125,2.3125,3,1.5],"texture":"#8"},"down":{"uv":[7.5625,3.75,6.75,4.5625],"texture":"#8"}}},{"from":[11,1.2,8.7],"to":[13,5.9,12.7],"rotation":{"angle":0,"axis":"y","origin":[0,0,5.2]},"faces":{"north":{"uv":[7.75,3.5,8.25,4.6875],"texture":"#8"},"east":{"uv":[6.25,2.5,7.25,3.6875],"texture":"#8"},"south":{"uv":[3.75,7.75,4.25,8.9375],"texture":"#8"},"west":{"uv":[1.5,6.5,2.5,7.6875],"texture":"#8"},"up":{"uv":[7.75,9,7.25,8],"texture":"#8"},"down":{"uv":[2.75,8.25,2.25,9.25],"texture":"#8"}}},{"from":[9.80298,6.8,8.69428],"to":[10.80298,9.8,9.69428],"rotation":{"angle":-22.5,"axis":"z","origin":[2.30298,0.5,19.69428]},"faces":{"north":{"uv":[4,1.5,4.25,2.25],"texture":"#8"},"east":{"uv":[4.75,0,5,0.75],"texture":"#8"},"south":{"uv":[4.75,0.75,5,1.5],"texture":"#8"},"west":{"uv":[3.5,9.25,3.75,10],"texture":"#8"},"up":{"uv":[4.25,2.5,4,2.25],"texture":"#8"},"down":{"uv":[2.5,5,2.25,5.25],"texture":"#8"}}},{"from":[9.90298,6.7,9.89428],"to":[10.90298,9.7,10.89428],"rotation":{"angle":-22.5,"axis":"z","origin":[2.30298,0.5,19.69428]},"faces":{"north":{"uv":[5.75,9.25,6,10],"texture":"#8"},"east":{"uv":[9.5,2,9.75,2.75],"texture":"#8"},"south":{"uv":[9.5,2.75,9.75,3.5],"texture":"#8"},"west":{"uv":[9.5,3.5,9.75,4.25],"texture":"#8"},"up":{"uv":[6.5,5.25,6.25,5],"texture":"#8"},"down":{"uv":[1.5,7.5,1.25,7.75],"texture":"#8"}}},{"from":[9.90298,6.7,11.19428],"to":[10.90298,9.7,12.19428],"rotation":{"angle":-22.5,"axis":"z","origin":[2.30298,0.5,19.69428]},"faces":{"north":{"uv":[4.25,9.5,4.5,10.25],"texture":"#8"},"east":{"uv":[4.5,9.5,4.75,10.25],"texture":"#8"},"south":{"uv":[9.5,7.25,9.75,8],"texture":"#8"},"west":{"uv":[9.5,9.25,9.75,10],"texture":"#8"},"up":{"uv":[7.75,7.5,7.5,7.25],"texture":"#8"},"down":{"uv":[8.5,2.25,8.25,2.5],"texture":"#8"}}},{"from":[14.40298,1.5,12.49428],"to":[16.40298,4.8,13.99428],"rotation":{"angle":22.5,"axis":"y","origin":[3.40298,-1.2,18.99428]},"faces":{"north":{"uv":[5.5,8.25,6,9.0625],"texture":"#8"},"east":{"uv":[4.75,8.75,5.125,9.5625],"texture":"#8"},"south":{"uv":[8.25,8.25,8.75,9.0625],"texture":"#8"},"west":{"uv":[6.5,8.75,6.875,9.5625],"texture":"#8"},"up":{"uv":[0.5,10.125,0,9.75],"texture":"#8"},"down":{"uv":[10.25,0,9.75,0.375],"texture":"#8"}}},{"from":[11.5,1.5,9.4],"to":[13.5,4.8,11.9],"rotation":{"angle":0,"axis":"y","origin":[0.5,-1.1,5.9]},"faces":{"north":{"uv":[8.5,2.25,9,3.0625],"texture":"#8"},"east":{"uv":[8.25,1.25,8.875,2.0625],"texture":"#8"},"south":{"uv":[0,8.75,0.5,9.5625],"texture":"#8"},"west":{"uv":[1.5,8.25,2.125,9.0625],"texture":"#8"},"up":{"uv":[4.75,9.375,4.25,8.75],"texture":"#8"},"down":{"uv":[9.25,4.5,8.75,5.125],"texture":"#8"}}},{"from":[17.07969,1.5,5.84902],"to":[19.07969,4.8,7.34902],"rotation":{"angle":-22.5,"axis":"y","origin":[1.07969,-1.2,-5.15098]},"faces":{"north":{"uv":[0.5,8.75,1,9.5625],"texture":"#8"},"east":{"uv":[9,1.5,9.375,2.3125],"texture":"#8"},"south":{"uv":[1,8.75,1.5,9.5625],"texture":"#8"},"west":{"uv":[9,2.5,9.375,3.3125],"texture":"#8"},"up":{"uv":[1,10.125,0.5,9.75],"texture":"#8"},"down":{"uv":[1.5,9.75,1,10.125],"texture":"#8"}}},{"from":[7.3,7,8.8],"to":[9.3,11.6,12.6],"rotation":{"angle":-22.5,"axis":"z","origin":[0,0,5.2]},"faces":{"north":{"uv":[6,7.75,6.5,8.875],"texture":"#8"},"east":{"uv":[2.5,6.5,3.4375,7.625],"texture":"#8"},"south":{"uv":[7.75,7.75,8.25,8.875],"texture":"#8"},"west":{"uv":[3.5,6.5,4.4375,7.625],"texture":"#8"},"up":{"uv":[3.25,9.1875,2.75,8.25],"texture":"#8"},"down":{"uv":[3.75,8.25,3.25,9.1875],"texture":"#8"}}},{"from":[7.8,10.8,10.2],"to":[8.8,12.4,11.2],"rotation":{"angle":-22.5,"axis":"z","origin":[0,0,5.2]},"faces":{"north":{"uv":[5.25,8.75,5.5,9.125],"texture":"#8"},"east":{"uv":[9.75,9.25,10,9.625],"texture":"#8"},"south":{"uv":[9.75,9.75,10,10.125],"texture":"#8"},"west":{"uv":[10,0.5,10.25,0.875],"texture":"#8"},"up":{"uv":[7.25,9,7,8.75],"texture":"#8"},"down":{"uv":[8.25,9,8,9.25],"texture":"#8"}}},{"from":[2.8,14.2,10.5],"to":[4.7,16.4,10.9],"rotation":{"angle":-45,"axis":"z","origin":[0,0,5.2]},"faces":{"north":{"uv":[3.75,9,4.25,9.5625],"texture":"#8"},"east":{"uv":[10,1,10.125,1.5625],"texture":"#8"},"south":{"uv":[6,9,6.5,9.5625],"texture":"#8"},"west":{"uv":[1.5,10,1.625,10.5625],"texture":"#8"},"up":{"uv":[10.5,5.125,10,5],"texture":"#8"},"down":{"uv":[10.5,6,10,6.125],"texture":"#8"}}},{"from":[6.1,5,6.8],"to":[7.7,7.4,7.8],"rotation":{"angle":-22.5,"axis":"z","origin":[7.1,7.3,0]},"faces":{"north":{"uv":[7,9,7.375,9.625],"texture":"#8"},"east":{"uv":[5.5,9.75,5.75,10.375],"texture":"#8"},"south":{"uv":[7.5,9,7.875,9.625],"texture":"#8"},"west":{"uv":[6,9.75,6.25,10.375],"texture":"#8"},"up":{"uv":[5.375,4,5,3.75],"texture":"#8"},"down":{"uv":[7.625,3.5,7.25,3.75],"texture":"#8"}}},{"from":[6.4,7.4,6.8],"to":[7.4,8,7.8],"rotation":{"angle":-22.5,"axis":"z","origin":[7.1,7.3,0]},"faces":{"north":{"uv":[4.5,10.25,4.75,10.375],"texture":"#8"},"east":{"uv":[5.25,10.25,5.5,10.375],"texture":"#8"},"south":{"uv":[5.75,10.25,6,10.375],"texture":"#8"},"west":{"uv":[10.25,6.5,10.5,6.625],"texture":"#8"},"up":{"uv":[9.75,4.5,9.5,4.25],"texture":"#8"},"down":{"uv":[5.5,10,5.25,10.25],"texture":"#8"}}},{"from":[7.7,5.8,6.7],"to":[9.3,8.2,7.7],"rotation":{"angle":-22.5,"axis":"z","origin":[7.1,7.3,0]},"faces":{"north":{"uv":[1.5,9.25,1.875,9.875],"texture":"#8"},"east":{"uv":[9.75,6,10,6.625],"texture":"#8"},"south":{"uv":[2,9.25,2.375,9.875],"texture":"#8"},"west":{"uv":[6.25,9.75,6.5,10.375],"texture":"#8"},"up":{"uv":[1.125,8.25,0.75,8],"texture":"#8"},"down":{"uv":[8.625,4.5,8.25,4.75],"texture":"#8"}}},{"from":[8,8.2,6.7],"to":[9,8.8,7.7],"rotation":{"angle":-22.5,"axis":"z","origin":[7.1,7.3,0]},"faces":{"north":{"uv":[10.25,6.75,10.5,6.875],"texture":"#8"},"east":{"uv":[10.25,7,10.5,7.125],"texture":"#8"},"south":{"uv":[7.25,10.25,7.5,10.375],"texture":"#8"},"west":{"uv":[10.25,7.25,10.5,7.375],"texture":"#8"},"up":{"uv":[6,10.25,5.75,10],"texture":"#8"},"down":{"uv":[10.25,6.25,10,6.5],"texture":"#8"}}}],"gui_light":"front","display":{"thirdperson_righthand":{"rotation":[57,0,0],"translation":[0,2,0],"scale":[0.46485,0.46485,0.46485]},"thirdperson_lefthand":{"rotation":[68.03,180,0],"translation":[-6,-10.25,13],"scale":[1.28789,1.28789,1.28789]},"firstperson_righthand":{"rotation":[-180,0,-180],"translation":[-0.25,3.75,2.25],"scale":[0.72852,0.72852,0.72852]},"firstperson_lefthand":{"rotation":[-180,0,-180],"translation":[-0.25,3.75,2.25],"scale":[0,0,0]},"ground":{"translation":[0,6.75,0],"scale":[0.66797,0.66797,0.66797]},"gui":{"rotation":[-180,0,-180],"translation":[0,2,0]},"head":{"rotation":[0,180,0],"translation":[0,-47,13.5],"scale":[2,2,2]},"fixed":{"rotation":[-90,180,0],"translation":[-0.25,6,-23.5],"scale":[2.5,2.5,2.5]}}}