{"credit":"MadewithBlockbench","texture_size":[64,64],"textures":{"2":"elitecreatures:adventure_backpack_cosmetic/texture_8"},"elements":[{"from":[3.7,-7.6,13.2],"to":[12.3,-4.3,13.6],"rotation":{"angle":0,"axis":"y","origin":[8,-8.6909,11.7526]},"faces":{"north":{"uv":[3.5,5.25,5.625,6.0625],"texture":"#2"},"east":{"uv":[1.25,9.75,1.375,10.5625],"texture":"#2"},"south":{"uv":[5.75,5.25,7.875,6.0625],"texture":"#2"},"west":{"uv":[1.5,9.75,1.625,10.5625],"texture":"#2"},"up":{"uv":[10.625,5.875,8.5,5.75],"texture":"#2"},"down":{"uv":[4.375,8.75,2.25,8.875],"texture":"#2"}}},{"from":[3.7,-5.34121,14.7397],"to":[12.3,-4.04121,15.1397],"rotation":{"angle":-22.5,"axis":"x","origin":[8,-8.6909,11.7526]},"faces":{"north":{"uv":[6,4.75,8.125,5.0625],"texture":"#2"},"east":{"uv":[10.5,7.5,10.625,7.8125],"texture":"#2"},"south":{"uv":[6.5,3.25,8.625,3.5625],"texture":"#2"},"west":{"uv":[8,10.5,8.125,10.8125],"texture":"#2"},"up":{"uv":[10.875,3.375,8.75,3.25],"texture":"#2"},"down":{"uv":[10.875,3.5,8.75,3.625],"texture":"#2"}}},{"from":[3.7,-3.5,9],"to":[12.3,-3.1,13.1],"rotation":{"angle":0,"axis":"y","origin":[8,-8.6909,11.7526]},"faces":{"north":{"uv":[8.75,3.75,10.875,3.875],"texture":"#2"},"east":{"uv":[1.25,9.5,2.25,9.625],"texture":"#2"},"south":{"uv":[8.75,4,10.875,4.125],"texture":"#2"},"west":{"uv":[9.5,1.5,10.5,1.625],"texture":"#2"},"up":{"uv":[2.125,4,0,3],"texture":"#2"},"down":{"uv":[4.375,3,2.25,4],"texture":"#2"}}},{"from":[3.7,-5.87895,7.06726],"to":[12.3,-4.57895,7.46726],"rotation":{"angle":22.5,"axis":"x","origin":[8,-8.6909,11.7526]},"faces":{"north":{"uv":[7.5,0,9.625,0.3125],"texture":"#2"},"east":{"uv":[10.5,8,10.625,8.3125],"texture":"#2"},"south":{"uv":[7.5,0.5,9.625,0.8125],"texture":"#2"},"west":{"uv":[8.25,10.5,8.375,10.8125],"texture":"#2"},"up":{"uv":[10.875,4.375,8.75,4.25],"texture":"#2"},"down":{"uv":[10.875,4.5,8.75,4.625],"texture":"#2"}}},{"from":[3.7,-9.7,8.5],"to":[12.3,-4.3,8.9],"rotation":{"angle":0,"axis":"y","origin":[8,-8.6909,11.7526]},"faces":{"north":{"uv":[0,0,2.125,1.375],"texture":"#2"},"east":{"uv":[4.25,9,4.375,10.375],"texture":"#2"},"south":{"uv":[0,1.5,2.125,2.875],"texture":"#2"},"west":{"uv":[3,9.25,3.125,10.625],"texture":"#2"},"up":{"uv":[7.625,8.875,5.5,8.75],"texture":"#2"},"down":{"uv":[10.875,6.25,8.75,6.375],"texture":"#2"}}},{"from":[4.2,-9.5,8.9],"to":[11.8,-5,13.2],"rotation":{"angle":0,"axis":"y","origin":[8,-8.6909,11.7526]},"faces":{"north":{"uv":[0,4,1.875,5.125],"texture":"#2"},"east":{"uv":[5.3125,6.25,4.25,7.375],"texture":"#2"},"south":{"uv":[2,4,3.875,5.125],"texture":"#2"},"west":{"uv":[4.25,6.25,5.3125,7.375],"texture":"#2"},"up":{"uv":[5.875,5.0625,4,4],"texture":"#2"},"down":{"uv":[6.125,0,4.25,1.0625],"texture":"#2"}}},{"from":[4.3,-15.5,8.9],"to":[11.7,-9.5,13.2],"rotation":{"angle":0,"axis":"y","origin":[8,-8.6909,11.7526]},"faces":{"north":{"uv":[2.25,0,4.125,1.5],"texture":"#2"},"east":{"uv":[2.8125,6.25,1.75,7.75],"texture":"#2"},"south":{"uv":[2.25,1.5,4.125,3],"texture":"#2"},"west":{"uv":[1.75,6.25,2.8125,7.75],"texture":"#2"},"up":{"uv":[6.125,2.3125,4.25,1.25],"texture":"#2"},"down":{"uv":[6.375,2.5,4.5,3.5625],"texture":"#2"}}},{"from":[4.7,-11.89302,10.759],"to":[11.3,-10.99302,11.859],"rotation":{"angle":-45,"axis":"x","origin":[8,-8.6909,11.7526]},"faces":{"north":{"uv":[7.75,1.5,9.375,1.75],"texture":"#2"},"east":{"uv":[5.75,3.75,6,4],"texture":"#2"},"south":{"uv":[7.75,1.75,9.375,2],"texture":"#2"},"west":{"uv":[4.75,7.5,5,7.75],"texture":"#2"},"up":{"uv":[9.375,2.25,7.75,2],"texture":"#2"},"down":{"uv":[9.375,2.25,7.75,2.5],"texture":"#2"}}},{"from":[4.7,-12.34134,16.71157],"to":[11.3,-11.44134,17.81157],"rotation":{"angle":45,"axis":"x","origin":[8,-8.6909,11.7526]},"faces":{"north":{"uv":[7.75,2.5,9.375,2.75],"texture":"#2"},"east":{"uv":[8.25,7.75,8.5,8],"texture":"#2"},"south":{"uv":[7.75,2.75,9.375,3],"texture":"#2"},"west":{"uv":[1.25,9,1.5,9.25],"texture":"#2"},"up":{"uv":[9.375,3.25,7.75,3],"texture":"#2"},"down":{"uv":[4.875,7.75,3.25,8],"texture":"#2"}}},{"from":[2.3,-13.8,9.9],"to":[4.3,-7.1,12.2],"rotation":{"angle":0,"axis":"y","origin":[8,-8.6909,11.7526]},"faces":{"north":{"uv":[0,7.25,0.5,8.9375],"texture":"#2"},"east":{"uv":[5.5,6.25,6.0625,7.9375],"texture":"#2"},"south":{"uv":[0.5,7.25,1,8.9375],"texture":"#2"},"west":{"uv":[6.25,6.25,6.8125,7.9375],"texture":"#2"},"up":{"uv":[7,8.5625,6.5,8],"texture":"#2"},"down":{"uv":[7.5,8,7,8.5625],"texture":"#2"}}},{"from":[2.2,-10.6,9.8],"to":[4.3,-8.9,12.3],"rotation":{"angle":0,"axis":"y","origin":[8,-8.6909,11.7526]},"faces":{"north":{"uv":[0.25,9,0.75,9.4375],"texture":"#2"},"east":{"uv":[8.5,5.25,9.125,5.6875],"texture":"#2"},"south":{"uv":[0.75,9,1.25,9.4375],"texture":"#2"},"west":{"uv":[8.5,7.75,9.125,8.1875],"texture":"#2"},"up":{"uv":[5.5,8.125,5,7.5],"texture":"#2"},"down":{"uv":[8.25,7.25,7.75,7.875],"texture":"#2"}}},{"from":[2.2,-12.1,9.8],"to":[4.3,-11.1,12.3],"rotation":{"angle":0,"axis":"y","origin":[8,-8.6909,11.7526]},"faces":{"north":{"uv":[9.5,1.75,10,2],"texture":"#2"},"east":{"uv":[9.25,5.5,9.875,5.75],"texture":"#2"},"south":{"uv":[9.5,2,10,2.25],"texture":"#2"},"west":{"uv":[6,9.25,6.625,9.5],"texture":"#2"},"up":{"uv":[2,8.625,1.5,8],"texture":"#2"},"down":{"uv":[2.5,8,2,8.625],"texture":"#2"}}},{"from":[2.2,-14.4,9.8],"to":[4.3,-13.4,12.3],"rotation":{"angle":0,"axis":"y","origin":[8,-8.6909,11.7526]},"faces":{"north":{"uv":[2.25,9.5,2.75,9.75],"texture":"#2"},"east":{"uv":[9.25,6,9.875,6.25],"texture":"#2"},"south":{"uv":[9.5,2.25,10,2.5],"texture":"#2"},"west":{"uv":[6.75,9.25,7.375,9.5],"texture":"#2"},"up":{"uv":[3,8.625,2.5,8],"texture":"#2"},"down":{"uv":[3.5,8,3,8.625],"texture":"#2"}}},{"from":[4.1,-10.6,9.3],"to":[4.5,-8.9,12.9],"rotation":{"angle":0,"axis":"y","origin":[8,-8.6909,11.7526]},"faces":{"north":{"uv":[10.25,6.5,10.375,6.9375],"texture":"#2"},"east":{"uv":[7.75,3.75,8.625,4.1875],"texture":"#2"},"south":{"uv":[7.5,10.25,7.625,10.6875],"texture":"#2"},"west":{"uv":[7.75,4.25,8.625,4.6875],"texture":"#2"},"up":{"uv":[2.875,10.375,2.75,9.5],"texture":"#2"},"down":{"uv":[6.625,9.5,6.5,10.375],"texture":"#2"}}},{"from":[4.1,-12.1,9.3],"to":[4.5,-11.1,12.9],"rotation":{"angle":0,"axis":"y","origin":[8,-8.6909,11.7526]},"faces":{"north":{"uv":[5.25,10.75,5.375,11],"texture":"#2"},"east":{"uv":[2.25,9,3.125,9.25],"texture":"#2"},"south":{"uv":[5.5,10.75,5.625,11],"texture":"#2"},"west":{"uv":[3.25,9,4.125,9.25],"texture":"#2"},"up":{"uv":[6.875,10.375,6.75,9.5],"texture":"#2"},"down":{"uv":[7.125,9.5,7,10.375],"texture":"#2"}}},{"from":[2.5,-7.1,10.1],"to":[4.3,-6.2,12],"rotation":{"angle":0,"axis":"y","origin":[8,-8.6909,11.7526]},"faces":{"north":{"uv":[9.5,7.25,9.9375,7.5],"texture":"#2"},"east":{"uv":[9.5,2.5,10,2.75],"texture":"#2"},"south":{"uv":[9.5,7.5,9.9375,7.75],"texture":"#2"},"west":{"uv":[9.5,2.75,10,3],"texture":"#2"},"up":{"uv":[9.4375,5.25,9,4.75],"texture":"#2"},"down":{"uv":[5.9375,9,5.5,9.5],"texture":"#2"}}},{"from":[2.9,-6.2,10.6],"to":[3.8,-6,11.5],"rotation":{"angle":0,"axis":"y","origin":[8,-8.6909,11.7526]},"faces":{"north":{"uv":[11,7.75,11.25,7.8125],"texture":"#2"},"east":{"uv":[8,11,8.25,11.0625],"texture":"#2"},"south":{"uv":[11,8,11.25,8.0625],"texture":"#2"},"west":{"uv":[8.25,11,8.5,11.0625],"texture":"#2"},"up":{"uv":[10.5,0.75,10.25,0.5],"texture":"#2"},"down":{"uv":[10.5,0.75,10.25,1],"texture":"#2"}}},{"from":[12.2,-6.2,10.6],"to":[13.1,-6,11.5],"rotation":{"angle":0,"axis":"y","origin":[8,-8.6909,11.7526]},"faces":{"north":{"uv":[11.25,7.75,11,7.8125],"texture":"#2"},"east":{"uv":[8.5,11,8.25,11.0625],"texture":"#2"},"south":{"uv":[11.25,8,11,8.0625],"texture":"#2"},"west":{"uv":[8.25,11,8,11.0625],"texture":"#2"},"up":{"uv":[10.25,0.75,10.5,0.5],"texture":"#2"},"down":{"uv":[10.25,0.75,10.5,1],"texture":"#2"}}},{"from":[11.7,-13.8,9.9],"to":[13.7,-7.1,12.2],"rotation":{"angle":0,"axis":"y","origin":[8,-8.6909,11.7526]},"faces":{"north":{"uv":[0.5,7.25,0,8.9375],"texture":"#2"},"east":{"uv":[6.8125,6.25,6.25,7.9375],"texture":"#2"},"south":{"uv":[1,7.25,0.5,8.9375],"texture":"#2"},"west":{"uv":[6.0625,6.25,5.5,7.9375],"texture":"#2"},"up":{"uv":[6.5,8.5625,7,8],"texture":"#2"},"down":{"uv":[7,8,7.5,8.5625],"texture":"#2"}}},{"from":[11.7,-7.1,10.1],"to":[13.5,-6.2,12],"rotation":{"angle":0,"axis":"y","origin":[8,-8.6909,11.7526]},"faces":{"north":{"uv":[9.9375,7.25,9.5,7.5],"texture":"#2"},"east":{"uv":[10,2.75,9.5,3],"texture":"#2"},"south":{"uv":[9.9375,7.5,9.5,7.75],"texture":"#2"},"west":{"uv":[10,2.5,9.5,2.75],"texture":"#2"},"up":{"uv":[9,5.25,9.4375,4.75],"texture":"#2"},"down":{"uv":[5.5,9,5.9375,9.5],"texture":"#2"}}},{"from":[11.7,-14.4,9.8],"to":[13.8,-13.4,12.3],"rotation":{"angle":0,"axis":"y","origin":[8,-8.6909,11.7526]},"faces":{"north":{"uv":[2.75,9.5,2.25,9.75],"texture":"#2"},"east":{"uv":[7.375,9.25,6.75,9.5],"texture":"#2"},"south":{"uv":[10,2.25,9.5,2.5],"texture":"#2"},"west":{"uv":[9.875,6,9.25,6.25],"texture":"#2"},"up":{"uv":[2.5,8.625,3,8],"texture":"#2"},"down":{"uv":[3,8,3.5,8.625],"texture":"#2"}}},{"from":[3,-6,10.7],"to":[3.7,-4.6,11.4],"rotation":{"angle":0,"axis":"y","origin":[8,-8.6909,11.7526]},"faces":{"north":{"uv":[10,7.5,10.1875,7.875],"texture":"#2"},"east":{"uv":[10,8,10.1875,8.375],"texture":"#2"},"south":{"uv":[8.75,10,8.9375,10.375],"texture":"#2"},"west":{"uv":[9,10,9.1875,10.375],"texture":"#2"},"up":{"uv":[9.6875,10.6875,9.5,10.5],"texture":"#2"},"down":{"uv":[9.9375,10.5,9.75,10.6875],"texture":"#2"}}},{"from":[1.57176,-9.33373,10.6],"to":[2.27176,-8.63373,11.3],"rotation":{"angle":-45,"axis":"z","origin":[8,-8.6909,11.7526]},"faces":{"north":{"uv":[10.5,9.75,10.6875,9.9375],"texture":"#2"},"east":{"uv":[10,10.5,10.1875,10.6875],"texture":"#2"},"south":{"uv":[10.5,10,10.6875,10.1875],"texture":"#2"},"west":{"uv":[10.5,10.25,10.6875,10.4375],"texture":"#2"},"up":{"uv":[10.6875,10.6875,10.5,10.5],"texture":"#2"},"down":{"uv":[10.9375,0.5,10.75,0.6875],"texture":"#2"}}},{"from":[2.27176,-8.63373,10.6],"to":[4.17176,-7.93373,11.3],"rotation":{"angle":-45,"axis":"z","origin":[8,-8.6909,11.7526]},"faces":{"north":{"uv":[3.75,9.75,4.25,9.9375],"texture":"#2"},"east":{"uv":[10.75,0.75,10.9375,0.9375],"texture":"#2"},"south":{"uv":[5,9.75,5.5,9.9375],"texture":"#2"},"west":{"uv":[10.75,1,10.9375,1.1875],"texture":"#2"},"up":{"uv":[6,9.9375,5.5,9.75],"texture":"#2"},"down":{"uv":[6.5,9.75,6,9.9375],"texture":"#2"}}},{"from":[3.5,-4.8,10.7],"to":[4.4,-4.1,11.4],"rotation":{"angle":0,"axis":"y","origin":[8,-8.6909,11.7526]},"faces":{"north":{"uv":[10.5,1.75,10.75,1.9375],"texture":"#2"},"east":{"uv":[1.25,10.75,1.4375,10.9375],"texture":"#2"},"south":{"uv":[10.5,2,10.75,2.1875],"texture":"#2"},"west":{"uv":[10.75,1.25,10.9375,1.4375],"texture":"#2"},"up":{"uv":[2.5,10.6875,2.25,10.5],"texture":"#2"},"down":{"uv":[10.75,2.25,10.5,2.4375],"texture":"#2"}}},{"from":[11.7,-14.4,9.8],"to":[13.8,-13.4,12.3],"rotation":{"angle":0,"axis":"y","origin":[8,-8.6909,11.7526]},"faces":{"north":{"uv":[9.5,3,10,3.25],"texture":"#2"},"east":{"uv":[9.25,7.75,9.875,8],"texture":"#2"},"south":{"uv":[9.5,4.75,10,5],"texture":"#2"},"west":{"uv":[9.25,8,9.875,8.25],"texture":"#2"},"up":{"uv":[4,8.625,3.5,8],"texture":"#2"},"down":{"uv":[4.5,8,4,8.625],"texture":"#2"}}},{"from":[11.7,-12.1,9.8],"to":[13.8,-11.1,12.3],"rotation":{"angle":0,"axis":"y","origin":[8,-8.6909,11.7526]},"faces":{"north":{"uv":[5,9.5,5.5,9.75],"texture":"#2"},"east":{"uv":[9.25,8.25,9.875,8.5],"texture":"#2"},"south":{"uv":[9.5,5,10,5.25],"texture":"#2"},"west":{"uv":[9.25,8.5,9.875,8.75],"texture":"#2"},"up":{"uv":[5,8.625,4.5,8],"texture":"#2"},"down":{"uv":[8.5,5.25,8,5.875],"texture":"#2"}}},{"from":[11.5,-12.1,9.3],"to":[11.9,-11.1,12.9],"rotation":{"angle":0,"axis":"y","origin":[8,-8.6909,11.7526]},"faces":{"north":{"uv":[10.75,5.75,10.875,6],"texture":"#2"},"east":{"uv":[6,9,6.875,9.25],"texture":"#2"},"south":{"uv":[10.75,6.5,10.875,6.75],"texture":"#2"},"west":{"uv":[7,9,7.875,9.25],"texture":"#2"},"up":{"uv":[7.375,10.375,7.25,9.5],"texture":"#2"},"down":{"uv":[8.125,9.5,8,10.375],"texture":"#2"}}},{"from":[11.5,-10.6,9.3],"to":[11.9,-8.9,12.9],"rotation":{"angle":0,"axis":"y","origin":[8,-8.6909,11.7526]},"faces":{"north":{"uv":[10.25,7.5,10.375,7.9375],"texture":"#2"},"east":{"uv":[7.75,6.25,8.625,6.6875],"texture":"#2"},"south":{"uv":[7.75,10.25,7.875,10.6875],"texture":"#2"},"west":{"uv":[7.75,6.75,8.625,7.1875],"texture":"#2"},"up":{"uv":[8.375,10.375,8.25,9.5],"texture":"#2"},"down":{"uv":[8.625,9.5,8.5,10.375],"texture":"#2"}}},{"from":[11.7,-10.6,9.8],"to":[13.8,-8.9,12.3],"rotation":{"angle":0,"axis":"y","origin":[8,-8.6909,11.7526]},"faces":{"north":{"uv":[9,7.25,9.5,7.6875],"texture":"#2"},"east":{"uv":[8.5,8.25,9.125,8.6875],"texture":"#2"},"south":{"uv":[8,9,8.5,9.4375],"texture":"#2"},"west":{"uv":[1.5,8.75,2.125,9.1875],"texture":"#2"},"up":{"uv":[6,8.625,5.5,8],"texture":"#2"},"down":{"uv":[6.5,8,6,8.625],"texture":"#2"}}},{"from":[12.3,-6,10.7],"to":[13,-4.6,11.4],"rotation":{"angle":0,"axis":"y","origin":[8,-8.6909,11.7526]},"faces":{"north":{"uv":[9.25,10,9.4375,10.375],"texture":"#2"},"east":{"uv":[9.5,10,9.6875,10.375],"texture":"#2"},"south":{"uv":[9.75,10,9.9375,10.375],"texture":"#2"},"west":{"uv":[10,10,10.1875,10.375],"texture":"#2"},"up":{"uv":[1.6875,10.9375,1.5,10.75],"texture":"#2"},"down":{"uv":[10.9375,1.75,10.75,1.9375],"texture":"#2"}}},{"from":[13.72824,-9.33373,10.7],"to":[14.42824,-8.63373,11.4],"rotation":{"angle":45,"axis":"z","origin":[8,-8.6909,11.7526]},"faces":{"north":{"uv":[10.75,2,10.9375,2.1875],"texture":"#2"},"east":{"uv":[2.25,10.75,2.4375,10.9375],"texture":"#2"},"south":{"uv":[10.75,2.25,10.9375,2.4375],"texture":"#2"},"west":{"uv":[2.5,10.75,2.6875,10.9375],"texture":"#2"},"up":{"uv":[10.9375,2.6875,10.75,2.5],"texture":"#2"},"down":{"uv":[2.9375,10.75,2.75,10.9375],"texture":"#2"}}},{"from":[11.6,-4.8,10.7],"to":[12.5,-4.1,11.4],"rotation":{"angle":0,"axis":"y","origin":[8,-8.6909,11.7526]},"faces":{"north":{"uv":[2.5,10.5,2.75,10.6875],"texture":"#2"},"east":{"uv":[10.75,2.75,10.9375,2.9375],"texture":"#2"},"south":{"uv":[10.5,2.5,10.75,2.6875],"texture":"#2"},"west":{"uv":[3,10.75,3.1875,10.9375],"texture":"#2"},"up":{"uv":[3,10.6875,2.75,10.5],"texture":"#2"},"down":{"uv":[10.75,2.75,10.5,2.9375],"texture":"#2"}}},{"from":[11.82824,-8.63373,10.7],"to":[13.72824,-7.93373,11.4],"rotation":{"angle":45,"axis":"z","origin":[8,-8.6909,11.7526]},"faces":{"north":{"uv":[7.5,9.75,8,9.9375],"texture":"#2"},"east":{"uv":[4.25,10.75,4.4375,10.9375],"texture":"#2"},"south":{"uv":[8.75,9.75,9.25,9.9375],"texture":"#2"},"west":{"uv":[4.5,10.75,4.6875,10.9375],"texture":"#2"},"up":{"uv":[10.25,8.9375,9.75,8.75],"texture":"#2"},"down":{"uv":[9.75,9.75,9.25,9.9375],"texture":"#2"}}},{"from":[1.1,-9.6,10.9],"to":[2.2,-9.2,11.3],"rotation":{"angle":0,"axis":"y","origin":[8,-8.6909,11.7526]},"faces":{"north":{"uv":[6.75,10.75,7,10.875],"texture":"#2"},"east":{"uv":[9,11,9.125,11.125],"texture":"#2"},"south":{"uv":[10.75,7,11,7.125],"texture":"#2"},"west":{"uv":[9.25,11,9.375,11.125],"texture":"#2"},"up":{"uv":[7.75,10.875,7.5,10.75],"texture":"#2"},"down":{"uv":[11,7.5,10.75,7.625],"texture":"#2"}}},{"from":[1.6,-10.3,10.9],"to":[2.7,-9.9,11.3],"rotation":{"angle":0,"axis":"y","origin":[8,-8.6909,11.7526]},"faces":{"north":{"uv":[6.75,10.75,7,10.875],"texture":"#2"},"east":{"uv":[9,11,9.125,11.125],"texture":"#2"},"south":{"uv":[10.75,7,11,7.125],"texture":"#2"},"west":{"uv":[9.25,11,9.375,11.125],"texture":"#2"},"up":{"uv":[7.75,10.875,7.5,10.75],"texture":"#2"},"down":{"uv":[11,7.5,10.75,7.625],"texture":"#2"}}},{"from":[1.2,-11.3,10.9],"to":[1.6,-9.6,11.3],"rotation":{"angle":0,"axis":"y","origin":[8,-8.6909,11.7526]},"faces":{"north":{"uv":[10.25,8,10.375,8.4375],"texture":"#2"},"east":{"uv":[10.25,9.75,10.375,10.1875],"texture":"#2"},"south":{"uv":[10.25,10.25,10.375,10.6875],"texture":"#2"},"west":{"uv":[0.5,10.5,0.625,10.9375],"texture":"#2"},"up":{"uv":[9.625,11.125,9.5,11],"texture":"#2"},"down":{"uv":[11.125,9.5,11,9.625],"texture":"#2"}}},{"from":[1.1,-11.7,10.9],"to":[2.2,-11.3,11.3],"rotation":{"angle":0,"axis":"y","origin":[8,-8.6909,11.7526]},"faces":{"north":{"uv":[7.75,10.75,8,10.875],"texture":"#2"},"east":{"uv":[9.75,11,9.875,11.125],"texture":"#2"},"south":{"uv":[10.75,7.75,11,7.875],"texture":"#2"},"west":{"uv":[11,9.75,11.125,9.875],"texture":"#2"},"up":{"uv":[11,8.125,10.75,8],"texture":"#2"},"down":{"uv":[11,8.25,10.75,8.375],"texture":"#2"}}},{"from":[2.1,-9.7,10.8],"to":[2.2,-9.1,11.4],"rotation":{"angle":0,"axis":"y","origin":[8,-8.6909,11.7526]},"faces":{"north":{"uv":[11.25,8.25,11.3125,8.375],"texture":"#2"},"east":{"uv":[10,11,10.125,11.125],"texture":"#2"},"south":{"uv":[8.5,11.25,8.5625,11.375],"texture":"#2"},"west":{"uv":[11,10,11.125,10.125],"texture":"#2"},"up":{"uv":[11.3125,8.625,11.25,8.5],"texture":"#2"},"down":{"uv":[8.8125,11.25,8.75,11.375],"texture":"#2"}}},{"from":[2.1,-11.8,10.8],"to":[2.2,-11.2,11.4],"rotation":{"angle":0,"axis":"y","origin":[8,-8.6909,11.7526]},"faces":{"north":{"uv":[11.25,8.75,11.3125,8.875],"texture":"#2"},"east":{"uv":[10.25,11,10.375,11.125],"texture":"#2"},"south":{"uv":[9,11.25,9.0625,11.375],"texture":"#2"},"west":{"uv":[11,10.25,11.125,10.375],"texture":"#2"},"up":{"uv":[11.3125,9.125,11.25,9],"texture":"#2"},"down":{"uv":[9.3125,11.25,9.25,11.375],"texture":"#2"}}},{"from":[13.8,-9.6,10.9],"to":[14.9,-9.2,11.3],"rotation":{"angle":0,"axis":"y","origin":[8,-8.6909,11.7526]},"faces":{"north":{"uv":[7,10.75,6.75,10.875],"texture":"#2"},"east":{"uv":[9.375,11,9.25,11.125],"texture":"#2"},"south":{"uv":[11,7,10.75,7.125],"texture":"#2"},"west":{"uv":[9.125,11,9,11.125],"texture":"#2"},"up":{"uv":[7.5,10.875,7.75,10.75],"texture":"#2"},"down":{"uv":[10.75,7.5,11,7.625],"texture":"#2"}}},{"from":[14.4,-11.3,10.9],"to":[14.8,-9.6,11.3],"rotation":{"angle":0,"axis":"y","origin":[8,-8.6909,11.7526]},"faces":{"north":{"uv":[10.375,8,10.25,8.4375],"texture":"#2"},"east":{"uv":[0.625,10.5,0.5,10.9375],"texture":"#2"},"south":{"uv":[10.375,10.25,10.25,10.6875],"texture":"#2"},"west":{"uv":[10.375,9.75,10.25,10.1875],"texture":"#2"},"up":{"uv":[9.5,11.125,9.625,11],"texture":"#2"},"down":{"uv":[11,9.5,11.125,9.625],"texture":"#2"}}},{"from":[13.8,-11.7,10.9],"to":[14.9,-11.3,11.3],"rotation":{"angle":0,"axis":"y","origin":[8,-8.6909,11.7526]},"faces":{"north":{"uv":[8,10.75,7.75,10.875],"texture":"#2"},"east":{"uv":[11.125,9.75,11,9.875],"texture":"#2"},"south":{"uv":[11,7.75,10.75,7.875],"texture":"#2"},"west":{"uv":[9.875,11,9.75,11.125],"texture":"#2"},"up":{"uv":[10.75,8.125,11,8],"texture":"#2"},"down":{"uv":[10.75,8.25,11,8.375],"texture":"#2"}}},{"from":[13.3,-10.3,10.9],"to":[14.4,-9.9,11.3],"rotation":{"angle":0,"axis":"y","origin":[8,-8.6909,11.7526]},"faces":{"north":{"uv":[7,10.75,6.75,10.875],"texture":"#2"},"east":{"uv":[9.375,11,9.25,11.125],"texture":"#2"},"south":{"uv":[11,7,10.75,7.125],"texture":"#2"},"west":{"uv":[9.125,11,9,11.125],"texture":"#2"},"up":{"uv":[7.5,10.875,7.75,10.75],"texture":"#2"},"down":{"uv":[10.75,7.5,11,7.625],"texture":"#2"}}},{"from":[13.8,-9.7,10.8],"to":[13.9,-9.1,11.4],"rotation":{"angle":0,"axis":"y","origin":[8,-8.6909,11.7526]},"faces":{"north":{"uv":[11.3125,8.25,11.25,8.375],"texture":"#2"},"east":{"uv":[11.125,10,11,10.125],"texture":"#2"},"south":{"uv":[8.5625,11.25,8.5,11.375],"texture":"#2"},"west":{"uv":[10.125,11,10,11.125],"texture":"#2"},"up":{"uv":[11.25,8.625,11.3125,8.5],"texture":"#2"},"down":{"uv":[8.75,11.25,8.8125,11.375],"texture":"#2"}}},{"from":[13.8,-11.8,10.8],"to":[13.9,-11.2,11.4],"rotation":{"angle":0,"axis":"y","origin":[8,-8.6909,11.7526]},"faces":{"north":{"uv":[11.3125,8.75,11.25,8.875],"texture":"#2"},"east":{"uv":[11.125,10.25,11,10.375],"texture":"#2"},"south":{"uv":[9.0625,11.25,9,11.375],"texture":"#2"},"west":{"uv":[10.375,11,10.25,11.125],"texture":"#2"},"up":{"uv":[11.25,9.125,11.3125,9],"texture":"#2"},"down":{"uv":[9.25,11.25,9.3125,11.375],"texture":"#2"}}},{"from":[5.7,-7.6,13.6],"to":[10.3,-6.7,13.9],"rotation":{"angle":0,"axis":"y","origin":[8,-8.6909,11.7526]},"faces":{"north":{"uv":[4.5,3.75,5.625,4],"texture":"#2"},"east":{"uv":[11.25,1,11.3125,1.25],"texture":"#2"},"south":{"uv":[8,6,9.125,6.25],"texture":"#2"},"west":{"uv":[1.25,11.25,1.3125,11.5],"texture":"#2"},"up":{"uv":[11.125,8.5625,10,8.5],"texture":"#2"},"down":{"uv":[11.125,9,10,9.0625],"texture":"#2"}}},{"from":[5.2,-7.5,13.5],"to":[10.8,-6.8,13.8],"rotation":{"angle":0,"axis":"y","origin":[8,-8.6909,11.7526]},"faces":{"north":{"uv":[8.75,6.5,10.125,6.6875],"texture":"#2"},"east":{"uv":[11.25,7.75,11.3125,7.9375],"texture":"#2"},"south":{"uv":[8.75,6.75,10.125,6.9375],"texture":"#2"},"west":{"uv":[8,11.25,8.0625,11.4375],"texture":"#2"},"up":{"uv":[5.875,10.0625,4.5,10],"texture":"#2"},"down":{"uv":[11.375,4.75,10,4.8125],"texture":"#2"}}},{"from":[7.5,-10.2,13.6],"to":[8.5,-5.8,13.8],"rotation":{"angle":0,"axis":"y","origin":[8,-8.6909,11.7526]},"faces":{"north":{"uv":[5,8.25,5.25,9.375],"texture":"#2"},"east":{"uv":[0,10.25,0.0625,11.375],"texture":"#2"},"south":{"uv":[5.25,8.25,5.5,9.375],"texture":"#2"},"west":{"uv":[0.25,10.25,0.3125,11.375],"texture":"#2"},"up":{"uv":[11.5,1.3125,11.25,1.25],"texture":"#2"},"down":{"uv":[1.75,11.25,1.5,11.3125],"texture":"#2"}}},{"from":[7.5,-11.96431,11.99181],"to":[8.5,-11.06431,12.19181],"rotation":{"angle":-45,"axis":"x","origin":[8,-8.6909,11.7526]},"faces":{"north":{"uv":[2.5,10.25,2.75,10.5],"texture":"#2"},"east":{"uv":[2.25,11.25,2.3125,11.5],"texture":"#2"},"south":{"uv":[10.25,2.5,10.5,2.75],"texture":"#2"},"west":{"uv":[11.25,2.25,11.3125,2.5],"texture":"#2"},"up":{"uv":[2.75,11.3125,2.5,11.25],"texture":"#2"},"down":{"uv":[11.5,2.5,11.25,2.5625],"texture":"#2"}}},{"from":[7.5,-14.93934,14.18787],"to":[8.5,-10.63934,14.38787],"rotation":{"angle":0,"axis":"y","origin":[8,-8.6909,11.7526]},"faces":{"north":{"uv":[4.5,8.75,4.75,9.8125],"texture":"#2"},"east":{"uv":[1.75,10.25,1.8125,11.3125],"texture":"#2"},"south":{"uv":[4.75,8.75,5,9.8125],"texture":"#2"},"west":{"uv":[2,10.25,2.0625,11.3125],"texture":"#2"},"up":{"uv":[11.5,2.8125,11.25,2.75],"texture":"#2"},"down":{"uv":[11.5,3,11.25,3.0625],"texture":"#2"}}},{"from":[7.5,-14.91197,7.92405],"to":[8.5,-14.71197,9.22405],"rotation":{"angle":-45,"axis":"x","origin":[8,-8.6909,11.7526]},"faces":{"north":{"uv":[3.25,11.25,3.5,11.3125],"texture":"#2"},"east":{"uv":[11,5.25,11.3125,5.3125],"texture":"#2"},"south":{"uv":[3.5,11.25,3.75,11.3125],"texture":"#2"},"west":{"uv":[5.5,11,5.8125,11.0625],"texture":"#2"},"up":{"uv":[4,10.3125,3.75,10],"texture":"#2"},"down":{"uv":[4.25,10,4,10.3125],"texture":"#2"}}},{"from":[1.85102,-12.96516,13.4],"to":[2.65102,-12.76516,13.9],"rotation":{"angle":22.5,"axis":"z","origin":[8,-8.6909,11.7526]},"faces":{"north":{"uv":[11.25,8,11.4375,8.0625],"texture":"#2"},"east":{"uv":[11.25,10.25,11.375,10.3125],"texture":"#2"},"south":{"uv":[8.25,11.25,8.4375,11.3125],"texture":"#2"},"west":{"uv":[10.5,11.25,10.625,11.3125],"texture":"#2"},"up":{"uv":[11.1875,1.375,11,1.25],"texture":"#2"},"down":{"uv":[1.6875,11,1.5,11.125],"texture":"#2"}}},{"from":[4.5,-11.69302,11.559],"to":[11.5,-11.39302,11.959],"rotation":{"angle":-45,"axis":"x","origin":[8,-8.6909,11.7526]},"faces":{"north":{"uv":[9.25,9.5,11,9.5625],"texture":"#2"},"east":{"uv":[11.25,10.5,11.375,10.5625],"texture":"#2"},"south":{"uv":[9.5,9.25,11.25,9.3125],"texture":"#2"},"west":{"uv":[10.75,11.25,10.875,11.3125],"texture":"#2"},"up":{"uv":[3,9.375,1.25,9.25],"texture":"#2"},"down":{"uv":[11,5.25,9.25,5.375],"texture":"#2"}}},{"from":[4.5,-14.7,13.5],"to":[11.5,-10.7,13.8],"rotation":{"angle":0,"axis":"y","origin":[8,-8.6909,11.7526]},"faces":{"north":{"uv":[0,5.25,1.75,6.25],"texture":"#2"},"east":{"uv":[3.25,10.25,3.3125,11.25],"texture":"#2"},"south":{"uv":[1.75,5.25,3.5,6.25],"texture":"#2"},"west":{"uv":[3.5,10.25,3.5625,11.25],"texture":"#2"},"up":{"uv":[11.5,0.0625,9.75,0],"texture":"#2"},"down":{"uv":[11.5,0.25,9.75,0.3125],"texture":"#2"}}},{"from":[7.1,-5.7,13.6],"to":[8.8,-4.2,14],"rotation":{"angle":0,"axis":"y","origin":[8,-8.6909,11.7526]},"faces":{"north":{"uv":[3.25,9.25,3.6875,9.625],"texture":"#2"},"east":{"uv":[3.75,10.5,3.875,10.875],"texture":"#2"},"south":{"uv":[3.75,9.25,4.1875,9.625],"texture":"#2"},"west":{"uv":[4,10.5,4.125,10.875],"texture":"#2"},"up":{"uv":[10.6875,8.875,10.25,8.75],"texture":"#2"},"down":{"uv":[10.9375,1.5,10.5,1.625],"texture":"#2"}}},{"from":[7.2,-5.5,14],"to":[8.7,-4.4,14.4],"rotation":{"angle":0,"axis":"y","origin":[8,-8.6909,11.7526]},"faces":{"north":{"uv":[9.75,9.75,10.125,10],"texture":"#2"},"east":{"uv":[10,10.75,10.125,11],"texture":"#2"},"south":{"uv":[0,10,0.375,10.25],"texture":"#2"},"west":{"uv":[10.75,10,10.875,10.25],"texture":"#2"},"up":{"uv":[10.875,3.125,10.5,3],"texture":"#2"},"down":{"uv":[4.625,10.5,4.25,10.625],"texture":"#2"}}},{"from":[7.3,-6.38436,15.50353],"to":[8.6,-6.18436,16.10353],"rotation":{"angle":-22.5,"axis":"x","origin":[8,-8.6909,11.7526]},"faces":{"north":{"uv":[11,5.75,11.3125,5.8125],"texture":"#2"},"east":{"uv":[11.25,10.75,11.375,10.8125],"texture":"#2"},"south":{"uv":[6,11,6.3125,11.0625],"texture":"#2"},"west":{"uv":[11,11.25,11.125,11.3125],"texture":"#2"},"up":{"uv":[8.8125,10.625,8.5,10.5],"texture":"#2"},"down":{"uv":[9.3125,10.5,9,10.625],"texture":"#2"}}},{"from":[7.4,-6.48436,15.90353],"to":[8.5,-6.08436,16.20353],"rotation":{"angle":-22.5,"axis":"x","origin":[8,-8.6909,11.7526]},"faces":{"north":{"uv":[10.25,10.75,10.5,10.875],"texture":"#2"},"east":{"uv":[11.25,11,11.3125,11.125],"texture":"#2"},"south":{"uv":[10.75,10.25,11,10.375],"texture":"#2"},"west":{"uv":[11.25,11.25,11.3125,11.375],"texture":"#2"},"up":{"uv":[4,11.3125,3.75,11.25],"texture":"#2"},"down":{"uv":[4.25,11.25,4,11.3125],"texture":"#2"}}},{"from":[5.2541,-14.05871,12.4],"to":[6.5541,-12.75871,12.7],"rotation":{"angle":-45,"axis":"z","origin":[8,-8.6909,11.7526]},"faces":{"north":{"uv":[9.75,0.5,10.0625,0.8125],"texture":"#2"},"east":{"uv":[11,6.25,11.0625,6.5625],"texture":"#2"},"south":{"uv":[1.75,9.75,2.0625,10.0625],"texture":"#2"},"west":{"uv":[6.5,11,6.5625,11.3125],"texture":"#2"},"up":{"uv":[7.0625,11.0625,6.75,11],"texture":"#2"},"down":{"uv":[11.3125,6.75,11,6.8125],"texture":"#2"}}},{"from":[5.1541,-14.15871,12.4],"to":[6.6541,-12.65871,12.8],"rotation":{"angle":-45,"axis":"z","origin":[8,-8.6909,11.7526]},"faces":{"north":{"uv":[7.5,9.25,7.875,9.625],"texture":"#2"},"east":{"uv":[4.75,10.5,4.875,10.875],"texture":"#2"},"south":{"uv":[0.25,9.5,0.625,9.875],"texture":"#2"},"west":{"uv":[5,10.5,5.125,10.875],"texture":"#2"},"up":{"uv":[10.875,5.125,10.5,5],"texture":"#2"},"down":{"uv":[5.625,10.5,5.25,10.625],"texture":"#2"}}},{"from":[4,-8.5,13.2],"to":[12,-7.6,13.6],"rotation":{"angle":0,"axis":"y","origin":[8,-8.6909,11.7526]},"faces":{"north":{"uv":[7.5,1,9.5,1.25],"texture":"#2"},"east":{"uv":[10.5,10.75,10.625,11],"texture":"#2"},"south":{"uv":[7.5,1.25,9.5,1.5],"texture":"#2"},"west":{"uv":[10.75,10.5,10.875,10.75],"texture":"#2"},"up":{"uv":[10.75,7.125,8.75,7],"texture":"#2"},"down":{"uv":[9.75,8.75,7.75,8.875],"texture":"#2"}}},{"from":[7.5,-12.56798,16.74646],"to":[8.5,-12.36798,17.84646],"rotation":{"angle":45,"axis":"x","origin":[8,-8.6909,11.7526]},"faces":{"north":{"uv":[4.25,11.25,4.5,11.3125],"texture":"#2"},"east":{"uv":[11.25,4.25,11.5,4.3125],"texture":"#2"},"south":{"uv":[4.5,11.25,4.75,11.3125],"texture":"#2"},"west":{"uv":[11.25,4.5,11.5,4.5625],"texture":"#2"},"up":{"uv":[4.75,10.5,4.5,10.25],"texture":"#2"},"down":{"uv":[5,10.25,4.75,10.5],"texture":"#2"}}},{"from":[10.98421,-6.92544,13.2],"to":[11.58421,-6.02544,13.7],"rotation":{"angle":-22.5,"axis":"z","origin":[8,-8.6909,11.7526]},"faces":{"north":{"uv":[10.75,10.75,10.875,11],"texture":"#2"},"east":{"uv":[0.5,11,0.625,11.25],"texture":"#2"},"south":{"uv":[11,0.5,11.125,0.75],"texture":"#2"},"west":{"uv":[0.75,11,0.875,11.25],"texture":"#2"},"up":{"uv":[5.125,11.375,5,11.25],"texture":"#2"},"down":{"uv":[5.375,11.25,5.25,11.375],"texture":"#2"}}},{"from":[4.41579,-6.92544,13.2],"to":[5.01579,-6.02544,13.7],"rotation":{"angle":22.5,"axis":"z","origin":[8,-8.6909,11.7526]},"faces":{"north":{"uv":[11,0.75,11.125,1],"texture":"#2"},"east":{"uv":[1,11,1.125,11.25],"texture":"#2"},"south":{"uv":[11,1,11.125,1.25],"texture":"#2"},"west":{"uv":[1.25,11,1.375,11.25],"texture":"#2"},"up":{"uv":[5.625,11.375,5.5,11.25],"texture":"#2"},"down":{"uv":[11.375,5.5,11.25,5.625],"texture":"#2"}}},{"from":[5,-3.1,10.7],"to":[6,-3,12.1],"rotation":{"angle":0,"axis":"y","origin":[8,-8.6909,11.7526]},"faces":{"north":{"uv":[5.75,11.25,6,11.3125],"texture":"#2"},"east":{"uv":[11,1.5,11.375,1.5625],"texture":"#2"},"south":{"uv":[6,11.25,6.25,11.3125],"texture":"#2"},"west":{"uv":[11,1.75,11.375,1.8125],"texture":"#2"},"up":{"uv":[4.5,2.875,4.25,2.5],"texture":"#2"},"down":{"uv":[1.75,7.25,1.5,7.625],"texture":"#2"}}},{"from":[6,-3.1,10.7],"to":[6.2,-2.2,12.1],"rotation":{"angle":0,"axis":"y","origin":[8,-8.6909,11.7526]},"faces":{"north":{"uv":[11.25,6.25,11.3125,6.5],"texture":"#2"},"east":{"uv":[10,1,10.375,1.25],"texture":"#2"},"south":{"uv":[11.25,6.5,11.3125,6.75],"texture":"#2"},"west":{"uv":[10,1.25,10.375,1.5],"texture":"#2"},"up":{"uv":[11.0625,2.625,11,2.25],"texture":"#2"},"down":{"uv":[2.8125,11,2.75,11.375],"texture":"#2"}}},{"from":[8.6362,-2.12872,10.7],"to":[9.1362,-1.92872,12.1],"rotation":{"angle":22.5,"axis":"z","origin":[8,-8.6909,11.7526]},"faces":{"north":{"uv":[0,11.5,0.125,11.5625],"texture":"#2"},"east":{"uv":[11,3.25,11.375,3.3125],"texture":"#2"},"south":{"uv":[11.5,0,11.625,0.0625],"texture":"#2"},"west":{"uv":[11,3.5,11.375,3.5625],"texture":"#2"},"up":{"uv":[5.875,10.875,5.75,10.5],"texture":"#2"},"down":{"uv":[6.125,10.5,6,10.875],"texture":"#2"}}},{"from":[6.8638,-2.12872,10.7],"to":[7.3638,-1.92872,12.1],"rotation":{"angle":-22.5,"axis":"z","origin":[8,-8.6909,11.7526]},"faces":{"north":{"uv":[0.125,11.5,0,11.5625],"texture":"#2"},"east":{"uv":[11.375,3.5,11,3.5625],"texture":"#2"},"south":{"uv":[11.625,0,11.5,0.0625],"texture":"#2"},"west":{"uv":[11.375,3.25,11,3.3125],"texture":"#2"},"up":{"uv":[5.75,10.875,5.875,10.5],"texture":"#2"},"down":{"uv":[6,10.5,6.125,10.875],"texture":"#2"}}},{"from":[9.8,-3.1,10.7],"to":[10,-2.2,12.1],"rotation":{"angle":0,"axis":"y","origin":[8,-8.6909,11.7526]},"faces":{"north":{"uv":[11.3125,6.25,11.25,6.5],"texture":"#2"},"east":{"uv":[10.375,1.25,10,1.5],"texture":"#2"},"south":{"uv":[11.3125,6.5,11.25,6.75],"texture":"#2"},"west":{"uv":[10.375,1,10,1.25],"texture":"#2"},"up":{"uv":[11,2.625,11.0625,2.25],"texture":"#2"},"down":{"uv":[2.75,11,2.8125,11.375],"texture":"#2"}}},{"from":[10,-3.1,10.7],"to":[11,-3,12.1],"rotation":{"angle":0,"axis":"y","origin":[8,-8.6909,11.7526]},"faces":{"north":{"uv":[6,11.25,5.75,11.3125],"texture":"#2"},"east":{"uv":[11.375,1.75,11,1.8125],"texture":"#2"},"south":{"uv":[6.25,11.25,6,11.3125],"texture":"#2"},"west":{"uv":[11.375,1.5,11,1.5625],"texture":"#2"},"up":{"uv":[4.25,2.875,4.5,2.5],"texture":"#2"},"down":{"uv":[1.5,7.25,1.75,7.625],"texture":"#2"}}},{"from":[6.5,-2.2,10.7],"to":[9.5,-2,12.1],"rotation":{"angle":0,"axis":"y","origin":[8,-8.6909,11.7526]},"faces":{"north":{"uv":[10.5,5.5,11.25,5.5625],"texture":"#2"},"east":{"uv":[3.75,11,4.125,11.0625],"texture":"#2"},"south":{"uv":[10.5,6,11.25,6.0625],"texture":"#2"},"west":{"uv":[11,3.75,11.375,3.8125],"texture":"#2"},"up":{"uv":[9,5.125,8.25,4.75],"texture":"#2"},"down":{"uv":[9,7.25,8.25,7.625],"texture":"#2"}}},{"from":[4.6,-14.9,13],"to":[11.4,-10.9,14.1],"rotation":{"angle":0,"axis":"y","origin":[8,-8.6909,11.7526]},"faces":{"north":{"uv":[6,3.75,7.6875,4.75],"texture":"#2"},"east":{"uv":[6.25,1.5,6.5,2.5],"texture":"#2"},"south":{"uv":[0,6.25,1.6875,7.25],"texture":"#2"},"west":{"uv":[0,9,0.25,10],"texture":"#2"},"up":{"uv":[4.6875,7.75,3,7.5],"texture":"#2"},"down":{"uv":[3.1875,7.75,1.5,8],"texture":"#2"}}},{"from":[7.4,-13.3,13.4],"to":[8.6,-12.6,14.4],"rotation":{"angle":0,"axis":"y","origin":[8,-8.6909,11.7526]},"faces":{"north":{"uv":[5.5,10.25,5.8125,10.4375],"texture":"#2"},"east":{"uv":[10.5,6.5,10.75,6.6875],"texture":"#2"},"south":{"uv":[6,10.25,6.3125,10.4375],"texture":"#2"},"west":{"uv":[6.75,10.5,7,10.6875],"texture":"#2"},"up":{"uv":[10.3125,5.25,10,5],"texture":"#2"},"down":{"uv":[10.3125,5.5,10,5.75],"texture":"#2"}}},{"from":[7.4,-14.5,13.4],"to":[8.6,-13.5,14.4],"rotation":{"angle":0,"axis":"y","origin":[8,-8.6909,11.7526]},"faces":{"north":{"uv":[6,10,6.3125,10.25],"texture":"#2"},"east":{"uv":[5,10.25,5.25,10.5],"texture":"#2"},"south":{"uv":[10,6,10.3125,6.25],"texture":"#2"},"west":{"uv":[5.25,10.25,5.5,10.5],"texture":"#2"},"up":{"uv":[10.3125,7.5,10,7.25],"texture":"#2"},"down":{"uv":[7.8125,10,7.5,10.25],"texture":"#2"}}},{"from":[11.9541,-7.45871,12.4],"to":[13.4541,-5.95871,12.8],"rotation":{"angle":-45,"axis":"z","origin":[8,-8.6909,11.7526]},"faces":{"north":{"uv":[0.75,9.5,1.125,9.875],"texture":"#2"},"east":{"uv":[7,10.5,7.125,10.875],"texture":"#2"},"south":{"uv":[9.5,1,9.875,1.375],"texture":"#2"},"west":{"uv":[7.25,10.5,7.375,10.875],"texture":"#2"},"up":{"uv":[10.875,6.875,10.5,6.75],"texture":"#2"},"down":{"uv":[10.875,7.25,10.5,7.375],"texture":"#2"}}},{"from":[12.0541,-7.35871,12.4],"to":[13.3541,-6.05871,12.7],"rotation":{"angle":-45,"axis":"z","origin":[8,-8.6909,11.7526]},"faces":{"north":{"uv":[2.25,9.75,2.5625,10.0625],"texture":"#2"},"east":{"uv":[11,7,11.0625,7.3125],"texture":"#2"},"south":{"uv":[3.25,9.75,3.5625,10.0625],"texture":"#2"},"west":{"uv":[7.25,11,7.3125,11.3125],"texture":"#2"},"up":{"uv":[7.8125,11.0625,7.5,11],"texture":"#2"},"down":{"uv":[11.3125,7.5,11,7.5625],"texture":"#2"}}}],"gui_light":"front","display":{"thirdperson_righthand":{"rotation":[57,180,0],"translation":[0,-1.75,-1],"scale":[0.46485,0.46485,0.46485]},"thirdperson_lefthand":{"rotation":[57,180,0],"translation":[0,-1.75,-1],"scale":[0.46485,0.46485,0.46485]},"firstperson_righthand":{"rotation":[-180,0,-180],"translation":[-0.25,-3,2.25],"scale":[0.72852,0.72852,0.72852]},"firstperson_lefthand":{"rotation":[-180,0,-180],"translation":[-0.25,-3,2.25],"scale":[0.72852,0.72852,0.72852]},"ground":{"translation":[0,2.25,0],"scale":[0.66797,0.66797,0.66797]},"gui":{"translation":[0,-5.5,0],"scale":[1.05273,1.05273,1.05273]},"head":{"translation":[0,-77.25,2.25],"scale":[2,2,2]},"fixed":{"rotation":[-90,180,0],"translation":[-0.25,8.5,-3.75],"scale":[2.5,2.5,2.5]}}}