{"credit":"MadewithBlockbench","texture_size":[64,64],"textures":{"2":"elitecreatures:adventure_backpack_cosmetic/texture_5"},"elements":[{"from":[6,4.69792,6.20503],"to":[10,4.89792,8.90503],"rotation":{"angle":-22.5,"axis":"x","origin":[8,2.2,7.1]},"faces":{"north":{"uv":[7.25,2.5,8.25,2.5625],"texture":"#2"},"east":{"uv":[7.75,7.25,8.4375,7.3125],"texture":"#2"},"south":{"uv":[2.75,7.25,3.75,7.3125],"texture":"#2"},"west":{"uv":[7.5,7.75,8.1875,7.8125],"texture":"#2"},"up":{"uv":[3,4.4375,2,3.75],"texture":"#2"},"down":{"uv":[4,3.75,3,4.4375],"texture":"#2"}}},{"from":[6.7,5.09792,6.20503],"to":[9.3,5.69792,8.40503],"rotation":{"angle":0,"axis":"y","origin":[8,1.3,7.1]},"faces":{"north":{"uv":[7,3.75,7.625,3.875],"texture":"#2"},"east":{"uv":[7.25,2,7.8125,2.125],"texture":"#2"},"south":{"uv":[7,4,7.625,4.125],"texture":"#2"},"west":{"uv":[7.25,2.25,7.8125,2.375],"texture":"#2"},"up":{"uv":[2.625,5.0625,2,4.5],"texture":"#2"},"down":{"uv":[3.375,4.5,2.75,5.0625],"texture":"#2"}}},{"from":[6.4,5.69792,5.90503],"to":[9.6,6.69792,8.70503],"rotation":{"angle":0,"axis":"y","origin":[8,1.3,7.1]},"faces":{"north":{"uv":[5.75,4,6.5625,4.25],"texture":"#2"},"east":{"uv":[6,1.75,6.6875,2],"texture":"#2"},"south":{"uv":[5.75,4.25,6.5625,4.5],"texture":"#2"},"west":{"uv":[6,2,6.6875,2.25],"texture":"#2"},"up":{"uv":[0.8125,4.9375,0,4.25],"texture":"#2"},"down":{"uv":[1.8125,4.25,1,4.9375],"texture":"#2"}}},{"from":[6.1,6.19792,5.60503],"to":[9.9,7.19792,9.00503],"rotation":{"angle":0,"axis":"y","origin":[8,1.3,7.1]},"faces":{"north":{"uv":[4.75,4,5.6875,4.25],"texture":"#2"},"east":{"uv":[5.5,2.75,6.375,3],"texture":"#2"},"south":{"uv":[4.75,4.25,5.6875,4.5],"texture":"#2"},"west":{"uv":[5.5,4.5,6.375,4.75],"texture":"#2"},"up":{"uv":[0.9375,3.125,0,2.25],"texture":"#2"},"down":{"uv":[1.9375,2.25,1,3.125],"texture":"#2"}}},{"from":[6,7.19792,5.5],"to":[10,8.39792,9.1],"rotation":{"angle":0,"axis":"y","origin":[8,1.3,7.1]},"faces":{"north":{"uv":[3.5,4.5,4.5,4.8125],"texture":"#2"},"east":{"uv":[4.75,3,5.625,3.3125],"texture":"#2"},"south":{"uv":[4.5,4.5,5.5,4.8125],"texture":"#2"},"west":{"uv":[4.75,3.5,5.625,3.8125],"texture":"#2"},"up":{"uv":[3,1.625,2,0.75],"texture":"#2"},"down":{"uv":[3,1.75,2,2.625],"texture":"#2"}}},{"from":[4.85389,4.24213,6.02151],"to":[5.85389,6.64213,7.62151],"rotation":{"angle":22.5,"axis":"x","origin":[5.6,6.5,7.64649]},"faces":{"north":{"uv":[2.75,6,3,6.625],"texture":"#2"},"east":{"uv":[4.5,5,4.875,5.625],"texture":"#2"},"south":{"uv":[3,6,3.25,6.625],"texture":"#2"},"west":{"uv":[5,5,5.375,5.625],"texture":"#2"},"up":{"uv":[6.75,6.625,6.5,6.25],"texture":"#2"},"down":{"uv":[0.25,6.75,0,7.125],"texture":"#2"}}},{"from":[4.95389,5.04213,6.47849],"to":[5.95389,7.44213,8.07849],"rotation":{"angle":-22.5,"axis":"x","origin":[5.6,6.5,8.35351]},"faces":{"north":{"uv":[6,3,6.25,3.625],"texture":"#2"},"east":{"uv":[2,5.25,2.375,5.875],"texture":"#2"},"south":{"uv":[3.25,6,3.5,6.625],"texture":"#2"},"west":{"uv":[2.5,5.25,2.875,5.875],"texture":"#2"},"up":{"uv":[0.5,7.125,0.25,6.75],"texture":"#2"},"down":{"uv":[7,1.75,6.75,2.125],"texture":"#2"}}},{"from":[4.85389,6.93836,6.47676],"to":[5.75389,7.73836,7.47676],"rotation":{"angle":22.5,"axis":"z","origin":[5.6,7.3,7.64649]},"faces":{"north":{"uv":[1.5,7.5,1.75,7.6875],"texture":"#2"},"east":{"uv":[1.75,7.5,2,7.6875],"texture":"#2"},"south":{"uv":[2,7.5,2.25,7.6875],"texture":"#2"},"west":{"uv":[2.25,7.5,2.5,7.6875],"texture":"#2"},"up":{"uv":[7.5,3,7.25,2.75],"texture":"#2"},"down":{"uv":[7.5,3.25,7.25,3.5],"texture":"#2"}}},{"from":[4.85389,7.63836,6.27676],"to":[6.15389,8.03836,7.67676],"rotation":{"angle":45,"axis":"z","origin":[5.6,7.3,7.64649]},"faces":{"north":{"uv":[8,0,8.3125,0.125],"texture":"#2"},"east":{"uv":[2.5,7.5,2.875,7.625],"texture":"#2"},"south":{"uv":[8,0.25,8.3125,0.375],"texture":"#2"},"west":{"uv":[7.5,2.75,7.875,2.875],"texture":"#2"},"up":{"uv":[6.8125,3.625,6.5,3.25],"texture":"#2"},"down":{"uv":[6.8125,4.5,6.5,4.875],"texture":"#2"}}},{"from":[5.06164,7.85389,6.57676],"to":[5.86164,9.75389,7.27676],"rotation":{"angle":0,"axis":"y","origin":[5.6,7.3,7.64649]},"faces":{"north":{"uv":[6.75,2.25,6.9375,2.75],"texture":"#2"},"east":{"uv":[2.75,6.75,2.9375,7.25],"texture":"#2"},"south":{"uv":[3,6.75,3.1875,7.25],"texture":"#2"},"west":{"uv":[3.25,6.75,3.4375,7.25],"texture":"#2"},"up":{"uv":[8.1875,3.1875,8,3],"texture":"#2"},"down":{"uv":[8.1875,3.25,8,3.4375],"texture":"#2"}}},{"from":[10.13836,7.85389,6.57676],"to":[10.93836,9.75389,7.27676],"rotation":{"angle":0,"axis":"y","origin":[10.4,7.3,7.64649]},"faces":{"north":{"uv":[3.5,6.75,3.6875,7.25],"texture":"#2"},"east":{"uv":[3.75,6.75,3.9375,7.25],"texture":"#2"},"south":{"uv":[4,6.75,4.1875,7.25],"texture":"#2"},"west":{"uv":[6.75,4,6.9375,4.5],"texture":"#2"},"up":{"uv":[3.6875,8.1875,3.5,8],"texture":"#2"},"down":{"uv":[8.1875,3.5,8,3.6875],"texture":"#2"}}},{"from":[9.84611,7.63836,6.27676],"to":[11.14611,8.03836,7.67676],"rotation":{"angle":-45,"axis":"z","origin":[10.4,7.3,7.64649]},"faces":{"north":{"uv":[8,0.5,8.3125,0.625],"texture":"#2"},"east":{"uv":[3,7.5,3.375,7.625],"texture":"#2"},"south":{"uv":[0.75,8,1.0625,8.125],"texture":"#2"},"west":{"uv":[7.5,3,7.875,3.125],"texture":"#2"},"up":{"uv":[6.8125,5.375,6.5,5],"texture":"#2"},"down":{"uv":[6.0625,6.5,5.75,6.875],"texture":"#2"}}},{"from":[10.24611,6.93836,6.47676],"to":[11.14611,7.73836,7.47676],"rotation":{"angle":-22.5,"axis":"z","origin":[10.4,7.3,7.64649]},"faces":{"north":{"uv":[7.5,3.25,7.75,3.4375],"texture":"#2"},"east":{"uv":[3.5,7.5,3.75,7.6875],"texture":"#2"},"south":{"uv":[7.5,3.5,7.75,3.6875],"texture":"#2"},"west":{"uv":[3.75,7.5,4,7.6875],"texture":"#2"},"up":{"uv":[7.5,3.75,7.25,3.5],"texture":"#2"},"down":{"uv":[4,7.25,3.75,7.5],"texture":"#2"}}},{"from":[10.14611,4.24213,6.02151],"to":[11.14611,6.64213,7.62151],"rotation":{"angle":22.5,"axis":"x","origin":[10.4,6.5,7.64649]},"faces":{"north":{"uv":[3.5,6,3.75,6.625],"texture":"#2"},"east":{"uv":[3,5.25,3.375,5.875],"texture":"#2"},"south":{"uv":[3.75,6,4,6.625],"texture":"#2"},"west":{"uv":[5.5,0,5.875,0.625],"texture":"#2"},"up":{"uv":[4.5,7.125,4.25,6.75],"texture":"#2"},"down":{"uv":[4.75,6.75,4.5,7.125],"texture":"#2"}}},{"from":[10.04611,5.04213,6.47849],"to":[11.04611,7.44213,8.07849],"rotation":{"angle":-22.5,"axis":"x","origin":[10.4,6.5,8.35351]},"faces":{"north":{"uv":[4,6,4.25,6.625],"texture":"#2"},"east":{"uv":[5.5,0.75,5.875,1.375],"texture":"#2"},"south":{"uv":[4.25,6,4.5,6.625],"texture":"#2"},"west":{"uv":[5.5,1.5,5.875,2.125],"texture":"#2"},"up":{"uv":[5,7.125,4.75,6.75],"texture":"#2"},"down":{"uv":[5.25,6.75,5,7.125],"texture":"#2"}}},{"from":[6.1,8.39792,5.6],"to":[9.9,9.39792,8.9],"rotation":{"angle":0,"axis":"y","origin":[8,1.3,4.4]},"faces":{"north":{"uv":[5.5,2.25,6.4375,2.5],"texture":"#2"},"east":{"uv":[5.75,5.75,6.5625,6],"texture":"#2"},"south":{"uv":[5.5,2.5,6.4375,2.75],"texture":"#2"},"west":{"uv":[0,6,0.8125,6.25],"texture":"#2"},"up":{"uv":[2.9375,3.5625,2,2.75],"texture":"#2"},"down":{"uv":[3.9375,0.75,3,1.5625],"texture":"#2"}}},{"from":[9.5,9.19792,7.3],"to":[9.9,10.89792,7.7],"rotation":{"angle":0,"axis":"y","origin":[8,1.3,4.4]},"faces":{"north":{"uv":[4.5,7.25,4.625,7.6875],"texture":"#2"},"east":{"uv":[4.75,7.25,4.875,7.6875],"texture":"#2"},"south":{"uv":[5,7.25,5.125,7.6875],"texture":"#2"},"west":{"uv":[7.25,6.75,7.375,7.1875],"texture":"#2"},"up":{"uv":[8.375,3.125,8.25,3],"texture":"#2"},"down":{"uv":[3.375,8.25,3.25,8.375],"texture":"#2"}}},{"from":[6.79289,11.20503,7.3],"to":[9.19289,11.60503,7.7],"rotation":{"angle":0,"axis":"y","origin":[7.29289,1.30711,4.4]},"faces":{"north":{"uv":[7,4.25,7.625,4.375],"texture":"#2"},"east":{"uv":[8.25,3.25,8.375,3.375],"texture":"#2"},"south":{"uv":[7,4.5,7.625,4.625],"texture":"#2"},"west":{"uv":[3.5,8.25,3.625,8.375],"texture":"#2"},"up":{"uv":[7.625,4.875,7,4.75],"texture":"#2"},"down":{"uv":[7.625,5,7,5.125],"texture":"#2"}}},{"from":[17.05538,12.45345,7.3],"to":[17.45538,13.45345,7.7],"rotation":{"angle":45,"axis":"z","origin":[15.55538,2.55553,4.4]},"faces":{"north":{"uv":[7.5,8,7.625,8.25],"texture":"#2"},"east":{"uv":[7.75,8,7.875,8.25],"texture":"#2"},"south":{"uv":[8,8,8.125,8.25],"texture":"#2"},"west":{"uv":[0,8.25,0.125,8.5],"texture":"#2"},"up":{"uv":[8.375,3.625,8.25,3.5],"texture":"#2"},"down":{"uv":[3.875,8.25,3.75,8.375],"texture":"#2"}}},{"from":[-1.4696,12.45345,7.3],"to":[-1.0696,13.45345,7.7],"rotation":{"angle":-45,"axis":"z","origin":[0.4304,2.55553,4.4]},"faces":{"north":{"uv":[0.25,8.25,0.375,8.5],"texture":"#2"},"east":{"uv":[0.5,8.25,0.625,8.5],"texture":"#2"},"south":{"uv":[0.75,8.25,0.875,8.5],"texture":"#2"},"west":{"uv":[1,8.25,1.125,8.5],"texture":"#2"},"up":{"uv":[8.375,3.875,8.25,3.75],"texture":"#2"},"down":{"uv":[4.125,8.25,4,8.375],"texture":"#2"}}},{"from":[6.1,9.19792,7.3],"to":[6.5,10.89792,7.7],"rotation":{"angle":0,"axis":"y","origin":[8,1.3,4.4]},"faces":{"north":{"uv":[0.5,7.5,0.625,7.9375],"texture":"#2"},"east":{"uv":[0.75,7.5,0.875,7.9375],"texture":"#2"},"south":{"uv":[1,7.5,1.125,7.9375],"texture":"#2"},"west":{"uv":[1.25,7.5,1.375,7.9375],"texture":"#2"},"up":{"uv":[8.375,4.125,8.25,4],"texture":"#2"},"down":{"uv":[4.375,8.25,4.25,8.375],"texture":"#2"}}},{"from":[5.5,8.79792,5.3],"to":[6.6,9.49792,6.1],"rotation":{"angle":-22.5,"axis":"z","origin":[8,1.3,7.1]},"faces":{"north":{"uv":[5.25,7.5,5.5,7.6875],"texture":"#2"},"east":{"uv":[3.75,8,3.9375,8.1875],"texture":"#2"},"south":{"uv":[5.5,7.5,5.75,7.6875],"texture":"#2"},"west":{"uv":[8,3.75,8.1875,3.9375],"texture":"#2"},"up":{"uv":[7.75,5.6875,7.5,5.5],"texture":"#2"},"down":{"uv":[6,7.5,5.75,7.6875],"texture":"#2"}}},{"from":[4.4,8.39792,5.3],"to":[5.5,9.09792,6.1],"rotation":{"angle":-22.5,"axis":"z","origin":[8,1.3,7.1]},"faces":{"north":{"uv":[6,7.5,6.25,7.6875],"texture":"#2"},"east":{"uv":[4,8,4.1875,8.1875],"texture":"#2"},"south":{"uv":[7.5,6,7.75,6.1875],"texture":"#2"},"west":{"uv":[8,4,8.1875,4.1875],"texture":"#2"},"up":{"uv":[6.5,7.6875,6.25,7.5],"texture":"#2"},"down":{"uv":[6.75,7.5,6.5,7.6875],"texture":"#2"}}},{"from":[3.3,7.89792,5.3],"to":[4.4,8.59792,6.1],"rotation":{"angle":-22.5,"axis":"z","origin":[8,1.3,7.1]},"faces":{"north":{"uv":[6.75,7.5,7,7.6875],"texture":"#2"},"east":{"uv":[4.25,8,4.4375,8.1875],"texture":"#2"},"south":{"uv":[7.5,6.75,7.75,6.9375],"texture":"#2"},"west":{"uv":[8,4.25,8.1875,4.4375],"texture":"#2"},"up":{"uv":[7.25,7.6875,7,7.5],"texture":"#2"},"down":{"uv":[7.75,7,7.5,7.1875],"texture":"#2"}}},{"from":[9.4,9.50688,7.86147],"to":[10.2,10.20688,8.96147],"rotation":{"angle":22.5,"axis":"x","origin":[8,9.3,7.1]},"faces":{"north":{"uv":[4.5,8,4.6875,8.1875],"texture":"#2"},"east":{"uv":[7.25,7.5,7.5,7.6875],"texture":"#2"},"south":{"uv":[8,4.5,8.1875,4.6875],"texture":"#2"},"west":{"uv":[7.5,7.5,7.75,7.6875],"texture":"#2"},"up":{"uv":[0.1875,8,0,7.75],"texture":"#2"},"down":{"uv":[7.9375,0,7.75,0.25],"texture":"#2"}}},{"from":[9.4,9.10688,6.76147],"to":[10.2,9.80688,7.86147],"rotation":{"angle":22.5,"axis":"x","origin":[8,9.3,7.1]},"faces":{"north":{"uv":[4.75,8,4.9375,8.1875],"texture":"#2"},"east":{"uv":[0.25,7.75,0.5,7.9375],"texture":"#2"},"south":{"uv":[8,4.75,8.1875,4.9375],"texture":"#2"},"west":{"uv":[7.75,0.25,8,0.4375],"texture":"#2"},"up":{"uv":[7.9375,0.75,7.75,0.5],"texture":"#2"},"down":{"uv":[7.9375,0.75,7.75,1],"texture":"#2"}}},{"from":[9.4,8.60688,5.66147],"to":[10.2,9.30688,6.76147],"rotation":{"angle":22.5,"axis":"x","origin":[8,9.3,7.1]},"faces":{"north":{"uv":[5,8,5.1875,8.1875],"texture":"#2"},"east":{"uv":[7.75,1,8,1.1875],"texture":"#2"},"south":{"uv":[8,5,8.1875,5.1875],"texture":"#2"},"west":{"uv":[7.75,1.25,8,1.4375],"texture":"#2"},"up":{"uv":[1.6875,8,1.5,7.75],"texture":"#2"},"down":{"uv":[7.9375,1.5,7.75,1.75],"texture":"#2"}}},{"from":[5.8,10.10688,5.63853],"to":[6.6,10.80688,6.73853],"rotation":{"angle":-22.5,"axis":"x","origin":[8,9.3,8.9]},"faces":{"north":{"uv":[5.25,8,5.4375,8.1875],"texture":"#2"},"east":{"uv":[1.75,7.75,2,7.9375],"texture":"#2"},"south":{"uv":[8,5.25,8.1875,5.4375],"texture":"#2"},"west":{"uv":[2,7.75,2.25,7.9375],"texture":"#2"},"up":{"uv":[2.4375,8,2.25,7.75],"texture":"#2"},"down":{"uv":[2.6875,7.75,2.5,8],"texture":"#2"}}},{"from":[5.8,9.70688,6.73853],"to":[6.6,10.40688,7.83853],"rotation":{"angle":-22.5,"axis":"x","origin":[8,9.3,8.9]},"faces":{"north":{"uv":[5.5,8,5.6875,8.1875],"texture":"#2"},"east":{"uv":[2.75,7.75,3,7.9375],"texture":"#2"},"south":{"uv":[5.75,8,5.9375,8.1875],"texture":"#2"},"west":{"uv":[3,7.75,3.25,7.9375],"texture":"#2"},"up":{"uv":[3.4375,8,3.25,7.75],"texture":"#2"},"down":{"uv":[7.9375,3.25,7.75,3.5],"texture":"#2"}}},{"from":[5.8,9.20688,7.83853],"to":[6.6,9.90688,8.93853],"rotation":{"angle":-22.5,"axis":"x","origin":[8,9.3,8.9]},"faces":{"north":{"uv":[6,8,6.1875,8.1875],"texture":"#2"},"east":{"uv":[3.5,7.75,3.75,7.9375],"texture":"#2"},"south":{"uv":[8,6,8.1875,6.1875],"texture":"#2"},"west":{"uv":[7.75,3.5,8,3.6875],"texture":"#2"},"up":{"uv":[3.9375,8,3.75,7.75],"texture":"#2"},"down":{"uv":[7.9375,3.75,7.75,4],"texture":"#2"}}},{"from":[11.6,7.89792,8.4],"to":[12.7,8.59792,9.2],"rotation":{"angle":22.5,"axis":"z","origin":[8,1.3,8.9]},"faces":{"north":{"uv":[4,7.75,4.25,7.9375],"texture":"#2"},"east":{"uv":[6.25,8,6.4375,8.1875],"texture":"#2"},"south":{"uv":[7.75,4,8,4.1875],"texture":"#2"},"west":{"uv":[6.5,8,6.6875,8.1875],"texture":"#2"},"up":{"uv":[4.5,7.9375,4.25,7.75],"texture":"#2"},"down":{"uv":[8,4.25,7.75,4.4375],"texture":"#2"}}},{"from":[10.5,8.39792,8.4],"to":[11.6,9.09792,9.2],"rotation":{"angle":22.5,"axis":"z","origin":[8,1.3,8.9]},"faces":{"north":{"uv":[4.5,7.75,4.75,7.9375],"texture":"#2"},"east":{"uv":[6.75,8,6.9375,8.1875],"texture":"#2"},"south":{"uv":[7.75,4.5,8,4.6875],"texture":"#2"},"west":{"uv":[7,8,7.1875,8.1875],"texture":"#2"},"up":{"uv":[5,7.9375,4.75,7.75],"texture":"#2"},"down":{"uv":[8,4.75,7.75,4.9375],"texture":"#2"}}},{"from":[9.4,8.79792,8.4],"to":[10.5,9.49792,9.2],"rotation":{"angle":22.5,"axis":"z","origin":[8,1.3,8.9]},"faces":{"north":{"uv":[5,7.75,5.25,7.9375],"texture":"#2"},"east":{"uv":[8,7,8.1875,7.1875],"texture":"#2"},"south":{"uv":[7.75,5,8,5.1875],"texture":"#2"},"west":{"uv":[7.25,8,7.4375,8.1875],"texture":"#2"},"up":{"uv":[5.5,7.9375,5.25,7.75],"texture":"#2"},"down":{"uv":[8,5.25,7.75,5.4375],"texture":"#2"}}},{"from":[9.2,-0.30208,6.20503],"to":[10.5,3.19792,9.50503],"rotation":{"angle":-45,"axis":"x","origin":[8,2.2,7.1]},"faces":{"north":{"uv":[0,5,0.3125,5.875],"texture":"#2"},"east":{"uv":[3,1.75,3.8125,2.625],"texture":"#2"},"south":{"uv":[5,0,5.3125,0.875],"texture":"#2"},"west":{"uv":[3,2.75,3.8125,3.625],"texture":"#2"},"up":{"uv":[5.3125,1.8125,5,1],"texture":"#2"},"down":{"uv":[1.8125,5,1.5,5.8125],"texture":"#2"}}},{"from":[8.9,1.30503,6.40208],"to":[10.2,3.30503,6.90208],"rotation":{"angle":22.5,"axis":"y","origin":[8,2.2,7.1]},"faces":{"north":{"uv":[5.75,6,6.0625,6.5],"texture":"#2"},"east":{"uv":[4,7.25,4.125,7.75],"texture":"#2"},"south":{"uv":[0,6.25,0.3125,6.75],"texture":"#2"},"west":{"uv":[4.25,7.25,4.375,7.75],"texture":"#2"},"up":{"uv":[8.3125,0.875,8,0.75],"texture":"#2"},"down":{"uv":[8.3125,1,8,1.125],"texture":"#2"}}},{"from":[9,2.20503,6.20208],"to":[10.1,3.40503,6.80208],"rotation":{"angle":22.5,"axis":"y","origin":[8,2.2,7.1]},"faces":{"north":{"uv":[5.25,7,5.5,7.3125],"texture":"#2"},"east":{"uv":[1.25,8,1.375,8.3125],"texture":"#2"},"south":{"uv":[5.5,7,5.75,7.3125],"texture":"#2"},"west":{"uv":[8,1.25,8.125,1.5625],"texture":"#2"},"up":{"uv":[8.5,1.375,8.25,1.25],"texture":"#2"},"down":{"uv":[1.75,8.25,1.5,8.375],"texture":"#2"}}},{"from":[9.4,2.50503,6.10208],"to":[9.7,2.80503,6.20208],"rotation":{"angle":22.5,"axis":"y","origin":[8,2.2,7.1]},"faces":{"north":{"uv":[7.5,8.25,7.5625,8.3125],"texture":"#2"},"east":{"uv":[7.75,8.25,7.8125,8.3125],"texture":"#2"},"south":{"uv":[8.25,7.75,8.3125,7.8125],"texture":"#2"},"west":{"uv":[8,8.25,8.0625,8.3125],"texture":"#2"},"up":{"uv":[8.3125,8.0625,8.25,8],"texture":"#2"},"down":{"uv":[8.3125,8.25,8.25,8.3125],"texture":"#2"}}},{"from":[5.5,-0.30208,6.20503],"to":[6.8,3.19792,9.50503],"rotation":{"angle":-45,"axis":"x","origin":[8,2.2,7.1]},"faces":{"north":{"uv":[0.5,5,0.8125,5.875],"texture":"#2"},"east":{"uv":[0,3.25,0.8125,4.125],"texture":"#2"},"south":{"uv":[1,5,1.3125,5.875],"texture":"#2"},"west":{"uv":[1,3.25,1.8125,4.125],"texture":"#2"},"up":{"uv":[5.3125,2.8125,5,2],"texture":"#2"},"down":{"uv":[3.8125,5,3.5,5.8125],"texture":"#2"}}},{"from":[4,-0.10208,6.40503],"to":[12,2.89792,9.40503],"rotation":{"angle":-45,"axis":"x","origin":[8,2.2,7.1]},"faces":{"north":{"uv":[0,0,2,0.75],"texture":"#2"},"east":{"uv":[4,3,4.75,3.75],"texture":"#2"},"south":{"uv":[0,0.75,2,1.5],"texture":"#2"},"west":{"uv":[4,3.75,4.75,4.5],"texture":"#2"},"up":{"uv":[2,2.25,0,1.5],"texture":"#2"},"down":{"uv":[4,0,2,0.75],"texture":"#2"}}},{"from":[5.5,3.30503,8.50208],"to":[6,8.30503,9.00208],"rotation":{"angle":0,"axis":"y","origin":[8,2.2,7.1]},"faces":{"north":{"uv":[0.5,6.25,0.625,7.5],"texture":"#2"},"east":{"uv":[0.75,6.25,0.875,7.5],"texture":"#2"},"south":{"uv":[1,6.25,1.125,7.5],"texture":"#2"},"west":{"uv":[1.25,6.25,1.375,7.5],"texture":"#2"},"up":{"uv":[8.375,4.375,8.25,4.25],"texture":"#2"},"down":{"uv":[4.625,8.25,4.5,8.375],"texture":"#2"}}},{"from":[4.8,6.80503,8.80208],"to":[11.2,7.40503,9.30208],"rotation":{"angle":22.5,"axis":"x","origin":[8,7.2,9.1]},"faces":{"north":{"uv":[6,0,7.625,0.125],"texture":"#2"},"east":{"uv":[8.25,4.5,8.375,4.625],"texture":"#2"},"south":{"uv":[6,0.25,7.625,0.375],"texture":"#2"},"west":{"uv":[4.75,8.25,4.875,8.375],"texture":"#2"},"up":{"uv":[7.625,0.625,6,0.5],"texture":"#2"},"down":{"uv":[7.625,0.75,6,0.875],"texture":"#2"}}},{"from":[5.3,7.10503,8.10208],"to":[6.3,7.50503,9.40208],"rotation":{"angle":22.5,"axis":"x","origin":[8,7.2,9.1]},"faces":{"north":{"uv":[8.25,1.5,8.5,1.625],"texture":"#2"},"east":{"uv":[1.5,8,1.8125,8.125],"texture":"#2"},"south":{"uv":[1.75,8.25,2,8.375],"texture":"#2"},"west":{"uv":[8,1.75,8.3125,1.875],"texture":"#2"},"up":{"uv":[6,7.3125,5.75,7],"texture":"#2"},"down":{"uv":[6.25,7,6,7.3125],"texture":"#2"}}},{"from":[9.7,7.10503,8.10208],"to":[10.7,7.50503,9.40208],"rotation":{"angle":22.5,"axis":"x","origin":[8,7.2,9.1]},"faces":{"north":{"uv":[2,8.25,2.25,8.375],"texture":"#2"},"east":{"uv":[2,8,2.3125,8.125],"texture":"#2"},"south":{"uv":[2.25,8.25,2.5,8.375],"texture":"#2"},"west":{"uv":[8,2,8.3125,2.125],"texture":"#2"},"up":{"uv":[6.5,7.3125,6.25,7],"texture":"#2"},"down":{"uv":[7.25,6.25,7,6.5625],"texture":"#2"}}},{"from":[5.3,4.50503,8.90208],"to":[6.3,4.90503,10.20208],"rotation":{"angle":22.5,"axis":"x","origin":[8,7.2,9.1]},"faces":{"north":{"uv":[2.5,8.25,2.75,8.375],"texture":"#2"},"east":{"uv":[8,2.25,8.3125,2.375],"texture":"#2"},"south":{"uv":[8.25,2.5,8.5,2.625],"texture":"#2"},"west":{"uv":[2.5,8,2.8125,8.125],"texture":"#2"},"up":{"uv":[6.75,7.3125,6.5,7],"texture":"#2"},"down":{"uv":[7.25,6.75,7,7.0625],"texture":"#2"}}},{"from":[4.8,4.20503,9.60208],"to":[11.2,4.80503,10.10208],"rotation":{"angle":22.5,"axis":"x","origin":[8,7.2,9.1]},"faces":{"north":{"uv":[1,6,2.625,6.125],"texture":"#2"},"east":{"uv":[8.25,4.75,8.375,4.875],"texture":"#2"},"south":{"uv":[6,1,7.625,1.125],"texture":"#2"},"west":{"uv":[5,8.25,5.125,8.375],"texture":"#2"},"up":{"uv":[7.625,1.375,6,1.25],"texture":"#2"},"down":{"uv":[7.625,1.5,6,1.625],"texture":"#2"}}},{"from":[9.7,4.50503,8.90208],"to":[10.7,4.90503,10.20208],"rotation":{"angle":22.5,"axis":"x","origin":[8,7.2,9.1]},"faces":{"north":{"uv":[2.75,8.25,3,8.375],"texture":"#2"},"east":{"uv":[8,2.75,8.3125,2.875],"texture":"#2"},"south":{"uv":[3,8.25,3.25,8.375],"texture":"#2"},"west":{"uv":[3,8,3.3125,8.125],"texture":"#2"},"up":{"uv":[0.25,7.5625,0,7.25],"texture":"#2"},"down":{"uv":[0.5,7.25,0.25,7.5625],"texture":"#2"}}},{"from":[10,3.30503,8.50208],"to":[10.5,8.30503,9.00208],"rotation":{"angle":0,"axis":"y","origin":[8,2.2,7.1]},"faces":{"north":{"uv":[1.5,6.25,1.625,7.5],"texture":"#2"},"east":{"uv":[1.75,6.25,1.875,7.5],"texture":"#2"},"south":{"uv":[2,6.25,2.125,7.5],"texture":"#2"},"west":{"uv":[2.25,6.25,2.375,7.5],"texture":"#2"},"up":{"uv":[8.375,5.125,8.25,5],"texture":"#2"},"down":{"uv":[5.375,8.25,5.25,8.375],"texture":"#2"}}},{"from":[6,3.99792,6.20503],"to":[10,4.19792,8.90503],"rotation":{"angle":-22.5,"axis":"x","origin":[8,2.2,7.1]},"faces":{"north":{"uv":[7.25,5.75,8.25,5.8125],"texture":"#2"},"east":{"uv":[7.75,7.5,8.4375,7.5625],"texture":"#2"},"south":{"uv":[7.25,6.25,8.25,6.3125],"texture":"#2"},"west":{"uv":[0,8,0.6875,8.0625],"texture":"#2"},"up":{"uv":[5,0.6875,4,0],"texture":"#2"},"down":{"uv":[5,0.75,4,1.4375],"texture":"#2"}}},{"from":[6,4.19792,6.20503],"to":[10,4.69792,6.40503],"rotation":{"angle":-22.5,"axis":"x","origin":[8,2.2,7.1]},"faces":{"north":{"uv":[6,3.75,7,3.875],"texture":"#2"},"east":{"uv":[8.25,7,8.3125,7.125],"texture":"#2"},"south":{"uv":[6.5,3,7.5,3.125],"texture":"#2"},"west":{"uv":[7.25,8.25,7.3125,8.375],"texture":"#2"},"up":{"uv":[8.25,6.5625,7.25,6.5],"texture":"#2"},"down":{"uv":[7.75,7.25,6.75,7.3125],"texture":"#2"}}},{"from":[6.1,4.19792,6.40503],"to":[9.9,4.69792,8.80503],"rotation":{"angle":-22.5,"axis":"x","origin":[8,2.2,7.1]},"faces":{"north":{"uv":[6.5,5.5,7.4375,5.625],"texture":"#2"},"east":{"uv":[7,5.25,7.625,5.375],"texture":"#2"},"south":{"uv":[6.5,6,7.4375,6.125],"texture":"#2"},"west":{"uv":[7.25,1.75,7.875,1.875],"texture":"#2"},"up":{"uv":[4.9375,2.125,4,1.5],"texture":"#2"},"down":{"uv":[4.9375,2.25,4,2.875],"texture":"#2"}}},{"from":[7.7,4.89792,6.10503],"to":[8.4,4.99792,9.00503],"rotation":{"angle":-22.5,"axis":"x","origin":[8,2.2,7.1]},"faces":{"north":{"uv":[6,8.25,6.1875,8.3125],"texture":"#2"},"east":{"uv":[5.5,7.75,6.25,7.8125],"texture":"#2"},"south":{"uv":[8.25,6,8.4375,6.0625],"texture":"#2"},"west":{"uv":[7.75,5.5,8.5,5.5625],"texture":"#2"},"up":{"uv":[2.6875,7,2.5,6.25],"texture":"#2"},"down":{"uv":[6.4375,3,6.25,3.75],"texture":"#2"}}},{"from":[7.7,3.99792,6.10503],"to":[8.4,4.89792,6.20503],"rotation":{"angle":-22.5,"axis":"x","origin":[8,2.2,7.1]},"faces":{"north":{"uv":[7.75,6,7.9375,6.25],"texture":"#2"},"east":{"uv":[8.25,5.25,8.3125,5.5],"texture":"#2"},"south":{"uv":[6.25,7.75,6.4375,8],"texture":"#2"},"west":{"uv":[5.5,8.25,5.5625,8.5],"texture":"#2"},"up":{"uv":[6.4375,8.3125,6.25,8.25],"texture":"#2"},"down":{"uv":[8.4375,6.25,8.25,6.3125],"texture":"#2"}}},{"from":[7.7,3.89792,6.10503],"to":[8.4,3.99792,9.00503],"rotation":{"angle":-22.5,"axis":"x","origin":[8,2.2,7.1]},"faces":{"north":{"uv":[6.5,8.25,6.6875,8.3125],"texture":"#2"},"east":{"uv":[6.5,7.75,7.25,7.8125],"texture":"#2"},"south":{"uv":[8.25,6.5,8.4375,6.5625],"texture":"#2"},"west":{"uv":[7.75,6.75,8.5,6.8125],"texture":"#2"},"up":{"uv":[6.4375,6.75,6.25,6],"texture":"#2"},"down":{"uv":[6.6875,2.25,6.5,3],"texture":"#2"}}},{"from":[7.7,3.99792,8.90503],"to":[8.4,4.89792,9.00503],"rotation":{"angle":-22.5,"axis":"x","origin":[8,2.2,7.1]},"faces":{"north":{"uv":[7.75,7,7.9375,7.25],"texture":"#2"},"east":{"uv":[5.75,8.25,5.8125,8.5],"texture":"#2"},"south":{"uv":[7.25,7.75,7.4375,8],"texture":"#2"},"west":{"uv":[8.25,5.75,8.3125,6],"texture":"#2"},"up":{"uv":[6.9375,8.3125,6.75,8.25],"texture":"#2"},"down":{"uv":[7.1875,8.25,7,8.3125],"texture":"#2"}}},{"from":[7.5,7.48118,6.61257],"to":[8.5,11.48118,6.61257],"rotation":{"angle":-45,"axis":"x","origin":[8,9,6]},"faces":{"north":{"uv":[4,5,4.25,6],"texture":"#2"},"east":{"uv":[0,0,0,1],"texture":"#2"},"south":{"uv":[4.25,5,4.5,6],"texture":"#2"},"west":{"uv":[0,0,0,1],"texture":"#2"},"up":{"uv":[0.25,0,0,0],"texture":"#2"},"down":{"uv":[0.25,0,0,0],"texture":"#2"}}},{"from":[7.34781,9.61716,6.4],"to":[10.94781,9.61716,7.4],"rotation":{"angle":45,"axis":"z","origin":[9.1,9.5,7.3]},"faces":{"north":{"uv":[0,0,0.875,0],"texture":"#2"},"east":{"uv":[0,0,0.25,0],"texture":"#2"},"south":{"uv":[0,0,0.875,0],"texture":"#2"},"west":{"uv":[0,0,0.25,0],"texture":"#2"},"up":{"uv":[6.375,5,5.5,4.75],"texture":"#2"},"down":{"uv":[6.375,5,5.5,5.25],"texture":"#2"}}},{"from":[9.69797,11.25137,6.4],"to":[11.29797,11.25137,7.4],"rotation":{"angle":-22.5,"axis":"z","origin":[9.1,9.5,7.3]},"faces":{"north":{"uv":[0,0,0.375,0],"texture":"#2"},"east":{"uv":[0,0,0.25,0],"texture":"#2"},"south":{"uv":[0,0,0.375,0],"texture":"#2"},"west":{"uv":[0,0,0.25,0],"texture":"#2"},"up":{"uv":[7.125,3,6.75,2.75],"texture":"#2"},"down":{"uv":[5.625,6.75,5.25,7],"texture":"#2"}}},{"from":[7.34781,9.61716,7.4],"to":[10.94781,9.61716,8.4],"rotation":{"angle":45,"axis":"z","origin":[9.1,9.5,7.3]},"faces":{"north":{"uv":[0,0,0.875,0],"texture":"#2"},"east":{"uv":[0,0,0.25,0],"texture":"#2"},"south":{"uv":[0,0,0.875,0],"texture":"#2"},"west":{"uv":[0,0,0.25,0],"texture":"#2"},"up":{"uv":[6.375,5.5,5.5,5.25],"texture":"#2"},"down":{"uv":[6.375,5.5,5.5,5.75],"texture":"#2"}}},{"from":[9.69797,11.25137,7.4],"to":[11.29797,11.25137,8.4],"rotation":{"angle":-22.5,"axis":"z","origin":[9.1,9.5,7.3]},"faces":{"north":{"uv":[0,0,0.375,0],"texture":"#2"},"east":{"uv":[0,0,0.25,0],"texture":"#2"},"south":{"uv":[0,0,0.375,0],"texture":"#2"},"west":{"uv":[0,0,0.25,0],"texture":"#2"},"up":{"uv":[7.125,6,6.75,5.75],"texture":"#2"},"down":{"uv":[6.625,6.75,6.25,7],"texture":"#2"}}},{"from":[8.7,7.669,6.45889],"to":[9.7,11.269,6.45889],"rotation":{"angle":-22.5,"axis":"x","origin":[9.1,9.5,7.3]},"faces":{"north":{"uv":[5.75,3,6,3.875],"texture":"#2"},"east":{"uv":[0,0,0,0.875],"texture":"#2"},"south":{"uv":[4.5,5.75,4.75,6.625],"texture":"#2"},"west":{"uv":[0,0,0,0.875],"texture":"#2"},"up":{"uv":[0.25,0,0,0],"texture":"#2"},"down":{"uv":[0.25,0,0,0],"texture":"#2"}}},{"from":[8.7,11.268,4.85989],"to":[9.7,11.268,6.45989],"rotation":{"angle":-22.5,"axis":"x","origin":[9.1,9.5,7.3]},"faces":{"north":{"uv":[0,0,0.25,0],"texture":"#2"},"east":{"uv":[0,0,0.375,0],"texture":"#2"},"south":{"uv":[0,0,0.25,0],"texture":"#2"},"west":{"uv":[0,0,0.375,0],"texture":"#2"},"up":{"uv":[7,6.625,6.75,6.25],"texture":"#2"},"down":{"uv":[7,6.75,6.75,7.125],"texture":"#2"}}},{"from":[6.52509,7.23618,6.57827],"to":[7.52509,10.83618,6.57827],"rotation":{"angle":-45,"axis":"x","origin":[7.82509,9.28836,6.86111]},"faces":{"north":{"uv":[4.75,5.75,5,6.625],"texture":"#2"},"east":{"uv":[0,0,0,0.875],"texture":"#2"},"south":{"uv":[5,5.75,5.25,6.625],"texture":"#2"},"west":{"uv":[0,0,0,0.875],"texture":"#2"},"up":{"uv":[0.25,0,0,0],"texture":"#2"},"down":{"uv":[0.25,0,0,0],"texture":"#2"}}},{"from":[7.52509,7.23618,6.57827],"to":[8.52509,10.83618,6.57827],"rotation":{"angle":-45,"axis":"x","origin":[7.82509,9.28836,6.86111]},"faces":{"north":{"uv":[5.25,5.75,5.5,6.625],"texture":"#2"},"east":{"uv":[0,0,0,0.875],"texture":"#2"},"south":{"uv":[5.5,5.75,5.75,6.625],"texture":"#2"},"west":{"uv":[0,0,0,0.875],"texture":"#2"},"up":{"uv":[0.25,0,0,0],"texture":"#2"},"down":{"uv":[0.25,0,0,0],"texture":"#2"}}},{"from":[7.52509,11.3136,4.70203],"to":[8.52509,11.3136,6.30203],"rotation":{"angle":-45,"axis":"x","origin":[7.82509,9.86222,7.3]},"faces":{"north":{"uv":[0,0,0.25,0],"texture":"#2"},"east":{"uv":[0,0,0.375,0],"texture":"#2"},"south":{"uv":[0,0,0.25,0],"texture":"#2"},"west":{"uv":[0,0,0.375,0],"texture":"#2"},"up":{"uv":[7.25,2.125,7,1.75],"texture":"#2"},"down":{"uv":[7.25,2.25,7,2.625],"texture":"#2"}}},{"from":[6.52509,11.3136,4.70203],"to":[7.52509,11.3136,6.30203],"rotation":{"angle":-45,"axis":"x","origin":[7.82509,9.86222,7.3]},"faces":{"north":{"uv":[0,0,0.25,0],"texture":"#2"},"east":{"uv":[0,0,0.375,0],"texture":"#2"},"south":{"uv":[0,0,0.25,0],"texture":"#2"},"west":{"uv":[0,0,0.375,0],"texture":"#2"},"up":{"uv":[2.75,7.375,2.5,7],"texture":"#2"},"down":{"uv":[7.25,3.25,7,3.625],"texture":"#2"}}}],"gui_light":"front","display":{"thirdperson_righthand":{"rotation":[57,180,0],"translation":[0,1.5,0.25],"scale":[0.59766,0.59766,0.59766]},"thirdperson_lefthand":{"rotation":[-113.02,0,-180],"translation":[-6,-5.38,11],"scale":[1.23516,1.23516,1.23516]},"firstperson_righthand":{"translation":[0,2.25,0],"scale":[1.18164,1.18164,1.18164]},"firstperson_lefthand":{"translation":[0,2.25,0],"scale":[0,0,0]},"ground":{"translation":[0,6.75,0],"scale":[0.9,0.9,0.9]},"gui":{"translation":[0,2.75,0],"scale":[1.23828,1.23828,1.23828]},"head":{"rotation":[0,180,0],"translation":[0,-46.25,5.75],"scale":[2,2,2]},"fixed":{"rotation":[-90,180,0],"translation":[-0.25,0.75,-20.5],"scale":[2.5,2.5,2.5]}}}