{"credit":"MadewithBlockbench","texture_size":[64,64],"textures":{"3":"elitecreatures:adventure_backpack_cosmetic/texture_12"},"elements":[{"from":[4.5,-15,5.8],"to":[11.5,-5,9],"rotation":{"angle":0,"axis":"y","origin":[8,-8.91404,6.225]},"faces":{"north":{"uv":[0,0,1.75,2.5],"texture":"#3"},"east":{"uv":[0,2.5,0.8125,5],"texture":"#3"},"south":{"uv":[1.75,0,3.5,2.5],"texture":"#3"},"west":{"uv":[1,2.5,1.8125,5],"texture":"#3"},"up":{"uv":[5.25,0.8125,3.5,0],"texture":"#3"},"down":{"uv":[5.25,1,3.5,1.8125],"texture":"#3"}}},{"from":[11.5,-15,8.7],"to":[11.8,-5,9],"rotation":{"angle":0,"axis":"y","origin":[8,-8.91404,6.225]},"faces":{"north":{"uv":[7,5.75,7.0625,8.25],"texture":"#3"},"east":{"uv":[6.5,7,6.5625,9.5],"texture":"#3"},"south":{"uv":[6.75,7,6.8125,9.5],"texture":"#3"},"west":{"uv":[0,7.25,0.0625,9.75],"texture":"#3"},"up":{"uv":[2.0625,10.0625,2,10],"texture":"#3"},"down":{"uv":[10.0625,2,10,2.0625],"texture":"#3"}}},{"from":[4.2,-15,8.7],"to":[4.5,-5,9],"rotation":{"angle":0,"axis":"y","origin":[8,-8.91404,6.225]},"faces":{"north":{"uv":[0.25,7.25,0.3125,9.75],"texture":"#3"},"east":{"uv":[7.25,0.5,7.3125,3],"texture":"#3"},"south":{"uv":[3,7.25,3.0625,9.75],"texture":"#3"},"west":{"uv":[3.25,7.25,3.3125,9.75],"texture":"#3"},"up":{"uv":[2.3125,10.0625,2.25,10],"texture":"#3"},"down":{"uv":[10.0625,2.25,10,2.3125],"texture":"#3"}}},{"from":[4.5,-6.45227,10.04834],"to":[11.5,-4.85227,10.24834],"rotation":{"angle":-22.5,"axis":"x","origin":[8,-8.91404,6.225]},"faces":{"north":{"uv":[1.25,5,3,5.375],"texture":"#3"},"east":{"uv":[9.25,5.75,9.3125,6.125],"texture":"#3"},"south":{"uv":[5,4.5,6.75,4.875],"texture":"#3"},"west":{"uv":[6,9.25,6.0625,9.625],"texture":"#3"},"up":{"uv":[9.25,2.8125,7.5,2.75],"texture":"#3"},"down":{"uv":[9.25,5.5,7.5,5.5625],"texture":"#3"}}},{"from":[4.5,-3.82179,5.38771],"to":[11.5,-3.62179,8.38771],"rotation":{"angle":0,"axis":"y","origin":[8,-8.91404,6.225]},"faces":{"north":{"uv":[7.75,0.5,9.5,0.5625],"texture":"#3"},"east":{"uv":[8.25,7.75,9,7.8125],"texture":"#3"},"south":{"uv":[7.75,0.75,9.5,0.8125],"texture":"#3"},"west":{"uv":[8,8.25,8.75,8.3125],"texture":"#3"},"up":{"uv":[3.75,4.5,2,3.75],"texture":"#3"},"down":{"uv":[5.5,3.75,3.75,4.5],"texture":"#3"}}},{"from":[4.5,-5.84506,3.42618],"to":[11.5,-4.34506,3.62618],"rotation":{"angle":22.5,"axis":"x","origin":[8,-8.91404,6.225]},"faces":{"north":{"uv":[5,5,6.75,5.375],"texture":"#3"},"east":{"uv":[6.25,9.25,6.3125,9.625],"texture":"#3"},"south":{"uv":[5.25,0,7,0.375],"texture":"#3"},"west":{"uv":[9.25,6.25,9.3125,6.625],"texture":"#3"},"up":{"uv":[9.5,1.0625,7.75,1],"texture":"#3"},"down":{"uv":[9.5,1.25,7.75,1.3125],"texture":"#3"}}},{"from":[4.5,-7.00761,4.81368],"to":[11.5,-5.00761,5.01368],"rotation":{"angle":0,"axis":"y","origin":[8,-8.91404,6.225]},"faces":{"north":{"uv":[3.5,2,5.25,2.5],"texture":"#3"},"east":{"uv":[8.75,3,8.8125,3.5],"texture":"#3"},"south":{"uv":[2,4.5,3.75,5],"texture":"#3"},"west":{"uv":[4,8.75,4.0625,9.25],"texture":"#3"},"up":{"uv":[9.5,1.5625,7.75,1.5],"texture":"#3"},"down":{"uv":[9.5,1.75,7.75,1.8125],"texture":"#3"}}},{"from":[10.37828,-7.6915,4.67541],"to":[10.77828,-5.6915,4.97541],"rotation":{"angle":-22.5,"axis":"z","origin":[8,-8.91404,6.225]},"faces":{"north":{"uv":[5.25,8,5.375,8.5],"texture":"#3"},"east":{"uv":[4.25,8.75,4.3125,9.25],"texture":"#3"},"south":{"uv":[8,7.75,8.125,8.25],"texture":"#3"},"west":{"uv":[4.5,8.75,4.5625,9.25],"texture":"#3"},"up":{"uv":[9.875,3.8125,9.75,3.75],"texture":"#3"},"down":{"uv":[4.125,9.75,4,9.8125],"texture":"#3"}}},{"from":[5.22172,-7.6915,4.67541],"to":[5.62172,-5.6915,4.97541],"rotation":{"angle":22.5,"axis":"z","origin":[8,-8.91404,6.225]},"faces":{"north":{"uv":[8.25,0,8.375,0.5],"texture":"#3"},"east":{"uv":[4.75,8.75,4.8125,9.25],"texture":"#3"},"south":{"uv":[0.5,8.25,0.625,8.75],"texture":"#3"},"west":{"uv":[8.75,4.75,8.8125,5.25],"texture":"#3"},"up":{"uv":[9.875,4.0625,9.75,4],"texture":"#3"},"down":{"uv":[4.375,9.75,4.25,9.8125],"texture":"#3"}}},{"from":[5,-8.84776,4.67],"to":[11,-8.24776,4.97],"rotation":{"angle":0,"axis":"y","origin":[8,-8.91404,6.225]},"faces":{"north":{"uv":[6.75,4,8.25,4.125],"texture":"#3"},"east":{"uv":[9.75,4.25,9.8125,4.375],"texture":"#3"},"south":{"uv":[6.75,4.25,8.25,4.375],"texture":"#3"},"west":{"uv":[4.5,9.75,4.5625,9.875],"texture":"#3"},"up":{"uv":[9.25,3.8125,7.75,3.75],"texture":"#3"},"down":{"uv":[9.25,4.5,7.75,4.5625],"texture":"#3"}}},{"from":[11.5,-7,4.67541],"to":[11.8,-5,4.97541],"rotation":{"angle":0,"axis":"y","origin":[8,-8.91404,6.225]},"faces":{"north":{"uv":[5.25,8.75,5.3125,9.25],"texture":"#3"},"east":{"uv":[5.5,8.75,5.5625,9.25],"texture":"#3"},"south":{"uv":[5.75,8.75,5.8125,9.25],"texture":"#3"},"west":{"uv":[8.75,5.75,8.8125,6.25],"texture":"#3"},"up":{"uv":[2.5625,10.0625,2.5,10],"texture":"#3"},"down":{"uv":[10.0625,2.5,10,2.5625],"texture":"#3"}}},{"from":[11.5,-5.89094,3.29553],"to":[11.8,-4.29094,3.59553],"rotation":{"angle":22.5,"axis":"x","origin":[8,-8.91404,6.225]},"faces":{"north":{"uv":[9.25,6.75,9.3125,7.125],"texture":"#3"},"east":{"uv":[7,9.25,7.0625,9.625],"texture":"#3"},"south":{"uv":[7.25,9.25,7.3125,9.625],"texture":"#3"},"west":{"uv":[9.25,7.25,9.3125,7.625],"texture":"#3"},"up":{"uv":[2.8125,10.0625,2.75,10],"texture":"#3"},"down":{"uv":[10.0625,2.75,10,2.8125],"texture":"#3"}}},{"from":[11.5,-3.82179,5.28771],"to":[11.8,-3.52179,8.38771],"rotation":{"angle":0,"axis":"y","origin":[8,-8.91404,6.225]},"faces":{"north":{"uv":[3,10,3.0625,10.0625],"texture":"#3"},"east":{"uv":[8.25,8,9,8.0625],"texture":"#3"},"south":{"uv":[10,3,10.0625,3.0625],"texture":"#3"},"west":{"uv":[8.5,0,9.25,0.0625],"texture":"#3"},"up":{"uv":[1.3125,9.25,1.25,8.5],"texture":"#3"},"down":{"uv":[1.5625,8.5,1.5,9.25],"texture":"#3"}}},{"from":[11.5,-6.35988,9.9866],"to":[11.8,-4.75988,10.2866],"rotation":{"angle":-22.5,"axis":"x","origin":[8,-8.91404,6.225]},"faces":{"north":{"uv":[7.5,9.25,7.5625,9.625],"texture":"#3"},"east":{"uv":[7.75,9.25,7.8125,9.625],"texture":"#3"},"south":{"uv":[9.25,7.75,9.3125,8.125],"texture":"#3"},"west":{"uv":[8,9.25,8.0625,9.625],"texture":"#3"},"up":{"uv":[3.3125,10.0625,3.25,10],"texture":"#3"},"down":{"uv":[10.0625,3.25,10,3.3125],"texture":"#3"}}},{"from":[4.2,-7,4.67541],"to":[4.5,-5,4.97541],"rotation":{"angle":0,"axis":"y","origin":[8,-8.91404,6.225]},"faces":{"north":{"uv":[6,8.75,6.0625,9.25],"texture":"#3"},"east":{"uv":[6.25,8.75,6.3125,9.25],"texture":"#3"},"south":{"uv":[8.75,6.25,8.8125,6.75],"texture":"#3"},"west":{"uv":[8.75,6.75,8.8125,7.25],"texture":"#3"},"up":{"uv":[3.5625,10.0625,3.5,10],"texture":"#3"},"down":{"uv":[10.0625,3.5,10,3.5625],"texture":"#3"}}},{"from":[4.2,-5.89094,3.29553],"to":[4.5,-4.29094,3.59553],"rotation":{"angle":22.5,"axis":"x","origin":[8,-8.91404,6.225]},"faces":{"north":{"uv":[8.25,9.25,8.3125,9.625],"texture":"#3"},"east":{"uv":[9.25,8.25,9.3125,8.625],"texture":"#3"},"south":{"uv":[8.5,9.25,8.5625,9.625],"texture":"#3"},"west":{"uv":[9.25,8.75,9.3125,9.125],"texture":"#3"},"up":{"uv":[3.8125,10.0625,3.75,10],"texture":"#3"},"down":{"uv":[10.0625,3.75,10,3.8125],"texture":"#3"}}},{"from":[4.2,-6.35988,9.9866],"to":[4.5,-4.75988,10.2866],"rotation":{"angle":-22.5,"axis":"x","origin":[8,-8.91404,6.225]},"faces":{"north":{"uv":[9,9.25,9.0625,9.625],"texture":"#3"},"east":{"uv":[9.25,9.25,9.3125,9.625],"texture":"#3"},"south":{"uv":[9.5,0,9.5625,0.375],"texture":"#3"},"west":{"uv":[0.5,9.5,0.5625,9.875],"texture":"#3"},"up":{"uv":[4.0625,10.0625,4,10],"texture":"#3"},"down":{"uv":[10.0625,4,10,4.0625],"texture":"#3"}}},{"from":[4.5,-8.80761,4.81368],"to":[11.5,-7.00761,4.91368],"rotation":{"angle":0,"axis":"y","origin":[8,-8.91404,6.225]},"faces":{"north":{"uv":[4.5,2.5,6.25,2.9375],"texture":"#3"},"east":{"uv":[9.25,3.75,9.3125,4.1875],"texture":"#3"},"south":{"uv":[4.5,3,6.25,3.4375],"texture":"#3"},"west":{"uv":[4,9.25,4.0625,9.6875],"texture":"#3"},"up":{"uv":[9.5,2.0625,7.75,2],"texture":"#3"},"down":{"uv":[9.5,3.5,7.75,3.5625],"texture":"#3"}}},{"from":[7.5,-5.84506,3.12618],"to":[8.5,-4.84506,3.42618],"rotation":{"angle":22.5,"axis":"x","origin":[8,-8.91404,6.225]},"faces":{"north":{"uv":[5.25,3.5,5.5,3.75],"texture":"#3"},"east":{"uv":[2.25,9.5,2.3125,9.75],"texture":"#3"},"south":{"uv":[3.5,6,3.75,6.25],"texture":"#3"},"west":{"uv":[9.5,2.25,9.5625,2.5],"texture":"#3"},"up":{"uv":[2.75,9.5625,2.5,9.5],"texture":"#3"},"down":{"uv":[9.75,2.5,9.5,2.5625],"texture":"#3"}}},{"from":[7.7,-3.70699,5.31054],"to":[8.3,-3.50699,8.31054],"rotation":{"angle":0,"axis":"y","origin":[8,-8.91404,6.225]},"faces":{"north":{"uv":[9.75,4.5,9.875,4.5625],"texture":"#3"},"east":{"uv":[8.5,0.25,9.25,0.3125],"texture":"#3"},"south":{"uv":[4.75,9.75,4.875,9.8125],"texture":"#3"},"west":{"uv":[1.75,8.5,2.5,8.5625],"texture":"#3"},"up":{"uv":[6.375,8.5,6.25,7.75],"texture":"#3"},"down":{"uv":[7.875,6.5,7.75,7.25],"texture":"#3"}}},{"from":[7.7,-5.76852,3.31096],"to":[8.3,-4.26852,3.51096],"rotation":{"angle":22.5,"axis":"x","origin":[8,-8.91404,6.225]},"faces":{"north":{"uv":[8.5,2.25,8.625,2.625],"texture":"#3"},"east":{"uv":[9.5,0.5,9.5625,0.875],"texture":"#3"},"south":{"uv":[2.5,8.5,2.625,8.875],"texture":"#3"},"west":{"uv":[9.5,1,9.5625,1.375],"texture":"#3"},"up":{"uv":[9.875,4.8125,9.75,4.75],"texture":"#3"},"down":{"uv":[5.125,9.75,5,9.8125],"texture":"#3"}}},{"from":[4.68921,-7.88954,4.67541],"to":[5.28921,-6.08954,4.97541],"rotation":{"angle":-45,"axis":"z","origin":[8,-8.91404,6.225]},"faces":{"north":{"uv":[5.5,8.25,5.625,8.6875],"texture":"#3"},"east":{"uv":[4.25,9.25,4.3125,9.6875],"texture":"#3"},"south":{"uv":[5.75,8.25,5.875,8.6875],"texture":"#3"},"west":{"uv":[9.25,4.25,9.3125,4.6875],"texture":"#3"},"up":{"uv":[9.875,5.0625,9.75,5],"texture":"#3"},"down":{"uv":[5.375,9.75,5.25,9.8125],"texture":"#3"}}},{"from":[10.71079,-7.88954,4.67541],"to":[11.31079,-6.08954,4.97541],"rotation":{"angle":45,"axis":"z","origin":[8,-8.91404,6.225]},"faces":{"north":{"uv":[7,8.25,7.125,8.6875],"texture":"#3"},"east":{"uv":[4.5,9.25,4.5625,9.6875],"texture":"#3"},"south":{"uv":[7.25,8.25,7.375,8.6875],"texture":"#3"},"west":{"uv":[4.75,9.25,4.8125,9.6875],"texture":"#3"},"up":{"uv":[9.875,5.3125,9.75,5.25],"texture":"#3"},"down":{"uv":[5.625,9.75,5.5,9.8125],"texture":"#3"}}},{"from":[9,-8.6,4.57541],"to":[9.7,-5.8,4.77541],"rotation":{"angle":0,"axis":"y","origin":[8,-8.91404,6.225]},"faces":{"north":{"uv":[0.5,7.5,0.6875,8.1875],"texture":"#3"},"east":{"uv":[8,8.5,8.0625,9.1875],"texture":"#3"},"south":{"uv":[7.5,0.5,7.6875,1.1875],"texture":"#3"},"west":{"uv":[8.25,8.5,8.3125,9.1875],"texture":"#3"},"up":{"uv":[9.9375,1.0625,9.75,1],"texture":"#3"},"down":{"uv":[1.4375,9.75,1.25,9.8125],"texture":"#3"}}},{"from":[8.9,-7,4.47541],"to":[9.8,-6.4,4.97541],"rotation":{"angle":0,"axis":"y","origin":[8,-8.91404,6.225]},"faces":{"north":{"uv":[8.75,2.5,9,2.625],"texture":"#3"},"east":{"uv":[2.75,9.5,2.875,9.625],"texture":"#3"},"south":{"uv":[8.75,5.25,9,5.375],"texture":"#3"},"west":{"uv":[9.5,2.75,9.625,2.875],"texture":"#3"},"up":{"uv":[7.25,8.875,7,8.75],"texture":"#3"},"down":{"uv":[7.5,8.75,7.25,8.875],"texture":"#3"}}},{"from":[6.2,-7,4.47541],"to":[7.1,-6.4,4.97541],"rotation":{"angle":0,"axis":"y","origin":[8,-8.91404,6.225]},"faces":{"north":{"uv":[8.75,7.25,9,7.375],"texture":"#3"},"east":{"uv":[3.5,9.5,3.625,9.625],"texture":"#3"},"south":{"uv":[7.5,8.75,7.75,8.875],"texture":"#3"},"west":{"uv":[9.5,3.5,9.625,3.625],"texture":"#3"},"up":{"uv":[9,7.625,8.75,7.5],"texture":"#3"},"down":{"uv":[8,8.75,7.75,8.875],"texture":"#3"}}},{"from":[6.3,-8.6,4.57541],"to":[7,-5.8,4.77541],"rotation":{"angle":0,"axis":"y","origin":[8,-8.91404,6.225]},"faces":{"north":{"uv":[0.75,7.5,0.9375,8.1875],"texture":"#3"},"east":{"uv":[8.5,8.5,8.5625,9.1875],"texture":"#3"},"south":{"uv":[1,7.5,1.1875,8.1875],"texture":"#3"},"west":{"uv":[0.5,8.75,0.5625,9.4375],"texture":"#3"},"up":{"uv":[9.9375,1.3125,9.75,1.25],"texture":"#3"},"down":{"uv":[1.6875,9.75,1.5,9.8125],"texture":"#3"}}},{"from":[8.9,-9.3,4.47541],"to":[9.8,-8.1,4.87541],"rotation":{"angle":0,"axis":"y","origin":[8,-8.91404,6.225]},"faces":{"north":{"uv":[8,3,8.25,3.3125],"texture":"#3"},"east":{"uv":[0.75,8.75,0.875,9.0625],"texture":"#3"},"south":{"uv":[3.5,8,3.75,8.3125],"texture":"#3"},"west":{"uv":[1,8.75,1.125,9.0625],"texture":"#3"},"up":{"uv":[9,8.375,8.75,8.25],"texture":"#3"},"down":{"uv":[9,8.5,8.75,8.625],"texture":"#3"}}},{"from":[6.2,-9.3,4.47541],"to":[7.1,-8.1,4.87541],"rotation":{"angle":0,"axis":"y","origin":[8,-8.91404,6.225]},"faces":{"north":{"uv":[3.75,8,4,8.3125],"texture":"#3"},"east":{"uv":[1.75,8.75,1.875,9.0625],"texture":"#3"},"south":{"uv":[4,8,4.25,8.3125],"texture":"#3"},"west":{"uv":[2,8.75,2.125,9.0625],"texture":"#3"},"up":{"uv":[9,8.875,8.75,8.75],"texture":"#3"},"down":{"uv":[9.25,2.25,9,2.375],"texture":"#3"}}},{"from":[6.3,-11.79094,4.89553],"to":[7,-9.69094,5.09553],"rotation":{"angle":22.5,"axis":"x","origin":[8,-8.91404,6.225]},"faces":{"north":{"uv":[7.25,7.75,7.4375,8.25],"texture":"#3"},"east":{"uv":[2.5,9,2.5625,9.5],"texture":"#3"},"south":{"uv":[7.75,7.25,7.9375,7.75],"texture":"#3"},"west":{"uv":[9,3,9.0625,3.5],"texture":"#3"},"up":{"uv":[9.9375,1.5625,9.75,1.5],"texture":"#3"},"down":{"uv":[1.9375,9.75,1.75,9.8125],"texture":"#3"}}},{"from":[9,-11.79094,4.89553],"to":[9.7,-9.69094,5.09553],"rotation":{"angle":22.5,"axis":"x","origin":[8,-8.91404,6.225]},"faces":{"north":{"uv":[7.5,7.75,7.6875,8.25],"texture":"#3"},"east":{"uv":[9,4.75,9.0625,5.25],"texture":"#3"},"south":{"uv":[7.75,7.75,7.9375,8.25],"texture":"#3"},"west":{"uv":[9,5.75,9.0625,6.25],"texture":"#3"},"up":{"uv":[9.9375,1.8125,9.75,1.75],"texture":"#3"},"down":{"uv":[2.1875,9.75,2,9.8125],"texture":"#3"}}},{"from":[5.5,-15.1,4.7],"to":[10.5,-10.1,5.9],"rotation":{"angle":0,"axis":"y","origin":[8,-8.91404,6.225]},"faces":{"north":{"uv":[2,2.5,3.25,3.75],"texture":"#3"},"east":{"uv":[3,6,3.3125,7.25],"texture":"#3"},"south":{"uv":[3.25,2.5,4.5,3.75],"texture":"#3"},"west":{"uv":[6,5.5,6.3125,6.75],"texture":"#3"},"up":{"uv":[6.75,4.3125,5.5,4],"texture":"#3"},"down":{"uv":[7.25,2,6,2.3125],"texture":"#3"}}},{"from":[5.8,-12.4,4.4],"to":[10.3,-9.8,5.8],"rotation":{"angle":0,"axis":"y","origin":[8,-8.91404,6.225]},"faces":{"north":{"uv":[3.75,4.5,4.875,5.125],"texture":"#3"},"east":{"uv":[6.5,6.25,6.875,6.875],"texture":"#3"},"south":{"uv":[0,5,1.125,5.625],"texture":"#3"},"west":{"uv":[0.5,6.75,0.875,7.375],"texture":"#3"},"up":{"uv":[2.375,5.875,1.25,5.5],"texture":"#3"},"down":{"uv":[6.625,3.5,5.5,3.875],"texture":"#3"}}},{"from":[7.2,-11.5,3.8],"to":[8.8,-9.6,4.5],"rotation":{"angle":0,"axis":"y","origin":[8,-8.91404,6.225]},"faces":{"north":{"uv":[2.5,5.5,2.875,6],"texture":"#3"},"east":{"uv":[8,0,8.1875,0.5],"texture":"#3"},"south":{"uv":[6.75,4.5,7.125,5],"texture":"#3"},"west":{"uv":[2,8,2.1875,8.5],"texture":"#3"},"up":{"uv":[8.375,6.9375,8,6.75],"texture":"#3"},"down":{"uv":[8.375,7,8,7.1875],"texture":"#3"}}},{"from":[7.3,-10.6,3.7],"to":[8.7,-9.5,4.5],"rotation":{"angle":0,"axis":"y","origin":[8,-8.91404,6.225]},"faces":{"north":{"uv":[4.5,5.25,4.875,5.5],"texture":"#3"},"east":{"uv":[2.75,8.5,2.9375,8.75],"texture":"#3"},"south":{"uv":[0.75,5.75,1.125,6],"texture":"#3"},"west":{"uv":[8.5,3,8.6875,3.25],"texture":"#3"},"up":{"uv":[8.375,7.4375,8,7.25],"texture":"#3"},"down":{"uv":[8.375,7.5,8,7.6875],"texture":"#3"}}},{"from":[8.7,-12.2,4.3],"to":[9.8,-11.7,4.5],"rotation":{"angle":0,"axis":"y","origin":[8,-8.91404,6.225]},"faces":{"north":{"uv":[9,2.5,9.25,2.625],"texture":"#3"},"east":{"uv":[9.75,5.5,9.8125,5.625],"texture":"#3"},"south":{"uv":[9,5.25,9.25,5.375],"texture":"#3"},"west":{"uv":[5.75,9.75,5.8125,9.875],"texture":"#3"},"up":{"uv":[4,9.5625,3.75,9.5],"texture":"#3"},"down":{"uv":[9.75,3.75,9.5,3.8125],"texture":"#3"}}},{"from":[6.2,-12.2,4.3],"to":[7.3,-11.7,4.5],"rotation":{"angle":0,"axis":"y","origin":[8,-8.91404,6.225]},"faces":{"north":{"uv":[9,6.25,9.25,6.375],"texture":"#3"},"east":{"uv":[9.75,5.75,9.8125,5.875],"texture":"#3"},"south":{"uv":[9,6.5,9.25,6.625],"texture":"#3"},"west":{"uv":[6,9.75,6.0625,9.875],"texture":"#3"},"up":{"uv":[9.75,4.0625,9.5,4],"texture":"#3"},"down":{"uv":[9.75,4.25,9.5,4.3125],"texture":"#3"}}},{"from":[8.9,-14.4,4.3],"to":[9.6,-12.2,4.5],"rotation":{"angle":0,"axis":"y","origin":[8,-8.91404,6.225]},"faces":{"north":{"uv":[5.5,7.5,5.6875,8.0625],"texture":"#3"},"east":{"uv":[2.25,8.75,2.3125,9.3125],"texture":"#3"},"south":{"uv":[5.75,7.5,5.9375,8.0625],"texture":"#3"},"west":{"uv":[2.75,8.75,2.8125,9.3125],"texture":"#3"},"up":{"uv":[9.9375,2.0625,9.75,2],"texture":"#3"},"down":{"uv":[2.4375,9.75,2.25,9.8125],"texture":"#3"}}},{"from":[8.9,-15.2,4.5],"to":[9.6,-13.4,4.7],"rotation":{"angle":0,"axis":"y","origin":[8,-8.91404,6.225]},"faces":{"north":{"uv":[2.25,8,2.4375,8.4375],"texture":"#3"},"east":{"uv":[9.25,4.75,9.3125,5.1875],"texture":"#3"},"south":{"uv":[8,2.25,8.1875,2.6875],"texture":"#3"},"west":{"uv":[5,9.25,5.0625,9.6875],"texture":"#3"},"up":{"uv":[9.9375,2.3125,9.75,2.25],"texture":"#3"},"down":{"uv":[2.6875,9.75,2.5,9.8125],"texture":"#3"}}},{"from":[8.8,-14.24692,2.30658],"to":[9.7,-14.04692,2.50658],"rotation":{"angle":-22.5,"axis":"x","origin":[8,-8.91404,6.225]},"faces":{"north":{"uv":[9.5,4.5,9.75,4.5625],"texture":"#3"},"east":{"uv":[4.25,10,4.3125,10.0625],"texture":"#3"},"south":{"uv":[9.5,4.75,9.75,4.8125],"texture":"#3"},"west":{"uv":[10,4.25,10.0625,4.3125],"texture":"#3"},"up":{"uv":[9.75,5.0625,9.5,5],"texture":"#3"},"down":{"uv":[9.75,5.25,9.5,5.3125],"texture":"#3"}}},{"from":[8.8,-13,4.2],"to":[9.7,-12.2,4.6],"rotation":{"angle":0,"axis":"y","origin":[8,-8.91404,6.225]},"faces":{"north":{"uv":[8.5,3.25,8.75,3.4375],"texture":"#3"},"east":{"uv":[9.5,1.5,9.625,1.6875],"texture":"#3"},"south":{"uv":[3.5,8.5,3.75,8.6875],"texture":"#3"},"west":{"uv":[9.5,1.75,9.625,1.9375],"texture":"#3"},"up":{"uv":[9.25,6.875,9,6.75],"texture":"#3"},"down":{"uv":[7.25,9,7,9.125],"texture":"#3"}}},{"from":[8.8,-13.8,4.2],"to":[9.7,-13.4,4.7],"rotation":{"angle":0,"axis":"y","origin":[8,-8.91404,6.225]},"faces":{"north":{"uv":[9,7,9.25,7.125],"texture":"#3"},"east":{"uv":[9.5,5.5,9.625,5.625],"texture":"#3"},"south":{"uv":[7.25,9,7.5,9.125],"texture":"#3"},"west":{"uv":[9.5,5.75,9.625,5.875],"texture":"#3"},"up":{"uv":[9.25,7.375,9,7.25],"texture":"#3"},"down":{"uv":[7.75,9,7.5,9.125],"texture":"#3"}}},{"from":[6.3,-14.24692,2.30658],"to":[7.2,-14.04692,2.50658],"rotation":{"angle":-22.5,"axis":"x","origin":[8,-8.91404,6.225]},"faces":{"north":{"uv":[9.5,6,9.75,6.0625],"texture":"#3"},"east":{"uv":[4.5,10,4.5625,10.0625],"texture":"#3"},"south":{"uv":[9.5,6.25,9.75,6.3125],"texture":"#3"},"west":{"uv":[10,4.5,10.0625,4.5625],"texture":"#3"},"up":{"uv":[6.75,9.5625,6.5,9.5],"texture":"#3"},"down":{"uv":[9.75,6.5,9.5,6.5625],"texture":"#3"}}},{"from":[6.3,-13.8,4.2],"to":[7.2,-13.4,4.7],"rotation":{"angle":0,"axis":"y","origin":[8,-8.91404,6.225]},"faces":{"north":{"uv":[9,7.5,9.25,7.625],"texture":"#3"},"east":{"uv":[6.75,9.5,6.875,9.625],"texture":"#3"},"south":{"uv":[7.75,9,8,9.125],"texture":"#3"},"west":{"uv":[9.5,6.75,9.625,6.875],"texture":"#3"},"up":{"uv":[9.25,7.875,9,7.75],"texture":"#3"},"down":{"uv":[9.25,8,9,8.125],"texture":"#3"}}},{"from":[6.4,-15.2,4.5],"to":[7.1,-13.4,4.7],"rotation":{"angle":0,"axis":"y","origin":[8,-8.91404,6.225]},"faces":{"north":{"uv":[2.5,8,2.6875,8.4375],"texture":"#3"},"east":{"uv":[5.25,9.25,5.3125,9.6875],"texture":"#3"},"south":{"uv":[2.75,8,2.9375,8.4375],"texture":"#3"},"west":{"uv":[9.25,5.25,9.3125,5.6875],"texture":"#3"},"up":{"uv":[9.9375,2.5625,9.75,2.5],"texture":"#3"},"down":{"uv":[2.9375,9.75,2.75,9.8125],"texture":"#3"}}},{"from":[6.4,-14.4,4.3],"to":[7.1,-12.2,4.5],"rotation":{"angle":0,"axis":"y","origin":[8,-8.91404,6.225]},"faces":{"north":{"uv":[7.75,5.75,7.9375,6.3125],"texture":"#3"},"east":{"uv":[3.5,8.75,3.5625,9.3125],"texture":"#3"},"south":{"uv":[6,7.75,6.1875,8.3125],"texture":"#3"},"west":{"uv":[3.75,8.75,3.8125,9.3125],"texture":"#3"},"up":{"uv":[9.9375,2.8125,9.75,2.75],"texture":"#3"},"down":{"uv":[3.1875,9.75,3,9.8125],"texture":"#3"}}},{"from":[6.3,-13,4.2],"to":[7.2,-12.2,4.6],"rotation":{"angle":0,"axis":"y","origin":[8,-8.91404,6.225]},"faces":{"north":{"uv":[3.75,8.5,4,8.6875],"texture":"#3"},"east":{"uv":[2,9.5,2.125,9.6875],"texture":"#3"},"south":{"uv":[4,8.5,4.25,8.6875],"texture":"#3"},"west":{"uv":[9.5,2,9.625,2.1875],"texture":"#3"},"up":{"uv":[9.25,8.375,9,8.25],"texture":"#3"},"down":{"uv":[9.25,8.5,9,8.625],"texture":"#3"}}},{"from":[3,-13.3,7.1],"to":[3.2,-12.9,7.5],"rotation":{"angle":0,"axis":"y","origin":[8,-8.91404,6.225]},"faces":{"north":{"uv":[9.75,6,9.8125,6.125],"texture":"#3"},"east":{"uv":[9.5,7,9.625,7.125],"texture":"#3"},"south":{"uv":[6.25,9.75,6.3125,9.875],"texture":"#3"},"west":{"uv":[9.5,7.25,9.625,7.375],"texture":"#3"},"up":{"uv":[9.8125,6.375,9.75,6.25],"texture":"#3"},"down":{"uv":[6.5625,9.75,6.5,9.875],"texture":"#3"}}},{"from":[3.1,-13.2,6.4],"to":[4.7,-12,8.2],"rotation":{"angle":0,"axis":"y","origin":[8,-8.91404,6.225]},"faces":{"north":{"uv":[2,7.5,2.375,7.8125],"texture":"#3"},"east":{"uv":[7.25,3.5,7.6875,3.8125],"texture":"#3"},"south":{"uv":[7.5,2.25,7.875,2.5625],"texture":"#3"},"west":{"uv":[7.25,4.5,7.6875,4.8125],"texture":"#3"},"up":{"uv":[6.375,7.1875,6,6.75],"texture":"#3"},"down":{"uv":[7.375,0,7,0.4375],"texture":"#3"}}},{"from":[3.2,-15,7.1],"to":[3.3,-12.9,7.5],"rotation":{"angle":0,"axis":"y","origin":[8,-8.91404,6.225]},"faces":{"north":{"uv":[8.75,9,8.8125,9.5],"texture":"#3"},"east":{"uv":[0.75,8.25,0.875,8.75],"texture":"#3"},"south":{"uv":[9,8.75,9.0625,9.25],"texture":"#3"},"west":{"uv":[1,8.25,1.125,8.75],"texture":"#3"},"up":{"uv":[9.8125,6.625,9.75,6.5],"texture":"#3"},"down":{"uv":[6.8125,9.75,6.75,9.875],"texture":"#3"}}},{"from":[3.1,-8.7,6.4],"to":[4.7,-7.5,8.2],"rotation":{"angle":0,"axis":"y","origin":[8,-8.91404,6.225]},"faces":{"north":{"uv":[2.5,7.5,2.875,7.8125],"texture":"#3"},"east":{"uv":[7.25,5.75,7.6875,6.0625],"texture":"#3"},"south":{"uv":[3.5,7.5,3.875,7.8125],"texture":"#3"},"west":{"uv":[6,7.25,6.4375,7.5625],"texture":"#3"},"up":{"uv":[3.875,7.4375,3.5,7],"texture":"#3"},"down":{"uv":[4.375,7,4,7.4375],"texture":"#3"}}},{"from":[3,-8.8,7.1],"to":[3.2,-8.4,7.5],"rotation":{"angle":0,"axis":"y","origin":[8,-8.91404,6.225]},"faces":{"north":{"uv":[9.75,6.75,9.8125,6.875],"texture":"#3"},"east":{"uv":[9.5,7.5,9.625,7.625],"texture":"#3"},"south":{"uv":[7,9.75,7.0625,9.875],"texture":"#3"},"west":{"uv":[9.5,7.75,9.625,7.875],"texture":"#3"},"up":{"uv":[9.8125,7.125,9.75,7],"texture":"#3"},"down":{"uv":[7.3125,9.75,7.25,9.875],"texture":"#3"}}},{"from":[3.2,-10.5,7.1],"to":[3.3,-8.4,7.5],"rotation":{"angle":0,"axis":"y","origin":[8,-8.91404,6.225]},"faces":{"north":{"uv":[9.25,0,9.3125,0.5],"texture":"#3"},"east":{"uv":[8.25,2.25,8.375,2.75],"texture":"#3"},"south":{"uv":[0.75,9.25,0.8125,9.75],"texture":"#3"},"west":{"uv":[8.25,3,8.375,3.5],"texture":"#3"},"up":{"uv":[9.8125,7.375,9.75,7.25],"texture":"#3"},"down":{"uv":[7.5625,9.75,7.5,9.875],"texture":"#3"}}},{"from":[11.3,-8.7,6.4],"to":[12.9,-7.5,8.2],"rotation":{"angle":0,"axis":"y","origin":[8,-8.91404,6.225]},"faces":{"north":{"uv":[4,7.5,4.375,7.8125],"texture":"#3"},"east":{"uv":[7.25,6.25,7.6875,6.5625],"texture":"#3"},"south":{"uv":[4.5,7.5,4.875,7.8125],"texture":"#3"},"west":{"uv":[7.25,6.75,7.6875,7.0625],"texture":"#3"},"up":{"uv":[4.875,7.4375,4.5,7],"texture":"#3"},"down":{"uv":[5.375,7,5,7.4375],"texture":"#3"}}},{"from":[12.8,-8.8,7.1],"to":[13,-8.4,7.5],"rotation":{"angle":0,"axis":"y","origin":[8,-8.91404,6.225]},"faces":{"north":{"uv":[9.75,7.5,9.8125,7.625],"texture":"#3"},"east":{"uv":[9.5,8,9.625,8.125],"texture":"#3"},"south":{"uv":[7.75,9.75,7.8125,9.875],"texture":"#3"},"west":{"uv":[9.5,8.25,9.625,8.375],"texture":"#3"},"up":{"uv":[9.8125,7.875,9.75,7.75],"texture":"#3"},"down":{"uv":[8.0625,9.75,8,9.875],"texture":"#3"}}},{"from":[12.7,-10.5,7.1],"to":[12.8,-8.4,7.5],"rotation":{"angle":0,"axis":"y","origin":[8,-8.91404,6.225]},"faces":{"north":{"uv":[1,9.25,1.0625,9.75],"texture":"#3"},"east":{"uv":[8.25,4,8.375,4.5],"texture":"#3"},"south":{"uv":[1.25,9.25,1.3125,9.75],"texture":"#3"},"west":{"uv":[4.25,8.25,4.375,8.75],"texture":"#3"},"up":{"uv":[9.8125,8.125,9.75,8],"texture":"#3"},"down":{"uv":[8.3125,9.75,8.25,9.875],"texture":"#3"}}},{"from":[11.3,-10.7,6.2],"to":[12.7,-7.7,8.4],"rotation":{"angle":0,"axis":"y","origin":[8,-8.91404,6.225]},"faces":{"north":{"uv":[5,6.25,5.375,7],"texture":"#3"},"east":{"uv":[0.75,6,1.3125,6.75],"texture":"#3"},"south":{"uv":[5.5,6.25,5.875,7],"texture":"#3"},"west":{"uv":[6,1.25,6.5625,2],"texture":"#3"},"up":{"uv":[2.375,7.3125,2,6.75],"texture":"#3"},"down":{"uv":[2.875,6.75,2.5,7.3125],"texture":"#3"}}},{"from":[11.3,-13.2,6.4],"to":[12.9,-12,8.2],"rotation":{"angle":0,"axis":"y","origin":[8,-8.91404,6.225]},"faces":{"north":{"uv":[5,7.5,5.375,7.8125],"texture":"#3"},"east":{"uv":[7.25,7.25,7.6875,7.5625],"texture":"#3"},"south":{"uv":[7.5,5,7.875,5.3125],"texture":"#3"},"west":{"uv":[7.5,0,7.9375,0.3125],"texture":"#3"},"up":{"uv":[7.375,5.6875,7,5.25],"texture":"#3"},"down":{"uv":[5.875,7,5.5,7.4375],"texture":"#3"}}},{"from":[12.8,-13.3,7.1],"to":[13,-12.9,7.5],"rotation":{"angle":0,"axis":"y","origin":[8,-8.91404,6.225]},"faces":{"north":{"uv":[9.75,8.25,9.8125,8.375],"texture":"#3"},"east":{"uv":[9.5,8.5,9.625,8.625],"texture":"#3"},"south":{"uv":[8.5,9.75,8.5625,9.875],"texture":"#3"},"west":{"uv":[8.75,9.5,8.875,9.625],"texture":"#3"},"up":{"uv":[9.8125,8.625,9.75,8.5],"texture":"#3"},"down":{"uv":[8.8125,9.75,8.75,9.875],"texture":"#3"}}},{"from":[12.7,-15,7.1],"to":[12.8,-12.9,7.5],"rotation":{"angle":0,"axis":"y","origin":[8,-8.91404,6.225]},"faces":{"north":{"uv":[1.5,9.25,1.5625,9.75],"texture":"#3"},"east":{"uv":[4.5,8.25,4.625,8.75],"texture":"#3"},"south":{"uv":[1.75,9.25,1.8125,9.75],"texture":"#3"},"west":{"uv":[4.75,8.25,4.875,8.75],"texture":"#3"},"up":{"uv":[9.8125,8.875,9.75,8.75],"texture":"#3"},"down":{"uv":[9.0625,9.75,9,9.875],"texture":"#3"}}},{"from":[11.3,-15.2,6.2],"to":[12.7,-12.2,8.4],"rotation":{"angle":0,"axis":"y","origin":[8,-8.91404,6.225]},"faces":{"north":{"uv":[0,6.5,0.375,7.25],"texture":"#3"},"east":{"uv":[1.5,6,2.0625,6.75],"texture":"#3"},"south":{"uv":[5.5,6.25,5.875,7],"texture":"#3"},"west":{"uv":[2.25,6,2.8125,6.75],"texture":"#3"},"up":{"uv":[7.125,3.0625,6.75,2.5],"texture":"#3"},"down":{"uv":[7.125,3.25,6.75,3.8125],"texture":"#3"}}},{"from":[3.3,-10.7,6.2],"to":[4.7,-7.7,8.4],"rotation":{"angle":0,"axis":"y","origin":[8,-8.91404,6.225]},"faces":{"north":{"uv":[5.375,6.25,5,7],"texture":"#3"},"east":{"uv":[6.5625,1.25,6,2],"texture":"#3"},"south":{"uv":[5.875,6.25,5.5,7],"texture":"#3"},"west":{"uv":[1.3125,6,0.75,6.75],"texture":"#3"},"up":{"uv":[2,7.3125,2.375,6.75],"texture":"#3"},"down":{"uv":[2.5,6.75,2.875,7.3125],"texture":"#3"}}},{"from":[3.3,-15.2,6.2],"to":[4.7,-12.2,8.4],"rotation":{"angle":0,"axis":"y","origin":[8,-8.91404,6.225]},"faces":{"north":{"uv":[0.375,6.5,0,7.25],"texture":"#3"},"east":{"uv":[2.8125,6,2.25,6.75],"texture":"#3"},"south":{"uv":[5.875,6.25,5.5,7],"texture":"#3"},"west":{"uv":[2.0625,6,1.5,6.75],"texture":"#3"},"up":{"uv":[6.75,3.0625,7.125,2.5],"texture":"#3"},"down":{"uv":[6.75,3.25,7.125,3.8125],"texture":"#3"}}},{"from":[4.2,-3.82179,5.28771],"to":[4.5,-3.52179,8.38771],"rotation":{"angle":0,"axis":"y","origin":[8,-8.91404,6.225]},"faces":{"north":{"uv":[4.75,10,4.8125,10.0625],"texture":"#3"},"east":{"uv":[8.5,4,9.25,4.0625],"texture":"#3"},"south":{"uv":[10,4.75,10.0625,4.8125],"texture":"#3"},"west":{"uv":[8.5,4.25,9.25,4.3125],"texture":"#3"},"up":{"uv":[8.5625,5.5,8.5,4.75],"texture":"#3"},"down":{"uv":[5.0625,8.5,5,9.25],"texture":"#3"}}},{"from":[9,-3.72179,6.38771],"to":[9.6,-3.52179,7.28771],"rotation":{"angle":0,"axis":"y","origin":[8,-8.91404,6.225]},"faces":{"north":{"uv":[9.75,9,9.875,9.0625],"texture":"#3"},"east":{"uv":[9.5,8.75,9.75,8.8125],"texture":"#3"},"south":{"uv":[9.25,9.75,9.375,9.8125],"texture":"#3"},"west":{"uv":[9.5,9,9.75,9.0625],"texture":"#3"},"up":{"uv":[2.125,9.5,2,9.25],"texture":"#3"},"down":{"uv":[9.375,2.25,9.25,2.5],"texture":"#3"}}},{"from":[9.2,-3.52179,6.58771],"to":[9.4,-2.92179,7.08771],"rotation":{"angle":0,"axis":"y","origin":[8,-8.91404,6.225]},"faces":{"north":{"uv":[9.75,9.25,9.8125,9.375],"texture":"#3"},"east":{"uv":[9.5,9.25,9.625,9.375],"texture":"#3"},"south":{"uv":[9.5,9.75,9.5625,9.875],"texture":"#3"},"west":{"uv":[9.5,9.5,9.625,9.625],"texture":"#3"},"up":{"uv":[9.8125,9.625,9.75,9.5],"texture":"#3"},"down":{"uv":[9.8125,9.75,9.75,9.875],"texture":"#3"}}},{"from":[6.6,-3.52179,6.58771],"to":[6.8,-2.92179,7.08771],"rotation":{"angle":0,"axis":"y","origin":[8,-8.91404,6.225]},"faces":{"north":{"uv":[0,10,0.0625,10.125],"texture":"#3"},"east":{"uv":[0,9.75,0.125,9.875],"texture":"#3"},"south":{"uv":[10,0,10.0625,0.125],"texture":"#3"},"west":{"uv":[9.75,0,9.875,0.125],"texture":"#3"},"up":{"uv":[0.3125,10.125,0.25,10],"texture":"#3"},"down":{"uv":[10.0625,0.25,10,0.375],"texture":"#3"}}},{"from":[6.4,-3.72179,6.38771],"to":[7,-3.52179,7.28771],"rotation":{"angle":0,"axis":"y","origin":[8,-8.91404,6.225]},"faces":{"north":{"uv":[0.5,10,0.625,10.0625],"texture":"#3"},"east":{"uv":[0.25,9.75,0.5,9.8125],"texture":"#3"},"south":{"uv":[10,0.5,10.125,0.5625],"texture":"#3"},"west":{"uv":[9.75,0.25,10,0.3125],"texture":"#3"},"up":{"uv":[9.375,2.75,9.25,2.5],"texture":"#3"},"down":{"uv":[9.375,2.75,9.25,3],"texture":"#3"}}},{"from":[13.02711,-5.66683,6.58771],"to":[13.22711,-5.16683,7.08771],"rotation":{"angle":45,"axis":"z","origin":[8,-8.91404,6.225]},"faces":{"north":{"uv":[0.75,10,0.8125,10.125],"texture":"#3"},"east":{"uv":[9.75,0.5,9.875,0.625],"texture":"#3"},"south":{"uv":[10,0.75,10.0625,0.875],"texture":"#3"},"west":{"uv":[0.75,9.75,0.875,9.875],"texture":"#3"},"up":{"uv":[1.0625,10.125,1,10],"texture":"#3"},"down":{"uv":[10.0625,1,10,1.125],"texture":"#3"}}},{"from":[2.77289,-5.66683,6.58771],"to":[2.97289,-5.16683,7.08771],"rotation":{"angle":-45,"axis":"z","origin":[8,-8.91404,6.225]},"faces":{"north":{"uv":[1.25,10,1.3125,10.125],"texture":"#3"},"east":{"uv":[9.75,0.75,9.875,0.875],"texture":"#3"},"south":{"uv":[10,1.25,10.0625,1.375],"texture":"#3"},"west":{"uv":[1,9.75,1.125,9.875],"texture":"#3"},"up":{"uv":[1.5625,10.125,1.5,10],"texture":"#3"},"down":{"uv":[10.0625,1.5,10,1.625],"texture":"#3"}}},{"from":[6.94645,-2.76824,6.48771],"to":[9.04645,-2.46824,7.18771],"rotation":{"angle":0,"axis":"y","origin":[8,-8.91404,6.225]},"faces":{"north":{"uv":[9.25,3,9.75,3.0625],"texture":"#3"},"east":{"uv":[9.75,3,9.9375,3.0625],"texture":"#3"},"south":{"uv":[9.25,3.25,9.75,3.3125],"texture":"#3"},"west":{"uv":[3.25,9.75,3.4375,9.8125],"texture":"#3"},"up":{"uv":[6.75,3.4375,6.25,3.25],"texture":"#3"},"down":{"uv":[8.25,4.75,7.75,4.9375],"texture":"#3"}}},{"from":[7.7,-11.8,3.6],"to":[8.3,-10,3.7],"rotation":{"angle":0,"axis":"y","origin":[8,-8.91404,6.225]},"faces":{"north":{"uv":[7.5,8.25,7.625,8.6875],"texture":"#3"},"east":{"uv":[5.5,9.25,5.5625,9.6875],"texture":"#3"},"south":{"uv":[7.75,8.25,7.875,8.6875],"texture":"#3"},"west":{"uv":[5.75,9.25,5.8125,9.6875],"texture":"#3"},"up":{"uv":[1.875,10.0625,1.75,10],"texture":"#3"},"down":{"uv":[10.125,1.75,10,1.8125],"texture":"#3"}}},{"from":[7.6,-10.9,3.5],"to":[8.4,-10.2,3.7],"rotation":{"angle":0,"axis":"y","origin":[8,-8.91404,6.225]},"faces":{"north":{"uv":[8.5,7.5,8.6875,7.6875],"texture":"#3"},"east":{"uv":[9.75,3.25,9.8125,3.4375],"texture":"#3"},"south":{"uv":[8.75,2.25,8.9375,2.4375],"texture":"#3"},"west":{"uv":[3.5,9.75,3.5625,9.9375],"texture":"#3"},"up":{"uv":[9.9375,3.5625,9.75,3.5],"texture":"#3"},"down":{"uv":[3.9375,9.75,3.75,9.8125],"texture":"#3"}}},{"from":[6.5,-10,5],"to":[9.6,-8.9,5.8],"rotation":{"angle":0,"axis":"y","origin":[8,-8.91404,6.225]},"faces":{"north":{"uv":[4.5,3.5,5.25,3.75],"texture":"#3"},"east":{"uv":[5.25,8.5,5.4375,8.75],"texture":"#3"},"south":{"uv":[6.75,5,7.5,5.25],"texture":"#3"},"west":{"uv":[6,8.5,6.1875,8.75],"texture":"#3"},"up":{"uv":[8,3.1875,7.25,3],"texture":"#3"},"down":{"uv":[8,3.25,7.25,3.4375],"texture":"#3"}}},{"from":[8.5,-10,4.8],"to":[9.2,-8.9,5.7],"rotation":{"angle":0,"axis":"y","origin":[8,-8.91404,6.225]},"faces":{"north":{"uv":[6.25,8.5,6.4375,8.75],"texture":"#3"},"east":{"uv":[0.5,6.5,0.75,6.75],"texture":"#3"},"south":{"uv":[8.5,6.75,8.6875,7],"texture":"#3"},"west":{"uv":[6.75,5.25,7,5.5],"texture":"#3"},"up":{"uv":[8.6875,7.25,8.5,7],"texture":"#3"},"down":{"uv":[8.6875,7.25,8.5,7.5],"texture":"#3"}}},{"from":[6.5,-10,4.8],"to":[7.8,-8.9,5.7],"rotation":{"angle":0,"axis":"y","origin":[8,-8.91404,6.225]},"faces":{"north":{"uv":[4.25,8,4.5625,8.25],"texture":"#3"},"east":{"uv":[8.25,4.75,8.5,5],"texture":"#3"},"south":{"uv":[4.75,8,5.0625,8.25],"texture":"#3"},"west":{"uv":[5,8.25,5.25,8.5],"texture":"#3"},"up":{"uv":[8.3125,5.25,8,5],"texture":"#3"},"down":{"uv":[8.3125,5.25,8,5.5],"texture":"#3"}}},{"from":[5.04657,-13.87432,5.1],"to":[7.44657,-9.77432,5.6],"rotation":{"angle":-45,"axis":"z","origin":[8,-8.91404,6.225]},"faces":{"north":{"uv":[3,5,3.625,6],"texture":"#3"},"east":{"uv":[1.25,7.5,1.375,8.5],"texture":"#3"},"south":{"uv":[5.25,0.5,5.875,1.5],"texture":"#3"},"west":{"uv":[7.5,1.25,7.625,2.25],"texture":"#3"},"up":{"uv":[8.625,5.875,8,5.75],"texture":"#3"},"down":{"uv":[8.625,6,8,6.125],"texture":"#3"}}},{"from":[8.55343,-13.87432,5.1],"to":[10.95343,-9.77432,5.6],"rotation":{"angle":45,"axis":"z","origin":[8,-8.91404,6.225]},"faces":{"north":{"uv":[5.25,1.5,5.875,2.5],"texture":"#3"},"east":{"uv":[1.5,7.5,1.625,8.5],"texture":"#3"},"south":{"uv":[3.75,5.25,4.375,6.25],"texture":"#3"},"west":{"uv":[1.75,7.5,1.875,8.5],"texture":"#3"},"up":{"uv":[8.625,6.375,8,6.25],"texture":"#3"},"down":{"uv":[8.625,6.5,8,6.625],"texture":"#3"}}}],"gui_light":"front","display":{"thirdperson_righthand":{"rotation":[57,0,0],"translation":[0,0.5,1.25],"scale":[0.46485,0.46485,0.46485]},"thirdperson_lefthand":{"rotation":[57,0,0],"translation":[0,0.5,1.25],"scale":[0.46485,0.46485,0.46485]},"firstperson_righthand":{"translation":[0,1,0]},"firstperson_lefthand":{"translation":[0,1,0]},"ground":{"translation":[0,3.75,0],"scale":[0.66797,0.66797,0.66797]},"gui":{"rotation":[-180,0,-180],"translation":[0,2.25,0],"scale":[1.1582,1.1582,1.1582]},"head":{"rotation":[0,180,0],"translation":[0,-74.5,5.25],"scale":[2,2,2]},"fixed":{"rotation":[-90,180,0],"translation":[-0.25,-2.75,-20.5],"scale":[2.5,2.5,2.5]}}}