{"credit":"Pologony Creation Co.,Ltd.","textures":{"1":"plny_halloween_set:axe","2":"plny_halloween_set:animations/animation_1","particle":"plny_halloween_set:axe"},"elements":[{"from":[7.5,-3.25,7.25],"to":[8.5,-1.75,8.75],"rotation":{"angle":-45,"axis":"x","origin":[8,-2.5,8]},"faces":{"north":{"uv":[11,12,11.5,12.75],"texture":"#1"},"east":{"uv":[10.5,4.5,11.25,5.25],"texture":"#1"},"south":{"uv":[12,12,12.5,12.75],"texture":"#1"},"west":{"uv":[10.5,9,11.25,9.75],"texture":"#1"},"up":{"uv":[0.5,13.25,0,12.5],"texture":"#1"},"down":{"uv":[13,0,12.5,0.75],"texture":"#1"}}},{"from":[7,-2,7],"to":[9,0,9],"rotation":{"angle":0,"axis":"y","origin":[8,-1,8]},"faces":{"north":{"uv":[7.5,4.5,8.5,5.5],"texture":"#1"},"east":{"uv":[2,8,3,9],"texture":"#1"},"south":{"uv":[3.5,8,4.5,9],"texture":"#1"},"west":{"uv":[8,6,9,7],"texture":"#1"},"up":{"uv":[9,8.5,8,7.5],"texture":"#1"},"down":{"uv":[10,4.5,9,5.5],"texture":"#1"}}},{"from":[7.75,0,6.68934],"to":[9.75,0.5,8.68934],"rotation":{"angle":-45,"axis":"y","origin":[8,0,6.93934]},"faces":{"north":{"uv":[12.5,3.5,13.5,3.75],"texture":"#1"},"east":{"uv":[5.5,12.5,6.5,12.75],"texture":"#1"},"south":{"uv":[12.5,6,13.5,6.25],"texture":"#1"},"west":{"uv":[7,12.5,8,12.75],"texture":"#1"},"up":{"uv":[9,10,8,9],"texture":"#1"},"down":{"uv":[10.5,0,9.5,1],"texture":"#1"}}},{"from":[8,0.5,6.93934],"to":[9.5,1.5,8.43934],"rotation":{"angle":-45,"axis":"y","origin":[8,0.5,6.93934]},"faces":{"north":{"uv":[1,12.5,1.75,13],"texture":"#1"},"east":{"uv":[12.5,1.5,13.25,2],"texture":"#1"},"south":{"uv":[2.5,12.5,3.25,13],"texture":"#1"},"west":{"uv":[12.5,2.5,13.25,3],"texture":"#1"},"up":{"uv":[11.25,11.25,10.5,10.5],"texture":"#1"}}},{"from":[8,3.5,6.93934],"to":[9.5,5,8.43934],"rotation":{"angle":-45,"axis":"y","origin":[8,5.5,6.93934]},"faces":{"north":{"uv":[0,11,0.75,11.75],"texture":"#1"},"east":{"uv":[11,0,11.75,0.75],"texture":"#1"},"south":{"uv":[1.5,11,2.25,11.75],"texture":"#1"},"west":{"uv":[11,1.5,11.75,2.25],"texture":"#1"},"up":{"uv":[3.75,11.75,3,11],"texture":"#1"},"down":{"uv":[11.75,3,11,3.75],"texture":"#1"}}},{"from":[7.75,4,6.68934],"to":[9.75,4.5,8.68934],"rotation":{"angle":-45,"axis":"y","origin":[8,4.5,6.93934]},"faces":{"north":{"uv":[8.5,12.5,9.5,12.75],"texture":"#1"},"east":{"uv":[13,4.5,14,4.75],"texture":"#1"},"south":{"uv":[13,7,14,7.25],"texture":"#1"},"west":{"uv":[13,8,14,8.25],"texture":"#1"},"up":{"uv":[10.5,2.5,9.5,1.5],"texture":"#1"},"down":{"uv":[3,9.5,2,10.5],"texture":"#1"}}},{"from":[8,7.5,6.93934],"to":[9.5,8,8.43934],"rotation":{"angle":-45,"axis":"y","origin":[8,8.5,6.93934]},"faces":{"north":{"uv":[13.5,0,14.25,0.25],"texture":"#1"},"east":{"uv":[1,13.5,1.75,13.75],"texture":"#1"},"south":{"uv":[2.5,13.5,3.25,13.75],"texture":"#1"},"west":{"uv":[4,13.5,4.75,13.75],"texture":"#1"},"up":{"uv":[11.75,6.75,11,6],"texture":"#1"}}},{"from":[7.75,7,6.68934],"to":[9.75,7.5,8.68934],"rotation":{"angle":-45,"axis":"y","origin":[8,7.5,6.93934]},"faces":{"north":{"uv":[13,9,14,9.25],"texture":"#1"},"east":{"uv":[13,10,14,10.25],"texture":"#1"},"south":{"uv":[13,11,14,11.25],"texture":"#1"},"west":{"uv":[13,12,14,12.25],"texture":"#1"},"up":{"uv":[10.5,4,9.5,3],"texture":"#1"},"down":{"uv":[4.5,9.5,3.5,10.5],"texture":"#1"}}},{"from":[8,1.5,7.29289],"to":[9,3.5,8.29289],"rotation":{"angle":-45,"axis":"y","origin":[8,0.5,7.29289]},"faces":{"north":{"uv":[11,7.5,11.5,8.5],"texture":"#1"},"east":{"uv":[9,11,9.5,12],"texture":"#1"},"south":{"uv":[4.5,12,5,13],"texture":"#1"},"west":{"uv":[12,4.5,12.5,5.5],"texture":"#1"}}},{"from":[8,5,7.29289],"to":[9,7,8.29289],"rotation":{"angle":-45,"axis":"y","origin":[8,4.5,7.29289]},"faces":{"north":{"uv":[12,7.5,12.5,8.5],"texture":"#1"},"east":{"uv":[12,9,12.5,10],"texture":"#1"},"south":{"uv":[10,12,10.5,13],"texture":"#1"},"west":{"uv":[12,10.5,12.5,11.5],"texture":"#1"}}},{"from":[7,11.5,8],"to":[9,14,10.5],"rotation":{"angle":-45,"axis":"x","origin":[7.75,11.5,8]},"faces":{"north":{"uv":[0,6,1,7.25],"texture":"#1"},"east":{"uv":[5.5,2,6.75,3.25],"texture":"#1"},"south":{"uv":[1.5,6,2.5,7.25],"texture":"#1"},"west":{"uv":[5.5,4,6.75,5.25],"texture":"#1"},"up":{"uv":[4,7.25,3,6],"texture":"#1"},"down":{"uv":[5.5,6,4.5,7.25],"texture":"#1"}}},{"from":[6.75,11.75,8.25],"to":[9.25,13.75,10.25],"rotation":{"angle":-45,"axis":"x","origin":[7.75,11.5,8]},"faces":{"north":{"uv":[6,6,7.25,7],"texture":"#1"},"east":{"uv":[9.5,6,10.5,7],"texture":"#1"},"south":{"uv":[7.5,0,8.75,1],"texture":"#1"},"west":{"uv":[9.5,7.5,10.5,8.5],"texture":"#1"},"up":{"uv":[8.75,2.5,7.5,1.5],"texture":"#1"},"down":{"uv":[8.75,3,7.5,4],"texture":"#1"}}},{"from":[8,8,7.29289],"to":[9,12.5,8.29289],"rotation":{"angle":-45,"axis":"y","origin":[8,8,7.29289]},"faces":{"north":{"uv":[6,7.5,6.5,9.75],"texture":"#1"},"east":{"uv":[7,7.5,7.5,9.75],"texture":"#1"},"south":{"uv":[0,8,0.5,10.25],"texture":"#1"},"west":{"uv":[1,8,1.5,10.25],"texture":"#1"},"up":{"uv":[13.5,13.5,13,13],"texture":"#1"}}},{"from":[7.985,7.75,0.25],"to":[8.015,18.75,6.25],"rotation":{"angle":0,"axis":"y","origin":[7.985,8.75,0.25]},"faces":{"east":{"uv":[3,0,0,5.5],"texture":"#1"},"west":{"uv":[0,0,3,5.5],"texture":"#1"}}},{"from":[7.5,10.57225,5.51297],"to":[8.5,13.57225,8.51297],"rotation":{"angle":-22.5,"axis":"x","origin":[7.5,9.57225,5.51297]},"faces":{"north":{"uv":[5,8,5.5,9.5],"texture":"#1"},"east":{"uv":[3.5,0,5,1.5],"texture":"#1"},"south":{"uv":[9.5,9,10,10.5],"texture":"#1"},"west":{"uv":[3.5,2,5,3.5],"texture":"#1"},"up":{"uv":[5.5,11.5,5,10],"texture":"#1"},"down":{"uv":[6.5,10.5,6,12],"texture":"#1"}}},{"from":[7.5035,13.26777,3.98223],"to":[8.4965,16.26777,7.15723],"rotation":{"angle":22.5,"axis":"x","origin":[7.5035,13.26777,3.98223]},"faces":{"north":{"uv":[7,10.5,7.5,12],"texture":"#1"},"east":{"uv":[3.5,4,5,5.5],"texture":"#1"},"west":{"uv":[5.5,0,7,1.5],"texture":"#1"},"up":{"uv":[8.5,12,8,10.5],"texture":"#1"}}},{"from":[7.985,7.75,9.75],"to":[8.015,18.75,15.75],"rotation":{"angle":0,"axis":"y","origin":[7.985,8.75,15.75]},"faces":{"east":{"uv":[0,0,3,5.5],"texture":"#1"},"west":{"uv":[3,0,0,5.5],"texture":"#1"}}},{"from":[7.5,10.57225,7.48703],"to":[8.5,13.57225,10.48703],"rotation":{"angle":22.5,"axis":"x","origin":[7.5,9.57225,10.48703]},"faces":{"north":{"uv":[10,9,9.5,10.5],"texture":"#1"},"east":{"uv":[5,0,3.5,1.5],"texture":"#1"},"south":{"uv":[5.5,8,5,9.5],"texture":"#1"},"west":{"uv":[5,2,3.5,3.5],"texture":"#1"},"up":{"uv":[5.5,10,5,11.5],"texture":"#1"},"down":{"uv":[6.5,12,6,10.5],"texture":"#1"}}},{"from":[7.5035,13.26777,8.84277],"to":[8.4965,16.26777,12.01777],"rotation":{"angle":-22.5,"axis":"x","origin":[7.5035,13.26777,12.01777]},"faces":{"east":{"uv":[5,4,3.5,5.5],"texture":"#1"},"south":{"uv":[7.5,10.5,7,12],"texture":"#1"},"west":{"uv":[7,0,5.5,1.5],"texture":"#1"},"up":{"uv":[8.5,10.5,8,12],"texture":"#1"}}},{"from":[6.9,13.75,2],"to":[6.9,17.25,9.5],"rotation":{"angle":-22.5,"axis":"x","origin":[6.9,15.5,5.75]},"faces":{"west":{"uv":[0,0,7.5,3.5],"texture":"#2"}}},{"from":[6.65,9,7],"to":[6.65,12.5,13.5],"rotation":{"angle":22.5,"axis":"x","origin":[6.65,10.75,10.25]},"faces":{"west":{"uv":[6,5.5,12.5,9],"texture":"#2"}}},{"from":[9.1,13.75,2],"to":[9.1,17.25,9.5],"rotation":{"angle":-22.5,"axis":"x","origin":[9.1,15.5,5.75]},"faces":{"east":{"uv":[7.5,0,0,3.5],"texture":"#2"}}},{"from":[9.35,9,7],"to":[9.35,12.5,13.5],"rotation":{"angle":22.5,"axis":"x","origin":[9.35,10.75,10.25]},"faces":{"east":{"uv":[12.5,5.5,6,9],"texture":"#2"}}}],"gui_light":"front","display":{"thirdperson_righthand":{"translation":[0,1.75,1]},"thirdperson_lefthand":{"translation":[0,1.75,1]},"firstperson_righthand":{"rotation":[10,0,0],"translation":[1,3,0.25],"scale":[0.7,0.7,0.7]},"firstperson_lefthand":{"rotation":[10,0,0],"translation":[1,3,0.25],"scale":[0.7,0.7,0.7]},"ground":{"rotation":[-45,0,0],"translation":[0,3,0],"scale":[0.7,0.7,0.7]},"gui":{"rotation":[-90,45,90],"translation":[1,-1,0],"scale":[0.8,0.8,0.8]},"head":{"rotation":[0,-90,0]},"fixed":{"rotation":[0,-90,0],"translation":[0,0,-1.5],"scale":[2,2,2]}}}