{"credit":"Pologony Creation Co.,Ltd.","texture_size":[40,40],"textures":{"1":"plny_halloween_set:animations/animation_1","2":"plny_halloween_set:crossbow","particle":"plny_halloween_set:animations/animation_1"},"elements":[{"from":[0.19486,8.5,-3.80525],"to":[7.69486,8.53,-0.30525],"rotation":{"angle":22.5,"axis":"y","origin":[2.775,8.375,1]},"faces":{"up":{"uv":[7.5,0,0,3.5],"texture":"#1"},"down":{"uv":[0,0,7.5,3.5],"rotation":180,"texture":"#1"}}},{"from":[2.35818,8.25,0.7376],"to":[5.85818,8.28,7.2376],"rotation":{"angle":-45,"axis":"y","origin":[2.775,8.375,1]},"faces":{"up":{"uv":[12.5,5.5,6,9],"rotation":270,"texture":"#1"},"down":{"uv":[6,5.5,12.5,9],"rotation":270,"texture":"#1"}}},{"from":[8.30514,8.5,-3.80525],"to":[15.80514,8.53,-0.30525],"rotation":{"angle":-22.5,"axis":"y","origin":[13.225,8.375,1]},"faces":{"up":{"uv":[0,0,7.5,3.5],"texture":"#1"},"down":{"uv":[7.5,0,0,3.5],"rotation":180,"texture":"#1"}}},{"from":[10.14182,8.25,0.7376],"to":[13.64182,8.28,7.2376],"rotation":{"angle":45,"axis":"y","origin":[13.225,8.375,1]},"faces":{"up":{"uv":[12.5,9,6,5.5],"rotation":270,"texture":"#1"},"down":{"uv":[6,9,12.5,5.5],"rotation":270,"texture":"#1"}}},{"from":[7,5,-1],"to":[9,7,8],"rotation":{"angle":0,"axis":"y","origin":[7,5,0]},"faces":{"north":{"uv":[4.4,11.6,5.2,12.4],"texture":"#2"},"east":{"uv":[6.4,5.2,10,6],"texture":"#2"},"west":{"uv":[6.4,6.4,10,7.2],"texture":"#2"},"up":{"uv":[0.8,10.8,0,7.2],"texture":"#2"},"down":{"uv":[2,7.2,1.2,10.8],"texture":"#2"}}},{"from":[7.2535,5,9.25],"to":[8.7465,6.875,12.25],"rotation":{"angle":45,"axis":"x","origin":[7.2535,5,10.25]},"faces":{"east":{"uv":[10.4,4.8,11.6,5.6],"texture":"#2"},"west":{"uv":[10.4,6,11.6,6.8],"texture":"#2"},"up":{"uv":[11.4,9.6,10.8,8.4],"texture":"#2"},"down":{"uv":[10.2,10.8,9.6,12],"texture":"#2"}}},{"from":[7.25,3.58579,11.66421],"to":[8.75,5.58579,17.66421],"rotation":{"angle":0,"axis":"y","origin":[7.25,3.58579,12.66421]},"faces":{"north":{"uv":[8,11.6,8.6,12.4],"texture":"#2"},"east":{"uv":[4,7.6,6.4,8.4],"texture":"#2"},"west":{"uv":[6.8,7.6,9.2,8.4],"texture":"#2"},"up":{"uv":[4.6,11.2,4,8.8],"texture":"#2"},"down":{"uv":[5.8,8.8,5.2,11.2],"texture":"#2"}}},{"from":[7,4.5,8],"to":[9,7.5,11],"rotation":{"angle":0,"axis":"y","origin":[7,4.5,9]},"faces":{"north":{"uv":[9.6,3.2,10.4,4.4],"texture":"#2"},"east":{"uv":[8,0,9.2,1.2],"texture":"#2"},"south":{"uv":[9.6,7.6,10.4,8.8],"texture":"#2"},"west":{"uv":[8,1.6,9.2,2.8],"texture":"#2"},"down":{"uv":[10.4,9.2,9.6,10.4],"texture":"#2"}}},{"from":[7.245,3.15871,18.65375],"to":[8.755,5.58371,19.65375],"rotation":{"angle":-22.5,"axis":"x","origin":[7.245,0.58371,18.65375]},"faces":{"north":{"uv":[10.8,10,11.4,11.2],"texture":"#2"},"east":{"uv":[10.8,11.6,11.2,12.8],"texture":"#2"},"south":{"uv":[0,11.2,0.6,12.4],"texture":"#2"},"west":{"uv":[11.6,11.6,12,12.8],"texture":"#2"},"up":{"uv":[13,13.6,12.4,13.2],"texture":"#2"},"down":{"uv":[13.8,12.4,13.2,12.8],"texture":"#2"}}},{"from":[7.5,3.08579,14.66421],"to":[8.5,4.08579,17.66421],"rotation":{"angle":0,"axis":"y","origin":[7.5,3.08579,14.66421]},"faces":{"east":{"uv":[11.2,2.4,12.4,2.8],"texture":"#2"},"west":{"uv":[12,4.4,13.2,4.8],"texture":"#2"},"down":{"uv":[12.4,5.2,12,6.4],"texture":"#2"}}},{"from":[7.495,2.20711,12.54289],"to":[8.505,4.20711,13.54289],"rotation":{"angle":-45,"axis":"x","origin":[7.495,5.20711,12.54289]},"faces":{"north":{"uv":[8.4,12.8,8.8,13.6],"texture":"#2"},"east":{"uv":[10.8,13.2,11.2,14],"texture":"#2"},"south":{"uv":[13.2,11.2,13.6,12],"texture":"#2"},"west":{"uv":[11.6,13.2,12,14],"texture":"#2"},"down":{"uv":[14,4,13.6,4.4],"texture":"#2"}}},{"from":[9,5.25,-1.25],"to":[12,7.25,0.75],"rotation":{"angle":22.5,"axis":"z","origin":[9,5.25,-1.25]},"faces":{"north":{"uv":[6.4,10.4,7.6,11.2],"texture":"#2"},"east":{"uv":[5.6,11.6,6.4,12.4],"texture":"#2"},"south":{"uv":[8,10.4,9.2,11.2],"texture":"#2"},"west":{"uv":[6.8,11.6,7.6,12.4],"texture":"#2"},"up":{"uv":[12,4,10.8,3.2],"texture":"#2"},"down":{"uv":[12,7.2,10.8,8],"texture":"#2"}}},{"from":[11.06969,6.5,-1.15],"to":[14.06969,8,0.35],"rotation":{"angle":-22.5,"axis":"y","origin":[11.06969,6.5,-1.15]},"faces":{"north":{"uv":[11.2,0,12.4,0.6],"texture":"#2"},"east":{"uv":[12.8,10,13.4,10.6],"texture":"#2"},"south":{"uv":[1.2,11.2,2.4,11.8],"texture":"#2"},"west":{"uv":[13.2,6.8,13.8,7.4],"texture":"#2"},"up":{"uv":[12.4,1.8,11.2,1.2],"texture":"#2"},"down":{"uv":[4,11.6,2.8,12.2],"texture":"#2"}}},{"from":[13.80439,6.75,0.13171],"to":[16.30439,7.75,1.13171],"rotation":{"angle":-45,"axis":"y","origin":[13.80439,6.75,-0.04329]},"faces":{"north":{"uv":[12.4,3.2,13.4,3.6],"texture":"#2"},"east":{"uv":[5.2,13.6,5.6,14],"texture":"#2"},"south":{"uv":[3.6,12.8,4.6,13.2],"texture":"#2"},"up":{"uv":[6.2,13.2,5.2,12.8],"texture":"#2"},"down":{"uv":[13.8,5.2,12.8,5.6],"texture":"#2"}}},{"from":[14.76009,7,1.88125],"to":[15.26009,7.5,3.88125],"rotation":{"angle":22.5,"axis":"y","origin":[15.43509,7,1.88125]},"faces":{"east":{"uv":[6,13.6,6.8,13.8],"texture":"#2"},"south":{"uv":[9.2,14,9.4,14.2],"texture":"#2"},"west":{"uv":[7.2,13.6,8,13.8],"texture":"#2"},"up":{"uv":[13.8,14,13.6,13.2],"texture":"#2"},"down":{"uv":[1,14,0.8,14.8],"texture":"#2"}}},{"from":[4,5.25,-1.25],"to":[7,7.25,0.75],"rotation":{"angle":-22.5,"axis":"z","origin":[7,5.25,-1.25]},"faces":{"north":{"uv":[7.6,10.4,6.4,11.2],"texture":"#2"},"east":{"uv":[7.6,11.6,6.8,12.4],"texture":"#2"},"south":{"uv":[9.2,10.4,8,11.2],"texture":"#2"},"west":{"uv":[6.4,11.6,5.6,12.4],"texture":"#2"},"up":{"uv":[10.8,4,12,3.2],"texture":"#2"},"down":{"uv":[10.8,7.2,12,8],"texture":"#2"}}},{"from":[1.93031,6.5,-1.15],"to":[4.93031,8,0.35],"rotation":{"angle":22.5,"axis":"y","origin":[4.93031,6.5,-1.15]},"faces":{"north":{"uv":[12.4,0,11.2,0.6],"texture":"#2"},"east":{"uv":[13.8,6.8,13.2,7.4],"texture":"#2"},"south":{"uv":[2.4,11.2,1.2,11.8],"texture":"#2"},"west":{"uv":[13.4,10,12.8,10.6],"texture":"#2"},"up":{"uv":[11.2,1.8,12.4,1.2],"texture":"#2"},"down":{"uv":[2.8,11.6,4,12.2],"texture":"#2"}}},{"from":[-0.30439,6.75,0.13171],"to":[2.19561,7.75,1.13171],"rotation":{"angle":45,"axis":"y","origin":[2.19561,6.75,-0.04329]},"faces":{"north":{"uv":[13.4,3.2,12.4,3.6],"texture":"#2"},"south":{"uv":[4.6,12.8,3.6,13.2],"texture":"#2"},"west":{"uv":[5.6,13.6,5.2,14],"texture":"#2"},"up":{"uv":[5.2,13.2,6.2,12.8],"texture":"#2"},"down":{"uv":[12.8,5.2,13.8,5.6],"texture":"#2"}}},{"from":[0.73991,7,1.88125],"to":[1.23991,7.5,3.88125],"rotation":{"angle":-22.5,"axis":"y","origin":[0.56491,7,1.88125]},"faces":{"east":{"uv":[8,13.6,7.2,13.8],"texture":"#2"},"south":{"uv":[9.4,14,9.2,14.2],"texture":"#2"},"west":{"uv":[6.8,13.6,6,13.8],"texture":"#2"},"up":{"uv":[13.6,14,13.8,13.2],"texture":"#2"},"down":{"uv":[0.8,14,1,14.8],"texture":"#2"}}},{"from":[7.5,3,-1.625],"to":[8.5,6,-0.625],"rotation":{"angle":22.5,"axis":"x","origin":[8,3,-1.625]},"faces":{"north":{"uv":[12,8.4,12.4,9.6],"texture":"#2"},"east":{"uv":[12,10,12.4,11.2],"texture":"#2"},"south":{"uv":[1.2,12.4,1.6,13.6],"texture":"#2"},"west":{"uv":[2,12.4,2.4,13.6],"texture":"#2"},"down":{"uv":[2,14,1.6,14.4],"texture":"#2"}}},{"from":[7.5,3,5.125],"to":[8.5,6,6.125],"rotation":{"angle":-22.5,"axis":"x","origin":[8,3,6.125]},"faces":{"north":{"uv":[0,12.8,0.4,14],"texture":"#2"},"east":{"uv":[12.8,0,13.2,1.2],"texture":"#2"},"south":{"uv":[12.8,1.6,13.2,2.8],"texture":"#2"},"west":{"uv":[2.8,12.8,3.2,14],"texture":"#2"},"down":{"uv":[8.8,14,8.4,14.4],"texture":"#2"}}},{"from":[7.5,2.25,1.75],"to":[8.5,5.25,2.75],"rotation":{"angle":0,"axis":"x","origin":[8,2.25,1.75]},"faces":{"north":{"uv":[12.4,6.8,12.8,8],"texture":"#2"},"east":{"uv":[9.2,12.4,9.6,13.6],"texture":"#2"},"south":{"uv":[10,12.4,10.4,13.6],"texture":"#2"},"west":{"uv":[12.4,11.6,12.8,12.8],"texture":"#2"},"down":{"uv":[14.4,3.2,14,3.6],"texture":"#2"}}},{"from":[7.75,2.21927,-0.92948],"to":[8.25,3.21927,1.57052],"rotation":{"angle":22.5,"axis":"x","origin":[7.75,1.46927,2.07052]},"faces":{"east":{"uv":[12.8,6,13.8,6.4],"texture":"#2"},"west":{"uv":[6.8,12.8,7.8,13.2],"texture":"#2"},"up":{"uv":[13.8,1,13.6,0],"texture":"#2"},"down":{"uv":[13.8,1.6,13.6,2.6],"texture":"#2"}}},{"from":[7.75,2.8509,2.60493],"to":[8.25,3.8509,5.10493],"rotation":{"angle":-22.5,"axis":"x","origin":[8,2.6009,3.85493]},"faces":{"east":{"uv":[12.8,8.4,13.8,8.8],"texture":"#2"},"west":{"uv":[12.8,9.2,13.8,9.6],"texture":"#2"},"up":{"uv":[3.8,14.6,3.6,13.6],"texture":"#2"},"down":{"uv":[4.6,13.6,4.4,14.6],"texture":"#2"}}},{"from":[6.5,7.5,8],"to":[9.5,10.5,11],"rotation":{"angle":22.5,"axis":"x","origin":[6.5,7.5,8]},"faces":{"north":{"uv":[8,3.2,9.2,4.4],"texture":"#2"},"east":{"uv":[6.4,8.8,7.6,10],"texture":"#2"},"south":{"uv":[8,8.8,9.2,10],"texture":"#2"},"west":{"uv":[9.6,0,10.8,1.2],"texture":"#2"},"up":{"uv":[10.8,2.8,9.6,1.6],"texture":"#2"},"down":{"uv":[3.6,9.6,2.4,10.8],"texture":"#2"}}},{"from":[0.5,7.249,3.23732],"to":[15.5,7.279,8.23732],"rotation":{"angle":0,"axis":"y","origin":[7.5,7.249,3.23732]},"faces":{"up":{"uv":[6,2,0,0],"texture":"#2"},"down":{"uv":[6,0,0,2],"texture":"#2"}}}],"gui_light":"front","display":{"thirdperson_righthand":{"translation":[-1,3,1]},"thirdperson_lefthand":{"translation":[-1,3,1]},"firstperson_righthand":{"translation":[4,2.75,-1],"scale":[0.7,0.7,0.7]},"firstperson_lefthand":{"translation":[4,2.75,-1],"scale":[0.7,0.7,0.7]},"ground":{"rotation":[30,0,0],"translation":[0,3,0],"scale":[0.7,0.7,0.7]},"gui":{"rotation":[90,45,0],"translation":[1.75,-1.75,0],"scale":[0.75,0.75,0.75]},"head":{"rotation":[24,0,0]},"fixed":{"rotation":[-90,0,0],"translation":[0,0,-8.25],"scale":[2,2,2]}}}