{"credit":"Pologony Creation Co.,Ltd.","texture_size":[32,32],"textures":{"1":"plny_halloween_set:animations/animation_1","2":"plny_halloween_set:fishing_rod"},"elements":[{"from":[7.5,-3.25,7.25],"to":[8.5,-1.75,8.75],"rotation":{"angle":-45,"axis":"x","origin":[8,-2.5,8]},"faces":{"north":{"uv":[12,10,12.5,10.75],"texture":"#2"},"east":{"uv":[10.5,7,11.25,7.75],"texture":"#2"},"south":{"uv":[12,11.5,12.5,12.25],"texture":"#2"},"west":{"uv":[7.5,10.5,8.25,11.25],"texture":"#2"},"up":{"uv":[13,0.75,12.5,0],"texture":"#2"},"down":{"uv":[2,12.5,1.5,13.25],"texture":"#2"}}},{"from":[7,-2,7],"to":[9,0,9],"rotation":{"angle":0,"axis":"y","origin":[8,-1,8]},"faces":{"north":{"uv":[6,9,7,10],"texture":"#2"},"east":{"uv":[9,6.5,10,7.5],"texture":"#2"},"south":{"uv":[7.5,9,8.5,10],"texture":"#2"},"west":{"uv":[9,8,10,9],"texture":"#2"},"up":{"uv":[10.5,1,9.5,0],"texture":"#2"},"down":{"uv":[2.5,9.5,1.5,10.5],"texture":"#2"}}},{"from":[7.75,0,6.68934],"to":[9.75,0.5,8.68934],"rotation":{"angle":-45,"axis":"y","origin":[8,0,6.93934]},"faces":{"north":{"uv":[13,3.5,14,3.75],"texture":"#2"},"east":{"uv":[13,4.5,14,4.75],"texture":"#2"},"south":{"uv":[13,7,14,7.25],"texture":"#2"},"west":{"uv":[13,8,14,8.25],"texture":"#2"},"up":{"uv":[10,10.5,9,9.5],"texture":"#2"},"down":{"uv":[1,10,0,11],"texture":"#2"}}},{"from":[8,0.5,6.93934],"to":[9.5,1.5,8.43934],"rotation":{"angle":-45,"axis":"y","origin":[8,0.5,6.93934]},"faces":{"north":{"uv":[9,12.5,9.75,13],"texture":"#2"},"east":{"uv":[0,13,0.75,13.5],"texture":"#2"},"south":{"uv":[13,1.5,13.75,2],"texture":"#2"},"west":{"uv":[13,2.5,13.75,3],"texture":"#2"},"up":{"uv":[11.25,9.25,10.5,8.5],"texture":"#2"}}},{"from":[8,3.5,6.93934],"to":[9.5,5,8.43934],"rotation":{"angle":-45,"axis":"y","origin":[8,5.5,6.93934]},"faces":{"north":{"uv":[10.5,10,11.25,10.75],"texture":"#2"},"east":{"uv":[11,0,11.75,0.75],"texture":"#2"},"south":{"uv":[1.5,11,2.25,11.75],"texture":"#2"},"west":{"uv":[9,11,9.75,11.75],"texture":"#2"},"up":{"uv":[0.75,12.25,0,11.5],"texture":"#2"},"down":{"uv":[12.25,1.5,11.5,2.25],"texture":"#2"}}},{"from":[7.75,4,6.68934],"to":[9.75,4.5,8.68934],"rotation":{"angle":-45,"axis":"y","origin":[8,4.5,6.93934]},"faces":{"north":{"uv":[13,9,14,9.25],"texture":"#2"},"east":{"uv":[13,10,14,10.25],"texture":"#2"},"south":{"uv":[10.5,13,11.5,13.25],"texture":"#2"},"west":{"uv":[13,11,14,11.25],"texture":"#2"},"up":{"uv":[11,2.5,10,1.5],"texture":"#2"},"down":{"uv":[11,3,10,4],"texture":"#2"}}},{"from":[8,7.5,6.93934],"to":[9.5,8,8.43934],"rotation":{"angle":-45,"axis":"y","origin":[8,8.5,6.93934]},"faces":{"north":{"uv":[14.5,3,15.25,3.25],"texture":"#2"},"east":{"uv":[3.5,14.5,4.25,14.75],"texture":"#2"},"south":{"uv":[14.5,4,15.25,4.25],"texture":"#2"},"west":{"uv":[5,14.5,5.75,14.75],"texture":"#2"},"up":{"uv":[12.25,3.75,11.5,3],"texture":"#2"}}},{"from":[7.75,7,6.68934],"to":[9.75,7.5,8.68934],"rotation":{"angle":-45,"axis":"y","origin":[8,7.5,6.93934]},"faces":{"north":{"uv":[12,13,13,13.25],"texture":"#2"},"east":{"uv":[13,12,14,12.25],"texture":"#2"},"south":{"uv":[13.5,0,14.5,0.25],"texture":"#2"},"west":{"uv":[2.5,13.5,3.5,13.75],"texture":"#2"},"up":{"uv":[11,5.5,10,4.5],"texture":"#2"},"down":{"uv":[4,10.5,3,11.5],"texture":"#2"}}},{"from":[8,1.5,7.29289],"to":[9,3.5,8.29289],"rotation":{"angle":-45,"axis":"y","origin":[8,0.5,7.29289]},"faces":{"north":{"uv":[3,12,3.5,13],"texture":"#2"},"east":{"uv":[4,12,4.5,13],"texture":"#2"},"south":{"uv":[5,12,5.5,13],"texture":"#2"},"west":{"uv":[6,12,6.5,13],"texture":"#2"}}},{"from":[8,5,7.29289],"to":[9,7,8.29289],"rotation":{"angle":-45,"axis":"y","origin":[8,4.5,7.29289]},"faces":{"north":{"uv":[7,12,7.5,13],"texture":"#2"},"east":{"uv":[12,7,12.5,8],"texture":"#2"},"south":{"uv":[8,12,8.5,13],"texture":"#2"},"west":{"uv":[12,8.5,12.5,9.5],"texture":"#2"}}},{"from":[7,7.5,8],"to":[9,10,10.5],"rotation":{"angle":-45,"axis":"x","origin":[7.75,7.5,8]},"faces":{"north":{"uv":[6,7,7,8.25],"texture":"#2"},"east":{"uv":[0,6,1.25,7.25],"texture":"#2"},"south":{"uv":[7.5,7,8.5,8.25],"texture":"#2"},"west":{"uv":[2,6,3.25,7.25],"texture":"#2"},"up":{"uv":[1,9.25,0,8],"texture":"#2"},"down":{"uv":[9,0,8,1.25],"texture":"#2"}}},{"from":[6.75,7.75,8.25],"to":[9.25,9.75,10.25],"rotation":{"angle":-45,"axis":"x","origin":[7.75,7.5,8]},"faces":{"north":{"uv":[1.5,8,2.75,9],"texture":"#2"},"east":{"uv":[4.5,10.5,5.5,11.5],"texture":"#2"},"south":{"uv":[8,2,9.25,3],"texture":"#2"},"west":{"uv":[6,10.5,7,11.5],"texture":"#2"},"up":{"uv":[9.25,4.5,8,3.5],"texture":"#2"},"down":{"uv":[9.25,5,8,6],"texture":"#2"}}},{"from":[6.9,9.75,2],"to":[6.9,13.25,9.5],"rotation":{"angle":-22.5,"axis":"x","origin":[6.9,11.5,5.75]},"faces":{"west":{"uv":[0,0,7.5,3.5],"texture":"#1"}}},{"from":[6.65,5.5,7],"to":[6.65,9,13.5],"rotation":{"angle":22.5,"axis":"x","origin":[6.65,7.25,10.25]},"faces":{"west":{"uv":[6,5.5,12.5,9],"texture":"#1"}}},{"from":[9.1,9.75,2],"to":[9.1,13.25,9.5],"rotation":{"angle":-22.5,"axis":"x","origin":[9.1,11.5,5.75]},"faces":{"east":{"uv":[7.5,0,0,3.5],"texture":"#1"}}},{"from":[9.35,5.5,7],"to":[9.35,9,13.5],"rotation":{"angle":22.5,"axis":"x","origin":[9.35,7.25,10.25]},"faces":{"east":{"uv":[12.5,5.5,6,9],"texture":"#1"}}},{"from":[7.25,9.26777,7.25],"to":[8.75,15.26777,8.75],"rotation":{"angle":0,"axis":"y","origin":[7.25,9.26777,7.25]},"faces":{"north":{"uv":[4,0,4.75,3],"texture":"#2"},"east":{"uv":[4,3.5,4.75,6.5],"texture":"#2"},"south":{"uv":[5.5,0,6.25,3],"texture":"#2"},"west":{"uv":[5.5,3.5,6.25,6.5],"texture":"#2"},"up":{"uv":[12.25,5.25,11.5,4.5],"texture":"#2"}}},{"from":[7.5,15.26777,7.5],"to":[8.5,21.26777,8.5],"rotation":{"angle":0,"axis":"y","origin":[7.5,15.26777,7.5]},"faces":{"north":{"uv":[7,0,7.5,3],"texture":"#2"},"east":{"uv":[7,3.5,7.5,6.5],"texture":"#2"},"south":{"uv":[4,7,4.5,10],"texture":"#2"},"west":{"uv":[5,7,5.5,10],"texture":"#2"},"up":{"uv":[3.5,10,3,9.5],"texture":"#2"}}},{"from":[7,11,7],"to":[9,11.5,7.5],"rotation":{"angle":0,"axis":"y","origin":[8,11.25,6.5]},"faces":{"north":{"uv":[4,13.5,5,13.75],"texture":"#2"},"east":{"uv":[14.5,10,14.75,10.25],"texture":"#2"},"south":{"uv":[5.5,13.5,6.5,13.75],"texture":"#2"},"west":{"uv":[14.5,11,14.75,11.25],"texture":"#2"},"up":{"uv":[8,13.75,7,13.5],"texture":"#2"},"down":{"uv":[9.5,13.5,8.5,13.75],"texture":"#2"}}},{"from":[7,11,5.5],"to":[9,11.5,6],"rotation":{"angle":0,"axis":"y","origin":[8,11.25,6.5]},"faces":{"north":{"uv":[13.5,13,14.5,13.25],"texture":"#2"},"east":{"uv":[14.5,12,14.75,12.25],"texture":"#2"},"south":{"uv":[0,14,1,14.25],"texture":"#2"},"west":{"uv":[0,15,0.25,15.25],"texture":"#2"},"up":{"uv":[11,14.25,10,14],"texture":"#2"},"down":{"uv":[12.5,14,11.5,14.25],"texture":"#2"}}},{"from":[8.5,11,6],"to":[9,11.5,7],"rotation":{"angle":0,"axis":"y","origin":[8,11.25,6.5]},"faces":{"east":{"uv":[14.5,5,15,5.25],"texture":"#2"},"west":{"uv":[14.5,6,15,6.25],"texture":"#2"},"up":{"uv":[6.75,15,6.5,14.5],"texture":"#2"},"down":{"uv":[14.75,7,14.5,7.5],"texture":"#2"}}},{"from":[7,11,6],"to":[7.5,11.5,7],"rotation":{"angle":0,"axis":"y","origin":[8,11.25,6.5]},"faces":{"east":{"uv":[7.5,14.5,8,14.75],"texture":"#2"},"west":{"uv":[14.5,8,15,8.25],"texture":"#2"},"up":{"uv":[8.75,15,8.5,14.5],"texture":"#2"},"down":{"uv":[14.75,9,14.5,9.5],"texture":"#2"}}},{"from":[7,14,7],"to":[9,14.5,7.5],"rotation":{"angle":0,"axis":"y","origin":[8,14.25,6.5]},"faces":{"north":{"uv":[4,13.5,5,13.75],"texture":"#2"},"east":{"uv":[14.5,10,14.75,10.25],"texture":"#2"},"south":{"uv":[5.5,13.5,6.5,13.75],"texture":"#2"},"west":{"uv":[14.5,11,14.75,11.25],"texture":"#2"},"up":{"uv":[8,13.75,7,13.5],"texture":"#2"},"down":{"uv":[9.5,13.5,8.5,13.75],"texture":"#2"}}},{"from":[7,14,6],"to":[7.5,14.5,7],"rotation":{"angle":0,"axis":"y","origin":[8,14.25,6.5]},"faces":{"east":{"uv":[7.5,14.5,8,14.75],"texture":"#2"},"west":{"uv":[14.5,8,15,8.25],"texture":"#2"},"up":{"uv":[8.75,15,8.5,14.5],"texture":"#2"},"down":{"uv":[14.75,9,14.5,9.5],"texture":"#2"}}},{"from":[7,14,5.5],"to":[9,14.5,6],"rotation":{"angle":0,"axis":"y","origin":[8,14.25,6.5]},"faces":{"north":{"uv":[13.5,13,14.5,13.25],"texture":"#2"},"east":{"uv":[14.5,12,14.75,12.25],"texture":"#2"},"south":{"uv":[0,14,1,14.25],"texture":"#2"},"west":{"uv":[0,15,0.25,15.25],"texture":"#2"},"up":{"uv":[11,14.25,10,14],"texture":"#2"},"down":{"uv":[12.5,14,11.5,14.25],"texture":"#2"}}},{"from":[8.5,14,6],"to":[9,14.5,7],"rotation":{"angle":0,"axis":"y","origin":[8,14.25,6.5]},"faces":{"east":{"uv":[14.5,5,15,5.25],"texture":"#2"},"west":{"uv":[14.5,6,15,6.25],"texture":"#2"},"up":{"uv":[6.75,15,6.5,14.5],"texture":"#2"},"down":{"uv":[14.75,7,14.5,7.5],"texture":"#2"}}},{"from":[7,17,7],"to":[9,17.5,7.5],"rotation":{"angle":0,"axis":"y","origin":[8,17.25,6.5]},"faces":{"north":{"uv":[4,13.5,5,13.75],"texture":"#2"},"east":{"uv":[14.5,10,14.75,10.25],"texture":"#2"},"south":{"uv":[5.5,13.5,6.5,13.75],"texture":"#2"},"west":{"uv":[14.5,11,14.75,11.25],"texture":"#2"},"up":{"uv":[8,13.75,7,13.5],"texture":"#2"},"down":{"uv":[9.5,13.5,8.5,13.75],"texture":"#2"}}},{"from":[7,17,6],"to":[7.5,17.5,7],"rotation":{"angle":0,"axis":"y","origin":[8,17.25,6.5]},"faces":{"east":{"uv":[7.5,14.5,8,14.75],"texture":"#2"},"west":{"uv":[14.5,8,15,8.25],"texture":"#2"},"up":{"uv":[8.75,15,8.5,14.5],"texture":"#2"},"down":{"uv":[14.75,9,14.5,9.5],"texture":"#2"}}},{"from":[7,17,5.5],"to":[9,17.5,6],"rotation":{"angle":0,"axis":"y","origin":[8,17.25,6.5]},"faces":{"north":{"uv":[13.5,13,14.5,13.25],"texture":"#2"},"east":{"uv":[14.5,12,14.75,12.25],"texture":"#2"},"south":{"uv":[0,14,1,14.25],"texture":"#2"},"west":{"uv":[0,15,0.25,15.25],"texture":"#2"},"up":{"uv":[11,14.25,10,14],"texture":"#2"},"down":{"uv":[12.5,14,11.5,14.25],"texture":"#2"}}},{"from":[8.5,17,6],"to":[9,17.5,7],"rotation":{"angle":0,"axis":"y","origin":[8,17.25,6.5]},"faces":{"east":{"uv":[14.5,5,15,5.25],"texture":"#2"},"west":{"uv":[14.5,6,15,6.25],"texture":"#2"},"up":{"uv":[6.75,15,6.5,14.5],"texture":"#2"},"down":{"uv":[14.75,7,14.5,7.5],"texture":"#2"}}},{"from":[7,20,7],"to":[9,20.5,7.5],"rotation":{"angle":0,"axis":"y","origin":[8,20.25,6.5]},"faces":{"north":{"uv":[4,13.5,5,13.75],"texture":"#2"},"east":{"uv":[14.5,10,14.75,10.25],"texture":"#2"},"south":{"uv":[5.5,13.5,6.5,13.75],"texture":"#2"},"west":{"uv":[14.5,11,14.75,11.25],"texture":"#2"},"up":{"uv":[8,13.75,7,13.5],"texture":"#2"},"down":{"uv":[9.5,13.5,8.5,13.75],"texture":"#2"}}},{"from":[7,20,6],"to":[7.5,20.5,7],"rotation":{"angle":0,"axis":"y","origin":[8,20.25,6.5]},"faces":{"east":{"uv":[7.5,14.5,8,14.75],"texture":"#2"},"west":{"uv":[14.5,8,15,8.25],"texture":"#2"},"up":{"uv":[8.75,15,8.5,14.5],"texture":"#2"},"down":{"uv":[14.75,9,14.5,9.5],"texture":"#2"}}},{"from":[7,20,5.5],"to":[9,20.5,6],"rotation":{"angle":0,"axis":"y","origin":[8,20.25,6.5]},"faces":{"north":{"uv":[13.5,13,14.5,13.25],"texture":"#2"},"east":{"uv":[14.5,12,14.75,12.25],"texture":"#2"},"south":{"uv":[0,14,1,14.25],"texture":"#2"},"west":{"uv":[0,15,0.25,15.25],"texture":"#2"},"up":{"uv":[11,14.25,10,14],"texture":"#2"},"down":{"uv":[12.5,14,11.5,14.25],"texture":"#2"}}},{"from":[8.5,20,6],"to":[9,20.5,7],"rotation":{"angle":0,"axis":"y","origin":[8,20.25,6.5]},"faces":{"east":{"uv":[14.5,5,15,5.25],"texture":"#2"},"west":{"uv":[14.5,6,15,6.25],"texture":"#2"},"up":{"uv":[6.75,15,6.5,14.5],"texture":"#2"},"down":{"uv":[14.75,7,14.5,7.5],"texture":"#2"}}},{"from":[7.985,9.5,5],"to":[8.015,20.5,8],"rotation":{"angle":0,"axis":"y","origin":[7.985,9,3]},"faces":{"east":{"uv":[1.5,0,0,5.5],"texture":"#2"},"west":{"uv":[0,0,1.5,5.5],"texture":"#2"}}},{"from":[7.985,20.5,1],"to":[8.015,21,8],"rotation":{"angle":0,"axis":"y","origin":[7.985,20,3]},"faces":{"east":{"uv":[14,6,10.5,6.25],"texture":"#2"},"west":{"uv":[10.5,6,14,6.25],"texture":"#2"}}},{"from":[7.985,19.5,-1.5],"to":[8.015,21,0],"rotation":{"angle":0,"axis":"y","origin":[7.985,20,-5]},"faces":{"east":{"uv":[11.25,11.5,10.5,12.25],"texture":"#2"},"west":{"uv":[10.5,11.5,11.25,12.25],"texture":"#2"}}},{"from":[7.5,20.25,0],"to":[8.5,21.25,1],"rotation":{"angle":0,"axis":"y","origin":[7.5,20.25,0]},"faces":{"north":{"uv":[1.5,14,2,14.5],"texture":"#2"},"east":{"uv":[13,14,13.5,14.5],"texture":"#2"},"south":{"uv":[14,14,14.5,14.5],"texture":"#2"},"west":{"uv":[14.5,1,15,1.5],"texture":"#2"},"up":{"uv":[15,2.5,14.5,2],"texture":"#2"},"down":{"uv":[3,14.5,2.5,15],"texture":"#2"}}}],"gui_light":"front","display":{"thirdperson_righthand":{"translation":[0,1.75,1]},"thirdperson_lefthand":{"translation":[0,1.75,1]},"firstperson_righthand":{"rotation":[10,0,0],"translation":[2.5,0.75,0],"scale":[0.7,0.7,0.7]},"firstperson_lefthand":{"rotation":[10,0,0],"translation":[2.5,0.75,0],"scale":[0.7,0.7,0.7]},"ground":{"rotation":[-45,0,0],"translation":[0,3,0],"scale":[0.7,0.7,0.7]},"gui":{"rotation":[-90,45,90],"translation":[2.75,-0.25,0],"scale":[0.7,0.7,0.7]},"head":{"rotation":[0,-90,0]},"fixed":{"rotation":[0,-90,0],"translation":[0,0,-1.5],"scale":[2,2,2]}}}