{"credit":"Pologony Creation Co.,Ltd.","texture_size":[32,32],"textures":{"0":"plny_halloween_set:helmet","particle":"plny_halloween_set:helmet"},"elements":[{"from":[3,0.25,3],"to":[13,10.25,13],"rotation":{"angle":0,"axis":"y","origin":[3,0.25,3]},"faces":{"north":{"uv":[0,0,5,5],"texture":"#0"},"east":{"uv":[0,5.5,5,10.5],"texture":"#0"},"south":{"uv":[5.5,0,10.5,5],"texture":"#0"},"west":{"uv":[5.5,5.5,10.5,10.5],"texture":"#0"},"up":{"uv":[5,16,0,11],"texture":"#0"},"down":{"uv":[16,0,11,5],"texture":"#0"}}},{"from":[1.1,5.25,8.25],"to":[8.1,13.25,8.25],"rotation":{"angle":22.5,"axis":"y","origin":[7.1,8.25,8.25]},"faces":{"north":{"uv":[5.5,11,9,15],"texture":"#0"},"south":{"uv":[9,11,5.5,15],"texture":"#0"}}},{"from":[6.99984,8.25,10.34241],"to":[13.99984,13.25,10.34241],"rotation":{"angle":-45,"axis":"y","origin":[10.49984,10.75,10.34241]},"faces":{"north":{"uv":[11,5.5,14.5,8],"texture":"#0"},"south":{"uv":[14.5,5.5,11,8],"texture":"#0"}}}],"gui_light":"front","display":{"thirdperson_righthand":{"rotation":[56.75,0,0],"translation":[0,7.5,4.5]},"thirdperson_lefthand":{"rotation":[56.75,0,0],"translation":[0,7.5,4.5]},"firstperson_righthand":{"rotation":[158.5,0,-180],"translation":[0,5,-0.25],"scale":[0.6,0.6,0.6]},"firstperson_lefthand":{"rotation":[158.5,0,-180],"translation":[0,5,-0.25],"scale":[0.6,0.6,0.6]},"ground":{"translation":[0,3,0],"scale":[0.7,0.7,0.7]},"gui":{"rotation":[35,135,0],"translation":[0,2.25,0]},"head":{"translation":[0,4.5,0],"scale":[1.6,1.6,1.6]},"fixed":{"rotation":[-90,0,0],"translation":[0,0,-15],"scale":[2,2,2]}}}