{"credit":"Pologony Creation Co.,Ltd.","textures":{"1":"plny_halloween_set:pickaxe","2":"plny_halloween_set:animations/animation_1","particle":"plny_halloween_set:pickaxe"},"elements":[{"from":[7.5,-3.25,7.25],"to":[8.5,-1.75,8.75],"rotation":{"angle":-45,"axis":"x","origin":[8,-2.5,8]},"faces":{"north":{"uv":[0.8,11.6,1.2,12.2],"texture":"#1"},"east":{"uv":[10,8,10.6,8.6],"texture":"#1"},"south":{"uv":[11.6,1.2,12,1.8],"texture":"#1"},"west":{"uv":[10,9.2,10.6,9.8],"texture":"#1"},"up":{"uv":[2,12.2,1.6,11.6],"texture":"#1"},"down":{"uv":[2.8,11.6,2.4,12.2],"texture":"#1"}}},{"from":[7,-2,7],"to":[9,0,9],"rotation":{"angle":0,"axis":"y","origin":[8,-1,8]},"faces":{"north":{"uv":[4,8,4.8,8.8],"texture":"#1"},"east":{"uv":[8,4.8,8.8,5.6],"texture":"#1"},"south":{"uv":[5.2,8,6,8.8],"texture":"#1"},"west":{"uv":[8,6,8.8,6.8],"texture":"#1"},"up":{"uv":[7.2,8.8,6.4,8],"texture":"#1"},"down":{"uv":[8.8,7.2,8,8],"texture":"#1"}}},{"from":[7.75,0,6.68934],"to":[9.75,0.5,8.68934],"rotation":{"angle":-45,"axis":"y","origin":[8,0,6.93934]},"faces":{"north":{"uv":[12,6.4,12.8,6.6],"texture":"#1"},"east":{"uv":[12.4,1.2,13.2,1.4],"texture":"#1"},"south":{"uv":[3.2,12.4,4,12.6],"texture":"#1"},"west":{"uv":[5.2,12.4,6,12.6],"texture":"#1"},"up":{"uv":[9.2,0.8,8.4,0],"texture":"#1"},"down":{"uv":[9.2,1.2,8.4,2],"texture":"#1"}}},{"from":[8,0.5,6.93934],"to":[9.5,1.5,8.43934],"rotation":{"angle":-45,"axis":"y","origin":[8,0.5,6.93934]},"faces":{"north":{"uv":[2,5.6,2.6,6],"texture":"#1"},"east":{"uv":[11.6,2.4,12.2,2.8],"texture":"#1"},"south":{"uv":[3.2,11.6,3.8,12],"texture":"#1"},"west":{"uv":[11.6,3.2,12.2,3.6],"texture":"#1"},"up":{"uv":[0.6,11,0,10.4],"texture":"#1"}}},{"from":[8,3.5,6.93934],"to":[9.5,5,8.43934],"rotation":{"angle":-45,"axis":"y","origin":[8,5.5,6.93934]},"faces":{"north":{"uv":[10.4,0,11,0.6],"texture":"#1"},"east":{"uv":[10.4,1.2,11,1.8],"texture":"#1"},"south":{"uv":[10.4,2.4,11,3],"texture":"#1"},"west":{"uv":[10.4,3.6,11,4.2],"texture":"#1"},"up":{"uv":[4.6,11,4,10.4],"texture":"#1"},"down":{"uv":[10.6,10.4,10,11],"texture":"#1"}}},{"from":[7.75,4,6.68934],"to":[9.75,4.5,8.68934],"rotation":{"angle":-45,"axis":"y","origin":[8,4.5,6.93934]},"faces":{"north":{"uv":[6.4,12.4,7.2,12.6],"texture":"#1"},"east":{"uv":[12.4,7.2,13.2,7.4],"texture":"#1"},"south":{"uv":[7.6,12.4,8.4,12.6],"texture":"#1"},"west":{"uv":[8.8,12.4,9.6,12.6],"texture":"#1"},"up":{"uv":[9.2,3.2,8.4,2.4],"texture":"#1"},"down":{"uv":[9.2,3.6,8.4,4.4],"texture":"#1"}}},{"from":[8,7.5,6.93934],"to":[9.5,8,8.43934],"rotation":{"angle":-45,"axis":"y","origin":[8,8.5,6.93934]},"faces":{"north":{"uv":[12.8,2.8,13.4,3],"texture":"#1"},"east":{"uv":[12.8,3.6,13.4,3.8],"texture":"#1"},"south":{"uv":[12.8,4.4,13.4,4.6],"texture":"#1"},"west":{"uv":[12.8,5.2,13.4,5.4],"texture":"#1"},"up":{"uv":[11.4,5.4,10.8,4.8],"texture":"#1"}}},{"from":[7.75,7,6.68934],"to":[9.75,7.5,8.68934],"rotation":{"angle":-45,"axis":"y","origin":[8,7.5,6.93934]},"faces":{"north":{"uv":[12.4,12,13.2,12.2],"texture":"#1"},"east":{"uv":[0,12.8,0.8,13],"texture":"#1"},"south":{"uv":[1.2,12.8,2,13],"texture":"#1"},"west":{"uv":[12.8,2,13.6,2.2],"texture":"#1"},"up":{"uv":[8.4,9.2,7.6,8.4],"texture":"#1"},"down":{"uv":[2.4,8.8,1.6,9.6],"texture":"#1"}}},{"from":[8,1.5,7.29289],"to":[9,3.5,8.29289],"rotation":{"angle":-45,"axis":"y","origin":[8,0.5,7.29289]},"faces":{"north":{"uv":[7.6,11.2,8,12],"texture":"#1"},"east":{"uv":[8.4,11.2,8.8,12],"texture":"#1"},"south":{"uv":[11.2,8.4,11.6,9.2],"texture":"#1"},"west":{"uv":[9.2,11.2,9.6,12],"texture":"#1"}}},{"from":[8,5,7.29289],"to":[9,7,8.29289],"rotation":{"angle":-45,"axis":"y","origin":[8,4.5,7.29289]},"faces":{"north":{"uv":[11.2,9.6,11.6,10.4],"texture":"#1"},"east":{"uv":[11.2,10.8,11.6,11.6],"texture":"#1"},"south":{"uv":[0,11.6,0.4,12.4],"texture":"#1"},"west":{"uv":[11.6,0,12,0.8],"texture":"#1"}}},{"from":[7,11.5,8],"to":[9,14,10.5],"rotation":{"angle":-45,"axis":"x","origin":[7.75,11.5,8]},"faces":{"north":{"uv":[6.4,2.4,7.2,3.4],"texture":"#1"},"east":{"uv":[4.8,3.2,5.8,4.2],"texture":"#1"},"south":{"uv":[4,6.4,4.8,7.4],"texture":"#1"},"west":{"uv":[4.8,4.8,5.8,5.8],"texture":"#1"},"up":{"uv":[7.2,5,6.4,4],"texture":"#1"},"down":{"uv":[6,6.4,5.2,7.4],"texture":"#1"}}},{"from":[6.75,11.75,8.25],"to":[9.25,13.75,10.25],"rotation":{"angle":-45,"axis":"x","origin":[7.75,11.5,8]},"faces":{"north":{"uv":[6.4,5.6,7.4,6.4],"texture":"#1"},"east":{"uv":[8.8,8.4,9.6,9.2],"texture":"#1"},"south":{"uv":[0,6.8,1,7.6],"texture":"#1"},"west":{"uv":[4,9.2,4.8,10],"texture":"#1"},"up":{"uv":[7.4,7.6,6.4,6.8],"texture":"#1"},"down":{"uv":[2.6,7.6,1.6,8.4],"texture":"#1"}}},{"from":[8,8,7.29289],"to":[9,12.5,8.29289],"rotation":{"angle":-45,"axis":"y","origin":[8,8,7.29289]},"faces":{"north":{"uv":[7.6,2.4,8,4.2],"texture":"#1"},"east":{"uv":[3.2,7.6,3.6,9.4],"texture":"#1"},"south":{"uv":[0,8,0.4,9.8],"texture":"#1"},"west":{"uv":[0.8,8,1.2,9.8],"texture":"#1"},"up":{"uv":[2.8,13.2,2.4,12.8],"texture":"#1"}}},{"from":[7.5,10.57225,5.51297],"to":[8.5,13.57225,8.51297],"rotation":{"angle":-22.5,"axis":"x","origin":[7.5,9.57225,5.51297]},"faces":{"north":{"uv":[9.2,6.8,9.6,8],"texture":"#1"},"east":{"uv":[3.2,0,4.4,1.2],"texture":"#1"},"south":{"uv":[9.6,0,10,1.2],"texture":"#1"},"west":{"uv":[3.2,1.6,4.4,2.8],"texture":"#1"},"up":{"uv":[10,2.8,9.6,1.6],"texture":"#1"},"down":{"uv":[10,3.2,9.6,4.4],"texture":"#1"}}},{"from":[7.5035,13.26777,3.98223],"to":[8.4965,16.26777,7.15723],"rotation":{"angle":22.5,"axis":"x","origin":[7.5035,13.26777,3.98223]},"faces":{"north":{"uv":[7.6,9.6,8,10.8],"texture":"#1"},"east":{"uv":[3.2,3.2,4.4,4.4],"texture":"#1"},"west":{"uv":[0,4,1.2,5.2],"texture":"#1"},"up":{"uv":[8.8,10.8,8.4,9.6],"texture":"#1"}}},{"from":[7.625,13.78517,1.66507],"to":[8.375,15.28517,5.16507],"rotation":{"angle":0,"axis":"x","origin":[7.875,13.18517,3.41507]},"faces":{"north":{"uv":[4.4,11.6,4.8,12.2],"texture":"#1"},"east":{"uv":[0,5.6,1.4,6.2],"texture":"#1"},"south":{"uv":[10,11.6,10.4,12.2],"texture":"#1"},"west":{"uv":[6.4,0,7.8,0.6],"texture":"#1"},"up":{"uv":[9.6,6.2,9.2,4.8],"texture":"#1"},"down":{"uv":[5.6,9.2,5.2,10.6],"texture":"#1"}}},{"from":[7.985,11.28517,-1.83493],"to":[8.015,15.28517,5.16507],"rotation":{"angle":0,"axis":"x","origin":[7.485,13.18517,3.41507]},"faces":{"east":{"uv":[2.8,0,0,1.6],"texture":"#1"},"west":{"uv":[0,0,2.8,1.6],"texture":"#1"}}},{"from":[7.6225,14.16905,1.23829],"to":[8.3775,15.54405,2.73829],"rotation":{"angle":45,"axis":"x","origin":[7.994,14.66905,1.98829]},"faces":{"north":{"uv":[12,4,12.4,4.6],"texture":"#1"},"east":{"uv":[10.8,6,11.4,6.6],"texture":"#1"},"west":{"uv":[5.2,11.2,5.8,11.8],"texture":"#1"},"up":{"uv":[12.4,5.8,12,5.2],"texture":"#1"},"down":{"uv":[12.4,8.4,12,9],"texture":"#1"}}},{"from":[7.5,10.57225,7.48703],"to":[8.5,13.57225,10.48703],"rotation":{"angle":22.5,"axis":"x","origin":[7.5,9.57225,10.48703]},"faces":{"north":{"uv":[9.2,9.6,9.6,10.8],"texture":"#1"},"east":{"uv":[1.6,4,2.8,5.2],"texture":"#1"},"south":{"uv":[1.6,10,2,11.2],"texture":"#1"},"west":{"uv":[4.8,0,6,1.2],"texture":"#1"},"up":{"uv":[2.8,11.2,2.4,10],"texture":"#1"},"down":{"uv":[3.6,10,3.2,11.2],"texture":"#1"}}},{"from":[7.5035,13.26777,8.84277],"to":[8.4965,16.26777,12.01777],"rotation":{"angle":-22.5,"axis":"x","origin":[7.5035,13.26777,12.01777]},"faces":{"east":{"uv":[4.8,1.6,6,2.8],"texture":"#1"},"south":{"uv":[10,4.8,10.4,6],"texture":"#1"},"west":{"uv":[3.2,4.8,4.4,6],"texture":"#1"},"up":{"uv":[10.4,7.6,10,6.4],"texture":"#1"}}},{"from":[7.625,13.78517,10.83493],"to":[8.375,15.28517,14.33493],"rotation":{"angle":0,"axis":"x","origin":[7.875,13.18517,12.58493]},"faces":{"north":{"uv":[12,9.6,12.4,10.2],"texture":"#1"},"east":{"uv":[6.4,1.2,7.8,1.8],"texture":"#1"},"south":{"uv":[10.8,12,11.2,12.6],"texture":"#1"},"west":{"uv":[2,6.4,3.4,7],"texture":"#1"},"up":{"uv":[6.4,10.6,6,9.2],"texture":"#1"},"down":{"uv":[7.2,9.2,6.8,10.6],"texture":"#1"}}},{"from":[7.6225,14.16905,13.26171],"to":[8.3775,15.54405,14.76171],"rotation":{"angle":-45,"axis":"x","origin":[7.994,14.66905,14.01171]},"faces":{"east":{"uv":[6.4,11.2,7,11.8],"texture":"#1"},"south":{"uv":[12,10.8,12.4,11.4],"texture":"#1"},"west":{"uv":[11.2,7.2,11.8,7.8],"texture":"#1"},"up":{"uv":[12,12.6,11.6,12],"texture":"#1"},"down":{"uv":[12.8,0,12.4,0.6],"texture":"#1"}}},{"from":[7.985,11.28517,10.83493],"to":[8.015,15.28517,17.83493],"rotation":{"angle":0,"axis":"x","origin":[7.485,13.18517,12.58493]},"faces":{"east":{"uv":[2.8,2,0,3.6],"texture":"#1"},"west":{"uv":[0,2,2.8,3.6],"texture":"#1"}}},{"from":[6.9,13.75,2],"to":[6.9,17.25,9.5],"rotation":{"angle":-22.5,"axis":"x","origin":[6.9,15.5,5.75]},"faces":{"west":{"uv":[0,0,7.5,3.5],"texture":"#2"}}},{"from":[6.65,9,7],"to":[6.65,12.5,13.5],"rotation":{"angle":22.5,"axis":"x","origin":[6.65,10.75,10.25]},"faces":{"west":{"uv":[6,5.5,12.5,9],"texture":"#2"}}},{"from":[9.35,9,7],"to":[9.35,12.5,13.5],"rotation":{"angle":22.5,"axis":"x","origin":[9.35,10.75,10.25]},"faces":{"east":{"uv":[12.5,5.5,6,9],"texture":"#2"}}},{"from":[9.1,13.75,2],"to":[9.1,17.25,9.5],"rotation":{"angle":-22.5,"axis":"x","origin":[9.1,15.5,5.75]},"faces":{"east":{"uv":[7.5,0,0,3.5],"texture":"#2"}}}],"gui_light":"front","display":{"thirdperson_righthand":{"translation":[0,1.75,1]},"thirdperson_lefthand":{"translation":[0,1.75,1]},"firstperson_righthand":{"rotation":[10,0,0],"translation":[1,3,0.25],"scale":[0.7,0.7,0.7]},"firstperson_lefthand":{"rotation":[10,0,0],"translation":[1,3,0.25],"scale":[0.7,0.7,0.7]},"ground":{"rotation":[-45,0,0],"translation":[0,3,0],"scale":[0.7,0.7,0.7]},"gui":{"rotation":[-90,45,90],"translation":[1,-1,0],"scale":[0.8,0.8,0.8]},"head":{"rotation":[0,-90,0]},"fixed":{"rotation":[0,-90,0],"translation":[0,0,-1.5],"scale":[2,2,2]}}}