{"credit":"Pologony Creation Co.,Ltd.","textures":{"0":"plny_halloween_set:shield","1":"plny_halloween_set:animations/animation_1","particle":"plny_halloween_set:shield"},"elements":[{"from":[8,0,7.5],"to":[9,1,8.5],"rotation":{"angle":45,"axis":"z","origin":[8,0,7.5]},"faces":{"north":{"uv":[8.4,13.6,8.8,14],"texture":"#0"},"south":{"uv":[13.6,10,14,10.4],"texture":"#0"},"west":{"uv":[11.6,13.6,12,14],"texture":"#0"},"up":{"uv":[12.8,14,12.4,13.6],"texture":"#0"},"down":{"uv":[13.6,13.6,13.2,14],"texture":"#0"}}},{"from":[9,0,7.5],"to":[15,1,8.5],"rotation":{"angle":45,"axis":"z","origin":[8,0,7.5]},"faces":{"north":{"uv":[7.2,8.8,9.6,9.2],"texture":"#0"},"south":{"uv":[8.8,7.2,11.2,7.6],"texture":"#0"},"up":{"uv":[2.4,9.6,0,9.2],"texture":"#0"},"down":{"uv":[12,0,9.6,0.4],"texture":"#0"}}},{"from":[15,0,7.4975],"to":[16,3,8.5025],"rotation":{"angle":45,"axis":"z","origin":[8,0,7.4975]},"faces":{"north":{"uv":[3.2,7.6,3.6,8.8],"texture":"#0"},"east":{"uv":[6,11.2,6.4,12.4],"texture":"#0"},"south":{"uv":[2.4,11.6,2.8,12.8],"texture":"#0"},"west":{"uv":[3.2,11.6,3.6,12.8],"texture":"#0"},"up":{"uv":[6,14.4,5.6,14],"texture":"#0"},"down":{"uv":[6.8,14,6.4,14.4],"texture":"#0"}}},{"from":[10.82843,7.07107,7.5],"to":[11.55343,16.07107,8.5],"rotation":{"angle":0,"axis":"z","origin":[11.32843,11.57107,8]},"faces":{"north":{"uv":[4,6,4.4,9.6],"texture":"#0"},"east":{"uv":[4.8,6,5.2,9.6],"texture":"#0"},"south":{"uv":[5.6,6,6,9.6],"texture":"#0"},"west":{"uv":[6.4,6,6.8,9.6],"texture":"#0"}}},{"from":[15,20.14214,7.4975],"to":[16,23.14214,8.5025],"rotation":{"angle":-45,"axis":"z","origin":[8,23.14214,7.4975]},"faces":{"north":{"uv":[11.6,4,12,5.2],"texture":"#0"},"east":{"uv":[11.6,5.6,12,6.8],"texture":"#0"},"south":{"uv":[11.6,7.2,12,8.4],"texture":"#0"},"west":{"uv":[10.8,11.6,11.2,12.8],"texture":"#0"},"up":{"uv":[7.6,14.4,7.2,14],"texture":"#0"},"down":{"uv":[14.4,8.4,14,8.8],"texture":"#0"}}},{"from":[13,22.14214,7.4975],"to":[15,23.14214,8.5025],"rotation":{"angle":-45,"axis":"z","origin":[8,23.14214,7.4975]},"faces":{"north":{"uv":[6,3.2,6.8,3.6],"texture":"#0"},"south":{"uv":[10.4,6.4,11.2,6.8],"texture":"#0"},"west":{"uv":[9.2,14,9.6,14.4],"texture":"#0"},"up":{"uv":[13.2,2.8,12.4,2.4],"texture":"#0"},"down":{"uv":[14.4,2.4,13.6,2.8],"texture":"#0"}}},{"from":[1,0,7.5],"to":[7,1,8.5],"rotation":{"angle":-45,"axis":"z","origin":[8,0,7.5]},"faces":{"north":{"uv":[9.6,8.8,7.2,9.2],"texture":"#0"},"south":{"uv":[11.2,7.2,8.8,7.6],"texture":"#0"},"up":{"uv":[0,9.6,2.4,9.2],"texture":"#0"},"down":{"uv":[9.6,0,12,0.4],"texture":"#0"}}},{"from":[0,0,7.4975],"to":[1,3,8.5025],"rotation":{"angle":-45,"axis":"z","origin":[8,0,7.4975]},"faces":{"north":{"uv":[3.6,7.6,3.2,8.8],"texture":"#0"},"east":{"uv":[3.6,11.6,3.2,12.8],"texture":"#0"},"south":{"uv":[2.8,11.6,2.4,12.8],"texture":"#0"},"west":{"uv":[6.4,11.2,6,12.4],"texture":"#0"},"up":{"uv":[5.6,14.4,6,14],"texture":"#0"},"down":{"uv":[6.4,14,6.8,14.4],"texture":"#0"}}},{"from":[4.44657,7.07107,7.5],"to":[5.17157,16.07107,8.5],"rotation":{"angle":0,"axis":"z","origin":[4.67157,11.57107,8]},"faces":{"north":{"uv":[4.4,6,4,9.6],"texture":"#0"},"east":{"uv":[6.8,6,6.4,9.6],"texture":"#0"},"south":{"uv":[6,6,5.6,9.6],"texture":"#0"},"west":{"uv":[5.2,6,4.8,9.6],"texture":"#0"}}},{"from":[0,20.14214,7.4975],"to":[1,23.14214,8.5025],"rotation":{"angle":45,"axis":"z","origin":[8,23.14214,7.4975]},"faces":{"north":{"uv":[12,4,11.6,5.2],"texture":"#0"},"east":{"uv":[11.2,11.6,10.8,12.8],"texture":"#0"},"south":{"uv":[12,7.2,11.6,8.4],"texture":"#0"},"west":{"uv":[12,5.6,11.6,6.8],"texture":"#0"},"up":{"uv":[7.2,14.4,7.6,14],"texture":"#0"},"down":{"uv":[14,8.4,14.4,8.8],"texture":"#0"}}},{"from":[1,22.14214,7.4975],"to":[3,23.14214,8.5025],"rotation":{"angle":45,"axis":"z","origin":[8,23.14214,7.4975]},"faces":{"north":{"uv":[6.8,3.2,6,3.6],"texture":"#0"},"east":{"uv":[9.6,14,9.2,14.4],"texture":"#0"},"south":{"uv":[11.2,6.4,10.4,6.8],"texture":"#0"},"up":{"uv":[12.4,2.8,13.2,2.4],"texture":"#0"},"down":{"uv":[13.6,2.4,14.4,2.8],"texture":"#0"}}},{"from":[4.4635,18.8816,7.5],"to":[11.5365,19.6066,8.5],"rotation":{"angle":0,"axis":"z","origin":[10.5385,19.1066,8]},"faces":{"north":{"uv":[8,1.6,10.8,2],"texture":"#0"},"east":{"uv":[14,9.2,14.4,9.6],"texture":"#0"},"south":{"uv":[8,2.4,10.8,2.8],"texture":"#0"},"west":{"uv":[14,12.4,14.4,12.8],"texture":"#0"},"up":{"uv":[10,8.4,7.2,8],"texture":"#0"},"down":{"uv":[11.6,3.2,8.8,3.6],"texture":"#0"}}},{"from":[3.5,1,7.7],"to":[12.5,19,8.48],"rotation":{"angle":0,"axis":"y","origin":[4,4,7.7]},"faces":{"north":{"uv":[0,0,3.6,7.2],"texture":"#0"},"south":{"uv":[3.6,0,0,7.2],"texture":"#0"}}},{"from":[8,13.23223,7.5],"to":[10.5,15.73223,8.5],"rotation":{"angle":45,"axis":"z","origin":[8,13.23223,7.5]},"faces":{"north":{"uv":[8.8,4,9.8,5],"texture":"#0"},"east":{"uv":[8.4,12,8.8,13],"texture":"#0"},"south":{"uv":[8.8,5.6,9.8,6.6],"texture":"#0"},"west":{"uv":[12,8.8,12.4,9.8],"texture":"#0"},"up":{"uv":[10.2,12.4,9.2,12],"texture":"#0"},"down":{"uv":[13,10.4,12,10.8],"texture":"#0"}}},{"from":[8.5,13.73223,7],"to":[10,15.23223,7.5],"rotation":{"angle":45,"axis":"z","origin":[8,13.23223,7.5]},"faces":{"north":{"uv":[12.4,0,13,0.6],"texture":"#0"},"east":{"uv":[12,14.4,12.2,15],"texture":"#0"},"west":{"uv":[12.8,14.4,13,15],"texture":"#0"},"up":{"uv":[15,11.8,14.4,11.6],"texture":"#0"},"down":{"uv":[0.6,14.8,0,15],"texture":"#0"}}},{"from":[8.25,4.48223,7.5],"to":[10.25,6.48223,8.5],"rotation":{"angle":45,"axis":"z","origin":[8,4.23223,7.5]},"faces":{"north":{"uv":[2.8,9.2,3.6,10],"texture":"#0"},"east":{"uv":[13.6,3.2,14,4],"texture":"#0"},"south":{"uv":[7.2,9.6,8,10.4],"texture":"#0"},"west":{"uv":[3.6,13.6,4,14.4],"texture":"#0"},"up":{"uv":[5.2,14,4.4,13.6],"texture":"#0"},"down":{"uv":[14.4,4.4,13.6,4.8],"texture":"#0"}}},{"from":[8,12.5,10.93934],"to":[9.5,14,12.43934],"rotation":{"angle":-45,"axis":"y","origin":[8,14.5,10.93934]},"faces":{"north":{"uv":[12.4,1.2,13,1.8],"texture":"#0"},"east":{"uv":[12.4,4,13,4.6],"texture":"#0"},"south":{"uv":[4.8,12.4,5.4,13],"texture":"#0"},"west":{"uv":[12.4,5.2,13,5.8],"texture":"#0"},"up":{"uv":[13,7,12.4,6.4],"texture":"#0"},"down":{"uv":[13,7.6,12.4,8.2],"texture":"#0"}}},{"from":[7.75,13,10.68934],"to":[9.75,13.5,12.68934],"rotation":{"angle":-45,"axis":"y","origin":[8,13.5,10.93934]},"faces":{"north":{"uv":[14,13.2,14.8,13.4],"texture":"#0"},"east":{"uv":[14,14,14.8,14.2],"texture":"#0"},"south":{"uv":[2.4,14.4,3.2,14.6],"texture":"#0"},"west":{"uv":[14.4,3.2,15.2,3.4],"texture":"#0"},"up":{"uv":[9.2,10.4,8.4,9.6],"texture":"#0"},"down":{"uv":[10.4,9.6,9.6,10.4],"texture":"#0"}}},{"from":[8,8.5,11.29289],"to":[9,12.5,12.29289],"rotation":{"angle":-45,"axis":"y","origin":[8,10,11.29289]},"faces":{"north":{"uv":[0,10,0.4,11.6],"texture":"#0"},"east":{"uv":[0.8,10,1.2,11.6],"texture":"#0"},"south":{"uv":[1.6,10,2,11.6],"texture":"#0"},"west":{"uv":[4,10,4.4,11.6],"texture":"#0"}}},{"from":[8,7.5,10.93934],"to":[9.5,8.5,12.43934],"rotation":{"angle":-45,"axis":"y","origin":[8,7.5,10.93934]},"faces":{"north":{"uv":[13.6,5.2,14.2,5.6],"texture":"#0"},"east":{"uv":[13.6,6,14.2,6.4],"texture":"#0"},"south":{"uv":[13.6,6.8,14.2,7.2],"texture":"#0"},"west":{"uv":[13.6,7.6,14.2,8],"texture":"#0"},"up":{"uv":[12.2,13,11.6,12.4],"texture":"#0"}}},{"from":[7.75,7,10.68934],"to":[9.75,7.5,12.68934],"rotation":{"angle":-45,"axis":"y","origin":[8,7,10.93934]},"faces":{"north":{"uv":[4.4,14.4,5.2,14.6],"texture":"#0"},"east":{"uv":[8,14.4,8.8,14.6],"texture":"#0"},"south":{"uv":[10,14.4,10.8,14.6],"texture":"#0"},"west":{"uv":[14.4,10,15.2,10.2],"texture":"#0"},"up":{"uv":[5.6,10.8,4.8,10],"texture":"#0"},"down":{"uv":[6.8,10,6,10.8],"texture":"#0"}}},{"from":[7,5,11],"to":[9,7,13],"rotation":{"angle":0,"axis":"y","origin":[8,6,12]},"faces":{"north":{"uv":[2.4,10.4,3.2,11.2],"texture":"#0"},"east":{"uv":[10.4,4,11.2,4.8],"texture":"#0"},"south":{"uv":[10.4,5.2,11.2,6],"texture":"#0"},"west":{"uv":[10.4,8,11.2,8.8],"texture":"#0"},"up":{"uv":[8,11.6,7.2,10.8],"texture":"#0"},"down":{"uv":[9.2,10.8,8.4,11.6],"texture":"#0"}}},{"from":[7,14,11],"to":[9,16,13],"rotation":{"angle":0,"axis":"y","origin":[8,15,12]},"faces":{"north":{"uv":[10.8,9.2,11.6,10],"texture":"#0"},"east":{"uv":[9.6,10.8,10.4,11.6],"texture":"#0"},"south":{"uv":[10.8,10.4,11.6,11.2],"texture":"#0"},"west":{"uv":[11.2,0.8,12,1.6],"texture":"#0"},"up":{"uv":[12,2.8,11.2,2],"texture":"#0"},"down":{"uv":[5.6,11.2,4.8,12],"texture":"#0"}}},{"from":[7.25,3.75,11.25],"to":[8.75,5.25,12.75],"rotation":{"angle":-45,"axis":"x","origin":[8,4.5,12]},"faces":{"north":{"uv":[6,12.8,6.6,13.4],"texture":"#0"},"east":{"uv":[7.2,12.8,7.8,13.4],"texture":"#0"},"south":{"uv":[12.8,8.8,13.4,9.4],"texture":"#0"},"west":{"uv":[9.2,12.8,9.8,13.4],"texture":"#0"},"up":{"uv":[13.4,13,12.8,12.4],"texture":"#0"},"down":{"uv":[3,13.2,2.4,13.8],"texture":"#0"}}},{"from":[7.25,15.75,11.25],"to":[8.75,17.25,12.75],"rotation":{"angle":45,"axis":"x","origin":[8,16.5,12]},"faces":{"north":{"uv":[10.4,13.2,11,13.8],"texture":"#0"},"east":{"uv":[13.2,11.2,13.8,11.8],"texture":"#0"},"south":{"uv":[0,13.6,0.6,14.2],"texture":"#0"},"west":{"uv":[13.6,0,14.2,0.6],"texture":"#0"},"up":{"uv":[1.8,14.2,1.2,13.6],"texture":"#0"},"down":{"uv":[14.2,1.2,13.6,1.8],"texture":"#0"}}},{"from":[8,14.29289,8.5],"to":[9,15.29289,11.5],"rotation":{"angle":45,"axis":"z","origin":[8,14.29289,8.5]},"faces":{"east":{"uv":[9.6,0.8,10.8,1.2],"texture":"#0"},"south":{"uv":[14.4,10.8,14.8,11.2],"texture":"#0"},"west":{"uv":[11.6,11.6,12.8,12],"texture":"#0"},"up":{"uv":[0.4,13.2,0,12],"texture":"#0"},"down":{"uv":[1.2,12,0.8,13.2],"texture":"#0"}}},{"from":[8,5.29289,8.5],"to":[9,6.29289,11.5],"rotation":{"angle":45,"axis":"z","origin":[8,5.29289,8.5]},"faces":{"east":{"uv":[12,3.2,13.2,3.6],"texture":"#0"},"south":{"uv":[11.2,14.4,11.6,14.8],"texture":"#0"},"west":{"uv":[6.8,12,8,12.4],"texture":"#0"},"up":{"uv":[2,13.2,1.6,12],"texture":"#0"},"down":{"uv":[4.4,12,4,13.2],"texture":"#0"}}},{"from":[6,9,5.1],"to":[10,13,8.1],"rotation":{"angle":22.5,"axis":"x","origin":[6,9,5.1]},"faces":{"north":{"uv":[4,0,5.6,1.6],"texture":"#0"},"east":{"uv":[4,4,5.2,5.6],"texture":"#0"},"south":{"uv":[4,2,5.6,3.6],"texture":"#0"},"west":{"uv":[5.6,4,6.8,5.6],"texture":"#0"},"up":{"uv":[7.6,1.2,6,0],"texture":"#0"},"down":{"uv":[7.6,1.6,6,2.8],"texture":"#0"}}},{"from":[9.75,8.31179,6.20984],"to":[12.75,11.31179,9.20984],"rotation":{"angle":-22.5,"axis":"z","origin":[11.25,9.81179,7.70984]},"faces":{"north":{"uv":[7.2,3.2,8.4,4.4],"texture":"#0"},"east":{"uv":[7.2,4.8,8.4,6],"texture":"#0"},"south":{"uv":[7.2,6.4,8.4,7.6],"texture":"#0"},"west":{"uv":[0,7.6,1.2,8.8],"texture":"#0"},"up":{"uv":[2.8,8.8,1.6,7.6],"texture":"#0"},"down":{"uv":[9.2,0,8,1.2],"texture":"#0"}}},{"from":[3.25,8.31179,6.20984],"to":[6.25,11.31179,9.20984],"rotation":{"angle":22.5,"axis":"z","origin":[4.75,9.81179,7.70984]},"faces":{"north":{"uv":[8.4,3.2,7.2,4.4],"texture":"#0"},"east":{"uv":[1.2,7.6,0,8.8],"texture":"#0"},"south":{"uv":[8.4,6.4,7.2,7.6],"texture":"#0"},"west":{"uv":[8.4,4.8,7.2,6],"texture":"#0"},"up":{"uv":[1.6,8.8,2.8,7.6],"texture":"#0"},"down":{"uv":[8,0,9.2,1.2],"texture":"#0"}}},{"from":[9.79,12.125,7.11],"to":[17.29,15.625,7.14],"rotation":{"angle":-22.5,"axis":"z","origin":[13.54,13.875,7.125]},"faces":{"north":{"uv":[0,0,7.5,3.5],"texture":"#1"},"south":{"uv":[7.5,0,0,3.5],"texture":"#1"}}},{"from":[7.5524,4.41682,6.86],"to":[14.0524,7.91682,6.89],"rotation":{"angle":22.5,"axis":"z","origin":[13.79,7.5,7]},"faces":{"north":{"uv":[6,5.5,12.5,9],"texture":"#1"},"south":{"uv":[12.5,5.5,6,9],"texture":"#1"}}},{"from":[0.21,12.375,6.86],"to":[6.71,15.875,6.89],"rotation":{"angle":22.5,"axis":"z","origin":[3.46,14.125,6.875]},"faces":{"north":{"uv":[12.5,5.5,6,9],"texture":"#1"},"south":{"uv":[6,5.5,12.5,9],"texture":"#1"}}},{"from":[-0.29,3.125,7.11],"to":[7.21,6.625,7.14],"rotation":{"angle":-22.5,"axis":"z","origin":[3.46,4.875,7.125]},"faces":{"north":{"uv":[7.5,0,0,3.5],"texture":"#1"},"south":{"uv":[0,0,7.5,3.5],"texture":"#1"}}}],"gui_light":"front","display":{"thirdperson_righthand":{"rotation":[0,-60,0],"translation":[3.25,-4.5,-0.75]},"thirdperson_lefthand":{"rotation":[0,-60,0],"translation":[3.25,-4.5,-0.75]},"firstperson_righthand":{"rotation":[0,0,4],"translation":[4,-1.75,-1.75]},"firstperson_lefthand":{"rotation":[0,0,4],"translation":[4,-1.75,-1.75]},"ground":{"rotation":[45,0,0],"translation":[0,3,0],"scale":[0.7,0.7,0.7]},"gui":{"rotation":[0,180,-45],"translation":[2.5,-2.5,0]},"fixed":{"translation":[0,-5.25,-6.75],"scale":[2,2,2]}}}