{"credit":"Pologony Creation Co.,Ltd.","textures":{"1":"plny_halloween_set:animations/animation_1","3":"plny_halloween_set:shovel","particle":"plny_halloween_set:animations/animation_1"},"elements":[{"from":[7.5,-3.25,7.25],"to":[8.5,-1.75,8.75],"rotation":{"angle":-45,"axis":"x","origin":[8,-2.5,8]},"faces":{"north":{"uv":[13.5,1.5,14,2.25],"texture":"#3"},"east":{"uv":[12.5,4,13.25,4.75],"texture":"#3"},"south":{"uv":[3,13.5,3.5,14.25],"texture":"#3"},"west":{"uv":[12.5,5.5,13.25,6.25],"texture":"#3"},"up":{"uv":[14,13.75,13.5,13],"texture":"#3"},"down":{"uv":[14.5,3,14,3.75],"texture":"#3"}}},{"from":[7,-2,7],"to":[9,0,9],"rotation":{"angle":0,"axis":"y","origin":[8,-1,8]},"faces":{"north":{"uv":[9,0,10,1],"texture":"#3"},"east":{"uv":[9,1.5,10,2.5],"texture":"#3"},"south":{"uv":[9,3,10,4],"texture":"#3"},"west":{"uv":[9,4.5,10,5.5],"texture":"#3"},"up":{"uv":[9.5,10,8.5,9],"texture":"#3"},"down":{"uv":[1,9.5,0,10.5],"texture":"#3"}}},{"from":[7.75,0,6.68934],"to":[9.75,0.5,8.68934],"rotation":{"angle":-45,"axis":"y","origin":[8,0,6.93934]},"faces":{"north":{"uv":[14,7.5,15,7.75],"texture":"#3"},"east":{"uv":[14,8.5,15,8.75],"texture":"#3"},"south":{"uv":[14,9.5,15,9.75],"texture":"#3"},"west":{"uv":[14,10.5,15,10.75],"texture":"#3"},"up":{"uv":[2.5,10.5,1.5,9.5],"texture":"#3"},"down":{"uv":[5.5,9.5,4.5,10.5],"texture":"#3"}}},{"from":[8,0.5,6.93934],"to":[9.5,1.5,8.43934],"rotation":{"angle":-45,"axis":"y","origin":[8,0.5,6.93934]},"faces":{"north":{"uv":[3.5,2,4.25,2.5],"texture":"#3"},"east":{"uv":[14,4.5,14.75,5],"texture":"#3"},"south":{"uv":[14,5.5,14.75,6],"texture":"#3"},"west":{"uv":[14,6.5,14.75,7],"texture":"#3"},"up":{"uv":[13.25,7.75,12.5,7],"texture":"#3"}}},{"from":[8,3.5,6.93934],"to":[9.5,5,8.43934],"rotation":{"angle":-45,"axis":"y","origin":[8,5.5,6.93934]},"faces":{"north":{"uv":[12.5,8.5,13.25,9.25],"texture":"#3"},"east":{"uv":[12.5,10,13.25,10.75],"texture":"#3"},"south":{"uv":[12.5,11.5,13.25,12.25],"texture":"#3"},"west":{"uv":[0,13,0.75,13.75],"texture":"#3"},"up":{"uv":[13.75,0.75,13,0],"texture":"#3"},"down":{"uv":[2.25,13,1.5,13.75],"texture":"#3"}}},{"from":[7.75,4,6.68934],"to":[9.75,4.5,8.68934],"rotation":{"angle":-45,"axis":"y","origin":[8,4.5,6.93934]},"faces":{"north":{"uv":[14,11.5,15,11.75],"texture":"#3"},"east":{"uv":[0,14.5,1,14.75],"texture":"#3"},"south":{"uv":[14.5,0,15.5,0.25],"texture":"#3"},"west":{"uv":[14.5,1,15.5,1.25],"texture":"#3"},"up":{"uv":[7,10.5,6,9.5],"texture":"#3"},"down":{"uv":[4,10,3,11],"texture":"#3"}}},{"from":[8,7.5,6.93934],"to":[9.5,8,8.43934],"rotation":{"angle":-45,"axis":"y","origin":[8,8.5,6.93934]},"faces":{"north":{"uv":[8.5,14.5,9.25,14.75],"texture":"#3"},"east":{"uv":[10,14.5,10.75,14.75],"texture":"#3"},"south":{"uv":[11.5,14.5,12.25,14.75],"texture":"#3"},"west":{"uv":[14.5,12.5,15.25,12.75],"texture":"#3"},"up":{"uv":[4.75,13.75,4,13],"texture":"#3"}}},{"from":[7.75,7,6.68934],"to":[9.75,7.5,8.68934],"rotation":{"angle":-45,"axis":"y","origin":[8,7.5,6.93934]},"faces":{"north":{"uv":[1.5,14.5,2.5,14.75],"texture":"#3"},"east":{"uv":[14.5,2,15.5,2.25],"texture":"#3"},"south":{"uv":[4,14.5,5,14.75],"texture":"#3"},"west":{"uv":[5.5,14.5,6.5,14.75],"texture":"#3"},"up":{"uv":[11,7,10,6],"texture":"#3"},"down":{"uv":[11,9,10,10],"texture":"#3"}}},{"from":[8,1.5,7.29289],"to":[9,3.5,8.29289],"rotation":{"angle":-45,"axis":"y","origin":[8,0.5,7.29289]},"faces":{"north":{"uv":[10.5,7.5,11,8.5],"texture":"#3"},"east":{"uv":[10.5,12.5,11,13.5],"texture":"#3"},"south":{"uv":[5.5,13,6,14],"texture":"#3"},"west":{"uv":[6.5,13,7,14],"texture":"#3"}}},{"from":[8,5,7.29289],"to":[9,7,8.29289],"rotation":{"angle":-45,"axis":"y","origin":[8,4.5,7.29289]},"faces":{"north":{"uv":[8.5,13,9,14],"texture":"#3"},"east":{"uv":[9.5,13,10,14],"texture":"#3"},"south":{"uv":[11.5,13,12,14],"texture":"#3"},"west":{"uv":[12.5,13,13,14],"texture":"#3"}}},{"from":[7,10,8],"to":[9,12.5,10.5],"rotation":{"angle":-45,"axis":"x","origin":[7.75,10,8]},"faces":{"north":{"uv":[0,7.5,1,8.75],"texture":"#3"},"east":{"uv":[7,2,8.25,3.25],"texture":"#3"},"south":{"uv":[7.5,0,8.5,1.25],"texture":"#3"},"west":{"uv":[7,4,8.25,5.25],"texture":"#3"},"up":{"uv":[2.5,8.75,1.5,7.5],"texture":"#3"},"down":{"uv":[4,8,3,9.25],"texture":"#3"}}},{"from":[6.75,10.25,8.25],"to":[9.25,12.25,10.25],"rotation":{"angle":-45,"axis":"x","origin":[7.75,10,8]},"faces":{"north":{"uv":[4.5,8,5.75,9],"texture":"#3"},"east":{"uv":[10.5,0,11.5,1],"texture":"#3"},"south":{"uv":[8,6,9.25,7],"texture":"#3"},"west":{"uv":[10.5,1.5,11.5,2.5],"texture":"#3"},"up":{"uv":[7.75,9,6.5,8],"texture":"#3"},"down":{"uv":[9.75,7.5,8.5,8.5],"texture":"#3"}}},{"from":[8,8,7.29289],"to":[9,10.5,8.29289],"rotation":{"angle":-45,"axis":"y","origin":[8,8,7.29289]},"faces":{"north":{"uv":[11.5,11,12,12.25],"texture":"#3"},"east":{"uv":[12,0,12.5,1.25],"texture":"#3"},"south":{"uv":[7.5,12,8,13.25],"texture":"#3"},"west":{"uv":[12.5,2,13,3.25],"texture":"#3"},"up":{"uv":[8,14.5,7.5,14],"texture":"#3"}}},{"from":[7.5,9.07225,5.51297],"to":[8.5,12.07225,8.51297],"rotation":{"angle":-22.5,"axis":"x","origin":[7.5,8.07225,5.51297]},"faces":{"north":{"uv":[10.5,10.5,11,12],"texture":"#3"},"east":{"uv":[3.5,0,5,1.5],"texture":"#3"},"south":{"uv":[0,11,0.5,12.5],"texture":"#3"},"west":{"uv":[5,2,6.5,3.5],"texture":"#3"},"up":{"uv":[1.5,12.5,1,11],"texture":"#3"},"down":{"uv":[2.5,11,2,12.5],"texture":"#3"}}},{"from":[7.5035,11.76777,3.98223],"to":[8.4965,14.76777,7.15723],"rotation":{"angle":22.5,"axis":"x","origin":[7.5035,11.76777,3.98223]},"faces":{"north":{"uv":[4.5,11,5,12.5],"texture":"#3"},"east":{"uv":[5,4,6.5,5.5],"texture":"#3"},"west":{"uv":[0,5.5,1.5,7],"texture":"#3"},"up":{"uv":[6,12.5,5.5,11],"texture":"#3"}}},{"from":[7.5,9.07225,7.48703],"to":[8.5,12.07225,10.48703],"rotation":{"angle":22.5,"axis":"x","origin":[7.5,8.07225,10.48703]},"faces":{"north":{"uv":[6.5,11,7,12.5],"texture":"#3"},"east":{"uv":[5.5,0,7,1.5],"texture":"#3"},"south":{"uv":[3,11.5,3.5,13],"texture":"#3"},"west":{"uv":[2,5.5,3.5,7],"texture":"#3"},"up":{"uv":[12,4.5,11.5,3],"texture":"#3"},"down":{"uv":[12,5,11.5,6.5],"texture":"#3"}}},{"from":[7.5035,11.76777,8.84277],"to":[8.4965,14.76777,12.01777],"rotation":{"angle":-22.5,"axis":"x","origin":[7.5035,11.76777,12.01777]},"faces":{"east":{"uv":[4,6,5.5,7.5],"texture":"#3"},"south":{"uv":[11.5,7,12,8.5],"texture":"#3"},"west":{"uv":[6,6,7.5,7.5],"texture":"#3"},"up":{"uv":[12,10.5,11.5,9],"texture":"#3"}}},{"from":[7.625,13.26777,6],"to":[8.375,17.26777,10],"rotation":{"angle":0,"axis":"y","origin":[7.625,13.26777,6]},"faces":{"north":{"uv":[7.5,9.5,8,11.5],"texture":"#3"},"east":{"uv":[0,3,2,5],"texture":"#3"},"south":{"uv":[10.5,3,11,5],"texture":"#3"},"west":{"uv":[2.5,3,4.5,5],"texture":"#3"},"up":{"uv":[9,12.5,8.5,10.5],"texture":"#3"},"down":{"uv":[10,10.5,9.5,12.5],"texture":"#3"}}},{"from":[7.985,13.75,5],"to":[8.015,18.75,11],"rotation":{"angle":0,"axis":"y","origin":[7.985,13.75,5]},"faces":{"east":{"uv":[3,0,0,2.5],"texture":"#3"},"west":{"uv":[0,0,3,2.5],"texture":"#3"}}},{"from":[6.9,13.75,2],"to":[6.9,17.25,9.5],"rotation":{"angle":-22.5,"axis":"x","origin":[6.9,15.5,5.75]},"faces":{"west":{"uv":[0,0,7.5,3.5],"texture":"#1"}}},{"from":[6.65,9,7],"to":[6.65,12.5,13.5],"rotation":{"angle":22.5,"axis":"x","origin":[6.65,10.75,10.25]},"faces":{"west":{"uv":[6,5.5,12.5,9],"texture":"#1"}}},{"from":[9.1,13.75,2],"to":[9.1,17.25,9.5],"rotation":{"angle":-22.5,"axis":"x","origin":[9.1,15.5,5.75]},"faces":{"east":{"uv":[7.5,0,0,3.5],"texture":"#1"}}},{"from":[9.35,9,7],"to":[9.35,12.5,13.5],"rotation":{"angle":22.5,"axis":"x","origin":[9.35,10.75,10.25]},"faces":{"east":{"uv":[12.5,5.5,6,9],"texture":"#1"}}}],"gui_light":"front","display":{"thirdperson_righthand":{"translation":[0,1.75,1]},"thirdperson_lefthand":{"translation":[0,1.75,1]},"firstperson_righthand":{"rotation":[10,0,0],"translation":[1,3,0.25],"scale":[0.7,0.7,0.7]},"firstperson_lefthand":{"rotation":[10,0,0],"translation":[1,3,0.25],"scale":[0.7,0.7,0.7]},"ground":{"rotation":[-45,0,0],"translation":[0,3,0],"scale":[0.7,0.7,0.7]},"gui":{"rotation":[-90,45,90],"translation":[0.25,-0.25,0],"scale":[0.8,0.8,0.8]},"head":{"rotation":[0,-90,0]},"fixed":{"rotation":[0,-90,0],"translation":[0,0,-1.5],"scale":[2,2,2]}}}