{"credit":"Pologony Creation Co.,Ltd.","textures":{"1":"plny_halloween_set:spear","2":"plny_halloween_set:animations/animation_1","particle":"plny_halloween_set:spear"},"elements":[{"from":[7.5,-10.25,7.25],"to":[8.5,-8.75,8.75],"rotation":{"angle":-45,"axis":"x","origin":[8,-9.5,8]},"faces":{"north":{"uv":[13.2,2.4,13.6,3],"texture":"#1"},"east":{"uv":[0.8,11.6,1.4,12.2],"texture":"#1"},"south":{"uv":[11.2,13.2,11.6,13.8],"texture":"#1"},"west":{"uv":[11.6,3.6,12.2,4.2],"texture":"#1"},"up":{"uv":[12.4,13.8,12,13.2],"texture":"#1"},"down":{"uv":[13.2,13.2,12.8,13.8],"texture":"#1"}}},{"from":[7,-9,7],"to":[9,-7,9],"rotation":{"angle":0,"axis":"y","origin":[8,-8,8]},"faces":{"north":{"uv":[4,8.8,4.8,9.6],"texture":"#1"},"east":{"uv":[9.6,2.4,10.4,3.2],"texture":"#1"},"south":{"uv":[9.6,3.6,10.4,4.4],"texture":"#1"},"west":{"uv":[9.6,4.8,10.4,5.6],"texture":"#1"},"up":{"uv":[6.8,10.4,6,9.6],"texture":"#1"},"down":{"uv":[10.4,6,9.6,6.8],"texture":"#1"}}},{"from":[7.75,-7,6.68934],"to":[9.75,-6.5,8.68934],"rotation":{"angle":-45,"axis":"y","origin":[8,-7,6.93934]},"faces":{"north":{"uv":[13.6,13.2,14.4,13.4],"texture":"#1"},"east":{"uv":[14,0,14.8,0.2],"texture":"#1"},"south":{"uv":[0.8,14,1.6,14.2],"texture":"#1"},"west":{"uv":[14,0.8,14.8,1],"texture":"#1"},"up":{"uv":[8,10.4,7.2,9.6],"texture":"#1"},"down":{"uv":[10.4,7.2,9.6,8],"texture":"#1"}}},{"from":[8,-6.5,6.93934],"to":[9.5,-5.5,8.43934],"rotation":{"angle":-45,"axis":"y","origin":[8,-6.5,6.93934]},"faces":{"north":{"uv":[4.4,13.6,5,14],"texture":"#1"},"east":{"uv":[5.6,13.6,6.2,14],"texture":"#1"},"south":{"uv":[6.8,13.6,7.4,14],"texture":"#1"},"west":{"uv":[8,13.6,8.6,14],"texture":"#1"},"up":{"uv":[12.2,5.4,11.6,4.8],"texture":"#1"}}},{"from":[8,4.5,6.93934],"to":[9.5,6,8.43934],"rotation":{"angle":-45,"axis":"y","origin":[8,6.5,6.93934]},"faces":{"north":{"uv":[11.6,6,12.2,6.6],"texture":"#1"},"east":{"uv":[11.6,7.2,12.2,7.8],"texture":"#1"},"south":{"uv":[11.6,8.4,12.2,9],"texture":"#1"},"west":{"uv":[11.6,9.6,12.2,10.2],"texture":"#1"},"up":{"uv":[11,12.2,10.4,11.6],"texture":"#1"},"down":{"uv":[12.2,10.8,11.6,11.4],"texture":"#1"}}},{"from":[7.75,5,6.68934],"to":[9.75,5.5,8.68934],"rotation":{"angle":-45,"axis":"y","origin":[8,5.5,6.93934]},"faces":{"north":{"uv":[14,1.6,14.8,1.8],"texture":"#1"},"east":{"uv":[2,14,2.8,14.2],"texture":"#1"},"south":{"uv":[14,2.4,14.8,2.6],"texture":"#1"},"west":{"uv":[3.2,14,4,14.2],"texture":"#1"},"up":{"uv":[9.2,10.4,8.4,9.6],"texture":"#1"},"down":{"uv":[10.4,8.4,9.6,9.2],"texture":"#1"}}},{"from":[8,11.5,6.93934],"to":[9.5,13,8.43934],"rotation":{"angle":-45,"axis":"y","origin":[8,13.5,6.93934]},"faces":{"north":{"uv":[12,1.2,12.6,1.8],"texture":"#1"},"east":{"uv":[12,2.4,12.6,3],"texture":"#1"},"south":{"uv":[11.6,12,12.2,12.6],"texture":"#1"},"west":{"uv":[4.8,12.4,5.4,13],"texture":"#1"},"up":{"uv":[6.6,13,6,12.4],"texture":"#1"},"down":{"uv":[7.8,12.4,7.2,13],"texture":"#1"}}},{"from":[7.75,12,6.68934],"to":[9.75,12.5,8.68934],"rotation":{"angle":-45,"axis":"y","origin":[8,12.5,6.93934]},"faces":{"north":{"uv":[14,7.2,14.8,7.4],"texture":"#1"},"east":{"uv":[14,8,14.8,8.2],"texture":"#1"},"south":{"uv":[14,8.8,14.8,9],"texture":"#1"},"west":{"uv":[10,14,10.8,14.2],"texture":"#1"},"up":{"uv":[2,11.2,1.2,10.4],"texture":"#1"},"down":{"uv":[11.6,0,10.8,0.8],"texture":"#1"}}},{"from":[7.75,19.75,6.68934],"to":[9.75,20.25,8.68934],"rotation":{"angle":-45,"axis":"y","origin":[8,20.25,6.93934]},"faces":{"north":{"uv":[13.6,14,14.4,14.2],"texture":"#1"},"east":{"uv":[4.4,14.4,5.2,14.6],"texture":"#1"},"south":{"uv":[5.6,14.4,6.4,14.6],"texture":"#1"},"west":{"uv":[6.8,14.4,7.6,14.6],"texture":"#1"},"up":{"uv":[11.6,2,10.8,1.2],"texture":"#1"},"down":{"uv":[11.6,2.4,10.8,3.2],"texture":"#1"}}},{"from":[8,19.25,6.93934],"to":[9.5,20.75,8.43934],"rotation":{"angle":-45,"axis":"y","origin":[8,21.25,6.93934]},"faces":{"north":{"uv":[8.4,12.4,9,13],"texture":"#1"},"east":{"uv":[0.8,12.8,1.4,13.4],"texture":"#1"},"south":{"uv":[2,12.8,2.6,13.4],"texture":"#1"},"west":{"uv":[3.2,12.8,3.8,13.4],"texture":"#1"},"up":{"uv":[13.4,4.2,12.8,3.6],"texture":"#1"},"down":{"uv":[13.4,4.8,12.8,5.4],"texture":"#1"}}},{"from":[8,8.5,6.93934],"to":[9.5,9,8.43934],"rotation":{"angle":-45,"axis":"y","origin":[8,9.5,6.93934]},"faces":{"north":{"uv":[8,14.4,8.6,14.6],"texture":"#1"},"east":{"uv":[14.4,9.6,15,9.8],"texture":"#1"},"south":{"uv":[14.4,10.4,15,10.6],"texture":"#1"},"west":{"uv":[11.2,14.4,11.8,14.6],"texture":"#1"},"up":{"uv":[12.6,0.6,12,0],"texture":"#1"}}},{"from":[7.75,8,6.68934],"to":[9.75,8.5,8.68934],"rotation":{"angle":-45,"axis":"y","origin":[8,8.5,6.93934]},"faces":{"north":{"uv":[14,3.2,14.8,3.4],"texture":"#1"},"east":{"uv":[14,4,14.8,4.2],"texture":"#1"},"south":{"uv":[14,4.8,14.8,5],"texture":"#1"},"west":{"uv":[14,5.6,14.8,5.8],"texture":"#1"},"up":{"uv":[10.4,10.4,9.6,9.6],"texture":"#1"},"down":{"uv":[3.2,10,2.4,10.8],"texture":"#1"}}},{"from":[8,-5.5,7.29289],"to":[9,-3.5,8.29289],"rotation":{"angle":-45,"axis":"y","origin":[8,-6.5,7.29289]},"faces":{"north":{"uv":[9.6,12.4,10,13.2],"texture":"#1"},"east":{"uv":[12.8,9.6,13.2,10.4],"texture":"#1"},"south":{"uv":[10.4,12.8,10.8,13.6],"texture":"#1"},"west":{"uv":[12.8,10.8,13.2,11.6],"texture":"#1"}}},{"from":[8,6,7.29289],"to":[9,8,8.29289],"rotation":{"angle":-45,"axis":"y","origin":[8,5.5,7.29289]},"faces":{"north":{"uv":[12.8,12,13.2,12.8],"texture":"#1"},"east":{"uv":[0,13.2,0.4,14],"texture":"#1"},"south":{"uv":[13.2,0,13.6,0.8],"texture":"#1"},"west":{"uv":[13.2,1.2,13.6,2],"texture":"#1"}}},{"from":[7,20,8],"to":[9,22.5,10.5],"rotation":{"angle":-45,"axis":"x","origin":[7.75,20,8]},"faces":{"north":{"uv":[6,8,6.8,9],"texture":"#1"},"east":{"uv":[8,3.2,9,4.2],"texture":"#1"},"south":{"uv":[7.2,8,8,9],"texture":"#1"},"west":{"uv":[8,4.8,9,5.8],"texture":"#1"},"up":{"uv":[9.2,7.4,8.4,6.4],"texture":"#1"},"down":{"uv":[9.2,8,8.4,9],"texture":"#1"}}},{"from":[6.75,20.25,8.25],"to":[9.25,22.25,10.25],"rotation":{"angle":-45,"axis":"x","origin":[7.75,20,8]},"faces":{"north":{"uv":[2.4,8.8,3.4,9.6],"texture":"#1"},"east":{"uv":[3.6,10,4.4,10.8],"texture":"#1"},"south":{"uv":[0,9.2,1,10],"texture":"#1"},"west":{"uv":[0,10.4,0.8,11.2],"texture":"#1"},"up":{"uv":[10.2,0.8,9.2,0],"texture":"#1"},"down":{"uv":[10.2,1.2,9.2,2],"texture":"#1"}}},{"from":[8,9,7.29289],"to":[9,11.5,8.29289],"rotation":{"angle":-45,"axis":"y","origin":[8,9,7.29289]},"faces":{"north":{"uv":[2.4,11.2,2.8,12.2],"texture":"#1"},"east":{"uv":[3.2,11.2,3.6,12.2],"texture":"#1"},"south":{"uv":[4,11.2,4.4,12.2],"texture":"#1"},"west":{"uv":[0,11.6,0.4,12.6],"texture":"#1"},"up":{"uv":[14.4,6.8,14,6.4],"texture":"#1"}}},{"from":[7.5,19.07225,5.51297],"to":[8.5,22.07225,8.51297],"rotation":{"angle":-22.5,"axis":"x","origin":[7.5,18.07225,5.51297]},"faces":{"north":{"uv":[10.8,3.6,11.2,4.8],"texture":"#1"},"east":{"uv":[6.4,3.2,7.6,4.4],"texture":"#1"},"south":{"uv":[4.8,10.8,5.2,12],"texture":"#1"},"west":{"uv":[6.4,4.8,7.6,6],"texture":"#1"},"up":{"uv":[11.2,6.4,10.8,5.2],"texture":"#1"},"down":{"uv":[6,10.8,5.6,12],"texture":"#1"}}},{"from":[7.5035,21.76777,3.98223],"to":[8.4965,24.76777,7.15723],"rotation":{"angle":22.5,"axis":"x","origin":[7.5035,21.76777,3.98223]},"faces":{"north":{"uv":[6.4,10.8,6.8,12],"texture":"#1"},"east":{"uv":[5.2,6.4,6.4,7.6],"texture":"#1"},"west":{"uv":[6.8,6.4,8,7.6],"texture":"#1"},"up":{"uv":[11.2,8,10.8,6.8],"texture":"#1"}}},{"from":[7.5,19.07225,7.48703],"to":[8.5,22.07225,10.48703],"rotation":{"angle":22.5,"axis":"x","origin":[7.5,18.07225,10.48703]},"faces":{"north":{"uv":[7.2,10.8,7.6,12],"texture":"#1"},"east":{"uv":[3.6,7.2,4.8,8.4],"texture":"#1"},"south":{"uv":[8,10.8,8.4,12],"texture":"#1"},"west":{"uv":[0,7.6,1.2,8.8],"texture":"#1"},"up":{"uv":[11.2,9.6,10.8,8.4],"texture":"#1"},"down":{"uv":[9.2,10.8,8.8,12],"texture":"#1"}}},{"from":[7.5035,21.76777,8.84277],"to":[8.4965,24.76777,12.01777],"rotation":{"angle":-22.5,"axis":"x","origin":[7.5035,21.76777,12.01777]},"faces":{"east":{"uv":[7.6,0,8.8,1.2],"texture":"#1"},"south":{"uv":[9.6,10.8,10,12],"texture":"#1"},"west":{"uv":[7.6,1.6,8.8,2.8],"texture":"#1"},"up":{"uv":[11.2,11.2,10.8,10],"texture":"#1"}}},{"from":[7.625,23.26777,7],"to":[8.375,29.26777,9],"rotation":{"angle":0,"axis":"y","origin":[7.625,25.26777,6]},"faces":{"north":{"uv":[1.6,7.6,2,10],"texture":"#1"},"east":{"uv":[2.8,0,3.6,2.4],"texture":"#1"},"south":{"uv":[5.2,8,5.6,10.4],"texture":"#1"},"west":{"uv":[2.8,2.8,3.6,5.2],"texture":"#1"}}},{"from":[7.985,23.25,5.25],"to":[8.015,32,10.75],"rotation":{"angle":0,"axis":"y","origin":[7.985,24.75,4.75]},"faces":{"east":{"uv":[2.2,0,0,3.6],"texture":"#1"},"west":{"uv":[0,0,2.2,3.6],"texture":"#1"}}},{"from":[7.18934,-3.5,8.17678],"to":[8.43934,4.5,9.42678],"rotation":{"angle":45,"axis":"y","origin":[6.93934,-3.5,8.17678]},"faces":{"north":{"uv":[0,4,0.6,7.2],"texture":"#1"},"east":{"uv":[4,0,4.6,3.2],"texture":"#1"},"south":{"uv":[1.2,4,1.8,7.2],"texture":"#1"},"west":{"uv":[4,3.6,4.6,6.8],"texture":"#1"},"down":{"uv":[13.4,6,12.8,6.6],"texture":"#1"}}},{"from":[7.18934,13,8.17678],"to":[8.43934,19.25,9.42678],"rotation":{"angle":45,"axis":"y","origin":[6.93934,12.25,8.17678]},"faces":{"north":{"uv":[5.2,0,5.8,2.6],"texture":"#1"},"east":{"uv":[5.2,3.2,5.8,5.8],"texture":"#1"},"south":{"uv":[2.4,5.6,3,8.2],"texture":"#1"},"west":{"uv":[6.4,0,7,2.6],"texture":"#1"}}},{"from":[7.6225,27.76014,8],"to":[8.3775,29.18514,9.425],"rotation":{"angle":-45,"axis":"x","origin":[7.3725,27.76014,8]},"faces":{"north":{"uv":[9.2,13.6,9.6,14.2],"texture":"#1"},"east":{"uv":[12.8,7.2,13.4,7.8],"texture":"#1"},"south":{"uv":[13.6,9.6,14,10.2],"texture":"#1"},"west":{"uv":[12.8,8.4,13.4,9],"texture":"#1"},"up":{"uv":[14,11.4,13.6,10.8],"texture":"#1"},"down":{"uv":[14,12,13.6,12.6],"texture":"#1"}}},{"from":[6.9,22.75,2],"to":[6.9,26.25,9.5],"rotation":{"angle":-22.5,"axis":"x","origin":[6.9,24.5,5.75]},"faces":{"west":{"uv":[0,0,7.5,3.5],"texture":"#2"}}},{"from":[6.65,18,7],"to":[6.65,21.5,13.5],"rotation":{"angle":22.5,"axis":"x","origin":[6.65,19.75,10.25]},"faces":{"west":{"uv":[6,5.5,12.5,9],"texture":"#2"}}},{"from":[9.1,22.75,2],"to":[9.1,26.25,9.5],"rotation":{"angle":-22.5,"axis":"x","origin":[9.1,24.5,5.75]},"faces":{"east":{"uv":[7.5,0,0,3.5],"texture":"#2"}}},{"from":[9.35,18,7],"to":[9.35,21.5,13.5],"rotation":{"angle":22.5,"axis":"x","origin":[9.35,19.75,10.25]},"faces":{"east":{"uv":[12.5,5.5,6,9],"texture":"#2"}}}],"gui_light":"front","display":{"thirdperson_righthand":{"translation":[0,-2.75,1]},"thirdperson_lefthand":{"translation":[0,-2.75,1]},"firstperson_righthand":{"rotation":[10,0,0],"translation":[2.25,-2.25,-1],"scale":[0.7,0.7,0.7]},"firstperson_lefthand":{"rotation":[10,0,0],"translation":[2.25,-2.25,-1],"scale":[0.7,0.7,0.7]},"ground":{"rotation":[-45,0,0],"translation":[0,3,0],"scale":[0.7,0.7,0.7]},"gui":{"rotation":[-90,45,90],"translation":[1,-1,0],"scale":[0.55,0.55,0.55]},"head":{"rotation":[0,-90,0]},"fixed":{"rotation":[0,-90,0],"translation":[0,0,-1.5],"scale":[2,2,2]}}}