{"credit":"Pologony Creation Co.,Ltd.","textures":{"1":"plny_halloween_set:animations/animation_1","2":"plny_halloween_set:staff","particle":"plny_halloween_set:animations/animation_1"},"elements":[{"from":[7.5,-8.25,7.25],"to":[8.5,-6.75,8.75],"rotation":{"angle":-45,"axis":"x","origin":[8,-7.5,8]},"faces":{"north":{"uv":[12.33333,5,12.66667,5.5],"texture":"#2"},"east":{"uv":[11.33333,0,11.83333,0.5],"texture":"#2"},"south":{"uv":[12.33333,6,12.66667,6.5],"texture":"#2"},"west":{"uv":[11.33333,1,11.83333,1.5],"texture":"#2"},"up":{"uv":[7.33333,12.83333,7,12.33333],"texture":"#2"},"down":{"uv":[12.66667,7,12.33333,7.5],"texture":"#2"}}},{"from":[7,-7,7],"to":[9,-5,9],"rotation":{"angle":0,"axis":"y","origin":[8,-6,8]},"faces":{"north":{"uv":[0,10.33333,0.66667,11],"texture":"#2"},"east":{"uv":[10.33333,1,11,1.66667],"texture":"#2"},"south":{"uv":[10.33333,2,11,2.66667],"texture":"#2"},"west":{"uv":[10.33333,3,11,3.66667],"texture":"#2"},"up":{"uv":[4,11,3.33333,10.33333],"texture":"#2"},"down":{"uv":[11,4,10.33333,4.66667],"texture":"#2"}}},{"from":[7.75,-5,6.68934],"to":[9.75,-4.5,8.68934],"rotation":{"angle":-45,"axis":"y","origin":[8,-5,6.93934]},"faces":{"north":{"uv":[9.66667,12.33333,10.33333,12.5],"texture":"#2"},"east":{"uv":[10.66667,12.33333,11.33333,12.5],"texture":"#2"},"south":{"uv":[0,12.66667,0.66667,12.83333],"texture":"#2"},"west":{"uv":[1,12.66667,1.66667,12.83333],"texture":"#2"},"up":{"uv":[5,11,4.33333,10.33333],"texture":"#2"},"down":{"uv":[11,5,10.33333,5.66667],"texture":"#2"}}},{"from":[8,-4.5,6.93934],"to":[9.5,-3.5,8.43934],"rotation":{"angle":-45,"axis":"y","origin":[8,-4.5,6.93934]},"faces":{"north":{"uv":[4,6.66667,4.5,7],"texture":"#2"},"east":{"uv":[7.66667,12.33333,8.16667,12.66667],"texture":"#2"},"south":{"uv":[12.33333,8,12.83333,8.33333],"texture":"#2"},"west":{"uv":[8.66667,12.33333,9.16667,12.66667],"texture":"#2"},"up":{"uv":[11.83333,2.5,11.33333,2],"texture":"#2"}}},{"from":[8,4.5,6.93934],"to":[9.5,6,8.43934],"rotation":{"angle":-45,"axis":"y","origin":[8,6.5,6.93934]},"faces":{"north":{"uv":[3,11.33333,3.5,11.83333],"texture":"#2"},"east":{"uv":[11.33333,3,11.83333,3.5],"texture":"#2"},"south":{"uv":[4,11.33333,4.5,11.83333],"texture":"#2"},"west":{"uv":[11.33333,4,11.83333,4.5],"texture":"#2"},"up":{"uv":[11.83333,5.5,11.33333,5],"texture":"#2"},"down":{"uv":[11.83333,6,11.33333,6.5],"texture":"#2"}}},{"from":[7.75,5,6.68934],"to":[9.75,5.5,8.68934],"rotation":{"angle":-45,"axis":"y","origin":[8,5.5,6.93934]},"faces":{"north":{"uv":[4.66667,12.66667,5.33333,12.83333],"texture":"#2"},"east":{"uv":[12.66667,8.66667,13.33333,8.83333],"texture":"#2"},"south":{"uv":[12.66667,9.33333,13.33333,9.5],"texture":"#2"},"west":{"uv":[12.66667,10,13.33333,10.16667],"texture":"#2"},"up":{"uv":[11,6.66667,10.33333,6],"texture":"#2"},"down":{"uv":[11,7,10.33333,7.66667],"texture":"#2"}}},{"from":[8,11.5,6.93934],"to":[9.5,13,8.43934],"rotation":{"angle":-45,"axis":"y","origin":[8,13.5,6.93934]},"faces":{"north":{"uv":[11.33333,8,11.83333,8.5],"texture":"#2"},"east":{"uv":[8.66667,11.33333,9.16667,11.83333],"texture":"#2"},"south":{"uv":[9.66667,11.33333,10.16667,11.83333],"texture":"#2"},"west":{"uv":[10.66667,11.33333,11.16667,11.83333],"texture":"#2"},"up":{"uv":[1.16667,12.16667,0.66667,11.66667],"texture":"#2"},"down":{"uv":[2.16667,11.66667,1.66667,12.16667],"texture":"#2"}}},{"from":[7.75,12,6.68934],"to":[9.75,12.5,8.68934],"rotation":{"angle":-45,"axis":"y","origin":[8,12.5,6.93934]},"faces":{"north":{"uv":[13,1,13.66667,1.16667],"texture":"#2"},"east":{"uv":[13,1.66667,13.66667,1.83333],"texture":"#2"},"south":{"uv":[13,2.33333,13.66667,2.5],"texture":"#2"},"west":{"uv":[13,3,13.66667,3.16667],"texture":"#2"},"up":{"uv":[2.66667,11.33333,2,10.66667],"texture":"#2"},"down":{"uv":[6,10.66667,5.33333,11.33333],"texture":"#2"}}},{"from":[7.75,17.75,6.68934],"to":[9.75,18.25,8.68934],"rotation":{"angle":-45,"axis":"y","origin":[8,18.25,6.93934]},"faces":{"north":{"uv":[13,3.66667,13.66667,3.83333],"texture":"#2"},"east":{"uv":[13,4.33333,13.66667,4.5],"texture":"#2"},"south":{"uv":[13,5,13.66667,5.16667],"texture":"#2"},"west":{"uv":[5.66667,13,6.33333,13.16667],"texture":"#2"},"up":{"uv":[11.33333,9.66667,10.66667,9],"texture":"#2"},"down":{"uv":[7,11,6.33333,11.66667],"texture":"#2"}}},{"from":[8,17.25,6.93934],"to":[9.5,18.75,8.43934],"rotation":{"angle":-45,"axis":"y","origin":[8,19.25,6.93934]},"faces":{"north":{"uv":[5,11.66667,5.5,12.16667],"texture":"#2"},"east":{"uv":[11.66667,9,12.16667,9.5],"texture":"#2"},"south":{"uv":[11.66667,10,12.16667,10.5],"texture":"#2"},"west":{"uv":[11.66667,11,12.16667,11.5],"texture":"#2"},"up":{"uv":[6.5,12.5,6,12],"texture":"#2"},"down":{"uv":[12.16667,12,11.66667,12.5],"texture":"#2"}}},{"from":[8,8.5,6.93934],"to":[9.5,9,8.43934],"rotation":{"angle":-45,"axis":"y","origin":[8,9.5,6.93934]},"faces":{"north":{"uv":[9,13,9.5,13.16667],"texture":"#2"},"east":{"uv":[10,13,10.5,13.16667],"texture":"#2"},"south":{"uv":[11,13,11.5,13.16667],"texture":"#2"},"west":{"uv":[0,13.33333,0.5,13.5],"texture":"#2"},"up":{"uv":[11.83333,7.5,11.33333,7],"texture":"#2"}}},{"from":[7.75,8,6.68934],"to":[9.75,8.5,8.68934],"rotation":{"angle":-45,"axis":"y","origin":[8,8.5,6.93934]},"faces":{"north":{"uv":[12.66667,10.66667,13.33333,10.83333],"texture":"#2"},"east":{"uv":[12.66667,11.33333,13.33333,11.5],"texture":"#2"},"south":{"uv":[12.66667,12,13.33333,12.16667],"texture":"#2"},"west":{"uv":[12.66667,12.66667,13.33333,12.83333],"texture":"#2"},"up":{"uv":[11,8.66667,10.33333,8],"texture":"#2"},"down":{"uv":[9.66667,10.33333,9,11],"texture":"#2"}}},{"from":[8,-3.5,7.29289],"to":[9,-1.5,8.29289],"rotation":{"angle":-45,"axis":"y","origin":[8,-4.5,7.29289]},"faces":{"north":{"uv":[3.33333,9.33333,3.66667,10],"texture":"#2"},"east":{"uv":[12.33333,1,12.66667,1.66667],"texture":"#2"},"south":{"uv":[12.33333,2,12.66667,2.66667],"texture":"#2"},"west":{"uv":[2.66667,12.33333,3,13],"texture":"#2"}}},{"from":[8,6,7.29289],"to":[9,8,8.29289],"rotation":{"angle":-45,"axis":"y","origin":[8,5.5,7.29289]},"faces":{"north":{"uv":[12.33333,3,12.66667,3.66667],"texture":"#2"},"east":{"uv":[3.33333,12.33333,3.66667,13],"texture":"#2"},"south":{"uv":[4,12.33333,4.33333,13],"texture":"#2"},"west":{"uv":[12.33333,4,12.66667,4.66667],"texture":"#2"}}},{"from":[7,18,8],"to":[9,20.5,10.5],"rotation":{"angle":-45,"axis":"x","origin":[7.75,18,8]},"faces":{"north":{"uv":[1.33333,9.33333,2,10.16667],"texture":"#2"},"east":{"uv":[8.66667,0,9.5,0.83333],"texture":"#2"},"south":{"uv":[2.33333,9.33333,3,10.16667],"texture":"#2"},"west":{"uv":[0,9,0.83333,9.83333],"texture":"#2"},"up":{"uv":[6,10.16667,5.33333,9.33333],"texture":"#2"},"down":{"uv":[10,8,9.33333,8.83333],"texture":"#2"}}},{"from":[6.75,18.25,8.25],"to":[9.25,20.25,10.25],"rotation":{"angle":-45,"axis":"x","origin":[7.75,18,8]},"faces":{"north":{"uv":[9.33333,9.33333,10.16667,10],"texture":"#2"},"east":{"uv":[10,10.33333,10.66667,11],"texture":"#2"},"south":{"uv":[10,0,10.83333,0.66667],"texture":"#2"},"west":{"uv":[1,10.66667,1.66667,11.33333],"texture":"#2"},"up":{"uv":[7.16667,10.66667,6.33333,10],"texture":"#2"},"down":{"uv":[8.5,10,7.66667,10.66667],"texture":"#2"}}},{"from":[8,9,7.29289],"to":[9,11.5,8.29289],"rotation":{"angle":-45,"axis":"y","origin":[8,9,7.29289]},"faces":{"north":{"uv":[7.33333,11,7.66667,11.83333],"texture":"#2"},"east":{"uv":[8,11,8.33333,11.83333],"texture":"#2"},"south":{"uv":[11,10,11.33333,10.83333],"texture":"#2"},"west":{"uv":[0,11.33333,0.33333,12.16667],"texture":"#2"},"up":{"uv":[2.33333,13,2,12.66667],"texture":"#2"}}},{"from":[7.18934,-1.5,8.17678],"to":[8.43934,4.5,9.42678],"rotation":{"angle":45,"axis":"y","origin":[6.93934,-3.5,8.17678]},"faces":{"north":{"uv":[2,4,2.5,6],"texture":"#2"},"east":{"uv":[4,2,4.5,4],"texture":"#2"},"south":{"uv":[3,4,3.5,6],"texture":"#2"},"west":{"uv":[4,4.33333,4.5,6.33333],"texture":"#2"},"down":{"uv":[12.83333,0,12.33333,0.5],"texture":"#2"}}},{"from":[7.18934,13,8.17678],"to":[8.43934,17.25,9.42678],"rotation":{"angle":45,"axis":"y","origin":[6.93934,12.25,8.17678]},"faces":{"north":{"uv":[5.33333,7.33333,5.83333,8.83333],"texture":"#2"},"east":{"uv":[6.33333,8,6.83333,9.5],"texture":"#2"},"south":{"uv":[7.33333,8,7.83333,9.5],"texture":"#2"},"west":{"uv":[8.33333,8,8.83333,9.5],"texture":"#2"}}},{"from":[5.5,22,5.5],"to":[10.5,27,10.5],"rotation":{"angle":0,"axis":"y","origin":[8,24.5,8]},"faces":{"north":{"uv":[0,0,1.66667,1.66667],"texture":"#2"},"east":{"uv":[0,2,1.66667,3.66667],"texture":"#2"},"south":{"uv":[2,0,3.66667,1.66667],"texture":"#2"},"west":{"uv":[2,2,3.66667,3.66667],"texture":"#2"},"up":{"uv":[1.66667,5.66667,0,4],"texture":"#2"},"down":{"uv":[5.66667,0,4,1.66667],"texture":"#2"}}},{"from":[4.5,24,7.5],"to":[5.5,25,8.5],"rotation":{"angle":0,"axis":"y","origin":[8,24.5,8]},"faces":{"north":{"uv":[13,5.66667,13.33333,6],"texture":"#2"},"south":{"uv":[13,6.33333,13.33333,6.66667],"texture":"#2"},"west":{"uv":[13,7,13.33333,7.33333],"texture":"#2"},"up":{"uv":[8,13.33333,7.66667,13],"texture":"#2"},"down":{"uv":[8.66667,13,8.33333,13.33333],"texture":"#2"}}},{"from":[6.75,25.25,3.5],"to":[9.25,27.75,6.5],"rotation":{"angle":-22.5,"axis":"x","origin":[7.75,26.75,5]},"faces":{"east":{"uv":[7.33333,0,8.33333,0.83333],"texture":"#2"},"south":{"uv":[4,9,4.83333,9.83333],"texture":"#2"},"west":{"uv":[7.66667,1.33333,8.66667,2.16667],"texture":"#2"},"up":{"uv":[8.5,3.66667,7.66667,2.66667],"texture":"#2"},"down":{"uv":[8.5,4,7.66667,5],"texture":"#2"}}},{"from":[6.75,22.94867,1.45776],"to":[9.25,26.44867,3.95776],"rotation":{"angle":-22.5,"axis":"x","origin":[7.75,24.94867,1.95776]},"faces":{"north":{"uv":[1.33333,6.33333,2.16667,7.5],"texture":"#2"},"east":{"uv":[6.33333,1.33333,7.16667,2.5],"texture":"#2"},"south":{"uv":[2.66667,6.33333,3.5,7.5],"texture":"#2"},"west":{"uv":[6.33333,3,7.16667,4.16667],"texture":"#2"},"up":{"uv":[9.83333,2.16667,9,1.33333],"texture":"#2"},"down":{"uv":[9.83333,2.66667,9,3.5],"texture":"#2"}}},{"from":[6.75,25.25,9.5],"to":[9.25,27.75,12.5],"rotation":{"angle":22.5,"axis":"x","origin":[7.75,26.75,11]},"faces":{"north":{"uv":[9,6.66667,9.83333,7.5],"texture":"#2"},"east":{"uv":[7.66667,5.33333,8.66667,6.16667],"texture":"#2"},"west":{"uv":[7.66667,6.66667,8.66667,7.5],"texture":"#2"},"up":{"uv":[2.16667,9,1.33333,8],"texture":"#2"},"down":{"uv":[3.5,8,2.66667,9],"texture":"#2"}}},{"from":[6.75,22.94867,12.04224],"to":[9.25,26.44867,14.54224],"rotation":{"angle":22.5,"axis":"x","origin":[7.75,24.94867,14.04224]},"faces":{"north":{"uv":[6.33333,4.66667,7.16667,5.83333],"texture":"#2"},"east":{"uv":[6.33333,6.33333,7.16667,7.5],"texture":"#2"},"south":{"uv":[0,7.33333,0.83333,8.5],"texture":"#2"},"west":{"uv":[4,7.33333,4.83333,8.5],"texture":"#2"},"up":{"uv":[9.83333,4.83333,9,4],"texture":"#2"},"down":{"uv":[9.83333,5.33333,9,6.16667],"texture":"#2"}}},{"from":[6.5,29,6.5],"to":[9.5,32,9.5],"rotation":{"angle":45,"axis":"z","origin":[8,30.5,8]},"faces":{"north":{"uv":[5,2,6,3],"rotation":270,"texture":"#2"},"east":{"uv":[7,1,6,0],"rotation":90,"texture":"#2"},"south":{"uv":[5,4.66667,6,5.66667],"rotation":90,"texture":"#2"},"west":{"uv":[6,6,5,7],"rotation":90,"texture":"#2"},"up":{"uv":[0,6,1,7],"rotation":90,"texture":"#2"},"down":{"uv":[5,3.33333,6,4.33333],"rotation":90,"texture":"#2"}}},{"from":[5.4,25.75,1],"to":[5.4,29.25,8.5],"rotation":{"angle":22.5,"axis":"x","origin":[5.4,27.5,4.75]},"faces":{"west":{"uv":[0,0,7.5,3.5],"texture":"#1"}}},{"from":[5.15,20,7.25],"to":[5.15,23.5,13.75],"rotation":{"angle":-22.5,"axis":"x","origin":[5.15,21.75,10.5]},"faces":{"west":{"uv":[6,5.5,12.5,9],"texture":"#1"}}},{"from":[10.6,25.75,1],"to":[10.6,29.25,8.5],"rotation":{"angle":22.5,"axis":"x","origin":[10.6,27.5,4.75]},"faces":{"east":{"uv":[7.5,0,0,3.5],"texture":"#1"}}},{"from":[10.85,20,7.25],"to":[10.85,23.5,13.75],"rotation":{"angle":-22.5,"axis":"x","origin":[10.85,21.75,10.5]},"faces":{"east":{"uv":[12.5,5.5,6,9],"texture":"#1"}}}],"gui_light":"front","display":{"thirdperson_righthand":{"translation":[0,-2.75,1]},"thirdperson_lefthand":{"translation":[0,-2.75,1]},"firstperson_righthand":{"rotation":[10,15,0],"translation":[2.25,-2.25,-1],"scale":[0.7,0.7,0.7]},"firstperson_lefthand":{"rotation":[10,-145,0],"translation":[2.25,-2.25,-1],"scale":[0.7,0.7,0.7]},"ground":{"rotation":[-45,0,0],"translation":[0,3,0],"scale":[0.7,0.7,0.7]},"gui":{"rotation":[-90,45,90],"translation":[1,-1,0],"scale":[0.55,0.55,0.55]},"head":{"rotation":[0,-90,0]},"fixed":{"rotation":[0,-90,0],"translation":[0,0,-1.5],"scale":[2,2,2]}}}