{"credit":"Pologony Creation Co.,Ltd.","texture_size":[40,40],"textures":{"1":"plny_halloween_set:animations/animation_1","2":"plny_halloween_set:sword"},"elements":[{"from":[7.5,-3.25,7.25],"to":[8.5,-1.75,8.75],"rotation":{"angle":-45,"axis":"x","origin":[8,-2.5,8]},"faces":{"north":{"uv":[7.6,13.6,8,14.2],"texture":"#2"},"east":{"uv":[1.2,12,1.8,12.6],"texture":"#2"},"south":{"uv":[13.6,9.6,14,10.2],"texture":"#2"},"west":{"uv":[2.4,12,3,12.6],"texture":"#2"},"up":{"uv":[12.4,14.2,12,13.6],"texture":"#2"},"down":{"uv":[13.2,13.6,12.8,14.2],"texture":"#2"}}},{"from":[7,-2,7],"to":[9,0,9],"rotation":{"angle":0,"axis":"x","origin":[8,-1,8]},"faces":{"north":{"uv":[10,1.2,10.8,2],"texture":"#2"},"east":{"uv":[10,2.4,10.8,3.2],"texture":"#2"},"south":{"uv":[10,3.6,10.8,4.4],"texture":"#2"},"west":{"uv":[8,10,8.8,10.8],"texture":"#2"},"up":{"uv":[11.2,5.6,10.4,4.8],"texture":"#2"},"down":{"uv":[11.2,6,10.4,6.8],"texture":"#2"}}},{"from":[7.75,0,6.68934],"to":[9.75,0.5,8.68934],"rotation":{"angle":-45,"axis":"y","origin":[8,0,6.93934]},"faces":{"north":{"uv":[14,12.4,14.8,12.6],"texture":"#2"},"east":{"uv":[14.4,2.4,15.2,2.6],"texture":"#2"},"south":{"uv":[3.2,14.4,4,14.6],"texture":"#2"},"west":{"uv":[14.4,3.2,15.2,3.4],"texture":"#2"},"up":{"uv":[10,11.2,9.2,10.4],"texture":"#2"},"down":{"uv":[11.2,10.4,10.4,11.2],"texture":"#2"}}},{"from":[8,0.5,6.93934],"to":[9.5,1.5,8.43934],"rotation":{"angle":-45,"axis":"y","origin":[8,0.5,6.93934]},"faces":{"north":{"uv":[13.6,13.6,14.2,14],"texture":"#2"},"east":{"uv":[14,4.8,14.6,5.2],"texture":"#2"},"south":{"uv":[14,5.6,14.6,6],"texture":"#2"},"west":{"uv":[14,6.4,14.6,6.8],"texture":"#2"},"up":{"uv":[5.8,12.6,5.2,12],"texture":"#2"}}},{"from":[8,3.5,6.93934],"to":[9.5,5,8.43934],"rotation":{"angle":-45,"axis":"y","origin":[8,5.5,6.93934]},"faces":{"north":{"uv":[6.4,12,7,12.6],"texture":"#2"},"east":{"uv":[12,7.2,12.6,7.8],"texture":"#2"},"south":{"uv":[12,8.4,12.6,9],"texture":"#2"},"west":{"uv":[12,11.2,12.6,11.8],"texture":"#2"},"up":{"uv":[0.6,13,0,12.4],"texture":"#2"},"down":{"uv":[13,0,12.4,0.6],"texture":"#2"}}},{"from":[7.75,4,6.68934],"to":[9.75,4.5,8.68934],"rotation":{"angle":-45,"axis":"y","origin":[8,4.5,6.93934]},"faces":{"north":{"uv":[14.4,4,15.2,4.2],"texture":"#2"},"east":{"uv":[5.2,14.4,6,14.6],"texture":"#2"},"south":{"uv":[6.4,14.4,7.2,14.6],"texture":"#2"},"west":{"uv":[8.4,14.4,9.2,14.6],"texture":"#2"},"up":{"uv":[2,11.6,1.2,10.8],"texture":"#2"},"down":{"uv":[3.2,10.8,2.4,11.6],"texture":"#2"}}},{"from":[8,7.5,6.93934],"to":[9.5,8,8.43934],"rotation":{"angle":-45,"axis":"y","origin":[8,8.5,6.93934]},"faces":{"north":{"uv":[14.8,1.6,15.4,1.8],"texture":"#2"},"east":{"uv":[14.8,7.2,15.4,7.4],"texture":"#2"},"south":{"uv":[14.8,8,15.4,8.2],"texture":"#2"},"west":{"uv":[14.8,8.8,15.4,9],"texture":"#2"},"up":{"uv":[13,1.8,12.4,1.2],"texture":"#2"}}},{"from":[7.75,7,6.68934],"to":[9.75,7.5,8.68934],"rotation":{"angle":-45,"axis":"y","origin":[8,7.5,6.93934]},"faces":{"north":{"uv":[14.4,9.6,15.2,9.8],"texture":"#2"},"east":{"uv":[14.4,10.4,15.2,10.6],"texture":"#2"},"south":{"uv":[14.4,11.2,15.2,11.4],"texture":"#2"},"west":{"uv":[13.6,14.4,14.4,14.6],"texture":"#2"},"up":{"uv":[6,11.6,5.2,10.8],"texture":"#2"},"down":{"uv":[7.2,10.8,6.4,11.6],"texture":"#2"}}},{"from":[8,1.5,7.29289],"to":[9,3.5,8.29289],"rotation":{"angle":-45,"axis":"y","origin":[8,0.5,7.29289]},"faces":{"north":{"uv":[1.2,13.2,1.6,14],"texture":"#2"},"east":{"uv":[2,13.2,2.4,14],"texture":"#2"},"south":{"uv":[2.8,13.2,3.2,14],"texture":"#2"},"west":{"uv":[3.6,13.2,4,14],"texture":"#2"}}},{"from":[8,5,7.29289],"to":[9,7,8.29289],"rotation":{"angle":-45,"axis":"y","origin":[8,4.5,7.29289]},"faces":{"north":{"uv":[5.2,13.2,5.6,14],"texture":"#2"},"east":{"uv":[6,13.2,6.4,14],"texture":"#2"},"south":{"uv":[6.8,13.2,7.2,14],"texture":"#2"},"west":{"uv":[13.2,7.2,13.6,8],"texture":"#2"}}},{"from":[7,7.5,8],"to":[9,10,10.5],"rotation":{"angle":-45,"axis":"x","origin":[7.75,7.5,8]},"faces":{"north":{"uv":[1.2,9.2,2,10.2],"texture":"#2"},"east":{"uv":[6.8,4.8,7.8,5.8],"texture":"#2"},"south":{"uv":[2.4,9.2,3.2,10.2],"texture":"#2"},"west":{"uv":[6.8,6.4,7.8,7.4],"texture":"#2"},"up":{"uv":[10,5.8,9.2,4.8],"texture":"#2"},"down":{"uv":[10,6.4,9.2,7.4],"texture":"#2"}}},{"from":[6.75,7.75,8.25],"to":[9.25,9.75,10.25],"rotation":{"angle":-45,"axis":"x","origin":[7.75,7.5,8]},"faces":{"north":{"uv":[9.2,8,10.2,8.8],"texture":"#2"},"east":{"uv":[10.8,7.2,11.6,8],"texture":"#2"},"south":{"uv":[9.2,9.2,10.2,10],"texture":"#2"},"west":{"uv":[10.8,8.4,11.6,9.2],"texture":"#2"},"up":{"uv":[10.6,0.8,9.6,0],"texture":"#2"},"down":{"uv":[7.4,9.6,6.4,10.4],"texture":"#2"}}},{"from":[7.5,9,8],"to":[8.5,11.5,10.5],"rotation":{"angle":-45,"axis":"x","origin":[7.75,9,8]},"faces":{"east":{"uv":[8,0,9,1],"texture":"#2"},"south":{"uv":[8.8,11.6,9.2,12.6],"texture":"#2"},"west":{"uv":[6.8,8,7.8,9],"texture":"#2"},"up":{"uv":[10,12.6,9.6,11.6],"texture":"#2"},"down":{"uv":[12,9.6,11.6,10.6],"texture":"#2"}}},{"from":[7.75,14,8],"to":[8.25,16.5,10.5],"rotation":{"angle":-45,"axis":"x","origin":[7.75,14,8]},"faces":{"north":{"uv":[0,14.4,0.2,15.4],"texture":"#2"},"east":{"uv":[8.4,1.6,9.4,2.6],"texture":"#2"},"south":{"uv":[0.8,14.4,1,15.4],"texture":"#2"},"west":{"uv":[8.4,3.2,9.4,4.2],"texture":"#2"},"up":{"uv":[1.8,15.4,1.6,14.4],"texture":"#2"},"down":{"uv":[2.6,14.4,2.4,15.4],"texture":"#2"}}},{"from":[7.75,26.26721,8],"to":[8.25,27.68221,9.415],"rotation":{"angle":-45,"axis":"x","origin":[7.75,26.26721,8]},"faces":{"north":{"uv":[7.6,14.8,7.8,15.4],"texture":"#2"},"east":{"uv":[12.4,2.4,13,3],"texture":"#2"},"south":{"uv":[12,14.8,12.2,15.4],"texture":"#2"},"west":{"uv":[12.4,3.6,13,4.2],"texture":"#2"},"up":{"uv":[13,15.4,12.8,14.8],"texture":"#2"},"down":{"uv":[15,13.2,14.8,13.8],"texture":"#2"}}},{"from":[7.7535,10.76777,6.75],"to":[8.2465,15.76777,9.25],"rotation":{"angle":0,"axis":"x","origin":[8.0035,14.51777,7.25]},"faces":{"north":{"uv":[10.4,11.6,10.6,13.6],"texture":"#2"},"east":{"uv":[6.4,0,7.4,2],"texture":"#2"},"south":{"uv":[11.2,11.6,11.4,13.6],"texture":"#2"},"west":{"uv":[6.8,2.4,7.8,4.4],"texture":"#2"}}},{"from":[7.7535,15.76777,7],"to":[8.2465,27.76777,9],"rotation":{"angle":0,"axis":"x","origin":[8.0035,19.51777,7]},"faces":{"north":{"uv":[8.4,4.8,8.6,9.6],"texture":"#2"},"east":{"uv":[4.4,3.6,5.2,8.4],"texture":"#2"},"south":{"uv":[4.4,8.8,4.6,13.6],"texture":"#2"},"west":{"uv":[5.6,3.6,6.4,8.4],"texture":"#2"}}},{"from":[7,7.69314,4.876],"to":[9,9.69314,5.876],"rotation":{"angle":-22.5,"axis":"x","origin":[8,9.19881,3.98207]},"faces":{"north":{"uv":[0,11.2,0.8,12],"texture":"#2"},"east":{"uv":[13.2,8.4,13.6,9.2],"texture":"#2"},"south":{"uv":[11.2,0,12,0.8],"texture":"#2"},"west":{"uv":[8.8,13.2,9.2,14],"texture":"#2"},"up":{"uv":[14,11.2,13.2,10.8],"texture":"#2"},"down":{"uv":[14,11.6,13.2,12],"texture":"#2"}}},{"from":[7.25,8.33148,3.1034],"to":[8.75,9.83148,5.3534],"rotation":{"angle":0,"axis":"x","origin":[8,9.37381,4.08207]},"faces":{"east":{"uv":[11.2,3.6,12,4.2],"texture":"#2"},"west":{"uv":[7.6,11.2,8.4,11.8],"texture":"#2"},"up":{"uv":[12.2,5.6,11.6,4.8],"texture":"#2"},"down":{"uv":[12.2,6,11.6,6.8],"texture":"#2"}}},{"from":[7,8.39517,2.22307],"to":[9,10.39517,3.22307],"rotation":{"angle":-22.5,"axis":"x","origin":[8,9.68751,3.95175]},"faces":{"north":{"uv":[11.2,1.2,12,2],"texture":"#2"},"east":{"uv":[9.6,13.2,10,14],"texture":"#2"},"south":{"uv":[11.2,2.4,12,3.2],"texture":"#2"},"west":{"uv":[13.2,12.4,13.6,13.2],"texture":"#2"},"up":{"uv":[0.8,14,0,13.6],"texture":"#2"},"down":{"uv":[14.4,0,13.6,0.4],"texture":"#2"}}},{"from":[7.375,7.21713,5.18259],"to":[8.625,8.71713,6.68259],"rotation":{"angle":-45,"axis":"x","origin":[8,9.19881,3.98207]},"faces":{"east":{"uv":[7.6,12.4,8.2,13],"texture":"#2"},"south":{"uv":[12.4,9.6,13,10.2],"texture":"#2"},"west":{"uv":[12,12.4,12.6,13],"texture":"#2"},"up":{"uv":[13.4,5.4,12.8,4.8],"texture":"#2"},"down":{"uv":[13.4,6,12.8,6.6],"texture":"#2"}}},{"from":[7.5,7.08148,2.8534],"to":[8.5,11.08148,4.3534],"rotation":{"angle":-22.5,"axis":"x","origin":[8,9.20346,3.71906]},"faces":{"north":{"uv":[3.6,9.2,4,10.8],"texture":"#2"},"east":{"uv":[5.2,8.8,5.8,10.4],"texture":"#2"},"south":{"uv":[3.6,11.2,4,12.8],"texture":"#2"},"west":{"uv":[0,9.2,0.6,10.8],"texture":"#2"},"down":{"uv":[4.8,14,4.4,14.6],"texture":"#2"}}},{"from":[7.4975,10.2698,3.63798],"to":[8.5025,11.2698,5.63798],"rotation":{"angle":-45,"axis":"x","origin":[8,9.20346,3.71906]},"faces":{"north":{"uv":[10.8,9.6,11.2,10],"texture":"#2"},"east":{"uv":[13.6,0.8,14.4,1.2],"texture":"#2"},"south":{"uv":[9.6,14.4,10,14.8],"texture":"#2"},"west":{"uv":[13.6,1.6,14.4,2],"texture":"#2"},"up":{"uv":[14,3.2,13.6,2.4],"texture":"#2"},"down":{"uv":[14,3.6,13.6,4.4],"texture":"#2"}}},{"from":[7.4975,7.00509,4.31452],"to":[8.5025,8.50509,5.31452],"rotation":{"angle":22.5,"axis":"x","origin":[8,9.20346,3.71906]},"faces":{"north":{"uv":[14,7.2,14.4,7.8],"texture":"#2"},"east":{"uv":[14,8.4,14.4,9],"texture":"#2"},"south":{"uv":[10.4,14,10.8,14.6],"texture":"#2"},"west":{"uv":[11.2,14,11.6,14.6],"texture":"#2"},"up":{"uv":[15.2,0.4,14.8,0],"texture":"#2"},"down":{"uv":[15.2,0.8,14.8,1.2],"texture":"#2"}}},{"from":[7.985,10,3.25],"to":[8.015,32,12.75],"rotation":{"angle":0,"axis":"y","origin":[7.985,7,10.75]},"faces":{"east":{"uv":[3.8,0,0,8.8],"texture":"#2"},"west":{"uv":[0,0,3.8,8.8],"texture":"#2"}}},{"from":[7.995,3.5,4.75],"to":[8.005,11.5,8.75],"rotation":{"angle":-22.5,"axis":"x","origin":[7.995,0,0]},"faces":{"east":{"uv":[6,0,4.4,3.2],"texture":"#2"},"west":{"uv":[4.4,0,6,3.2],"texture":"#2"}}},{"from":[7,7.69314,10.124],"to":[9,9.69314,11.124],"rotation":{"angle":22.5,"axis":"x","origin":[8,9.19881,12.01793]},"faces":{"north":{"uv":[12,0,11.2,0.8],"texture":"#2"},"east":{"uv":[13.6,8.4,13.2,9.2],"texture":"#2"},"south":{"uv":[0.8,11.2,0,12],"texture":"#2"},"west":{"uv":[9.2,13.2,8.8,14],"texture":"#2"},"up":{"uv":[14,10.8,13.2,11.2],"texture":"#2"},"down":{"uv":[14,12,13.2,11.6],"texture":"#2"}}},{"from":[7.25,8.33148,10.6466],"to":[8.75,9.83148,12.8966],"rotation":{"angle":0,"axis":"x","origin":[8,9.37381,11.91793]},"faces":{"east":{"uv":[12,3.6,11.2,4.2],"texture":"#2"},"west":{"uv":[8.4,11.2,7.6,11.8],"texture":"#2"},"up":{"uv":[12.2,4.8,11.6,5.6],"texture":"#2"},"down":{"uv":[12.2,6.8,11.6,6],"texture":"#2"}}},{"from":[7,8.39517,12.77693],"to":[9,10.39517,13.77693],"rotation":{"angle":22.5,"axis":"x","origin":[8,9.68751,12.04825]},"faces":{"north":{"uv":[12,2.4,11.2,3.2],"texture":"#2"},"east":{"uv":[10,13.2,9.6,14],"texture":"#2"},"south":{"uv":[12,1.2,11.2,2],"texture":"#2"},"west":{"uv":[13.6,12.4,13.2,13.2],"texture":"#2"},"up":{"uv":[0.8,13.6,0,14],"texture":"#2"},"down":{"uv":[14.4,0.4,13.6,0],"texture":"#2"}}},{"from":[7.375,7.21713,9.31741],"to":[8.625,8.71713,10.81741],"rotation":{"angle":45,"axis":"x","origin":[8,9.19881,12.01793]},"faces":{"north":{"uv":[13,9.6,12.4,10.2],"texture":"#2"},"east":{"uv":[8.2,12.4,7.6,13],"texture":"#2"},"west":{"uv":[12.6,12.4,12,13],"texture":"#2"},"up":{"uv":[13.4,4.8,12.8,5.4],"texture":"#2"},"down":{"uv":[13.4,6.6,12.8,6],"texture":"#2"}}},{"from":[7.5,7.08148,11.6466],"to":[8.5,11.08148,13.1466],"rotation":{"angle":22.5,"axis":"x","origin":[8,9.20346,12.28094]},"faces":{"north":{"uv":[4,11.2,3.6,12.8],"texture":"#2"},"east":{"uv":[5.8,8.8,5.2,10.4],"texture":"#2"},"south":{"uv":[4,9.2,3.6,10.8],"texture":"#2"},"west":{"uv":[0.6,9.2,0,10.8],"texture":"#2"},"down":{"uv":[4.8,14.6,4.4,14],"texture":"#2"}}},{"from":[7.4975,10.2698,10.36202],"to":[8.5025,11.2698,12.36202],"rotation":{"angle":45,"axis":"x","origin":[8,9.20346,12.28094]},"faces":{"north":{"uv":[10,14.4,9.6,14.8],"texture":"#2"},"east":{"uv":[14.4,0.8,13.6,1.2],"texture":"#2"},"south":{"uv":[11.2,9.6,10.8,10],"texture":"#2"},"west":{"uv":[14.4,1.6,13.6,2],"texture":"#2"},"up":{"uv":[14,2.4,13.6,3.2],"texture":"#2"},"down":{"uv":[14,4.4,13.6,3.6],"texture":"#2"}}},{"from":[7.4975,7.00509,10.68548],"to":[8.5025,8.50509,11.68548],"rotation":{"angle":-22.5,"axis":"x","origin":[8,9.20346,12.28094]},"faces":{"north":{"uv":[10.8,14,10.4,14.6],"texture":"#2"},"east":{"uv":[14.4,8.4,14,9],"texture":"#2"},"south":{"uv":[14.4,7.2,14,7.8],"texture":"#2"},"west":{"uv":[11.6,14,11.2,14.6],"texture":"#2"},"up":{"uv":[15.2,0,14.8,0.4],"texture":"#2"},"down":{"uv":[15.2,1.2,14.8,0.8],"texture":"#2"}}},{"from":[7.995,3.5,7.25],"to":[8.005,11.5,11.25],"rotation":{"angle":22.5,"axis":"x","origin":[7.995,0,16]},"faces":{"east":{"uv":[4.4,0,6,3.2],"texture":"#2"},"west":{"uv":[6,0,4.4,3.2],"texture":"#2"}}},{"from":[6.9,10.25,2],"to":[6.9,13.75,9.5],"rotation":{"angle":-22.5,"axis":"x","origin":[6.9,12,5.75]},"faces":{"west":{"uv":[0,0,7.5,3.5],"texture":"#1"}}},{"from":[6.4,5.5,7],"to":[6.4,9,13.5],"rotation":{"angle":22.5,"axis":"x","origin":[6.4,7.25,10.25]},"faces":{"west":{"uv":[6,5.5,12.5,9],"texture":"#1"}}},{"from":[9.1,10.25,2],"to":[9.1,13.75,9.5],"rotation":{"angle":-22.5,"axis":"x","origin":[9.1,12,5.75]},"faces":{"east":{"uv":[7.5,0,0,3.5],"texture":"#1"}}},{"from":[9.6,5.5,7],"to":[9.6,9,13.5],"rotation":{"angle":22.5,"axis":"x","origin":[9.6,7.25,10.25]},"faces":{"east":{"uv":[12.5,5.5,6,9],"texture":"#1"}}}],"gui_light":"front","display":{"thirdperson_righthand":{"translation":[0,1.75,1]},"thirdperson_lefthand":{"translation":[0,1.75,1]},"firstperson_righthand":{"rotation":[10,0,0],"translation":[1,0.75,0],"scale":[0.7,0.7,0.7]},"firstperson_lefthand":{"rotation":[10,0,0],"translation":[1,0.75,0],"scale":[0.7,0.7,0.7]},"ground":{"rotation":[-45,0,0],"translation":[0,3,0],"scale":[0.7,0.7,0.7]},"gui":{"rotation":[-90,45,90],"translation":[3.25,-3.25,0],"scale":[0.7,0.7,0.7]},"head":{"rotation":[0,-90,0]},"fixed":{"rotation":[0,-90,0],"translation":[0,0,-1.5],"scale":[2,2,2]}}}