{"credit":"Pologony Creation Co., Ltd.","texture_size":[40,40],"textures":{"1":"plny_halloween_set:wings","particle":"plny_halloween_set:wings"},"elements":[{"from":[8,-14,8],"to":[12,-5,8.015],"rotation":{"angle":-22.5,"axis":"y","origin":[8,-14,8]},"faces":{"north":{"uv":[1,0,1.5,1.125],"texture":"#1","tintindex":0},"south":{"uv":[1.5,0,1,1.125],"texture":"#1","tintindex":0}}},{"from":[11.68978,-14,9.52959],"to":[15.68978,-5,9.54459],"rotation":{"angle":0,"axis":"y","origin":[11.18978,-14,9.52959]},"faces":{"north":{"uv":[0.5,0,1,1.125],"texture":"#1","tintindex":0},"south":{"uv":[1,0,0.5,1.125],"texture":"#1","tintindex":0}}},{"from":[15.10399,-14,8.67284],"to":[19.10399,-5,8.68784],"rotation":{"angle":-45,"axis":"y","origin":[14.3627,-14,9.80833]},"faces":{"north":{"uv":[0,0,0.5,1.125],"texture":"#1","tintindex":0},"south":{"uv":[0.5,0,0,1.125],"texture":"#1","tintindex":0}}},{"from":[4,-14,8],"to":[8,-5,8.015],"rotation":{"angle":22.5,"axis":"y","origin":[8,-14,8]},"faces":{"north":{"uv":[0,1.1875,0.5,2.3125],"texture":"#1","tintindex":0},"south":{"uv":[0.5,1.1875,0,2.3125],"texture":"#1","tintindex":0}}},{"from":[0.31022,-14,9.52959],"to":[4.31022,-5,9.54459],"rotation":{"angle":0,"axis":"y","origin":[4.81022,-14,9.52959]},"faces":{"north":{"uv":[0.5,1.1875,1,2.3125],"texture":"#1","tintindex":0},"south":{"uv":[1,1.1875,0.5,2.3125],"texture":"#1","tintindex":0}}},{"from":[-3.10399,-14,8.67284],"to":[0.89601,-5,8.68784],"rotation":{"angle":45,"axis":"y","origin":[1.6373,-14,9.80833]},"faces":{"north":{"uv":[1,1.1875,1.5,2.3125],"texture":"#1","tintindex":0},"south":{"uv":[1.5,1.1875,1,2.3125],"texture":"#1","tintindex":0}}},{"from":[8,-14,8],"to":[12,-5,8.015],"rotation":{"angle":0,"axis":"y","origin":[8,-14,8]},"faces":{"north":{"uv":[5,0,5.5,1.125],"texture":"#1","tintindex":0},"south":{"uv":[5.5,0,5,1.125],"texture":"#1","tintindex":0}}},{"from":[12,-14,8],"to":[16,-5,8.015],"rotation":{"angle":0,"axis":"y","origin":[11.5,-14,8]},"faces":{"north":{"uv":[4.5,0,5,1.125],"texture":"#1","tintindex":0},"south":{"uv":[5,0,4.5,1.125],"texture":"#1","tintindex":0}}},{"from":[15.41422,-14,7.14325],"to":[19.41421,-5,7.15825],"rotation":{"angle":-45,"axis":"y","origin":[14.67292,-14,8.27873]},"faces":{"north":{"uv":[4,0,4.5,1.125],"texture":"#1","tintindex":0},"south":{"uv":[4.5,0,4,1.125],"texture":"#1","tintindex":0}}},{"from":[4,-14,8],"to":[8,-5,8.015],"rotation":{"angle":0,"axis":"y","origin":[8,-14,8]},"faces":{"north":{"uv":[4,1.1875,4.5,2.3125],"texture":"#1","tintindex":0},"south":{"uv":[4.5,1.1875,4,2.3125],"texture":"#1","tintindex":0}}},{"from":[0,-14,8],"to":[4,-5,8.015],"rotation":{"angle":0,"axis":"y","origin":[4.5,-14,8]},"faces":{"north":{"uv":[4.5,1.1875,5,2.3125],"texture":"#1","tintindex":0},"south":{"uv":[5,1.1875,4.5,2.3125],"texture":"#1","tintindex":0}}},{"from":[-3.41422,-14,7.14325],"to":[0.58578,-5,7.15825],"rotation":{"angle":45,"axis":"y","origin":[1.32708,-14,8.27873]},"faces":{"north":{"uv":[5,1.1875,5.5,2.3125],"texture":"#1","tintindex":0},"south":{"uv":[5.5,1.1875,5,2.3125],"texture":"#1","tintindex":0}}},{"from":[8,-14,8],"to":[12,-5,8.015],"rotation":{"angle":0,"axis":"y","origin":[8,-14,8]},"faces":{"north":{"uv":[9,0,9.5,1.125],"texture":"#1","tintindex":0},"south":{"uv":[9.5,0,9,1.125],"texture":"#1","tintindex":0}}},{"from":[12,-14,8],"to":[16,-5,8.015],"rotation":{"angle":22.5,"axis":"y","origin":[12,-14,8]},"faces":{"north":{"uv":[8.5,0,9,1.125],"texture":"#1","tintindex":0},"south":{"uv":[9,0,8.5,1.125],"texture":"#1","tintindex":0}}},{"from":[15.69552,-14,6.46927],"to":[19.69552,-5,6.48427],"rotation":{"angle":0,"axis":"y","origin":[14.95423,-14,7.60475]},"faces":{"north":{"uv":[8,0,8.5,1.125],"texture":"#1","tintindex":0},"south":{"uv":[8.5,0,8,1.125],"texture":"#1","tintindex":0}}},{"from":[4,-14,8],"to":[8,-5,8.015],"rotation":{"angle":0,"axis":"y","origin":[8,-14,8]},"faces":{"north":{"uv":[8,1.1875,8.5,2.3125],"texture":"#1","tintindex":0},"south":{"uv":[8.5,1.1875,8,2.3125],"texture":"#1","tintindex":0}}},{"from":[0,-14,8],"to":[4,-5,8.015],"rotation":{"angle":-22.5,"axis":"y","origin":[4,-14,8.015]},"faces":{"north":{"uv":[8.5,1.1875,9,2.3125],"texture":"#1","tintindex":0},"south":{"uv":[9,1.1875,8.5,2.3125],"texture":"#1","tintindex":0}}},{"from":[-3.68978,-14,6.47041],"to":[0.31022,-5,6.48541],"rotation":{"angle":0,"axis":"y","origin":[1.05152,-14,7.60589]},"faces":{"north":{"uv":[9,1.1875,9.5,2.3125],"texture":"#1","tintindex":0},"south":{"uv":[9.5,1.1875,9,2.3125],"texture":"#1","tintindex":0}}},{"from":[8,-14,8],"to":[12,-5,8.015],"rotation":{"angle":0,"axis":"y","origin":[8,-14,8]},"faces":{"north":{"uv":[13,0,13.5,1.125],"texture":"#1","tintindex":0},"south":{"uv":[13.5,0,13,1.125],"texture":"#1","tintindex":0}}},{"from":[11.99426,-14,8.00114],"to":[15.99426,-5,8.01614],"rotation":{"angle":22.5,"axis":"y","origin":[11.99426,-14,8.00114]},"faces":{"north":{"uv":[12.5,0,13,1.125],"texture":"#1","tintindex":0},"south":{"uv":[13,0,12.5,1.125],"texture":"#1","tintindex":0}}},{"from":[15.09767,-14,5.05611],"to":[19.09767,-5,5.07111],"rotation":{"angle":45,"axis":"y","origin":[17.11017,-9.5,5.06361]},"faces":{"north":{"uv":[12,0,12.5,1.125],"texture":"#1","tintindex":0},"south":{"uv":[12.5,0,12,1.125],"texture":"#1","tintindex":0}}},{"from":[4,-14,8],"to":[8,-5,8.015],"rotation":{"angle":0,"axis":"y","origin":[8,-14,8]},"faces":{"north":{"uv":[12,1.1875,12.5,2.3125],"texture":"#1","tintindex":0},"south":{"uv":[12.5,1.1875,12,2.3125],"texture":"#1","tintindex":0}}},{"from":[0,-14,8],"to":[4,-5,8.015],"rotation":{"angle":-22.5,"axis":"y","origin":[4,-14,8.015]},"faces":{"north":{"uv":[12.5,1.1875,13,2.3125],"texture":"#1","tintindex":0},"south":{"uv":[13,1.1875,12.5,2.3125],"texture":"#1","tintindex":0}}},{"from":[-3.10443,-14,5.05725],"to":[0.89557,-5,5.07225],"rotation":{"angle":-45,"axis":"y","origin":[-1.10443,-9.5,5.06475]},"faces":{"north":{"uv":[13,1.1875,13.5,2.3125],"texture":"#1","tintindex":0},"south":{"uv":[13.5,1.1875,13,2.3125],"texture":"#1","tintindex":0}}},{"from":[8,-14,8],"to":[12,-5,8.015],"rotation":{"angle":-22.5,"axis":"y","origin":[8,-14,8]},"faces":{"north":{"uv":[1,4,1.5,5.125],"texture":"#1","tintindex":0},"south":{"uv":[1.5,4,1,5.125],"texture":"#1","tintindex":0}}},{"from":[11.68404,-14,9.53074],"to":[15.68404,-5,9.54574],"rotation":{"angle":22.5,"axis":"y","origin":[11.68404,-14,9.53074]},"faces":{"north":{"uv":[0.5,4,1,5.125],"texture":"#1","tintindex":0},"south":{"uv":[1,4,0.5,5.125],"texture":"#1","tintindex":0}}},{"from":[14.79421,-14,6.58684],"to":[18.7942,-5,6.60184],"rotation":{"angle":45,"axis":"y","origin":[16.7942,-9.5,6.59434]},"faces":{"north":{"uv":[0,4,0.5,5.125],"texture":"#1","tintindex":0},"south":{"uv":[0.5,4,0,5.125],"texture":"#1","tintindex":0}}},{"from":[4,-14,8],"to":[8,-5,8.015],"rotation":{"angle":22.5,"axis":"y","origin":[8,-14,8]},"faces":{"north":{"uv":[0,5.1875,0.5,6.3125],"texture":"#1","tintindex":0},"south":{"uv":[0.5,5.1875,0,6.3125],"texture":"#1","tintindex":0}}},{"from":[0.31022,-14,9.52959],"to":[4.31022,-5,9.54459],"rotation":{"angle":-22.5,"axis":"y","origin":[4.31022,-14,9.54459]},"faces":{"north":{"uv":[0.5,5.1875,1,6.3125],"texture":"#1","tintindex":0},"south":{"uv":[1,5.1875,0.5,6.3125],"texture":"#1","tintindex":0}}},{"from":[-2.7942,-14,6.58684],"to":[1.2058,-5,6.60184],"rotation":{"angle":-45,"axis":"y","origin":[-0.7942,-9.5,6.59434]},"faces":{"north":{"uv":[1,5.1875,1.5,6.3125],"texture":"#1","tintindex":0},"south":{"uv":[1.5,5.1875,1,6.3125],"texture":"#1","tintindex":0}}},{"from":[8,-14,8],"to":[12,-5,8.015],"rotation":{"angle":-22.5,"axis":"y","origin":[8,-14,8]},"faces":{"north":{"uv":[5,4,5.5,5.125],"texture":"#1","tintindex":0},"south":{"uv":[5.5,4,5,5.125],"texture":"#1","tintindex":0}}},{"from":[11.68404,-14,9.53074],"to":[15.68404,-5,9.54574],"rotation":{"angle":-22.5,"axis":"y","origin":[11.68404,-14,9.53074]},"faces":{"north":{"uv":[4.5,4,5,5.125],"texture":"#1","tintindex":0},"south":{"uv":[5,4,4.5,5.125],"texture":"#1","tintindex":0}}},{"from":[14.78847,-14,12.47349],"to":[18.78847,-5,12.48849],"rotation":{"angle":-45,"axis":"y","origin":[16.78847,-9.5,12.48099]},"faces":{"north":{"uv":[4,4,4.5,5.125],"texture":"#1","tintindex":0},"south":{"uv":[4.5,4,4,5.125],"texture":"#1","tintindex":0}}},{"from":[4,-14,8],"to":[8,-5,8.015],"rotation":{"angle":22.5,"axis":"y","origin":[8,-14,8]},"faces":{"north":{"uv":[4,5.1875,4.5,6.3125],"texture":"#1","tintindex":0},"south":{"uv":[4.5,5.1875,4,6.3125],"texture":"#1","tintindex":0}}},{"from":[0.31022,-14,9.52959],"to":[4.31022,-5,9.54459],"rotation":{"angle":22.5,"axis":"y","origin":[4.31022,-14,9.54459]},"faces":{"north":{"uv":[4.5,5.1875,5,6.3125],"texture":"#1","tintindex":0},"south":{"uv":[5,5.1875,4.5,6.3125],"texture":"#1","tintindex":0}}},{"from":[-2.79995,-14,12.47349],"to":[1.20005,-5,12.48849],"rotation":{"angle":45,"axis":"y","origin":[-0.79995,-9.5,12.48099]},"faces":{"north":{"uv":[5,5.1875,5.5,6.3125],"texture":"#1","tintindex":0},"south":{"uv":[5.5,5.1875,5,6.3125],"texture":"#1","tintindex":0}}},{"from":[8,-14,8],"to":[12,-5,8.015],"rotation":{"angle":-22.5,"axis":"y","origin":[8,-14,8]},"faces":{"north":{"uv":[9,4,9.5,5.125],"texture":"#1","tintindex":0},"south":{"uv":[9.5,4,9,5.125],"texture":"#1","tintindex":0}}},{"from":[11.69552,-14,9.53074],"to":[15.69552,-5,9.54574],"rotation":{"angle":-45,"axis":"y","origin":[11.69552,-14,9.53074]},"faces":{"north":{"uv":[8.5,4,9,5.125],"texture":"#1","tintindex":0},"south":{"uv":[9,4,8.5,5.125],"texture":"#1","tintindex":0}}},{"from":[15.27489,-14,12.20979],"to":[15.28989,-5,16.20979],"rotation":{"angle":22.5,"axis":"y","origin":[15.28239,-9.5,14.20979]},"faces":{"east":{"uv":[8,4,8.5,5.125],"texture":"#1","tintindex":0},"west":{"uv":[8.5,4,8,5.125],"texture":"#1","tintindex":0}}},{"from":[4,-14,8],"to":[8,-5,8.015],"rotation":{"angle":22.5,"axis":"y","origin":[8,-14,8]},"faces":{"north":{"uv":[8,5.1875,8.5,6.3125],"texture":"#1","tintindex":0},"south":{"uv":[8.5,5.1875,8,6.3125],"texture":"#1","tintindex":0}}},{"from":[0.31509,-14,9.52634],"to":[4.31509,-5,9.54134],"rotation":{"angle":45,"axis":"y","origin":[4.31509,-14,9.54134]},"faces":{"north":{"uv":[8.5,5.1875,9,6.3125],"texture":"#1","tintindex":0},"south":{"uv":[9,5.1875,8.5,6.3125],"texture":"#1","tintindex":0}}},{"from":[0.71012,-14,12.20979],"to":[0.72512,-5,16.20979],"rotation":{"angle":-22.5,"axis":"y","origin":[0.71762,-9.5,14.20979]},"faces":{"east":{"uv":[9.5,5.1875,9,6.3125],"texture":"#1","tintindex":0},"west":{"uv":[9,5.1875,9.5,6.3125],"texture":"#1","tintindex":0}}}],"gui_light":"front","display":{"thirdperson_righthand":{"rotation":[-132.25,0,-180],"translation":[0,0.25,1.25],"scale":[0.7,0.7,0.7]},"thirdperson_lefthand":{"rotation":[67,0,1],"translation":[-5.5,-5,10.75]},"firstperson_righthand":{"rotation":[152.25,0,-180],"translation":[0.5,2.5,2.25],"scale":[0.6,0.6,0.6]},"firstperson_lefthand":{"scale":[0,0,0]},"ground":{"rotation":[-45,0,0],"scale":[0.7,0.7,0.7]},"gui":{"rotation":[0,-180,0],"translation":[0,16.25,0],"scale":[0.9,0.9,0.9]},"head":{"translation":[0,-51.75,5.25],"scale":[3.2,3.2,3.2]},"fixed":{"rotation":[0,180,0],"translation":[0,3.25,0],"scale":[2,2,2]}}}