{"credit":"Made with Blockbench","texture_size":[128,128],"textures":{"0":"pokeballs:multiballtwo","particle":"pokeballs:multiballtwo"},"elements":[{"from":[2,0,2],"to":[14,4,14],"rotation":{"angle":0,"axis":"y","origin":[8,6,7.925]},"faces":{"north":{"uv":[9,3.5,10.5,4],"texture":"#0"},"east":{"uv":[7.5,3.5,9,4],"texture":"#0"},"south":{"uv":[12,3.5,13.5,4],"texture":"#0"},"west":{"uv":[10.5,3.5,12,4],"texture":"#0"},"up":{"uv":[10.5,3.5,9,2],"texture":"#0"},"down":{"uv":[12,2,10.5,3.5],"texture":"#0"}}},{"from":[2,8,2],"to":[14,12,14],"rotation":{"angle":0,"axis":"y","origin":[8,6,7.925]},"faces":{"north":{"uv":[9,1.5,10.5,2],"texture":"#0"},"east":{"uv":[7.5,1.5,9,2],"texture":"#0"},"south":{"uv":[12,1.5,13.5,2],"texture":"#0"},"west":{"uv":[10.5,1.5,12,2],"texture":"#0"},"up":{"uv":[10.5,1.5,9,0],"texture":"#0"},"down":{"uv":[12,0,10.5,1.5],"texture":"#0"}}},{"from":[2.5,4,2.5],"to":[13.5,8,13.5],"rotation":{"angle":0,"axis":"y","origin":[8,6,7.925]},"faces":{"north":{"uv":[8.875,5.375,10.25,5.875],"texture":"#0"},"east":{"uv":[7.5,5.375,8.875,5.875],"texture":"#0"},"south":{"uv":[11.625,5.375,13,5.875],"texture":"#0"},"west":{"uv":[10.25,5.375,11.625,5.875],"texture":"#0"},"up":{"uv":[10.25,5.375,8.875,4],"texture":"#0"},"down":{"uv":[11.625,4,10.25,5.375],"texture":"#0"}}},{"from":[10,7,2],"to":[14,8,14],"rotation":{"angle":0,"axis":"y","origin":[8,6,7.925]},"faces":{"north":{"uv":[9,7.375,9.5,7.5],"texture":"#0"},"east":{"uv":[7.5,7.375,9,7.5],"texture":"#0"},"south":{"uv":[11,7.375,11.5,7.5],"texture":"#0"},"west":{"uv":[9.5,7.375,11,7.5],"texture":"#0"},"up":{"uv":[9.5,7.375,9,5.875],"texture":"#0"},"down":{"uv":[10,5.875,9.5,7.375],"texture":"#0"}}},{"from":[10,4,2],"to":[14,5,14],"rotation":{"angle":0,"axis":"y","origin":[8,6,7.925]},"faces":{"north":{"uv":[13.5,4,14,4.125],"texture":"#0"},"east":{"uv":[12,4,13.5,4.125],"texture":"#0"},"south":{"uv":[15.5,4,16,4.125],"texture":"#0"},"west":{"uv":[14,4,15.5,4.125],"texture":"#0"},"up":{"uv":[14,4,13.5,2.5],"texture":"#0"},"down":{"uv":[14.5,2.5,14,4],"texture":"#0"}}},{"from":[2,4,2],"to":[6,5,14],"rotation":{"angle":0,"axis":"y","origin":[8,6,7.925]},"faces":{"north":{"uv":[13.5,2,14,2.125],"texture":"#0"},"east":{"uv":[12,2,13.5,2.125],"texture":"#0"},"south":{"uv":[15.5,2,16,2.125],"texture":"#0"},"west":{"uv":[14,2,15.5,2.125],"texture":"#0"},"up":{"uv":[14,2,13.5,0.5],"texture":"#0"},"down":{"uv":[14.5,0.5,14,2],"texture":"#0"}}},{"from":[2,7,2],"to":[6,8,14],"rotation":{"angle":0,"axis":"y","origin":[8,6,7.925]},"faces":{"north":{"uv":[13,5.875,13.5,6],"texture":"#0"},"east":{"uv":[11.5,5.875,13,6],"texture":"#0"},"south":{"uv":[15,5.875,15.5,6],"texture":"#0"},"west":{"uv":[13.5,5.875,15,6],"texture":"#0"},"up":{"uv":[13.5,5.875,13,4.375],"texture":"#0"},"down":{"uv":[14,4.375,13.5,5.875],"texture":"#0"}}},{"from":[6,4,13],"to":[10,5,14],"rotation":{"angle":0,"axis":"y","origin":[8,6,7.925]},"faces":{"north":{"uv":[7.625,0.875,8.125,1],"texture":"#0"},"east":{"uv":[7.5,0.875,7.625,1],"texture":"#0"},"south":{"uv":[8.25,0.875,8.75,1],"texture":"#0"},"west":{"uv":[8.125,0.875,8.25,1],"texture":"#0"},"up":{"uv":[8.125,0.875,7.625,0.75],"texture":"#0"},"down":{"uv":[8.625,0.75,8.125,0.875],"texture":"#0"}}},{"from":[6,7,13],"to":[10,8,14],"rotation":{"angle":0,"axis":"y","origin":[8,6,7.925]},"faces":{"north":{"uv":[7.625,0.625,8.125,0.75],"texture":"#0"},"east":{"uv":[7.5,0.625,7.625,0.75],"texture":"#0"},"south":{"uv":[8.25,0.625,8.75,0.75],"texture":"#0"},"west":{"uv":[8.125,0.625,8.25,0.75],"texture":"#0"},"up":{"uv":[8.125,0.625,7.625,0.5],"texture":"#0"},"down":{"uv":[8.625,0.5,8.125,0.625],"texture":"#0"}}},{"from":[6.5,4.5,2],"to":[9.5,7.5,3],"rotation":{"angle":0,"axis":"y","origin":[8,6,7.925]},"faces":{"north":{"uv":[7.625,0.125,8,0.5],"texture":"#0"},"east":{"uv":[7.5,0.125,7.625,0.5],"texture":"#0"},"south":{"uv":[8.125,0.125,8.5,0.5],"texture":"#0"},"west":{"uv":[8,0.125,8.125,0.5],"texture":"#0"},"up":{"uv":[8,0.125,7.625,0],"texture":"#0"},"down":{"uv":[8.375,0,8,0.125],"texture":"#0"}}},{"from":[7,5,1.85],"to":[9,7,2.85],"rotation":{"angle":0,"axis":"y","origin":[8,6,7.925]},"faces":{"north":{"uv":[7.625,1.125,7.875,1.375],"texture":"#0"},"east":{"uv":[7.5,1.125,7.625,1.375],"texture":"#0"},"south":{"uv":[8,1.125,8.25,1.375],"texture":"#0"},"west":{"uv":[7.875,1.125,8,1.375],"texture":"#0"},"up":{"uv":[7.875,1.125,7.625,1],"texture":"#0"},"down":{"uv":[8.125,1,7.875,1.125],"texture":"#0"}}}],"display":{"thirdperson_righthand":{"rotation":[51.51,-0.41,0.04],"scale":[0.27734,0.27734,0.27734]},"thirdperson_lefthand":{"rotation":[51.51,-0.41,0.04],"scale":[0.27734,0.27734,0.27734]},"firstperson_righthand":{"rotation":[162.41,60.31,-174.01],"translation":[2.25,2.5,0],"scale":[0.28516,0.28516,0.28516]},"firstperson_lefthand":{"rotation":[162.41,60.31,-174.01],"translation":[2.25,2.5,0],"scale":[0.28516,0.28516,0.28516]},"ground":{"scale":[0.37305,0.37305,0.37305]},"gui":{"rotation":[-161.25,38.5,-180],"translation":[0,1.25,0],"scale":[0.68945,0.68945,0.68945]},"head":{"translation":[0,3,0],"scale":[1.32227,1.32227,1.32227]},"fixed":{"translation":[0,1.5,1],"scale":[0.81836,0.81836,0.81836]}}}