{"credit":"Made with Blockbench","texture_size":[128,128],"textures":{"2":"pokeballs:multiballone","particle":"pokeballs:multiballone"},"elements":[{"from":[2,0,2],"to":[14,4,14],"rotation":{"angle":0,"axis":"y","origin":[8,6,7.925]},"faces":{"north":{"uv":[9,12,10.5,12.5],"texture":"#2"},"east":{"uv":[7.5,12,9,12.5],"texture":"#2"},"south":{"uv":[12,12,13.5,12.5],"texture":"#2"},"west":{"uv":[10.5,12,12,12.5],"texture":"#2"},"up":{"uv":[10.5,12,9,10.5],"texture":"#2"},"down":{"uv":[12,10.5,10.5,12],"texture":"#2"}}},{"from":[2,8,2],"to":[14,12,14],"rotation":{"angle":0,"axis":"y","origin":[8,6,7.925]},"faces":{"north":{"uv":[9,10,10.5,10.5],"texture":"#2"},"east":{"uv":[7.5,10,9,10.5],"texture":"#2"},"south":{"uv":[12,10,13.5,10.5],"texture":"#2"},"west":{"uv":[10.5,10,12,10.5],"texture":"#2"},"up":{"uv":[10.5,10,9,8.5],"texture":"#2"},"down":{"uv":[12,8.5,10.5,10],"texture":"#2"}}},{"from":[2.5,4,2.5],"to":[13.5,8,13.5],"rotation":{"angle":0,"axis":"y","origin":[8,6,7.925]},"faces":{"north":{"uv":[8.875,13.875,10.25,14.375],"texture":"#2"},"east":{"uv":[7.5,13.875,8.875,14.375],"texture":"#2"},"south":{"uv":[11.625,13.875,13,14.375],"texture":"#2"},"west":{"uv":[10.25,13.875,11.625,14.375],"texture":"#2"},"up":{"uv":[10.25,13.875,8.875,12.5],"texture":"#2"},"down":{"uv":[11.625,12.5,10.25,13.875],"texture":"#2"}}},{"from":[10,7,2],"to":[14,8,14],"rotation":{"angle":0,"axis":"y","origin":[8,6,7.925]},"faces":{"north":{"uv":[9,15.875,9.5,16],"texture":"#2"},"east":{"uv":[7.5,15.875,9,16],"texture":"#2"},"south":{"uv":[11,15.875,11.5,16],"texture":"#2"},"west":{"uv":[9.5,15.875,11,16],"texture":"#2"},"up":{"uv":[9.5,15.875,9,14.375],"texture":"#2"},"down":{"uv":[10,14.25,9.5,15.75],"texture":"#2"}}},{"from":[10,4,2],"to":[14,5,14],"rotation":{"angle":0,"axis":"y","origin":[8,6,7.925]},"faces":{"north":{"uv":[13.5,12.5,14,12.625],"texture":"#2"},"east":{"uv":[12,12.5,13.5,12.625],"texture":"#2"},"south":{"uv":[15.5,12.5,16,12.625],"texture":"#2"},"west":{"uv":[14,12.5,15.5,12.625],"texture":"#2"},"up":{"uv":[14,12.5,13.5,11],"texture":"#2"},"down":{"uv":[14.5,11,14,12.5],"texture":"#2"}}},{"from":[2,4,2],"to":[6,5,14],"rotation":{"angle":0,"axis":"y","origin":[8,6,7.925]},"faces":{"north":{"uv":[13.5,10.5,14,10.625],"texture":"#2"},"east":{"uv":[12,10.5,13.5,10.625],"texture":"#2"},"south":{"uv":[15.5,10.5,16,10.625],"texture":"#2"},"west":{"uv":[14,10.5,15.5,10.625],"texture":"#2"},"up":{"uv":[14,10.5,13.5,9],"texture":"#2"},"down":{"uv":[14.5,9,14,10.5],"texture":"#2"}}},{"from":[2,7,2],"to":[6,8,14],"rotation":{"angle":0,"axis":"y","origin":[8,6,7.925]},"faces":{"north":{"uv":[13,14.375,13.5,14.5],"texture":"#2"},"east":{"uv":[11.5,14.375,13,14.5],"texture":"#2"},"south":{"uv":[15,14.375,15.5,14.5],"texture":"#2"},"west":{"uv":[13.5,14.375,15,14.5],"texture":"#2"},"up":{"uv":[13.5,14.375,13,12.875],"texture":"#2"},"down":{"uv":[14,12.875,13.5,14.375],"texture":"#2"}}},{"from":[6,4,13],"to":[10,5,14],"rotation":{"angle":0,"axis":"y","origin":[8,6,7.925]},"faces":{"north":{"uv":[7.625,9.375,8.125,9.5],"texture":"#2"},"east":{"uv":[7.5,9.375,7.625,9.5],"texture":"#2"},"south":{"uv":[8.25,9.375,8.75,9.5],"texture":"#2"},"west":{"uv":[8.125,9.375,8.25,9.5],"texture":"#2"},"up":{"uv":[8.125,9.375,7.625,9.25],"texture":"#2"},"down":{"uv":[8.625,9.25,8.125,9.375],"texture":"#2"}}},{"from":[6,7,13],"to":[10,8,14],"rotation":{"angle":0,"axis":"y","origin":[8,6,7.925]},"faces":{"north":{"uv":[7.625,9.125,8.125,9.25],"texture":"#2"},"east":{"uv":[7.5,9.125,7.625,9.25],"texture":"#2"},"south":{"uv":[8.25,9.125,8.75,9.25],"texture":"#2"},"west":{"uv":[8.125,9.125,8.25,9.25],"texture":"#2"},"up":{"uv":[8.125,9.125,7.625,9],"texture":"#2"},"down":{"uv":[8.625,9,8.125,9.125],"texture":"#2"}}},{"from":[6.5,4.5,2],"to":[9.5,7.5,3],"rotation":{"angle":0,"axis":"y","origin":[8,6,7.925]},"faces":{"north":{"uv":[7.625,8.625,8,9],"texture":"#2"},"east":{"uv":[7.5,8.625,7.625,9],"texture":"#2"},"south":{"uv":[8.125,8.625,8.5,9],"texture":"#2"},"west":{"uv":[8,8.625,8.125,9],"texture":"#2"},"up":{"uv":[8,8.625,7.625,8.5],"texture":"#2"},"down":{"uv":[8.375,8.5,8,8.625],"texture":"#2"}}},{"from":[7,5,1.85],"to":[9,7,2.85],"rotation":{"angle":0,"axis":"y","origin":[8,6,7.925]},"faces":{"north":{"uv":[7.625,9.625,7.875,9.875],"texture":"#2"},"east":{"uv":[7.5,9.625,7.625,9.875],"texture":"#2"},"south":{"uv":[8,9.625,8.25,9.875],"texture":"#2"},"west":{"uv":[7.875,9.625,8,9.875],"texture":"#2"},"up":{"uv":[7.875,9.625,7.625,9.5],"texture":"#2"},"down":{"uv":[8.125,9.5,7.875,9.625],"texture":"#2"}}}],"display":{"thirdperson_righthand":{"rotation":[51.51,-0.41,0.04],"scale":[0.27734,0.27734,0.27734]},"thirdperson_lefthand":{"rotation":[51.51,-0.41,0.04],"scale":[0.27734,0.27734,0.27734]},"firstperson_righthand":{"rotation":[162.41,60.31,-174.01],"translation":[2.25,2.5,0],"scale":[0.28516,0.28516,0.28516]},"firstperson_lefthand":{"rotation":[162.41,60.31,-174.01],"translation":[2.25,2.5,0],"scale":[0.28516,0.28516,0.28516]},"ground":{"scale":[0.37305,0.37305,0.37305]},"gui":{"rotation":[-161.25,38.5,-180],"translation":[0,1.25,0],"scale":[0.68945,0.68945,0.68945]},"head":{"translation":[0,3,0],"scale":[1.32227,1.32227,1.32227]},"fixed":{"translation":[0,1.5,1],"scale":[0.81836,0.81836,0.81836]}}}