{"credit":"Made with Blockbench","texture_size":[128,128],"textures":{"0":"pokeballs:multiballsix","particle":"pokeballs:multiballsix"},"elements":[{"from":[2,0,2],"to":[14,4,14],"rotation":{"angle":0,"axis":"y","origin":[8,6,7.925]},"faces":{"north":{"uv":[1.5,3.5,3,4],"texture":"#0"},"east":{"uv":[0,3.5,1.5,4],"texture":"#0"},"south":{"uv":[4.5,3.5,6,4],"texture":"#0"},"west":{"uv":[3,3.5,4.5,4],"texture":"#0"},"up":{"uv":[3,3.5,1.5,2],"texture":"#0"},"down":{"uv":[4.5,2,3,3.5],"texture":"#0"}}},{"from":[2,8,2],"to":[14,12,14],"rotation":{"angle":0,"axis":"y","origin":[8,6,7.925]},"faces":{"north":{"uv":[1.5,1.5,3,2],"texture":"#0"},"east":{"uv":[0,1.5,1.5,2],"texture":"#0"},"south":{"uv":[4.5,1.5,6,2],"texture":"#0"},"west":{"uv":[3,1.5,4.5,2],"texture":"#0"},"up":{"uv":[3,1.5,1.5,0],"texture":"#0"},"down":{"uv":[4.5,0,3,1.5],"texture":"#0"}}},{"from":[2.5,4,2.5],"to":[13.5,8,13.5],"rotation":{"angle":0,"axis":"y","origin":[8,6,7.925]},"faces":{"north":{"uv":[1.375,5.375,2.75,5.875],"texture":"#0"},"east":{"uv":[0,5.375,1.375,5.875],"texture":"#0"},"south":{"uv":[4.125,5.375,5.5,5.875],"texture":"#0"},"west":{"uv":[2.75,5.375,4.125,5.875],"texture":"#0"},"up":{"uv":[2.75,5.375,1.375,4],"texture":"#0"},"down":{"uv":[4.125,4,2.75,5.375],"texture":"#0"}}},{"from":[10,7,2],"to":[14,8,14],"rotation":{"angle":0,"axis":"y","origin":[8,6,7.925]},"faces":{"north":{"uv":[1.5,7.375,2,7.5],"texture":"#0"},"east":{"uv":[0,7.375,1.5,7.5],"texture":"#0"},"south":{"uv":[3.5,7.375,4,7.5],"texture":"#0"},"west":{"uv":[2,7.375,3.5,7.5],"texture":"#0"},"up":{"uv":[2,7.375,1.5,5.875],"texture":"#0"},"down":{"uv":[2.5,5.875,2,7.375],"texture":"#0"}}},{"from":[10,4,2],"to":[14,5,14],"rotation":{"angle":0,"axis":"y","origin":[8,6,7.925]},"faces":{"north":{"uv":[6,4,6.5,4.125],"texture":"#0"},"east":{"uv":[4.5,4,6,4.125],"texture":"#0"},"south":{"uv":[8,4,8.5,4.125],"texture":"#0"},"west":{"uv":[6.5,4,8,4.125],"texture":"#0"},"up":{"uv":[6.5,4,6,2.5],"texture":"#0"},"down":{"uv":[7,2.5,6.5,4],"texture":"#0"}}},{"from":[2,4,2],"to":[6,5,14],"rotation":{"angle":0,"axis":"y","origin":[8,6,7.925]},"faces":{"north":{"uv":[6,2,6.5,2.125],"texture":"#0"},"east":{"uv":[4.5,2,6,2.125],"texture":"#0"},"south":{"uv":[8,2,8.5,2.125],"texture":"#0"},"west":{"uv":[6.5,2,8,2.125],"texture":"#0"},"up":{"uv":[6.5,2,6,0.5],"texture":"#0"},"down":{"uv":[7,0.5,6.5,2],"texture":"#0"}}},{"from":[2,7,2],"to":[6,8,14],"rotation":{"angle":0,"axis":"y","origin":[8,6,7.925]},"faces":{"north":{"uv":[5.5,5.875,6,6],"texture":"#0"},"east":{"uv":[4,5.875,5.5,6],"texture":"#0"},"south":{"uv":[7.5,5.875,8,6],"texture":"#0"},"west":{"uv":[6,5.875,7.5,6],"texture":"#0"},"up":{"uv":[6,5.875,5.5,4.375],"texture":"#0"},"down":{"uv":[6.5,4.375,6,5.875],"texture":"#0"}}},{"from":[6,4,13],"to":[10,5,14],"rotation":{"angle":0,"axis":"y","origin":[8,6,7.925]},"faces":{"north":{"uv":[0.125,0.875,0.625,1],"texture":"#0"},"east":{"uv":[0,0.875,0.125,1],"texture":"#0"},"south":{"uv":[0.75,0.875,1.25,1],"texture":"#0"},"west":{"uv":[0.625,0.875,0.75,1],"texture":"#0"},"up":{"uv":[0.625,0.875,0.125,0.75],"texture":"#0"},"down":{"uv":[1.125,0.75,0.625,0.875],"texture":"#0"}}},{"from":[6,7,13],"to":[10,8,14],"rotation":{"angle":0,"axis":"y","origin":[8,6,7.925]},"faces":{"north":{"uv":[0.125,0.625,0.625,0.75],"texture":"#0"},"east":{"uv":[0,0.625,0.125,0.75],"texture":"#0"},"south":{"uv":[0.75,0.625,1.25,0.75],"texture":"#0"},"west":{"uv":[0.625,0.625,0.75,0.75],"texture":"#0"},"up":{"uv":[0.625,0.625,0.125,0.5],"texture":"#0"},"down":{"uv":[1.125,0.5,0.625,0.625],"texture":"#0"}}},{"from":[6.5,4.5,2],"to":[9.5,7.5,3],"rotation":{"angle":0,"axis":"y","origin":[8,6,7.925]},"faces":{"north":{"uv":[0.125,0.125,0.5,0.5],"texture":"#0"},"east":{"uv":[0,0.125,0.125,0.5],"texture":"#0"},"south":{"uv":[0.625,0.125,1,0.5],"texture":"#0"},"west":{"uv":[0.5,0.125,0.625,0.5],"texture":"#0"},"up":{"uv":[0.5,0.125,0.125,0],"texture":"#0"},"down":{"uv":[0.875,0,0.5,0.125],"texture":"#0"}}},{"from":[7,5,1.85],"to":[9,7,2.85],"rotation":{"angle":0,"axis":"y","origin":[8,6,7.925]},"faces":{"north":{"uv":[0.125,1.125,0.375,1.375],"texture":"#0"},"east":{"uv":[0,1.125,0.125,1.375],"texture":"#0"},"south":{"uv":[0.5,1.125,0.75,1.375],"texture":"#0"},"west":{"uv":[0.375,1.125,0.5,1.375],"texture":"#0"},"up":{"uv":[0.375,1.125,0.125,1],"texture":"#0"},"down":{"uv":[0.625,1,0.375,1.125],"texture":"#0"}}}],"display":{"thirdperson_righthand":{"rotation":[51.51,-0.41,0.04],"scale":[0.27734,0.27734,0.27734]},"thirdperson_lefthand":{"rotation":[51.51,-0.41,0.04],"scale":[0.27734,0.27734,0.27734]},"firstperson_righthand":{"rotation":[162.41,60.31,-174.01],"translation":[2.25,2.5,0],"scale":[0.28516,0.28516,0.28516]},"firstperson_lefthand":{"rotation":[162.41,60.31,-174.01],"translation":[2.25,2.5,0],"scale":[0.28516,0.28516,0.28516]},"ground":{"scale":[0.37305,0.37305,0.37305]},"gui":{"rotation":[-161.25,38.5,-180],"translation":[0,1.25,0],"scale":[0.68945,0.68945,0.68945]},"head":{"translation":[0,3,0],"scale":[1.32227,1.32227,1.32227]},"fixed":{"translation":[0,1.5,1],"scale":[0.81836,0.81836,0.81836]}}}