{"textures":{"0":"bil:item/filament/model/vaporeon_backpack.ajmodel/vaporeon_backpack","particle":"bil:item/filament/model/vaporeon_backpack.ajmodel/vaporeon_backpack"},"elements":[{"from":[9.6,8.0,12.0],"to":[19.2,18.4,18.4],"faces":{"up":{"texture":"#0","tintindex":0,"uv":[15.25,8.25,12.75,6.25]},"west":{"texture":"#0","tintindex":0,"uv":[13.0,6.25,15.25,8.25]},"east":{"texture":"#0","tintindex":0,"uv":[12.75,7.0,15.0,9.0]},"south":{"texture":"#0","tintindex":0,"uv":[12.75,7.0,15.25,9.0]},"down":{"texture":"#0","tintindex":0,"uv":[15.25,6.25,12.75,8.25]},"north":{"texture":"#0","tintindex":0,"uv":[12.75,6.25,15.25,8.25]}},"rotation":{"axis":"y","angle":0.0,"origin":[8.0,-4.799999,8.0]}},{"from":[19.2,8.0,12.799999],"to":[20.0,11.2,17.6],"faces":{"up":{"texture":"#0","tintindex":0,"uv":[12.5,2.5,13.25,1.25]},"west":{"texture":"#0","tintindex":0,"uv":[0.0,0.0,0.0,0.0]},"east":{"texture":"#0","tintindex":0,"uv":[11.75,1.25,10.25,2.25]},"south":{"texture":"#0","tintindex":0,"uv":[11.0,2.25,10.25,3.25]},"down":{"texture":"#0","tintindex":0,"uv":[11.0,2.5,11.25,4.0]},"north":{"texture":"#0","tintindex":0,"uv":[12.5,1.25,11.75,2.25]}},"rotation":{"axis":"y","angle":0.0,"origin":[20.8,-4.799999,8.0]}},{"from":[8.8,8.0,12.799999],"to":[9.6,11.2,17.6],"faces":{"up":{"texture":"#0","tintindex":0,"uv":[13.25,2.5,12.5,1.25]},"west":{"texture":"#0","tintindex":0,"uv":[10.25,1.25,11.75,2.25]},"east":{"texture":"#0","tintindex":0,"uv":[0.0,0.0,0.0,0.0]},"south":{"texture":"#0","tintindex":0,"uv":[10.25,2.25,11.0,3.25]},"down":{"texture":"#0","tintindex":0,"uv":[11.25,2.5,11.0,4.0]},"north":{"texture":"#0","tintindex":0,"uv":[11.75,1.25,12.5,2.25]}},"rotation":{"axis":"y","angle":0.0,"origin":[8.0,-4.799999,8.0]}},{"from":[16.4,10.4,22.0],"to":[18.8,18.4,22.8],"faces":{"up":{"texture":"#0","tintindex":0,"uv":[0.0,0.0,0.0,0.0]},"west":{"texture":"#0","tintindex":0,"uv":[14.75,1.25,14.5,3.75]},"east":{"texture":"#0","tintindex":0,"uv":[15.0,1.25,14.75,3.75]},"south":{"texture":"#0","tintindex":0,"uv":[15.0,1.25,14.25,3.75]},"down":{"texture":"#0","tintindex":0,"uv":[0.0,0.0,0.0,0.0]},"north":{"texture":"#0","tintindex":0,"uv":[14.25,1.25,13.5,3.75]}},"rotation":{"axis":"y","angle":0.0,"origin":[18.4,17.6,14.4]}},{"from":[16.4,9.6,18.0],"to":[18.8,10.4,22.8],"faces":{"up":{"texture":"#0","tintindex":0,"uv":[13.5,2.75,14.25,1.25]},"west":{"texture":"#0","tintindex":0,"uv":[15.0,1.75,13.5,2.0]},"east":{"texture":"#0","tintindex":0,"uv":[15.0,1.25,13.5,1.5]},"south":{"texture":"#0","tintindex":0,"uv":[14.75,2.25,14.0,2.5]},"down":{"texture":"#0","tintindex":0,"uv":[14.25,1.25,15.0,2.75]},"north":{"texture":"#0","tintindex":0,"uv":[0.0,0.0,0.0,0.0]}},"rotation":{"axis":"y","angle":0.0,"origin":[20.8,-4.799999,8.0]}},{"from":[16.4,18.4,18.0],"to":[18.8,19.2,22.8],"faces":{"up":{"texture":"#0","tintindex":0,"uv":[14.25,2.75,15.0,1.25]},"west":{"texture":"#0","tintindex":0,"uv":[15.0,1.25,13.5,1.5]},"east":{"texture":"#0","tintindex":0,"uv":[15.0,2.5,13.5,2.75]},"south":{"texture":"#0","tintindex":0,"uv":[14.75,2.0,14.0,2.25]},"down":{"texture":"#0","tintindex":0,"uv":[13.5,1.25,14.25,2.75]},"north":{"texture":"#0","tintindex":0,"uv":[0.0,0.0,0.0,0.0]}},"rotation":{"axis":"y","angle":0.0,"origin":[18.4,17.6,14.4]}},{"from":[10.0,10.4,22.0],"to":[12.4,18.4,22.8],"faces":{"up":{"texture":"#0","tintindex":0,"uv":[0.0,0.0,0.0,0.0]},"west":{"texture":"#0","tintindex":0,"uv":[14.75,1.25,15.0,3.75]},"east":{"texture":"#0","tintindex":0,"uv":[14.5,1.25,14.75,3.75]},"south":{"texture":"#0","tintindex":0,"uv":[14.25,1.25,15.0,3.75]},"down":{"texture":"#0","tintindex":0,"uv":[0.0,0.0,0.0,0.0]},"north":{"texture":"#0","tintindex":0,"uv":[13.5,1.25,14.25,3.75]}},"rotation":{"axis":"y","angle":0.0,"origin":[10.4,17.6,14.4]}},{"from":[10.0,9.6,18.0],"to":[12.4,10.4,22.8],"faces":{"up":{"texture":"#0","tintindex":0,"uv":[14.25,2.75,13.5,1.25]},"west":{"texture":"#0","tintindex":0,"uv":[13.5,1.25,15.0,1.5]},"east":{"texture":"#0","tintindex":0,"uv":[13.5,1.75,15.0,2.0]},"south":{"texture":"#0","tintindex":0,"uv":[14.0,2.25,14.75,2.5]},"down":{"texture":"#0","tintindex":0,"uv":[15.0,1.25,14.25,2.75]},"north":{"texture":"#0","tintindex":0,"uv":[0.0,0.0,0.0,0.0]}},"rotation":{"axis":"y","angle":0.0,"origin":[8.0,-4.799999,8.0]}},{"from":[10.0,18.4,18.0],"to":[12.4,19.2,22.8],"faces":{"up":{"texture":"#0","tintindex":0,"uv":[15.0,2.75,14.25,1.25]},"west":{"texture":"#0","tintindex":0,"uv":[13.5,2.5,15.0,2.75]},"east":{"texture":"#0","tintindex":0,"uv":[13.5,1.25,15.0,1.5]},"south":{"texture":"#0","tintindex":0,"uv":[14.0,2.0,14.75,2.25]},"down":{"texture":"#0","tintindex":0,"uv":[14.25,1.25,13.5,2.75]},"north":{"texture":"#0","tintindex":0,"uv":[0.0,0.0,0.0,0.0]}},"rotation":{"axis":"y","angle":0.0,"origin":[10.4,17.6,14.4]}},{"from":[10.4,18.4,12.0],"to":[18.4,19.2,18.4],"faces":{"up":{"texture":"#0","tintindex":0,"uv":[7.75,5.75,10.25,3.75]},"west":{"texture":"#0","tintindex":0,"uv":[15.0,7.0,13.0,7.25]},"east":{"texture":"#0","tintindex":0,"uv":[15.0,7.0,13.0,7.25]},"south":{"texture":"#0","tintindex":0,"uv":[15.0,7.5,12.5,7.0]},"down":{"texture":"#0","tintindex":0,"uv":[0.0,0.0,0.0,0.0]},"north":{"texture":"#0","tintindex":0,"uv":[0.0,0.0,0.0,0.0]}},"rotation":{"axis":"y","angle":0.0,"origin":[8.0,-4.799999,8.0]}},{"from":[10.4,14.4,11.2],"to":[18.4,19.2,12.0],"faces":{"up":{"texture":"#0","tintindex":0,"uv":[12.75,8.0,15.25,7.75]},"west":{"texture":"#0","tintindex":0,"uv":[13.75,7.25,13.5,8.75]},"east":{"texture":"#0","tintindex":0,"uv":[13.25,7.5,13.0,9.0]},"south":{"texture":"#0","tintindex":0,"uv":[0.0,0.0,0.0,0.0]},"down":{"texture":"#0","tintindex":0,"uv":[13.0,8.5,15.5,8.75]},"north":{"texture":"#0","tintindex":0,"uv":[10.25,5.5,7.75,7.0]}},"rotation":{"axis":"y","angle":0.0,"origin":[8.0,-4.799999,8.0]}},{"from":[10.4,8.0,10.4],"to":[18.4,12.8,12.0],"faces":{"up":{"texture":"#0","tintindex":0,"uv":[10.25,6.25,12.75,5.5]},"west":{"texture":"#0","tintindex":0,"uv":[14.0,4.25,13.25,5.75]},"east":{"texture":"#0","tintindex":0,"uv":[14.0,4.25,13.25,5.75]},"south":{"texture":"#0","tintindex":0,"uv":[0.0,0.0,0.0,0.0]},"down":{"texture":"#0","tintindex":0,"uv":[11.25,3.25,13.75,3.75]},"north":{"texture":"#0","tintindex":0,"uv":[12.75,4.0,10.25,5.5]}},"rotation":{"axis":"y","angle":0.0,"origin":[8.0,-4.799999,8.0]}},{"from":[12.0,14.8,10.4],"to":[16.8,16.4,11.2],"faces":{"up":{"texture":"#0","tintindex":0,"uv":[10.0,7.25,8.5,7.0]},"west":{"texture":"#0","tintindex":0,"uv":[7.5,6.75,7.75,7.25]},"east":{"texture":"#0","tintindex":0,"uv":[7.25,6.75,7.5,7.25]},"south":{"texture":"#0","tintindex":0,"uv":[8.25,7.0,9.75,7.5]},"down":{"texture":"#0","tintindex":0,"uv":[10.0,7.0,8.5,7.25]},"north":{"texture":"#0","tintindex":0,"uv":[8.25,6.5,9.75,7.0]}},"rotation":{"axis":"y","angle":0.0,"origin":[14.4,-2.3999996,18.4]}},{"from":[14.0,15.608,10.392],"to":[14.8,16.408,10.392],"faces":{"up":{"texture":"#0","tintindex":0,"uv":[11.25,9.75,11.5,9.75]},"west":{"texture":"#0","tintindex":0,"uv":[11.25,9.75,11.25,10.0]},"east":{"texture":"#0","tintindex":0,"uv":[11.5,9.75,11.5,10.0]},"south":{"texture":"#0","tintindex":0,"uv":[11.75,9.75,11.5,10.0]},"down":{"texture":"#0","tintindex":0,"uv":[11.5,9.75,11.75,9.75]},"north":{"texture":"#0","tintindex":0,"uv":[11.5,9.75,11.25,10.0]}},"rotation":{"axis":"y","angle":0.0,"origin":[14.4,-2.3999996,18.4]}},{"from":[8.7924,17.3752,12.593599],"to":[9.9588,17.9584,13.1768],"faces":{"up":{"texture":"#0","tintindex":0,"uv":[4.25,13.0,4.5,13.25]},"west":{"texture":"#0","tintindex":0,"uv":[4.5,13.0,4.75,13.25]},"east":{"texture":"#0","tintindex":0,"uv":[4.25,13.0,4.5,13.25]},"south":{"texture":"#0","tintindex":0,"uv":[4.25,13.0,4.5,13.25]},"down":{"texture":"#0","tintindex":0,"uv":[4.25,13.0,4.5,13.25]},"north":{"texture":"#0","tintindex":0,"uv":[4.25,13.0,4.75,13.25]}},"rotation":{"axis":"y","angle":45.0,"origin":[9.884,23.4088,12.376801]}},{"from":[19.4244,15.0424,12.89632],"to":[24.6732,19.708,12.89632],"faces":{"up":{"texture":"#0","tintindex":0,"uv":[2.25,5.5,0.0,5.5]},"west":{"texture":"#0","tintindex":0,"uv":[2.25,5.5,2.25,7.5]},"east":{"texture":"#0","tintindex":0,"uv":[0.0,5.5,0.0,7.5]},"south":{"texture":"#0","tintindex":0,"uv":[2.25,5.5,4.5,7.5]},"down":{"texture":"#0","tintindex":0,"uv":[4.5,5.5,2.25,5.5]},"north":{"texture":"#0","tintindex":0,"uv":[0.0,5.5,2.25,7.5]}},"rotation":{"axis":"y","angle":-45.0,"origin":[18.916,23.4088,12.376801]}},{"from":[22.3404,19.1248,12.593599],"to":[24.6732,19.708,13.1768],"faces":{"up":{"texture":"#0","tintindex":0,"uv":[4.5,13.0,4.25,13.25]},"west":{"texture":"#0","tintindex":0,"uv":[4.5,13.0,4.25,13.25]},"east":{"texture":"#0","tintindex":0,"uv":[4.75,13.0,4.5,13.25]},"south":{"texture":"#0","tintindex":0,"uv":[4.5,13.0,4.25,13.25]},"down":{"texture":"#0","tintindex":0,"uv":[4.5,13.0,4.25,13.25]},"north":{"texture":"#0","tintindex":0,"uv":[4.75,13.0,4.25,13.25]}},"rotation":{"axis":"y","angle":-45.0,"origin":[18.916,23.4088,12.376801]}},{"from":[21.174,18.5416,12.593599],"to":[22.3404,19.1248,13.1768],"faces":{"up":{"texture":"#0","tintindex":0,"uv":[4.5,13.0,4.25,13.25]},"west":{"texture":"#0","tintindex":0,"uv":[4.5,13.0,4.25,13.25]},"east":{"texture":"#0","tintindex":0,"uv":[4.75,13.0,4.5,13.25]},"south":{"texture":"#0","tintindex":0,"uv":[4.5,13.0,4.25,13.25]},"down":{"texture":"#0","tintindex":0,"uv":[4.5,13.0,4.25,13.25]},"north":{"texture":"#0","tintindex":0,"uv":[4.75,13.0,4.25,13.25]}},"rotation":{"axis":"y","angle":-45.0,"origin":[18.916,23.4088,12.376801]}},{"from":[20.0076,17.9584,12.593599],"to":[21.174,18.5416,13.1768],"faces":{"up":{"texture":"#0","tintindex":0,"uv":[4.5,13.0,4.25,13.25]},"west":{"texture":"#0","tintindex":0,"uv":[4.5,13.0,4.25,13.25]},"east":{"texture":"#0","tintindex":0,"uv":[4.75,13.0,4.5,13.25]},"south":{"texture":"#0","tintindex":0,"uv":[4.5,13.0,4.25,13.25]},"down":{"texture":"#0","tintindex":0,"uv":[4.5,13.0,4.25,13.25]},"north":{"texture":"#0","tintindex":0,"uv":[4.75,13.0,4.25,13.25]}},"rotation":{"axis":"y","angle":-45.0,"origin":[18.916,23.4088,12.376801]}},{"from":[18.8412,17.3752,12.593599],"to":[20.0076,17.9584,13.1768],"faces":{"up":{"texture":"#0","tintindex":0,"uv":[4.5,13.0,4.25,13.25]},"west":{"texture":"#0","tintindex":0,"uv":[4.5,13.0,4.25,13.25]},"east":{"texture":"#0","tintindex":0,"uv":[4.75,13.0,4.5,13.25]},"south":{"texture":"#0","tintindex":0,"uv":[4.5,13.0,4.25,13.25]},"down":{"texture":"#0","tintindex":0,"uv":[4.5,13.0,4.25,13.25]},"north":{"texture":"#0","tintindex":0,"uv":[4.75,13.0,4.25,13.25]}},"rotation":{"axis":"y","angle":-45.0,"origin":[18.916,23.4088,12.376801]}},{"from":[7.626,17.9584,12.593599],"to":[8.7924,18.5416,13.1768],"faces":{"up":{"texture":"#0","tintindex":0,"uv":[4.25,13.0,4.5,13.25]},"west":{"texture":"#0","tintindex":0,"uv":[4.5,13.0,4.75,13.25]},"east":{"texture":"#0","tintindex":0,"uv":[4.25,13.0,4.5,13.25]},"south":{"texture":"#0","tintindex":0,"uv":[4.25,13.0,4.5,13.25]},"down":{"texture":"#0","tintindex":0,"uv":[4.25,13.0,4.5,13.25]},"north":{"texture":"#0","tintindex":0,"uv":[4.25,13.0,4.75,13.25]}},"rotation":{"axis":"y","angle":45.0,"origin":[9.884,23.4088,12.376801]}},{"from":[6.4596,18.5416,12.593599],"to":[7.626,19.1248,13.1768],"faces":{"up":{"texture":"#0","tintindex":0,"uv":[4.25,13.0,4.5,13.25]},"west":{"texture":"#0","tintindex":0,"uv":[4.5,13.0,4.75,13.25]},"east":{"texture":"#0","tintindex":0,"uv":[4.25,13.0,4.5,13.25]},"south":{"texture":"#0","tintindex":0,"uv":[4.25,13.0,4.5,13.25]},"down":{"texture":"#0","tintindex":0,"uv":[4.25,13.0,4.5,13.25]},"north":{"texture":"#0","tintindex":0,"uv":[4.25,13.0,4.75,13.25]}},"rotation":{"axis":"y","angle":45.0,"origin":[9.884,23.4088,12.376801]}},{"from":[4.1268,19.1248,12.593599],"to":[6.4596,19.708,13.1768],"faces":{"up":{"texture":"#0","tintindex":0,"uv":[4.25,13.0,4.5,13.25]},"west":{"texture":"#0","tintindex":0,"uv":[4.5,13.0,4.75,13.25]},"east":{"texture":"#0","tintindex":0,"uv":[4.25,13.0,4.5,13.25]},"south":{"texture":"#0","tintindex":0,"uv":[4.25,13.0,4.5,13.25]},"down":{"texture":"#0","tintindex":0,"uv":[4.25,13.0,4.5,13.25]},"north":{"texture":"#0","tintindex":0,"uv":[4.25,13.0,4.75,13.25]}},"rotation":{"axis":"y","angle":45.0,"origin":[9.884,23.4088,12.376801]}},{"from":[14.1084,22.59888,13.418579],"to":[14.6916,23.18208,14.00178],"faces":{"up":{"texture":"#0","tintindex":0,"uv":[4.5,13.0,4.75,13.25]},"west":{"texture":"#0","tintindex":0,"uv":[4.5,13.0,4.75,13.25]},"east":{"texture":"#0","tintindex":0,"uv":[4.25,13.0,4.5,13.25]},"south":{"texture":"#0","tintindex":0,"uv":[4.25,13.0,4.5,13.25]},"down":{"texture":"#0","tintindex":0,"uv":[4.25,13.0,4.5,13.25]},"north":{"texture":"#0","tintindex":0,"uv":[4.25,13.0,4.5,13.25]}},"rotation":{"axis":"x","angle":22.5,"origin":[14.4,18.5416,12.7432]}},{"from":[14.1084,22.01568,12.835381],"to":[14.6916,22.59888,13.418579],"faces":{"up":{"texture":"#0","tintindex":0,"uv":[4.5,13.0,4.75,13.25]},"west":{"texture":"#0","tintindex":0,"uv":[4.5,13.0,4.75,13.25]},"east":{"texture":"#0","tintindex":0,"uv":[4.25,13.0,4.5,13.25]},"south":{"texture":"#0","tintindex":0,"uv":[4.25,13.0,4.5,13.25]},"down":{"texture":"#0","tintindex":0,"uv":[4.25,13.0,4.5,13.25]},"north":{"texture":"#0","tintindex":0,"uv":[4.25,13.0,4.5,13.25]}},"rotation":{"axis":"x","angle":22.5,"origin":[14.4,18.5416,12.7432]}},{"from":[14.1084,21.43248,12.25218],"to":[14.6916,22.01568,12.835381],"faces":{"up":{"texture":"#0","tintindex":0,"uv":[4.5,13.0,4.75,13.25]},"west":{"texture":"#0","tintindex":0,"uv":[4.5,13.0,4.75,13.25]},"east":{"texture":"#0","tintindex":0,"uv":[4.25,13.0,4.5,13.25]},"south":{"texture":"#0","tintindex":0,"uv":[4.25,13.0,4.5,13.25]},"down":{"texture":"#0","tintindex":0,"uv":[4.25,13.0,4.5,13.25]},"north":{"texture":"#0","tintindex":0,"uv":[4.25,13.0,4.5,13.25]}},"rotation":{"axis":"x","angle":22.5,"origin":[14.4,18.5416,12.7432]}},{"from":[14.1084,20.266079,11.66898],"to":[14.6916,21.43248,12.25218],"faces":{"up":{"texture":"#0","tintindex":0,"uv":[4.5,13.0,4.75,13.25]},"west":{"texture":"#0","tintindex":0,"uv":[4.5,13.0,4.75,13.5]},"east":{"texture":"#0","tintindex":0,"uv":[4.25,13.0,4.5,13.5]},"south":{"texture":"#0","tintindex":0,"uv":[4.25,13.0,4.5,13.5]},"down":{"texture":"#0","tintindex":0,"uv":[4.25,13.0,4.5,13.25]},"north":{"texture":"#0","tintindex":0,"uv":[4.25,13.0,4.5,13.5]}},"rotation":{"axis":"x","angle":22.5,"origin":[14.4,18.5416,12.7432]}},{"from":[14.1084,18.51648,11.08578],"to":[14.6916,20.266079,11.66898],"faces":{"up":{"texture":"#0","tintindex":0,"uv":[4.5,13.0,4.75,13.25]},"west":{"texture":"#0","tintindex":0,"uv":[4.25,13.0,4.5,13.25]},"east":{"texture":"#0","tintindex":0,"uv":[4.25,13.0,4.5,13.25]},"south":{"texture":"#0","tintindex":0,"uv":[4.25,13.0,4.5,13.75]},"down":{"texture":"#0","tintindex":0,"uv":[4.25,13.0,4.5,13.25]},"north":{"texture":"#0","tintindex":0,"uv":[4.25,13.0,4.5,13.25]}},"rotation":{"axis":"x","angle":22.5,"origin":[14.4,18.5416,12.7432]}},{"from":[14.4,18.51648,11.0969],"to":[14.4,23.18208,14.5961],"faces":{"up":{"texture":"#0","tintindex":0,"uv":[4.5,11.75,4.5,10.25]},"west":{"texture":"#0","tintindex":0,"uv":[4.5,11.75,6.0,13.75]},"east":{"texture":"#0","tintindex":0,"uv":[3.0,11.75,4.5,13.75]},"south":{"texture":"#0","tintindex":0,"uv":[6.0,11.75,6.0,13.75]},"down":{"texture":"#0","tintindex":0,"uv":[4.5,10.25,4.5,11.75]},"north":{"texture":"#0","tintindex":0,"uv":[4.5,11.75,4.5,13.75]}},"rotation":{"axis":"x","angle":22.5,"origin":[14.4,18.5416,12.7432]}},{"from":[4.1268,15.0424,12.89632],"to":[9.3756,19.708,12.89632],"faces":{"up":{"texture":"#0","tintindex":0,"uv":[0.0,5.5,2.25,5.5]},"west":{"texture":"#0","tintindex":0,"uv":[0.0,5.5,0.0,7.5]},"east":{"texture":"#0","tintindex":0,"uv":[2.25,5.5,2.25,7.5]},"south":{"texture":"#0","tintindex":0,"uv":[4.5,5.5,2.25,7.5]},"down":{"texture":"#0","tintindex":0,"uv":[2.25,5.5,4.5,5.5]},"north":{"texture":"#0","tintindex":0,"uv":[2.25,5.5,0.0,7.5]}},"rotation":{"axis":"y","angle":45.0,"origin":[9.884,23.4088,12.376801]}}],"display":{"head":{"rotation":[0.0,180.0,0.0]}}}