{
	"format_version": "1.12.0",
	"minecraft:geometry": [
		{
			"description": {
				"identifier": "geometry.unknown",
				"texture_width": 128,
				"texture_height": 128,
				"visible_bounds_width": 2,
				"visible_bounds_height": 3.5,
				"visible_bounds_offset": [0, 1.25, 0]
			},
			"bones": [
				{
					"name": "bone2",
					"pivot": [0, 0, 0]
				},
				{
					"name": "bust",
					"parent": "bone2",
					"pivot": [0, 11.75, 0]
				},
				{
					"name": "Head",
					"parent": "bust",
					"pivot": [0, 24, 0],
					"cubes": [
						{"origin": [-4, 24, -4], "size": [8, 8, 8], "uv": [0, 21]},
						{"origin": [-4, 19, -4], "size": [8, 13, 8], "inflate": 0.5, "uv": [0, 0]},
						{"origin": [-5, 27.2, -4.25], "size": [2, 3, 0], "uv": [24, 46]},
						{"origin": [-5.35, 23.2, -4.725], "size": [2, 5, 0], "pivot": [-4, 25.7, -3.25], "rotation": [-22.5, 0, 0], "uv": [16, 57]},
						{"origin": [3, 27.2, -4.25], "size": [2, 3, 0], "uv": [24, 46]},
						{"origin": [3.35, 23.2, -4.725], "size": [2, 5, 0], "pivot": [4, 25.7, -3.25], "rotation": [-22.5, 0, 0], "uv": [16, 57]},
						{"origin": [-4.5, 27.45, -3.5], "size": [9, 2, 8], "inflate": 0.25, "pivot": [0, 28.2, 0.5], "rotation": [-22.5, 0, 0], "uv": [32, 11]}
					]
				},
				{
					"name": "bone",
					"parent": "Head",
					"pivot": [0.01875, 30.73406, 0.36968],
					"rotation": [-12, 0, 0],
					"cubes": [
						{"origin": [-3.95, 29.7, -3.3], "size": [8, 4, 8], "inflate": 0.25, "pivot": [0.325, 31.95, 0.175], "rotation": [-22.5, 0, 0], "uv": [32, 21]},
						{"origin": [-4.85, 28.95, -4.325], "size": [9.675, 2, 9], "uv": [32, 0]}
					]
				},
				{
					"name": "Body",
					"parent": "bust",
					"pivot": [0, 24, 0],
					"cubes": [
						{"origin": [-4, 12, -2], "size": [8, 12, 4], "uv": [32, 33]},
						{"origin": [-4, 12, -2], "size": [8, 12, 4], "inflate": 0.25, "uv": [0, 37]},
						{"origin": [-4, 19.35, -4.25], "size": [8, 2, 2], "pivot": [0, 22, -3], "rotation": [45, 0, 0], "uv": [64, 21]},
						{"origin": [-4, 7.125, 2.125], "size": [8, 5, 0], "pivot": [0, 11.75, 2.5], "rotation": [22.5, 0, 0], "uv": [64, 25]},
						{"origin": [-4, 7, -2.5], "size": [0, 5, 5], "pivot": [-4, 11.75, 0], "rotation": [0, 0, 22.5], "uv": [58, 65]},
						{"origin": [4, 7, -2.5], "size": [0, 5, 5], "pivot": [4, 11.75, 0], "rotation": [0, 0, -22.5], "uv": [58, 65]},
						{"origin": [-4, 7.225, -2.075], "size": [8, 5, 0], "pivot": [0, 12, -2.5], "rotation": [-22.5, 0, 0], "uv": [64, 25]}
					]
				},
				{
					"name": "echarpe",
					"parent": "Body",
					"pivot": [2.5, 23.5, -3],
					"cubes": [
						{"origin": [1, 11.75, -4], "size": [3, 9, 0], "uv": [24, 37]},
						{"origin": [1, 20.375, -5.725], "size": [3, 4, 0], "pivot": [2.5, 16.25, -4], "rotation": [-22.5, 0, 0], "uv": [16, 53]}
					]
				},
				{
					"name": "RightArm",
					"parent": "bust",
					"pivot": [-5, 22, 0],
					"cubes": [
						{"origin": [-7, 12, -2], "size": [3, 12, 4], "uv": [56, 49]},
						{"origin": [-7, 12, -2], "size": [3, 12, 4], "inflate": 0.25, "uv": [16, 65]}
					]
				},
				{
					"name": "LeftArm",
					"parent": "bust",
					"pivot": [5, 22, 0],
					"cubes": [
						{"origin": [4, 12, -2], "size": [3, 12, 4], "uv": [30, 65]},
						{"origin": [4, 12, -2], "size": [3, 12, 4], "inflate": 0.25, "uv": [44, 65]}
					]
				},
				{
					"name": "RightLeg",
					"parent": "bone2",
					"pivot": [-1.9, 12, 0],
					"cubes": [
						{"origin": [-3.9, 0, -2], "size": [4, 12, 4], "uv": [24, 49]},
						{"origin": [-3.9, 0, -2], "size": [4, 12, 4], "inflate": 0.25, "uv": [40, 49]}
					]
				},
				{
					"name": "LeftLeg",
					"parent": "bone2",
					"pivot": [1.9, 12, 0],
					"cubes": [
						{"origin": [-0.1, 0, -2], "size": [4, 12, 4], "uv": [0, 53]},
						{"origin": [-0.1, 0, -2], "size": [4, 12, 4], "inflate": 0.25, "uv": [56, 33]}
					]
				}
			]
		}
	]
}