{
	"format_version": "1.12.0",
	"minecraft:geometry": [
		{
			"description": {
				"identifier": "geometry.unknown",
				"texture_width": 128,
				"texture_height": 128,
				"visible_bounds_width": 3,
				"visible_bounds_height": 3.5,
				"visible_bounds_offset": [0, 1.25, 0]
			},
			"bones": [
				{
					"name": "bone",
					"pivot": [0, 0, 0]
				},
				{
					"name": "bust",
					"parent": "bone",
					"pivot": [0, 12, 0]
				},
				{
					"name": "Head",
					"parent": "bust",
					"pivot": [0, 24, 0],
					"cubes": [
						{"origin": [-4, 24, -4], "size": [8, 8, 8], "uv": [0, 0]},
						{"origin": [-4, 24, -4], "size": [8, 8, 8], "inflate": 0.5, "uv": [0, 16]},
						{"origin": [-7.5, 24.5, -4.575], "size": [16, 11, 0], "pivot": [0, 29.5, -5], "rotation": [0, 0, 22.5], "uv": [32, 0]}
					]
				},
				{
					"name": "Body",
					"parent": "bust",
					"pivot": [0, 24, 0],
					"cubes": [
						{"origin": [-4, 12, -2], "size": [8, 12, 4], "uv": [32, 11]},
						{"origin": [-4, 6.75, -2], "size": [8, 17, 4], "inflate": 0.5, "uv": [0, 32]}
					]
				},
				{
					"name": "RightArm",
					"parent": "bust",
					"pivot": [-5, 22, 0],
					"cubes": [
						{"origin": [-8, 12, -2], "size": [4, 12, 4], "uv": [24, 32]},
						{"origin": [-8, 12, -2], "size": [4, 12, 4], "inflate": 0.25, "uv": [40, 27]}
					]
				},
				{
					"name": "LeftArm",
					"parent": "bust",
					"pivot": [5, 22, 0],
					"cubes": [
						{"origin": [4, 12, -2], "size": [4, 12, 4], "uv": [40, 43]},
						{"origin": [4, 12, -2], "size": [4, 12, 4], "inflate": 0.25, "uv": [24, 48]}
					]
				},
				{
					"name": "RightLeg",
					"parent": "bone",
					"pivot": [-1.9, 12, 0],
					"cubes": [
						{"origin": [-3.9, 0, -2], "size": [4, 12, 4], "uv": [0, 53]},
						{"origin": [-3.9, 0, -2], "size": [4, 12, 4], "inflate": 0.25, "uv": [56, 11]}
					]
				},
				{
					"name": "LeftLeg",
					"parent": "bone",
					"pivot": [1.9, 12, 0],
					"cubes": [
						{"origin": [-0.1, 0, -2], "size": [4, 12, 4], "uv": [56, 27]},
						{"origin": [-0.1, 0, -2], "size": [4, 12, 4], "inflate": 0.25, "uv": [56, 43]}
					]
				}
			]
		}
	]
}