{
	"format_version": "1.12.0",
	"minecraft:geometry": [
		{
			"description": {
				"identifier": "geometry.ae79456f613bb93a4d892d6b93d18fef",
				"texture_width": 64,
				"texture_height": 64,
				"visible_bounds_width": 2,
				"visible_bounds_height": 3.5,
				"visible_bounds_offset": [0, 1.25, 0]
			},
			"bones": [
				{
					"name": "scene_townsfolk_3",
					"pivot": [9, -2, 2]
				},
				{
					"name": "npc",
					"parent": "scene_townsfolk_3",
					"pivot": [7, 4.2, -2]
				},
				{
					"name": "npc_1",
					"parent": "npc",
					"pivot": [7, 4.2, -2.5]
				},
				{
					"name": "left_leg",
					"parent": "npc_1",
					"pivot": [8.805, 15.6, -2.5],
					"cubes": [
						{"origin": [6.705, 4.2, -4.4], "size": [4, 12, 4], "uv": [16, 48]}
					]
				},
				{
					"name": "left_pant",
					"parent": "left_leg",
					"pivot": [8.805, 15.9, -2.5],
					"cubes": [
						{"origin": [6.6925, 4.2125, -4.3875], "size": [4, 12, 4], "inflate": 0.25, "uv": [0, 48]}
					]
				},
				{
					"name": "right_leg",
					"parent": "npc_1",
					"pivot": [5.195, 15.6, -2.5],
					"cubes": [
						{"origin": [3.095, 4.2, -4.4], "size": [4, 12, 4], "uv": [0, 16]}
					]
				},
				{
					"name": "right_pant",
					"parent": "right_leg",
					"pivot": [5.195, 15.9, -2.5],
					"cubes": [
						{"origin": [3.0825, 4.2125, -4.3875], "size": [4, 12, 4], "inflate": 0.25, "uv": [0, 32]}
					]
				},
				{
					"name": "body",
					"parent": "npc_1",
					"pivot": [7, 15.6, -2.5],
					"cubes": [
						{"origin": [2.8, 15.6, -4.4], "size": [8, 12, 4], "uv": [16, 16]}
					]
				},
				{
					"name": "backpack",
					"parent": "body",
					"pivot": [7, 15.3, -2.5],
					"cubes": [
						{"origin": [2.7875, 15.6125, -4.3875], "size": [8, 12, 4], "inflate": 0.25, "uv": [16, 32]}
					]
				},
				{
					"name": "right_arm",
					"parent": "body",
					"pivot": [2.25, 25.1, -2.5],
					"cubes": [
						{"origin": [-0.8, 15.6, -4.4], "size": [4, 12, 4], "uv": [40, 16]}
					]
				},
				{
					"name": "right_item",
					"parent": "right_arm",
					"pivot": [1.3, 27.1, -2.5],
					"cubes": [
						{"origin": [-0.8125, 15.6125, -4.3875], "size": [4, 12, 4], "inflate": 0.25, "uv": [40, 32]}
					]
				},
				{
					"name": "h_head",
					"parent": "body",
					"pivot": [7, 27, -2.5],
					"cubes": [
						{"origin": [2.8, 27, -6.3], "size": [8, 8, 8], "uv": [0, 0]}
					]
				},
				{
					"name": "h_hat",
					"parent": "h_head",
					"pivot": [7, 26.7, -2.5],
					"cubes": [
						{"origin": [2.775, 27.025, -6.275], "size": [8, 8, 8], "inflate": 0.5, "uv": [32, 0]}
					]
				},
				{
					"name": "left_arm",
					"parent": "body",
					"pivot": [11.75, 25.1, -2.5],
					"cubes": [
						{"origin": [10.6, 15.6, -4.4], "size": [4, 12, 4], "uv": [32, 48]}
					]
				},
				{
					"name": "left_item",
					"parent": "left_arm",
					"pivot": [12.7, 27.1, -2.5],
					"cubes": [
						{"origin": [10.5875, 15.6125, -4.3875], "size": [4, 12, 4], "inflate": 0.25, "uv": [48, 48]}
					]
				}
			]
		}
	]
}