{
	"format_version": "1.12.0",
	"minecraft:geometry": [
		{
			"description": {
				"identifier": "geometry.unknown",
				"texture_width": 128,
				"texture_height": 128,
				"visible_bounds_width": 3,
				"visible_bounds_height": 3.5,
				"visible_bounds_offset": [0, 1.25, 0]
			},
			"bones": [
				{
					"name": "bone",
					"pivot": [0, 0, 0]
				},
				{
					"name": "bust",
					"parent": "bone",
					"pivot": [0, 12, 0]
				},
				{
					"name": "Head",
					"parent": "bust",
					"pivot": [0, 24, 0],
					"cubes": [
						{"origin": [-4, 24, -4], "size": [8, 8, 8], "uv": [0, 18]},
						{"origin": [-4, 24, -4], "size": [8, 8, 8], "inflate": 0.5, "uv": [32, 18]},
						{"origin": [-4.5, 13.5, -4.75], "size": [0, 10, 9], "uv": [48, 57]},
						{"origin": [4.5, 13.5, -4.75], "size": [0, 10, 9], "uv": [48, 57]},
						{"origin": [-5.25, 14.5, -4.7], "size": [11, 19, 0], "uv": [16, 34]},
						{"origin": [4.5, 26.5, -1.5], "size": [4, 6, 0], "pivot": [5, 29.5, -1.5], "rotation": [-22.5, 0, 0], "uv": [64, 26]},
						{"origin": [-8.5, 26.5, -1.5], "size": [4, 6, 0], "pivot": [-5, 29.5, -1.5], "rotation": [-22.5, 0, 0], "uv": [64, 26]},
						{"origin": [-4, 13.5, 4.5], "size": [8, 10, 0], "uv": [64, 16]}
					]
				},
				{
					"name": "Body",
					"parent": "bust",
					"pivot": [0, 24, 0],
					"cubes": [
						{"origin": [-4, 12, -2], "size": [8, 12, 4], "uv": [36, 0]},
						{"origin": [-4, 12, -2], "size": [8, 12, 4], "inflate": 0.25, "uv": [38, 34]},
						{"origin": [-4, 19.35, -4.25], "size": [8, 2, 2], "pivot": [0, 22, -3], "rotation": [45, 0, 0], "uv": [16, 53]},
						{"origin": [-2.875, -0.2, -3], "size": [0, 18, 8], "pivot": [-4, 20.75, 0], "rotation": [0, 0, 22.5], "uv": [0, 34]},
						{"origin": [2.875, -0.2, -3], "size": [0, 18, 8], "pivot": [4, 20.75, 0], "rotation": [0, 0, -22.5], "uv": [0, 34]},
						{"origin": [-8.9, -1.4, 0.425], "size": [18, 18, 0], "pivot": [0.1, 21, 3], "rotation": [22.5, 0, 0], "uv": [0, 0]},
						{"origin": [-1.5, 16.25, -3.5], "size": [3, 3, 0], "pivot": [0, 19.25, -2], "rotation": [-22.5, 0, 0], "uv": [32, 64]}
					]
				},
				{
					"name": "RightArm",
					"parent": "bust",
					"pivot": [-5, 22, 0],
					"cubes": [
						{"origin": [-15, 21, -2], "size": [12, 3, 4], "uv": [38, 50]},
						{"origin": [-15, 21, -2], "size": [12, 3, 4], "inflate": 0.25, "uv": [16, 57]}
					]
				},
				{
					"name": "LeftArm",
					"parent": "bust",
					"pivot": [5, 22, 0],
					"cubes": [
						{"origin": [3, 21, -2], "size": [12, 3, 4], "uv": [38, 50]},
						{"origin": [3, 21, -2], "size": [12, 3, 4], "inflate": 0.25, "uv": [16, 57]}
					]
				},
				{
					"name": "RightLeg",
					"parent": "bone",
					"pivot": [-1.9, 12, 0],
					"cubes": [
						{"origin": [-3.9, 0, -2], "size": [4, 12, 4], "uv": [0, 60]},
						{"origin": [-3.9, 0, -2], "size": [4, 12, 4], "inflate": 0.25, "uv": [60, 0]}
					]
				},
				{
					"name": "LeftLeg",
					"parent": "bone",
					"pivot": [1.9, 12, 0],
					"cubes": [
						{"origin": [-0.1, 0, -2], "size": [4, 12, 4], "uv": [62, 34]},
						{"origin": [-0.1, 0, -2], "size": [4, 12, 4], "inflate": 0.25, "uv": [16, 64]}
					]
				}
			]
		}
	]
}