{
	"format_version": "1.12.0",
	"minecraft:geometry": [
		{
			"description": {
				"identifier": "geometry.unknown",
				"texture_width": 128,
				"texture_height": 128,
				"visible_bounds_width": 2,
				"visible_bounds_height": 3.5,
				"visible_bounds_offset": [0, 1.25, 0]
			},
			"bones": [
				{
					"name": "bone",
					"pivot": [0, 0, 0]
				},
				{
					"name": "bust",
					"parent": "bone",
					"pivot": [0, 12, 0]
				},
				{
					"name": "Head",
					"parent": "bust",
					"pivot": [0, 24, 0],
					"cubes": [
						{"origin": [-4, 29, -7.75], "size": [8, 0, 5], "pivot": [0, 29, -4], "rotation": [22.5, 0, 0], "uv": [56, 23]},
						{"origin": [-4, 24, -4], "size": [8, 8, 8], "uv": [0, 0]},
						{"origin": [-4, 24, -4], "size": [8, 8, 8], "inflate": 0.5, "uv": [0, 16]},
						{"origin": [-6, 27, -1.25], "size": [2, 6, 6], "uv": [56, 28]},
						{"origin": [-4, 22.5, -3.5], "size": [2, 6, 0], "pivot": [-5, 30, -2.25], "rotation": [-22.5, 0, 0], "uv": [28, 32]},
						{"origin": [2, 22.5, -3.5], "size": [2, 6, 0], "pivot": [5, 30, -2.25], "rotation": [-22.5, 0, 0], "uv": [28, 32]},
						{"origin": [4, 27, -1.25], "size": [2, 6, 6], "uv": [56, 28]}
					]
				},
				{
					"name": "chevueuxp",
					"parent": "Head",
					"pivot": [0, 26.8806, 1.75],
					"cubes": [
						{"origin": [4, 17, -1.25], "size": [0, 10, 6], "pivot": [4, 27, 1.75], "rotation": [0, 0, -22.5], "uv": [60, 56]},
						{"origin": [-4, 17, -1.25], "size": [0, 10, 6], "pivot": [-4, 27, 1.75], "rotation": [0, 0, 22.5], "uv": [60, 56]}
					]
				},
				{
					"name": "Body",
					"parent": "bust",
					"pivot": [0, 24, 0],
					"cubes": [
						{"origin": [-4, 12, -2], "size": [8, 12, 4], "uv": [32, 24]},
						{"origin": [-4, 12, -2], "size": [8, 12, 4], "inflate": 0.25, "uv": [28, 40]}
					]
				},
				{
					"name": "RightArm",
					"parent": "bust",
					"pivot": [-5, 22, 0],
					"cubes": [
						{"origin": [-7, 12, -2], "size": [3, 12, 4], "uv": [32, 56]},
						{"origin": [-7, 12, -2], "size": [3, 12, 4], "inflate": 0.25, "uv": [46, 56]}
					]
				},
				{
					"name": "LeftArm",
					"parent": "bust",
					"pivot": [5, 22, 0],
					"cubes": [
						{"origin": [3, 21, -2], "size": [6, 3, 4], "uv": [68, 7]}
					]
				},
				{
					"name": "p2la",
					"parent": "LeftArm",
					"pivot": [9.25, 22.5, 0],
					"cubes": [
						{"origin": [9, 21, -2], "size": [6, 3, 4], "uv": [68, 7]},
						{"origin": [3, 21, -2], "size": [12, 3, 4], "inflate": 0.25, "uv": [52, 0]}
					]
				},
				{
					"name": "SAC",
					"parent": "LeftArm",
					"pivot": [6, 24.16667, 0],
					"cubes": [
						{"origin": [4, 11, -5], "size": [4, 7, 10], "uv": [0, 32]},
						{"origin": [4, 11, -5], "size": [4, 7, 10], "inflate": 0.25, "uv": [0, 32]},
						{"origin": [6, 11, -5], "size": [0, 14, 10], "uv": [32, 0]}
					]
				},
				{
					"name": "RightLeg",
					"parent": "bone",
					"pivot": [-1.9, 12, 0],
					"cubes": [
						{"origin": [-3.9, 0, -2], "size": [4, 12, 4], "uv": [0, 49]},
						{"origin": [-3.9, 0, -2], "size": [4, 12, 4], "inflate": 0.25, "uv": [52, 7]}
					]
				},
				{
					"name": "LeftLeg",
					"parent": "bone",
					"pivot": [1.9, 12, 0],
					"cubes": [
						{"origin": [-0.1, 0, -2], "size": [4, 12, 4], "uv": [52, 40]},
						{"origin": [-0.1, 0, -2], "size": [4, 12, 4], "inflate": 0.25, "uv": [16, 56]}
					]
				}
			]
		}
	]
}