{
	"format_version": "1.12.0",
	"minecraft:geometry": [
		{
			"description": {
				"identifier": "geometry.pc_machine-parent - Converted",
				"texture_width": 128,
				"texture_height": 128,
				"visible_bounds_width": 3,
				"visible_bounds_height": 3.5,
				"visible_bounds_offset": [0, 1.25, 0]
			},
			"bones": [
				{
					"name": "bone3",
					"pivot": [0, 0, -0.25],
					"cubes": [
						{"origin": [-8, 14, -11], "size": [16, 2, 6], "uv": [51, 0]},
						{"origin": [-8, 0, -9], "size": [16, 14, 19], "uv": [0, 0]}
					]
				},
				{
					"name": "bone4",
					"parent": "bone3",
					"pivot": [0, 14, 5],
					"cubes": [
						{"origin": [-6, 14, -3], "size": [12, 13, 13], "uv": [49, 37]},
						{"origin": [6, 14, -5], "size": [2, 13, 15], "uv": [19, 63]},
						{"origin": [-8, 14, -5], "size": [2, 13, 15], "uv": [0, 50]},
						{"origin": [-8, 27, -5], "size": [16, 2, 15], "uv": [0, 33]}
					]
				}
			],
			"item_display_transforms": {
				"thirdperson_righthand": {
					"rotation": [0, 0, 0],
					"translation": [0, 0, 0],
					"scale": [0.3, 0.3, 0.3],
					"rotation_pivot": [0, 0, 0],
					"scale_pivot": [0, 0, 0]
				},
				"thirdperson_lefthand": {
					"rotation": [0, 0, 0],
					"translation": [0, 0, 0],
					"scale": [0.3, 0.3, 0.3],
					"rotation_pivot": [0, 0, 0],
					"scale_pivot": [0, 0, 0]
				},
				"firstperson_righthand": {
					"rotation": [0, 130, 0],
					"translation": [2, 2.75, 0],
					"scale": [0.3, 0.3, 0.3],
					"rotation_pivot": [0, 0, 0],
					"scale_pivot": [0, 0, 0]
				},
				"firstperson_lefthand": {
					"rotation": [0, 130, 0],
					"translation": [2, 2.75, 0],
					"scale": [0.3, 0.3, 0.3],
					"rotation_pivot": [0, 0, 0],
					"scale_pivot": [0, 0, 0]
				},
				"ground": {
					"rotation": [0, 0, 0],
					"translation": [0, 4.5, 0],
					"scale": [1, 1, 1],
					"rotation_pivot": [0, 0, 0],
					"scale_pivot": [0, 0, 0]
				},
				"gui": {
					"rotation": [30, 130, 0],
					"translation": [0, -2.5, 0],
					"scale": [0.42, 0.42, 0.42],
					"rotation_pivot": [0, 0, 0],
					"scale_pivot": [0, 0, 0],
					"fit_to_frame": false
				},
				"head": {
					"rotation": [0, 0, 0],
					"translation": [0, -29, 0],
					"scale": [2, 2, 2],
					"rotation_pivot": [0, 0, 0],
					"scale_pivot": [0, 0, 0]
				},
				"fixed": {
					"rotation": [-90, 0, 0],
					"translation": [0, 0, -13.75],
					"scale": [2, 2, 2],
					"rotation_pivot": [0, 0, 0],
					"scale_pivot": [0, 0, 0]
				}
			}
		}
	]
}