{
	"format_version": "1.12.0",
	"minecraft:geometry": [
		{
			"description": {
				"identifier": "geometry.unknown",
				"texture_width": 128,
				"texture_height": 128,
				"visible_bounds_width": 3,
				"visible_bounds_height": 3.5,
				"visible_bounds_offset": [0, 1.25, 0]
			},
			"bones": [
				{
					"name": "bone",
					"pivot": [0, 0, 0]
				},
				{
					"name": "bust",
					"parent": "bone",
					"pivot": [0, 12.125, 0],
					"cubes": [
						{"origin": [4.4, 6.225, -2.5], "size": [0, 6, 5], "pivot": [4.5, 11.75, 0], "rotation": [0, 0, -22.5], "uv": [44, 0]},
						{"origin": [-4.5, 6.2, 2.125], "size": [9, 6, 0], "pivot": [0, 12, 2.5], "rotation": [22.5, 0, 0], "uv": [56, 32]},
						{"origin": [-4.075, 6.25, -2.5], "size": [0, 6, 5], "pivot": [-4.5, 12, 0], "rotation": [0, 0, 22.5], "uv": [44, 0]},
						{"origin": [-4.5, 6.25, -2], "size": [9, 6, 0], "pivot": [0, 12.25, -2.5], "rotation": [-22.5, 0, 0], "uv": [56, 32]}
					]
				},
				{
					"name": "Head",
					"parent": "bust",
					"pivot": [0, 24, 0],
					"cubes": [
						{"origin": [-4, 24, -4], "size": [8, 8, 8], "uv": [0, 14]},
						{"origin": [-4, 24, -4], "size": [8, 8, 8], "inflate": 0.5, "uv": [0, 30]},
						{"origin": [-11, 19, 4], "size": [22, 14, 0], "uv": [0, 0]}
					]
				},
				{
					"name": "Body",
					"parent": "bust",
					"pivot": [0, 24, 0],
					"cubes": [
						{"origin": [-4, 12, -2], "size": [8, 12, 4], "uv": [32, 14]},
						{"origin": [-4, 12, -2], "size": [8, 12, 4], "inflate": 0.25, "uv": [32, 30]}
					]
				},
				{
					"name": "RightArm",
					"parent": "bust",
					"pivot": [-5, 22, 0],
					"cubes": [
						{"origin": [-7, 12, -2], "size": [3, 12, 4], "uv": [56, 0]},
						{"origin": [-7, 12, -2], "size": [3, 12, 4], "inflate": 0.25, "uv": [56, 16]}
					]
				},
				{
					"name": "LeftArm",
					"parent": "bust",
					"pivot": [5, 22, 0],
					"cubes": [
						{"origin": [4, 12, -2], "size": [3, 12, 4], "uv": [0, 62]},
						{"origin": [4, 12, -2], "size": [3, 12, 4], "inflate": 0.25, "uv": [14, 62]}
					]
				},
				{
					"name": "RightLeg",
					"parent": "bone",
					"pivot": [-1.9, 12, 0],
					"cubes": [
						{"origin": [-3.9, 0, -2], "size": [4, 12, 4], "uv": [0, 46]},
						{"origin": [-3.9, 0, -2], "size": [4, 12, 4], "inflate": 0.25, "uv": [16, 46]}
					]
				},
				{
					"name": "LeftLeg",
					"parent": "bone",
					"pivot": [1.9, 12, 0],
					"cubes": [
						{"origin": [-0.1, 0, -2], "size": [4, 12, 4], "uv": [32, 46]},
						{"origin": [-0.1, 0, -2], "size": [4, 12, 4], "inflate": 0.25, "uv": [48, 46]}
					]
				}
			]
		}
	]
}