{
	"format_version": "1.12.0",
	"minecraft:geometry": [
		{
			"description": {
				"identifier": "geometry.ae79456f613bb93a4d892d6b93d18fef",
				"texture_width": 64,
				"texture_height": 64,
				"visible_bounds_width": 3,
				"visible_bounds_height": 3.5,
				"visible_bounds_offset": [1, 1.25, 0]
			},
			"bones": [
				{
					"name": "scene_townsfolk_2",
					"pivot": [0, 0.2, -4]
				},
				{
					"name": "npc_1",
					"parent": "scene_townsfolk_2",
					"pivot": [0, 0.2, -0.5]
				},
				{
					"name": "left_leg",
					"parent": "npc_1",
					"pivot": [1.805, 11.6, -0.5],
					"cubes": [
						{"origin": [-0.295, 0.2, -2.4], "size": [4, 12, 4], "uv": [16, 48]}
					]
				},
				{
					"name": "left_pant",
					"parent": "left_leg",
					"pivot": [1.805, 11.9, -0.5],
					"cubes": [
						{"origin": [-0.3075, 0.2125, -2.3875], "size": [4, 12, 4], "inflate": 0.25, "uv": [0, 48]}
					]
				},
				{
					"name": "right_leg",
					"parent": "npc_1",
					"pivot": [-1.805, 11.6, -0.5],
					"cubes": [
						{"origin": [-3.905, 0.2, -2.4], "size": [4, 12, 4], "uv": [0, 16]}
					]
				},
				{
					"name": "right_pant",
					"parent": "right_leg",
					"pivot": [-1.805, 11.9, -0.5],
					"cubes": [
						{"origin": [-3.9175, 0.2125, -2.3875], "size": [4, 12, 4], "inflate": 0.25, "uv": [0, 32]}
					]
				},
				{
					"name": "body",
					"parent": "npc_1",
					"pivot": [0, 11.6, -0.5],
					"cubes": [
						{"origin": [-4.2, 11.6, -2.4], "size": [8, 12, 4], "uv": [16, 16]}
					]
				},
				{
					"name": "backpack",
					"parent": "body",
					"pivot": [0, 11.3, -0.5],
					"cubes": [
						{"origin": [-4.2125, 11.6125, -2.3875], "size": [8, 12, 4], "inflate": 0.25, "uv": [16, 32]}
					]
				},
				{
					"name": "right_arm",
					"parent": "body",
					"pivot": [-4.75, 21.1, -0.5],
					"cubes": [
						{"origin": [-7.8, 11.6, -2.4], "size": [4, 12, 4], "uv": [40, 16]}
					]
				},
				{
					"name": "right_item",
					"parent": "right_arm",
					"pivot": [-5.7, 23.1, -0.5],
					"cubes": [
						{"origin": [-7.8125, 11.6125, -2.3875], "size": [4, 12, 4], "inflate": 0.25, "uv": [40, 32]}
					]
				},
				{
					"name": "h_head",
					"parent": "body",
					"pivot": [0, 23, -0.5],
					"cubes": [
						{"origin": [-4.2, 23, -4.3], "size": [8, 8, 8], "uv": [0, 0]}
					]
				},
				{
					"name": "h_hat",
					"parent": "h_head",
					"pivot": [0, 22.5, -0.5],
					"cubes": [
						{"origin": [-4.225, 23.025, -4.275], "size": [8, 8, 8], "inflate": 0.5, "uv": [32, 0]}
					]
				},
				{
					"name": "left_arm",
					"parent": "body",
					"pivot": [4.75, 21.1, -0.5],
					"cubes": [
						{"origin": [3.6, 11.6, -2.4], "size": [4, 12, 4], "uv": [32, 48]}
					]
				},
				{
					"name": "left_item",
					"parent": "left_arm",
					"pivot": [5.7, 23.1, -0.5],
					"cubes": [
						{"origin": [3.5875, 11.6125, -2.3875], "size": [4, 12, 4], "inflate": 0.25, "uv": [48, 48]}
					]
				}
			]
		}
	]
}