{
	"format_version": "1.12.0",
	"minecraft:geometry": [
		{
			"description": {
				"identifier": "geometry.unknown",
				"texture_width": 256,
				"texture_height": 256,
				"visible_bounds_width": 3,
				"visible_bounds_height": 2.5,
				"visible_bounds_offset": [0, 0.75, 0]
			},
			"bones": [
				{
					"name": "bone",
					"pivot": [0, 0, 0]
				},
				{
					"name": "all",
					"parent": "bone",
					"pivot": [0, 10, -0.16201]
				},
				{
					"name": "crate_top",
					"parent": "all",
					"pivot": [0, 13, 8.83799],
					"cubes": [
						{"origin": [-1.5025, 15.285, -7], "size": [3.005, 4, 16], "uv": [52, 101]},
						{"origin": [-1.5, 11.91697, -8.80886], "size": [3, 4, 3], "pivot": [1.5023, 15.4175, -3.83886], "rotation": [-45, 0, 0], "uv": [0, 21]},
						{"origin": [3.75, 17.25, -2.16201], "size": [2, 2, 4], "pivot": [4.75, 9.25, 7.83799], "rotation": [0, 0, 45], "uv": [0, 42]},
						{"origin": [-18.25, 17.25, -2.16201], "size": [2, 2, 4], "pivot": [-17.25, 9.25, 7.83799], "rotation": [0, 0, 45], "uv": [0, 28]}
					]
				},
				{
					"name": "lock",
					"parent": "crate_top",
					"pivot": [-0.5, 13, -9.66201],
					"cubes": [
						{"origin": [-2.5, 8.75, -10.66201], "size": [5, 6, 2], "pivot": [-0.5, 13.25, -9.66201], "rotation": [22.5, 0, 0], "uv": [0, 0]}
					]
				},
				{
					"name": "key",
					"parent": "lock",
					"pivot": [-0.25, 4.29344, 0.25],
					"cubes": [
						{"origin": [-0.75, 6.25, 0], "size": [1, 4, 1], "uv": [14, 0]},
						{"origin": [0, 7.25, 1], "size": [0, 3, 1], "uv": [14, 4]},
						{"origin": [0, 10.25, 0], "size": [0, 1, 1], "uv": [0, 0]},
						{"origin": [-1.75, 3.25, -1], "size": [3, 3, 3], "uv": [0, 54]},
						{"origin": [-2, 3, 0], "size": [1, 1, 1], "uv": [12, 26]},
						{"origin": [0.5, 3, 0], "size": [1, 1, 1], "uv": [12, 24]}
					]
				},
				{
					"name": "poke",
					"parent": "crate_top",
					"pivot": [0.06066, 16, -9],
					"cubes": [
						{"origin": [-0.93934, 13.5, -10], "size": [4, 4, 2], "pivot": [1.06066, 17, -9], "rotation": [0, 0, 45], "uv": [0, 48]}
					]
				},
				{
					"name": "bone3",
					"parent": "crate_top",
					"pivot": [8, 12, 7.83799],
					"cubes": [
						{"origin": [-10, 15, -8.16201], "size": [20, 3, 16], "uv": [64, 5]},
						{"origin": [3.25, 11.5, -10.91201], "size": [2, 4, 3], "uv": [56, 61]},
						{"origin": [-5.25, 11.5, -10.91201], "size": [2, 4, 3], "uv": [0, 61]}
					]
				},
				{
					"name": "lock1",
					"parent": "bone3",
					"pivot": [-4.00256, 13.53736, -9.15312],
					"cubes": [
						{"origin": [-5, 12.5, -10.16201], "size": [3, 2, 1], "uv": [8, 28]}
					]
				},
				{
					"name": "lock2",
					"parent": "bone3",
					"pivot": [3.99743, 13.55401, -10.15308],
					"cubes": [
						{"origin": [2, 12.5, -10.16201], "size": [3, 2, 1], "uv": [9, 21]}
					]
				},
				{
					"name": "middle_top",
					"parent": "bone3",
					"pivot": [8, 12, 7.83799],
					"cubes": [
						{"origin": [-11, 14, -9.16201], "size": [22, 1, 18], "uv": [0, 42]},
						{"origin": [-10, 12.9975, -8.16201], "size": [20, 1, 16], "uv": [62, 42]}
					]
				},
				{
					"name": "right_top",
					"parent": "crate_top",
					"pivot": [-6.0002, 17, -6.70157],
					"cubes": [
						{"origin": [-11, 15, -9.16201], "size": [4.005, 4, 18], "uv": [24, 89]},
						{"origin": [-10, 18, -4.16201], "size": [5.005, 2, 8], "uv": [80, 26]}
					]
				},
				{
					"name": "left_top",
					"parent": "crate_top",
					"pivot": [6, 17, -7.08359],
					"cubes": [
						{"origin": [6.995, 15, -9.16201], "size": [4.005, 4, 18], "uv": [78, 83]},
						{"origin": [4.995, 18, -4.16201], "size": [5.005, 2, 8], "uv": [62, 24]}
					]
				},
				{
					"name": "handle_left",
					"parent": "crate_top",
					"pivot": [10.52112, 15, -0.16201],
					"cubes": [
						{"origin": [12.33156, 11.5, -4.16201], "size": [0, 5, 8], "pivot": [14.08156, 13.14417, -0.16201], "rotation": [0, 0, -22.5], "uv": [0, 5]}
					]
				},
				{
					"name": "handle_right",
					"parent": "crate_top",
					"pivot": [-11.27112, 15.25, -0.16201],
					"cubes": [
						{"origin": [-11.77112, 11.5, -4.16201], "size": [0, 5, 8], "pivot": [-13.52112, 14, -0.16201], "rotation": [0, 0, 22.5], "uv": [0, 0]}
					]
				},
				{
					"name": "hinge_right",
					"parent": "all",
					"pivot": [-5.5, 12.25, 9.08799],
					"cubes": [
						{"origin": [-7.75, 11.25, 7.08799], "size": [2.5, 3, 3], "pivot": [-6, 12.25, 9.08799], "rotation": [-45, 0, 0], "uv": [56, 68]}
					]
				},
				{
					"name": "hinge_left",
					"parent": "all",
					"pivot": [6.5, 12.25, 9.08799],
					"cubes": [
						{"origin": [5.25, 11.25, 7.08799], "size": [2.5, 3, 3], "pivot": [7, 12.25, 9.08799], "rotation": [-45, 0, 0], "uv": [0, 68]}
					]
				},
				{
					"name": "crate_bottom",
					"parent": "all",
					"pivot": [20, 7, 8.33799],
					"cubes": [
						{"origin": [-10, 6, -8.16201], "size": [20, 6, 16], "uv": [0, 61]},
						{"origin": [-9, 4, -7.16201], "size": [18, 2, 14], "uv": [56, 61]},
						{"origin": [-11, 1, -9.16201], "size": [22, 3, 18], "uv": [0, 0]},
						{"origin": [-12.0025, 6.82843, -4.07843], "size": [3.005, 2, 8], "uv": [50, 83]},
						{"origin": [-12, 6.3033, 0.48223], "size": [3, 4, 2], "pivot": [-10.0025, 11.3033, 4.98223], "rotation": [45, 0, 0], "uv": [62, 8]},
						{"origin": [-12.0025, 0, 4.75], "size": [6, 3, 5], "uv": [104, 77]},
						{"origin": [-12, 6.3033, -2.63909], "size": [3, 4, 2], "pivot": [-10.0025, 11.3033, -5.13909], "rotation": [-45, 0, 0], "uv": [62, 2]},
						{"origin": [-12.0025, 3, 4.75], "size": [3.005, 3, 2], "uv": [62, 34]},
						{"origin": [-12.0025, 3, -6.90685], "size": [3.005, 3, 2], "uv": [0, 34]},
						{"origin": [-12.0025, 0, -9.90685], "size": [6, 3, 5], "uv": [101, 34]},
						{"origin": [6.0025, 0, -9.90685], "size": [6, 3, 5], "uv": [101, 34], "mirror": true},
						{"origin": [8.9975, 3, -6.90685], "size": [3.005, 3, 2], "uv": [0, 34], "mirror": true},
						{"origin": [8.9975, 3, 4.75], "size": [3.005, 3, 2], "uv": [62, 34], "mirror": true},
						{"origin": [9, 6.3033, -2.63909], "size": [3, 4, 2], "pivot": [10.0025, 11.3033, -5.13909], "rotation": [-45, 0, 0], "uv": [62, 2], "mirror": true},
						{"origin": [6.0025, 0, 4.75], "size": [6, 3, 5], "uv": [104, 77], "mirror": true},
						{"origin": [9, 6.3033, 0.48223], "size": [3, 4, 2], "pivot": [10.0025, 11.3033, 4.98223], "rotation": [45, 0, 0], "uv": [62, 8], "mirror": true},
						{"origin": [8.9975, 6.82843, -4.07843], "size": [3.005, 2, 8], "uv": [50, 83], "mirror": true},
						{"origin": [3.995, 4, -9.16201], "size": [3.005, 6, 18], "uv": [0, 83]},
						{"origin": [-7.005, 4, -9.16201], "size": [3.005, 6, 18], "uv": [54, 77]}
					]
				},
				{
					"name": "middle",
					"parent": "crate_bottom",
					"pivot": [0, 13, -1.16201],
					"cubes": [
						{"origin": [-11, 9.9975, -9.16201], "size": [22, 3, 18], "uv": [0, 21]}
					]
				},
				{
					"name": "neon",
					"parent": "crate_bottom",
					"pivot": [-0.005, 4, 2.58799],
					"cubes": [
						{"origin": [4.995, 4, -9.2], "size": [1.005, 6, 0], "uv": [16, 30]},
						{"origin": [-6.005, 4, -9.2], "size": [1.005, 6, 0], "uv": [16, 24]},
						{"origin": [4.995, 4, 8.85], "size": [1.005, 6, 0], "uv": [16, 11]},
						{"origin": [-6.005, 4, 8.85], "size": [1.005, 6, 0], "uv": [16, 5]}
					]
				},
				{
					"name": "neon_bottom",
					"parent": "crate_bottom",
					"pivot": [-6, 2.5, -0.16201],
					"cubes": [
						{"origin": [-8, 2, 8.85], "size": [16, 1, 0], "uv": [62, 1]},
						{"origin": [-8, 2, -9.2], "size": [16, 1, 0], "uv": [62, 0]}
					]
				},
				{
					"name": "effect",
					"parent": "bone",
					"pivot": [0, 11, -0.16201]
				},
				{
					"name": "beam1",
					"parent": "effect",
					"pivot": [-9, 11, 0.83799],
					"cubes": [
						{"origin": [-9, 10.9975, -7.16201], "size": [0, 5, 14], "uv": [24, 69]}
					]
				},
				{
					"name": "beam2",
					"parent": "effect",
					"pivot": [9, 11, -0.16201],
					"cubes": [
						{"origin": [9, 10.9975, -7.16201], "size": [0, 5, 14], "uv": [24, 69]}
					]
				},
				{
					"name": "beam3",
					"parent": "effect",
					"pivot": [0, 11, -7.16201],
					"cubes": [
						{"origin": [-9, 10.9975, -7.16201], "size": [18, 5, 0], "uv": [94, 0]}
					]
				},
				{
					"name": "beam4",
					"parent": "effect",
					"pivot": [0, 12, 5.83799],
					"cubes": [
						{"origin": [-9, 10.9975, 6.83799], "size": [18, 5, 0], "uv": [94, 0]}
					]
				},
				{
					"name": "sparkle1",
					"parent": "bone",
					"pivot": [-1.75, 13, 0.83799],
					"cubes": [
						{"origin": [-3, 11, 0], "size": [3, 5, 0], "uv": [10, 34]}
					]
				},
				{
					"name": "sparkle2",
					"parent": "bone",
					"pivot": [-2, 13, 1.83799],
					"cubes": [
						{"origin": [-3, 11, 0], "size": [3, 5, 0], "uv": [10, 34]}
					]
				},
				{
					"name": "sparkle3",
					"parent": "bone",
					"pivot": [-2, 13.3, -0.16201],
					"cubes": [
						{"origin": [-3, 11, 0], "size": [3, 5, 0], "uv": [10, 34]}
					]
				}
			]
		}
	]
}