{
	"format_version": "1.12.0",
	"minecraft:geometry": [
		{
			"description": {
				"identifier": "geometry.unknown",
				"texture_width": 256,
				"texture_height": 256,
				"visible_bounds_width": 3,
				"visible_bounds_height": 2.5,
				"visible_bounds_offset": [0, 0.75, 0]
			},
			"bones": [
				{
					"name": "bone",
					"pivot": [0, 0, 0]
				},
				{
					"name": "all",
					"parent": "bone",
					"pivot": [0, 10, -0.16201]
				},
				{
					"name": "crate_top",
					"parent": "all",
					"pivot": [0, 13, 8.83799],
					"cubes": [
						{"origin": [3.75, 14.25, -2.16201], "size": [2, 2, 4], "pivot": [4.75, 6.25, 7.83799], "rotation": [0, 0, 45], "uv": [116, 54]},
						{"origin": [-18.25, 14.25, -2.16201], "size": [2, 2, 4], "pivot": [-17.25, 6.25, 7.83799], "rotation": [0, 0, 45], "uv": [116, 104]}
					]
				},
				{
					"name": "lock",
					"parent": "crate_top",
					"pivot": [-0.5, 13, -9.66201],
					"cubes": [
						{"origin": [-2.5, 8.5, -10.66201], "size": [5, 6, 2], "pivot": [-0.5, 13, -9.66201], "rotation": [22.5, 0, 0], "uv": [116, 46]}
					]
				},
				{
					"name": "key",
					"parent": "lock",
					"pivot": [-0.25, 4.3, 0.25],
					"cubes": [
						{"origin": [-0.75, 6.25, 0], "size": [1, 4, 1], "uv": [64, 113]},
						{"origin": [0, 7.25, 0.75], "size": [0, 3, 1], "uv": [80, 57]},
						{"origin": [0, 10.25, 0], "size": [0, 1, 1], "uv": [82, 57]},
						{"origin": [-1.75, 3.25, -1.12193], "size": [3, 3, 3], "uv": [114, 119]}
					]
				},
				{
					"name": "poke",
					"parent": "crate_top",
					"pivot": [0.06066, 16, -9],
					"cubes": [
						{"origin": [-0.93934, 13.5, -10], "size": [4, 4, 2], "pivot": [1.06066, 17, -9], "rotation": [0, 0, 45], "uv": [102, 119]}
					]
				},
				{
					"name": "bone3",
					"parent": "crate_top",
					"pivot": [8, 12, 7.83799],
					"cubes": [
						{"origin": [-10, 15, -8.16201], "size": [20, 3, 16], "uv": [72, 61]}
					]
				},
				{
					"name": "middle_top",
					"parent": "bone3",
					"pivot": [8, 12, 7.83799],
					"cubes": [
						{"origin": [-11, 14, -9.16201], "size": [22, 1, 18], "uv": [0, 42]},
						{"origin": [-10, 12.9975, -8.16201], "size": [20, 1, 16], "uv": [80, 0]}
					]
				},
				{
					"name": "bone5",
					"parent": "crate_top",
					"pivot": [-6, 17, -6.83359],
					"cubes": [
						{"origin": [-8.0023, 16.535, -6.13201], "size": [3.005, 4, 11], "uv": [44, 83]},
						{"origin": [-8, 15, 2.58063], "size": [3, 4, 4], "pivot": [-6, 17, 5.58063], "rotation": [-45, 0, 0], "uv": [116, 80]},
						{"origin": [-8.0025, 13, -9.66201], "size": [3.005, 4, 4], "uv": [116, 88]},
						{"origin": [-8, 15, -8.83359], "size": [3, 4, 5], "pivot": [-6, 17, -6.83359], "rotation": [45, 0, 0], "uv": [88, 110]}
					]
				},
				{
					"name": "bone2",
					"parent": "crate_top",
					"pivot": [6, 17, -6.83359],
					"cubes": [
						{"origin": [4.9975, 16.535, -6.13201], "size": [3.005, 4, 11], "uv": [44, 98]},
						{"origin": [5, 15, 2.58063], "size": [3, 4, 4], "pivot": [6, 17, 5.58063], "rotation": [-45, 0, 0], "uv": [116, 96]},
						{"origin": [4.9975, 13, -9.66201], "size": [3.005, 4, 4], "uv": [88, 119]},
						{"origin": [5, 15, -8.83359], "size": [3, 4, 5], "pivot": [6, 17, -6.83359], "rotation": [45, 0, 0], "uv": [104, 110]}
					]
				},
				{
					"name": "handle_left",
					"parent": "crate_top",
					"pivot": [10.52112, 12, -0.16201],
					"cubes": [
						{"origin": [12.33156, 8.5, -4.16201], "size": [0, 5, 8], "pivot": [14.08156, 10.14417, -0.16201], "rotation": [0, 0, -22.5], "uv": [108, 33]}
					]
				},
				{
					"name": "handle_right",
					"parent": "crate_top",
					"pivot": [-11.27112, 12.25, -0.16201],
					"cubes": [
						{"origin": [-11.77112, 8.5, -4.16201], "size": [0, 5, 8], "pivot": [-13.52112, 11, -0.16201], "rotation": [0, 0, 22.5], "uv": [72, 110]}
					]
				},
				{
					"name": "hinge_right",
					"parent": "all",
					"pivot": [-11.5, 12.25, -0.91201],
					"cubes": [
						{"origin": [-7.75, 11.25, 7.08799], "size": [2.5, 3, 3], "pivot": [-6, 12.25, 9.08799], "rotation": [-45, 0, 0], "uv": [120, 110]}
					]
				},
				{
					"name": "hinge_left",
					"parent": "all",
					"pivot": [6.5, 12.25, 9.08799],
					"cubes": [
						{"origin": [5.25, 11.25, 7.08799], "size": [2.5, 3, 3], "pivot": [7, 12.25, 9.08799], "rotation": [-45, 0, 0], "uv": [0, 121]}
					]
				},
				{
					"name": "crate_bottom",
					"parent": "all",
					"pivot": [20, 7, 8.33799],
					"cubes": [
						{"origin": [-10, 6, -8.16201], "size": [20, 6, 16], "uv": [0, 61]},
						{"origin": [-9, 4, -7.16201], "size": [18, 2, 14], "uv": [80, 17]},
						{"origin": [-11, 1, -9.16201], "size": [22, 3, 18], "uv": [0, 0]},
						{"origin": [-8, 1.995, -9.66201], "size": [3, 11, 19], "uv": [72, 80]},
						{"origin": [5, 1.995, -9.66201], "size": [3, 11, 19], "uv": [0, 83]},
						{"origin": [-12, 0, 6.14455], "size": [4, 4, 4], "pivot": [-10, 3, 9.14455], "rotation": [-22.5, 0, 0], "uv": [0, 113]},
						{"origin": [-12, 0, -10.46858], "size": [4, 4, 4], "pivot": [-10, 3, -9.46858], "rotation": [22.5, 0, 0], "uv": [16, 113]},
						{"origin": [8, 0, 6.14455], "size": [4, 4, 4], "pivot": [10, 3, 9.14455], "rotation": [-22.5, 0, 0], "uv": [32, 113]},
						{"origin": [8, 0, -10.46858], "size": [4, 4, 4], "pivot": [10, 3, -9.46858], "rotation": [22.5, 0, 0], "uv": [48, 113]}
					]
				},
				{
					"name": "middle",
					"parent": "crate_bottom",
					"pivot": [0, 13, -1.16201],
					"cubes": [
						{"origin": [-11, 9.9975, -9.16201], "size": [22, 3, 18], "uv": [0, 21]}
					]
				},
				{
					"name": "effect",
					"parent": "bone",
					"pivot": [0, 11, -0.16201]
				},
				{
					"name": "beam1",
					"parent": "effect",
					"pivot": [-9, 11, 0.83799],
					"cubes": [
						{"origin": [-9, 10.9975, -7.16201], "size": [0, 5, 14], "uv": [80, 33]}
					]
				},
				{
					"name": "beam2",
					"parent": "effect",
					"pivot": [9, 11, -0.16201],
					"cubes": [
						{"origin": [9, 10.9975, -7.16201], "size": [0, 5, 14], "uv": [80, 33]}
					]
				},
				{
					"name": "beam3",
					"parent": "effect",
					"pivot": [0, 11, -7.16201],
					"cubes": [
						{"origin": [-9, 10.9975, -7.16201], "size": [18, 5, 0], "uv": [80, 52]}
					]
				},
				{
					"name": "beam4",
					"parent": "effect",
					"pivot": [0, 12, 5.83799],
					"cubes": [
						{"origin": [-9, 10.9975, 6.83799], "size": [18, 5, 0], "uv": [80, 52]}
					]
				},
				{
					"name": "sparkle1",
					"parent": "bone",
					"pivot": [-1.5, 13, -0.16201],
					"cubes": [
						{"origin": [-3, 11, 0], "size": [3, 5, 0], "uv": [108, 46]}
					]
				},
				{
					"name": "sparkle2",
					"parent": "bone",
					"pivot": [-2, 13, 0.83799],
					"cubes": [
						{"origin": [-3, 11, 0], "size": [3, 5, 0], "uv": [108, 46]}
					]
				},
				{
					"name": "sparkle3",
					"parent": "bone",
					"pivot": [-2, 14, 0.83799],
					"cubes": [
						{"origin": [-3, 11, 0], "size": [3, 5, 0], "uv": [108, 46]}
					]
				}
			]
		}
	]
}