{
	"format_version": "1.12.0",
	"minecraft:geometry": [
		{
			"description": {
				"identifier": "geometry.unknown",
				"texture_width": 128,
				"texture_height": 128,
				"visible_bounds_width": 3,
				"visible_bounds_height": 3.5,
				"visible_bounds_offset": [0, 1.25, 0]
			},
			"bones": [
				{
					"name": "sachatte",
					"pivot": [0, 0, 0]
				},
				{
					"name": "bone3",
					"parent": "sachatte",
					"pivot": [5.25, 12.5, 0],
					"cubes": [
						{"origin": [3.75, 11, -1.5], "size": [3, 3, 3], "uv": [36, 7]},
						{"origin": [3.75, 11, -1.5], "size": [3, 3, 3], "inflate": 0.25, "uv": [36, 7]}
					]
				},
				{
					"name": "bust",
					"parent": "sachatte",
					"pivot": [0, 12, 0]
				},
				{
					"name": "Head",
					"parent": "bust",
					"pivot": [0, 24, 0],
					"cubes": [
						{"origin": [-4, 24, -4], "size": [8, 8, 8], "uv": [0, 13]},
						{"origin": [-4, 24, -4], "size": [8, 8, 8], "inflate": 0.5, "uv": [0, 29]},
						{"origin": [-4.5, 29, -4.5], "size": [9, 4, 9], "uv": [0, 0]},
						{"origin": [-4.5, 29, -11.5], "size": [9, 0, 7], "uv": [36, 0]}
					]
				},
				{
					"name": "Body",
					"parent": "bust",
					"pivot": [0, 24, 0],
					"cubes": [
						{"origin": [-4, 12, -2], "size": [8, 12, 4], "uv": [32, 13]},
						{"origin": [-4, 12, -2], "size": [8, 12, 4], "inflate": 0.25, "uv": [32, 29]}
					]
				},
				{
					"name": "bone2",
					"parent": "Body",
					"pivot": [0, 24, 0]
				},
				{
					"name": "bone",
					"parent": "bone2",
					"pivot": [-5.25, 12.5, 0],
					"cubes": [
						{"origin": [-6.75, 11, -1.5], "size": [3, 3, 3], "uv": [36, 7]},
						{"origin": [-6.75, 11, -1.5], "size": [3, 3, 3], "inflate": 0.25, "uv": [36, 7]}
					]
				},
				{
					"name": "bone4",
					"parent": "bone2",
					"pivot": [-2.25, 12.5, 3.5],
					"cubes": [
						{"origin": [-3.75, 11, 2], "size": [3, 3, 3], "uv": [36, 7]},
						{"origin": [-3.75, 11, 2], "size": [3, 3, 3], "inflate": 0.25, "uv": [36, 7]}
					]
				},
				{
					"name": "bone5",
					"parent": "bone2",
					"pivot": [2, 12.5, 3.5],
					"cubes": [
						{"origin": [0.5, 11, 2], "size": [3, 3, 3], "uv": [36, 7]},
						{"origin": [0.5, 11, 2], "size": [3, 3, 3], "inflate": 0.25, "uv": [36, 7]}
					]
				},
				{
					"name": "RightArm",
					"parent": "bust",
					"pivot": [-5, 22, 0],
					"cubes": [
						{"origin": [-8, 12, -2], "size": [4, 12, 4], "inflate": 0.25, "uv": [32, 45]},
						{"origin": [-8, 12, -2], "size": [4, 12, 4], "uv": [0, 45]}
					]
				},
				{
					"name": "LeftArm",
					"parent": "bust",
					"pivot": [5, 22, 0],
					"cubes": [
						{"origin": [4, 12, -2], "size": [4, 12, 4], "uv": [16, 45]},
						{"origin": [4, 12, -2], "size": [4, 12, 4], "inflate": 0.25, "uv": [32, 45]}
					]
				},
				{
					"name": "RightLeg",
					"parent": "sachatte",
					"pivot": [-1.9, 12, 0],
					"cubes": [
						{"origin": [-3.9, 0, -2], "size": [4, 12, 4], "uv": [48, 45]},
						{"origin": [-3.9, 0, -2], "size": [4, 12, 4], "inflate": 0.25, "uv": [56, 7]}
					]
				},
				{
					"name": "LeftLeg",
					"parent": "sachatte",
					"pivot": [1.9, 12, 0],
					"cubes": [
						{"origin": [-0.1, 0, -2], "size": [4, 12, 4], "uv": [56, 23]},
						{"origin": [-0.1, 0, -2], "size": [4, 12, 4], "inflate": 0.25, "uv": [0, 61]}
					]
				}
			]
		}
	]
}