{"textures":{"0":"modelengine:entity/nocsy_drakonin8"},"elements":[{"from":[6.5714283,6.5714283,6.857143],"to":[10.0,9.428572,9.714286],"rotation":{"angle":0.0,"axis":"y","origin":[8.742857,8.0,9.542857]},"faces":{"east":{"uv":[8.0625,1.125,7.75,1.4375],"rotation":0,"texture":"#0","tintindex":0},"south":{"uv":[7.625,0.375,7.25,0.6875],"rotation":0,"texture":"#0","tintindex":0},"north":{"uv":[0.375,7.25,0.0,7.5625],"rotation":0,"texture":"#0","tintindex":0},"west":{"uv":[8.0625,0.75,7.75,1.0625],"rotation":0,"texture":"#0","tintindex":0},"up":{"uv":[0.4375,7.5625,0.8125,7.25],"rotation":0,"texture":"#0","tintindex":0},"down":{"uv":[0.875,7.25,1.25,7.5625],"rotation":0,"texture":"#0","tintindex":0}}},{"from":[6.062521,6.5657144,6.035991],"to":[8.359664,8.862857,8.333134],"rotation":{"angle":22.5,"axis":"y","origin":[7.2110925,8.0,7.1845627]},"faces":{"east":{"uv":[0.25,8.75,0.0,9.0],"rotation":0,"texture":"#0","tintindex":0},"south":{"uv":[8.9375,8.1875,8.6875,8.4375],"rotation":0,"texture":"#0","tintindex":0},"north":{"uv":[8.9375,4.8125,8.6875,5.0625],"rotation":0,"texture":"#0","tintindex":0},"west":{"uv":[7.5,8.6875,7.25,8.9375],"rotation":0,"texture":"#0","tintindex":0},"up":{"uv":[0.3125,9.0,0.5625,8.75],"rotation":0,"texture":"#0","tintindex":0},"down":{"uv":[0.625,8.75,0.875,9.0],"rotation":0,"texture":"#0","tintindex":0}}},{"from":[10.550106,6.5657144,16.778849],"to":[12.84725,8.862857,19.075993],"rotation":{"angle":-22.5,"axis":"y","origin":[36.898678,8.0,7.1845627]},"faces":{"east":{"uv":[9.0,5.125,8.75,5.375],"rotation":0,"texture":"#0","tintindex":0},"south":{"uv":[4.4375,8.75,4.1875,9.0],"rotation":0,"texture":"#0","tintindex":0},"north":{"uv":[9.0,3.0,8.75,3.25],"rotation":0,"texture":"#0","tintindex":0},"west":{"uv":[9.0,3.3125,8.75,3.5625],"rotation":0,"texture":"#0","tintindex":0},"up":{"uv":[8.75,6.0625,9.0,5.8125],"rotation":0,"texture":"#0","tintindex":0},"down":{"uv":[6.5625,8.75,6.8125,9.0],"rotation":0,"texture":"#0","tintindex":0}}},{"from":[11.698677,6.5714283,13.355991],"to":[11.698677,9.428572,19.641705],"rotation":{"angle":-22.5,"axis":"y","origin":[36.898678,8.0,7.1845627]},"faces":{"east":{"uv":[6.5,3.3125,5.8125,3.625],"rotation":0,"texture":"#0","tintindex":0},"south":{"uv":[5.5,8.1875,5.5,8.5],"rotation":0,"texture":"#0","tintindex":0},"north":{"uv":[4.5625,7.6875,4.5625,8.0],"rotation":0,"texture":"#0","tintindex":0},"west":{"uv":[6.5,2.9375,5.8125,3.25],"rotation":0,"texture":"#0","tintindex":0},"up":{"uv":[7.75,9.8125,7.75,9.125],"rotation":0,"texture":"#0","tintindex":0},"down":{"uv":[4.0,9.1875,4.0,9.875],"rotation":0,"texture":"#0","tintindex":0}}},{"from":[7.268235,6.5714283,3.0702767],"to":[7.268235,9.428572,9.355991],"rotation":{"angle":22.5,"axis":"y","origin":[7.2110925,8.0,7.1845627]},"faces":{"east":{"uv":[6.5625,0.5625,5.875,0.875],"rotation":0,"texture":"#0","tintindex":0},"south":{"uv":[4.0625,9.1875,4.0625,9.5],"rotation":0,"texture":"#0","tintindex":0},"north":{"uv":[8.1875,6.75,8.1875,7.0625],"rotation":0,"texture":"#0","tintindex":0},"west":{"uv":[6.5,3.6875,5.8125,4.0],"rotation":0,"texture":"#0","tintindex":0},"up":{"uv":[4.125,9.875,4.125,9.1875],"rotation":0,"texture":"#0","tintindex":0},"down":{"uv":[1.0,9.25,1.0,9.9375],"rotation":0,"texture":"#0","tintindex":0}}}],"display":{"head":{"translation":[0.0,-6.4,0.0],"scale":[4.0,4.0,4.0]}}}