{"textures":{"0":"modelengine:entity/nocsy_drakonin8"},"elements":[{"from":[6.285714,8.063616,7.399993],"to":[9.714286,12.063617,10.828565],"rotation":{"angle":0.0,"axis":"y","origin":[7.428571,9.805804,9.4561615]},"faces":{"east":{"uv":[1.9375,6.1875,2.3125,6.625],"rotation":0,"texture":"#0","tintindex":0},"south":{"uv":[5.125,6.1875,5.5,6.625],"rotation":0,"texture":"#0","tintindex":0},"north":{"uv":[1.5,6.1875,1.875,6.625],"rotation":0,"texture":"#0","tintindex":0},"west":{"uv":[5.5625,6.1875,5.9375,6.625],"rotation":0,"texture":"#0","tintindex":0},"up":{"uv":[6.9375,2.0625,6.5625,1.6875],"rotation":0,"texture":"#0","tintindex":0},"down":{"uv":[6.9375,2.5625,6.5625,2.9375],"rotation":0,"texture":"#0","tintindex":0}}},{"from":[6.2914286,11.568721,6.9874563],"to":[9.708571,13.843007,10.404599],"rotation":{"angle":-22.5,"axis":"x","origin":[8.0,12.864656,9.361072]},"faces":{"east":{"uv":[7.75,6.25,8.125,6.5],"rotation":0,"texture":"#0","tintindex":0},"south":{"uv":[7.75,6.5625,8.125,6.8125],"rotation":0,"texture":"#0","tintindex":0},"north":{"uv":[3.5,7.75,3.875,8.0],"rotation":0,"texture":"#0","tintindex":0},"west":{"uv":[7.75,6.875,8.125,7.125],"rotation":0,"texture":"#0","tintindex":0},"up":{"uv":[6.9375,3.375,6.5625,3.0],"rotation":0,"texture":"#0","tintindex":0},"down":{"uv":[6.9375,3.4375,6.5625,3.8125],"rotation":0,"texture":"#0","tintindex":0}}}],"display":{"head":{"translation":[0.0,-6.4,0.0],"scale":[4.0,4.0,4.0]}}}