{"textures":{"0":"modelengine:entity/nocsy_drakonin8"},"elements":[{"from":[6.5714283,5.7632623,7.1870265],"to":[9.428572,9.1918335,11.187027],"rotation":{"angle":22.5,"axis":"x","origin":[7.714286,6.7367954,10.716557]},"faces":{"east":{"uv":[6.0,6.1875,6.4375,6.5625],"rotation":0,"texture":"#0","tintindex":0},"south":{"uv":[7.125,7.25,7.4375,7.625],"rotation":0,"texture":"#0","tintindex":0},"north":{"uv":[6.75,7.1875,7.0625,7.5625],"rotation":0,"texture":"#0","tintindex":0},"west":{"uv":[3.5,6.375,3.9375,6.75],"rotation":0,"texture":"#0","tintindex":0},"up":{"uv":[3.3125,7.0625,3.0,6.625],"rotation":0,"texture":"#0","tintindex":0},"down":{"uv":[6.3125,6.625,6.0,7.0625],"rotation":0,"texture":"#0","tintindex":0}}},{"from":[9.485714,8.220406,8.329884],"to":[11.771429,8.220406,12.901312],"rotation":{"angle":22.5,"axis":"y","origin":[10.571428,8.620405,10.615598]},"faces":{"east":{"uv":[9.375,2.6875,9.875,2.6875],"rotation":0,"texture":"#0","tintindex":0},"south":{"uv":[9.375,3.4375,9.625,3.4375],"rotation":0,"texture":"#0","tintindex":0},"north":{"uv":[9.375,2.625,9.625,2.625],"rotation":0,"texture":"#0","tintindex":0},"west":{"uv":[9.375,5.125,9.875,5.125],"rotation":0,"texture":"#0","tintindex":0},"up":{"uv":[6.25,7.625,6.0,7.125],"rotation":0,"texture":"#0","tintindex":0},"down":{"uv":[7.375,6.6875,7.125,7.1875],"rotation":0,"texture":"#0","tintindex":0}}},{"from":[4.2285714,8.220406,8.329884],"to":[6.5142856,8.220406,12.901312],"rotation":{"angle":-22.5,"axis":"y","origin":[5.428571,8.620405,10.615598]},"faces":{"east":{"uv":[9.375,5.25,9.875,5.25],"rotation":0,"texture":"#0","tintindex":0},"south":{"uv":[9.375,5.3125,9.625,5.3125],"rotation":0,"texture":"#0","tintindex":0},"north":{"uv":[9.375,5.1875,9.625,5.1875],"rotation":0,"texture":"#0","tintindex":0},"west":{"uv":[9.375,5.375,9.875,5.375],"rotation":0,"texture":"#0","tintindex":0},"up":{"uv":[2.0,7.6875,1.75,7.1875],"rotation":0,"texture":"#0","tintindex":0},"down":{"uv":[2.3125,7.1875,2.0625,7.6875],"rotation":0,"texture":"#0","tintindex":0}}}],"display":{"head":{"translation":[0.0,-6.4,0.0],"scale":[4.0,4.0,4.0]}}}