{"textures":{"0":"modelengine:entity/nocsy_drakonin8"},"elements":[{"from":[6.0,4.4428897,5.63138],"to":[10.0,8.44289,9.63138],"rotation":{"angle":22.5,"axis":"x","origin":[7.142857,5.932515,12.033907]},"faces":{"east":{"uv":[2.5,6.125,2.9375,6.5625],"rotation":0,"texture":"#0","tintindex":0},"south":{"uv":[3.0,6.125,3.4375,6.5625],"rotation":0,"texture":"#0","tintindex":0},"north":{"uv":[6.0625,4.3125,6.5,4.75],"rotation":0,"texture":"#0","tintindex":0},"west":{"uv":[4.125,6.125,4.5625,6.5625],"rotation":0,"texture":"#0","tintindex":0},"up":{"uv":[5.0625,6.5625,4.625,6.125],"rotation":0,"texture":"#0","tintindex":0},"down":{"uv":[1.4375,6.1875,1.0,6.625],"rotation":0,"texture":"#0","tintindex":0}}}],"display":{"head":{"translation":[0.0,-6.4,0.0],"scale":[4.0,4.0,4.0]}}}