{"credit":"Made with Blockbench","texture_size":[64,64],"textures":{"0":"hmccosmetics:item/future_wings","particle":"hmccosmetics:item/future_wings"},"elements":[{"from":[7.75,-14.75,5],"to":[10.75,-11.75,6],"rotation":{"angle":45,"axis":"z","origin":[0,-6,0]},"faces":{"north":{"uv":[8.75,5.5,9.5,6.25],"texture":"#0"},"east":{"uv":[8.25,8.5,8.5,9.25],"texture":"#0"},"south":{"uv":[8.75,6.25,9.5,7],"texture":"#0"},"west":{"uv":[0,9,0.25,9.75],"texture":"#0"},"up":{"uv":[1,9.25,0.25,9],"texture":"#0"},"down":{"uv":[1.75,9,1,9.25],"texture":"#0"}}},{"from":[4,-11,5],"to":[7,-8,6],"rotation":{"angle":45,"axis":"z","origin":[0,-6,0]},"faces":{"north":{"uv":[8.75,7,9.5,7.75],"texture":"#0"},"east":{"uv":[1.75,9,2,9.75],"texture":"#0"},"south":{"uv":[8.75,7.75,9.5,8.5],"texture":"#0"},"west":{"uv":[2,9,2.25,9.75],"texture":"#0"},"up":{"uv":[3,9.25,2.25,9],"texture":"#0"},"down":{"uv":[3.75,9,3,9.25],"texture":"#0"}}},{"from":[5,-6,4],"to":[13,-3,5],"rotation":{"angle":0,"axis":"y","origin":[0,-6,0]},"faces":{"north":{"uv":[0,8.25,2,9],"texture":"#0"},"east":{"uv":[3.75,9,4,9.75],"texture":"#0"},"south":{"uv":[2,8.25,4,9],"texture":"#0"},"west":{"uv":[4.5,9,4.75,9.75],"texture":"#0"},"up":{"uv":[10.75,8.75,8.75,8.5],"texture":"#0"},"down":{"uv":[10.75,8.75,8.75,9],"texture":"#0"}}},{"from":[-9.75,-1.5,6],"to":[4.25,0.5,7],"rotation":{"angle":-45,"axis":"z","origin":[0,-6,0]},"faces":{"north":{"uv":[8,4,11.5,4.5],"texture":"#0"},"east":{"uv":[4.75,9,5,9.5],"texture":"#0"},"south":{"uv":[8,4.5,11.5,5],"texture":"#0"},"west":{"uv":[5,9,5.25,9.5],"texture":"#0"},"up":{"uv":[12,5.25,8.5,5],"texture":"#0"},"down":{"uv":[12,5.25,8.5,5.5],"texture":"#0"}}},{"from":[6.25,1.75,6],"to":[8.25,15.75,7],"rotation":{"angle":-45,"axis":"z","origin":[0,-6,0]},"faces":{"north":{"uv":[4,7,4.5,10.5],"texture":"#0"},"east":{"uv":[8.5,5.5,8.75,9],"texture":"#0"},"south":{"uv":[8,5,8.5,8.5],"texture":"#0"},"west":{"uv":[8,8.5,8.25,12],"texture":"#0"},"up":{"uv":[5.75,9.25,5.25,9],"texture":"#0"},"down":{"uv":[6.25,9,5.75,9.25],"texture":"#0"}}},{"from":[-14.75,-1.5,6.5],"to":[-6.75,3,6.5],"rotation":{"angle":-45,"axis":"z","origin":[0,-6,0]},"faces":{"north":{"uv":[0,7,2,8.25],"texture":"#0"},"east":{"uv":[0,0,0,1.25],"texture":"#0"},"south":{"uv":[2,7,4,8.25],"texture":"#0"},"west":{"uv":[0,0,0,1.25],"texture":"#0"},"up":{"uv":[2,0,0,0],"texture":"#0"},"down":{"uv":[2,0,0,0],"texture":"#0"}}},{"from":[3.75,12.75,6.5],"to":[8.25,20.75,6.5],"rotation":{"angle":-45,"axis":"z","origin":[0,-6,0]},"faces":{"north":{"uv":[8,0,9.25,2],"texture":"#0"},"east":{"uv":[0,0,0,2],"texture":"#0"},"south":{"uv":[8,2,9.25,4],"texture":"#0"},"west":{"uv":[0,0,0,2],"texture":"#0"},"up":{"uv":[1.25,0,0,0],"texture":"#0"},"down":{"uv":[1.25,0,0,0],"texture":"#0"}}},{"from":[-12,-15.5,6.5],"to":[6,-1.5,6.5],"rotation":{"angle":-45,"axis":"z","origin":[0,-6,0]},"faces":{"north":{"uv":[0,0,4.5,3.5],"texture":"#0"},"east":{"uv":[0,0,0,3.5],"texture":"#0"},"south":{"uv":[0,3.5,4.5,7],"texture":"#0"},"west":{"uv":[0,0,0,3.5],"texture":"#0"},"up":{"uv":[4.5,0,0,0],"texture":"#0"},"down":{"uv":[4.5,0,0,0],"texture":"#0"}}},{"from":[8.25,0,6.5],"to":[22.25,18,6.5],"rotation":{"angle":-45,"axis":"z","origin":[0,-6,0]},"faces":{"north":{"uv":[4.5,0,8,4.5],"texture":"#0"},"east":{"uv":[0,0,0,4.5],"texture":"#0"},"south":{"uv":[4.5,4.5,8,9],"texture":"#0"},"west":{"uv":[0,0,0,4.5],"texture":"#0"},"up":{"uv":[3.5,0,0,0],"texture":"#0"},"down":{"uv":[3.5,0,0,0],"texture":"#0"}}}],"display":{"thirdperson_righthand":{"rotation":[0,-180,0],"translation":[0,0.5,-2],"scale":[0.5,0.5,0.53]},"thirdperson_lefthand":{"rotation":[0,-180,0],"translation":[0,0.5,-2],"scale":[0.5,0.5,0.5]},"firstperson_righthand":{"translation":[0,1,0],"scale":[0.4,0.4,0.4]},"firstperson_lefthand":{"translation":[0,1,0],"scale":[0.4,0.4,0.4]},"ground":{"translation":[0,3,0.5],"scale":[0.4,0.4,0.4]},"gui":{"translation":[0,1,0],"scale":[0.4,0.4,0.4]},"head":{"translation":[-1.25,-76,9.5],"scale":[1.6,1.6,1.6]}}}