{"credit":"Made with Blockbench","textures":{"0":"items:key/easter_key","particle":"items:key/easter_key"},"elements":[{"from":[7.5,4,7.5],"to":[8.5,8,8.5],"rotation":{"angle":0,"axis":"y","origin":[7.45,0,6]},"faces":{"north":{"uv":[8,8,9,12],"texture":"#0"},"east":{"uv":[7,8,8,12],"texture":"#0"},"south":{"uv":[10,8,11,12],"texture":"#0"},"west":{"uv":[9,8,10,12],"texture":"#0"},"up":{"uv":[9,8,8,7],"texture":"#0"},"down":{"uv":[10,7,9,8],"texture":"#0"}}},{"from":[8,5,6.5],"to":[8,8,7.5],"rotation":{"angle":0,"axis":"y","origin":[7.45,0,6]},"faces":{"north":{"uv":[7,1,7,4],"texture":"#0"},"east":{"uv":[6,1,7,4],"texture":"#0"},"south":{"uv":[8,1,8,4],"texture":"#0"},"west":{"uv":[7,1,8,4],"texture":"#0"},"up":{"uv":[7,1,7,0],"texture":"#0"},"down":{"uv":[7,0,7,1],"texture":"#0"}}},{"from":[8,8,7.5],"to":[8,9,8.5],"rotation":{"angle":0,"axis":"y","origin":[7.45,0,6]},"faces":{"north":{"uv":[1,1,1,2],"texture":"#0"},"east":{"uv":[0,1,1,2],"texture":"#0"},"south":{"uv":[2,1,2,2],"texture":"#0"},"west":{"uv":[1,1,2,2],"texture":"#0"},"up":{"uv":[1,1,1,0],"texture":"#0"},"down":{"uv":[1,0,1,1],"texture":"#0"}}},{"from":[7.5,2,6.97855],"to":[8.5,4,8.97855],"rotation":{"angle":0,"axis":"y","origin":[-0.5,3.5,8.97855]},"faces":{"north":{"uv":[2,2,3,4],"texture":"#0"},"east":{"uv":[0,2,2,4],"texture":"#0"},"south":{"uv":[5,2,6,4],"texture":"#0"},"west":{"uv":[3,2,5,4],"texture":"#0"},"up":{"uv":[3,2,2,0],"texture":"#0"},"down":{"uv":[4,0,3,2],"texture":"#0"}}},{"from":[8,1,5.97855],"to":[8,5,9.97855],"rotation":{"angle":0,"axis":"y","origin":[-0.5,3.5,8.97855]},"faces":{"north":{"uv":[4,4,4,8],"texture":"#0"},"east":{"uv":[0,4,4,8],"texture":"#0"},"south":{"uv":[8,4,8,8],"texture":"#0"},"west":{"uv":[4,4,8,8],"texture":"#0"},"up":{"uv":[4,4,4,0],"texture":"#0"},"down":{"uv":[4,0,4,4],"texture":"#0"}}}],"gui_light":"front","display":{"thirdperson_righthand":{"rotation":[-75,0,0],"translation":[0,1.5,-5.75]},"thirdperson_lefthand":{"rotation":[-75,0,0],"translation":[0,1.5,-5.75]},"firstperson_righthand":{"rotation":[-36,18,2],"translation":[0,7.75,0]},"firstperson_lefthand":{"rotation":[-36,18,2],"translation":[0,7.75,0]},"ground":{"translation":[0,2,0],"scale":[0.5,0.5,0.5]},"gui":{"rotation":[-57,-41,-71],"translation":[4,3.5,0],"scale":[1.4,1.4,1.4]},"fixed":{"rotation":[0,90,0],"translation":[0,5.25,0],"scale":[1.5,1.5,1.5]}}}