{"credit":"Made with Blockbench","textures":{"0":"decoration:item/quest_board","1":"decoration:item/quest_board_paper","particle":"decoration:item/quest_board"},"elements":[{"from":[-8.5,3,6.5],"to":[-5.5,30,9.5],"faces":{"north":{"uv":[6.5,0,7.25,6.75],"texture":"#0"},"east":{"uv":[6.5,6.75,7.25,13.5],"texture":"#0"},"south":{"uv":[7.25,0,8,6.75],"texture":"#0"},"west":{"uv":[7.25,6.75,8,13.5],"texture":"#0"},"up":{"uv":[1.75,10,1,9.25],"texture":"#0"},"down":{"uv":[2.5,9.25,1.75,10],"texture":"#0"}}},{"from":[21.5,3,6.5],"to":[24.5,30,9.5],"rotation":{"angle":0,"axis":"y","origin":[16,0,0]},"faces":{"north":{"uv":[7.25,0,6.5,6.75],"texture":"#0"},"east":{"uv":[8,6.75,7.25,13.5],"texture":"#0"},"south":{"uv":[8,0,7.25,6.75],"texture":"#0"},"west":{"uv":[7.25,6.75,6.5,13.5],"texture":"#0"},"up":{"uv":[1,10,1.75,9.25],"texture":"#0"},"down":{"uv":[1.75,9.25,2.5,10],"texture":"#0"}}},{"from":[-9,0,6],"to":[-5,3,10],"faces":{"north":{"uv":[9,5.5,10,6.25],"texture":"#0"},"east":{"uv":[9,5.5,10,6.25],"texture":"#0"},"south":{"uv":[9,5.5,10,6.25],"texture":"#0"},"west":{"uv":[9,5.5,10,6.25],"texture":"#0"},"up":{"uv":[1,9.25,0,8.25],"texture":"#0"},"down":{"uv":[1,8.25,0,9.25],"texture":"#0"}}},{"from":[21,0,6],"to":[25,3,10],"rotation":{"angle":0,"axis":"y","origin":[16,0,0]},"faces":{"north":{"uv":[10,5.5,9,6.25],"texture":"#0"},"east":{"uv":[10,5.5,9,6.25],"texture":"#0"},"south":{"uv":[10,5.5,9,6.25],"texture":"#0"},"west":{"uv":[10,5.5,9,6.25],"texture":"#0"},"up":{"uv":[0,9.25,1,8.25],"texture":"#0"},"down":{"uv":[0,8.25,1,9.25],"texture":"#0"}}},{"from":[-9,30,6],"to":[-5,32,10],"faces":{"north":{"uv":[1,8.25,2,8.75],"texture":"#0"},"east":{"uv":[1,8.25,2,8.75],"texture":"#0"},"south":{"uv":[1,8.25,2,8.75],"texture":"#0"},"west":{"uv":[1,8.25,2,8.75],"texture":"#0"},"up":{"uv":[1,9.25,0,8.25],"texture":"#0"},"down":{"uv":[1,8.25,0,9.25],"texture":"#0"}}},{"from":[21,30,6],"to":[25,32,10],"rotation":{"angle":0,"axis":"y","origin":[16,0,0]},"faces":{"north":{"uv":[2,8.25,1,8.75],"texture":"#0"},"east":{"uv":[2,8.25,1,8.75],"texture":"#0"},"south":{"uv":[2,8.25,1,8.75],"texture":"#0"},"west":{"uv":[2,8.25,1,8.75],"texture":"#0"},"up":{"uv":[0,9.25,1,8.25],"texture":"#0"},"down":{"uv":[0,8.25,1,9.25],"texture":"#0"}}},{"from":[-9,25,6],"to":[-5,28,10],"faces":{"north":{"uv":[9,4.75,10,5.5],"texture":"#0"},"east":{"uv":[9,6.25,10,7],"texture":"#0"},"south":{"uv":[9,4.75,10,5.5],"texture":"#0"},"west":{"uv":[9,6.25,10,7],"texture":"#0"},"up":{"uv":[1,9.25,0,8.25],"texture":"#0"},"down":{"uv":[1,8.25,0,9.25],"texture":"#0"}}},{"name":"skull","from":[-1,31,5.75],"to":[4,31,10.75],"rotation":{"angle":-22.5,"axis":"y","origin":[1.5,28.5,8.25]},"faces":{"north":{"uv":[0,3.75,1.25,5],"texture":"#0"},"east":{"uv":[1.25,5,0,6.25],"texture":"#0"},"south":{"uv":[2.5,3.75,3.75,5],"texture":"#0"},"west":{"uv":[0,5,1.25,6.25],"texture":"#0"},"up":{"uv":[2.5,5,1.25,3.75],"texture":"#0"},"down":{"uv":[2.5,3.75,1.25,5],"texture":"#0"}}},{"name":"skull","from":[-1,26,5.75],"to":[-1,31,10.75],"rotation":{"angle":-22.5,"axis":"y","origin":[1.5,28.5,8.25]},"faces":{"north":{"uv":[0,3.75,1.25,5],"texture":"#0"},"east":{"uv":[1.25,5,0,6.25],"texture":"#0"},"south":{"uv":[2.5,3.75,3.75,5],"texture":"#0"},"west":{"uv":[0,5,1.25,6.25],"texture":"#0"},"up":{"uv":[2.5,5,1.25,3.75],"texture":"#0"},"down":{"uv":[1.25,6.25,0,7.5],"texture":"#0"}}},{"name":"skull","from":[4,26,5.75],"to":[4,31,10.75],"rotation":{"angle":-22.5,"axis":"y","origin":[1.5,28.5,8.25]},"faces":{"north":{"uv":[0,3.75,1.25,5],"texture":"#0"},"east":{"uv":[1.25,5,0,6.25],"texture":"#0"},"south":{"uv":[2.5,3.75,3.75,5],"texture":"#0"},"west":{"uv":[0,5,1.25,6.25],"texture":"#0"},"up":{"uv":[2.5,5,1.25,3.75],"texture":"#0"},"down":{"uv":[1.25,6.25,0,7.5],"texture":"#0"}}},{"name":"skull","from":[-1,26,10.75],"to":[4,31,10.75],"rotation":{"angle":-22.5,"axis":"y","origin":[1.5,28.5,8.25]},"faces":{"north":{"uv":[2.5,3.75,3.75,5],"texture":"#0"},"east":{"uv":[1.25,5,0,6.25],"texture":"#0"},"south":{"uv":[2.5,3.75,3.75,5],"texture":"#0"},"west":{"uv":[0,5,1.25,6.25],"texture":"#0"},"up":{"uv":[2.5,5,1.25,3.75],"texture":"#0"},"down":{"uv":[1.25,6.25,0,7.5],"texture":"#0"}}},{"name":"skull","from":[-1,26,5.75],"to":[4,31,5.75],"rotation":{"angle":-22.5,"axis":"y","origin":[1.5,28.5,8.25]},"faces":{"north":{"uv":[0,3.75,1.25,5],"texture":"#0"},"east":{"uv":[1.25,5,0,6.25],"texture":"#0"},"south":{"uv":[0,3.75,1.25,5],"texture":"#0"},"west":{"uv":[0,5,1.25,6.25],"texture":"#0"},"up":{"uv":[2.5,5,1.25,3.75],"texture":"#0"},"down":{"uv":[1.25,6.25,0,7.5],"texture":"#0"}}},{"name":"inner_skull","from":[-0.8,26.2,5.95],"to":[3.8,30.8,10.55],"rotation":{"angle":-22.5,"axis":"y","origin":[1.5,28.5,8.25]},"faces":{"north":{"uv":[1.25,5,2.5,6.25],"texture":"#0"},"east":{"uv":[3.75,5,2.5,6.25],"texture":"#0"},"south":{"uv":[3.75,3.75,5,5],"texture":"#0"},"west":{"uv":[2.5,5,3.75,6.25],"texture":"#0"},"up":{"uv":[5,6.25,3.75,5],"texture":"#0"},"down":{"uv":[1.25,6.25,0,7.5],"texture":"#0"}}},{"from":[21,25,6],"to":[25,28,10],"rotation":{"angle":0,"axis":"y","origin":[16,0,0]},"faces":{"north":{"uv":[10,4.75,9,5.5],"texture":"#0"},"east":{"uv":[10,6.25,9,7],"texture":"#0"},"south":{"uv":[10,4.75,9,5.5],"texture":"#0"},"west":{"uv":[10,6.25,9,7],"texture":"#0"},"up":{"uv":[0,9.25,1,8.25],"texture":"#0"},"down":{"uv":[0,8.25,1,9.25],"texture":"#0"}}},{"from":[-9,8,6],"to":[-5,11,10],"faces":{"north":{"uv":[9,4.75,10,5.5],"texture":"#0"},"east":{"uv":[9,6.25,10,7],"texture":"#0"},"south":{"uv":[9,4.75,10,5.5],"texture":"#0"},"west":{"uv":[9,6.25,10,7],"texture":"#0"},"up":{"uv":[1,9.25,0,8.25],"texture":"#0"},"down":{"uv":[1,8.25,0,9.25],"texture":"#0"}}},{"from":[21,8,6],"to":[25,11,10],"rotation":{"angle":0,"axis":"y","origin":[16,0,0]},"faces":{"north":{"uv":[10,4.75,9,5.5],"texture":"#0"},"east":{"uv":[10,6.25,9,7],"texture":"#0"},"south":{"uv":[10,4.75,9,5.5],"texture":"#0"},"west":{"uv":[10,6.25,9,7],"texture":"#0"},"up":{"uv":[0,9.25,1,8.25],"texture":"#0"},"down":{"uv":[0,8.25,1,9.25],"texture":"#0"}}},{"from":[-5,25.5,6.5],"to":[21,27.5,9.5],"faces":{"north":{"uv":[8,2.25,14.5,2.75],"texture":"#0"},"east":{"uv":[4.5,9.75,5.25,10.25],"texture":"#0"},"south":{"uv":[8,2.75,14.5,3.25],"texture":"#0"},"west":{"uv":[5.25,9.75,6,10.25],"texture":"#0"},"up":{"uv":[6.5,8.25,0,7.5],"texture":"#0"},"down":{"uv":[14.5,0,8,0.75],"texture":"#0"}}},{"from":[-5,8.5,6.5],"to":[21,10.5,9.5],"faces":{"north":{"uv":[8,3.25,14.5,3.75],"texture":"#0"},"east":{"uv":[9,9.75,9.75,10.25],"texture":"#0"},"south":{"uv":[8,3.75,14.5,4.25],"texture":"#0"},"west":{"uv":[9.75,9.75,10.5,10.25],"texture":"#0"},"up":{"uv":[14.5,1.5,8,0.75],"texture":"#0"},"down":{"uv":[14.5,1.5,8,2.25],"texture":"#0"}}},{"from":[-5,10.5,7.5],"to":[21,25.5,8.5],"faces":{"north":{"uv":[0,0,6.5,3.75],"texture":"#0"},"east":{"uv":[4,8.25,4.25,12],"texture":"#0"},"south":{"uv":[8,10,14.5,13.75],"texture":"#0"},"west":{"uv":[4.25,8.25,4.5,12],"texture":"#0"},"up":{"uv":[14.5,4.5,8,4.25],"texture":"#0"},"down":{"uv":[14.5,4.5,8,4.75],"texture":"#0"}}},{"from":[-1,14,7.25],"to":[3,19,7.25],"rotation":{"angle":0,"axis":"y","origin":[1,14,7.25]},"faces":{"north":{"uv":[0,8,4,13],"texture":"#1"},"east":{"uv":[0,0,0,5],"texture":"#1"},"south":{"uv":[8,0,12,5],"texture":"#1"},"west":{"uv":[0,0,0,5],"texture":"#1"},"up":{"uv":[4,0,0,0],"texture":"#1"},"down":{"uv":[4,0,0,0],"texture":"#1"}}},{"from":[10,18,7.25],"to":[12,22,7.25],"rotation":{"angle":0,"axis":"y","origin":[11,18,7.25]},"faces":{"north":{"uv":[4,8,6,12],"texture":"#1"},"east":{"uv":[0,0,0,4],"texture":"#1"},"south":{"uv":[8,5,10,9],"texture":"#1"},"west":{"uv":[0,0,0,4],"texture":"#1"},"up":{"uv":[2,0,0,0],"texture":"#1"},"down":{"uv":[2,0,0,0],"texture":"#1"}}},{"from":[5,12,7.25],"to":[7,15,7.25],"rotation":{"angle":0,"axis":"y","origin":[6,12,7.25]},"faces":{"north":{"uv":[6,8,8,11],"texture":"#1"},"east":{"uv":[0,0,0,3],"texture":"#1"},"south":{"uv":[8,9,10,12],"texture":"#1"},"west":{"uv":[0,0,0,3],"texture":"#1"},"up":{"uv":[2,0,0,0],"texture":"#1"},"down":{"uv":[2,0,0,0],"texture":"#1"}}},{"from":[7.5,13,7.25],"to":[9.5,16,7.25],"rotation":{"angle":0,"axis":"y","origin":[8.5,13,7.25]},"faces":{"north":{"uv":[10,5,12,8],"texture":"#1"},"east":{"uv":[0,0,0,3],"texture":"#1"},"south":{"uv":[10,8,12,11],"texture":"#1"},"west":{"uv":[0,0,0,3],"texture":"#1"},"up":{"uv":[2,0,0,0],"texture":"#1"},"down":{"uv":[2,0,0,0],"texture":"#1"}}},{"from":[13,15,7.25],"to":[17,23,7.25],"rotation":{"angle":0,"axis":"y","origin":[15,18,7.25]},"faces":{"north":{"uv":[0,0,4,8],"texture":"#1"},"east":{"uv":[0,0,0,8],"texture":"#1"},"south":{"uv":[4,0,8,8],"texture":"#1"},"west":{"uv":[0,0,0,8],"texture":"#1"},"up":{"uv":[4,0,0,0],"texture":"#1"},"down":{"uv":[4,0,0,0],"texture":"#1"}}},{"name":"knife","from":[15,21.6,3.1],"to":[15,23.6,8.1],"rotation":{"angle":22.5,"axis":"x","origin":[15,22.85,3.35]},"faces":{"north":{"uv":[4,0,4,2],"texture":"#1"},"east":{"uv":[9,0,4,2],"texture":"#1"},"south":{"uv":[4,0,4,2],"texture":"#1"},"west":{"uv":[4,0,9,2],"texture":"#1"},"up":{"uv":[0,0,0,5],"texture":"#1"},"down":{"uv":[0,0,0,5],"texture":"#1"}}},{"name":"knife","from":[14.75,22.6,-0.9],"to":[15.25,23.6,3.1],"rotation":{"angle":22.5,"axis":"x","origin":[15,22.85,3.35]},"faces":{"north":{"uv":[4,2,4.5,3],"texture":"#1"},"east":{"uv":[8,2,4,3],"texture":"#1"},"south":{"uv":[4,2,4.5,3],"texture":"#1"},"west":{"uv":[4,2,8,3],"texture":"#1"},"up":{"uv":[4,4,4.5,8],"texture":"#1"},"down":{"uv":[4,4,4.5,8],"texture":"#1"}}},{"from":[-1,13,7.25],"to":[3,14,7.25],"rotation":{"angle":22.5,"axis":"x","origin":[1,14,7.25]},"faces":{"north":{"uv":[10,11,14,12],"texture":"#1"},"east":{"uv":[0,0,0,1],"texture":"#1"},"south":{"uv":[12,0,16,1],"texture":"#1"},"west":{"uv":[0,0,0,1],"texture":"#1"},"up":{"uv":[4,0,0,0],"texture":"#1"},"down":{"uv":[4,0,0,0],"texture":"#1"}}},{"from":[13,14,7.25],"to":[17,15,7.25],"rotation":{"angle":22.5,"axis":"x","origin":[15,15,7.25]},"faces":{"north":{"uv":[12,1,16,2],"texture":"#1"},"east":{"uv":[0,0,0,1],"texture":"#1"},"south":{"uv":[12,2,16,3],"texture":"#1"},"west":{"uv":[0,0,0,1],"texture":"#1"},"up":{"uv":[4,0,0,0],"texture":"#1"},"down":{"uv":[4,0,0,0],"texture":"#1"}}}],"display":{"thirdperson_righthand":{"rotation":[47,-72,0],"translation":[-0.5,1.25,-4],"scale":[0.3,0.3,0.3]},"thirdperson_lefthand":{"rotation":[47,-72,0],"translation":[-0.5,1.25,-4],"scale":[0.3,0.3,0.3]},"firstperson_righthand":{"rotation":[47,110,0],"translation":[-0.5,1.25,-4],"scale":[0.3,0.3,0.3]},"firstperson_lefthand":{"rotation":[47,110,0],"translation":[-0.5,1.25,-4],"scale":[0.3,0.3,0.3]},"ground":{"translation":[0,3.5,0],"scale":[0.8,0.8,0.8]},"gui":{"rotation":[30,149,0],"translation":[0,-3.25,0],"scale":[0.5,0.5,0.5]},"head":{"translation":[0,-27.5,0],"scale":[2,2,2]},"fixed":{"translation":[0,-8,-1.5]}}}