{"textures":{"0":"modelengine:entity/nocsy_drakonin_baby3"},"elements":[{"from":[6.5714283,7.640972,6.392003],"to":[9.428572,10.498116,9.249146],"rotation":{"angle":0.0,"axis":"y","origin":[8.302857,8.898342,7.846291]},"faces":{"east":{"uv":[6.25,0.75,6.875,1.375],"rotation":0,"texture":"#0","tintindex":0},"south":{"uv":[6.25,1.5,6.875,2.125],"rotation":0,"texture":"#0","tintindex":0},"north":{"uv":[6.25,0.0,6.875,0.625],"rotation":0,"texture":"#0","tintindex":0},"west":{"uv":[6.25,2.25,6.875,2.875],"rotation":0,"texture":"#0","tintindex":0},"up":{"uv":[6.875,3.625,6.25,3.0],"rotation":0,"texture":"#0","tintindex":0},"down":{"uv":[6.875,3.75,6.25,4.375],"rotation":0,"texture":"#0","tintindex":0}}},{"from":[8.0,10.155258,4.792003],"to":[8.0,13.012401,8.220574],"rotation":{"angle":0.0,"axis":"y","origin":[8.0,11.526687,7.249146]},"faces":{"east":{"uv":[12.0,4.25,11.25,4.875],"rotation":0,"texture":"#0","tintindex":0},"south":{"uv":[6.25,1.5,6.875,2.125],"rotation":0,"texture":"#0","tintindex":0},"north":{"uv":[6.25,0.0,6.875,0.625],"rotation":0,"texture":"#0","tintindex":0},"west":{"uv":[11.25,4.25,12.0,4.875],"rotation":0,"texture":"#0","tintindex":0},"up":{"uv":[11.75,3.875,11.125,3.25],"rotation":0,"texture":"#0","tintindex":0},"down":{"uv":[6.875,3.75,6.25,4.375],"rotation":0,"texture":"#0","tintindex":0}}},{"from":[7.142857,10.269544,5.8205748],"to":[7.142857,13.126687,9.249146],"rotation":{"angle":-22.5,"axis":"y","origin":[6.857143,11.58383,7.363432]},"faces":{"east":{"uv":[11.875,5.25,11.125,5.875],"rotation":0,"texture":"#0","tintindex":0},"south":{"uv":[6.25,1.5,6.875,2.125],"rotation":0,"texture":"#0","tintindex":0},"north":{"uv":[6.25,0.0,6.875,0.625],"rotation":0,"texture":"#0","tintindex":0},"west":{"uv":[11.125,5.25,11.875,5.875],"rotation":0,"texture":"#0","tintindex":0},"up":{"uv":[11.75,3.875,11.125,3.25],"rotation":0,"texture":"#0","tintindex":0},"down":{"uv":[6.875,3.75,6.25,4.375],"rotation":0,"texture":"#0","tintindex":0}}},{"from":[8.857143,10.269544,5.8205748],"to":[8.857143,13.126687,9.249146],"rotation":{"angle":22.5,"axis":"y","origin":[9.142858,11.58383,7.363432]},"faces":{"east":{"uv":[11.875,5.25,11.125,5.875],"rotation":0,"texture":"#0","tintindex":0},"south":{"uv":[6.875,1.5,6.25,2.125],"rotation":0,"texture":"#0","tintindex":0},"north":{"uv":[6.875,0.0,6.25,0.625],"rotation":0,"texture":"#0","tintindex":0},"west":{"uv":[11.125,5.25,11.875,5.875],"rotation":0,"texture":"#0","tintindex":0},"up":{"uv":[11.125,3.875,11.75,3.25],"rotation":0,"texture":"#0","tintindex":0},"down":{"uv":[6.25,3.75,6.875,4.375],"rotation":0,"texture":"#0","tintindex":0}}},{"from":[5.9159946,4.9173107,6.392003],"to":[5.9159946,7.203025,9.249146],"rotation":{"angle":-22.5,"axis":"z","origin":[7.344566,5.774453,7.8205748]},"faces":{"east":{"uv":[12.125,2.375,11.5,3.0],"rotation":0,"texture":"#0","tintindex":0},"south":{"uv":[6.25,1.5,6.875,2.125],"rotation":0,"texture":"#0","tintindex":0},"north":{"uv":[6.25,0.0,6.875,0.625],"rotation":0,"texture":"#0","tintindex":0},"west":{"uv":[11.5,2.375,12.125,3.0],"rotation":0,"texture":"#0","tintindex":0},"up":{"uv":[6.875,3.625,6.25,3.0],"rotation":0,"texture":"#0","tintindex":0},"down":{"uv":[6.875,3.75,6.25,4.375],"rotation":0,"texture":"#0","tintindex":0}}},{"from":[10.084005,4.9173107,6.392003],"to":[10.084005,7.203025,9.249146],"rotation":{"angle":22.5,"axis":"z","origin":[8.655434,5.774453,7.8205748]},"faces":{"east":{"uv":[12.125,2.375,11.5,3.0],"rotation":0,"texture":"#0","tintindex":0},"south":{"uv":[6.875,1.5,6.25,2.125],"rotation":0,"texture":"#0","tintindex":0},"north":{"uv":[6.875,0.0,6.25,0.625],"rotation":0,"texture":"#0","tintindex":0},"west":{"uv":[11.5,2.375,12.125,3.0],"rotation":0,"texture":"#0","tintindex":0},"up":{"uv":[6.25,3.625,6.875,3.0],"rotation":0,"texture":"#0","tintindex":0},"down":{"uv":[6.25,3.75,6.875,4.375],"rotation":0,"texture":"#0","tintindex":0}}},{"from":[6.5294285,8.040972,6.261146],"to":[6.5294285,10.098115,6.832575],"rotation":{"angle":0.0,"axis":"y","origin":[8.0,9.012628,7.846291]},"faces":{"east":{"uv":[5.0,10.25,4.875,10.75],"rotation":0,"texture":"#0","tintindex":0},"south":{"uv":[0.5,10.625,0.5,11.125],"rotation":0,"texture":"#0","tintindex":0},"north":{"uv":[4.5,10.5,4.5,11.0],"rotation":0,"texture":"#0","tintindex":0},"west":{"uv":[10.375,3.0,10.25,3.5],"rotation":0,"texture":"#0","tintindex":0},"up":{"uv":[9.375,2.875,9.375,2.75],"rotation":0,"texture":"#0","tintindex":0},"down":{"uv":[9.375,3.0,9.375,3.125],"rotation":0,"texture":"#0","tintindex":0}}},{"from":[6.7002854,8.269544,6.2468605],"to":[7.843143,9.412401,6.2468605],"rotation":{"angle":0.0,"axis":"y","origin":[6.0936537,9.012628,7.6702304]},"faces":{"east":{"uv":[5.75,10.0,5.75,10.25],"rotation":0,"texture":"#0","tintindex":0},"south":{"uv":[10.5,6.75,10.25,7.0],"rotation":0,"texture":"#0","tintindex":0},"north":{"uv":[10.5,5.5,10.25,5.75],"rotation":0,"texture":"#0","tintindex":0},"west":{"uv":[8.25,9.375,8.25,9.625],"rotation":0,"texture":"#0","tintindex":0},"up":{"uv":[10.5,5.375,10.75,5.375],"rotation":0,"texture":"#0","tintindex":0},"down":{"uv":[10.625,0.0,10.875,0.0],"rotation":0,"texture":"#0","tintindex":0}}},{"from":[6.528857,8.040972,6.261146],"to":[7.9002857,10.098115,6.261146],"rotation":{"angle":0.0,"axis":"y","origin":[6.4365106,9.012628,7.6702304]},"faces":{"east":{"uv":[1.0,10.625,1.0,11.125],"rotation":0,"texture":"#0","tintindex":0},"south":{"uv":[6.875,7.75,7.25,8.25],"rotation":0,"texture":"#0","tintindex":0},"north":{"uv":[7.25,7.75,6.875,8.25],"rotation":0,"texture":"#0","tintindex":0},"west":{"uv":[0.875,10.625,0.875,11.125],"rotation":0,"texture":"#0","tintindex":0},"up":{"uv":[10.625,2.625,11.0,2.625],"rotation":0,"texture":"#0","tintindex":0},"down":{"uv":[10.625,2.75,11.0,2.75],"rotation":0,"texture":"#0","tintindex":0}}},{"from":[6.528857,9.469543,6.6040034],"to":[8.014571,11.526687,6.6040034],"rotation":{"angle":22.5,"axis":"x","origin":[6.9002857,10.440972,6.518289]},"faces":{"east":{"uv":[1.0,10.625,1.0,11.125],"rotation":0,"texture":"#0","tintindex":0},"south":{"uv":[11.125,8.125,11.5,8.625],"rotation":0,"texture":"#0","tintindex":0},"north":{"uv":[11.5,8.125,11.125,8.625],"rotation":0,"texture":"#0","tintindex":0},"west":{"uv":[0.875,10.625,0.875,11.125],"rotation":0,"texture":"#0","tintindex":0},"up":{"uv":[10.625,2.625,11.0,2.625],"rotation":0,"texture":"#0","tintindex":0},"down":{"uv":[10.625,2.75,11.0,2.75],"rotation":0,"texture":"#0","tintindex":0}}},{"from":[6.528857,9.469543,6.6040034],"to":[6.528857,11.526687,8.089718],"rotation":{"angle":22.5,"axis":"x","origin":[6.9002857,10.440972,6.518289]},"faces":{"east":{"uv":[11.5,8.125,11.125,8.625],"rotation":0,"texture":"#0","tintindex":0},"south":{"uv":[1.0,10.625,1.0,11.125],"rotation":0,"texture":"#0","tintindex":0},"north":{"uv":[0.875,10.625,0.875,11.125],"rotation":0,"texture":"#0","tintindex":0},"west":{"uv":[11.125,8.125,11.5,8.625],"rotation":0,"texture":"#0","tintindex":0},"up":{"uv":[10.625,2.625,11.0,2.625],"rotation":90,"texture":"#0","tintindex":0},"down":{"uv":[10.625,2.75,11.0,2.75],"rotation":270,"texture":"#0","tintindex":0}}},{"from":[7.985429,9.469543,6.6040034],"to":[9.471143,11.526687,6.6040034],"rotation":{"angle":22.5,"axis":"x","origin":[9.099714,10.440972,6.518289]},"faces":{"east":{"uv":[0.875,10.625,0.875,11.125],"rotation":0,"texture":"#0","tintindex":0},"south":{"uv":[11.5,8.125,11.125,8.625],"rotation":0,"texture":"#0","tintindex":0},"north":{"uv":[11.125,8.125,11.5,8.625],"rotation":0,"texture":"#0","tintindex":0},"west":{"uv":[1.0,10.625,1.0,11.125],"rotation":0,"texture":"#0","tintindex":0},"up":{"uv":[11.0,2.625,10.625,2.625],"rotation":0,"texture":"#0","tintindex":0},"down":{"uv":[11.0,2.75,10.625,2.75],"rotation":0,"texture":"#0","tintindex":0}}},{"from":[9.471143,9.469543,6.6040034],"to":[9.471143,11.526687,8.089718],"rotation":{"angle":22.5,"axis":"x","origin":[9.099714,10.440972,6.518289]},"faces":{"east":{"uv":[11.5,8.125,11.125,8.625],"rotation":0,"texture":"#0","tintindex":0},"south":{"uv":[1.0,10.625,1.0,11.125],"rotation":0,"texture":"#0","tintindex":0},"north":{"uv":[0.875,10.625,0.875,11.125],"rotation":0,"texture":"#0","tintindex":0},"west":{"uv":[11.125,8.125,11.5,8.625],"rotation":0,"texture":"#0","tintindex":0},"up":{"uv":[10.625,2.625,11.0,2.625],"rotation":90,"texture":"#0","tintindex":0},"down":{"uv":[10.625,2.75,11.0,2.75],"rotation":270,"texture":"#0","tintindex":0}}},{"from":[8.485429,9.469543,6.6040034],"to":[8.485429,11.526687,8.089718],"rotation":{"angle":22.5,"axis":"x","origin":[8.756857,10.440972,6.518289]},"faces":{"east":{"uv":[11.5,8.125,11.125,8.625],"rotation":0,"texture":"#0","tintindex":0},"south":{"uv":[1.0,10.625,1.0,11.125],"rotation":0,"texture":"#0","tintindex":0},"north":{"uv":[0.875,10.625,0.875,11.125],"rotation":0,"texture":"#0","tintindex":0},"west":{"uv":[11.125,8.125,11.5,8.625],"rotation":0,"texture":"#0","tintindex":0},"up":{"uv":[10.625,2.625,11.0,2.625],"rotation":90,"texture":"#0","tintindex":0},"down":{"uv":[10.625,2.75,11.0,2.75],"rotation":270,"texture":"#0","tintindex":0}}},{"from":[7.514571,9.355258,6.6040034],"to":[7.514571,11.412401,8.089718],"rotation":{"angle":22.5,"axis":"x","origin":[7.2431426,10.440972,6.518289]},"faces":{"east":{"uv":[11.5,8.125,11.125,8.625],"rotation":0,"texture":"#0","tintindex":0},"south":{"uv":[1.0,10.625,1.0,11.125],"rotation":0,"texture":"#0","tintindex":0},"north":{"uv":[0.875,10.625,0.875,11.125],"rotation":0,"texture":"#0","tintindex":0},"west":{"uv":[11.125,8.125,11.5,8.625],"rotation":0,"texture":"#0","tintindex":0},"up":{"uv":[10.625,2.625,11.0,2.625],"rotation":90,"texture":"#0","tintindex":0},"down":{"uv":[10.625,2.75,11.0,2.75],"rotation":270,"texture":"#0","tintindex":0}}},{"from":[6.7574286,9.169543,6.2325745],"to":[6.928857,9.340972,6.2325745],"rotation":{"angle":0.0,"axis":"y","origin":[6.0936537,9.012628,7.6702304]},"faces":{"east":{"uv":[9.5,0.75,9.5,0.875],"rotation":0,"texture":"#0","tintindex":0},"south":{"uv":[3.25,8.875,3.125,9.0],"rotation":0,"texture":"#0","tintindex":0},"north":{"uv":[8.625,4.25,8.5,4.375],"rotation":0,"texture":"#0","tintindex":0},"west":{"uv":[0.375,9.5,0.375,9.625],"rotation":0,"texture":"#0","tintindex":0},"up":{"uv":[7.75,4.375,7.875,4.375],"rotation":0,"texture":"#0","tintindex":0},"down":{"uv":[1.625,8.25,1.75,8.25],"rotation":0,"texture":"#0","tintindex":0}}},{"from":[8.842571,9.169543,6.2325745],"to":[9.014,9.340972,6.2325745],"rotation":{"angle":0.0,"axis":"y","origin":[9.906346,9.012628,7.6702304]},"faces":{"east":{"uv":[0.375,9.5,0.375,9.625],"rotation":0,"texture":"#0","tintindex":0},"south":{"uv":[3.125,8.875,3.25,9.0],"rotation":0,"texture":"#0","tintindex":0},"north":{"uv":[8.5,4.25,8.625,4.375],"rotation":0,"texture":"#0","tintindex":0},"west":{"uv":[9.5,0.75,9.5,0.875],"rotation":0,"texture":"#0","tintindex":0},"up":{"uv":[7.875,4.375,7.75,4.375],"rotation":0,"texture":"#0","tintindex":0},"down":{"uv":[1.75,8.25,1.625,8.25],"rotation":0,"texture":"#0","tintindex":0}}},{"from":[8.099714,8.040972,6.261146],"to":[9.471143,10.098115,6.261146],"rotation":{"angle":0.0,"axis":"y","origin":[9.56349,9.012628,7.6702304]},"faces":{"east":{"uv":[0.875,10.625,0.875,11.125],"rotation":0,"texture":"#0","tintindex":0},"south":{"uv":[7.25,7.75,6.875,8.25],"rotation":0,"texture":"#0","tintindex":0},"north":{"uv":[6.875,7.75,7.25,8.25],"rotation":0,"texture":"#0","tintindex":0},"west":{"uv":[1.0,10.625,1.0,11.125],"rotation":0,"texture":"#0","tintindex":0},"up":{"uv":[11.0,2.625,10.625,2.625],"rotation":0,"texture":"#0","tintindex":0},"down":{"uv":[11.0,2.75,10.625,2.75],"rotation":0,"texture":"#0","tintindex":0}}},{"from":[8.1568575,8.269544,6.2468605],"to":[9.299714,9.412401,6.2468605],"rotation":{"angle":0.0,"axis":"y","origin":[9.906346,9.012628,7.6702304]},"faces":{"east":{"uv":[8.25,9.375,8.25,9.625],"rotation":0,"texture":"#0","tintindex":0},"south":{"uv":[10.25,6.75,10.5,7.0],"rotation":0,"texture":"#0","tintindex":0},"north":{"uv":[10.25,5.5,10.5,5.75],"rotation":0,"texture":"#0","tintindex":0},"west":{"uv":[5.75,10.0,5.75,10.25],"rotation":0,"texture":"#0","tintindex":0},"up":{"uv":[10.75,5.375,10.5,5.375],"rotation":0,"texture":"#0","tintindex":0},"down":{"uv":[10.875,0.0,10.625,0.0],"rotation":0,"texture":"#0","tintindex":0}}},{"from":[9.4705715,8.040972,6.261146],"to":[9.4705715,10.098115,6.832575],"rotation":{"angle":0.0,"axis":"y","origin":[8.0,9.012628,7.846291]},"faces":{"east":{"uv":[10.25,3.0,10.375,3.5],"rotation":0,"texture":"#0","tintindex":0},"south":{"uv":[0.5,10.625,0.5,11.125],"rotation":0,"texture":"#0","tintindex":0},"north":{"uv":[4.5,10.5,4.5,11.0],"rotation":0,"texture":"#0","tintindex":0},"west":{"uv":[4.875,10.25,5.0,10.75],"rotation":0,"texture":"#0","tintindex":0},"up":{"uv":[9.375,2.875,9.375,2.75],"rotation":0,"texture":"#0","tintindex":0},"down":{"uv":[9.375,3.0,9.375,3.125],"rotation":0,"texture":"#0","tintindex":0}}},{"from":[7.2,8.215534,5.115012],"to":[8.8,9.244106,6.715012],"rotation":{"angle":0.0,"axis":"y","origin":[7.6571426,8.72982,5.6864405]},"faces":{"east":{"uv":[9.75,7.125,10.125,7.375],"rotation":0,"texture":"#0","tintindex":0},"south":{"uv":[9.75,7.5,10.125,7.75],"rotation":0,"texture":"#0","tintindex":0},"north":{"uv":[9.75,6.75,10.125,7.0],"rotation":0,"texture":"#0","tintindex":0},"west":{"uv":[9.75,7.875,10.125,8.125],"rotation":0,"texture":"#0","tintindex":0},"up":{"uv":[9.0,2.125,8.625,1.75],"rotation":0,"texture":"#0","tintindex":0},"down":{"uv":[9.0,2.25,8.625,2.625],"rotation":0,"texture":"#0","tintindex":0}}},{"from":[8.721108,6.839158,5.4578695],"to":[8.721108,8.553444,7.172155],"rotation":{"angle":-45.0,"axis":"x","origin":[8.892537,7.696301,6.0864406]},"faces":{"east":{"uv":[11.375,7.375,11.0,7.75],"rotation":0,"texture":"#0","tintindex":0},"south":{"uv":[10.125,7.5,9.75,7.75],"rotation":0,"texture":"#0","tintindex":0},"north":{"uv":[10.125,6.75,9.75,7.0],"rotation":0,"texture":"#0","tintindex":0},"west":{"uv":[11.0,7.375,11.375,7.75],"rotation":0,"texture":"#0","tintindex":0},"up":{"uv":[8.625,2.125,9.0,1.75],"rotation":0,"texture":"#0","tintindex":0},"down":{"uv":[8.625,2.25,9.0,2.625],"rotation":0,"texture":"#0","tintindex":0}}},{"from":[7.2788916,6.839158,5.4578695],"to":[7.2788916,8.553444,7.172155],"rotation":{"angle":-45.0,"axis":"x","origin":[7.107463,7.696301,6.0864406]},"faces":{"east":{"uv":[11.375,7.375,11.0,7.75],"rotation":0,"texture":"#0","tintindex":0},"south":{"uv":[9.75,7.5,10.125,7.75],"rotation":0,"texture":"#0","tintindex":0},"north":{"uv":[9.75,6.75,10.125,7.0],"rotation":0,"texture":"#0","tintindex":0},"west":{"uv":[11.0,7.375,11.375,7.75],"rotation":0,"texture":"#0","tintindex":0},"up":{"uv":[9.0,2.125,8.625,1.75],"rotation":0,"texture":"#0","tintindex":0},"down":{"uv":[9.0,2.25,8.625,2.625],"rotation":0,"texture":"#0","tintindex":0}}},{"from":[7.428571,7.74362,5.2898445],"to":[8.571428,8.886477,7.0041304],"rotation":{"angle":0.0,"axis":"y","origin":[7.5942855,8.046704,6.193275]},"faces":{"east":{"uv":[9.75,8.25,10.125,8.5],"rotation":0,"texture":"#0","tintindex":0},"south":{"uv":[10.25,9.25,10.5,9.5],"rotation":0,"texture":"#0","tintindex":0},"north":{"uv":[10.25,8.625,10.5,8.875],"rotation":0,"texture":"#0","tintindex":0},"west":{"uv":[9.75,8.625,10.125,8.875],"rotation":0,"texture":"#0","tintindex":0},"up":{"uv":[5.25,10.125,5.0,9.75],"rotation":0,"texture":"#0","tintindex":0},"down":{"uv":[10.0,9.0,9.75,9.375],"rotation":0,"texture":"#0","tintindex":0}}}],"display":{"head":{"translation":[0.0,-6.4,0.0],"scale":[4.0,4.0,4.0]}}}