{"textures":{"0":"modelengine:entity/nocsy_drakonin_baby3"},"elements":[{"from":[7.134258,6.3877306,6.5529633],"to":[8.277115,8.673445,8.838677],"rotation":{"angle":-22.5,"axis":"x","origin":[9.288544,7.759159,7.8786774]},"faces":{"east":{"uv":[7.0,0.0,7.5,0.5],"rotation":0,"texture":"#0","tintindex":0},"south":{"uv":[9.375,8.875,9.625,9.375],"rotation":0,"texture":"#0","tintindex":0},"north":{"uv":[8.75,9.375,9.0,9.875],"rotation":0,"texture":"#0","tintindex":0},"west":{"uv":[0.625,7.0,1.125,7.5],"rotation":0,"texture":"#0","tintindex":0},"up":{"uv":[0.25,10.0,0.0,9.5],"rotation":0,"texture":"#0","tintindex":0},"down":{"uv":[9.75,2.75,9.5,3.25],"rotation":0,"texture":"#0","tintindex":0}}}],"display":{"head":{"translation":[0.0,-6.4,0.0],"scale":[4.0,4.0,4.0]}}}