{"textures":{"0":"bil:item/filament/model/flareon_backpack.ajmodel/flareon_backpack","particle":"bil:item/filament/model/flareon_backpack.ajmodel/flareon_backpack"},"elements":[{"from":[9.6,8.0,12.0],"to":[19.2,18.4,18.4],"faces":{"up":{"texture":"#0","tintindex":0,"uv":[6.25,8.5,3.75,6.5]},"west":{"texture":"#0","tintindex":0,"uv":[3.75,6.25,6.0,8.25]},"east":{"texture":"#0","tintindex":0,"uv":[3.75,5.0,6.0,7.0]},"south":{"texture":"#0","tintindex":0,"uv":[3.75,5.0,6.25,7.0]},"down":{"texture":"#0","tintindex":0,"uv":[6.25,5.0,3.75,7.0]},"north":{"texture":"#0","tintindex":0,"uv":[3.75,6.5,6.25,8.5]}},"rotation":{"axis":"y","angle":0.0,"origin":[8.0,-4.799999,8.0]}},{"from":[8.8,8.0,12.799999],"to":[9.6,11.2,17.6],"faces":{"up":{"texture":"#0","tintindex":0,"uv":[0.75,6.75,0.0,5.5]},"west":{"texture":"#0","tintindex":0,"uv":[0.0,4.25,1.5,5.25]},"east":{"texture":"#0","tintindex":0,"uv":[0.0,0.0,0.0,0.0]},"south":{"texture":"#0","tintindex":0,"uv":[0.75,5.5,1.5,6.5]},"down":{"texture":"#0","tintindex":0,"uv":[2.5,4.5,2.25,6.0]},"north":{"texture":"#0","tintindex":0,"uv":[1.5,4.25,2.25,5.25]}},"rotation":{"axis":"y","angle":0.0,"origin":[8.0,-4.799999,8.0]}},{"from":[19.2,8.0,12.799999],"to":[20.0,11.2,17.6],"faces":{"up":{"texture":"#0","tintindex":0,"uv":[0.0,6.75,0.75,5.5]},"west":{"texture":"#0","tintindex":0,"uv":[0.0,0.0,0.0,0.0]},"east":{"texture":"#0","tintindex":0,"uv":[1.5,4.25,0.0,5.25]},"south":{"texture":"#0","tintindex":0,"uv":[1.5,5.5,0.75,6.5]},"down":{"texture":"#0","tintindex":0,"uv":[2.25,4.5,2.5,6.0]},"north":{"texture":"#0","tintindex":0,"uv":[2.25,4.25,1.5,5.25]}},"rotation":{"axis":"y","angle":0.0,"origin":[20.8,-4.799999,8.0]}},{"from":[16.4,10.4,22.0],"to":[18.8,18.4,22.8],"faces":{"up":{"texture":"#0","tintindex":0,"uv":[0.0,0.0,0.0,0.0]},"west":{"texture":"#0","tintindex":0,"uv":[12.5,3.5,12.25,6.0]},"east":{"texture":"#0","tintindex":0,"uv":[12.75,3.5,12.5,6.0]},"south":{"texture":"#0","tintindex":0,"uv":[14.25,3.5,13.5,6.0]},"down":{"texture":"#0","tintindex":0,"uv":[0.0,0.0,0.0,0.0]},"north":{"texture":"#0","tintindex":0,"uv":[13.5,3.5,12.75,6.0]}},"rotation":{"axis":"y","angle":0.0,"origin":[18.4,17.6,14.4]}},{"from":[16.4,9.6,18.0],"to":[18.8,10.4,22.8],"faces":{"up":{"texture":"#0","tintindex":0,"uv":[12.5,5.25,13.25,3.75]},"west":{"texture":"#0","tintindex":0,"uv":[14.0,5.5,12.5,5.75]},"east":{"texture":"#0","tintindex":0,"uv":[14.0,5.25,12.5,5.5]},"south":{"texture":"#0","tintindex":0,"uv":[13.5,4.0,12.75,4.25]},"down":{"texture":"#0","tintindex":0,"uv":[13.5,3.5,14.25,5.0]},"north":{"texture":"#0","tintindex":0,"uv":[0.0,0.0,0.0,0.0]}},"rotation":{"axis":"y","angle":0.0,"origin":[20.8,-4.799999,8.0]}},{"from":[16.4,18.4,18.0],"to":[18.8,19.2,22.8],"faces":{"up":{"texture":"#0","tintindex":0,"uv":[12.25,5.5,13.0,4.0]},"west":{"texture":"#0","tintindex":0,"uv":[14.25,5.5,12.75,5.75]},"east":{"texture":"#0","tintindex":0,"uv":[13.75,4.25,12.25,4.5]},"south":{"texture":"#0","tintindex":0,"uv":[14.25,5.5,13.5,5.75]},"down":{"texture":"#0","tintindex":0,"uv":[13.25,3.5,14.0,5.0]},"north":{"texture":"#0","tintindex":0,"uv":[0.0,0.0,0.0,0.0]}},"rotation":{"axis":"y","angle":0.0,"origin":[18.4,17.6,14.4]}},{"from":[10.4,18.4,12.0],"to":[18.4,19.2,18.4],"faces":{"up":{"texture":"#0","tintindex":0,"uv":[3.75,7.0,6.25,5.0]},"west":{"texture":"#0","tintindex":0,"uv":[5.75,8.25,3.75,8.5]},"east":{"texture":"#0","tintindex":0,"uv":[5.75,7.25,3.75,7.5]},"south":{"texture":"#0","tintindex":0,"uv":[15.0,5.0,12.5,4.5]},"down":{"texture":"#0","tintindex":0,"uv":[0.0,0.0,0.0,0.0]},"north":{"texture":"#0","tintindex":0,"uv":[0.0,0.0,0.0,0.0]}},"rotation":{"axis":"y","angle":0.0,"origin":[8.0,-4.799999,8.0]}},{"from":[10.4,14.4,11.2],"to":[18.4,19.2,12.0],"faces":{"up":{"texture":"#0","tintindex":0,"uv":[3.75,5.25,6.25,5.0]},"west":{"texture":"#0","tintindex":0,"uv":[4.25,5.25,4.0,6.75]},"east":{"texture":"#0","tintindex":0,"uv":[4.75,6.0,4.5,7.5]},"south":{"texture":"#0","tintindex":0,"uv":[0.0,0.0,0.0,0.0]},"down":{"texture":"#0","tintindex":0,"uv":[3.75,8.25,6.25,8.5]},"north":{"texture":"#0","tintindex":0,"uv":[9.75,6.75,7.25,8.25]}},"rotation":{"axis":"y","angle":0.0,"origin":[8.0,-4.799999,8.0]}},{"from":[10.4,8.0,10.4],"to":[18.4,12.8,12.0],"faces":{"up":{"texture":"#0","tintindex":0,"uv":[6.25,3.75,8.75,3.0]},"west":{"texture":"#0","tintindex":0,"uv":[4.0,1.0,3.25,2.5]},"east":{"texture":"#0","tintindex":0,"uv":[3.25,1.0,2.5,2.5]},"south":{"texture":"#0","tintindex":0,"uv":[0.0,0.0,0.0,0.0]},"down":{"texture":"#0","tintindex":0,"uv":[6.25,2.5,8.75,3.0]},"north":{"texture":"#0","tintindex":0,"uv":[6.25,2.25,3.75,3.75]}},"rotation":{"axis":"y","angle":0.0,"origin":[8.0,-4.799999,8.0]}},{"from":[12.0,14.8,10.4],"to":[16.8,16.4,11.2],"faces":{"up":{"texture":"#0","tintindex":0,"uv":[7.0,5.25,5.5,5.0]},"west":{"texture":"#0","tintindex":0,"uv":[6.0,7.5,6.25,8.0]},"east":{"texture":"#0","tintindex":0,"uv":[7.0,7.75,7.25,8.25]},"south":{"texture":"#0","tintindex":0,"uv":[5.5,7.25,7.0,7.75]},"down":{"texture":"#0","tintindex":0,"uv":[7.0,5.0,5.5,5.25]},"north":{"texture":"#0","tintindex":0,"uv":[5.5,7.75,7.0,8.25]}},"rotation":{"axis":"y","angle":0.0,"origin":[14.4,-2.3999996,18.4]}},{"from":[14.0,15.608,10.391999],"to":[14.8,16.408,10.391999],"faces":{"up":{"texture":"#0","tintindex":0,"uv":[11.25,9.75,11.5,9.75]},"west":{"texture":"#0","tintindex":0,"uv":[11.25,9.75,11.25,10.0]},"east":{"texture":"#0","tintindex":0,"uv":[11.5,9.75,11.5,10.0]},"south":{"texture":"#0","tintindex":0,"uv":[11.75,9.75,11.5,10.0]},"down":{"texture":"#0","tintindex":0,"uv":[11.5,9.75,11.75,9.75]},"north":{"texture":"#0","tintindex":0,"uv":[11.5,9.75,11.25,10.0]}},"rotation":{"axis":"y","angle":0.0,"origin":[14.4,-2.3999996,18.4]}},{"from":[9.440001,18.96,14.08],"to":[10.24,23.76,15.68],"faces":{"up":{"texture":"#0","tintindex":0,"uv":[4.75,6.75,4.5,6.25]},"west":{"texture":"#0","tintindex":0,"uv":[4.75,6.75,5.25,8.25]},"east":{"texture":"#0","tintindex":0,"uv":[4.0,6.75,4.5,8.25]},"south":{"texture":"#0","tintindex":0,"uv":[5.25,6.75,5.5,8.25]},"down":{"texture":"#0","tintindex":0,"uv":[5.0,6.25,4.75,6.75]},"north":{"texture":"#0","tintindex":0,"uv":[4.5,6.75,4.75,8.25]}},"rotation":{"axis":"z","angle":22.5,"origin":[11.2,19.2,15.199999]}},{"from":[11.84,18.16,14.08],"to":[12.64,22.96,15.68],"faces":{"up":{"texture":"#0","tintindex":0,"uv":[4.75,6.0,4.5,5.5]},"west":{"texture":"#0","tintindex":0,"uv":[4.75,6.0,5.25,7.5]},"east":{"texture":"#0","tintindex":0,"uv":[4.0,6.0,4.5,7.5]},"south":{"texture":"#0","tintindex":0,"uv":[5.25,6.0,5.5,7.5]},"down":{"texture":"#0","tintindex":0,"uv":[5.0,5.5,4.75,6.0]},"north":{"texture":"#0","tintindex":0,"uv":[4.5,6.0,4.75,7.5]}},"rotation":{"axis":"z","angle":22.5,"origin":[11.2,19.2,15.199999]}},{"from":[10.24,18.16,14.08],"to":[11.84,24.56,15.68],"faces":{"up":{"texture":"#0","tintindex":0,"uv":[4.75,5.5,4.25,5.0]},"west":{"texture":"#0","tintindex":0,"uv":[4.75,5.5,5.25,7.5]},"east":{"texture":"#0","tintindex":0,"uv":[3.75,5.5,4.25,7.5]},"south":{"texture":"#0","tintindex":0,"uv":[5.25,5.5,5.75,7.5]},"down":{"texture":"#0","tintindex":0,"uv":[5.25,5.0,4.75,5.5]},"north":{"texture":"#0","tintindex":0,"uv":[4.25,5.5,4.75,7.5]}},"rotation":{"axis":"z","angle":22.5,"origin":[11.2,19.2,15.199999]}},{"from":[9.47816,18.14141,14.0],"to":[12.67816,24.54141,14.0],"faces":{"up":{"texture":"#0","tintindex":0,"uv":[2.75,8.5,1.75,8.5]},"west":{"texture":"#0","tintindex":0,"uv":[3.75,11.25,3.75,13.25]},"east":{"texture":"#0","tintindex":0,"uv":[1.5,8.0,1.5,10.0]},"south":{"texture":"#0","tintindex":0,"uv":[1.25,11.0,2.25,13.0]},"down":{"texture":"#0","tintindex":0,"uv":[3.0,9.25,2.0,9.25]},"north":{"texture":"#0","tintindex":0,"uv":[11.0,8.5,12.25,11.25]}},"rotation":{"axis":"z","angle":22.5,"origin":[11.2,19.2,15.199999]}},{"from":[18.56,18.96,14.08],"to":[19.36,23.76,15.68],"faces":{"up":{"texture":"#0","tintindex":0,"uv":[4.5,6.75,4.75,6.25]},"west":{"texture":"#0","tintindex":0,"uv":[4.5,6.75,4.0,8.25]},"east":{"texture":"#0","tintindex":0,"uv":[5.25,6.75,4.75,8.25]},"south":{"texture":"#0","tintindex":0,"uv":[5.5,6.75,5.25,8.25]},"down":{"texture":"#0","tintindex":0,"uv":[4.75,6.25,5.0,6.75]},"north":{"texture":"#0","tintindex":0,"uv":[4.75,6.75,4.5,8.25]}},"rotation":{"axis":"z","angle":-22.5,"origin":[17.6,19.2,15.199999]}},{"from":[16.16,18.16,14.08],"to":[16.96,22.96,15.68],"faces":{"up":{"texture":"#0","tintindex":0,"uv":[4.5,6.0,4.75,5.5]},"west":{"texture":"#0","tintindex":0,"uv":[4.5,6.0,4.0,7.5]},"east":{"texture":"#0","tintindex":0,"uv":[5.25,6.0,4.75,7.5]},"south":{"texture":"#0","tintindex":0,"uv":[5.5,6.0,5.25,7.5]},"down":{"texture":"#0","tintindex":0,"uv":[4.75,5.5,5.0,6.0]},"north":{"texture":"#0","tintindex":0,"uv":[4.75,6.0,4.5,7.5]}},"rotation":{"axis":"z","angle":-22.5,"origin":[17.6,19.2,15.199999]}},{"from":[16.96,18.16,14.08],"to":[18.56,24.56,15.68],"faces":{"up":{"texture":"#0","tintindex":0,"uv":[4.25,5.5,4.75,5.0]},"west":{"texture":"#0","tintindex":0,"uv":[4.25,5.5,3.75,7.5]},"east":{"texture":"#0","tintindex":0,"uv":[5.25,5.5,4.75,7.5]},"south":{"texture":"#0","tintindex":0,"uv":[5.75,5.5,5.25,7.5]},"down":{"texture":"#0","tintindex":0,"uv":[4.75,5.0,5.25,5.5]},"north":{"texture":"#0","tintindex":0,"uv":[4.75,5.5,4.25,7.5]}},"rotation":{"axis":"z","angle":-22.5,"origin":[17.6,19.2,15.199999]}},{"from":[16.12184,18.14141,14.0],"to":[19.32184,24.54141,14.0],"faces":{"up":{"texture":"#0","tintindex":0,"uv":[1.75,8.5,2.75,8.5]},"west":{"texture":"#0","tintindex":0,"uv":[2.0,11.0,2.0,13.0]},"east":{"texture":"#0","tintindex":0,"uv":[2.5,11.0,2.5,13.0]},"south":{"texture":"#0","tintindex":0,"uv":[4.5,11.0,3.5,13.0]},"down":{"texture":"#0","tintindex":0,"uv":[2.25,10.0,3.25,10.0]},"north":{"texture":"#0","tintindex":0,"uv":[12.25,8.5,11.0,11.25]}},"rotation":{"axis":"z","angle":-22.5,"origin":[17.6,19.2,15.199999]}},{"from":[10.0,18.4,18.0],"to":[12.4,19.2,22.8],"faces":{"up":{"texture":"#0","tintindex":0,"uv":[13.0,5.5,12.25,4.0]},"west":{"texture":"#0","tintindex":0,"uv":[12.25,4.25,13.75,4.5]},"east":{"texture":"#0","tintindex":0,"uv":[12.75,5.5,14.25,5.75]},"south":{"texture":"#0","tintindex":0,"uv":[13.5,5.5,14.25,5.75]},"down":{"texture":"#0","tintindex":0,"uv":[14.0,3.5,13.25,5.0]},"north":{"texture":"#0","tintindex":0,"uv":[0.0,0.0,0.0,0.0]}},"rotation":{"axis":"y","angle":0.0,"origin":[10.4,17.6,14.4]}},{"from":[10.0,10.4,22.0],"to":[12.4,18.4,22.8],"faces":{"up":{"texture":"#0","tintindex":0,"uv":[0.0,0.0,0.0,0.0]},"west":{"texture":"#0","tintindex":0,"uv":[12.5,3.5,12.75,6.0]},"east":{"texture":"#0","tintindex":0,"uv":[12.25,3.5,12.5,6.0]},"south":{"texture":"#0","tintindex":0,"uv":[13.5,3.5,14.25,6.0]},"down":{"texture":"#0","tintindex":0,"uv":[0.0,0.0,0.0,0.0]},"north":{"texture":"#0","tintindex":0,"uv":[12.75,3.5,13.5,6.0]}},"rotation":{"axis":"y","angle":0.0,"origin":[10.4,17.6,14.4]}},{"from":[10.0,9.6,18.0],"to":[12.4,10.4,22.8],"faces":{"up":{"texture":"#0","tintindex":0,"uv":[13.25,5.25,12.5,3.75]},"west":{"texture":"#0","tintindex":0,"uv":[12.5,5.25,14.0,5.5]},"east":{"texture":"#0","tintindex":0,"uv":[12.5,5.5,14.0,5.75]},"south":{"texture":"#0","tintindex":0,"uv":[12.75,4.0,13.5,4.25]},"down":{"texture":"#0","tintindex":0,"uv":[14.25,3.5,13.5,5.0]},"north":{"texture":"#0","tintindex":0,"uv":[0.0,0.0,0.0,0.0]}},"rotation":{"axis":"y","angle":0.0,"origin":[8.0,-4.799999,8.0]}}],"display":{"head":{"rotation":[0.0,180.0,0.0]}}}