{"textures":{"0":"modelengine:entity/nocsy_drakonin_firespell"},"elements":[{"from":[1.388165,1.2063379,7.7991743],"to":[14.531023,14.3491955,7.7991743],"rotation":{"angle":0.0,"axis":"y","origin":[13.959594,-2.793662,7.7991743]},"faces":{"east":{"uv":[4.625,9.0,4.625,11.875],"rotation":0,"texture":"#0","tintindex":0},"south":{"uv":[4.625,3.0,7.5,5.875],"rotation":0,"texture":"#0","tintindex":0},"north":{"uv":[4.625,0.0,7.5,2.875],"rotation":0,"texture":"#0","tintindex":0},"west":{"uv":[4.75,9.0,4.75,11.875],"rotation":0,"texture":"#0","tintindex":0},"up":{"uv":[7.75,9.0,4.875,9.0],"rotation":0,"texture":"#0","tintindex":0},"down":{"uv":[10.75,9.0,7.875,9.0],"rotation":0,"texture":"#0","tintindex":0}}},{"from":[7.959594,-2.0969543,-2.0848894],"to":[7.959594,18.474476,18.48654],"rotation":{"angle":45.0,"axis":"z","origin":[7.959594,8.303045,7.4579687]},"faces":{"east":{"uv":[0.0,0.0,4.5,4.5],"rotation":0,"texture":"#0","tintindex":0},"south":{"uv":[5.0,9.125,5.0,13.625],"rotation":0,"texture":"#0","tintindex":0},"north":{"uv":[4.875,9.125,4.875,13.625],"rotation":0,"texture":"#0","tintindex":0},"west":{"uv":[4.5,0.0,0.0,4.5],"rotation":0,"texture":"#0","tintindex":0},"up":{"uv":[5.125,13.625,5.125,9.125],"rotation":0,"texture":"#0","tintindex":0},"down":{"uv":[5.25,9.125,5.25,13.625],"rotation":0,"texture":"#0","tintindex":0}}}],"display":{"head":{"translation":[0.0,-6.4,0.0],"scale":[4.0,4.0,4.0]}}}