{"textures":{"0":"modelengine:entity/nocsy_drakonin_firespell"},"elements":[{"from":[7.8217983,1.3269372,1.2066112],"to":[7.8217983,14.469795,14.349469],"rotation":{"angle":0.0,"axis":"y","origin":[7.478941,7.898366,7.7780404]},"faces":{"east":{"uv":[10.5,6.0,7.625,8.875],"rotation":0,"texture":"#0","tintindex":0},"south":{"uv":[0.125,9.25,0.125,12.125],"rotation":0,"texture":"#0","tintindex":0},"north":{"uv":[0.0,9.25,0.0,12.125],"rotation":0,"texture":"#0","tintindex":0},"west":{"uv":[7.625,6.0,10.5,8.875],"rotation":0,"texture":"#0","tintindex":0},"up":{"uv":[0.25,12.125,0.25,9.25],"rotation":0,"texture":"#0","tintindex":0},"down":{"uv":[0.375,9.25,0.375,12.125],"rotation":0,"texture":"#0","tintindex":0}}}],"display":{"head":{"translation":[0.0,-6.4,0.0],"scale":[4.0,4.0,4.0]}}}