{"credit":"Made with Blockbench","texture_size":[128,128],"textures":{"3":"furnitures:rivrs/banc_seasonsky","particle":"furnitures:rivrs/banc_seasonsky"},"elements":[{"from":[20,-4,-1.1],"to":[20,32,15.9],"rotation":{"angle":0,"axis":"y","origin":[0,12,-5]},"faces":{"north":{"uv":[0,0,0,4.5],"texture":"#3"},"east":{"uv":[5.125,11.5,7.625,16],"texture":"#3"},"south":{"uv":[0,0,0,4.5],"texture":"#3"},"west":{"uv":[7.625,11.5,10.125,16],"texture":"#3"},"up":{"uv":[0,2.5,0,0],"texture":"#3"},"down":{"uv":[0,0,0,2.5],"texture":"#3"}}},{"from":[-4,-4,-1.1],"to":[-4,32,15.9],"rotation":{"angle":0,"axis":"y","origin":[16,12,-5]},"faces":{"north":{"uv":[0,0,0,4.5],"texture":"#3"},"east":{"uv":[10.125,11.5,7.625,16],"texture":"#3"},"south":{"uv":[0,0,0,4.5],"texture":"#3"},"west":{"uv":[7.625,11.5,5.125,16],"texture":"#3"},"up":{"uv":[0,2.5,0,0],"texture":"#3"},"down":{"uv":[0,0,0,2.5],"texture":"#3"}}},{"from":[-8,12,-1],"to":[24,14,6],"rotation":{"angle":0,"axis":"y","origin":[0,12,-5]},"faces":{"north":{"uv":[0,0,4,0.25],"texture":"#3"},"east":{"uv":[0,0.5,0.875,0.75],"texture":"#3"},"south":{"uv":[0,0.25,4,0.5],"texture":"#3"},"west":{"uv":[0,0.75,0.875,1],"texture":"#3"},"up":{"uv":[4,1.875,0,1],"texture":"#3"},"down":{"uv":[8,1,4,1.875],"texture":"#3"}}},{"from":[-8,12,7],"to":[24,14,14],"rotation":{"angle":0,"axis":"y","origin":[8,13,10.5]},"faces":{"north":{"uv":[0,0,4,0.25],"texture":"#3"},"east":{"uv":[0,0.5,0.875,0.75],"texture":"#3"},"south":{"uv":[0,0.25,4,0.5],"texture":"#3"},"west":{"uv":[0,0.75,0.875,1],"texture":"#3"},"up":{"uv":[4,1.875,0,1],"texture":"#3"},"down":{"uv":[8,1,4,1.875],"texture":"#3"}}},{"from":[-8,18.5,9.5],"to":[24,25.5,11.5],"rotation":{"angle":22.5,"axis":"x","origin":[8,13,8.5]},"faces":{"north":{"uv":[4,1.875,0,1],"rotation":180,"texture":"#3"},"east":{"uv":[0,0.5,0.875,0.75],"rotation":90,"texture":"#3"},"south":{"uv":[8,1,4,1.875],"texture":"#3"},"west":{"uv":[0,0.75,0.875,1],"rotation":270,"texture":"#3"},"up":{"uv":[0,0.25,4,0.5],"texture":"#3"},"down":{"uv":[0,0,4,0.25],"rotation":180,"texture":"#3"}}}],"gui_light":"front","display":{"thirdperson_righthand":{"scale":[0.25,0.25,0.25]},"thirdperson_lefthand":{"scale":[0.25,0.25,0.25]},"firstperson_righthand":{"rotation":[10,180,0],"translation":[1,2.25,2.25],"scale":[0.3,0.3,0.3]},"firstperson_lefthand":{"rotation":[10,180,0],"translation":[1,2.25,2.25],"scale":[0.3,0.3,0.3]},"ground":{"translation":[0,2,0],"scale":[0.5,0.5,0.5]},"gui":{"rotation":[15,145,0],"translation":[0,-2.25,0],"scale":[0.4,0.4,0.4]},"head":{"translation":[0,-31.199,0]},"fixed":{"rotation":[-90,0,0],"translation":[0,0,-14],"scale":[2,2,2]}}}