{"credit":"Made with Blockbench","texture_size":[64,64],"textures":{"0":"furnitures:rivrs/furnitures_color_3","particle":"furnitures:rivrs/furnitures_color_3"},"elements":[{"from":[15,0,4],"to":[16,16,16],"faces":{"north":{"uv":[6.78125,15.46875,6.8125,15.96875],"texture":"#0"},"east":{"uv":[6.84375,14.21875,7.21875,14.71875],"texture":"#0"},"south":{"uv":[6.8125,15.46875,6.84375,15.96875],"texture":"#0"},"west":{"uv":[6.84375,14.71875,7.21875,15.21875],"texture":"#0"},"up":{"uv":[7.78125,15.59375,7.75,15.21875],"texture":"#0"},"down":{"uv":[6.875,15.59375,6.84375,15.96875],"texture":"#0"}}},{"from":[1,1,14],"to":[15,15,16],"faces":{"north":{"uv":[6.40625,14.21875,6.84375,14.65625],"texture":"#0"},"east":{"uv":[6.65625,15.46875,6.71875,15.90625],"texture":"#0"},"south":{"uv":[6.40625,14.65625,6.84375,15.09375],"texture":"#0"},"west":{"uv":[6.71875,15.46875,6.78125,15.90625],"texture":"#0"},"up":{"uv":[8.03125,15.15625,7.59375,15.09375],"texture":"#0"},"down":{"uv":[8.03125,15.15625,7.59375,15.21875],"texture":"#0"}}},{"from":[0,0,4],"to":[1,16,16],"faces":{"north":{"uv":[7.71875,14.59375,7.75,15.09375],"texture":"#0"},"east":{"uv":[7.21875,14.21875,7.59375,14.71875],"texture":"#0"},"south":{"uv":[7.71875,15.21875,7.75,15.71875],"texture":"#0"},"west":{"uv":[7.21875,14.71875,7.59375,15.21875],"texture":"#0"},"up":{"uv":[6.90625,15.96875,6.875,15.59375],"texture":"#0"},"down":{"uv":[6.9375,15.59375,6.90625,15.96875],"texture":"#0"}}},{"from":[1,0,4],"to":[15,1,16],"faces":{"north":{"uv":[7.75,14.84375,8.1875,14.875],"texture":"#0"},"east":{"uv":[6.9375,15.59375,7.3125,15.625],"texture":"#0"},"south":{"uv":[7.75,14.875,8.1875,14.90625],"texture":"#0"},"west":{"uv":[7.3125,15.59375,7.6875,15.625],"texture":"#0"},"up":{"uv":[6.84375,15.46875,6.40625,15.09375],"texture":"#0"},"down":{"uv":[7.28125,15.21875,6.84375,15.59375],"texture":"#0"}}},{"from":[1,1,4],"to":[15,2,5],"faces":{"north":{"uv":[7.75,14.90625,8.1875,14.9375],"texture":"#0"},"east":{"uv":[7.6875,15.59375,7.71875,15.625],"texture":"#0"},"south":{"uv":[7.75,14.9375,8.1875,14.96875],"texture":"#0"},"west":{"uv":[7.6875,15.625,7.71875,15.65625],"texture":"#0"},"up":{"uv":[8.1875,15,7.75,14.96875],"texture":"#0"},"down":{"uv":[8.1875,15,7.75,15.03125],"texture":"#0"}}},{"from":[1,15,4],"to":[15,16,16],"faces":{"north":{"uv":[7.75,15.03125,8.1875,15.0625],"texture":"#0"},"east":{"uv":[7.78125,15.21875,8.15625,15.25],"texture":"#0"},"south":{"uv":[7.75,15.0625,8.1875,15.09375],"texture":"#0"},"west":{"uv":[7.78125,15.25,8.15625,15.28125],"texture":"#0"},"up":{"uv":[7.71875,15.59375,7.28125,15.21875],"texture":"#0"},"down":{"uv":[8.03125,14.21875,7.59375,14.59375],"texture":"#0"}}},{"from":[1.5,8.5,10.5],"to":[4.5,10.5,13.5],"faces":{"north":{"uv":[7.1875,15.625,7.28125,15.6875],"texture":"#0"},"east":{"uv":[7.28125,15.625,7.375,15.6875],"texture":"#0"},"south":{"uv":[7.375,15.625,7.46875,15.6875],"texture":"#0"},"west":{"uv":[7.46875,15.625,7.5625,15.6875],"texture":"#0"},"up":{"uv":[7.09375,15.71875,7,15.625],"texture":"#0"},"down":{"uv":[7.1875,15.625,7.09375,15.71875],"texture":"#0"}}},{"from":[2,9.5,11],"to":[4,14.5,13],"faces":{"north":{"uv":[7.78125,15.28125,7.84375,15.4375],"texture":"#0"},"east":{"uv":[7.78125,15.4375,7.84375,15.59375],"texture":"#0"},"south":{"uv":[7.75,15.59375,7.8125,15.75],"texture":"#0"},"west":{"uv":[6.9375,15.625,7,15.78125],"texture":"#0"},"up":{"uv":[7.625,15.6875,7.5625,15.625],"texture":"#0"},"down":{"uv":[7.6875,15.625,7.625,15.6875],"texture":"#0"}}},{"from":[1,1,10],"to":[5,9,14],"faces":{"north":{"uv":[7.59375,14.59375,7.71875,14.84375],"texture":"#0"},"east":{"uv":[7.59375,14.84375,7.71875,15.09375],"texture":"#0"},"south":{"uv":[6.40625,15.46875,6.53125,15.71875],"texture":"#0"},"west":{"uv":[6.53125,15.46875,6.65625,15.71875],"texture":"#0"},"up":{"uv":[7.875,14.71875,7.75,14.59375],"texture":"#0"},"down":{"uv":[7.875,14.71875,7.75,14.84375],"texture":"#0"}}},{"from":[6.5,8.5,9.5],"to":[9.5,10.5,12.5],"rotation":{"angle":45,"axis":"z","origin":[9,8.5,10]},"faces":{"north":{"uv":[7.1875,15.625,7.28125,15.6875],"texture":"#0"},"east":{"uv":[7.28125,15.625,7.375,15.6875],"texture":"#0"},"south":{"uv":[7.375,15.625,7.46875,15.6875],"texture":"#0"},"west":{"uv":[7.46875,15.625,7.5625,15.6875],"texture":"#0"},"up":{"uv":[7.09375,15.71875,7,15.625],"texture":"#0"},"down":{"uv":[7.1875,15.625,7.09375,15.71875],"texture":"#0"}}},{"from":[7,9.5,10],"to":[9,14.5,12],"rotation":{"angle":45,"axis":"z","origin":[9,8.5,10]},"faces":{"north":{"uv":[7.78125,15.28125,7.84375,15.4375],"texture":"#0"},"east":{"uv":[7.78125,15.4375,7.84375,15.59375],"texture":"#0"},"south":{"uv":[7.75,15.59375,7.8125,15.75],"texture":"#0"},"west":{"uv":[6.9375,15.625,7,15.78125],"texture":"#0"},"up":{"uv":[7.625,15.6875,7.5625,15.625],"texture":"#0"},"down":{"uv":[7.6875,15.625,7.625,15.6875],"texture":"#0"}}},{"from":[6,1,9],"to":[10,9,13],"rotation":{"angle":45,"axis":"z","origin":[9,8.5,10]},"faces":{"north":{"uv":[7.59375,14.59375,7.71875,14.84375],"texture":"#0"},"east":{"uv":[7.59375,14.84375,7.71875,15.09375],"texture":"#0"},"south":{"uv":[6.40625,15.46875,6.53125,15.71875],"texture":"#0"},"west":{"uv":[6.53125,15.46875,6.65625,15.71875],"texture":"#0"},"up":{"uv":[7.875,14.71875,7.75,14.59375],"texture":"#0"},"down":{"uv":[7.875,14.71875,7.75,14.84375],"texture":"#0"}}}],"gui_light":"front","display":{"thirdperson_righthand":{"translation":[0,3,1],"scale":[0.55,0.55,0.55]},"thirdperson_lefthand":{"translation":[0,3,1],"scale":[0.55,0.55,0.55]},"firstperson_righthand":{"rotation":[0,-90,25],"translation":[1.13,3.2,1.13],"scale":[0.5,0.5,0.5]},"firstperson_lefthand":{"rotation":[0,-90,25],"translation":[1.13,3.2,1.13],"scale":[0.5,0.5,0.5]},"ground":{"translation":[0,2,0],"scale":[0.5,0.5,0.5]},"gui":{"rotation":[17,158,0],"translation":[-0.5,-0.5,0],"scale":[0.8,0.8,0.8]},"head":{"translation":[0,-31.199,0],"scale":[1.5,1.5,1.5]},"fixed":{"translation":[0,0,-16],"scale":[2,2,2]}}}