{"credit":"Made with Blockbench","ambientocclusion":false,"texture_size":[128,128],"textures":{"0":"furnitures:rivrs/barbercard","particle":"furnitures:rivrs/barbercard"},"elements":[{"from":[15,-7,12],"to":[21,4,13],"rotation":{"angle":0,"axis":"y","origin":[8,13.97739,12.0576]},"faces":{"north":{"uv":[9.75,2.75,10.5,4.125],"texture":"#0"},"east":{"uv":[2,8.25,2.125,9.625],"texture":"#0"},"south":{"uv":[9.875,0,10.625,1.375],"texture":"#0"},"west":{"uv":[2.125,8.25,2.25,9.625],"texture":"#0"},"up":{"uv":[9.75,1.5,9,1.375],"texture":"#0"},"down":{"uv":[10.75,8.5,10,8.625],"texture":"#0"}}},{"from":[18,-5,13],"to":[32,6,14],"rotation":{"angle":0,"axis":"y","origin":[8,13.97739,12.0576]},"faces":{"north":{"uv":[6.75,1.5,8.5,2.875],"texture":"#0"},"east":{"uv":[8.5,1.5,8.625,2.875],"texture":"#0"},"south":{"uv":[2.25,6.75,4,8.125],"texture":"#0"},"west":{"uv":[8.625,1.5,8.75,2.875],"texture":"#0"},"up":{"uv":[11.75,8.125,10,8],"texture":"#0"},"down":{"uv":[11.75,8.125,10,8.25],"texture":"#0"}}},{"from":[8,-8,12],"to":[15,3,13],"rotation":{"angle":0,"axis":"y","origin":[8,13.97739,12.0576]},"faces":{"north":{"uv":[9,0,9.875,1.375],"texture":"#0"},"east":{"uv":[2.5,9.875,2.625,11.25],"texture":"#0"},"south":{"uv":[9.75,1.375,10.625,2.75],"texture":"#0"},"west":{"uv":[2.625,9.875,2.75,11.25],"texture":"#0"},"up":{"uv":[10.875,8.375,10,8.25],"texture":"#0"},"down":{"uv":[10.875,8.375,10,8.5],"texture":"#0"}}},{"from":[24,-4.32179,2.56891],"to":[32,9.67821,2.56891],"rotation":{"angle":-22.5,"axis":"x","origin":[8,13.97739,12.0576]},"faces":{"north":{"uv":[7.25,6.75,8.25,8.5],"texture":"#0"},"east":{"uv":[0,0,0,1.75],"texture":"#0"},"south":{"uv":[7.75,2.875,8.75,4.625],"texture":"#0"},"west":{"uv":[0,0,0,1.75],"texture":"#0"},"up":{"uv":[1,0,0,0],"texture":"#0"},"down":{"uv":[1,0,0,0],"texture":"#0"}}},{"from":[-0.6,-6.32179,2.56891],"to":[7.4,7.67821,2.56891],"rotation":{"angle":-22.5,"axis":"x","origin":[8,13.97739,12.0576]},"faces":{"north":{"uv":[7.25,6.75,8.25,8.5],"texture":"#0"},"east":{"uv":[0,0,0,1.75],"texture":"#0"},"south":{"uv":[7.75,2.875,8.75,4.625],"texture":"#0"},"west":{"uv":[0,0,0,1.75],"texture":"#0"},"up":{"uv":[1,0,0,0],"texture":"#0"},"down":{"uv":[1,0,0,0],"texture":"#0"}}},{"from":[15.8,-5.32179,2.56891],"to":[23.8,8.67821,2.56891],"rotation":{"angle":-22.5,"axis":"x","origin":[8,13.97739,12.0576]},"faces":{"north":{"uv":[7.75,4.625,8.75,6.375],"texture":"#0"},"east":{"uv":[0,0,0,1.75],"texture":"#0"},"south":{"uv":[2.25,8.125,3.25,9.875],"texture":"#0"},"west":{"uv":[0,0,0,1.75],"texture":"#0"},"up":{"uv":[1,0,0,0],"texture":"#0"},"down":{"uv":[1,0,0,0],"texture":"#0"}}},{"from":[7.6,-6.32179,2.56891],"to":[15.6,7.67821,2.56891],"rotation":{"angle":-22.5,"axis":"x","origin":[8,13.97739,12.0576]},"faces":{"north":{"uv":[0,8.25,1,10],"texture":"#0"},"east":{"uv":[0,0,0,1.75],"texture":"#0"},"south":{"uv":[1,8.25,2,10],"texture":"#0"},"west":{"uv":[0,0,0,1.75],"texture":"#0"},"up":{"uv":[1,0,0,0],"texture":"#0"},"down":{"uv":[1,0,0,0],"texture":"#0"}}},{"from":[-16,-4.32179,2.56891],"to":[-8,9.67821,2.56891],"rotation":{"angle":-22.5,"axis":"x","origin":[8,13.97739,12.0576]},"faces":{"north":{"uv":[0,8.25,1,10],"texture":"#0"},"east":{"uv":[0,0,0,1.75],"texture":"#0"},"south":{"uv":[1,8.25,2,10],"texture":"#0"},"west":{"uv":[0,0,0,1.75],"texture":"#0"},"up":{"uv":[1,0,0,0],"texture":"#0"},"down":{"uv":[1,0,0,0],"texture":"#0"}}},{"from":[17.54632,-16,11.3],"to":[26.54632,32,11.3],"rotation":{"angle":22.5,"axis":"z","origin":[8,-19.02261,12.0576]},"faces":{"north":{"uv":[14.5,0.5,15.625,6.5],"texture":"#0"},"east":{"uv":[0,0,0,6],"texture":"#0"},"south":{"uv":[5.625,0,6.75,6],"texture":"#0"},"west":{"uv":[0,0,0,6],"texture":"#0"},"up":{"uv":[1.125,0,0,0],"texture":"#0"},"down":{"uv":[1.125,0,0,0],"texture":"#0"}}},{"from":[-10.44632,-16,11.5],"to":[-1.44632,32,11.5],"rotation":{"angle":-22.5,"axis":"z","origin":[8,-19.02261,12.0576]},"faces":{"north":{"uv":[5.625,0,4.5,6],"texture":"#0"},"east":{"uv":[0,0,0,6],"texture":"#0"},"south":{"uv":[6.75,0,5.625,6],"texture":"#0"},"west":{"uv":[0,0,0,6],"texture":"#0"},"up":{"uv":[0,0,1.125,0],"texture":"#0"},"down":{"uv":[0,0,1.125,0],"texture":"#0"}}},{"from":[-8.8,-5.32179,2.56891],"to":[-0.8,8.67821,2.56891],"rotation":{"angle":-22.5,"axis":"x","origin":[8,13.97739,12.0576]},"faces":{"north":{"uv":[7.25,8.5,8.25,10.25],"texture":"#0"},"east":{"uv":[0,0,0,1.75],"texture":"#0"},"south":{"uv":[8.75,1.5,9.75,3.25],"texture":"#0"},"west":{"uv":[0,0,0,1.75],"texture":"#0"},"up":{"uv":[1,0,0,0],"texture":"#0"},"down":{"uv":[1,0,0,0],"texture":"#0"}}},{"from":[-16,-5.72179,4.36891],"to":[-8,8.27821,4.36891],"rotation":{"angle":-22.5,"axis":"x","origin":[8,13.97739,12.0576]},"faces":{"north":{"uv":[7.625,13.625,8.625,15.375],"texture":"#0"},"east":{"uv":[0,0,0,1.75],"texture":"#0"},"south":{"uv":[1,8.25,2,10],"texture":"#0"},"west":{"uv":[0,0,0,1.75],"texture":"#0"},"up":{"uv":[1,0,0,0],"texture":"#0"},"down":{"uv":[1,0,0,0],"texture":"#0"}}},{"from":[-8.8,-6.72179,4.36891],"to":[-0.8,7.27821,4.36891],"rotation":{"angle":-22.5,"axis":"x","origin":[8,13.97739,12.0576]},"faces":{"north":{"uv":[1.125,13.875,2.125,15.625],"texture":"#0"},"east":{"uv":[0,0,0,1.75],"texture":"#0"},"south":{"uv":[8.75,1.5,9.75,3.25],"texture":"#0"},"west":{"uv":[0,0,0,1.75],"texture":"#0"},"up":{"uv":[1,0,0,0],"texture":"#0"},"down":{"uv":[1,0,0,0],"texture":"#0"}}},{"from":[7.6,-7.72179,4.36891],"to":[15.6,6.27821,4.36891],"rotation":{"angle":-22.5,"axis":"x","origin":[8,13.97739,12.0576]},"faces":{"north":{"uv":[7.625,13.625,8.625,15.375],"texture":"#0"},"east":{"uv":[0,0,0,1.75],"texture":"#0"},"south":{"uv":[1,8.25,2,10],"texture":"#0"},"west":{"uv":[0,0,0,1.75],"texture":"#0"},"up":{"uv":[1,0,0,0],"texture":"#0"},"down":{"uv":[1,0,0,0],"texture":"#0"}}},{"from":[-0.6,-7.72179,4.36891],"to":[7.4,6.27821,4.36891],"rotation":{"angle":-22.5,"axis":"x","origin":[8,13.97739,12.0576]},"faces":{"north":{"uv":[12.875,9.875,13.875,11.625],"texture":"#0"},"east":{"uv":[0,0,0,1.75],"texture":"#0"},"south":{"uv":[7.75,2.875,8.75,4.625],"texture":"#0"},"west":{"uv":[0,0,0,1.75],"texture":"#0"},"up":{"uv":[1,0,0,0],"texture":"#0"},"down":{"uv":[1,0,0,0],"texture":"#0"}}},{"from":[15.8,-6.72179,4.36891],"to":[23.8,7.27821,4.36891],"rotation":{"angle":-22.5,"axis":"x","origin":[8,13.97739,12.0576]},"faces":{"north":{"uv":[4.125,12.5,5.125,14.25],"texture":"#0"},"east":{"uv":[0,0,0,1.75],"texture":"#0"},"south":{"uv":[2.25,8.125,3.25,9.875],"texture":"#0"},"west":{"uv":[0,0,0,1.75],"texture":"#0"},"up":{"uv":[1,0,0,0],"texture":"#0"},"down":{"uv":[1,0,0,0],"texture":"#0"}}},{"from":[24,-5.72179,4.36891],"to":[32,8.27821,4.36891],"rotation":{"angle":-22.5,"axis":"x","origin":[8,13.97739,12.0576]},"faces":{"north":{"uv":[12.875,9.875,13.875,11.625],"texture":"#0"},"east":{"uv":[0,0,0,1.75],"texture":"#0"},"south":{"uv":[7.75,2.875,8.75,4.625],"texture":"#0"},"west":{"uv":[0,0,0,1.75],"texture":"#0"},"up":{"uv":[1,0,0,0],"texture":"#0"},"down":{"uv":[1,0,0,0],"texture":"#0"}}},{"from":[-10,-1,16],"to":[26,26,17],"rotation":{"angle":0,"axis":"y","origin":[8,13.97739,12.0576]},"faces":{"north":{"uv":[0,0,4.5,3.375],"texture":"#0"},"east":{"uv":[2.25,9.875,2.375,13.25],"texture":"#0"},"south":{"uv":[0,3.375,4.5,6.75],"texture":"#0"},"west":{"uv":[2.375,9.875,2.5,13.25],"texture":"#0"},"up":{"uv":[14.25,5,9.75,4.875],"texture":"#0"},"down":{"uv":[14.5,7.875,10,8],"texture":"#0"}}},{"from":[8,26,14],"to":[26,29,17],"rotation":{"angle":0,"axis":"y","origin":[8,13.97739,12.0576]},"faces":{"north":{"uv":[9.75,4.125,12,4.5],"texture":"#0"},"east":{"uv":[2.75,9.875,3.125,10.25],"texture":"#0"},"south":{"uv":[9.75,4.5,12,4.875],"texture":"#0"},"west":{"uv":[8.25,9.875,8.625,10.25],"texture":"#0"},"up":{"uv":[2.25,10.375,0,10],"texture":"#0"},"down":{"uv":[12.25,6.75,10,7.125],"texture":"#0"}}},{"from":[9,29,14],"to":[27,32,14],"rotation":{"angle":0,"axis":"y","origin":[8,13.97739,12.0576]},"faces":{"north":{"uv":[10,7.125,12.25,7.5],"texture":"#0"},"east":{"uv":[0,0,0,0.375],"texture":"#0"},"south":{"uv":[12.375,7.125,10.125,7.5],"texture":"#0"},"west":{"uv":[0,0,0,0.375],"texture":"#0"},"up":{"uv":[2.25,0,0,0],"texture":"#0"},"down":{"uv":[2.25,0,0,0],"texture":"#0"}}},{"from":[8,14,14],"to":[26,26,14],"rotation":{"angle":0,"axis":"y","origin":[8,13.97739,12.0576]},"faces":{"north":{"uv":[0,6.75,2.25,8.25],"texture":"#0"},"east":{"uv":[0,0,0,1.5],"texture":"#0"},"south":{"uv":[2.125,6.75,0,8.25],"texture":"#0"},"west":{"uv":[0,0,0,1.5],"texture":"#0"},"up":{"uv":[2.25,0,0,0],"texture":"#0"},"down":{"uv":[2.25,0,0,0],"texture":"#0"}}},{"from":[-10,14,14],"to":[8,26,14],"rotation":{"angle":0,"axis":"y","origin":[8,13.97739,12.0576]},"faces":{"north":{"uv":[2.25,6.75,0,8.25],"texture":"#0"},"east":{"uv":[0,0,0,1.5],"texture":"#0"},"south":{"uv":[0,6.75,2.125,8.25],"texture":"#0"},"west":{"uv":[0,0,0,1.5],"texture":"#0"},"up":{"uv":[0,0,2.25,0],"texture":"#0"},"down":{"uv":[0,0,2.25,0],"texture":"#0"}}},{"from":[26,-1,14],"to":[30,30,17],"rotation":{"angle":0,"axis":"y","origin":[8,13.97739,12.0576]},"faces":{"north":{"uv":[6.75,2.875,7.25,6.75],"texture":"#0"},"east":{"uv":[3.25,8.125,3.625,12],"texture":"#0"},"south":{"uv":[4,6.75,4.5,10.625],"texture":"#0"},"west":{"uv":[3.625,8.125,4,12],"texture":"#0"},"up":{"uv":[8.25,6.75,7.75,6.375],"texture":"#0"},"down":{"uv":[9.25,5,8.75,5.375],"texture":"#0"}}},{"from":[1,-8,12],"to":[8,3,13],"rotation":{"angle":0,"axis":"y","origin":[8,13.97739,12.0576]},"faces":{"north":{"uv":[9.875,0,9,1.375],"texture":"#0"},"east":{"uv":[2.75,9.875,2.625,11.25],"texture":"#0"},"south":{"uv":[10.625,1.375,9.75,2.75],"texture":"#0"},"west":{"uv":[2.625,9.875,2.5,11.25],"texture":"#0"},"up":{"uv":[10,8.375,10.875,8.25],"texture":"#0"},"down":{"uv":[10,8.375,10.875,8.5],"texture":"#0"}}},{"from":[-5,-7,12],"to":[1,4,13],"rotation":{"angle":0,"axis":"y","origin":[8,13.97739,12.0576]},"faces":{"north":{"uv":[10.5,2.75,9.75,4.125],"texture":"#0"},"east":{"uv":[2.25,8.25,2.125,9.625],"texture":"#0"},"south":{"uv":[10.625,0,9.875,1.375],"texture":"#0"},"west":{"uv":[2.125,8.25,2,9.625],"texture":"#0"},"up":{"uv":[9,1.5,9.75,1.375],"texture":"#0"},"down":{"uv":[10,8.5,10.75,8.625],"texture":"#0"}}},{"from":[-16,-5,13],"to":[-2,6,14],"rotation":{"angle":0,"axis":"y","origin":[8,13.97739,12.0576]},"faces":{"north":{"uv":[8.5,1.5,6.75,2.875],"texture":"#0"},"east":{"uv":[8.75,1.5,8.625,2.875],"texture":"#0"},"south":{"uv":[4,6.75,2.25,8.125],"texture":"#0"},"west":{"uv":[8.625,1.5,8.5,2.875],"texture":"#0"},"up":{"uv":[10,8.125,11.75,8],"texture":"#0"},"down":{"uv":[10,8.125,11.75,8.25],"texture":"#0"}}},{"from":[-14,-1,14],"to":[-10,30,17],"rotation":{"angle":0,"axis":"y","origin":[8,13.97739,12.0576]},"faces":{"north":{"uv":[7.25,2.875,6.75,6.75],"texture":"#0"},"east":{"uv":[4,8.125,3.625,12],"texture":"#0"},"south":{"uv":[4.5,6.75,4,10.625],"texture":"#0"},"west":{"uv":[3.625,8.125,3.25,12],"texture":"#0"},"up":{"uv":[7.75,6.75,8.25,6.375],"texture":"#0"},"down":{"uv":[8.75,5,9.25,5.375],"texture":"#0"}}},{"from":[-10,26,14],"to":[8,29,17],"rotation":{"angle":0,"axis":"y","origin":[8,13.97739,12.0576]},"faces":{"north":{"uv":[12,4.125,9.75,4.5],"texture":"#0"},"east":{"uv":[8.625,9.875,8.25,10.25],"texture":"#0"},"south":{"uv":[12,4.5,9.75,4.875],"texture":"#0"},"west":{"uv":[3.125,9.875,2.75,10.25],"texture":"#0"},"up":{"uv":[0,10.375,2.25,10],"texture":"#0"},"down":{"uv":[10,6.75,12.25,7.125],"texture":"#0"}}},{"from":[-11,29,14],"to":[7,32,14],"rotation":{"angle":0,"axis":"y","origin":[8,13.97739,12.0576]},"faces":{"north":{"uv":[12.25,7.125,10,7.5],"texture":"#0"},"east":{"uv":[0,0,0,0.375],"texture":"#0"},"south":{"uv":[10.125,7.125,12.375,7.5],"texture":"#0"},"west":{"uv":[0,0,0,0.375],"texture":"#0"},"up":{"uv":[0,0,2.25,0],"texture":"#0"},"down":{"uv":[0,0,2.25,0],"texture":"#0"}}}],"gui_light":"front","display":{"thirdperson_righthand":{"rotation":[0,180,0],"translation":[0,3,1],"scale":[0.2,0.2,0.2]},"thirdperson_lefthand":{"rotation":[0,180,0],"translation":[0,3,1],"scale":[0.2,0.2,0.2]},"firstperson_righthand":{"rotation":[0,180,0],"translation":[3.5,3,2],"scale":[0.2,0.2,0.2]},"firstperson_lefthand":{"rotation":[0,180,0],"translation":[3.5,3,2],"scale":[0.2,0.2,0.2]},"ground":{"translation":[0,5.5,0],"scale":[0.5,0.5,0.5]},"gui":{"rotation":[11,144,-1],"translation":[-0.5,-1.5,0],"scale":[0.38,0.38,0.37]},"head":{"translation":[0,-43.199,0],"scale":[1.5,1.5,1.5]},"fixed":{"rotation":[-10,0,0],"translation":[19.25,0,-29],"scale":[3.42,3.09,2.86]}}}