{"credit":"Made with Blockbench","texture_size":[512,512],"textures":{"0":"furnitures:rivrs/furnitures_color_2","particle":"furnitures:rivrs/furnitures_color_2"},"elements":[{"from":[-8,13,2.5],"to":[22,16,2.5],"rotation":{"angle":-22.5,"axis":"z","origin":[8,14.5,2]},"faces":{"north":{"uv":[3.09375,15.90625,4.03125,15.8125],"texture":"#0"},"east":{"uv":[0,1.5,0,0],"texture":"#0"},"south":{"uv":[3.09375,15.90625,4.03125,15.8125],"texture":"#0"},"west":{"uv":[0,1.5,0,0],"texture":"#0"},"up":{"uv":[14,0,0,0],"texture":"#0"},"down":{"uv":[14,0,0,0],"texture":"#0"}}},{"from":[-5,13,2.75],"to":[25,16,2.75],"rotation":{"angle":22.5,"axis":"z","origin":[8,14.5,2]},"faces":{"north":{"uv":[3.09375,15.90625,4.03125,15.8125],"texture":"#0"},"east":{"uv":[0,1.5,0,0],"texture":"#0"},"south":{"uv":[3.09375,15.90625,4.03125,15.8125],"texture":"#0"},"west":{"uv":[0,1.5,0,0],"texture":"#0"},"up":{"uv":[14,0,0,0],"texture":"#0"},"down":{"uv":[14,0,0,0],"texture":"#0"}}}],"gui_light":"front","display":{"thirdperson_righthand":{"rotation":[75,45,0],"translation":[1.5,-1.5,0],"scale":[0.375,0.375,0.375]},"thirdperson_lefthand":{"rotation":[75,45,0],"translation":[1.5,-1.5,0],"scale":[0.375,0.375,0.375]},"firstperson_righthand":{"translation":[8,-3.25,0],"scale":[0.4,0.4,0.4]},"firstperson_lefthand":{"translation":[8,-3.25,0],"scale":[0.4,0.4,0.4]},"ground":{"translation":[0,2,0],"scale":[0.5,0.5,0.5]},"gui":{"rotation":[2,26,0],"translation":[1.5,-5.25,0],"scale":[0.67,0.67,0.71]},"head":{"translation":[0,-35.199,-1.25],"scale":[1.5,1.5,1.5]},"fixed":{"translation":[0,-11,10.25],"scale":[2,2,2]}}}