{"credit":"Made with Blockbench","texture_size":[64,64],"textures":{"1":"furnitures:rivrs/city_base","particle":"furnitures:rivrs/city_base"},"elements":[{"from":[1,14,1],"to":[15,16,15],"faces":{"north":{"uv":[0,15,3.5,15.5],"texture":"#1"},"east":{"uv":[3.5,15,7,15.5],"texture":"#1"},"south":{"uv":[0,15.5,3.5,16],"texture":"#1"},"west":{"uv":[3.5,15.5,7,16],"texture":"#1"},"up":{"uv":[7,14.75,3.5,11.25],"texture":"#1"},"down":{"uv":[3.5,11.25,0,14.75],"texture":"#1"}}},{"from":[2,0,8],"to":[8,14,8],"rotation":{"angle":0,"axis":"y","origin":[8,0,7]},"faces":{"north":{"uv":[13,12.5,11.5,16],"texture":"#1"},"east":{"uv":[0,0,0,3.5],"texture":"#1"},"south":{"uv":[11.5,12.5,13,16],"texture":"#1"},"west":{"uv":[0,0,0,3.5],"texture":"#1"},"up":{"uv":[1.5,0,0,0],"texture":"#1"},"down":{"uv":[1.5,0,0,0],"texture":"#1"}}},{"from":[8,0,8],"to":[14,14,8],"rotation":{"angle":0,"axis":"y","origin":[8,0,7]},"faces":{"north":{"uv":[11.5,12.5,13,16],"texture":"#1"},"east":{"uv":[0,0,0,3.5],"texture":"#1"},"south":{"uv":[13,12.5,11.5,16],"texture":"#1"},"west":{"uv":[0,0,0,3.5],"texture":"#1"},"up":{"uv":[1.5,0,0,0],"texture":"#1"},"down":{"uv":[1.5,0,0,0],"texture":"#1"}}},{"from":[8,0,2],"to":[8,14,8],"rotation":{"angle":0,"axis":"y","origin":[8,0,7]},"faces":{"north":{"uv":[0,0,0,3.5],"texture":"#1"},"east":{"uv":[13,12.5,11.5,16],"texture":"#1"},"south":{"uv":[0,0,0,3.5],"texture":"#1"},"west":{"uv":[11.5,12.5,13,16],"texture":"#1"},"up":{"uv":[0,1.5,0,0],"texture":"#1"},"down":{"uv":[0,0,0,1.5],"texture":"#1"}}},{"from":[8,0,8],"to":[8,14,14],"rotation":{"angle":0,"axis":"y","origin":[8,0,7]},"faces":{"north":{"uv":[0,0,0,3.5],"texture":"#1"},"east":{"uv":[11.5,12.5,13,16],"texture":"#1"},"south":{"uv":[0,0,0,3.5],"texture":"#1"},"west":{"uv":[13,12.5,11.5,16],"texture":"#1"},"up":{"uv":[0,1.5,0,0],"texture":"#1"},"down":{"uv":[0,0,0,1.5],"texture":"#1"}}}],"gui_light":"front","display":{"thirdperson_righthand":{"translation":[0,3,1],"scale":[0.55,0.55,0.55]},"thirdperson_lefthand":{"translation":[0,3,1],"scale":[0.55,0.55,0.55]},"firstperson_righthand":{"rotation":[0,-90,25],"translation":[4.63,-0.55,1.13],"scale":[0.68,0.68,0.68]},"firstperson_lefthand":{"rotation":[0,-90,25],"translation":[4.63,-0.55,1.13],"scale":[0.68,0.68,0.68]},"ground":{"translation":[0,2,0],"scale":[0.5,0.5,0.5]},"gui":{"rotation":[21,-25,0],"translation":[0,-1,0],"scale":[0.7,0.7,0.7]},"head":{"translation":[0,-31.199,0],"scale":[1.5,1.5,1.5]},"fixed":{"rotation":[-90,0,0],"translation":[0,0,-16],"scale":[2.2,2.01,2.21]}}}