{"credit":"Made with Blockbench","texture_size":[512,512],"textures":{"0":"furnitures:rivrs/furnitures_color_2","particle":"furnitures:rivrs/furnitures_color_2"},"elements":[{"from":[7,17,4],"to":[9,18,6],"rotation":{"angle":-45,"axis":"x","origin":[8,15.5,7]},"faces":{"north":{"uv":[8.625,11.21875,8.6875,11.25],"texture":"#0"},"east":{"uv":[8.9375,10.8125,9,10.84375],"texture":"#0"},"south":{"uv":[8.9375,10.84375,9,10.875],"texture":"#0"},"west":{"uv":[8.9375,10.90625,9,10.9375],"texture":"#0"},"up":{"uv":[8.9375,11.125,8.875,11.0625],"texture":"#0"},"down":{"uv":[8.9375,11.125,8.875,11.1875],"texture":"#0"}}},{"from":[5,0,5],"to":[11,15,11],"faces":{"north":{"uv":[8,10.4375,8.1875,10.90625],"texture":"#0"},"east":{"uv":[8.1875,10.4375,8.375,10.90625],"texture":"#0"},"south":{"uv":[8.375,10.4375,8.5625,10.90625],"texture":"#0"},"west":{"uv":[8,10.90625,8.1875,11.375],"texture":"#0"},"up":{"uv":[8.875,11.25,8.6875,11.0625],"texture":"#0"},"down":{"uv":[8.375,11.21875,8.1875,11.40625],"texture":"#0"}}},{"from":[0,0,6],"to":[4,9,10],"faces":{"north":{"uv":[8.375,11.21875,8.5,11.5],"texture":"#0"},"east":{"uv":[8.5,11.21875,8.625,11.5],"texture":"#0"},"south":{"uv":[8.625,11.25,8.75,11.53125],"texture":"#0"},"west":{"uv":[8.75,11.25,8.875,11.53125],"texture":"#0"},"up":{"uv":[8.9375,10.875,8.8125,10.75],"texture":"#0"},"down":{"uv":[9,10.4375,8.875,10.5625],"texture":"#0"}}},{"from":[1,10,7],"to":[3,12,9],"faces":{"north":{"uv":[8.875,11.1875,8.9375,11.25],"texture":"#0"},"east":{"uv":[8.875,11.25,8.9375,11.3125],"texture":"#0"},"south":{"uv":[8.875,11.3125,8.9375,11.375],"texture":"#0"},"west":{"uv":[8,11.375,8.0625,11.4375],"texture":"#0"},"up":{"uv":[8.125,11.4375,8.0625,11.375],"texture":"#0"},"down":{"uv":[8.1875,11.375,8.125,11.4375],"texture":"#0"}}},{"from":[0.5,9,6.5],"to":[3.5,10,9.5],"faces":{"north":{"uv":[8.8125,10.875,8.90625,10.90625],"texture":"#0"},"east":{"uv":[8.90625,10.875,9,10.90625],"texture":"#0"},"south":{"uv":[8.9375,10.75,9.03125,10.78125],"texture":"#0"},"west":{"uv":[8.9375,10.78125,9.03125,10.8125],"texture":"#0"},"up":{"uv":[8.96875,10.65625,8.875,10.5625],"texture":"#0"},"down":{"uv":[8.96875,10.65625,8.875,10.75],"texture":"#0"}}},{"from":[4,12,2],"to":[12,17,12],"rotation":{"angle":-45,"axis":"x","origin":[8,15.5,7]},"faces":{"north":{"uv":[8.5625,10.75,8.8125,10.90625],"texture":"#0"},"east":{"uv":[8.5625,10.4375,8.875,10.59375],"texture":"#0"},"south":{"uv":[8.6875,10.90625,8.9375,11.0625],"texture":"#0"},"west":{"uv":[8.5625,10.59375,8.875,10.75],"texture":"#0"},"up":{"uv":[8.4375,11.21875,8.1875,10.90625],"texture":"#0"},"down":{"uv":[8.6875,10.90625,8.4375,11.21875],"texture":"#0"}}}],"gui_light":"front","display":{"thirdperson_righthand":{"translation":[0,3,1],"scale":[0.55,0.55,0.55]},"thirdperson_lefthand":{"translation":[0,3,1],"scale":[0.55,0.55,0.55]},"firstperson_righthand":{"rotation":[0,90,0],"translation":[1.13,3.2,1.13],"scale":[0.4,0.4,0.4]},"firstperson_lefthand":{"rotation":[0,90,0],"translation":[1.13,3.2,1.13],"scale":[0.4,0.4,0.4]},"ground":{"translation":[0,2,0],"scale":[0.5,0.5,0.5]},"gui":{"rotation":[15,145,0],"translation":[-0.75,-1.25,0],"scale":[0.75,0.75,0.75]},"head":{"translation":[0,-31.199,1],"scale":[1.5,1.5,1.5]},"fixed":{"rotation":[-90,0,0],"translation":[0,0,-16],"scale":[2,2,2]}}}