{"credit":"Made with Blockbench","texture_size":[64,64],"textures":{"0":"furnitures:rivrs/boutique_de_meuble_flat","1":"furnitures:rivrs/furnitures_color_4","particle":"furnitures:rivrs/boutique_de_meuble_flat"},"elements":[{"from":[-14,5,14],"to":[7,7,18],"rotation":{"angle":22.5,"axis":"z","origin":[-2,8,16]},"faces":{"north":{"uv":[13.46875,9.75,14.78125,9.875],"texture":"#1"},"east":{"uv":[12.90625,10.8125,13.15625,10.9375],"texture":"#1"},"south":{"uv":[13.46875,9.875,14.78125,10],"texture":"#1"},"west":{"uv":[13.78125,10.8125,14.03125,10.9375],"texture":"#1"},"up":{"uv":[13.46875,10.25,12.15625,10],"texture":"#1"},"down":{"uv":[13.46875,10.25,12.15625,10.5],"texture":"#1"}}},{"from":[9,5,14],"to":[30,7,18],"rotation":{"angle":-22.5,"axis":"z","origin":[18,8,0]},"faces":{"north":{"uv":[13.46875,9.875,14.78125,10],"texture":"#1"},"east":{"uv":[13.78125,10.8125,14.03125,10.9375],"texture":"#1"},"south":{"uv":[13.46875,9.75,14.78125,9.875],"texture":"#1"},"west":{"uv":[12.90625,10.8125,13.15625,10.9375],"texture":"#1"},"up":{"uv":[12.15625,10,13.46875,10.25],"texture":"#1"},"down":{"uv":[12.15625,10.5,13.46875,10.25],"texture":"#1"}}},{"from":[6,8,13],"to":[10,11,19],"rotation":{"angle":0,"axis":"y","origin":[0,-8,0]},"faces":{"north":{"uv":[13.78125,10.3125,14.03125,10.5],"texture":"#1"},"east":{"uv":[12.90625,10.5,13.28125,10.6875],"texture":"#1"},"south":{"uv":[13.78125,10.5,14.03125,10.6875],"texture":"#1"},"west":{"uv":[13.71875,10.125,14.09375,10.3125],"texture":"#1"},"up":{"uv":[12.65625,10.875,12.40625,10.5],"texture":"#1"},"down":{"uv":[12.90625,10.5,12.65625,10.875],"texture":"#1"}}},{"from":[-12,-16,15],"to":[-11,2,17],"rotation":{"angle":0,"axis":"y","origin":[0,-8,0]},"faces":{"north":{"uv":[13.28125,10.5,13.34375,11.625],"texture":"#1"},"east":{"uv":[13.46875,10.125,13.59375,11.25],"texture":"#1"},"south":{"uv":[13.34375,10.5,13.40625,11.625],"texture":"#1"},"west":{"uv":[13.59375,10.125,13.71875,11.25],"texture":"#1"},"up":{"uv":[13.21875,10.8125,13.15625,10.6875],"texture":"#1"},"down":{"uv":[13.28125,10.6875,13.21875,10.8125],"texture":"#1"}}},{"from":[27,-16,15],"to":[28,2,17],"rotation":{"angle":0,"axis":"y","origin":[16,-8,0]},"faces":{"north":{"uv":[13.34375,10.5,13.28125,11.625],"texture":"#1"},"east":{"uv":[13.71875,10.125,13.59375,11.25],"texture":"#1"},"south":{"uv":[13.40625,10.5,13.34375,11.625],"texture":"#1"},"west":{"uv":[13.59375,10.125,13.46875,11.25],"texture":"#1"},"up":{"uv":[13.15625,10.8125,13.21875,10.6875],"texture":"#1"},"down":{"uv":[13.21875,10.6875,13.28125,10.8125],"texture":"#1"}}},{"from":[-11.5,-16,12],"to":[27.5,-15,16],"rotation":{"angle":0,"axis":"y","origin":[0,-8,0]},"faces":{"north":{"uv":[13.46875,10,15.90625,10.0625],"texture":"#1"},"east":{"uv":[12.40625,10.875,12.65625,10.9375],"texture":"#1"},"south":{"uv":[13.46875,10.0625,15.90625,10.125],"texture":"#1"},"west":{"uv":[12.65625,10.875,12.90625,10.9375],"texture":"#1"},"up":{"uv":[14.59375,9.25,12.15625,9],"texture":"#1"},"down":{"uv":[14.59375,9,12.15625,9.25],"texture":"#1"}}},{"from":[-8,-13.8,13.8],"to":[24,2.2,13.8],"faces":{"north":{"uv":[5,0,9,2],"texture":"#0"},"east":{"uv":[0,0,0,2],"texture":"#0"},"south":{"uv":[5,2,9,4],"texture":"#0"},"west":{"uv":[0,0,0,2],"texture":"#0"},"up":{"uv":[4,0,0,0],"texture":"#0"},"down":{"uv":[4,0,0,0],"texture":"#0"}}},{"from":[-16,-4.8,17.8],"to":[0,27.2,17.8],"rotation":{"angle":0,"axis":"y","origin":[8,1.2,13.8]},"faces":{"north":{"uv":[7.8125,10.5,5.875,14.5],"texture":"#0"},"east":{"uv":[0,0,0,4],"texture":"#0"},"south":{"uv":[0,6,2,10],"texture":"#0"},"west":{"uv":[0,0,0,4],"texture":"#0"},"up":{"uv":[2,0,0,0],"texture":"#0"},"down":{"uv":[2,0,0,0],"texture":"#0"}}},{"from":[14,-7.8,17.8],"to":[30,24.2,17.8],"rotation":{"angle":0,"axis":"y","origin":[8,1.2,13.8]},"faces":{"north":{"uv":[2.375,11.5625,4.3125,15.5625],"texture":"#0"},"east":{"uv":[0,0,0,4],"texture":"#0"},"south":{"uv":[2,6,0,10],"texture":"#0"},"west":{"uv":[0,0,0,4],"texture":"#0"},"up":{"uv":[0,0,2,0],"texture":"#0"},"down":{"uv":[0,0,2,0],"texture":"#0"}}},{"from":[-6,-10.8,19.8],"to":[10,21.2,19.8],"rotation":{"angle":0,"axis":"y","origin":[8,1.2,13.8]},"faces":{"north":{"uv":[6.3125,12,4.375,16],"texture":"#0"},"east":{"uv":[0,0,0,4],"texture":"#0"},"south":{"uv":[0,6,2,10],"texture":"#0"},"west":{"uv":[0,0,0,4],"texture":"#0"},"up":{"uv":[2,0,0,0],"texture":"#0"},"down":{"uv":[2,0,0,0],"texture":"#0"}}},{"from":[16,-15.8,19.8],"to":[32,16.2,19.8],"rotation":{"angle":0,"axis":"y","origin":[8,1.2,13.8]},"faces":{"north":{"uv":[4.125,11.5,6.0625,15.5],"texture":"#0"},"east":{"uv":[0,0,0,4],"texture":"#0"},"south":{"uv":[2,6,0,10],"texture":"#0"},"west":{"uv":[0,0,0,4],"texture":"#0"},"up":{"uv":[0,0,2,0],"texture":"#0"},"down":{"uv":[0,0,2,0],"texture":"#0"}}},{"from":[-10.3,14.5,17.6],"to":[-1.3,23.5,17.6],"rotation":{"angle":22.5,"axis":"z","origin":[-7.5,17.7,16.8]},"faces":{"north":{"uv":[10.5625,12.25,11.6875,13.375],"texture":"#0"},"east":{"uv":[0,0,0,1.125],"texture":"#0"},"south":{"uv":[5.125,8,6.25,9.125],"texture":"#0"},"west":{"uv":[0,0,0,1.125],"texture":"#0"},"up":{"uv":[1.125,0,0,0],"texture":"#0"},"down":{"uv":[1.125,0,0,0],"texture":"#0"}}},{"from":[16.7,3.5,17.6],"to":[25.7,12.5,17.6],"rotation":{"angle":22.5,"axis":"z","origin":[-7.5,17.7,16.8]},"faces":{"north":{"uv":[10.5625,12.25,11.6875,13.375],"texture":"#0"},"east":{"uv":[0,0,0,1.125],"texture":"#0"},"south":{"uv":[5.125,8,6.25,9.125],"texture":"#0"},"west":{"uv":[0,0,0,1.125],"texture":"#0"},"up":{"uv":[1.125,0,0,0],"texture":"#0"},"down":{"uv":[1.125,0,0,0],"texture":"#0"}}},{"from":[-6.7,-16,17.6],"to":[2.3,-7,17.6],"rotation":{"angle":-22.5,"axis":"z","origin":[23.5,17.7,16.8]},"faces":{"north":{"uv":[11.6875,12.25,10.5625,13.375],"texture":"#0"},"east":{"uv":[0,0,0,1.125],"texture":"#0"},"south":{"uv":[6.25,8,5.125,9.125],"texture":"#0"},"west":{"uv":[0,0,0,1.125],"texture":"#0"},"up":{"uv":[0,0,1.125,0],"texture":"#0"},"down":{"uv":[0,0,1.125,0],"texture":"#0"}}},{"from":[3.76278,-0.4375,15.6],"to":[12.76278,8.5625,15.6],"rotation":{"angle":0,"axis":"y","origin":[9.26278,6.0625,5.6]},"faces":{"north":{"uv":[10.8125,14.0625,9.6875,15.1875],"texture":"#0"},"east":{"uv":[0,0,0,1.125],"texture":"#0"},"south":{"uv":[6.25,8,5.125,9.125],"texture":"#0"},"west":{"uv":[0,0,0,1.125],"texture":"#0"},"up":{"uv":[0,0,1.125,0],"texture":"#0"},"down":{"uv":[0,0,1.125,0],"texture":"#0"}}},{"from":[-15.23722,-4.4375,15.6],"to":[-6.23722,2.5625,15.6],"rotation":{"angle":0,"axis":"y","origin":[9.26278,6.0625,5.6]},"faces":{"north":{"uv":[10.8125,14.0625,9.6875,15.1875],"texture":"#0"},"east":{"uv":[0,0,0,1.125],"texture":"#0"},"south":{"uv":[6.25,8,5.125,9.125],"texture":"#0"},"west":{"uv":[0,0,0,1.125],"texture":"#0"},"up":{"uv":[0,0,1.125,0],"texture":"#0"},"down":{"uv":[0,0,1.125,0],"texture":"#0"}}},{"from":[23,5.76332,19.35],"to":[32,14.76332,19.35],"rotation":{"angle":-22.5,"axis":"z","origin":[30.24972,12.01332,17.6]},"faces":{"north":{"uv":[8.75,11.8125,10.3125,13.1875],"texture":"#0"},"east":{"uv":[0,0,0,1.125],"texture":"#0"},"south":{"uv":[5.125,8,6.25,9.125],"texture":"#0"},"west":{"uv":[0,0,0,1.125],"texture":"#0"},"up":{"uv":[1.125,0,0,0],"texture":"#0"},"down":{"uv":[1.125,0,0,0],"texture":"#0"}}},{"from":[-0.23557,18.57607,19.5],"to":[8.76443,27.57607,19.5],"rotation":{"angle":0,"axis":"y","origin":[0.26443,19.07607,17.6]},"faces":{"north":{"uv":[8.5625,11.5,10.25,12.9375],"texture":"#0"},"east":{"uv":[0,0,0,1.125],"texture":"#0"},"south":{"uv":[5.125,8,6.25,9.125],"texture":"#0"},"west":{"uv":[0,0,0,1.125],"texture":"#0"},"up":{"uv":[1.125,0,0,0],"texture":"#0"},"down":{"uv":[1.125,0,0,0],"texture":"#0"}}},{"from":[-8.76443,15.07607,19.6],"to":[0.23557,24.07607,19.6],"rotation":{"angle":22.5,"axis":"z","origin":[-4.96443,21.37607,19.6]},"faces":{"north":{"uv":[10.375,10.375,8.6875,11.8125],"texture":"#0"},"east":{"uv":[0,0,0,1.125],"texture":"#0"},"south":{"uv":[6.25,8,5.125,9.125],"texture":"#0"},"west":{"uv":[0,0,0,1.125],"texture":"#0"},"up":{"uv":[0,0,1.125,0],"texture":"#0"},"down":{"uv":[0,0,1.125,0],"texture":"#0"}}},{"from":[20,5.5,17.8],"to":[29,14.5,17.8],"rotation":{"angle":22.5,"axis":"z","origin":[-7.5,17.7,16.8]},"faces":{"north":{"uv":[8.6875,12,9.9375,13.125],"texture":"#0"},"east":{"uv":[0,0,0,1.125],"texture":"#0"},"south":{"uv":[5.125,8,6.25,9.125],"texture":"#0"},"west":{"uv":[0,0,0,1.125],"texture":"#0"},"up":{"uv":[1.125,0,0,0],"texture":"#0"},"down":{"uv":[1.125,0,0,0],"texture":"#0"}}},{"from":[9,11.5,17.8],"to":[18,20.5,17.8],"rotation":{"angle":-22.5,"axis":"z","origin":[23.5,17.7,16.8]},"faces":{"north":{"uv":[9.9375,10.75,8.6875,11.875],"texture":"#0"},"east":{"uv":[0,0,0,1.125],"texture":"#0"},"south":{"uv":[6.25,8,5.125,9.125],"texture":"#0"},"west":{"uv":[0,0,0,1.125],"texture":"#0"},"up":{"uv":[0,0,1.125,0],"texture":"#0"},"down":{"uv":[0,0,1.125,0],"texture":"#0"}}},{"from":[-9,-16,18.05],"to":[0,-7,18.05],"rotation":{"angle":-22.5,"axis":"z","origin":[23.5,17.7,16.8]},"faces":{"north":{"uv":[9.9375,10.75,8.6875,11.875],"texture":"#0"},"east":{"uv":[0,0,0,1.125],"texture":"#0"},"south":{"uv":[6.25,8,5.125,9.125],"texture":"#0"},"west":{"uv":[0,0,0,1.125],"texture":"#0"},"up":{"uv":[0,0,1.125,0],"texture":"#0"},"down":{"uv":[0,0,1.125,0],"texture":"#0"}}},{"from":[-14.5,-0.5,18.6],"to":[-5.5,8.5,18.6],"rotation":{"angle":-22.5,"axis":"z","origin":[23.5,17.7,16.8]},"faces":{"north":{"uv":[11.8125,10.875,10.6875,12],"texture":"#0"},"east":{"uv":[0,0,0,1.125],"texture":"#0"},"south":{"uv":[6.25,8,5.125,9.125],"texture":"#0"},"west":{"uv":[0,0,0,1.125],"texture":"#0"},"up":{"uv":[0,0,1.125,0],"texture":"#0"},"down":{"uv":[0,0,1.125,0],"texture":"#0"}}},{"from":[8,-11.8,14.8],"to":[24,4.2,14.8],"rotation":{"angle":0,"axis":"y","origin":[8,1.2,13.8]},"faces":{"north":{"uv":[10,8.8125,12,10.8125],"texture":"#0"},"east":{"uv":[0,0,0,2],"texture":"#0"},"south":{"uv":[2,8,4,10],"texture":"#0"},"west":{"uv":[0,0,0,2],"texture":"#0"},"up":{"uv":[2,0,0,0],"texture":"#0"},"down":{"uv":[2,0,0,0],"texture":"#0"}}},{"from":[-7,-14.8,14.8],"to":[9,1.2,14.8],"rotation":{"angle":0,"axis":"y","origin":[8,1.2,13.8]},"faces":{"north":{"uv":[10,8.8125,12,10.8125],"texture":"#0"},"east":{"uv":[0,0,0,2],"texture":"#0"},"south":{"uv":[2,8,4,10],"texture":"#0"},"west":{"uv":[0,0,0,2],"texture":"#0"},"up":{"uv":[2,0,0,0],"texture":"#0"},"down":{"uv":[2,0,0,0],"texture":"#0"}}},{"from":[-8.72293,10.38207,19.4],"to":[2.47707,21.58207,19.4],"rotation":{"angle":0,"axis":"y","origin":[1.87707,15.98207,18.8]},"faces":{"north":{"uv":[10,8.8125,12,10.8125],"texture":"#0"},"east":{"uv":[0,0,0,2],"texture":"#0"},"south":{"uv":[2,8,4,10],"texture":"#0"},"west":{"uv":[0,0,0,2],"texture":"#0"},"up":{"uv":[2,0,0,0],"texture":"#0"},"down":{"uv":[2,0,0,0],"texture":"#0"}}},{"from":[18.52707,9.13207,19.4],"to":[29.72707,20.33207,19.4],"rotation":{"angle":0,"axis":"y","origin":[1.87707,15.98207,18.8]},"faces":{"north":{"uv":[10,8.8125,12,10.8125],"texture":"#0"},"east":{"uv":[0,0,0,2],"texture":"#0"},"south":{"uv":[2,8,4,10],"texture":"#0"},"west":{"uv":[0,0,0,2],"texture":"#0"},"up":{"uv":[2,0,0,0],"texture":"#0"},"down":{"uv":[2,0,0,0],"texture":"#0"}}},{"from":[-8,-14.5,15],"to":[24,1.5,15],"faces":{"north":{"uv":[7,4,11,6],"texture":"#0"},"east":{"uv":[0,0,0,2],"texture":"#0"},"south":{"uv":[7,6,11,8],"texture":"#0"},"west":{"uv":[0,0,0,2],"texture":"#0"},"up":{"uv":[4,0,0,0],"texture":"#0"},"down":{"uv":[4,0,0,0],"texture":"#0"}}},{"from":[-12,-16,16],"to":[28,8,16],"rotation":{"angle":0,"axis":"y","origin":[0,-2,0]},"faces":{"north":{"uv":[0,0,5,3],"texture":"#0"},"east":{"uv":[0,0,0,3],"texture":"#0"},"south":{"uv":[0,3,5,6],"texture":"#0"},"west":{"uv":[0,0,0,3],"texture":"#0"},"up":{"uv":[5,0,0,0],"texture":"#0"},"down":{"uv":[5,0,0,0],"texture":"#0"}}}],"gui_light":"front","display":{"thirdperson_righthand":{"rotation":[75,45,0],"translation":[0,2.5,0],"scale":[0.375,0.375,0.375]},"thirdperson_lefthand":{"rotation":[75,45,0],"translation":[0,2.5,0],"scale":[0.375,0.375,0.375]},"firstperson_righthand":{"rotation":[0,180,0],"translation":[8.25,1.5,0],"scale":[0.4,0.4,0.4]},"firstperson_lefthand":{"rotation":[0,180,0],"translation":[8.25,1.5,0],"scale":[0.4,0.4,0.4]},"ground":{"translation":[0,3,0],"scale":[0.25,0.25,0.25]},"gui":{"rotation":[15,135,0],"translation":[-2.25,1.5,0],"scale":[0.3,0.3,0.3]},"head":{"translation":[0,-43.199,-14.5],"scale":[1.5,1.5,1.5]},"fixed":{"rotation":[-5,0,0],"translation":[0,77,-42],"scale":[4,4,4]}}}