{"credit":"Made with Blockbench","texture_size":[512,512],"textures":{"0":"furnitures:rivrs/furnitures_color_2","particle":"furnitures:rivrs/furnitures_color_2"},"elements":[{"from":[6.67667,0,-0.51611],"to":[9.67667,2,2.48389],"rotation":{"angle":45,"axis":"y","origin":[10.67667,1,7.48389]},"faces":{"north":{"uv":[10.40625,14.125,10.5,14.1875],"texture":"#0"},"east":{"uv":[10.90625,13.625,11,13.6875],"texture":"#0"},"south":{"uv":[10.90625,13.6875,11,13.75],"texture":"#0"},"west":{"uv":[10.5,14.125,10.59375,14.1875],"texture":"#0"},"up":{"uv":[10.875,13.84375,10.78125,13.75],"texture":"#0"},"down":{"uv":[10.5,14.03125,10.40625,14.125],"texture":"#0"}}},{"from":[0,0,7],"to":[6,3,14],"rotation":{"angle":22.5,"axis":"y","origin":[3,1.5,6.5]},"faces":{"north":{"uv":[10.40625,13.9375,10.59375,14.03125],"texture":"#0"},"east":{"uv":[10.40625,13.84375,10.625,13.9375],"texture":"#0"},"south":{"uv":[10.59375,13.9375,10.78125,14.03125],"texture":"#0"},"west":{"uv":[10.625,13.84375,10.84375,13.9375],"texture":"#0"},"up":{"uv":[10.59375,13.84375,10.40625,13.625],"texture":"#0"},"down":{"uv":[10.78125,13.625,10.59375,13.84375],"texture":"#0"}}},{"from":[8,0,5],"to":[12,2,9],"rotation":{"angle":22.5,"axis":"y","origin":[0,0,0]},"faces":{"north":{"uv":[10.84375,13.84375,10.96875,13.90625],"texture":"#0"},"east":{"uv":[10.6875,14.0625,10.8125,14.125],"texture":"#0"},"south":{"uv":[10.8125,14.0625,10.9375,14.125],"texture":"#0"},"west":{"uv":[10.875,13.75,11,13.8125],"texture":"#0"},"up":{"uv":[10.90625,13.75,10.78125,13.625],"texture":"#0"},"down":{"uv":[10.90625,13.9375,10.78125,14.0625],"texture":"#0"}}},{"from":[14.67667,0,13.48389],"to":[17.67667,2,16.48389],"rotation":{"angle":0,"axis":"y","origin":[10.67667,1,7.48389]},"faces":{"north":{"uv":[10.59375,14.125,10.6875,14.1875],"texture":"#0"},"east":{"uv":[10.6875,14.125,10.78125,14.1875],"texture":"#0"},"south":{"uv":[10.90625,13.90625,11,13.96875],"texture":"#0"},"west":{"uv":[10.90625,13.96875,11,14.03125],"texture":"#0"},"up":{"uv":[10.59375,14.125,10.5,14.03125],"texture":"#0"},"down":{"uv":[10.6875,14.03125,10.59375,14.125],"texture":"#0"}}}],"gui_light":"front","display":{"thirdperson_righthand":{"translation":[0,3,1],"scale":[0.55,0.55,0.55]},"thirdperson_lefthand":{"translation":[0,3,1],"scale":[0.55,0.55,0.55]},"firstperson_righthand":{"rotation":[45,-45,25],"translation":[1,4.5,3],"scale":[0.3,0.3,0.3]},"firstperson_lefthand":{"rotation":[45,-45,25],"translation":[1,4.5,3],"scale":[0.3,0.3,0.3]},"ground":{"translation":[0,2,0],"scale":[0.5,0.5,0.5]},"gui":{"rotation":[90,23,0],"translation":[-2,-0.5,0],"scale":[0.8,0.8,0.8]},"head":{"translation":[0,-31.199,0],"scale":[1.5,1.5,1.5]},"fixed":{"rotation":[-90,0,0],"translation":[0,0,-16],"scale":[2,2,2]}}}