{"credit":"Made with Blockbench","texture_size":[64,64],"textures":{"0":"furnitures:rivrs/furnitures_color_2","particle":"furnitures:rivrs/furnitures_color_2"},"elements":[{"from":[15.63252,3.76898,0.9],"to":[16.63252,7.76898,15.1],"rotation":{"angle":0,"axis":"y","origin":[16.73252,10.16898,8]},"faces":{"north":{"uv":[10.875,9.59375,10.90625,9.71875],"texture":"#0"},"east":{"uv":[10.4375,9.21875,10.875,9.34375],"texture":"#0"},"south":{"uv":[10.90625,9.59375,10.9375,9.71875],"texture":"#0"},"west":{"uv":[10.4375,9.34375,10.875,9.46875],"texture":"#0"},"up":{"uv":[10.78125,10.03125,10.75,9.59375],"texture":"#0"},"down":{"uv":[10.8125,9.59375,10.78125,10.03125],"texture":"#0"}}},{"from":[3,0,1],"to":[13,4,15],"faces":{"north":{"uv":[10.875,9.34375,11.1875,9.46875],"texture":"#0"},"east":{"uv":[10.75,8.78125,11.1875,8.90625],"texture":"#0"},"south":{"uv":[10.875,9.46875,11.1875,9.59375],"texture":"#0"},"west":{"uv":[10.75,8.90625,11.1875,9.03125],"texture":"#0"},"up":{"uv":[10.4375,9.21875,10.125,8.78125],"texture":"#0"},"down":{"uv":[10.75,8.78125,10.4375,9.21875],"texture":"#0"}}},{"from":[3,4,1],"to":[8,7,15],"faces":{"north":{"uv":[10.4375,9.59375,10.59375,9.6875],"texture":"#0"},"east":{"uv":[10.875,9.15625,11.3125,9.25],"texture":"#0"},"south":{"uv":[10.59375,9.59375,10.75,9.6875],"texture":"#0"},"west":{"uv":[10.875,9.25,11.3125,9.34375],"texture":"#0"},"up":{"uv":[10.28125,9.65625,10.125,9.21875],"texture":"#0"},"down":{"uv":[10.4375,9.21875,10.28125,9.65625],"texture":"#0"}}},{"from":[10,4,1],"to":[15,7,15],"faces":{"north":{"uv":[10.4375,9.59375,10.59375,9.6875],"texture":"#0"},"east":{"uv":[10.875,9.15625,11.3125,9.25],"texture":"#0"},"south":{"uv":[10.59375,9.59375,10.75,9.6875],"texture":"#0"},"west":{"uv":[10.875,9.25,11.3125,9.34375],"texture":"#0"},"up":{"uv":[10.28125,9.65625,10.125,9.21875],"texture":"#0"},"down":{"uv":[10.4375,9.21875,10.28125,9.65625],"texture":"#0"}}},{"from":[12,7,1],"to":[17,10,15],"faces":{"north":{"uv":[10.4375,9.59375,10.59375,9.6875],"texture":"#0"},"east":{"uv":[10.875,9.15625,11.3125,9.25],"texture":"#0"},"south":{"uv":[10.59375,9.59375,10.75,9.6875],"texture":"#0"},"west":{"uv":[10.875,9.25,11.3125,9.34375],"texture":"#0"},"up":{"uv":[10.28125,9.65625,10.125,9.21875],"texture":"#0"},"down":{"uv":[10.4375,9.21875,10.28125,9.65625],"texture":"#0"}}},{"from":[3,7,1],"to":[8,10,15],"faces":{"north":{"uv":[10.4375,9.59375,10.59375,9.6875],"texture":"#0"},"east":{"uv":[10.875,9.15625,11.3125,9.25],"texture":"#0"},"south":{"uv":[10.59375,9.59375,10.75,9.6875],"texture":"#0"},"west":{"uv":[10.875,9.25,11.3125,9.34375],"texture":"#0"},"up":{"uv":[10.28125,9.65625,10.125,9.21875],"texture":"#0"},"down":{"uv":[10.4375,9.21875,10.28125,9.65625],"texture":"#0"}}},{"from":[6,9,0.9],"to":[7,13,15.1],"rotation":{"angle":22.5,"axis":"z","origin":[6.5,11,8]},"faces":{"north":{"uv":[10.9375,9.59375,10.96875,9.71875],"texture":"#0"},"east":{"uv":[10.75,9.03125,11.1875,9.15625],"texture":"#0"},"south":{"uv":[10.96875,9.59375,11,9.71875],"texture":"#0"},"west":{"uv":[10.4375,9.46875,10.875,9.59375],"texture":"#0"},"up":{"uv":[10.84375,10.03125,10.8125,9.59375],"texture":"#0"},"down":{"uv":[10.875,9.59375,10.84375,10.03125],"texture":"#0"}}}],"gui_light":"front","display":{"thirdperson_righthand":{"translation":[0,3,1],"scale":[0.55,0.55,0.55]},"thirdperson_lefthand":{"translation":[0,3,1],"scale":[0.55,0.55,0.55]},"firstperson_righthand":{"rotation":[0,-90,25],"translation":[1.13,3.2,1.13],"scale":[0.68,0.68,0.68]},"firstperson_lefthand":{"rotation":[0,-90,25],"translation":[1.13,3.2,1.13],"scale":[0.68,0.68,0.68]},"ground":{"translation":[0,2,0],"scale":[0.5,0.5,0.5]},"gui":{"rotation":[15,145,0],"translation":[1,1.75,0],"scale":[0.75,0.75,0.75]},"head":{"translation":[0,-31.199,0],"scale":[1.5,1.5,1.5]},"fixed":{"rotation":[-90,0,0],"translation":[0,0,-16],"scale":[2,2,2]}}}