{"credit":"Made with Blockbench","texture_size":[64,64],"textures":{"0":"furnitures:rivrs/furnitures_color_2","particle":"furnitures:rivrs/furnitures_color_2"},"elements":[{"from":[2,0,3],"to":[14,3,14],"rotation":{"angle":0,"axis":"y","origin":[0,0,1]},"faces":{"north":{"uv":[8.90625,9.65625,9.28125,9.75],"texture":"#0"},"east":{"uv":[9.28125,8.875,9.625,8.96875],"texture":"#0"},"south":{"uv":[8.59375,9.75,8.96875,9.84375],"texture":"#0"},"west":{"uv":[9.28125,8.96875,9.625,9.0625],"texture":"#0"},"up":{"uv":[8.65625,9.125,8.28125,8.78125],"texture":"#0"},"down":{"uv":[8.65625,9.125,8.28125,9.46875],"texture":"#0"}}},{"from":[3,0,0],"to":[13,2,3],"rotation":{"angle":0,"axis":"y","origin":[0,0,1]},"faces":{"north":{"uv":[9.21875,9.84375,9.53125,9.90625],"texture":"#0"},"east":{"uv":[9.40625,9.96875,9.5,10.03125],"texture":"#0"},"south":{"uv":[9.34375,9.71875,9.65625,9.78125],"texture":"#0"},"west":{"uv":[8.40625,10,8.5,10.0625],"texture":"#0"},"up":{"uv":[8.59375,9.875,8.28125,9.78125],"texture":"#0"},"down":{"uv":[9.59375,9.0625,9.28125,9.15625],"texture":"#0"}}},{"from":[2,0,-1],"to":[14,3,0],"rotation":{"angle":0,"axis":"y","origin":[0,0,1]},"faces":{"north":{"uv":[8.96875,9.75,9.34375,9.84375],"texture":"#0"},"east":{"uv":[8.5,10,8.53125,10.09375],"texture":"#0"},"south":{"uv":[9.28125,8.78125,9.65625,8.875],"texture":"#0"},"west":{"uv":[8.53125,10,8.5625,10.09375],"texture":"#0"},"up":{"uv":[9.71875,9.8125,9.34375,9.78125],"texture":"#0"},"down":{"uv":[9.71875,9.8125,9.34375,9.84375],"texture":"#0"}}},{"from":[3,3,4],"to":[13,6,14],"rotation":{"angle":0,"axis":"y","origin":[0,0,1]},"faces":{"north":{"uv":[9.28125,9.15625,9.59375,9.25],"texture":"#0"},"east":{"uv":[9.28125,9.25,9.59375,9.34375],"texture":"#0"},"south":{"uv":[9.28125,9.34375,9.59375,9.4375],"texture":"#0"},"west":{"uv":[9.28125,9.4375,9.59375,9.53125],"texture":"#0"},"up":{"uv":[8.96875,9.09375,8.65625,8.78125],"texture":"#0"},"down":{"uv":[8.96875,9.09375,8.65625,9.40625],"texture":"#0"}}},{"from":[2,4,7],"to":[3,7,10],"rotation":{"angle":0,"axis":"y","origin":[0,0,1]},"faces":{"north":{"uv":[8.5625,10,8.59375,10.09375],"texture":"#0"},"east":{"uv":[9.21875,9.90625,9.3125,10],"texture":"#0"},"south":{"uv":[9.21875,10,9.25,10.09375],"texture":"#0"},"west":{"uv":[9.3125,9.90625,9.40625,10],"texture":"#0"},"up":{"uv":[9.28125,10.09375,9.25,10],"texture":"#0"},"down":{"uv":[9.3125,10,9.28125,10.09375],"texture":"#0"}}},{"from":[1,11,8],"to":[2,12,9],"rotation":{"angle":-22.5,"axis":"x","origin":[0.25,5.5,8.5]},"faces":{"north":{"uv":[8.90625,9.59375,8.9375,9.625],"texture":"#0"},"east":{"uv":[8.9375,9.59375,8.96875,9.625],"texture":"#0"},"south":{"uv":[8.90625,9.625,8.9375,9.65625],"texture":"#0"},"west":{"uv":[8.9375,9.625,8.96875,9.65625],"texture":"#0"},"up":{"uv":[8.625,9.75,8.59375,9.71875],"texture":"#0"},"down":{"uv":[8.65625,9.71875,8.625,9.75],"texture":"#0"}}},{"from":[-3,10.5,7.5],"to":[1,12.5,9.5],"rotation":{"angle":-22.5,"axis":"x","origin":[0.25,5.5,8.5]},"faces":{"north":{"uv":[9.40625,9.90625,9.53125,9.96875],"texture":"#0"},"east":{"uv":[8.59375,9.46875,8.65625,9.53125],"texture":"#0"},"south":{"uv":[8.59375,9.96875,8.71875,10.03125],"texture":"#0"},"west":{"uv":[8.59375,9.53125,8.65625,9.59375],"texture":"#0"},"up":{"uv":[8.84375,10.03125,8.71875,9.96875],"texture":"#0"},"down":{"uv":[8.96875,9.96875,8.84375,10.03125],"texture":"#0"}}},{"from":[1.5,4.5,7.5],"to":[1.5,12.5,9.5],"rotation":{"angle":-22.5,"axis":"x","origin":[0.25,5.5,8.5]},"faces":{"north":{"uv":[8.28125,8.78125,8.28125,9.03125],"texture":"#0"},"east":{"uv":[8.40625,9.875,8.34375,10.125],"texture":"#0"},"south":{"uv":[8.28125,8.78125,8.28125,9.03125],"texture":"#0"},"west":{"uv":[8.34375,9.875,8.40625,10.125],"texture":"#0"},"up":{"uv":[8.28125,8.84375,8.28125,8.78125],"texture":"#0"},"down":{"uv":[8.28125,8.78125,8.28125,8.84375],"texture":"#0"}}},{"from":[1,5,8],"to":[2,6,9],"rotation":{"angle":-22.5,"axis":"x","origin":[0.25,5.5,8.5]},"faces":{"north":{"uv":[8.65625,9.71875,8.6875,9.75],"texture":"#0"},"east":{"uv":[8.6875,9.71875,8.71875,9.75],"texture":"#0"},"south":{"uv":[8.71875,9.71875,8.75,9.75],"texture":"#0"},"west":{"uv":[8.75,9.71875,8.78125,9.75],"texture":"#0"},"up":{"uv":[8.8125,9.75,8.78125,9.71875],"texture":"#0"},"down":{"uv":[8.84375,9.71875,8.8125,9.75],"texture":"#0"}}},{"from":[3,6,8],"to":[13,10,14],"rotation":{"angle":0,"axis":"y","origin":[0,0,1]},"faces":{"north":{"uv":[8.96875,9.15625,9.28125,9.28125],"texture":"#0"},"east":{"uv":[8.59375,9.84375,8.78125,9.96875],"texture":"#0"},"south":{"uv":[8.96875,9.28125,9.28125,9.40625],"texture":"#0"},"west":{"uv":[8.78125,9.84375,8.96875,9.96875],"texture":"#0"},"up":{"uv":[8.96875,9.59375,8.65625,9.40625],"texture":"#0"},"down":{"uv":[8.59375,9.46875,8.28125,9.65625],"texture":"#0"}}},{"from":[2.9,3.42513,6.35355],"to":[13.1,9.02513,10.35355],"rotation":{"angle":45,"axis":"x","origin":[8,7.52513,8.35355]},"faces":{"north":{"uv":[8.96875,8.78125,9.28125,8.96875],"texture":"#0"},"east":{"uv":[8.96875,9.84375,9.09375,10.03125],"texture":"#0"},"south":{"uv":[8.96875,8.96875,9.28125,9.15625],"texture":"#0"},"west":{"uv":[9.09375,9.84375,9.21875,10.03125],"texture":"#0"},"up":{"uv":[9.28125,9.53125,8.96875,9.40625],"texture":"#0"},"down":{"uv":[9.28125,9.53125,8.96875,9.65625],"texture":"#0"}}},{"from":[3,10,10],"to":[13,14,13],"rotation":{"angle":0,"axis":"y","origin":[0,0,1]},"faces":{"north":{"uv":[8.59375,9.59375,8.90625,9.71875],"texture":"#0"},"east":{"uv":[8.40625,9.875,8.5,10],"texture":"#0"},"south":{"uv":[8.28125,9.65625,8.59375,9.78125],"texture":"#0"},"west":{"uv":[8.5,9.875,8.59375,10],"texture":"#0"},"up":{"uv":[9.59375,9.625,9.28125,9.53125],"texture":"#0"},"down":{"uv":[9.59375,9.625,9.28125,9.71875],"texture":"#0"}}}],"gui_light":"front","display":{"thirdperson_righthand":{"translation":[0,3,1],"scale":[0.55,0.55,0.55]},"thirdperson_lefthand":{"translation":[0,3,1],"scale":[0.55,0.55,0.55]},"firstperson_righthand":{"rotation":[0,180,0],"translation":[5,1.75,-0.5],"scale":[0.4,0.4,0.4]},"firstperson_lefthand":{"rotation":[0,180,0],"translation":[5,1.75,-0.5],"scale":[0.4,0.4,0.4]},"ground":{"translation":[0,2,0],"scale":[0.5,0.5,0.5]},"gui":{"rotation":[23,141,0],"translation":[0,0.25,0],"scale":[0.72,0.71,0.7]},"head":{"translation":[0,-31.199,0],"scale":[1.5,1.5,1.5]},"fixed":{"rotation":[-90,0,0],"translation":[0,0,-16],"scale":[2,2,2]}}}