{"credit":"Made with Blockbench","texture_size":[64,64],"textures":{"0":"furnitures:rivrs/furnitures_color_4","particle":"furnitures:rivrs/furnitures_color_4"},"elements":[{"from":[8,0,2],"to":[12,4,14],"rotation":{"angle":-22.5,"axis":"y","origin":[10,2,8]},"faces":{"north":{"uv":[11.90625,1.375,12.03125,1.5],"texture":"#0"},"east":{"uv":[13,0.4375,13.375,0.5625],"texture":"#0"},"south":{"uv":[12.03125,1.375,12.15625,1.5],"texture":"#0"},"west":{"uv":[13,0.5625,13.375,0.6875],"texture":"#0"},"up":{"uv":[13.125,1.0625,13,0.6875],"texture":"#0"},"down":{"uv":[13.125,1.0625,13,1.4375],"texture":"#0"}}},{"from":[4,0,1],"to":[8,3,13],"faces":{"north":{"uv":[13,1.4375,13.125,1.53125],"texture":"#0"},"east":{"uv":[13.21875,0.25,13.59375,0.34375],"texture":"#0"},"south":{"uv":[13.125,1.4375,13.25,1.53125],"texture":"#0"},"west":{"uv":[13.21875,0.34375,13.59375,0.4375],"texture":"#0"},"up":{"uv":[13.25,1.0625,13.125,0.6875],"texture":"#0"},"down":{"uv":[13.25,1.0625,13.125,1.4375],"texture":"#0"}}},{"from":[0,1,7],"to":[12,5,11],"rotation":{"angle":22.5,"axis":"z","origin":[7,6,8]},"faces":{"north":{"uv":[11.90625,1.25,12.28125,1.375],"texture":"#0"},"east":{"uv":[12.15625,1.375,12.28125,1.5],"texture":"#0"},"south":{"uv":[12.28125,1.25,12.65625,1.375],"texture":"#0"},"west":{"uv":[12.28125,1.375,12.40625,1.5],"texture":"#0"},"up":{"uv":[13.59375,0.125,13.21875,0],"texture":"#0"},"down":{"uv":[13.59375,0.125,13.21875,0.25],"texture":"#0"}}},{"from":[-8,0,8],"to":[27,20,8],"faces":{"north":{"uv":[11.90625,0,13,0.625],"texture":"#0"},"east":{"uv":[11.90625,0,11.90625,0.625],"texture":"#0"},"south":{"uv":[13,0,11.90625,0.625],"texture":"#0"},"west":{"uv":[11.90625,0,11.90625,0.625],"texture":"#0"},"up":{"uv":[13,0,11.90625,0],"texture":"#0"},"down":{"uv":[13,0,11.90625,0],"texture":"#0"}}},{"from":[9,13.25,5.75],"to":[16,20.25,10.75],"faces":{"north":{"uv":[13,0,13.21875,0.21875],"texture":"#0"},"east":{"uv":[12.84375,1.25,13,1.46875],"texture":"#0"},"south":{"uv":[13.21875,0,13,0.21875],"texture":"#0"},"west":{"uv":[13.25,0.9375,13.40625,1.15625],"texture":"#0"},"up":{"uv":[13.46875,1.3125,13.25,1.15625],"texture":"#0"},"down":{"uv":[13.46875,1.3125,13.25,1.46875],"texture":"#0"}}},{"from":[-1,13.25,7.75],"to":[5,21.25,7.75],"faces":{"north":{"uv":[12.65625,1.25,12.84375,1.5],"texture":"#0"},"east":{"uv":[11.90625,0,11.90625,0.25],"texture":"#0"},"south":{"uv":[12.84375,1.25,12.65625,1.5],"texture":"#0"},"west":{"uv":[11.90625,0,11.90625,0.25],"texture":"#0"},"up":{"uv":[12.09375,0,11.90625,0],"texture":"#0"},"down":{"uv":[12.09375,0,11.90625,0],"texture":"#0"}}},{"from":[5,15.25,6.75],"to":[9,19.25,9.75],"faces":{"north":{"uv":[12.40625,1.375,12.53125,1.5],"texture":"#0"},"east":{"uv":[13.375,0.4375,13.46875,0.5625],"texture":"#0"},"south":{"uv":[12.53125,1.375,12.40625,1.5],"texture":"#0"},"west":{"uv":[13.375,0.5625,13.46875,0.6875],"texture":"#0"},"up":{"uv":[12.96875,1.5625,12.84375,1.46875],"texture":"#0"},"down":{"uv":[13.375,1.46875,13.25,1.5625],"texture":"#0"}}}],"gui_light":"front","display":{"thirdperson_righthand":{"rotation":[75,45,0],"translation":[0,2.5,0],"scale":[0.375,0.375,0.375]},"thirdperson_lefthand":{"rotation":[75,45,0],"translation":[0,2.5,0],"scale":[0.375,0.375,0.375]},"firstperson_righthand":{"rotation":[0,45,0],"translation":[4.25,0,0],"scale":[0.4,0.4,0.4]},"firstperson_lefthand":{"rotation":[0,45,0],"translation":[4.25,0,0],"scale":[0.4,0.4,0.4]},"ground":{"translation":[0,2,0],"scale":[0.5,0.5,0.5]},"gui":{"rotation":[21,147,0],"translation":[1,-2.25,0],"scale":[0.5,0.5,0.5]},"head":{"translation":[0,-31.199,2.5],"scale":[1.5,1.5,1.5]},"fixed":{"rotation":[-90,0,0],"translation":[0,0,-16.25],"scale":[2,2,2]}}}