{"credit":"Made with Blockbench","texture_size":[128,128],"textures":{"0":"furnitures:rivrs/furnitures_color_2","particle":"furnitures:rivrs/furnitures_color_2"},"elements":[{"from":[-16,21,7],"to":[32,23,9],"faces":{"north":{"uv":[11.5625,8.6875,13.0625,8.75],"texture":"#0"},"east":{"uv":[11.5625,8.9375,11.625,9],"texture":"#0"},"south":{"uv":[11.5625,8.75,13.0625,8.8125],"texture":"#0"},"west":{"uv":[11.5625,9,11.625,9.0625],"texture":"#0"},"up":{"uv":[13.0625,8.875,11.5625,8.8125],"texture":"#0"},"down":{"uv":[13.0625,8.875,11.5625,8.9375],"texture":"#0"}}},{"from":[-16,0,3],"to":[-16,23,13],"faces":{"north":{"uv":[0,0,0,2.875],"texture":"#0"},"east":{"uv":[12.78125,8.96875,13.09375,9.625],"texture":"#0"},"south":{"uv":[0,0,0,2.875],"texture":"#0"},"west":{"uv":[12.78125,8.96875,13.09375,9.625],"texture":"#0"},"up":{"uv":[0,1.25,0,0],"texture":"#0"},"down":{"uv":[0,0,0,1.25],"texture":"#0"}}},{"from":[32,0,3],"to":[32,23,13],"faces":{"north":{"uv":[0,0,0,2.875],"texture":"#0"},"east":{"uv":[12.78125,8.96875,13.09375,9.625],"texture":"#0"},"south":{"uv":[0,0,0,2.875],"texture":"#0"},"west":{"uv":[12.78125,8.96875,13.09375,9.625],"texture":"#0"},"up":{"uv":[0,1.25,0,0],"texture":"#0"},"down":{"uv":[0,0,0,1.25],"texture":"#0"}}},{"from":[-14,17,0],"to":[-14,24,16],"faces":{"north":{"uv":[0,0,0,0.875],"texture":"#0"},"east":{"uv":[11.5625,8.46875,12.0625,8.6875],"texture":"#0"},"south":{"uv":[0,0,0,0.875],"texture":"#0"},"west":{"uv":[11.5625,8.46875,12.0625,8.6875],"texture":"#0"},"up":{"uv":[0,2,0,0],"texture":"#0"},"down":{"uv":[0,0,0,2],"texture":"#0"}}},{"from":[-4,17,0],"to":[-4,24,16],"faces":{"north":{"uv":[0,0,0,0.875],"texture":"#0"},"east":{"uv":[11.5625,8.46875,12.0625,8.6875],"texture":"#0"},"south":{"uv":[0,0,0,0.875],"texture":"#0"},"west":{"uv":[11.5625,8.46875,12.0625,8.6875],"texture":"#0"},"up":{"uv":[0,2,0,0],"texture":"#0"},"down":{"uv":[0,0,0,2],"texture":"#0"}}},{"from":[-1,17,0],"to":[-1,24,16],"faces":{"north":{"uv":[0,0,0,0.875],"texture":"#0"},"east":{"uv":[11.5625,8.46875,12.0625,8.6875],"texture":"#0"},"south":{"uv":[0,0,0,0.875],"texture":"#0"},"west":{"uv":[11.5625,8.46875,12.0625,8.6875],"texture":"#0"},"up":{"uv":[0,2,0,0],"texture":"#0"},"down":{"uv":[0,0,0,2],"texture":"#0"}}},{"from":[15,17,0],"to":[15,24,16],"faces":{"north":{"uv":[0,0,0,0.875],"texture":"#0"},"east":{"uv":[11.5625,8.46875,12.0625,8.6875],"texture":"#0"},"south":{"uv":[0,0,0,0.875],"texture":"#0"},"west":{"uv":[11.5625,8.46875,12.0625,8.6875],"texture":"#0"},"up":{"uv":[0,2,0,0],"texture":"#0"},"down":{"uv":[0,0,0,2],"texture":"#0"}}},{"from":[28,17,0],"to":[28,24,16],"faces":{"north":{"uv":[0,0,0,0.875],"texture":"#0"},"east":{"uv":[11.5625,8.46875,12.0625,8.6875],"texture":"#0"},"south":{"uv":[0,0,0,0.875],"texture":"#0"},"west":{"uv":[11.5625,8.46875,12.0625,8.6875],"texture":"#0"},"up":{"uv":[0,2,0,0],"texture":"#0"},"down":{"uv":[0,0,0,2],"texture":"#0"}}},{"from":[18,6,-2],"to":[18,24,18],"faces":{"north":{"uv":[0,0,0,2.25],"texture":"#0"},"east":{"uv":[12.25,9.03125,12.75,9.5625],"texture":"#0"},"south":{"uv":[0,0,0,2.25],"texture":"#0"},"west":{"uv":[12.25,9.03125,12.75,9.5625],"texture":"#0"},"up":{"uv":[0,2.5,0,0],"texture":"#0"},"down":{"uv":[0,0,0,2.5],"texture":"#0"}}},{"from":[29,6,-2],"to":[29,24,18],"faces":{"north":{"uv":[0,0,0,2.25],"texture":"#0"},"east":{"uv":[11.625,9.59375,12.125,10.125],"texture":"#0"},"south":{"uv":[0,0,0,2.25],"texture":"#0"},"west":{"uv":[11.625,9.59375,12.125,10.125],"texture":"#0"},"up":{"uv":[0,2.5,0,0],"texture":"#0"},"down":{"uv":[0,0,0,2.5],"texture":"#0"}}},{"from":[7,6,-2],"to":[7,24,18],"faces":{"north":{"uv":[0,0,0,2.25],"texture":"#0"},"east":{"uv":[11.63125,9.0375,12.13125,9.56875],"texture":"#0"},"south":{"uv":[0,0,0,2.25],"texture":"#0"},"west":{"uv":[11.625,9.03125,12.125,9.5625],"texture":"#0"},"up":{"uv":[0,2.5,0,0],"texture":"#0"},"down":{"uv":[0,0,0,2.5],"texture":"#0"}}},{"from":[5,6,-2],"to":[5,24,18],"faces":{"north":{"uv":[0,0,0,2.25],"texture":"#0"},"east":{"uv":[11.625,9.59375,12.125,10.125],"texture":"#0"},"south":{"uv":[0,0,0,2.25],"texture":"#0"},"west":{"uv":[11.625,9.59375,12.125,10.125],"texture":"#0"},"up":{"uv":[0,2.5,0,0],"texture":"#0"},"down":{"uv":[0,0,0,2.5],"texture":"#0"}}}],"gui_light":"front","display":{"thirdperson_righthand":{"translation":[0,3,1],"scale":[0.2,0.2,0.2]},"thirdperson_lefthand":{"translation":[0,3,1],"scale":[0.2,0.2,0.2]},"firstperson_righthand":{"translation":[5.75,-0.75,-1.5],"scale":[0.2,0.2,0.2]},"firstperson_lefthand":{"translation":[5.75,-0.75,-1.5],"scale":[0.2,0.2,0.2]},"ground":{"translation":[0,2,0],"scale":[0.5,0.5,0.5]},"gui":{"rotation":[15,145,0],"translation":[0,-1.25,0],"scale":[0.4,0.4,0.4]},"head":{"translation":[0,-31.199,2.5],"scale":[1.5,1.5,1.5]},"fixed":{"rotation":[-90,0,0],"translation":[0,0,-16],"scale":[2,2,2]}}}