{"credit":"Made with Blockbench","texture_size":[64,64],"textures":{"0":"furnitures:rivrs/furnitures_color_2","particle":"furnitures:rivrs/furnitures_color_2"},"elements":[{"from":[2,7,1],"to":[14,11,13],"faces":{"north":{"uv":[10.3125,0,10.6875,0.125],"texture":"#0"},"east":{"uv":[10.3125,0.125,10.6875,0.25],"texture":"#0"},"south":{"uv":[9.9375,1.09375,10.3125,1.21875],"texture":"#0"},"west":{"uv":[10.6875,0.125,10.3125,0.25],"texture":"#0"},"up":{"uv":[9.59375,0.375,9.21875,0],"texture":"#0"},"down":{"uv":[9.59375,0.375,9.21875,0.75],"texture":"#0"}}},{"from":[14.5,7.5,3],"to":[14.5,16.5,15],"rotation":{"angle":0,"axis":"y","origin":[0,0.5,0]},"faces":{"north":{"uv":[9.21875,0,9.21875,0.28125],"texture":"#0"},"east":{"uv":[9.5625,0.75,9.9375,1.03125],"texture":"#0"},"south":{"uv":[9.21875,0,9.21875,0.28125],"texture":"#0"},"west":{"uv":[9.9375,0.75,9.5625,1.03125],"texture":"#0"},"up":{"uv":[9.21875,0.375,9.21875,0],"texture":"#0"},"down":{"uv":[9.21875,0,9.21875,0.375],"texture":"#0"}}},{"from":[2,2,-3],"to":[14,4,2],"rotation":{"angle":22.5,"axis":"x","origin":[8,8,-1.5]},"faces":{"north":{"uv":[10.34375,0.65625,10.71875,0.71875],"texture":"#0"},"east":{"uv":[10.34375,1.3125,10.5,1.375],"texture":"#0"},"south":{"uv":[10.34375,0.71875,10.71875,0.78125],"texture":"#0"},"west":{"uv":[10.625,1.34375,10.78125,1.40625],"texture":"#0"},"up":{"uv":[10.34375,0.78125,9.96875,0.625],"texture":"#0"},"down":{"uv":[10.3125,0.78125,9.9375,0.9375],"texture":"#0"}}},{"from":[2,4,2],"to":[14,9,2],"rotation":{"angle":22.5,"axis":"x","origin":[8,8,-1.5]},"faces":{"north":{"uv":[9.9375,0.9375,10.3125,1.09375],"texture":"#0"},"east":{"uv":[9.21875,0,9.21875,0.15625],"texture":"#0"},"south":{"uv":[9.9375,0.9375,10.3125,1.09375],"texture":"#0"},"west":{"uv":[9.21875,0,9.21875,0.15625],"texture":"#0"},"up":{"uv":[9.59375,0,9.21875,0],"texture":"#0"},"down":{"uv":[9.59375,0,9.21875,0],"texture":"#0"}}},{"from":[2,0,2.5],"to":[14,1,14.5],"faces":{"north":{"uv":[10.34375,1.40625,10.71875,1.4375],"texture":"#0"},"east":{"uv":[10.625,1.25,11,1.28125],"texture":"#0"},"south":{"uv":[10.625,1.28125,11,1.3125],"texture":"#0"},"west":{"uv":[10.625,1.3125,11,1.34375],"texture":"#0"},"up":{"uv":[9.96875,0.375,9.59375,0],"texture":"#0"},"down":{"uv":[9.96875,0.375,9.59375,0.75],"texture":"#0"}}},{"from":[6,2,6.5],"to":[10,7,10.5],"faces":{"north":{"uv":[10.09375,1.21875,10.21875,1.375],"texture":"#0"},"east":{"uv":[10.5,1.25,10.625,1.40625],"texture":"#0"},"south":{"uv":[10.53125,0.5,10.65625,0.65625],"texture":"#0"},"west":{"uv":[9.84375,1.3125,9.96875,1.46875],"texture":"#0"},"up":{"uv":[10.09375,1.4375,9.96875,1.3125],"texture":"#0"},"down":{"uv":[10.34375,1.3125,10.21875,1.4375],"texture":"#0"}}},{"from":[10,2,10.5],"to":[16,7,10.5],"faces":{"north":{"uv":[10.34375,0.5,10.53125,0.65625],"texture":"#0"},"east":{"uv":[9.21875,0,9.21875,0.15625],"texture":"#0"},"south":{"uv":[10.53125,0.5,10.34375,0.65625],"texture":"#0"},"west":{"uv":[9.21875,0,9.21875,0.15625],"texture":"#0"},"up":{"uv":[9.40625,0,9.21875,0],"texture":"#0"},"down":{"uv":[9.40625,0,9.21875,0],"texture":"#0"}}},{"from":[6.5,1,7],"to":[9.5,2,10],"faces":{"north":{"uv":[9.84375,1.1875,9.9375,1.21875],"texture":"#0"},"east":{"uv":[10.34375,1.375,10.4375,1.40625],"texture":"#0"},"south":{"uv":[10.65625,0.625,10.75,0.65625],"texture":"#0"},"west":{"uv":[10.65625,0.90625,10.75,0.9375],"texture":"#0"},"up":{"uv":[10.3125,1.3125,10.21875,1.21875],"texture":"#0"},"down":{"uv":[9.3125,1.4375,9.21875,1.53125],"texture":"#0"}}},{"from":[2.5,11,13],"to":[13.5,22,17],"rotation":{"angle":22.5,"axis":"x","origin":[8,16,8]},"faces":{"north":{"uv":[9.21875,0.75,9.5625,1.09375],"texture":"#0"},"east":{"uv":[9.21875,1.09375,9.34375,1.4375],"texture":"#0"},"south":{"uv":[9.96875,0,10.3125,0.34375],"texture":"#0"},"west":{"uv":[9.34375,1.09375,9.21875,1.4375],"texture":"#0"},"up":{"uv":[10.65625,1.03125,10.3125,0.90625],"texture":"#0"},"down":{"uv":[10.65625,1.03125,10.3125,1.15625],"texture":"#0"}}},{"from":[12.5,15.5,6],"to":[15.5,17.5,16],"rotation":{"angle":22.5,"axis":"x","origin":[8,16.5,8]},"faces":{"north":{"uv":[9.3125,1.4375,9.40625,1.5],"texture":"#0"},"east":{"uv":[10.59375,0.25,10.90625,0.3125],"texture":"#0"},"south":{"uv":[10.65625,0.5,10.75,0.5625],"texture":"#0"},"west":{"uv":[10.59375,0.3125,10.90625,0.375],"texture":"#0"},"up":{"uv":[9.5625,1.40625,9.46875,1.09375],"texture":"#0"},"down":{"uv":[9.65625,1.1875,9.5625,1.5],"texture":"#0"}}},{"from":[1.5,7.5,3],"to":[1.5,16.5,15],"rotation":{"angle":0,"axis":"y","origin":[16,0.5,0]},"faces":{"north":{"uv":[9.21875,0,9.21875,0.28125],"texture":"#0"},"east":{"uv":[9.5625,0.75,9.9375,1.03125],"texture":"#0"},"south":{"uv":[9.21875,0,9.21875,0.28125],"texture":"#0"},"west":{"uv":[9.9375,0.75,9.5625,1.03125],"texture":"#0"},"up":{"uv":[9.21875,0.375,9.21875,0],"texture":"#0"},"down":{"uv":[9.21875,0,9.21875,0.375],"texture":"#0"}}},{"from":[0.5,15.5,6],"to":[3.5,17.5,16],"rotation":{"angle":22.5,"axis":"x","origin":[8,16.5,8]},"faces":{"north":{"uv":[9.40625,1.4375,9.3125,1.5],"texture":"#0"},"east":{"uv":[10.90625,0.3125,10.59375,0.375],"texture":"#0"},"south":{"uv":[10.75,0.5,10.65625,0.5625],"texture":"#0"},"west":{"uv":[10.90625,0.25,10.59375,0.3125],"texture":"#0"},"up":{"uv":[9.46875,1.40625,9.5625,1.09375],"texture":"#0"},"down":{"uv":[9.5625,1.1875,9.65625,1.5],"texture":"#0"}}},{"from":[4,22,13],"to":[12,26,16],"rotation":{"angle":22.5,"axis":"x","origin":[8,16,8]},"faces":{"north":{"uv":[10.34375,0.25,10.59375,0.375],"texture":"#0"},"east":{"uv":[10.09375,1.375,10.1875,1.5],"texture":"#0"},"south":{"uv":[10.34375,0.375,10.59375,0.5],"texture":"#0"},"west":{"uv":[9.46875,1.40625,9.5625,1.53125],"texture":"#0"},"up":{"uv":[10.09375,1.3125,9.84375,1.21875],"texture":"#0"},"down":{"uv":[10.75,1.15625,10.5,1.25],"texture":"#0"}}}],"gui_light":"front","display":{"thirdperson_righthand":{"rotation":[75,45,0],"translation":[0,2.5,0],"scale":[0.375,0.375,0.375]},"thirdperson_lefthand":{"rotation":[75,45,0],"translation":[0,2.5,0],"scale":[0.375,0.375,0.375]},"firstperson_righthand":{"rotation":[0,125,0],"translation":[3,2.5,0.5],"scale":[0.375,0.375,0.375]},"firstperson_lefthand":{"rotation":[0,125,0],"translation":[3,2.5,0.5],"scale":[0.375,0.375,0.375]},"ground":{"translation":[0,2,0],"scale":[0.5,0.5,0.5]},"gui":{"rotation":[19,138,0],"translation":[0,-2,0],"scale":[0.5,0.5,0.5]},"head":{"translation":[0.25,-31.199,-0.75],"scale":[1.5,1.5,1.5]},"fixed":{"rotation":[-90,0,0],"translation":[0,2,-15.75],"scale":[2,2,2]}}}