{"credit":"Made with Blockbench","texture_size":[512,512],"textures":{"1":"furnitures:rivrs/furnitures_color"},"elements":[{"from":[2.5,10,12.25],"to":[13.5,25,14.25],"faces":{"north":{"uv":[12.1875,0,12.53125,0.46875],"texture":"#1"},"east":{"uv":[12.875,0,12.9375,0.46875],"texture":"#1"},"south":{"uv":[12.53125,0,12.1875,0.46875],"texture":"#1"},"west":{"uv":[12.875,0.46875,12.9375,0.9375],"texture":"#1"},"up":{"uv":[13.28125,0.1875,12.9375,0.125],"texture":"#1"},"down":{"uv":[13.28125,0.1875,12.9375,0.25],"texture":"#1"}}},{"from":[2.5,8,2],"to":[13.5,10,14],"faces":{"north":{"uv":[12.9375,0.25,13.28125,0.3125],"texture":"#1"},"east":{"uv":[12.9375,0,13.3125,0.0625],"texture":"#1"},"south":{"uv":[12.9375,0.3125,13.28125,0.375],"texture":"#1"},"west":{"uv":[12.9375,0.0625,13.3125,0.125],"texture":"#1"},"up":{"uv":[12.53125,0.84375,12.1875,0.46875],"texture":"#1"},"down":{"uv":[12.875,0.46875,12.53125,0.84375],"texture":"#1"}}},{"from":[2.5,0,3],"to":[4.5,8,5],"faces":{"north":{"uv":[12.9375,0.375,13,0.625],"texture":"#1"},"east":{"uv":[12.9375,0.625,13,0.875],"texture":"#1"},"south":{"uv":[13,0.375,13.0625,0.625],"texture":"#1"},"west":{"uv":[13,0.625,13.0625,0.875],"texture":"#1"},"up":{"uv":[13.125,0.6875,13.0625,0.625],"texture":"#1"},"down":{"uv":[13.125,0.6875,13.0625,0.75],"texture":"#1"}}},{"from":[11.5,0,3],"to":[13.5,8,5],"rotation":{"angle":0,"axis":"y","origin":[16,0,0]},"faces":{"north":{"uv":[12.9375,0.375,13,0.625],"texture":"#1"},"east":{"uv":[12.9375,0.625,13,0.875],"texture":"#1"},"south":{"uv":[13,0.375,13.0625,0.625],"texture":"#1"},"west":{"uv":[13,0.625,13.0625,0.875],"texture":"#1"},"up":{"uv":[13.125,0.6875,13.0625,0.625],"texture":"#1"},"down":{"uv":[13.125,0.6875,13.0625,0.75],"texture":"#1"}}},{"from":[11.5,0,12],"to":[13.5,8,14],"rotation":{"angle":0,"axis":"y","origin":[16,0,16]},"faces":{"north":{"uv":[12.9375,0.375,13,0.625],"texture":"#1"},"east":{"uv":[12.9375,0.625,13,0.875],"texture":"#1"},"south":{"uv":[13,0.375,13.0625,0.625],"texture":"#1"},"west":{"uv":[13,0.625,13.0625,0.875],"texture":"#1"},"up":{"uv":[13.125,0.6875,13.0625,0.625],"texture":"#1"},"down":{"uv":[13.125,0.6875,13.0625,0.75],"texture":"#1"}}},{"from":[2.5,0,12],"to":[4.5,8,14],"rotation":{"angle":0,"axis":"y","origin":[0,0,16]},"faces":{"north":{"uv":[12.9375,0.375,13,0.625],"texture":"#1"},"east":{"uv":[12.9375,0.625,13,0.875],"texture":"#1"},"south":{"uv":[13,0.375,13.0625,0.625],"texture":"#1"},"west":{"uv":[13,0.625,13.0625,0.875],"texture":"#1"},"up":{"uv":[13.125,0.6875,13.0625,0.625],"texture":"#1"},"down":{"uv":[13.125,0.6875,13.0625,0.75],"texture":"#1"}}}],"gui_light":"front","display":{"thirdperson_righthand":{"rotation":[75,45,0],"translation":[0,2.5,0],"scale":[0.375,0.375,0.375]},"thirdperson_lefthand":{"rotation":[75,45,0],"translation":[0,2.5,0],"scale":[0.375,0.375,0.375]},"firstperson_righthand":{"rotation":[0,45,0],"translation":[3,0,0],"scale":[0.4,0.4,0.4]},"firstperson_lefthand":{"rotation":[0,45,0],"translation":[3,0,0],"scale":[0.4,0.4,0.4]},"ground":{"translation":[0,2,0],"scale":[0.5,0.5,0.5]},"gui":{"rotation":[15,133,0],"translation":[0,-2.75,0],"scale":[0.58,0.56,0.59]},"head":{"translation":[0,-31.199,-0.5],"scale":[1.5,1.5,1.5]},"fixed":{"rotation":[-90,0,0],"translation":[0,0,-16],"scale":[2,2,2]}}}