{"credit":"Made with Blockbench","texture_size":[128,128],"textures":{"4":"furnitures:rivrs/furnitures_color_4","particle":"furnitures:rivrs/furnitures_color_4"},"elements":[{"from":[14,-11,13],"to":[18,-9,16],"rotation":{"angle":0,"axis":"y","origin":[0,-8,0]},"faces":{"north":{"uv":[1.4375,9.5625,1.5625,9.625],"texture":"#4"},"east":{"uv":[0.59375,9.125,0.6875,9.1875],"texture":"#4"},"south":{"uv":[2.1875,9.5625,2.3125,9.625],"texture":"#4"},"west":{"uv":[1.09375,9.1875,1.1875,9.25],"texture":"#4"},"up":{"uv":[3.0625,9.34375,2.9375,9.25],"texture":"#4"},"down":{"uv":[3.125,7.875,3,7.96875],"texture":"#4"}}},{"from":[-2,-11,13],"to":[2,-9,16],"rotation":{"angle":0,"axis":"y","origin":[0,-8,0]},"faces":{"north":{"uv":[2.3125,9.5625,2.4375,9.625],"texture":"#4"},"east":{"uv":[1,9.375,1.09375,9.4375],"texture":"#4"},"south":{"uv":[2.4375,9.5625,2.5625,9.625],"texture":"#4"},"west":{"uv":[1.125,9.65625,1.21875,9.71875],"texture":"#4"},"up":{"uv":[2.6875,9.625,2.5625,9.53125],"texture":"#4"},"down":{"uv":[2.8125,9.53125,2.6875,9.625],"texture":"#4"}}},{"from":[14,-11,0],"to":[18,-9,3],"rotation":{"angle":0,"axis":"y","origin":[0,-8,0]},"faces":{"north":{"uv":[3.0625,8.96875,3.1875,9.03125],"texture":"#4"},"east":{"uv":[3.15625,7.6875,3.25,7.75],"texture":"#4"},"south":{"uv":[3.0625,9.25,3.1875,9.3125],"texture":"#4"},"west":{"uv":[1.21875,9.65625,1.3125,9.71875],"texture":"#4"},"up":{"uv":[3.15625,9.4375,3.03125,9.34375],"texture":"#4"},"down":{"uv":[0.125,9.5625,0,9.65625],"texture":"#4"}}},{"from":[-2,-11,0],"to":[2,-9,3],"rotation":{"angle":0,"axis":"y","origin":[0,-8,0]},"faces":{"north":{"uv":[3.09375,7.25,3.21875,7.3125],"texture":"#4"},"east":{"uv":[3.15625,7.75,3.25,7.8125],"texture":"#4"},"south":{"uv":[3.09375,7.3125,3.21875,7.375],"texture":"#4"},"west":{"uv":[1.3125,9.65625,1.40625,9.71875],"texture":"#4"},"up":{"uv":[1.125,9.65625,1,9.5625],"texture":"#4"},"down":{"uv":[1.25,9.5625,1.125,9.65625],"texture":"#4"}}},{"from":[-3,-9,-1],"to":[19,-6,17],"rotation":{"angle":0,"axis":"y","origin":[0,-8,0]},"faces":{"north":{"uv":[1.25,8.875,1.9375,8.96875],"texture":"#4"},"east":{"uv":[1.1875,8.96875,1.75,9.0625],"texture":"#4"},"south":{"uv":[0,8.9375,0.6875,9.03125],"texture":"#4"},"west":{"uv":[2.25,8.96875,2.8125,9.0625],"texture":"#4"},"up":{"uv":[0.6875,7.0625,0,6.5],"texture":"#4"},"down":{"uv":[0.6875,7.0625,0,7.625],"texture":"#4"}}},{"from":[-2,-7,0],"to":[18,2,16],"rotation":{"angle":0,"axis":"y","origin":[0,-8,0]},"faces":{"north":{"uv":[2,6.5,2.625,6.78125],"texture":"#4"},"east":{"uv":[1.25,8.5,1.75,8.78125],"texture":"#4"},"south":{"uv":[2,6.78125,2.625,7.0625],"texture":"#4"},"west":{"uv":[2,7.75,2.5,8.03125],"texture":"#4"},"up":{"uv":[2,7,1.375,6.5],"texture":"#4"},"down":{"uv":[2,7,1.375,7.5],"texture":"#4"}}},{"from":[6,4.75,-2.75],"to":[10,10.75,-0.75],"rotation":{"angle":22.5,"axis":"x","origin":[8,4.5,3.5]},"faces":{"north":{"uv":[1.25,8.1875,1.375,8.375],"texture":"#4"},"east":{"uv":[2.125,9.53125,2.1875,9.71875],"texture":"#4"},"south":{"uv":[1.96875,9.03125,2.09375,9.21875],"texture":"#4"},"west":{"uv":[2.8125,9.53125,2.875,9.71875],"texture":"#4"},"up":{"uv":[3.21875,7.4375,3.09375,7.375],"texture":"#4"},"down":{"uv":[3.21875,7.5,3.09375,7.5625],"texture":"#4"}}},{"from":[-2,10.25,-0.75],"to":[18,13.25,15.25],"rotation":{"angle":22.5,"axis":"x","origin":[8,4.5,3.5]},"faces":{"north":{"uv":[2.46875,7.5,3.09375,7.59375],"texture":"#4"},"east":{"uv":[1.25,8.78125,1.75,8.875],"texture":"#4"},"south":{"uv":[2.46875,7.59375,3.09375,7.6875],"texture":"#4"},"west":{"uv":[2.5,7.875,3,7.96875],"texture":"#4"},"up":{"uv":[2,8,1.375,7.5],"texture":"#4"},"down":{"uv":[2,8,1.375,8.5],"texture":"#4"}}},{"from":[-2,13.25,1.25],"to":[18,14.25,13.25],"rotation":{"angle":22.5,"axis":"x","origin":[8,4.5,3.5]},"faces":{"north":{"uv":[2.71875,7.4375,3.34375,7.46875],"texture":"#4"},"east":{"uv":[2.875,7,3.25,7.03125],"texture":"#4"},"south":{"uv":[2.71875,7.46875,3.34375,7.5],"texture":"#4"},"west":{"uv":[2.875,7.03125,3.25,7.0625],"texture":"#4"},"up":{"uv":[0.625,8.5625,0,8.1875],"texture":"#4"},"down":{"uv":[1.25,8.1875,0.625,8.5625],"texture":"#4"}}},{"from":[-3,7.25,-1.75],"to":[19,10.25,16.25],"rotation":{"angle":22.5,"axis":"x","origin":[8,4.5,3.5]},"faces":{"north":{"uv":[2.46875,7.0625,3.15625,7.15625],"texture":"#4"},"east":{"uv":[2.5,7.6875,3.0625,7.78125],"texture":"#4"},"south":{"uv":[2.46875,7.15625,3.15625,7.25],"texture":"#4"},"west":{"uv":[2.5,7.78125,3.0625,7.875],"texture":"#4"},"up":{"uv":[1.375,7.0625,0.6875,6.5],"texture":"#4"},"down":{"uv":[1.375,7.0625,0.6875,7.625],"texture":"#4"}}},{"from":[-3,1,-1],"to":[19,3,17],"rotation":{"angle":0,"axis":"x","origin":[8,4.5,3.5]},"faces":{"north":{"uv":[2.5,7.96875,3.1875,8.03125],"texture":"#4"},"east":{"uv":[2.53125,8.46875,3.09375,8.53125],"texture":"#4"},"south":{"uv":[2.53125,8.40625,3.21875,8.46875],"texture":"#4"},"west":{"uv":[2.53125,8.53125,3.09375,8.59375],"texture":"#4"},"up":{"uv":[0.6875,8.1875,0,7.625],"texture":"#4"},"down":{"uv":[1.375,7.625,0.6875,8.1875],"texture":"#4"}}},{"from":[-13,-7,-3.5],"to":[-9,-5,0.5],"rotation":{"angle":0,"axis":"y","origin":[-11.25,-6,-2.5]},"faces":{"north":{"uv":[3.09375,7.5625,3.21875,7.625],"texture":"#4"},"east":{"uv":[3.09375,7.625,3.21875,7.6875],"texture":"#4"},"south":{"uv":[3.09375,8.03125,3.21875,8.09375],"texture":"#4"},"west":{"uv":[3.09375,8.09375,3.21875,8.15625],"texture":"#4"},"up":{"uv":[1.375,8.5,1.25,8.375],"texture":"#4"},"down":{"uv":[3,6.5,2.875,6.625],"texture":"#4"}}},{"from":[-15.25,-11,-8.5],"to":[-11.25,-9,-4.5],"rotation":{"angle":0,"axis":"y","origin":[-9,6,9]},"faces":{"north":{"uv":[3.09375,8.15625,3.21875,8.21875],"texture":"#4"},"east":{"uv":[3.09375,8.21875,3.21875,8.28125],"texture":"#4"},"south":{"uv":[3.09375,8.28125,3.21875,8.34375],"texture":"#4"},"west":{"uv":[3.09375,8.34375,3.21875,8.40625],"texture":"#4"},"up":{"uv":[0.25,9.5,0.125,9.375],"texture":"#4"},"down":{"uv":[3,6.625,2.875,6.75],"texture":"#4"}}},{"from":[-9.25,-11,-13.25],"to":[-5.25,-9,-9.25],"rotation":{"angle":-45,"axis":"y","origin":[-7.25,-10,-10.5]},"faces":{"north":{"uv":[3.09375,8.46875,3.21875,8.53125],"texture":"#4"},"east":{"uv":[3.09375,8.53125,3.21875,8.59375],"texture":"#4"},"south":{"uv":[2.875,9.59375,3,9.65625],"texture":"#4"},"west":{"uv":[3,9.59375,3.125,9.65625],"texture":"#4"},"up":{"uv":[0.375,9.5,0.25,9.375],"texture":"#4"},"down":{"uv":[3,6.75,2.875,6.875],"texture":"#4"}}},{"from":[3.75,-11,-15.25],"to":[7.75,-9,-11.25],"rotation":{"angle":-45,"axis":"y","origin":[-7.25,-10,-10.5]},"faces":{"north":{"uv":[3.125,6.5,3.25,6.5625],"texture":"#4"},"east":{"uv":[3.125,6.5625,3.25,6.625],"texture":"#4"},"south":{"uv":[0.125,9.625,0.25,9.6875],"texture":"#4"},"west":{"uv":[3.125,6.625,3.25,6.6875],"texture":"#4"},"up":{"uv":[0.5,9.5,0.375,9.375],"texture":"#4"},"down":{"uv":[3,6.875,2.875,7],"texture":"#4"}}},{"from":[-3.25,-7,-6.25],"to":[0.75,-5,-2.25],"rotation":{"angle":0,"axis":"y","origin":[-9,6,9]},"faces":{"north":{"uv":[3.125,6.6875,3.25,6.75],"texture":"#4"},"east":{"uv":[0.25,9.625,0.375,9.6875],"texture":"#4"},"south":{"uv":[3.125,6.75,3.25,6.8125],"texture":"#4"},"west":{"uv":[3.125,6.8125,3.25,6.875],"texture":"#4"},"up":{"uv":[0.625,9.5,0.5,9.375],"texture":"#4"},"down":{"uv":[0.75,9.375,0.625,9.5],"texture":"#4"}}},{"from":[11.75,-10.5,-7],"to":[15.75,-8.5,-3],"rotation":{"angle":-45,"axis":"x","origin":[13.75,-6,-4.25]},"faces":{"north":{"uv":[0.375,9.625,0.5,9.6875],"texture":"#4"},"east":{"uv":[3.125,6.875,3.25,6.9375],"texture":"#4"},"south":{"uv":[3.125,6.9375,3.25,7],"texture":"#4"},"west":{"uv":[0.5,9.625,0.625,9.6875],"texture":"#4"},"up":{"uv":[0.875,9.5,0.75,9.375],"texture":"#4"},"down":{"uv":[1,9.375,0.875,9.5],"texture":"#4"}}},{"from":[17,3,-2],"to":[21,5,2],"rotation":{"angle":-22.5,"axis":"y","origin":[0,0,-1]},"faces":{"north":{"uv":[0.625,9.625,0.75,9.6875],"texture":"#4"},"east":{"uv":[0.75,9.625,0.875,9.6875],"texture":"#4"},"south":{"uv":[0.875,9.625,1,9.6875],"texture":"#4"},"west":{"uv":[3.125,7.875,3.25,7.9375],"texture":"#4"},"up":{"uv":[1.8125,9.5,1.6875,9.375],"texture":"#4"},"down":{"uv":[1.9375,9.375,1.8125,9.5],"texture":"#4"}}},{"from":[12,3,2],"to":[16,5,6],"rotation":{"angle":0,"axis":"y","origin":[14,4,4]},"faces":{"north":{"uv":[1.4375,9.625,1.5625,9.6875],"texture":"#4"},"east":{"uv":[1.5625,9.625,1.6875,9.6875],"texture":"#4"},"south":{"uv":[1.6875,9.625,1.8125,9.6875],"texture":"#4"},"west":{"uv":[2.1875,9.625,2.3125,9.6875],"texture":"#4"},"up":{"uv":[2.0625,9.53125,1.9375,9.40625],"texture":"#4"},"down":{"uv":[2.1875,9.40625,2.0625,9.53125],"texture":"#4"}}},{"from":[14,2,0],"to":[18,4,4],"rotation":{"angle":0,"axis":"y","origin":[14,4,4]},"faces":{"north":{"uv":[2.3125,9.625,2.4375,9.6875],"texture":"#4"},"east":{"uv":[2.4375,9.625,2.5625,9.6875],"texture":"#4"},"south":{"uv":[3.125,9.03125,3.25,9.09375],"texture":"#4"},"west":{"uv":[2.5625,9.625,2.6875,9.6875],"texture":"#4"},"up":{"uv":[2.75,9.53125,2.625,9.40625],"texture":"#4"},"down":{"uv":[2.875,9.40625,2.75,9.53125],"texture":"#4"}}},{"from":[-13,-11,-4],"to":[-9,-5,0],"rotation":{"angle":22.5,"axis":"y","origin":[-8.5,-5,-4]},"faces":{"north":{"uv":[2.09375,9.03125,2.21875,9.21875],"texture":"#4"},"east":{"uv":[2.53125,8.59375,2.65625,8.78125],"texture":"#4"},"south":{"uv":[2.53125,8.78125,2.65625,8.96875],"texture":"#4"},"west":{"uv":[1.1875,9.0625,1.3125,9.25],"texture":"#4"},"up":{"uv":[3.03125,9.46875,2.90625,9.34375],"texture":"#4"},"down":{"uv":[0.125,9.4375,0,9.5625],"texture":"#4"}}},{"from":[-13,-9,-4],"to":[-9,-3,0],"rotation":{"angle":22.5,"axis":"y","origin":[-8.5,-5,-4]},"faces":{"north":{"uv":[1.3125,9.0625,1.4375,9.25],"texture":"#4"},"east":{"uv":[1.4375,9.0625,1.5625,9.25],"texture":"#4"},"south":{"uv":[1.5625,9.0625,1.6875,9.25],"texture":"#4"},"west":{"uv":[2.21875,9.0625,2.34375,9.25],"texture":"#4"},"up":{"uv":[1.125,9.5625,1,9.4375],"texture":"#4"},"down":{"uv":[1.25,9.4375,1.125,9.5625],"texture":"#4"}}},{"from":[-8,-11,-4],"to":[-4,-5,0],"rotation":{"angle":22.5,"axis":"y","origin":[-8.5,-5,-4]},"faces":{"north":{"uv":[2.34375,9.0625,2.46875,9.25],"texture":"#4"},"east":{"uv":[2.46875,9.0625,2.59375,9.25],"texture":"#4"},"south":{"uv":[2.59375,9.0625,2.71875,9.25],"texture":"#4"},"west":{"uv":[2.625,6.5,2.75,6.6875],"texture":"#4"},"up":{"uv":[1.375,9.5625,1.25,9.4375],"texture":"#4"},"down":{"uv":[1.5,9.4375,1.375,9.5625],"texture":"#4"}}},{"from":[-8,-5,-4],"to":[-4,1,0],"rotation":{"angle":22.5,"axis":"y","origin":[-8.5,-5,-4]},"faces":{"north":{"uv":[2.625,6.6875,2.75,6.875],"texture":"#4"},"east":{"uv":[2.625,6.875,2.75,7.0625],"texture":"#4"},"south":{"uv":[2.65625,8.59375,2.78125,8.78125],"texture":"#4"},"west":{"uv":[2.65625,8.78125,2.78125,8.96875],"texture":"#4"},"up":{"uv":[1.625,9.5625,1.5,9.4375],"texture":"#4"},"down":{"uv":[2.3125,9.4375,2.1875,9.5625],"texture":"#4"}}},{"from":[-10,-11,-8],"to":[-6,-5,-4],"rotation":{"angle":22.5,"axis":"y","origin":[-8.5,-5,-4]},"faces":{"north":{"uv":[0.21875,9.1875,0.34375,9.375],"texture":"#4"},"east":{"uv":[0.34375,9.1875,0.46875,9.375],"texture":"#4"},"south":{"uv":[0.46875,9.1875,0.59375,9.375],"texture":"#4"},"west":{"uv":[0.59375,9.1875,0.71875,9.375],"texture":"#4"},"up":{"uv":[2.4375,9.5625,2.3125,9.4375],"texture":"#4"},"down":{"uv":[2.5625,9.4375,2.4375,9.5625],"texture":"#4"}}},{"from":[21.5,-11,6.5],"to":[25.5,-5,10.5],"rotation":{"angle":-22.5,"axis":"y","origin":[21.5,-5,8]},"faces":{"north":{"uv":[0.71875,9.1875,0.84375,9.375],"texture":"#4"},"east":{"uv":[0.84375,9.1875,0.96875,9.375],"texture":"#4"},"south":{"uv":[0.96875,9.1875,1.09375,9.375],"texture":"#4"},"west":{"uv":[1.6875,9.1875,1.8125,9.375],"texture":"#4"},"up":{"uv":[3,9.59375,2.875,9.46875],"texture":"#4"},"down":{"uv":[3.125,6.5,3,6.625],"texture":"#4"}}},{"from":[17.5,-9,3.5],"to":[21.5,-3,7.5],"rotation":{"angle":-22.5,"axis":"y","origin":[21.5,-5,8]},"faces":{"north":{"uv":[1.8125,9.1875,1.9375,9.375],"texture":"#4"},"east":{"uv":[2.71875,7.25,2.84375,7.4375],"texture":"#4"},"south":{"uv":[2.71875,8.03125,2.84375,8.21875],"texture":"#4"},"west":{"uv":[2.71875,8.21875,2.84375,8.40625],"texture":"#4"},"up":{"uv":[0.25,9.625,0.125,9.5],"texture":"#4"},"down":{"uv":[3.125,6.625,3,6.75],"texture":"#4"}}},{"from":[17.5,-11,3.5],"to":[21.5,-5,7.5],"rotation":{"angle":-22.5,"axis":"y","origin":[21.5,-5,8]},"faces":{"north":{"uv":[1.9375,9.21875,2.0625,9.40625],"texture":"#4"},"east":{"uv":[2.0625,9.21875,2.1875,9.40625],"texture":"#4"},"south":{"uv":[2.71875,9.0625,2.84375,9.25],"texture":"#4"},"west":{"uv":[0,9.25,0.125,9.4375],"texture":"#4"},"up":{"uv":[0.375,9.625,0.25,9.5],"texture":"#4"},"down":{"uv":[3.125,6.75,3,6.875],"texture":"#4"}}},{"from":[10.5,-11,3.75],"to":[14.5,-9,7.75],"rotation":{"angle":-45,"axis":"y","origin":[21,6,21]},"faces":{"north":{"uv":[3.125,9.09375,3.25,9.15625],"texture":"#4"},"east":{"uv":[3.125,9.15625,3.25,9.21875],"texture":"#4"},"south":{"uv":[2.6875,9.625,2.8125,9.6875],"texture":"#4"},"west":{"uv":[3.125,9.4375,3.25,9.5],"texture":"#4"},"up":{"uv":[0.5,9.625,0.375,9.5],"texture":"#4"},"down":{"uv":[3.125,6.875,3,7],"texture":"#4"}}},{"from":[16,-11,-8],"to":[20,-5,-4],"rotation":{"angle":22.5,"axis":"y","origin":[17.5,-5,-4]},"faces":{"north":{"uv":[2.75,6.5,2.875,6.6875],"texture":"#4"},"east":{"uv":[2.75,6.6875,2.875,6.875],"texture":"#4"},"south":{"uv":[2.75,6.875,2.875,7.0625],"texture":"#4"},"west":{"uv":[1.09375,9.25,1.21875,9.4375],"texture":"#4"},"up":{"uv":[0.625,9.625,0.5,9.5],"texture":"#4"},"down":{"uv":[0.75,9.5,0.625,9.625],"texture":"#4"}}},{"from":[16.75,-11,-13.25],"to":[20.75,-9,-9.25],"rotation":{"angle":-45,"axis":"y","origin":[18.75,-10,-10.5]},"faces":{"north":{"uv":[3.125,9.5,3.25,9.5625],"texture":"#4"},"east":{"uv":[3.125,9.5625,3.25,9.625],"texture":"#4"},"south":{"uv":[3.125,9.625,3.25,9.6875],"texture":"#4"},"west":{"uv":[0,9.65625,0.125,9.71875],"texture":"#4"},"up":{"uv":[0.875,9.625,0.75,9.5],"texture":"#4"},"down":{"uv":[1,9.5,0.875,9.625],"texture":"#4"}}},{"from":[10.75,-11,-8.5],"to":[14.75,-9,-4.5],"rotation":{"angle":0,"axis":"y","origin":[17,6,9]},"faces":{"north":{"uv":[3.15625,7.0625,3.28125,7.125],"texture":"#4"},"east":{"uv":[3.15625,7.125,3.28125,7.1875],"texture":"#4"},"south":{"uv":[3.15625,7.1875,3.28125,7.25],"texture":"#4"},"west":{"uv":[1,9.65625,1.125,9.71875],"texture":"#4"},"up":{"uv":[1.75,9.625,1.625,9.5],"texture":"#4"},"down":{"uv":[1.875,9.5,1.75,9.625],"texture":"#4"}}},{"from":[-6,-11,-9],"to":[-3,-8,-6],"rotation":{"angle":-22.5,"axis":"y","origin":[-4.5,-9.5,-7.5]},"faces":{"north":{"uv":[0.59375,9.03125,0.6875,9.125],"texture":"#4"},"east":{"uv":[0.125,9.25,0.21875,9.34375],"texture":"#4"},"south":{"uv":[3.0625,7.6875,3.15625,7.78125],"texture":"#4"},"west":{"uv":[1.25,9.5625,1.34375,9.65625],"texture":"#4"},"up":{"uv":[3.15625,7.875,3.0625,7.78125],"texture":"#4"},"down":{"uv":[1.4375,9.5625,1.34375,9.65625],"texture":"#4"}}},{"from":[-3,-7.5,-1.7],"to":[12,3.5,-1.7],"faces":{"north":{"uv":[2,7.0625,2.46875,7.40625],"texture":"#4"},"east":{"uv":[0,6.5,0,6.84375],"texture":"#4"},"south":{"uv":[2,7.40625,2.46875,7.75],"texture":"#4"},"west":{"uv":[0,6.5,0,6.84375],"texture":"#4"},"up":{"uv":[0.46875,6.5,0,6.5],"texture":"#4"},"down":{"uv":[0.46875,6.5,0,6.5],"texture":"#4"}}},{"from":[-3,3.5,-1.7],"to":[12,3.5,4.3],"faces":{"north":{"uv":[0,6.5,0.46875,6.5],"texture":"#4"},"east":{"uv":[0,6.5,0.1875,6.5],"texture":"#4"},"south":{"uv":[0,6.5,0.46875,6.5],"texture":"#4"},"west":{"uv":[0,6.5,0.1875,6.5],"texture":"#4"},"up":{"uv":[2.71875,8.21875,2.25,8.03125],"texture":"#4"},"down":{"uv":[2.71875,8.21875,2.25,8.40625],"texture":"#4"}}},{"from":[-4,-11,-8],"to":[0,-7,-4],"rotation":{"angle":22.5,"axis":"y","origin":[2,-9,-9]},"faces":{"north":{"uv":[3,9.46875,3.125,9.59375],"texture":"#4"},"east":{"uv":[1.875,9.53125,2,9.65625],"texture":"#4"},"south":{"uv":[2,9.53125,2.125,9.65625],"texture":"#4"},"west":{"uv":[3.03125,8.59375,3.15625,8.71875],"texture":"#4"},"up":{"uv":[3.15625,8.84375,3.03125,8.71875],"texture":"#4"},"down":{"uv":[3.15625,8.84375,3.03125,8.96875],"texture":"#4"}}},{"from":[13,-4,-12],"to":[21,-1,-4],"rotation":{"angle":-22.5,"axis":"y","origin":[8,23.25,8]},"faces":{"north":{"uv":[1.21875,9.25,1.46875,9.34375],"texture":"#4"},"east":{"uv":[2.1875,9.25,2.4375,9.34375],"texture":"#4"},"south":{"uv":[2.4375,9.25,2.6875,9.34375],"texture":"#4"},"west":{"uv":[2.6875,9.25,2.9375,9.34375],"texture":"#4"},"up":{"uv":[2.25,9.03125,2,8.78125],"texture":"#4"},"down":{"uv":[0.9375,8.9375,0.6875,9.1875],"texture":"#4"}}},{"from":[13.5,-7,-11.5],"to":[20.5,-4,-4.5],"rotation":{"angle":-22.5,"axis":"y","origin":[8,23.25,8]},"faces":{"north":{"uv":[1.46875,9.25,1.6875,9.34375],"texture":"#4"},"east":{"uv":[1.46875,9.34375,1.6875,9.4375],"texture":"#4"},"south":{"uv":[2.1875,9.34375,2.40625,9.4375],"texture":"#4"},"west":{"uv":[2.40625,9.34375,2.625,9.4375],"texture":"#4"},"up":{"uv":[1.96875,9.1875,1.75,8.96875],"texture":"#4"},"down":{"uv":[0.21875,9.03125,0,9.25],"texture":"#4"}}},{"from":[13,-7,-4],"to":[21,-4,-4],"rotation":{"angle":-22.5,"axis":"y","origin":[8,23.25,8]},"faces":{"north":{"uv":[2.78125,8.59375,3.03125,8.6875],"texture":"#4"},"east":{"uv":[0,6.5,0,6.59375],"texture":"#4"},"south":{"uv":[2.78125,8.6875,3.03125,8.78125],"texture":"#4"},"west":{"uv":[0,6.5,0,6.59375],"texture":"#4"},"up":{"uv":[0.25,6.5,0,6.5],"texture":"#4"},"down":{"uv":[0.25,6.5,0,6.5],"texture":"#4"}}},{"from":[13,-10,-12],"to":[21,-7,-4],"rotation":{"angle":-22.5,"axis":"y","origin":[8,23.25,8]},"faces":{"north":{"uv":[2.78125,8.78125,3.03125,8.875],"texture":"#4"},"east":{"uv":[2.78125,8.875,3.03125,8.96875],"texture":"#4"},"south":{"uv":[2.8125,8.96875,3.0625,9.0625],"texture":"#4"},"west":{"uv":[2.84375,7.25,3.09375,7.34375],"texture":"#4"},"up":{"uv":[1.1875,9.1875,0.9375,8.9375],"texture":"#4"},"down":{"uv":[2.71875,7.25,2.46875,7.5],"texture":"#4"}}},{"from":[12.5,-11,-12.5],"to":[21.5,-9,-3.5],"rotation":{"angle":-22.5,"axis":"y","origin":[8,23.25,8]},"faces":{"north":{"uv":[2.84375,9.0625,3.125,9.125],"texture":"#4"},"east":{"uv":[2.625,9.34375,2.90625,9.40625],"texture":"#4"},"south":{"uv":[2.84375,9.125,3.125,9.1875],"texture":"#4"},"west":{"uv":[2.84375,9.1875,3.125,9.25],"texture":"#4"},"up":{"uv":[2.53125,8.6875,2.25,8.40625],"texture":"#4"},"down":{"uv":[2.53125,8.6875,2.25,8.96875],"texture":"#4"}}},{"from":[17,-10.25,-8.25],"to":[17,1.75,-0.25],"rotation":{"angle":-22.5,"axis":"y","origin":[8,23.25,8]},"faces":{"north":{"uv":[0,6.5,0,6.875],"texture":"#4"},"east":{"uv":[2,8.03125,2.25,8.40625],"texture":"#4"},"south":{"uv":[0,6.5,0,6.875],"texture":"#4"},"west":{"uv":[1.75,8.5,2,8.875],"texture":"#4"},"up":{"uv":[0,6.75,0,6.5],"texture":"#4"},"down":{"uv":[0,6.5,0,6.75],"texture":"#4"}}},{"from":[13,-7,-12],"to":[13,-4,-4],"rotation":{"angle":-22.5,"axis":"y","origin":[8,23.25,8]},"faces":{"north":{"uv":[0,6.5,0,6.59375],"texture":"#4"},"east":{"uv":[2.84375,7.34375,3.09375,7.4375],"texture":"#4"},"south":{"uv":[0,6.5,0,6.59375],"texture":"#4"},"west":{"uv":[1.21875,9.34375,1.46875,9.4375],"texture":"#4"},"up":{"uv":[0,6.75,0,6.5],"texture":"#4"},"down":{"uv":[0,6.5,0,6.75],"texture":"#4"}}},{"from":[9,-10.25,-8],"to":[17,1.75,-8],"rotation":{"angle":-22.5,"axis":"y","origin":[8,23.25,8]},"faces":{"north":{"uv":[2,8.40625,2.25,8.78125],"texture":"#4"},"east":{"uv":[0,6.5,0,6.875],"texture":"#4"},"south":{"uv":[0,8.5625,0.25,8.9375],"texture":"#4"},"west":{"uv":[0,6.5,0,6.875],"texture":"#4"},"up":{"uv":[0.25,6.5,0,6.5],"texture":"#4"},"down":{"uv":[0.25,6.5,0,6.5],"texture":"#4"}}},{"from":[17,-10.25,-15.75],"to":[17,1.75,-7.75],"rotation":{"angle":-22.5,"axis":"y","origin":[8,23.25,8]},"faces":{"north":{"uv":[0,6.5,0,6.875],"texture":"#4"},"east":{"uv":[0.25,8.5625,0.5,8.9375],"texture":"#4"},"south":{"uv":[0,6.5,0,6.875],"texture":"#4"},"west":{"uv":[0.5,8.5625,0.75,8.9375],"texture":"#4"},"up":{"uv":[0,6.75,0,6.5],"texture":"#4"},"down":{"uv":[0,6.5,0,6.75],"texture":"#4"}}},{"from":[17,-10.25,-8],"to":[25,1.75,-8],"rotation":{"angle":-22.5,"axis":"y","origin":[8,23.25,8]},"faces":{"north":{"uv":[0.75,8.5625,1,8.9375],"texture":"#4"},"east":{"uv":[0,6.5,0,6.875],"texture":"#4"},"south":{"uv":[1,8.5625,1.25,8.9375],"texture":"#4"},"west":{"uv":[0,6.5,0,6.875],"texture":"#4"},"up":{"uv":[0.25,6.5,0,6.5],"texture":"#4"},"down":{"uv":[0.25,6.5,0,6.5],"texture":"#4"}}},{"from":[21,-7,-12],"to":[21,-4,-4],"rotation":{"angle":-22.5,"axis":"y","origin":[8,23.25,8]},"faces":{"north":{"uv":[0,6.5,0,6.59375],"texture":"#4"},"east":{"uv":[2.84375,8.03125,3.09375,8.125],"texture":"#4"},"south":{"uv":[0,6.5,0,6.59375],"texture":"#4"},"west":{"uv":[2.84375,8.125,3.09375,8.21875],"texture":"#4"},"up":{"uv":[0,6.75,0,6.5],"texture":"#4"},"down":{"uv":[0,6.5,0,6.75],"texture":"#4"}}},{"from":[13,-7,-12],"to":[21,-4,-12],"rotation":{"angle":-22.5,"axis":"y","origin":[8,23.25,8]},"faces":{"north":{"uv":[2.84375,8.21875,3.09375,8.3125],"texture":"#4"},"east":{"uv":[0,6.5,0,6.59375],"texture":"#4"},"south":{"uv":[2.84375,8.3125,3.09375,8.40625],"texture":"#4"},"west":{"uv":[0,6.5,0,6.59375],"texture":"#4"},"up":{"uv":[0.25,6.5,0,6.5],"texture":"#4"},"down":{"uv":[0.25,6.5,0,6.5],"texture":"#4"}}},{"from":[16,-1,-9],"to":[18,0,-7],"rotation":{"angle":-22.5,"axis":"y","origin":[8,23.25,8]},"faces":{"north":{"uv":[1.1875,8.9375,1.25,8.96875],"texture":"#4"},"east":{"uv":[1.9375,8.9375,2,8.96875],"texture":"#4"},"south":{"uv":[1.6875,9.125,1.75,9.15625],"texture":"#4"},"west":{"uv":[1.6875,9.15625,1.75,9.1875],"texture":"#4"},"up":{"uv":[2,8.9375,1.9375,8.875],"texture":"#4"},"down":{"uv":[1.75,9.0625,1.6875,9.125],"texture":"#4"}}},{"from":[14,0,-7.75],"to":[20,5,-7.75],"rotation":{"angle":-22.5,"axis":"y","origin":[8,23.25,8]},"faces":{"north":{"uv":[0.21875,9.03125,0.40625,9.1875],"texture":"#4"},"east":{"uv":[0,6.5,0,6.65625],"texture":"#4"},"south":{"uv":[0.40625,9.03125,0.59375,9.1875],"texture":"#4"},"west":{"uv":[0,6.5,0,6.65625],"texture":"#4"},"up":{"uv":[0.1875,6.5,0,6.5],"texture":"#4"},"down":{"uv":[0.1875,6.5,0,6.5],"texture":"#4"}}}],"gui_light":"front","display":{"thirdperson_righthand":{"rotation":[75,45,0],"translation":[0,2.5,0],"scale":[0.375,0.375,0.375]},"thirdperson_lefthand":{"rotation":[75,45,0],"translation":[0,2.5,0],"scale":[0.375,0.375,0.375]},"firstperson_righthand":{"translation":[5.5,0.75,0],"scale":[0.5,0.5,0.5]},"firstperson_lefthand":{"translation":[5.5,0.75,0],"scale":[0.5,0.5,0.5]},"ground":{"translation":[0,6,0],"scale":[0.5,0.5,0.5]},"gui":{"rotation":[14,149,0],"translation":[2.25,2.5,0],"scale":[0.43,0.43,0.43]},"head":{"translation":[0,-14.699,0],"scale":[1.5,1.5,1.5]},"fixed":{"rotation":[-90,0,0],"translation":[0,0,-34],"scale":[1.8,1.8,1.8]}}}