{"credit":"Made with Blockbench","texture_size":[128,128],"textures":{"0":"furnitures:rivrs/furnitures_color_4","particle":"furnitures:rivrs/furnitures_color_4"},"elements":[{"from":[-3,0,5],"to":[5,32,16],"faces":{"north":{"uv":[0.6875,9.8125,0.9375,10.8125],"texture":"#0"},"east":{"uv":[0,9.8125,0.34375,10.8125],"texture":"#0"},"south":{"uv":[0.9375,9.8125,1.1875,10.8125],"texture":"#0"},"west":{"uv":[0.34375,9.8125,0.6875,10.8125],"texture":"#0"},"up":{"uv":[1.4375,10.75,1.1875,10.40625],"texture":"#0"},"down":{"uv":[0.6875,11.5,0.4375,11.84375],"texture":"#0"}}},{"from":[5,0,5],"to":[19,10,16],"faces":{"north":{"uv":[1.65625,11,2.09375,11.3125],"texture":"#0"},"east":{"uv":[1.65625,11.625,2,11.9375],"texture":"#0"},"south":{"uv":[1.65625,11.3125,2.09375,11.625],"texture":"#0"},"west":{"uv":[0.90625,11.75,1.25,12.0625],"texture":"#0"},"up":{"uv":[2,10.15625,1.5625,9.8125],"texture":"#0"},"down":{"uv":[1.34375,11.40625,0.90625,11.75],"texture":"#0"}}},{"from":[5,10,5.5],"to":[17,29,5.5],"faces":{"north":{"uv":[0.6875,10.8125,1.0625,11.40625],"texture":"#0"},"east":{"uv":[0,9.8125,0,10.40625],"texture":"#0"},"south":{"uv":[1.0625,10.8125,1.4375,11.40625],"texture":"#0"},"west":{"uv":[0,9.8125,0,10.40625],"texture":"#0"},"up":{"uv":[0.375,9.8125,0,9.8125],"texture":"#0"},"down":{"uv":[0.375,9.8125,0,9.8125],"texture":"#0"}}},{"from":[5,10,9],"to":[17,29,16],"faces":{"north":{"uv":[1.1875,9.8125,1.5625,10.40625],"texture":"#0"},"east":{"uv":[0,11.5,0.21875,12.09375],"texture":"#0"},"south":{"uv":[1.4375,10.40625,1.8125,11],"texture":"#0"},"west":{"uv":[0.21875,11.5,0.4375,12.09375],"texture":"#0"},"up":{"uv":[2.375,11.84375,2,11.625],"texture":"#0"},"down":{"uv":[1.625,11.84375,1.25,12.0625],"texture":"#0"}}},{"from":[5,23,6],"to":[17,24,9],"faces":{"north":{"uv":[1.96875,11.9375,2.34375,11.96875],"texture":"#0"},"east":{"uv":[1.25,11.8125,1.34375,11.84375],"texture":"#0"},"south":{"uv":[1.96875,11.96875,2.34375,12],"texture":"#0"},"west":{"uv":[1.34375,11.8125,1.4375,11.84375],"texture":"#0"},"up":{"uv":[2.375,10.0625,2,9.96875],"texture":"#0"},"down":{"uv":[2.375,10.0625,2,10.15625],"texture":"#0"}}},{"from":[5,17,6],"to":[17,18,9],"faces":{"north":{"uv":[2.1875,10.15625,2.5625,10.1875],"texture":"#0"},"east":{"uv":[0.3125,12.09375,0.40625,12.125],"texture":"#0"},"south":{"uv":[2.1875,10.1875,2.5625,10.21875],"texture":"#0"},"west":{"uv":[1.03125,12.09375,1.125,12.125],"texture":"#0"},"up":{"uv":[2.375,11.9375,2,11.84375],"texture":"#0"},"down":{"uv":[2.46875,11,2.09375,11.09375],"texture":"#0"}}},{"from":[5,11,6],"to":[17,12,9],"faces":{"north":{"uv":[2.1875,10.21875,2.5625,10.25],"texture":"#0"},"east":{"uv":[1.125,12.09375,1.21875,12.125],"texture":"#0"},"south":{"uv":[2.1875,10.25,2.5625,10.28125],"texture":"#0"},"west":{"uv":[1.21875,12.09375,1.3125,12.125],"texture":"#0"},"up":{"uv":[2.46875,11.1875,2.09375,11.09375],"texture":"#0"},"down":{"uv":[2.46875,11.1875,2.09375,11.28125],"texture":"#0"}}},{"from":[14,12,7],"to":[16,16,9],"faces":{"north":{"uv":[2.1875,10.28125,2.25,10.40625],"texture":"#0"},"east":{"uv":[2.1875,10.40625,2.25,10.53125],"texture":"#0"},"south":{"uv":[2.1875,10.53125,2.25,10.65625],"texture":"#0"},"west":{"uv":[2.1875,10.65625,2.25,10.78125],"texture":"#0"},"up":{"uv":[1.4375,11.8125,1.375,11.75],"texture":"#0"},"down":{"uv":[1.53125,12.0625,1.46875,12.125],"texture":"#0"}}},{"from":[11,12,7],"to":[13,16,9],"faces":{"north":{"uv":[1.96875,12,2.03125,12.125],"texture":"#0"},"east":{"uv":[2.03125,12,2.09375,12.125],"texture":"#0"},"south":{"uv":[2.09375,12,2.15625,12.125],"texture":"#0"},"west":{"uv":[2.15625,12,2.21875,12.125],"texture":"#0"},"up":{"uv":[1.59375,12.125,1.53125,12.0625],"texture":"#0"},"down":{"uv":[0.0625,12.09375,0,12.15625],"texture":"#0"}}},{"from":[14,18,7],"to":[16,22,9],"faces":{"north":{"uv":[1.625,12.03125,1.6875,12.15625],"texture":"#0"},"east":{"uv":[1.6875,12.03125,1.75,12.15625],"texture":"#0"},"south":{"uv":[1.75,12.03125,1.8125,12.15625],"texture":"#0"},"west":{"uv":[1.8125,12.03125,1.875,12.15625],"texture":"#0"},"up":{"uv":[0.125,12.15625,0.0625,12.09375],"texture":"#0"},"down":{"uv":[0.1875,12.09375,0.125,12.15625],"texture":"#0"}}},{"from":[11,18,7],"to":[13,22,9],"faces":{"north":{"uv":[1.875,12.03125,1.9375,12.15625],"texture":"#0"},"east":{"uv":[2.21875,12,2.28125,12.125],"texture":"#0"},"south":{"uv":[2.25,10.28125,2.3125,10.40625],"texture":"#0"},"west":{"uv":[2.25,10.40625,2.3125,10.53125],"texture":"#0"},"up":{"uv":[0.25,12.15625,0.1875,12.09375],"texture":"#0"},"down":{"uv":[0.3125,12.09375,0.25,12.15625],"texture":"#0"}}},{"from":[6,18,7],"to":[10,22,9],"faces":{"north":{"uv":[1.5625,10.15625,1.6875,10.28125],"texture":"#0"},"east":{"uv":[2.25,10.53125,2.3125,10.65625],"texture":"#0"},"south":{"uv":[1.5625,10.28125,1.6875,10.40625],"texture":"#0"},"west":{"uv":[2.25,10.65625,2.3125,10.78125],"texture":"#0"},"up":{"uv":[1.3125,10.8125,1.1875,10.75],"texture":"#0"},"down":{"uv":[1.4375,10.75,1.3125,10.8125],"texture":"#0"}}},{"from":[6,24,7],"to":[10,28,9],"faces":{"north":{"uv":[1.6875,10.15625,1.8125,10.28125],"texture":"#0"},"east":{"uv":[0.90625,12.0625,0.96875,12.1875],"texture":"#0"},"south":{"uv":[1.6875,10.28125,1.8125,10.40625],"texture":"#0"},"west":{"uv":[0.96875,12.0625,1.03125,12.1875],"texture":"#0"},"up":{"uv":[1.375,11.8125,1.25,11.75],"texture":"#0"},"down":{"uv":[2.3125,10.78125,2.1875,10.84375],"texture":"#0"}}},{"from":[17,10,5],"to":[19,32,16],"faces":{"north":{"uv":[0.4375,11.84375,0.5,12.53125],"texture":"#0"},"east":{"uv":[0,10.8125,0.34375,11.5],"texture":"#0"},"south":{"uv":[0.5,11.84375,0.5625,12.53125],"texture":"#0"},"west":{"uv":[0.34375,10.8125,0.6875,11.5],"texture":"#0"},"up":{"uv":[1.40625,11.75,1.34375,11.40625],"texture":"#0"},"down":{"uv":[0.6875,11.84375,0.625,12.1875],"texture":"#0"}}},{"from":[5,29,5],"to":[17,32,16],"faces":{"north":{"uv":[2.09375,11.28125,2.46875,11.375],"texture":"#0"},"east":{"uv":[2.09375,11.46875,2.4375,11.5625],"texture":"#0"},"south":{"uv":[2.09375,11.375,2.46875,11.46875],"texture":"#0"},"west":{"uv":[1.625,11.9375,1.96875,12.03125],"texture":"#0"},"up":{"uv":[2.1875,10.5,1.8125,10.15625],"texture":"#0"},"down":{"uv":[2.1875,10.5,1.8125,10.84375],"texture":"#0"}}},{"from":[-3,0,4],"to":[19,5,5],"faces":{"north":{"uv":[1.8125,10.84375,2.5,11],"texture":"#0"},"east":{"uv":[1.40625,11.40625,1.4375,11.5625],"texture":"#0"},"south":{"uv":[2,9.8125,2.6875,9.96875],"texture":"#0"},"west":{"uv":[1.40625,11.5625,1.4375,11.71875],"texture":"#0"},"up":{"uv":[2.78125,11.59375,2.09375,11.5625],"texture":"#0"},"down":{"uv":[2.78125,11.59375,2.09375,11.625],"texture":"#0"}}},{"from":[-3,5,4],"to":[4,32,5],"faces":{"north":{"uv":[1.4375,11,1.65625,11.84375],"texture":"#0"},"east":{"uv":[0.5625,11.84375,0.59375,12.6875],"texture":"#0"},"south":{"uv":[0.6875,11.40625,0.90625,12.25],"texture":"#0"},"west":{"uv":[0.59375,11.84375,0.625,12.6875],"texture":"#0"},"up":{"uv":[1.25,12.09375,1.03125,12.0625],"texture":"#0"},"down":{"uv":[1.46875,12.0625,1.25,12.09375],"texture":"#0"}}}],"gui_light":"front","display":{"thirdperson_righthand":{"translation":[0,3,1],"scale":[0.3,0.3,0.3]},"thirdperson_lefthand":{"translation":[0,3,1],"scale":[0.3,0.3,0.3]},"firstperson_righthand":{"rotation":[0,180,0],"translation":[3.38,0.45,1.88],"scale":[0.3,0.3,0.3]},"firstperson_lefthand":{"rotation":[0,180,0],"translation":[3.38,0.45,1.88],"scale":[0.3,0.3,0.3]},"ground":{"translation":[0,2,0],"scale":[0.5,0.5,0.5]},"gui":{"rotation":[13,150,0],"translation":[0,-4,0],"scale":[0.5,0.5,0.52]},"head":{"translation":[0,-27.199,-4.75],"scale":[2,2,2]},"fixed":{"rotation":[-90,0,0],"translation":[0,0,-16],"scale":[2,2,2]}}}