{"credit":"MadewithBlockbench","texture_size":[64,64],"textures":{"main":"furnitures:rivrs/drapeau_barbe_noire"},"elements":[{"from":[6.7,-16,-1.3],"to":[9.3,-15,1.3],"rotation":{"angle":0,"axis":"y","origin":[8,-15.5,0]},"faces":{"north":{"uv":[12.75,0.75,13,1],"texture":"#main"},"east":{"uv":[12.75,0.75,13,1],"texture":"#main"},"south":{"uv":[12.75,0.75,13,1],"texture":"#main"},"west":{"uv":[12.75,0.75,13,1],"texture":"#main"},"up":{"uv":[12.75,0.9375,12.6875,0.875],"texture":"#main"},"down":{"uv":[12.75,0.9375,12.6875,1],"texture":"#main"}}},{"from":[7.15,30,-0.9],"to":[8.85,31.75,0.9],"rotation":{"angle":0,"axis":"y","origin":[8,8.1875,6.0625]},"faces":{"north":{"uv":[12.4375,0.75,12.6875,1],"texture":"#main"},"east":{"uv":[12.4375,0.75,12.6875,1],"texture":"#main"},"south":{"uv":[12.4375,0.75,12.6875,1],"texture":"#main"},"west":{"uv":[12.4375,0.75,12.6875,1],"texture":"#main"},"up":{"uv":[12.4375,0.75,12.25,0.5625],"texture":"#main"},"down":{"uv":[12.4375,0.9375,12.375,1],"texture":"#main"}}},{"from":[7.45,31.75,-0.6],"to":[8.55,32,0.6],"rotation":{"angle":0,"axis":"y","origin":[8,8.1875,6.0625]},"faces":{"north":{"uv":[12.375,0.9375,12.5625,1],"texture":"#main"},"east":{"uv":[12.375,0.9375,12.5625,1],"texture":"#main"},"south":{"uv":[12.375,0.9375,12.5625,1],"texture":"#main"},"west":{"uv":[12.375,0.9375,12.5625,1],"texture":"#main"},"up":{"uv":[12.4375,0.9375,12.25,0.75],"texture":"#main"},"down":{"uv":[12.5625,0.9375,12.5,1],"texture":"#main"}}},{"from":[7,-15,-1],"to":[9,-8.5,1],"rotation":{"angle":0,"axis":"y","origin":[8,8.1875,6.0625]},"faces":{"north":{"uv":[12,0,12.1875,0.5625],"texture":"#main"},"east":{"uv":[12,0,12.1875,0.5625],"texture":"#main"},"south":{"uv":[12,0,12.1875,0.5625],"texture":"#main"},"west":{"uv":[12,0,12.1875,0.5625],"texture":"#main"},"up":{"uv":[12.25,0.125,12.1875,0.0625],"texture":"#main"},"down":{"uv":[12.25,0,12.1875,0.0625],"texture":"#main"}}},{"from":[7.35,-8.5,-0.7],"to":[8.65,30,0.7],"rotation":{"angle":0,"axis":"y","origin":[8,10,0]},"faces":{"north":{"uv":[8,0,8.1875,1],"texture":"#main"},"east":{"uv":[8,0,8.1875,1],"texture":"#main"},"south":{"uv":[8.1875,0,8.375,1],"texture":"#main"},"west":{"uv":[8,0,8.1875,1],"texture":"#main"},"up":{"uv":[8.4375,0.0625,8.375,0],"texture":"#main"},"down":{"uv":[8.4375,0.0625,8.375,0.125],"texture":"#main"}}},{"name":"drapeau","from":[8.1,12,23.75],"to":[8.4,29.5,26],"rotation":{"angle":0,"axis":"y","origin":[8,8.1875,6.0625]},"faces":{"north":{"uv":[11.9375,5.4375,12,8],"texture":"#main"},"east":{"uv":[11.5,5.4375,11.1875,8],"texture":"#main"},"south":{"uv":[11.9375,5.4375,12,8],"texture":"#main"},"west":{"uv":[11.1875,5.4375,11.5,8],"texture":"#main"},"up":{"uv":[12,8,8,7.9375],"texture":"#main"},"down":{"uv":[8,7.9375,12,8],"texture":"#main"}}},{"name":"drapeau","from":[7.85,12,26],"to":[8.15,29.5,28.25],"rotation":{"angle":0,"axis":"y","origin":[8,8.1875,6.0625]},"faces":{"north":{"uv":[11.9375,5.4375,12,8],"texture":"#main"},"east":{"uv":[11.8125,5.4375,11.5,8],"texture":"#main"},"south":{"uv":[11.9375,5.4375,12,8],"texture":"#main"},"west":{"uv":[11.5,5.4375,11.8125,8],"texture":"#main"},"up":{"uv":[12,8,8,7.9375],"texture":"#main"},"down":{"uv":[8,7.9375,12,8],"texture":"#main"}}},{"name":"drapeau","from":[7.6,12,28.25],"to":[7.9,29.5,29.25],"rotation":{"angle":0,"axis":"y","origin":[8,8.1875,6.0625]},"faces":{"north":{"uv":[11.9375,5.4375,12,8],"texture":"#main"},"east":{"uv":[12,8,11.875,5.4375],"texture":"#main"},"south":{"uv":[11.9375,5.4375,12,8],"texture":"#main"},"west":{"uv":[11.875,8,12,5.4375],"texture":"#main"},"up":{"uv":[12,8,8,7.9375],"texture":"#main"},"down":{"uv":[8,7.9375,12,8],"texture":"#main"}}},{"name":"drapeau","from":[7.85,12,21.5],"to":[8.15,29.5,23.75],"rotation":{"angle":0,"axis":"y","origin":[8,8.1875,6.0625]},"faces":{"north":{"uv":[11.9375,5.4375,12,8],"texture":"#main"},"east":{"uv":[11.1875,5.4375,10.875,8],"texture":"#main"},"south":{"uv":[11.9375,5.4375,12,8],"texture":"#main"},"west":{"uv":[10.875,5.4375,11.1875,8],"texture":"#main"},"up":{"uv":[12,8,8,7.9375],"texture":"#main"},"down":{"uv":[8,7.9375,12,8],"texture":"#main"}}},{"name":"drapeau","from":[7.6,12,19.25],"to":[7.9,29.5,21.5],"rotation":{"angle":0,"axis":"y","origin":[8,8.1875,6.0625]},"faces":{"north":{"uv":[11.9375,5.4375,12,8],"texture":"#main"},"east":{"uv":[10.875,5.4375,10.5625,8],"texture":"#main"},"south":{"uv":[11.9375,5.4375,12,8],"texture":"#main"},"west":{"uv":[10.5625,5.4375,10.875,8],"texture":"#main"},"up":{"uv":[12,8,8,7.9375],"texture":"#main"},"down":{"uv":[8,7.9375,12,8],"texture":"#main"}}},{"name":"drapeau","from":[7.35,12,17],"to":[7.65,29.5,19.25],"rotation":{"angle":0,"axis":"y","origin":[8,8.1875,6.0625]},"faces":{"north":{"uv":[11.9375,5.4375,12,8],"texture":"#main"},"east":{"uv":[10.5625,5.4375,10.25,8],"texture":"#main"},"south":{"uv":[11.9375,5.4375,12,8],"texture":"#main"},"west":{"uv":[10.25,5.4375,10.5625,8],"texture":"#main"},"up":{"uv":[12,8,8,7.9375],"texture":"#main"},"down":{"uv":[8,7.9375,12,8],"texture":"#main"}}},{"name":"drapeau","from":[7.6,12,14.75],"to":[7.9,29.5,17],"rotation":{"angle":0,"axis":"y","origin":[8,8.1875,6.0625]},"faces":{"north":{"uv":[11.9375,5.4375,12,8],"texture":"#main"},"east":{"uv":[10.25,5.4375,9.9375,8],"texture":"#main"},"south":{"uv":[11.9375,5.4375,12,8],"texture":"#main"},"west":{"uv":[9.9375,5.4375,10.25,8],"texture":"#main"},"up":{"uv":[12,8,8,7.9375],"texture":"#main"},"down":{"uv":[8,7.9375,12,8],"texture":"#main"}}},{"name":"drapeau","from":[7.85,12,12.5],"to":[8.15,29.5,14.75],"rotation":{"angle":0,"axis":"y","origin":[8,8.1875,6.0625]},"faces":{"north":{"uv":[11.9375,5.4375,12,8],"texture":"#main"},"east":{"uv":[9.9375,5.4375,9.625,8],"texture":"#main"},"south":{"uv":[11.9375,5.4375,12,8],"texture":"#main"},"west":{"uv":[9.625,5.4375,9.9375,8],"texture":"#main"},"up":{"uv":[12,8,8,7.9375],"texture":"#main"},"down":{"uv":[8,7.9375,12,8],"texture":"#main"}}},{"name":"drapeau","from":[8.1,12,10.25],"to":[8.4,29.5,12.5],"rotation":{"angle":0,"axis":"y","origin":[8,8.1875,6.0625]},"faces":{"north":{"uv":[11.9375,5.4375,12,8],"texture":"#main"},"east":{"uv":[9.625,5.4375,9.3125,8],"texture":"#main"},"south":{"uv":[11.9375,5.4375,12,8],"texture":"#main"},"west":{"uv":[9.3125,5.4375,9.625,8],"texture":"#main"},"up":{"uv":[12,8,8,7.9375],"texture":"#main"},"down":{"uv":[8,7.9375,12,8],"texture":"#main"}}},{"name":"drapeau","from":[8.35,12,8],"to":[8.65,29.5,10.25],"rotation":{"angle":0,"axis":"y","origin":[8,8.1875,6.0625]},"faces":{"north":{"uv":[11.9375,5.4375,12,8],"texture":"#main"},"east":{"uv":[9.3125,5.4375,9,8],"texture":"#main"},"south":{"uv":[11.9375,5.4375,12,8],"texture":"#main"},"west":{"uv":[9,5.4375,9.3125,8],"texture":"#main"},"up":{"uv":[12,8,8,7.9375],"texture":"#main"},"down":{"uv":[8,7.9375,12,8],"texture":"#main"}}},{"name":"drapeau","from":[8.1,12,5.75],"to":[8.4,29.5,8],"rotation":{"angle":0,"axis":"y","origin":[8,8.1875,6.0625]},"faces":{"north":{"uv":[11.9375,5.4375,12,8],"texture":"#main"},"east":{"uv":[9,5.4375,8.6875,8],"texture":"#main"},"south":{"uv":[11.9375,5.4375,12,8],"texture":"#main"},"west":{"uv":[8.6875,5.4375,9,8],"texture":"#main"},"up":{"uv":[12,8,8,7.9375],"texture":"#main"},"down":{"uv":[8,7.9375,12,8],"texture":"#main"}}},{"name":"drapeau","from":[7.85,12,3.5],"to":[8.15,29.5,5.75],"rotation":{"angle":0,"axis":"y","origin":[8,8.1875,6.0625]},"faces":{"north":{"uv":[11.9375,5.4375,12,8],"texture":"#main"},"east":{"uv":[8.6875,5.4375,8.375,8],"texture":"#main"},"south":{"uv":[11.9375,5.4375,12,8],"texture":"#main"},"west":{"uv":[8.375,5.4375,8.6875,8],"texture":"#main"},"up":{"uv":[12,8,8,7.9375],"texture":"#main"},"down":{"uv":[8,7.9375,12,8],"texture":"#main"}}},{"name":"drapeau","from":[7.6,12,0.75],"to":[7.9,29.5,3.5],"rotation":{"angle":0,"axis":"y","origin":[8,8.1875,6.0625]},"faces":{"north":{"uv":[11.9375,5.4375,12,8],"texture":"#main"},"east":{"uv":[8.4375,5.4375,8.0625,8],"texture":"#main"},"south":{"uv":[11.9375,5.4375,12,8],"texture":"#main"},"west":{"uv":[8.0625,5.4375,8.4375,8],"texture":"#main"},"up":{"uv":[12,8,8,7.9375],"texture":"#main"},"down":{"uv":[8,7.9375,12,8],"texture":"#main"}}},{"from":[6.7,-16,-1.3],"to":[9.3,-15,1.3],"rotation":{"angle":0,"axis":"y","origin":[8,-15.5,0]},"faces":{"north":{"uv":[4.75,8.75,5,9],"texture":"#main"},"east":{"uv":[4.75,8.75,5,9],"texture":"#main"},"south":{"uv":[4.75,8.75,5,9],"texture":"#main"},"west":{"uv":[4.75,8.75,5,9],"texture":"#main"},"up":{"uv":[4.75,8.9375,4.6875,8.875],"texture":"#main"},"down":{"uv":[4.75,8.9375,4.6875,9],"texture":"#main"}}},{"from":[7.15,30,-0.9],"to":[8.85,31.75,0.9],"rotation":{"angle":0,"axis":"y","origin":[8,8.1875,6.0625]},"faces":{"north":{"uv":[4.4375,8.75,4.6875,9],"texture":"#main"},"east":{"uv":[4.4375,8.75,4.6875,9],"texture":"#main"},"south":{"uv":[4.4375,8.75,4.6875,9],"texture":"#main"},"west":{"uv":[4.4375,8.75,4.6875,9],"texture":"#main"},"up":{"uv":[4.4375,8.75,4.25,8.5625],"texture":"#main"},"down":{"uv":[4.4375,8.9375,4.375,9],"texture":"#main"}}},{"from":[7.45,31.75,-0.6],"to":[8.55,32,0.6],"rotation":{"angle":0,"axis":"y","origin":[8,8.1875,6.0625]},"faces":{"north":{"uv":[4.375,8.9375,4.5625,9],"texture":"#main"},"east":{"uv":[4.375,8.9375,4.5625,9],"texture":"#main"},"south":{"uv":[4.375,8.9375,4.5625,9],"texture":"#main"},"west":{"uv":[4.375,8.9375,4.5625,9],"texture":"#main"},"up":{"uv":[4.4375,8.9375,4.25,8.75],"texture":"#main"},"down":{"uv":[4.5625,8.9375,4.5,9],"texture":"#main"}}},{"from":[7,-15,-1],"to":[9,-8.5,1],"rotation":{"angle":0,"axis":"y","origin":[8,8.1875,6.0625]},"faces":{"north":{"uv":[4,8,4.1875,8.5625],"texture":"#main"},"east":{"uv":[4,8,4.1875,8.5625],"texture":"#main"},"south":{"uv":[4,8,4.1875,8.5625],"texture":"#main"},"west":{"uv":[4,8,4.1875,8.5625],"texture":"#main"},"up":{"uv":[4.25,8.125,4.1875,8.0625],"texture":"#main"},"down":{"uv":[4.25,8,4.1875,8.0625],"texture":"#main"}}},{"from":[7.35,-8.5,-0.7],"to":[8.65,30,0.7],"rotation":{"angle":0,"axis":"y","origin":[8,10,0]},"faces":{"north":{"uv":[0,8,0.1875,9],"texture":"#main"},"east":{"uv":[0,8,0.1875,9],"texture":"#main"},"south":{"uv":[0.1875,8,0.375,9],"texture":"#main"},"west":{"uv":[0,8,0.1875,9],"texture":"#main"},"up":{"uv":[0.4375,8.0625,0.375,8],"texture":"#main"},"down":{"uv":[0.4375,8.0625,0.375,8.125],"texture":"#main"}}},{"name":"drapeau","from":[7.85,12,23.75],"to":[8.15,29.5,26],"rotation":{"angle":0,"axis":"y","origin":[8,8.1875,6.0625]},"faces":{"north":{"uv":[3.9375,13.4375,4,16],"texture":"#main"},"east":{"uv":[3.5,13.4375,3.1875,16],"texture":"#main"},"south":{"uv":[3.9375,13.4375,4,16],"texture":"#main"},"west":{"uv":[3.1875,13.4375,3.5,16],"texture":"#main"},"up":{"uv":[4,16,0,15.9375],"texture":"#main"},"down":{"uv":[0,15.9375,4,16],"texture":"#main"}}},{"name":"drapeau","from":[8.1,12,26],"to":[8.4,29.5,28.25],"rotation":{"angle":0,"axis":"y","origin":[8,8.1875,6.0625]},"faces":{"north":{"uv":[3.9375,13.4375,4,16],"texture":"#main"},"east":{"uv":[3.8125,13.4375,3.5,16],"texture":"#main"},"south":{"uv":[3.9375,13.4375,4,16],"texture":"#main"},"west":{"uv":[3.5,13.4375,3.8125,16],"texture":"#main"},"up":{"uv":[4,16,0,15.9375],"texture":"#main"},"down":{"uv":[0,15.9375,4,16],"texture":"#main"}}},{"name":"drapeau","from":[7.85,12,28.25],"to":[8.15,29.5,29.25],"rotation":{"angle":0,"axis":"y","origin":[8,8.1875,6.0625]},"faces":{"north":{"uv":[3.9375,13.4375,4,16],"texture":"#main"},"east":{"uv":[4,16,3.875,13.4375],"texture":"#main"},"south":{"uv":[3.9375,13.4375,4,16],"texture":"#main"},"west":{"uv":[3.875,16,4,13.4375],"texture":"#main"},"up":{"uv":[4,16,0,15.9375],"texture":"#main"},"down":{"uv":[0,15.9375,4,16],"texture":"#main"}}},{"name":"drapeau","from":[7.6,12,21.5],"to":[7.9,29.5,23.75],"rotation":{"angle":0,"axis":"y","origin":[8,8.1875,6.0625]},"faces":{"north":{"uv":[3.9375,13.4375,4,16],"texture":"#main"},"east":{"uv":[3.1875,13.4375,2.875,16],"texture":"#main"},"south":{"uv":[3.9375,13.4375,4,16],"texture":"#main"},"west":{"uv":[2.875,13.4375,3.1875,16],"texture":"#main"},"up":{"uv":[4,16,0,15.9375],"texture":"#main"},"down":{"uv":[0,15.9375,4,16],"texture":"#main"}}},{"name":"drapeau","from":[7.35,12,19.25],"to":[7.65,29.5,21.5],"rotation":{"angle":0,"axis":"y","origin":[8,8.1875,6.0625]},"faces":{"north":{"uv":[3.9375,13.4375,4,16],"texture":"#main"},"east":{"uv":[2.875,13.4375,2.5625,16],"texture":"#main"},"south":{"uv":[3.9375,13.4375,4,16],"texture":"#main"},"west":{"uv":[2.5625,13.4375,2.875,16],"texture":"#main"},"up":{"uv":[4,16,0,15.9375],"texture":"#main"},"down":{"uv":[0,15.9375,4,16],"texture":"#main"}}},{"name":"drapeau","from":[7.6,12,17],"to":[7.9,29.5,19.25],"rotation":{"angle":0,"axis":"y","origin":[8,8.1875,6.0625]},"faces":{"north":{"uv":[3.9375,13.4375,4,16],"texture":"#main"},"east":{"uv":[2.5625,13.4375,2.25,16],"texture":"#main"},"south":{"uv":[3.9375,13.4375,4,16],"texture":"#main"},"west":{"uv":[2.25,13.4375,2.5625,16],"texture":"#main"},"up":{"uv":[4,16,0,15.9375],"texture":"#main"},"down":{"uv":[0,15.9375,4,16],"texture":"#main"}}},{"name":"drapeau","from":[7.85,12,14.75],"to":[8.15,29.5,17],"rotation":{"angle":0,"axis":"y","origin":[8,8.1875,6.0625]},"faces":{"north":{"uv":[3.9375,13.4375,4,16],"texture":"#main"},"east":{"uv":[2.25,13.4375,1.9375,16],"texture":"#main"},"south":{"uv":[3.9375,13.4375,4,16],"texture":"#main"},"west":{"uv":[1.9375,13.4375,2.25,16],"texture":"#main"},"up":{"uv":[4,16,0,15.9375],"texture":"#main"},"down":{"uv":[0,15.9375,4,16],"texture":"#main"}}},{"name":"drapeau","from":[8.1,12,12.5],"to":[8.4,29.5,14.75],"rotation":{"angle":0,"axis":"y","origin":[8,8.1875,6.0625]},"faces":{"north":{"uv":[3.9375,13.4375,4,16],"texture":"#main"},"east":{"uv":[1.9375,13.4375,1.625,16],"texture":"#main"},"south":{"uv":[3.9375,13.4375,4,16],"texture":"#main"},"west":{"uv":[1.625,13.4375,1.9375,16],"texture":"#main"},"up":{"uv":[4,16,0,15.9375],"texture":"#main"},"down":{"uv":[0,15.9375,4,16],"texture":"#main"}}},{"name":"drapeau","from":[8.35,12,10.25],"to":[8.65,29.5,12.5],"rotation":{"angle":0,"axis":"y","origin":[8,8.1875,6.0625]},"faces":{"north":{"uv":[3.9375,13.4375,4,16],"texture":"#main"},"east":{"uv":[1.625,13.4375,1.3125,16],"texture":"#main"},"south":{"uv":[3.9375,13.4375,4,16],"texture":"#main"},"west":{"uv":[1.3125,13.4375,1.625,16],"texture":"#main"},"up":{"uv":[4,16,0,15.9375],"texture":"#main"},"down":{"uv":[0,15.9375,4,16],"texture":"#main"}}},{"name":"drapeau","from":[8.1,12,8],"to":[8.4,29.5,10.25],"rotation":{"angle":0,"axis":"y","origin":[8,8.1875,6.0625]},"faces":{"north":{"uv":[3.9375,13.4375,4,16],"texture":"#main"},"east":{"uv":[1.3125,13.4375,1,16],"texture":"#main"},"south":{"uv":[3.9375,13.4375,4,16],"texture":"#main"},"west":{"uv":[1,13.4375,1.3125,16],"texture":"#main"},"up":{"uv":[4,16,0,15.9375],"texture":"#main"},"down":{"uv":[0,15.9375,4,16],"texture":"#main"}}},{"name":"drapeau","from":[7.85,12,5.75],"to":[8.15,29.5,8],"rotation":{"angle":0,"axis":"y","origin":[8,8.1875,6.0625]},"faces":{"north":{"uv":[3.9375,13.4375,4,16],"texture":"#main"},"east":{"uv":[1,13.4375,0.6875,16],"texture":"#main"},"south":{"uv":[3.9375,13.4375,4,16],"texture":"#main"},"west":{"uv":[0.6875,13.4375,1,16],"texture":"#main"},"up":{"uv":[4,16,0,15.9375],"texture":"#main"},"down":{"uv":[0,15.9375,4,16],"texture":"#main"}}},{"name":"drapeau","from":[7.6,12,3.5],"to":[7.9,29.5,5.75],"rotation":{"angle":0,"axis":"y","origin":[8,8.1875,6.0625]},"faces":{"north":{"uv":[3.9375,13.4375,4,16],"texture":"#main"},"east":{"uv":[0.6875,13.4375,0.375,16],"texture":"#main"},"south":{"uv":[3.9375,13.4375,4,16],"texture":"#main"},"west":{"uv":[0.375,13.4375,0.6875,16],"texture":"#main"},"up":{"uv":[4,16,0,15.9375],"texture":"#main"},"down":{"uv":[0,15.9375,4,16],"texture":"#main"}}},{"name":"drapeau","from":[7.85,12,0.75],"to":[8.15,29.5,3.5],"rotation":{"angle":0,"axis":"y","origin":[8,8.1875,6.0625]},"faces":{"north":{"uv":[3.9375,13.4375,4,16],"texture":"#main"},"east":{"uv":[0.4375,13.4375,0.0625,16],"texture":"#main"},"south":{"uv":[3.9375,13.4375,4,16],"texture":"#main"},"west":{"uv":[0.0625,13.4375,0.4375,16],"texture":"#main"},"up":{"uv":[4,16,0,15.9375],"texture":"#main"},"down":{"uv":[0,15.9375,4,16],"texture":"#main"}}},{"from":[6.7,-16,-1.3],"to":[9.3,-15,1.3],"rotation":{"angle":0,"axis":"y","origin":[8,-15.5,0]},"faces":{"north":{"uv":[12.75,8.75,13,9],"texture":"#main"},"east":{"uv":[12.75,8.75,13,9],"texture":"#main"},"south":{"uv":[12.75,8.75,13,9],"texture":"#main"},"west":{"uv":[12.75,8.75,13,9],"texture":"#main"},"up":{"uv":[12.75,8.9375,12.6875,8.875],"texture":"#main"},"down":{"uv":[12.75,8.9375,12.6875,9],"texture":"#main"}}},{"from":[7.15,30,-0.9],"to":[8.85,31.75,0.9],"rotation":{"angle":0,"axis":"y","origin":[8,8.1875,6.0625]},"faces":{"north":{"uv":[12.4375,8.75,12.6875,9],"texture":"#main"},"east":{"uv":[12.4375,8.75,12.6875,9],"texture":"#main"},"south":{"uv":[12.4375,8.75,12.6875,9],"texture":"#main"},"west":{"uv":[12.4375,8.75,12.6875,9],"texture":"#main"},"up":{"uv":[12.4375,8.75,12.25,8.5625],"texture":"#main"},"down":{"uv":[12.4375,8.9375,12.375,9],"texture":"#main"}}},{"from":[7.45,31.75,-0.6],"to":[8.55,32,0.6],"rotation":{"angle":0,"axis":"y","origin":[8,8.1875,6.0625]},"faces":{"north":{"uv":[12.375,8.9375,12.5625,9],"texture":"#main"},"east":{"uv":[12.375,8.9375,12.5625,9],"texture":"#main"},"south":{"uv":[12.375,8.9375,12.5625,9],"texture":"#main"},"west":{"uv":[12.375,8.9375,12.5625,9],"texture":"#main"},"up":{"uv":[12.4375,8.9375,12.25,8.75],"texture":"#main"},"down":{"uv":[12.5625,8.9375,12.5,9],"texture":"#main"}}},{"from":[7,-15,-1],"to":[9,-8.5,1],"rotation":{"angle":0,"axis":"y","origin":[8,8.1875,6.0625]},"faces":{"north":{"uv":[12,8,12.1875,8.5625],"texture":"#main"},"east":{"uv":[12,8,12.1875,8.5625],"texture":"#main"},"south":{"uv":[12,8,12.1875,8.5625],"texture":"#main"},"west":{"uv":[12,8,12.1875,8.5625],"texture":"#main"},"up":{"uv":[12.25,8.125,12.1875,8.0625],"texture":"#main"},"down":{"uv":[12.25,8,12.1875,8.0625],"texture":"#main"}}},{"from":[7.35,-8.5,-0.7],"to":[8.65,30,0.7],"rotation":{"angle":0,"axis":"y","origin":[8,10,0]},"faces":{"north":{"uv":[8,8,8.1875,9],"texture":"#main"},"east":{"uv":[8,8,8.1875,9],"texture":"#main"},"south":{"uv":[8.1875,8,8.375,9],"texture":"#main"},"west":{"uv":[8,8,8.1875,9],"texture":"#main"},"up":{"uv":[8.4375,8.0625,8.375,8],"texture":"#main"},"down":{"uv":[8.4375,8.0625,8.375,8.125],"texture":"#main"}}},{"name":"drapeau","from":[7.6,12,23.75],"to":[7.9,29.5,26],"rotation":{"angle":0,"axis":"y","origin":[8,8.1875,6.0625]},"faces":{"north":{"uv":[11.9375,13.4375,12,16],"texture":"#main"},"east":{"uv":[11.5,13.4375,11.1875,16],"texture":"#main"},"south":{"uv":[11.9375,13.4375,12,16],"texture":"#main"},"west":{"uv":[11.1875,13.4375,11.5,16],"texture":"#main"},"up":{"uv":[12,16,8,15.9375],"texture":"#main"},"down":{"uv":[8,15.9375,12,16],"texture":"#main"}}},{"name":"drapeau","from":[7.85,12,26],"to":[8.15,29.5,28.25],"rotation":{"angle":0,"axis":"y","origin":[8,8.1875,6.0625]},"faces":{"north":{"uv":[11.9375,13.4375,12,16],"texture":"#main"},"east":{"uv":[11.8125,13.4375,11.5,16],"texture":"#main"},"south":{"uv":[11.9375,13.4375,12,16],"texture":"#main"},"west":{"uv":[11.5,13.4375,11.8125,16],"texture":"#main"},"up":{"uv":[12,16,8,15.9375],"texture":"#main"},"down":{"uv":[8,15.9375,12,16],"texture":"#main"}}},{"name":"drapeau","from":[8.1,12,28.25],"to":[8.4,29.5,29.25],"rotation":{"angle":0,"axis":"y","origin":[8,8.1875,6.0625]},"faces":{"north":{"uv":[11.9375,13.4375,12,16],"texture":"#main"},"east":{"uv":[12,16,11.875,13.4375],"texture":"#main"},"south":{"uv":[11.9375,13.4375,12,16],"texture":"#main"},"west":{"uv":[11.875,16,12,13.4375],"texture":"#main"},"up":{"uv":[12,16,8,15.9375],"texture":"#main"},"down":{"uv":[8,15.9375,12,16],"texture":"#main"}}},{"name":"drapeau","from":[7.35,12,21.5],"to":[7.65,29.5,23.75],"rotation":{"angle":0,"axis":"y","origin":[8,8.1875,6.0625]},"faces":{"north":{"uv":[11.9375,13.4375,12,16],"texture":"#main"},"east":{"uv":[11.1875,13.4375,10.875,16],"texture":"#main"},"south":{"uv":[11.9375,13.4375,12,16],"texture":"#main"},"west":{"uv":[10.875,13.4375,11.1875,16],"texture":"#main"},"up":{"uv":[12,16,8,15.9375],"texture":"#main"},"down":{"uv":[8,15.9375,12,16],"texture":"#main"}}},{"name":"drapeau","from":[7.6,12,19.25],"to":[7.9,29.5,21.5],"rotation":{"angle":0,"axis":"y","origin":[8,8.1875,6.0625]},"faces":{"north":{"uv":[11.9375,13.4375,12,16],"texture":"#main"},"east":{"uv":[10.875,13.4375,10.5625,16],"texture":"#main"},"south":{"uv":[11.9375,13.4375,12,16],"texture":"#main"},"west":{"uv":[10.5625,13.4375,10.875,16],"texture":"#main"},"up":{"uv":[12,16,8,15.9375],"texture":"#main"},"down":{"uv":[8,15.9375,12,16],"texture":"#main"}}},{"name":"drapeau","from":[7.85,12,17],"to":[8.15,29.5,19.25],"rotation":{"angle":0,"axis":"y","origin":[8,8.1875,6.0625]},"faces":{"north":{"uv":[11.9375,13.4375,12,16],"texture":"#main"},"east":{"uv":[10.5625,13.4375,10.25,16],"texture":"#main"},"south":{"uv":[11.9375,13.4375,12,16],"texture":"#main"},"west":{"uv":[10.25,13.4375,10.5625,16],"texture":"#main"},"up":{"uv":[12,16,8,15.9375],"texture":"#main"},"down":{"uv":[8,15.9375,12,16],"texture":"#main"}}},{"name":"drapeau","from":[8.1,12,14.75],"to":[8.4,29.5,17],"rotation":{"angle":0,"axis":"y","origin":[8,8.1875,6.0625]},"faces":{"north":{"uv":[11.9375,13.4375,12,16],"texture":"#main"},"east":{"uv":[10.25,13.4375,9.9375,16],"texture":"#main"},"south":{"uv":[11.9375,13.4375,12,16],"texture":"#main"},"west":{"uv":[9.9375,13.4375,10.25,16],"texture":"#main"},"up":{"uv":[12,16,8,15.9375],"texture":"#main"},"down":{"uv":[8,15.9375,12,16],"texture":"#main"}}},{"name":"drapeau","from":[8.35,12,12.5],"to":[8.65,29.5,14.75],"rotation":{"angle":0,"axis":"y","origin":[8,8.1875,6.0625]},"faces":{"north":{"uv":[11.9375,13.4375,12,16],"texture":"#main"},"east":{"uv":[9.9375,13.4375,9.625,16],"texture":"#main"},"south":{"uv":[11.9375,13.4375,12,16],"texture":"#main"},"west":{"uv":[9.625,13.4375,9.9375,16],"texture":"#main"},"up":{"uv":[12,16,8,15.9375],"texture":"#main"},"down":{"uv":[8,15.9375,12,16],"texture":"#main"}}},{"name":"drapeau","from":[8.1,12,10.25],"to":[8.4,29.5,12.5],"rotation":{"angle":0,"axis":"y","origin":[8,8.1875,6.0625]},"faces":{"north":{"uv":[11.9375,13.4375,12,16],"texture":"#main"},"east":{"uv":[9.625,13.4375,9.3125,16],"texture":"#main"},"south":{"uv":[11.9375,13.4375,12,16],"texture":"#main"},"west":{"uv":[9.3125,13.4375,9.625,16],"texture":"#main"},"up":{"uv":[12,16,8,15.9375],"texture":"#main"},"down":{"uv":[8,15.9375,12,16],"texture":"#main"}}},{"name":"drapeau","from":[7.85,12,8],"to":[8.15,29.5,10.25],"rotation":{"angle":0,"axis":"y","origin":[8,8.1875,6.0625]},"faces":{"north":{"uv":[11.9375,13.4375,12,16],"texture":"#main"},"east":{"uv":[9.3125,13.4375,9,16],"texture":"#main"},"south":{"uv":[11.9375,13.4375,12,16],"texture":"#main"},"west":{"uv":[9,13.4375,9.3125,16],"texture":"#main"},"up":{"uv":[12,16,8,15.9375],"texture":"#main"},"down":{"uv":[8,15.9375,12,16],"texture":"#main"}}},{"name":"drapeau","from":[7.6,12,5.75],"to":[7.9,29.5,8],"rotation":{"angle":0,"axis":"y","origin":[8,8.1875,6.0625]},"faces":{"north":{"uv":[11.9375,13.4375,12,16],"texture":"#main"},"east":{"uv":[9,13.4375,8.6875,16],"texture":"#main"},"south":{"uv":[11.9375,13.4375,12,16],"texture":"#main"},"west":{"uv":[8.6875,13.4375,9,16],"texture":"#main"},"up":{"uv":[12,16,8,15.9375],"texture":"#main"},"down":{"uv":[8,15.9375,12,16],"texture":"#main"}}},{"name":"drapeau","from":[7.85,12,3.5],"to":[8.15,29.5,5.75],"rotation":{"angle":0,"axis":"y","origin":[8,8.1875,6.0625]},"faces":{"north":{"uv":[11.9375,13.4375,12,16],"texture":"#main"},"east":{"uv":[8.6875,13.4375,8.375,16],"texture":"#main"},"south":{"uv":[11.9375,13.4375,12,16],"texture":"#main"},"west":{"uv":[8.375,13.4375,8.6875,16],"texture":"#main"},"up":{"uv":[12,16,8,15.9375],"texture":"#main"},"down":{"uv":[8,15.9375,12,16],"texture":"#main"}}},{"name":"drapeau","from":[8.1,12,0.75],"to":[8.4,29.5,3.5],"rotation":{"angle":0,"axis":"y","origin":[8,8.1875,6.0625]},"faces":{"north":{"uv":[11.9375,13.4375,12,16],"texture":"#main"},"east":{"uv":[8.4375,13.4375,8.0625,16],"texture":"#main"},"south":{"uv":[11.9375,13.4375,12,16],"texture":"#main"},"west":{"uv":[8.0625,13.4375,8.4375,16],"texture":"#main"},"up":{"uv":[12,16,8,15.9375],"texture":"#main"},"down":{"uv":[8,15.9375,12,16],"texture":"#main"}}},{"from":[6.7,-16,-1.3],"to":[9.3,-15,1.3],"rotation":{"angle":0,"axis":"y","origin":[8,-15.5,0]},"faces":{"north":{"uv":[4.75,0.75,5,1],"texture":"#main"},"east":{"uv":[4.75,0.75,5,1],"texture":"#main"},"south":{"uv":[4.75,0.75,5,1],"texture":"#main"},"west":{"uv":[4.75,0.75,5,1],"texture":"#main"},"up":{"uv":[4.75,0.9375,4.6875,0.875],"texture":"#main"},"down":{"uv":[4.75,0.9375,4.6875,1],"texture":"#main"}}},{"from":[7.15,30,-0.9],"to":[8.85,31.75,0.9],"rotation":{"angle":0,"axis":"y","origin":[8,8.1875,6.0625]},"faces":{"north":{"uv":[4.4375,0.75,4.6875,1],"texture":"#main"},"east":{"uv":[4.4375,0.75,4.6875,1],"texture":"#main"},"south":{"uv":[4.4375,0.75,4.6875,1],"texture":"#main"},"west":{"uv":[4.4375,0.75,4.6875,1],"texture":"#main"},"up":{"uv":[4.4375,0.75,4.25,0.5625],"texture":"#main"},"down":{"uv":[4.4375,0.9375,4.375,1],"texture":"#main"}}},{"from":[7.45,31.75,-0.6],"to":[8.55,32,0.6],"rotation":{"angle":0,"axis":"y","origin":[8,8.1875,6.0625]},"faces":{"north":{"uv":[4.375,0.9375,4.5625,1],"texture":"#main"},"east":{"uv":[4.375,0.9375,4.5625,1],"texture":"#main"},"south":{"uv":[4.375,0.9375,4.5625,1],"texture":"#main"},"west":{"uv":[4.375,0.9375,4.5625,1],"texture":"#main"},"up":{"uv":[4.4375,0.9375,4.25,0.75],"texture":"#main"},"down":{"uv":[4.5625,0.9375,4.5,1],"texture":"#main"}}},{"from":[7,-15,-1],"to":[9,-8.5,1],"rotation":{"angle":0,"axis":"y","origin":[8,8.1875,6.0625]},"faces":{"north":{"uv":[4,0,4.1875,0.5625],"texture":"#main"},"east":{"uv":[4,0,4.1875,0.5625],"texture":"#main"},"south":{"uv":[4,0,4.1875,0.5625],"texture":"#main"},"west":{"uv":[4,0,4.1875,0.5625],"texture":"#main"},"up":{"uv":[4.25,0.125,4.1875,0.0625],"texture":"#main"},"down":{"uv":[4.25,0,4.1875,0.0625],"texture":"#main"}}},{"from":[7.35,-8.5,-0.7],"to":[8.65,30,0.7],"rotation":{"angle":0,"axis":"y","origin":[8,10,0]},"faces":{"north":{"uv":[0,0,0.1875,1],"texture":"#main"},"east":{"uv":[0,0,0.1875,1],"texture":"#main"},"south":{"uv":[0.1875,0,0.375,1],"texture":"#main"},"west":{"uv":[0,0,0.1875,1],"texture":"#main"},"up":{"uv":[0.4375,0.0625,0.375,0],"texture":"#main"},"down":{"uv":[0.4375,0.0625,0.375,0.125],"texture":"#main"}}},{"name":"drapeau","from":[7.85,12,23.75],"to":[8.15,29.5,26],"rotation":{"angle":0,"axis":"y","origin":[8,8.1875,6.0625]},"faces":{"north":{"uv":[3.9375,5.4375,4,8],"texture":"#main"},"east":{"uv":[3.5,5.4375,3.1875,8],"texture":"#main"},"south":{"uv":[3.9375,5.4375,4,8],"texture":"#main"},"west":{"uv":[3.1875,5.4375,3.5,8],"texture":"#main"},"up":{"uv":[4,8,0,7.9375],"texture":"#main"},"down":{"uv":[0,7.9375,4,8],"texture":"#main"}}},{"name":"drapeau","from":[7.6,12,26],"to":[7.9,29.5,28.25],"rotation":{"angle":0,"axis":"y","origin":[8,8.1875,6.0625]},"faces":{"north":{"uv":[3.9375,5.4375,4,8],"texture":"#main"},"east":{"uv":[3.8125,5.4375,3.5,8],"texture":"#main"},"south":{"uv":[3.9375,5.4375,4,8],"texture":"#main"},"west":{"uv":[3.5,5.4375,3.8125,8],"texture":"#main"},"up":{"uv":[4,8,0,7.9375],"texture":"#main"},"down":{"uv":[0,7.9375,4,8],"texture":"#main"}}},{"name":"drapeau","from":[7.35,12,28.25],"to":[7.65,29.5,29.25],"rotation":{"angle":0,"axis":"y","origin":[8,8.1875,6.0625]},"faces":{"north":{"uv":[3.9375,5.4375,4,8],"texture":"#main"},"east":{"uv":[4,5.4375,3.875,8],"texture":"#main"},"south":{"uv":[3.9375,5.4375,4,8],"texture":"#main"},"west":{"uv":[3.875,5.4375,4,8],"texture":"#main"},"up":{"uv":[4,8,0,7.9375],"texture":"#main"},"down":{"uv":[0,7.9375,4,8],"texture":"#main"}}},{"name":"drapeau","from":[8.1,12,21.5],"to":[8.4,29.5,23.75],"rotation":{"angle":0,"axis":"y","origin":[8,8.1875,6.0625]},"faces":{"north":{"uv":[3.9375,5.4375,4,8],"texture":"#main"},"east":{"uv":[3.1875,5.4375,2.875,8],"texture":"#main"},"south":{"uv":[3.9375,5.4375,4,8],"texture":"#main"},"west":{"uv":[2.875,5.4375,3.1875,8],"texture":"#main"},"up":{"uv":[4,8,0,7.9375],"texture":"#main"},"down":{"uv":[0,7.9375,4,8],"texture":"#main"}}},{"name":"drapeau","from":[7.85,12,19.25],"to":[8.15,29.5,21.5],"rotation":{"angle":0,"axis":"y","origin":[8,8.1875,6.0625]},"faces":{"north":{"uv":[3.9375,5.4375,4,8],"texture":"#main"},"east":{"uv":[2.875,5.4375,2.5625,8],"texture":"#main"},"south":{"uv":[3.9375,5.4375,4,8],"texture":"#main"},"west":{"uv":[2.5625,5.4375,2.875,8],"texture":"#main"},"up":{"uv":[4,8,0,7.9375],"texture":"#main"},"down":{"uv":[0,7.9375,4,8],"texture":"#main"}}},{"name":"drapeau","from":[7.6,12,17],"to":[7.9,29.5,19.25],"rotation":{"angle":0,"axis":"y","origin":[8,8.1875,6.0625]},"faces":{"north":{"uv":[3.9375,5.4375,4,8],"texture":"#main"},"east":{"uv":[2.5625,5.4375,2.25,8],"texture":"#main"},"south":{"uv":[3.9375,5.4375,4,8],"texture":"#main"},"west":{"uv":[2.25,5.4375,2.5625,8],"texture":"#main"},"up":{"uv":[4,8,0,7.9375],"texture":"#main"},"down":{"uv":[0,7.9375,4,8],"texture":"#main"}}},{"name":"drapeau","from":[7.35,12,14.75],"to":[7.65,29.5,17],"rotation":{"angle":0,"axis":"y","origin":[8,8.1875,6.0625]},"faces":{"north":{"uv":[3.9375,5.4375,4,8],"texture":"#main"},"east":{"uv":[2.25,5.4375,1.9375,8],"texture":"#main"},"south":{"uv":[3.9375,5.4375,4,8],"texture":"#main"},"west":{"uv":[1.9375,5.4375,2.25,8],"texture":"#main"},"up":{"uv":[4,8,0,7.9375],"texture":"#main"},"down":{"uv":[0,7.9375,4,8],"texture":"#main"}}},{"name":"drapeau","from":[7.6,12,12.5],"to":[7.9,29.5,14.75],"rotation":{"angle":0,"axis":"y","origin":[8,8.1875,6.0625]},"faces":{"north":{"uv":[3.9375,5.4375,4,8],"texture":"#main"},"east":{"uv":[1.9375,5.4375,1.625,8],"texture":"#main"},"south":{"uv":[3.9375,5.4375,4,8],"texture":"#main"},"west":{"uv":[1.625,5.4375,1.9375,8],"texture":"#main"},"up":{"uv":[4,8,0,7.9375],"texture":"#main"},"down":{"uv":[0,7.9375,4,8],"texture":"#main"}}},{"name":"drapeau","from":[7.85,12,10.25],"to":[8.15,29.5,12.5],"rotation":{"angle":0,"axis":"y","origin":[8,8.1875,6.0625]},"faces":{"north":{"uv":[3.9375,5.4375,4,8],"texture":"#main"},"east":{"uv":[1.625,5.4375,1.3125,8],"texture":"#main"},"south":{"uv":[3.9375,5.4375,4,8],"texture":"#main"},"west":{"uv":[1.3125,5.4375,1.625,8],"texture":"#main"},"up":{"uv":[4,8,0,7.9375],"texture":"#main"},"down":{"uv":[0,7.9375,4,8],"texture":"#main"}}},{"name":"drapeau","from":[8.1,12,8],"to":[8.4,29.5,10.25],"rotation":{"angle":0,"axis":"y","origin":[8,8.1875,6.0625]},"faces":{"north":{"uv":[3.9375,5.4375,4,8],"texture":"#main"},"east":{"uv":[1.3125,5.4375,1,8],"texture":"#main"},"south":{"uv":[3.9375,5.4375,4,8],"texture":"#main"},"west":{"uv":[1,5.4375,1.3125,8],"texture":"#main"},"up":{"uv":[4,8,0,7.9375],"texture":"#main"},"down":{"uv":[0,7.9375,4,8],"texture":"#main"}}},{"name":"drapeau","from":[8.35,12,5.75],"to":[8.65,29.5,8],"rotation":{"angle":0,"axis":"y","origin":[8,8.1875,6.0625]},"faces":{"north":{"uv":[3.9375,5.4375,4,8],"texture":"#main"},"east":{"uv":[1,5.4375,0.6875,8],"texture":"#main"},"south":{"uv":[3.9375,5.4375,4,8],"texture":"#main"},"west":{"uv":[0.6875,5.4375,1,8],"texture":"#main"},"up":{"uv":[4,8,0,7.9375],"texture":"#main"},"down":{"uv":[0,7.9375,4,8],"texture":"#main"}}},{"name":"drapeau","from":[8.1,12,3.5],"to":[8.4,29.5,5.75],"rotation":{"angle":0,"axis":"y","origin":[8,8.1875,6.0625]},"faces":{"north":{"uv":[3.9375,5.4375,4,8],"texture":"#main"},"east":{"uv":[0.6875,5.4375,0.375,8],"texture":"#main"},"south":{"uv":[3.9375,5.4375,4,8],"texture":"#main"},"west":{"uv":[0.375,5.4375,0.6875,8],"texture":"#main"},"up":{"uv":[4,8,0,7.9375],"texture":"#main"},"down":{"uv":[0,7.9375,4,8],"texture":"#main"}}},{"name":"drapeau","from":[7.85,12,0.75],"to":[8.15,29.5,3.5],"rotation":{"angle":0,"axis":"y","origin":[8,8.1875,6.0625]},"faces":{"north":{"uv":[3.9375,5.4375,4,8],"texture":"#main"},"east":{"uv":[0.4375,5.4375,0.0625,8],"texture":"#main"},"south":{"uv":[3.9375,5.4375,4,8],"texture":"#main"},"west":{"uv":[0.0625,5.4375,0.4375,8],"texture":"#main"},"up":{"uv":[4,8,0,7.9375],"texture":"#main"},"down":{"uv":[0,7.9375,4,8],"texture":"#main"}}}],"gui_light":"front","display":{"thirdperson_righthand":{"rotation":[17,-180,0],"translation":[0,8.75,-0.75],"scale":[0.5,0.5,0.5]},"thirdperson_lefthand":{"rotation":[17,-180,0],"translation":[0,8.75,-0.75],"scale":[0.5,0.5,0.5]},"firstperson_righthand":{"rotation":[-20,-180,0],"translation":[4,1,-0.75],"scale":[0.3,0.3,0.3]},"firstperson_lefthand":{"rotation":[-20,-180,0],"translation":[4,1,-0.75],"scale":[0.3,0.3,0.3]},"ground":{"translation":[0,4,2.25],"scale":[0.3,0.3,0.3]},"gui":{"rotation":[18,122,-34],"scale":[0.3,0.3,0.3]},"head":{"rotation":[0,90,0],"translation":[12,-7.199,0],"scale":[1.5,1.5,1.5]},"fixed":{"rotation":[-90,-90,-1],"translation":[-25.5,0,-76.75],"scale":[3.2,3.2,3.2]}}}