{"credit":"Made with Blockbench","texture_size":[64,64],"textures":{"0":"furnitures:rivrs/furnitures_color_4","particle":"furnitures:rivrs/furnitures_color_4"},"elements":[{"from":[-16,0,9],"to":[32,18,9],"faces":{"north":{"uv":[3,13.75,6,14.875],"texture":"#0"},"east":{"uv":[3,13.75,3,14.875],"texture":"#0"},"south":{"uv":[6,13.75,3,14.875],"texture":"#0"},"west":{"uv":[3,13.75,3,14.875],"texture":"#0"},"up":{"uv":[6,13.75,3,13.75],"texture":"#0"},"down":{"uv":[6,13.75,3,13.75],"texture":"#0"}}}],"gui_light":"front","display":{"thirdperson_righthand":{"translation":[0,3,1],"scale":[0.55,0.55,0.55]},"thirdperson_lefthand":{"translation":[0,3,1],"scale":[0.55,0.55,0.55]},"firstperson_righthand":{"rotation":[0,-180,0],"translation":[1.13,3.2,2.88],"scale":[0.3,0.3,0.3]},"firstperson_lefthand":{"rotation":[0,-180,0],"translation":[1.13,3.2,2.88],"scale":[0.3,0.3,0.3]},"ground":{"translation":[0,2,0],"scale":[0.5,0.5,0.5]},"gui":{"rotation":[10,-47,0],"scale":[0.4,0.4,0.4]},"head":{"translation":[0,-31.199,-6.75],"scale":[1.5,1.5,1.5]},"fixed":{"rotation":[0,-90,0],"translation":[4.5,0,-63.25],"scale":[4,4,4]}}}