{"credit":"Made with Blockbench","texture_size":[64,64],"textures":{"0":"furnitures:rivrs/furnitures_color_4","particle":"furnitures:rivrs/furnitures_color_4"},"elements":[{"from":[0,10,10],"to":[16,16,16],"faces":{"north":{"uv":[3.0625,4.5625,3.5625,4.75],"texture":"#0"},"east":{"uv":[3.375,5.5,3.5625,5.6875],"texture":"#0"},"south":{"uv":[3.0625,4.5625,3.5625,4.75],"texture":"#0"},"west":{"uv":[3.5625,4.5625,3.75,4.75],"texture":"#0"},"up":{"uv":[3.5625,5.125,3.0625,4.9375],"texture":"#0"},"down":{"uv":[3.5625,5.125,3.0625,5.3125],"texture":"#0"}}},{"from":[0,0,10],"to":[16,10,16],"faces":{"north":{"uv":[2.5625,4.5625,3.0625,4.875],"texture":"#0"},"east":{"uv":[2.5625,5.375,2.75,5.6875],"texture":"#0"},"south":{"uv":[2.5625,4.875,3.0625,5.1875],"texture":"#0"},"west":{"uv":[2.75,5.375,2.9375,5.6875],"texture":"#0"},"up":{"uv":[3.0625,5.375,2.5625,5.1875],"texture":"#0"},"down":{"uv":[3.5625,5.3125,3.0625,5.5],"texture":"#0"}}},{"from":[1,16,12],"to":[7,18,16],"faces":{"north":{"uv":[3.71875,5.3125,3.90625,5.375],"texture":"#0"},"east":{"uv":[3.78125,5.78125,3.90625,5.84375],"texture":"#0"},"south":{"uv":[3.71875,5.375,3.90625,5.4375],"texture":"#0"},"west":{"uv":[3.8125,4.5625,3.9375,4.625],"texture":"#0"},"up":{"uv":[2.90625,5.8125,2.71875,5.6875],"texture":"#0"},"down":{"uv":[3.09375,5.6875,2.90625,5.8125],"texture":"#0"}}},{"from":[8,15.75,12],"to":[13,22.75,13],"rotation":{"angle":22.5,"axis":"x","origin":[10.5,19.25,12.5]},"faces":{"north":{"uv":[3.5625,4.75,3.71875,4.96875],"texture":"#0"},"east":{"uv":[2.71875,5.8125,2.75,6.03125],"texture":"#0"},"south":{"uv":[3.5625,4.96875,3.71875,5.1875],"texture":"#0"},"west":{"uv":[2.75,5.8125,2.78125,6.03125],"texture":"#0"},"up":{"uv":[3.90625,4.75,3.75,4.71875],"texture":"#0"},"down":{"uv":[3.9375,5.28125,3.78125,5.3125],"texture":"#0"}}},{"from":[9.5,16.25,14],"to":[11.5,21.25,15],"rotation":{"angle":-22.5,"axis":"x","origin":[11,18.25,15.5]},"faces":{"north":{"uv":[3.59375,5.78125,3.65625,5.9375],"texture":"#0"},"east":{"uv":[2.78125,5.8125,2.8125,5.96875],"texture":"#0"},"south":{"uv":[3.78125,5.625,3.84375,5.78125],"texture":"#0"},"west":{"uv":[2.8125,5.8125,2.84375,5.96875],"texture":"#0"},"up":{"uv":[3.875,4.65625,3.8125,4.625],"texture":"#0"},"down":{"uv":[3.875,4.65625,3.8125,4.6875],"texture":"#0"}}}],"gui_light":"front","display":{"thirdperson_righthand":{"translation":[0,3,-2],"scale":[0.55,0.55,0.55]},"thirdperson_lefthand":{"translation":[0,3,-2],"scale":[0.55,0.55,0.55]},"firstperson_righthand":{"rotation":[0,-90,25],"translation":[2.75,-0.75,3.5],"scale":[0.68,0.68,0.68]},"firstperson_lefthand":{"rotation":[0,-90,25],"translation":[2.75,-0.75,3.5],"scale":[0.68,0.68,0.68]},"ground":{"translation":[0,2,0],"scale":[0.5,0.5,0.5]},"gui":{"rotation":[15,157,0],"translation":[-1.75,-2.75,0],"scale":[0.65,0.65,0.65]},"head":{"translation":[0,-31.199,-8.5],"scale":[1.5,1.5,1.5]},"fixed":{"translation":[0,0,-16],"scale":[2,2,2]}}}