{"credit":"Made with Blockbench","texture_size":[64,64],"textures":{"0":"furnitures:rivrs/furnitures_color_4","particle":"furnitures:rivrs/furnitures_color_4"},"elements":[{"from":[0,-4,14],"to":[16,-2,16],"faces":{"north":{"uv":[3.5,7.53125,4,7.59375],"texture":"#0"},"east":{"uv":[4.09375,7.53125,4.15625,7.59375],"texture":"#0"},"south":{"uv":[4.5,6.53125,5,6.59375],"texture":"#0"},"west":{"uv":[4.15625,7.53125,4.21875,7.59375],"texture":"#0"},"up":{"uv":[5,6.65625,4.5,6.59375],"texture":"#0"},"down":{"uv":[5,6.65625,4.5,6.71875],"texture":"#0"}}},{"from":[0,30,14],"to":[16,32,16],"faces":{"north":{"uv":[4.5,6.71875,5,6.78125],"texture":"#0"},"east":{"uv":[4.21875,7.53125,4.28125,7.59375],"texture":"#0"},"south":{"uv":[4.5,6.78125,5,6.84375],"texture":"#0"},"west":{"uv":[4.28125,7.53125,4.34375,7.59375],"texture":"#0"},"up":{"uv":[5,6.90625,4.5,6.84375],"texture":"#0"},"down":{"uv":[5,6.90625,4.5,6.96875],"texture":"#0"}}},{"from":[14,-2,15],"to":[16,30,16],"faces":{"north":{"uv":[4.25,6.53125,4.3125,7.53125],"texture":"#0"},"east":{"uv":[4.5,6.96875,4.53125,7.96875],"texture":"#0"},"south":{"uv":[4.3125,6.53125,4.375,7.53125],"texture":"#0"},"west":{"uv":[4,7.53125,4.03125,8.53125],"texture":"#0"},"up":{"uv":[4.40625,7.5625,4.34375,7.53125],"texture":"#0"},"down":{"uv":[4.46875,7.53125,4.40625,7.5625],"texture":"#0"}}},{"from":[2,-2,15.75],"to":[14,30,15.75],"faces":{"north":{"uv":[3.5,6.53125,3.875,7.53125],"texture":"#0"},"east":{"uv":[3.5,6.53125,3.5,7.53125],"texture":"#0"},"south":{"uv":[3.875,6.53125,3.5,7.53125],"texture":"#0"},"west":{"uv":[3.5,6.53125,3.5,7.53125],"texture":"#0"},"up":{"uv":[3.875,6.53125,3.5,6.53125],"texture":"#0"},"down":{"uv":[3.875,6.53125,3.5,6.53125],"texture":"#0"}}},{"from":[0,-2,15],"to":[2,30,16],"faces":{"north":{"uv":[4.375,6.53125,4.4375,7.53125],"texture":"#0"},"east":{"uv":[4.03125,7.53125,4.0625,8.53125],"texture":"#0"},"south":{"uv":[4.4375,6.53125,4.5,7.53125],"texture":"#0"},"west":{"uv":[4.0625,7.53125,4.09375,8.53125],"texture":"#0"},"up":{"uv":[4.59375,7,4.53125,6.96875],"texture":"#0"},"down":{"uv":[4.59375,7,4.53125,7.03125],"texture":"#0"}}}],"gui_light":"front","display":{"thirdperson_righthand":{"rotation":[75,45,0],"translation":[0,2.5,0],"scale":[0.375,0.375,0.375]},"thirdperson_lefthand":{"rotation":[75,45,0],"translation":[0,2.5,0],"scale":[0.375,0.375,0.375]},"firstperson_righthand":{"rotation":[0,45,0],"translation":[1.75,0,0],"scale":[0.3,0.3,0.3]},"firstperson_lefthand":{"rotation":[0,45,0],"translation":[1.75,0,0],"scale":[0.3,0.3,0.3]},"ground":{"translation":[0,2,0],"scale":[0.5,0.5,0.5]},"gui":{"rotation":[19,153,0],"translation":[-2.25,-3,0],"scale":[0.4,0.4,0.4]},"head":{"translation":[0,-43.199,-14.25],"scale":[1.5,1.5,1.5]},"fixed":{"translation":[0,4,-16],"scale":[2,2,2]}}}