{"credit":"Made with Blockbench","texture_size":[128,128],"textures":{"0":"furnitures:rivrs/furnitures_color_4","particle":"furnitures:rivrs/furnitures_color_4"},"elements":[{"from":[-7,13,12],"to":[23,29,14],"faces":{"north":{"uv":[0,13.62593,0.9375,14.12654],"texture":"#0"},"east":{"uv":[1.84375,14.87747,1.90625,15.37809],"texture":"#0"},"south":{"uv":[0.9375,13.62593,1.875,14.12654],"texture":"#0"},"west":{"uv":[1.90625,14.87747,1.96875,15.37809],"texture":"#0"},"up":{"uv":[2.71875,13.46948,1.78125,13.40691],"texture":"#0"},"down":{"uv":[2.8125,14.06397,1.875,14.12654],"texture":"#0"}}},{"from":[8,3,5],"to":[28,7,16],"faces":{"north":{"uv":[1.3125,13.46948,1.9375,13.59464],"texture":"#0"},"east":{"uv":[1.9375,13.46948,2.28125,13.59464],"texture":"#0"},"south":{"uv":[0.75,14.72103,1.375,14.84618],"texture":"#0"},"west":{"uv":[0.9375,14.84618,1.28125,14.97133],"texture":"#0"},"up":{"uv":[0.625,14.47072,0,14.12654],"texture":"#0"},"down":{"uv":[1.25,14.12654,0.625,14.47072],"texture":"#0"}}},{"from":[8,7,5],"to":[28,11,5],"faces":{"north":{"uv":[1.875,13.59464,2.5,13.71979],"texture":"#0"},"east":{"uv":[0,12.875,0,13.00015],"texture":"#0"},"south":{"uv":[1.875,13.71979,2.5,13.84495],"texture":"#0"},"west":{"uv":[0,12.875,0,13.00015],"texture":"#0"},"up":{"uv":[0.625,12.875,0,12.875],"texture":"#0"},"down":{"uv":[0.625,12.875,0,12.875],"texture":"#0"}}},{"from":[-12,7,5],"to":[8,11,5],"rotation":{"angle":0,"axis":"y","origin":[16,0,0]},"faces":{"north":{"uv":[2.5,13.59464,1.875,13.71979],"texture":"#0"},"east":{"uv":[0,12.875,0,13.00015],"texture":"#0"},"south":{"uv":[2.5,13.71979,1.875,13.84495],"texture":"#0"},"west":{"uv":[0,12.875,0,13.00015],"texture":"#0"},"up":{"uv":[0,12.875,0.625,12.875],"texture":"#0"},"down":{"uv":[0,12.875,0.625,12.875],"texture":"#0"}}},{"from":[-12,3,5],"to":[8,7,16],"rotation":{"angle":0,"axis":"y","origin":[16,0,0]},"faces":{"north":{"uv":[1.9375,13.46948,1.3125,13.59464],"texture":"#0"},"east":{"uv":[1.28125,14.84618,0.9375,14.97133],"texture":"#0"},"south":{"uv":[1.375,14.72103,0.75,14.84618],"texture":"#0"},"west":{"uv":[2.28125,13.46948,1.9375,13.59464],"texture":"#0"},"up":{"uv":[0,14.47072,0.625,14.12654],"texture":"#0"},"down":{"uv":[0.625,14.12654,1.25,14.47072],"texture":"#0"}}},{"from":[17,6,9],"to":[32,20,9],"faces":{"north":{"uv":[1.3125,13.03144,1.78125,13.46948],"texture":"#0"},"east":{"uv":[0,12.875,0,13.31304],"texture":"#0"},"south":{"uv":[1.78125,13.03144,1.3125,13.46948],"texture":"#0"},"west":{"uv":[0,12.875,0,13.31304],"texture":"#0"},"up":{"uv":[0.46875,12.875,0,12.875],"texture":"#0"},"down":{"uv":[0.46875,12.875,0,12.875],"texture":"#0"}}},{"from":[24.5,4,1.5],"to":[24.5,18,16.5],"rotation":{"angle":0,"axis":"y","origin":[18.5,-9,5]},"faces":{"north":{"uv":[0,12.875,0,13.31304],"texture":"#0"},"east":{"uv":[1.3125,13.03144,1.78125,13.46948],"texture":"#0"},"south":{"uv":[0,12.875,0,13.31304],"texture":"#0"},"west":{"uv":[1.78125,13.03144,1.3125,13.46948],"texture":"#0"},"up":{"uv":[0.46875,12.875,0,12.875],"rotation":90,"texture":"#0"},"down":{"uv":[0.46875,12.875,0,12.875],"rotation":270,"texture":"#0"}}},{"from":[-8.5,2,-0.5],"to":[-8.5,16,14.5],"rotation":{"angle":0,"axis":"y","origin":[18.5,-9,5]},"faces":{"north":{"uv":[0,12.875,0,13.31304],"texture":"#0"},"east":{"uv":[1.3125,13.03144,1.78125,13.46948],"texture":"#0"},"south":{"uv":[0,12.875,0,13.31304],"texture":"#0"},"west":{"uv":[1.78125,13.03144,1.3125,13.46948],"texture":"#0"},"up":{"uv":[0.46875,12.875,0,12.875],"rotation":90,"texture":"#0"},"down":{"uv":[0.46875,12.875,0,12.875],"rotation":270,"texture":"#0"}}},{"from":[-16,3,9],"to":[-1,17,9],"faces":{"north":{"uv":[1.3125,13.03144,1.78125,13.46948],"texture":"#0"},"east":{"uv":[0,12.875,0,13.31304],"texture":"#0"},"south":{"uv":[1.78125,13.03144,1.3125,13.46948],"texture":"#0"},"west":{"uv":[0,12.875,0,13.31304],"texture":"#0"},"up":{"uv":[0.46875,12.875,0,12.875],"texture":"#0"},"down":{"uv":[0.46875,12.875,0,12.875],"texture":"#0"}}},{"from":[-6,6,8],"to":[9,13,8],"faces":{"north":{"uv":[0.75,14.47072,1.21875,14.68974],"texture":"#0"},"east":{"uv":[0,12.875,0,13.09402],"texture":"#0"},"south":{"uv":[1.21875,14.47072,0.75,14.68974],"texture":"#0"},"west":{"uv":[0,12.875,0,13.09402],"texture":"#0"},"up":{"uv":[0.46875,12.875,0,12.875],"texture":"#0"},"down":{"uv":[0.46875,12.875,0,12.875],"texture":"#0"}}},{"from":[8,5,8],"to":[23,12,8],"faces":{"north":{"uv":[0.75,14.47072,1.21875,14.68974],"texture":"#0"},"east":{"uv":[0,12.875,0,13.09402],"texture":"#0"},"south":{"uv":[1.21875,14.47072,0.75,14.68974],"texture":"#0"},"west":{"uv":[0,12.875,0,13.09402],"texture":"#0"},"up":{"uv":[0.46875,12.875,0,12.875],"texture":"#0"},"down":{"uv":[0.46875,12.875,0,12.875],"texture":"#0"}}},{"from":[-12,-4.25,4.75],"to":[-4,7.75,4.75],"faces":{"north":{"uv":[1.71875,14.50201,1.96875,14.87747],"texture":"#0"},"east":{"uv":[0,12.875,0,13.25046],"texture":"#0"},"south":{"uv":[1.96875,14.50201,1.71875,14.87747],"texture":"#0"},"west":{"uv":[0,12.875,0,13.25046],"texture":"#0"},"up":{"uv":[0.25,12.875,0,12.875],"texture":"#0"},"down":{"uv":[0.25,12.875,0,12.875],"texture":"#0"}}},{"from":[24,0.75,4.75],"to":[32,12.75,4.75],"faces":{"north":{"uv":[1.71875,14.50201,1.96875,14.87747],"texture":"#0"},"east":{"uv":[0,12.875,0,13.25046],"texture":"#0"},"south":{"uv":[1.96875,14.50201,1.71875,14.87747],"texture":"#0"},"west":{"uv":[0,12.875,0,13.25046],"texture":"#0"},"up":{"uv":[0.25,12.875,0,12.875],"texture":"#0"},"down":{"uv":[0.25,12.875,0,12.875],"texture":"#0"}}},{"from":[-13,32,11],"to":[29,32,16],"faces":{"north":{"uv":[0,12.875,1.34375,12.875],"texture":"#0"},"east":{"uv":[0,12.875,0.15625,12.875],"texture":"#0"},"south":{"uv":[0,12.875,1.34375,12.875],"texture":"#0"},"west":{"uv":[0,12.875,0.15625,12.875],"texture":"#0"},"up":{"uv":[2.5625,14.28299,1.25,14.12654],"texture":"#0"},"down":{"uv":[1.25,14.12654,2.5625,14.28299],"texture":"#0"}}},{"from":[-13,31.04337,-0.80932],"to":[29,31.04337,11.19068],"rotation":{"angle":-22.5,"axis":"x","origin":[20,31.04337,8.69068]},"faces":{"north":{"uv":[0,12.875,1.3125,12.875],"texture":"#0"},"east":{"uv":[0,12.875,0.375,12.875],"texture":"#0"},"south":{"uv":[0,12.875,1.3125,12.875],"texture":"#0"},"west":{"uv":[0,12.875,0.375,12.875],"texture":"#0"},"up":{"uv":[1.3125,13.25046,0,12.875],"texture":"#0"},"down":{"uv":[0,12.875,1.3125,13.25046],"texture":"#0"}}},{"from":[29,30,11],"to":[32,32,16],"faces":{"north":{"uv":[0.65625,15.0652,0.75,15.12778],"texture":"#0"},"east":{"uv":[2.125,13.34433,2.28125,13.40691],"texture":"#0"},"south":{"uv":[2.1875,14.28299,2.28125,14.34556],"texture":"#0"},"west":{"uv":[0.5625,15.00262,0.71875,15.0652],"texture":"#0"},"up":{"uv":[1.03125,15.12778,0.9375,14.97133],"texture":"#0"},"down":{"uv":[1.125,14.97133,1.03125,15.12778],"texture":"#0"}}},{"from":[28.9,23.5,0.75],"to":[31.9,26.5,3.75],"faces":{"north":{"uv":[2.125,14.50201,2.21875,14.59587],"texture":"#0"},"east":{"uv":[2.125,14.59587,2.21875,14.68974],"texture":"#0"},"south":{"uv":[2.125,14.68974,2.21875,14.7836],"texture":"#0"},"west":{"uv":[2.125,14.7836,2.21875,14.87747],"texture":"#0"},"up":{"uv":[2.1875,15.09649,2.09375,15.00262],"texture":"#0"},"down":{"uv":[0.09375,15.0652,0,15.15907],"texture":"#0"}}},{"from":[28.9,7.5,0.75],"to":[31.9,11.5,3.75],"faces":{"north":{"uv":[1.125,14.97133,1.21875,15.09649],"texture":"#0"},"east":{"uv":[2.125,13.21917,2.21875,13.34433],"texture":"#0"},"south":{"uv":[0.375,15.00262,0.46875,15.12778],"texture":"#0"},"west":{"uv":[0.46875,15.00262,0.5625,15.12778],"texture":"#0"},"up":{"uv":[0.1875,15.15907,0.09375,15.0652],"texture":"#0"},"down":{"uv":[0.28125,15.0652,0.1875,15.15907],"texture":"#0"}}},{"from":[29.4,11.5,1.25],"to":[31.4,23.5,3.25],"faces":{"north":{"uv":[2.0625,14.50201,2.125,14.87747],"texture":"#0"},"east":{"uv":[1.65625,14.94005,1.71875,15.31551],"texture":"#0"},"south":{"uv":[1.96875,14.94005,2.03125,15.31551],"texture":"#0"},"west":{"uv":[2.03125,14.94005,2.09375,15.31551],"texture":"#0"},"up":{"uv":[1.28125,15.03391,1.21875,14.97133],"texture":"#0"},"down":{"uv":[1.28125,15.03391,1.21875,15.09649],"texture":"#0"}}},{"from":[-15.35,11.5,1.25],"to":[-13.35,23.5,3.25],"faces":{"north":{"uv":[2.0625,14.50201,2.125,14.87747],"texture":"#0"},"east":{"uv":[1.65625,14.94005,1.71875,15.31551],"texture":"#0"},"south":{"uv":[1.96875,14.94005,2.03125,15.31551],"texture":"#0"},"west":{"uv":[2.03125,14.94005,2.09375,15.31551],"texture":"#0"},"up":{"uv":[1.28125,15.03391,1.21875,14.97133],"texture":"#0"},"down":{"uv":[1.28125,15.03391,1.21875,15.09649],"texture":"#0"}}},{"from":[28.9,12.5,0.75],"to":[31.9,22.5,3.75],"faces":{"north":{"uv":[2.03125,13.09402,2.125,13.40691],"texture":"#0"},"east":{"uv":[1.375,14.94005,1.46875,15.25293],"texture":"#0"},"south":{"uv":[1.46875,14.94005,1.5625,15.25293],"texture":"#0"},"west":{"uv":[1.5625,14.94005,1.65625,15.25293],"texture":"#0"},"up":{"uv":[0.375,15.15907,0.28125,15.0652],"texture":"#0"},"down":{"uv":[0.65625,15.0652,0.5625,15.15907],"texture":"#0"}}},{"from":[30.9,-1.5,5],"to":[30.9,5.5,16],"faces":{"north":{"uv":[0,12.875,0,13.09402],"texture":"#0"},"east":{"uv":[1.375,14.72103,1.71875,14.94005],"texture":"#0"},"south":{"uv":[0,12.875,0,13.09402],"texture":"#0"},"west":{"uv":[1.71875,14.72103,1.375,14.94005],"texture":"#0"},"up":{"uv":[0,13.21917,0,12.875],"texture":"#0"},"down":{"uv":[0,12.875,0,13.21917],"texture":"#0"}}},{"from":[-15.1,-1.5,5],"to":[-15.1,5.5,16],"faces":{"north":{"uv":[0,12.875,0,13.09402],"texture":"#0"},"east":{"uv":[1.375,14.72103,1.71875,14.94005],"texture":"#0"},"south":{"uv":[0,12.875,0,13.09402],"texture":"#0"},"west":{"uv":[1.71875,14.72103,1.375,14.94005],"texture":"#0"},"up":{"uv":[0,13.21917,0,12.875],"texture":"#0"},"down":{"uv":[0,12.875,0,13.21917],"texture":"#0"}}},{"from":[28.9,5.5,0],"to":[31.9,7.5,16],"faces":{"north":{"uv":[2.1875,14.34556,2.28125,14.40814],"texture":"#0"},"east":{"uv":[1.96875,14.87747,2.46875,14.94005],"texture":"#0"},"south":{"uv":[2.1875,14.40814,2.28125,14.47072],"texture":"#0"},"west":{"uv":[2.03125,13.03144,2.53125,13.09402],"texture":"#0"},"up":{"uv":[0.84375,15.3468,0.75,14.84618],"texture":"#0"},"down":{"uv":[0.9375,14.84618,0.84375,15.3468],"texture":"#0"}}},{"from":[29,29.04337,-0.80932],"to":[32,31.04337,11.19068],"rotation":{"angle":-22.5,"axis":"x","origin":[20,31.04337,8.69068]},"faces":{"north":{"uv":[2.1875,15.00262,2.28125,15.0652],"texture":"#0"},"east":{"uv":[2.09375,14.94005,2.46875,15.00262],"texture":"#0"},"south":{"uv":[2.1875,15.0652,2.28125,15.12778],"texture":"#0"},"west":{"uv":[0,15.00262,0.375,15.0652],"texture":"#0"},"up":{"uv":[1.375,15.22164,1.28125,14.84618],"texture":"#0"},"down":{"uv":[2.0625,14.50201,1.96875,14.87747],"texture":"#0"}}},{"from":[-16,30,11],"to":[-13,32,16],"rotation":{"angle":0,"axis":"y","origin":[16,0,0]},"faces":{"north":{"uv":[0.75,15.0652,0.65625,15.12778],"texture":"#0"},"east":{"uv":[0.71875,15.00262,0.5625,15.0652],"texture":"#0"},"south":{"uv":[2.28125,14.28299,2.1875,14.34556],"texture":"#0"},"west":{"uv":[2.28125,13.34433,2.125,13.40691],"texture":"#0"},"up":{"uv":[0.9375,15.12778,1.03125,14.97133],"texture":"#0"},"down":{"uv":[1.03125,14.97133,1.125,15.12778],"texture":"#0"}}},{"from":[-16,29.04337,-0.80932],"to":[-13,31.04337,11.19068],"rotation":{"angle":-22.5,"axis":"x","origin":[-4,31.04337,8.69068]},"faces":{"north":{"uv":[2.28125,15.00262,2.1875,15.0652],"texture":"#0"},"east":{"uv":[0.375,15.00262,0,15.0652],"texture":"#0"},"south":{"uv":[2.28125,15.0652,2.1875,15.12778],"texture":"#0"},"west":{"uv":[2.46875,14.94005,2.09375,15.00262],"texture":"#0"},"up":{"uv":[1.28125,15.22164,1.375,14.84618],"texture":"#0"},"down":{"uv":[1.96875,14.50201,2.0625,14.87747],"texture":"#0"}}},{"from":[-15.9,23.5,0.75],"to":[-12.9,26.5,3.75],"rotation":{"angle":0,"axis":"y","origin":[16,0,0]},"faces":{"north":{"uv":[2.21875,14.50201,2.125,14.59587],"texture":"#0"},"east":{"uv":[2.21875,14.7836,2.125,14.87747],"texture":"#0"},"south":{"uv":[2.21875,14.68974,2.125,14.7836],"texture":"#0"},"west":{"uv":[2.21875,14.59587,2.125,14.68974],"texture":"#0"},"up":{"uv":[2.09375,15.09649,2.1875,15.00262],"texture":"#0"},"down":{"uv":[0,15.0652,0.09375,15.15907],"texture":"#0"}}},{"from":[-15.9,12.5,0.75],"to":[-12.9,22.5,3.75],"rotation":{"angle":0,"axis":"y","origin":[16,0,0]},"faces":{"north":{"uv":[2.125,13.09402,2.03125,13.40691],"texture":"#0"},"east":{"uv":[1.65625,14.94005,1.5625,15.25293],"texture":"#0"},"south":{"uv":[1.5625,14.94005,1.46875,15.25293],"texture":"#0"},"west":{"uv":[1.46875,14.94005,1.375,15.25293],"texture":"#0"},"up":{"uv":[0.28125,15.15907,0.375,15.0652],"texture":"#0"},"down":{"uv":[0.5625,15.0652,0.65625,15.15907],"texture":"#0"}}},{"from":[-15.9,7.5,0.75],"to":[-12.9,11.5,3.75],"rotation":{"angle":0,"axis":"y","origin":[16,0,0]},"faces":{"north":{"uv":[1.21875,14.97133,1.125,15.09649],"texture":"#0"},"east":{"uv":[0.5625,15.00262,0.46875,15.12778],"texture":"#0"},"south":{"uv":[0.46875,15.00262,0.375,15.12778],"texture":"#0"},"west":{"uv":[2.21875,13.21917,2.125,13.34433],"texture":"#0"},"up":{"uv":[0.09375,15.15907,0.1875,15.0652],"texture":"#0"},"down":{"uv":[0.1875,15.0652,0.28125,15.15907],"texture":"#0"}}},{"from":[-15.9,5.5,0],"to":[-12.9,7.5,16],"rotation":{"angle":0,"axis":"y","origin":[16,0,0]},"faces":{"north":{"uv":[2.28125,14.34556,2.1875,14.40814],"texture":"#0"},"east":{"uv":[2.53125,13.03144,2.03125,13.09402],"texture":"#0"},"south":{"uv":[2.28125,14.40814,2.1875,14.47072],"texture":"#0"},"west":{"uv":[2.46875,14.87747,1.96875,14.94005],"texture":"#0"},"up":{"uv":[0.75,15.3468,0.84375,14.84618],"texture":"#0"},"down":{"uv":[0.84375,14.84618,0.9375,15.3468],"texture":"#0"}}},{"from":[20,11,14],"to":[32,28,16],"faces":{"north":{"uv":[0,14.47072,0.375,15.00262],"texture":"#0"},"east":{"uv":[1.71875,14.87747,1.78125,15.40938],"texture":"#0"},"south":{"uv":[0.375,14.47072,0.75,15.00262],"texture":"#0"},"west":{"uv":[1.78125,14.87747,1.84375,15.40938],"texture":"#0"},"up":{"uv":[2.5,13.1566,2.125,13.09402],"texture":"#0"},"down":{"uv":[2.5,13.1566,2.125,13.21917],"texture":"#0"}}},{"from":[-16,11,14],"to":[-4,28,16],"rotation":{"angle":0,"axis":"y","origin":[16,0,0]},"faces":{"north":{"uv":[0.375,14.47072,0,15.00262],"texture":"#0"},"east":{"uv":[1.84375,14.87747,1.78125,15.40938],"texture":"#0"},"south":{"uv":[0.75,14.47072,0.375,15.00262],"texture":"#0"},"west":{"uv":[1.78125,14.87747,1.71875,15.40938],"texture":"#0"},"up":{"uv":[2.125,13.1566,2.5,13.09402],"texture":"#0"},"down":{"uv":[2.125,13.1566,2.5,13.21917],"texture":"#0"}}}],"gui_light":"front","display":{"thirdperson_righthand":{"rotation":[75,45,0],"translation":[0,2.5,0],"scale":[0.375,0.375,0.375]},"thirdperson_lefthand":{"rotation":[75,45,0],"translation":[0,2.5,0],"scale":[0.375,0.375,0.375]},"firstperson_righthand":{"rotation":[0,45,0],"translation":[3.5,0,0],"scale":[0.25,0.25,0.25]},"firstperson_lefthand":{"rotation":[0,45,0],"translation":[3.5,0,0],"scale":[0.25,0.25,0.25]},"ground":{"translation":[0,2,0],"scale":[0.5,0.5,0.5]},"gui":{"rotation":[-6,154,0],"translation":[-0.25,-2.5,0],"scale":[0.3,0.3,0.3]},"head":{"translation":[0,-43.199,0],"scale":[1.5,1.5,1.5]},"fixed":{"translation":[0,5.75,-17.75],"scale":[2.2,2.2,2.2]}}}