{"credit":"Made with Blockbench","texture_size":[64,64],"textures":{"0":"furnitures:rivrs/furnitures_color_2","particle":"furnitures:rivrs/furnitures_color_2"},"elements":[{"from":[3,0,3],"to":[13,14,13],"faces":{"north":{"uv":[8,12.375,8.3125,12.8125],"texture":"#0"},"east":{"uv":[8.3125,12.375,8.625,12.8125],"texture":"#0"},"south":{"uv":[8,12.8125,8.3125,13.25],"texture":"#0"},"west":{"uv":[8.3125,12.8125,8.625,13.25],"texture":"#0"},"up":{"uv":[8.9375,12.6875,8.625,12.375],"texture":"#0"},"down":{"uv":[8.9375,12.6875,8.625,13],"texture":"#0"}}},{"from":[4,16,4],"to":[12,26,12],"faces":{"north":{"uv":[8.625,13,8.875,13.3125],"texture":"#0"},"east":{"uv":[8.875,13,8.625,13.3125],"texture":"#0"},"south":{"uv":[8.625,13,8.875,13.3125],"texture":"#0"},"west":{"uv":[8.875,13,8.625,13.3125],"texture":"#0"},"up":{"uv":[9.1875,12.625,8.9375,12.375],"texture":"#0"},"down":{"uv":[9.1875,12.625,8.9375,12.875],"texture":"#0"}}},{"from":[5,14,5],"to":[11,16,11],"faces":{"north":{"uv":[8.9375,12.875,9.125,12.9375],"texture":"#0"},"east":{"uv":[8.9375,12.9375,9.125,13],"texture":"#0"},"south":{"uv":[8.875,13.3125,9.0625,13.375],"texture":"#0"},"west":{"uv":[8.875,13.375,9.0625,13.4375],"texture":"#0"},"up":{"uv":[8.6875,13.5,8.5,13.3125],"texture":"#0"},"down":{"uv":[8.875,13.3125,8.6875,13.5],"texture":"#0"}}}],"gui_light":"front","display":{"thirdperson_righthand":{"translation":[0,3,1],"scale":[0.55,0.55,0.55]},"thirdperson_lefthand":{"translation":[0,3,1],"scale":[0.55,0.55,0.55]},"firstperson_righthand":{"rotation":[0,-90,25],"translation":[4.13,-1.05,1.38],"scale":[0.5,0.5,0.5]},"firstperson_lefthand":{"rotation":[0,-90,25],"translation":[4.13,-1.05,1.38],"scale":[0.5,0.5,0.5]},"ground":{"translation":[0,2,0],"scale":[0.5,0.5,0.5]},"gui":{"rotation":[17,166,0],"translation":[0,-2,0],"scale":[0.5,0.5,0.5]},"head":{"translation":[0,-31.199,0],"scale":[1.5,1.5,1.5]},"fixed":{"rotation":[-90,0,0],"translation":[0,0,-16],"scale":[2,2,2]}}}