{"credit":"Made with Blockbench","texture_size":[128,128],"textures":{"0":"furnitures:rivrs/furnitures_color_3","particle":"furnitures:rivrs/furnitures_color_3"},"elements":[{"from":[-8,0,-8],"to":[24,32,24],"faces":{"north":{"uv":[0,2.40625,1,3.40625],"texture":"#0"},"east":{"uv":[0,2.40625,1,3.40625],"texture":"#0"},"south":{"uv":[0,2.40625,1,3.40625],"texture":"#0"},"west":{"uv":[0,2.40625,0.96875,3.40625],"texture":"#0"},"up":{"uv":[1,3.40625,0,2.40625],"texture":"#0"},"down":{"uv":[1,2.40625,0,3.40625],"texture":"#0"}}}],"gui_light":"front","display":{"thirdperson_righthand":{"rotation":[75,45,0],"translation":[0,2.5,0],"scale":[0.25,0.25,0.25]},"thirdperson_lefthand":{"rotation":[75,45,0],"translation":[0,2.5,0],"scale":[0.25,0.25,0.25]},"firstperson_righthand":{"rotation":[26,34,0],"translation":[4.25,1,0],"scale":[0.1,0.1,0.1]},"firstperson_lefthand":{"rotation":[26,34,0],"translation":[4.25,1,0],"scale":[0.1,0.1,0.1]},"ground":{"translation":[0,2,0],"scale":[0.5,0.5,0.5]},"gui":{"rotation":[15,145,0],"translation":[0,-3.25,0],"scale":[0.3,0.3,0.3]},"head":{"translation":[0,-31.199,0],"scale":[1.5,1.5,1.5]},"fixed":{"rotation":[-90,0,0],"translation":[0,0,-16],"scale":[2,2,2]}}}