{"credit":"Made with Blockbench","texture_size":[32,32],"textures":{"0":"furnitures:rivrs/furnitures_color_3","particle":"furnitures:rivrs/furnitures_color_3"},"elements":[{"from":[4,0,4],"to":[12,2,12],"faces":{"north":{"uv":[2.71875,5.9375,2.96875,6],"texture":"#0"},"east":{"uv":[2.71875,6,2.96875,6.0625],"texture":"#0"},"south":{"uv":[2.28125,6.0625,2.53125,6.125],"texture":"#0"},"west":{"uv":[2.71875,6.0625,2.96875,6.125],"texture":"#0"},"up":{"uv":[2.53125,5.8125,2.28125,5.5625],"texture":"#0"},"down":{"uv":[2.53125,5.8125,2.28125,6.0625],"texture":"#0"}}},{"from":[5,2,5],"to":[11,5,11],"faces":{"north":{"uv":[2.71875,5.5625,2.90625,5.65625],"texture":"#0"},"east":{"uv":[2.71875,5.65625,2.90625,5.75],"texture":"#0"},"south":{"uv":[2.71875,5.75,2.90625,5.84375],"texture":"#0"},"west":{"uv":[2.71875,5.84375,2.90625,5.9375],"texture":"#0"},"up":{"uv":[2.71875,5.75,2.53125,5.5625],"texture":"#0"},"down":{"uv":[2.71875,5.75,2.53125,5.9375],"texture":"#0"}}},{"from":[6,5,6],"to":[10,6,10],"faces":{"north":{"uv":[2.71875,6.125,2.84375,6.15625],"texture":"#0"},"east":{"uv":[2.84375,6.125,2.96875,6.15625],"texture":"#0"},"south":{"uv":[2.71875,6.15625,2.84375,6.1875],"texture":"#0"},"west":{"uv":[2.84375,6.15625,2.96875,6.1875],"texture":"#0"},"up":{"uv":[2.40625,6.25,2.28125,6.125],"texture":"#0"},"down":{"uv":[2.53125,6.125,2.40625,6.25],"texture":"#0"}}},{"from":[7,6,7],"to":[9,8,9],"faces":{"north":{"uv":[2.90625,5.5625,2.96875,5.625],"texture":"#0"},"east":{"uv":[2.90625,5.625,2.96875,5.6875],"texture":"#0"},"south":{"uv":[2.90625,5.6875,2.96875,5.75],"texture":"#0"},"west":{"uv":[2.90625,5.75,2.96875,5.8125],"texture":"#0"},"up":{"uv":[2.59375,6.25,2.53125,6.1875],"texture":"#0"},"down":{"uv":[2.96875,5.8125,2.90625,5.875],"texture":"#0"}}},{"from":[6.95,8,7.6],"to":[9.45,16,7.6],"rotation":{"angle":45,"axis":"y","origin":[8.5,20,8]},"faces":{"north":{"uv":[2.71875,5.9375,2.625,6.1875],"texture":"#0"},"east":{"uv":[2.28125,5.5625,2.28125,5.8125],"texture":"#0"},"south":{"uv":[2.625,5.9375,2.71875,6.1875],"texture":"#0"},"west":{"uv":[2.28125,5.5625,2.28125,5.8125],"texture":"#0"},"up":{"uv":[2.375,5.5625,2.28125,5.5625],"texture":"#0"},"down":{"uv":[2.375,5.5625,2.28125,5.5625],"texture":"#0"}}}],"gui_light":"front","display":{"thirdperson_righthand":{"translation":[0,3,1],"scale":[0.55,0.55,0.55]},"thirdperson_lefthand":{"translation":[0,3,1],"scale":[0.55,0.55,0.55]},"firstperson_righthand":{"rotation":[0,-90,25],"translation":[2.63,3.2,1.63],"scale":[0.68,0.68,0.68]},"firstperson_lefthand":{"rotation":[0,-90,25],"translation":[2.63,3.2,1.63],"scale":[0.68,0.68,0.68]},"ground":{"translation":[0,2,0],"scale":[0.5,0.5,0.5]},"gui":{"rotation":[18,-33,0],"translation":[0,0.25,0],"scale":[0.8,0.8,0.8]},"head":{"translation":[0,-35.199,0],"scale":[1.5,1.5,1.5]},"fixed":{"rotation":[90,0,0],"translation":[0,0,-15],"scale":[2,2,2]}}}