{"credit":"Made with Blockbench","texture_size":[64,64],"textures":{"0":"furnitures:rivrs/limousine","particle":"furnitures:rivrs/limousine"},"elements":[{"from":[2,0,-15],"to":[8,6,31.5],"faces":{"north":{"uv":[6,5.5,7.5,7],"texture":"#0"},"east":{"uv":[0,0,11.625,1.5],"texture":"#0"},"south":{"uv":[6,7,7.5,8.5],"texture":"#0"},"west":{"uv":[0,1.5,11.625,3],"texture":"#0"},"up":{"uv":[1.5,14.625,0,3],"texture":"#0"},"down":{"uv":[3,3,1.5,14.625],"texture":"#0"}}},{"from":[2,6,-4],"to":[8,11,26],"faces":{"north":{"uv":[6,8.5,7.5,9.75],"texture":"#0"},"east":{"uv":[6,3,13.5,4.25],"texture":"#0"},"south":{"uv":[7.5,8.5,9,9.75],"texture":"#0"},"west":{"uv":[6,4.25,13.5,5.5],"texture":"#0"},"up":{"uv":[4.5,10.5,3,3],"texture":"#0"},"down":{"uv":[6,3,4.5,10.5],"texture":"#0"}}},{"from":[2.1,5.80762,25.03283],"to":[8.1,10.80762,27.03283],"rotation":{"angle":-22.5,"axis":"x","origin":[5.1,8.30762,26.03283]},"faces":{"north":{"uv":[9,5.5,10.5,6.75],"texture":"#0"},"east":{"uv":[9.5,11,10,12.25],"texture":"#0"},"south":{"uv":[9,6.75,10.5,8],"texture":"#0"},"west":{"uv":[10,11,10.5,12.25],"texture":"#0"},"up":{"uv":[12,9,10.5,8.5],"texture":"#0"},"down":{"uv":[10.5,10.5,9,11],"texture":"#0"}}},{"from":[2.2,5.03283,25.80762],"to":[8.2,7.03283,30.80762],"rotation":{"angle":22.5,"axis":"x","origin":[5.1,6.03283,28.30762]},"faces":{"north":{"uv":[10.5,9,12,9.5],"texture":"#0"},"east":{"uv":[11,10,12.25,10.5],"texture":"#0"},"south":{"uv":[10.5,9.5,12,10],"texture":"#0"},"west":{"uv":[11,10.5,12.25,11],"texture":"#0"},"up":{"uv":[10.5,9.25,9,8],"texture":"#0"},"down":{"uv":[10.5,9.25,9,10.5],"texture":"#0"}}},{"from":[2.25,4.80762,-5.03283],"to":[8,10.80762,-3.03283],"rotation":{"angle":22.5,"axis":"x","origin":[5,8.30762,-4.03283]},"faces":{"north":{"uv":[7.5,5.5,9,7],"texture":"#0"},"east":{"uv":[10.5,10,11,11.5],"texture":"#0"},"south":{"uv":[7.5,7,9,8.5],"texture":"#0"},"west":{"uv":[6,10.75,6.5,12.25],"texture":"#0"},"up":{"uv":[8,11.5,6.5,11],"texture":"#0"},"down":{"uv":[9.5,11,8,11.5],"texture":"#0"}}},{"from":[2.5,0.5,-16],"to":[8,1.5,-15],"rotation":{"angle":0,"axis":"y","origin":[0,-0.5,0]},"faces":{"north":{"uv":[7,11.5,8.375,11.75],"texture":"#0"},"east":{"uv":[7.5,10.75,7.75,11],"texture":"#0"},"south":{"uv":[11.5,8,12.875,8.25],"texture":"#0"},"west":{"uv":[12,7,12.25,7.25],"texture":"#0"},"up":{"uv":[12.875,8.5,11.5,8.25],"texture":"#0"},"down":{"uv":[12.875,11,11.5,11.25],"texture":"#0"}}},{"from":[2.5,0.5,31],"to":[8,1.5,32],"rotation":{"angle":0,"axis":"y","origin":[0,-0.5,0]},"faces":{"north":{"uv":[11.5,11.25,12.875,11.5],"texture":"#0"},"east":{"uv":[7.25,12,7.5,12.25],"texture":"#0"},"south":{"uv":[11.5,11.5,12.875,11.75],"texture":"#0"},"west":{"uv":[12,7.25,12.25,7.5],"texture":"#0"},"up":{"uv":[13.125,0.25,11.75,0],"texture":"#0"},"down":{"uv":[13.125,0.25,11.75,0.5],"texture":"#0"}}},{"from":[1.33579,-1.5,-11.58579],"to":[3.33579,3.5,-6.58579],"rotation":{"angle":0,"axis":"y","origin":[0.08579,0,-0.08579]},"faces":{"north":{"uv":[11,11,11.5,12.25],"texture":"#0"},"east":{"uv":[7.75,9.75,9,11],"texture":"#0"},"south":{"uv":[3,11.5,3.5,12.75],"texture":"#0"},"west":{"uv":[4.75,10.5,6,11.75],"texture":"#0"},"up":{"uv":[4,12.75,3.5,11.5],"texture":"#0"},"down":{"uv":[4.5,11.5,4,12.75],"texture":"#0"}}},{"from":[1.08579,0,-12.58579],"to":[2.08579,4,-5.58579],"rotation":{"angle":0,"axis":"y","origin":[0.08579,0,-0.08579]},"faces":{"north":{"uv":[8.5,11.5,8.75,12.5],"texture":"#0"},"east":{"uv":[6,9.75,7.75,10.75],"texture":"#0"},"south":{"uv":[8.75,11.5,9,12.5],"texture":"#0"},"west":{"uv":[3,10.5,4.75,11.5],"texture":"#0"},"up":{"uv":[4.75,13.25,4.5,11.5],"texture":"#0"},"down":{"uv":[6.75,11.5,6.5,13.25],"texture":"#0"}}},{"from":[1.08579,0,21.41421],"to":[2.08579,4,28.41421],"rotation":{"angle":0,"axis":"y","origin":[0.08579,0,-0.08579]},"faces":{"north":{"uv":[8.5,11.5,8.75,12.5],"texture":"#0"},"east":{"uv":[6,9.75,7.75,10.75],"texture":"#0"},"south":{"uv":[8.75,11.5,9,12.5],"texture":"#0"},"west":{"uv":[3,10.5,4.75,11.5],"texture":"#0"},"up":{"uv":[4.75,13.25,4.5,11.5],"texture":"#0"},"down":{"uv":[6.75,11.5,6.5,13.25],"texture":"#0"}}},{"from":[1.33579,-1.5,22.41421],"to":[3.33579,3.5,27.41421],"rotation":{"angle":0,"axis":"y","origin":[0.08579,0,-0.08579]},"faces":{"north":{"uv":[11,11,11.5,12.25],"texture":"#0"},"east":{"uv":[7.75,9.75,9,11],"texture":"#0"},"south":{"uv":[3,11.5,3.5,12.75],"texture":"#0"},"west":{"uv":[4.75,10.5,6,11.75],"texture":"#0"},"up":{"uv":[4,12.75,3.5,11.5],"texture":"#0"},"down":{"uv":[4.5,11.5,4,12.75],"texture":"#0"}}},{"from":[1.08579,0.5,-14.58579],"to":[2.08579,1.5,-12.58579],"rotation":{"angle":0,"axis":"y","origin":[0.08579,-0.5,-0.08579]},"faces":{"north":{"uv":[7.5,12,7.75,12.25],"texture":"#0"},"east":{"uv":[11.75,1.75,12.25,2],"texture":"#0"},"south":{"uv":[12,8.5,12.25,8.75],"texture":"#0"},"west":{"uv":[11.75,2,12.25,2.25],"texture":"#0"},"up":{"uv":[12,2.75,11.75,2.25],"texture":"#0"},"down":{"uv":[5,11.75,4.75,12.25],"texture":"#0"}}},{"from":[2,0.5,-15.79289],"to":[3,1.5,-13.79289],"rotation":{"angle":-45,"axis":"y","origin":[2.5,1,-15.29289]},"faces":{"north":{"uv":[12,8.75,12.25,9],"texture":"#0"},"east":{"uv":[11.75,2.75,12.25,3],"texture":"#0"},"south":{"uv":[9,12,9.25,12.25],"texture":"#0"},"west":{"uv":[5,11.75,5.5,12],"texture":"#0"},"up":{"uv":[5.75,12.25,5.5,11.75],"texture":"#0"},"down":{"uv":[6,11.75,5.75,12.25],"texture":"#0"}}},{"from":[1.08579,0.5,28.58579],"to":[2.08579,1.5,30.58579],"rotation":{"angle":0,"axis":"y","origin":[0.08579,-0.5,16.08579]},"faces":{"north":{"uv":[12,9,12.25,9.25],"texture":"#0"},"east":{"uv":[11.75,6.5,12.25,6.75],"texture":"#0"},"south":{"uv":[9.25,12,9.5,12.25],"texture":"#0"},"west":{"uv":[11.75,6.75,12.25,7],"texture":"#0"},"up":{"uv":[7.25,12.25,7,11.75],"texture":"#0"},"down":{"uv":[12,7,11.75,7.5],"texture":"#0"}}},{"from":[2,0.5,29.79289],"to":[3,1.5,31.79289],"rotation":{"angle":45,"axis":"y","origin":[2.5,1,31.29289]},"faces":{"north":{"uv":[12,9.25,12.25,9.5],"texture":"#0"},"east":{"uv":[7.25,11.75,7.75,12],"texture":"#0"},"south":{"uv":[12,9.5,12.25,9.75],"texture":"#0"},"west":{"uv":[11.75,7.5,12.25,7.75],"texture":"#0"},"up":{"uv":[8,12.25,7.75,11.75],"texture":"#0"},"down":{"uv":[8.25,11.75,8,12.25],"texture":"#0"}}},{"from":[3,3.5,-15.5],"to":[5,5.5,-14.5],"faces":{"north":{"uv":[9,11.5,9.5,12],"texture":"#0"},"east":{"uv":[8.25,11.75,8.5,12.25],"texture":"#0"},"south":{"uv":[10.5,11.5,11,12],"texture":"#0"},"west":{"uv":[11.5,11.75,11.75,12.25],"texture":"#0"},"up":{"uv":[12.25,8,11.75,7.75],"texture":"#0"},"down":{"uv":[12.25,11.75,11.75,12],"texture":"#0"}}},{"from":[-0.5,6,-3.75],"to":[1.5,7.5,-2.75],"rotation":{"angle":22.5,"axis":"y","origin":[0,6.75,-5]},"faces":{"north":{"uv":[11.75,0.75,12.25,1.125],"texture":"#0"},"east":{"uv":[5,12,5.25,12.375],"texture":"#0"},"south":{"uv":[11.75,1.25,12.25,1.625],"texture":"#0"},"west":{"uv":[5.25,12,5.5,12.375],"texture":"#0"},"up":{"uv":[12.5,2.5,12,2.25],"texture":"#0"},"down":{"uv":[12.5,2.5,12,2.75],"texture":"#0"}}},{"from":[6,6.5,-15.5],"to":[10,8.5,-15.5],"faces":{"north":{"uv":[11.5,5.5,12.5,6],"texture":"#0"},"east":{"uv":[0,0,0,0.5],"texture":"#0"},"south":{"uv":[12.5,5.5,11.5,6],"texture":"#0"},"west":{"uv":[0,0,0,0.5],"texture":"#0"},"up":{"uv":[1,0,0,0],"texture":"#0"},"down":{"uv":[1,0,0,0],"texture":"#0"}}},{"from":[6,0.5,-15.5],"to":[10,6.5,-14.5],"faces":{"north":{"uv":[10.5,5.5,11.5,7],"texture":"#0"},"east":{"uv":[11.5,6.5,11.75,8],"texture":"#0"},"south":{"uv":[10.5,7,11.5,8.5],"texture":"#0"},"west":{"uv":[6.75,11.5,7,13],"texture":"#0"},"up":{"uv":[7.5,11,6.5,10.75],"texture":"#0"},"down":{"uv":[12.75,0.5,11.75,0.75],"texture":"#0"}}},{"from":[8,0,-15],"to":[14,6,31.5],"rotation":{"angle":0,"axis":"y","origin":[16,0,0]},"faces":{"north":{"uv":[7.5,5.5,6,7],"texture":"#0"},"east":{"uv":[11.625,1.5,0,3],"texture":"#0"},"south":{"uv":[7.5,7,6,8.5],"texture":"#0"},"west":{"uv":[11.625,0,0,1.5],"texture":"#0"},"up":{"uv":[0,14.625,1.5,3],"texture":"#0"},"down":{"uv":[1.5,3,3,14.625],"texture":"#0"}}},{"from":[8,6,-4],"to":[14,11,26],"rotation":{"angle":0,"axis":"y","origin":[16,0,0]},"faces":{"north":{"uv":[7.5,8.5,6,9.75],"texture":"#0"},"east":{"uv":[13.5,4.25,6,5.5],"texture":"#0"},"south":{"uv":[9,8.5,7.5,9.75],"texture":"#0"},"west":{"uv":[13.5,3,6,4.25],"texture":"#0"},"up":{"uv":[3,10.5,4.5,3],"texture":"#0"},"down":{"uv":[4.5,3,6,10.5],"texture":"#0"}}},{"from":[7.9,5.80762,25.03283],"to":[13.9,10.80762,27.03283],"rotation":{"angle":-22.5,"axis":"x","origin":[10.9,8.30762,26.03283]},"faces":{"north":{"uv":[10.5,5.5,9,6.75],"texture":"#0"},"east":{"uv":[10.5,11,10,12.25],"texture":"#0"},"south":{"uv":[10.5,6.75,9,8],"texture":"#0"},"west":{"uv":[10,11,9.5,12.25],"texture":"#0"},"up":{"uv":[10.5,9,12,8.5],"texture":"#0"},"down":{"uv":[9,10.5,10.5,11],"texture":"#0"}}},{"from":[7.8,5.03283,25.80762],"to":[13.8,7.03283,30.80762],"rotation":{"angle":22.5,"axis":"x","origin":[10.9,6.03283,28.30762]},"faces":{"north":{"uv":[12,9,10.5,9.5],"texture":"#0"},"east":{"uv":[12.25,10.5,11,11],"texture":"#0"},"south":{"uv":[12,9.5,10.5,10],"texture":"#0"},"west":{"uv":[12.25,10,11,10.5],"texture":"#0"},"up":{"uv":[9,9.25,10.5,8],"texture":"#0"},"down":{"uv":[9,9.25,10.5,10.5],"texture":"#0"}}},{"from":[8,4.80762,-5.03283],"to":[13.75,10.80762,-3.03283],"rotation":{"angle":22.5,"axis":"x","origin":[11,8.30762,-4.03283]},"faces":{"north":{"uv":[9,5.5,7.5,7],"texture":"#0"},"east":{"uv":[6.5,10.75,6,12.25],"texture":"#0"},"south":{"uv":[9,7,7.5,8.5],"texture":"#0"},"west":{"uv":[11,10,10.5,11.5],"texture":"#0"},"up":{"uv":[6.5,11.5,8,11],"texture":"#0"},"down":{"uv":[8,11,9.5,11.5],"texture":"#0"}}},{"from":[8,0.5,-16],"to":[13.5,1.5,-15],"rotation":{"angle":0,"axis":"y","origin":[16,-0.5,0]},"faces":{"north":{"uv":[8.375,11.5,7,11.75],"texture":"#0"},"east":{"uv":[12.25,7,12,7.25],"texture":"#0"},"south":{"uv":[12.875,8,11.5,8.25],"texture":"#0"},"west":{"uv":[7.75,10.75,7.5,11],"texture":"#0"},"up":{"uv":[11.5,8.5,12.875,8.25],"texture":"#0"},"down":{"uv":[11.5,11,12.875,11.25],"texture":"#0"}}},{"from":[8,0.5,31],"to":[13.5,1.5,32],"rotation":{"angle":0,"axis":"y","origin":[16,-0.5,0]},"faces":{"north":{"uv":[12.875,11.25,11.5,11.5],"texture":"#0"},"east":{"uv":[12.25,7.25,12,7.5],"texture":"#0"},"south":{"uv":[12.875,11.5,11.5,11.75],"texture":"#0"},"west":{"uv":[7.5,12,7.25,12.25],"texture":"#0"},"up":{"uv":[11.75,0.25,13.125,0],"texture":"#0"},"down":{"uv":[11.75,0.25,13.125,0.5],"texture":"#0"}}},{"from":[12.66421,-1.5,-11.58579],"to":[14.66421,3.5,-6.58579],"rotation":{"angle":0,"axis":"y","origin":[15.91421,0,-0.08579]},"faces":{"north":{"uv":[11.5,11,11,12.25],"texture":"#0"},"east":{"uv":[6,10.5,4.75,11.75],"texture":"#0"},"south":{"uv":[3.5,11.5,3,12.75],"texture":"#0"},"west":{"uv":[9,9.75,7.75,11],"texture":"#0"},"up":{"uv":[3.5,12.75,4,11.5],"texture":"#0"},"down":{"uv":[4,11.5,4.5,12.75],"texture":"#0"}}},{"from":[13.91421,0,-12.58579],"to":[14.91421,4,-5.58579],"rotation":{"angle":0,"axis":"y","origin":[15.91421,0,-0.08579]},"faces":{"north":{"uv":[8.75,11.5,8.5,12.5],"texture":"#0"},"east":{"uv":[4.75,10.5,3,11.5],"texture":"#0"},"south":{"uv":[9,11.5,8.75,12.5],"texture":"#0"},"west":{"uv":[7.75,9.75,6,10.75],"texture":"#0"},"up":{"uv":[4.5,13.25,4.75,11.5],"texture":"#0"},"down":{"uv":[6.5,11.5,6.75,13.25],"texture":"#0"}}},{"from":[13.91421,0,21.41421],"to":[14.91421,4,28.41421],"rotation":{"angle":0,"axis":"y","origin":[15.91421,0,-0.08579]},"faces":{"north":{"uv":[8.75,11.5,8.5,12.5],"texture":"#0"},"east":{"uv":[4.75,10.5,3,11.5],"texture":"#0"},"south":{"uv":[9,11.5,8.75,12.5],"texture":"#0"},"west":{"uv":[7.75,9.75,6,10.75],"texture":"#0"},"up":{"uv":[4.5,13.25,4.75,11.5],"texture":"#0"},"down":{"uv":[6.5,11.5,6.75,13.25],"texture":"#0"}}},{"from":[12.66421,-1.5,22.41421],"to":[14.66421,3.5,27.41421],"rotation":{"angle":0,"axis":"y","origin":[15.91421,0,-0.08579]},"faces":{"north":{"uv":[11.5,11,11,12.25],"texture":"#0"},"east":{"uv":[6,10.5,4.75,11.75],"texture":"#0"},"south":{"uv":[3.5,11.5,3,12.75],"texture":"#0"},"west":{"uv":[9,9.75,7.75,11],"texture":"#0"},"up":{"uv":[3.5,12.75,4,11.5],"texture":"#0"},"down":{"uv":[4,11.5,4.5,12.75],"texture":"#0"}}},{"from":[13.91421,0.5,-14.58579],"to":[14.91421,1.5,-12.58579],"rotation":{"angle":0,"axis":"y","origin":[15.91421,-0.5,-0.08579]},"faces":{"north":{"uv":[7.75,12,7.5,12.25],"texture":"#0"},"east":{"uv":[12.25,2,11.75,2.25],"texture":"#0"},"south":{"uv":[12.25,8.5,12,8.75],"texture":"#0"},"west":{"uv":[12.25,1.75,11.75,2],"texture":"#0"},"up":{"uv":[11.75,2.75,12,2.25],"texture":"#0"},"down":{"uv":[4.75,11.75,5,12.25],"texture":"#0"}}},{"from":[13,0.5,-15.79289],"to":[14,1.5,-13.79289],"rotation":{"angle":45,"axis":"y","origin":[13.5,1,-15.29289]},"faces":{"north":{"uv":[12.25,8.75,12,9],"texture":"#0"},"east":{"uv":[5.5,11.75,5,12],"texture":"#0"},"south":{"uv":[9.25,12,9,12.25],"texture":"#0"},"west":{"uv":[12.25,2.75,11.75,3],"texture":"#0"},"up":{"uv":[5.5,12.25,5.75,11.75],"texture":"#0"},"down":{"uv":[5.75,11.75,6,12.25],"texture":"#0"}}},{"from":[13.91421,0.5,28.58579],"to":[14.91421,1.5,30.58579],"rotation":{"angle":0,"axis":"y","origin":[15.91421,-0.5,16.08579]},"faces":{"north":{"uv":[12.25,9,12,9.25],"texture":"#0"},"east":{"uv":[12.25,6.75,11.75,7],"texture":"#0"},"south":{"uv":[9.5,12,9.25,12.25],"texture":"#0"},"west":{"uv":[12.25,6.5,11.75,6.75],"texture":"#0"},"up":{"uv":[7,12.25,7.25,11.75],"texture":"#0"},"down":{"uv":[11.75,7,12,7.5],"texture":"#0"}}},{"from":[13,0.5,29.79289],"to":[14,1.5,31.79289],"rotation":{"angle":-45,"axis":"y","origin":[13.5,1,31.29289]},"faces":{"north":{"uv":[12.25,9.25,12,9.5],"texture":"#0"},"east":{"uv":[12.25,7.5,11.75,7.75],"texture":"#0"},"south":{"uv":[12.25,9.5,12,9.75],"texture":"#0"},"west":{"uv":[7.75,11.75,7.25,12],"texture":"#0"},"up":{"uv":[7.75,12.25,8,11.75],"texture":"#0"},"down":{"uv":[8,11.75,8.25,12.25],"texture":"#0"}}},{"from":[11,3.5,-15.5],"to":[13,5.5,-14.5],"rotation":{"angle":0,"axis":"y","origin":[16,0,0]},"faces":{"north":{"uv":[9.5,11.5,9,12],"texture":"#0"},"east":{"uv":[11.75,11.75,11.5,12.25],"texture":"#0"},"south":{"uv":[11,11.5,10.5,12],"texture":"#0"},"west":{"uv":[8.5,11.75,8.25,12.25],"texture":"#0"},"up":{"uv":[11.75,8,12.25,7.75],"texture":"#0"},"down":{"uv":[11.75,11.75,12.25,12],"texture":"#0"}}},{"from":[14.5,6,-3.75],"to":[16.5,7.5,-2.75],"rotation":{"angle":-22.5,"axis":"y","origin":[16,6.75,-5]},"faces":{"north":{"uv":[12.25,0.75,11.75,1.125],"texture":"#0"},"east":{"uv":[5.5,12,5.25,12.375],"texture":"#0"},"south":{"uv":[12.25,1.25,11.75,1.625],"texture":"#0"},"west":{"uv":[5.25,12,5,12.375],"texture":"#0"},"up":{"uv":[12,2.5,12.5,2.25],"texture":"#0"},"down":{"uv":[12,2.5,12.5,2.75],"texture":"#0"}}}],"gui_light":"front","display":{"thirdperson_righthand":{"translation":[0,3,1],"scale":[0.55,0.55,0.55]},"thirdperson_lefthand":{"translation":[0,3,1],"scale":[0.55,0.55,0.55]},"firstperson_righthand":{"rotation":[0,-90,25],"translation":[3.38,2.75,2.13],"scale":[0.5,0.5,0.5]},"firstperson_lefthand":{"rotation":[0,-90,25],"translation":[3.38,2.75,2.13],"scale":[0.5,0.5,0.5]},"ground":{"translation":[0,2,0],"scale":[0.5,0.5,0.5]},"gui":{"rotation":[0,-33,0],"scale":[0.5,0.5,0.5]},"head":{"translation":[0,-5.199,0],"scale":[4,4,4]},"fixed":{"rotation":[-90,0,0],"translation":[0,0,-36],"scale":[3.7,4,4]}}}