{"credit":"Made with Blockbench","texture_size":[256,256],"textures":{"1":"furnitures:rivrs/furnitures_color_4"},"elements":[{"from":[18,0,-1],"to":[27,12,1],"rotation":{"angle":22.5,"axis":"x","origin":[22.5,5,0]},"faces":{"north":{"uv":[1,2.8125,1.28125,3.1875],"texture":"#1"},"east":{"uv":[1.71875,3.84375,1.78125,4.21875],"texture":"#1"},"south":{"uv":[0.28125,2.78125,0.5625,3.15625],"texture":"#1"},"west":{"uv":[0.5625,3.875,0.625,4.25],"texture":"#1"},"up":{"uv":[1.3125,2.34375,1.03125,2.28125],"texture":"#1"},"down":{"uv":[2.9375,4,2.65625,4.0625],"texture":"#1"}}},{"from":[21,-15.44686,-6.82683],"to":[30,-3.44686,-4.82683],"rotation":{"angle":22.5,"axis":"x","origin":[22.5,-3.09283,-9.58801]},"faces":{"north":{"uv":[1,2.8125,1.28125,3.1875],"texture":"#1"},"east":{"uv":[1.4375,3.875,1.5,4.25],"texture":"#1"},"south":{"uv":[1.28125,2.8125,1.5625,3.1875],"texture":"#1"},"west":{"uv":[0,3.90625,0.0625,4.28125],"texture":"#1"},"up":{"uv":[3.6875,4.0625,3.40625,4],"texture":"#1"},"down":{"uv":[4.3125,1.03125,4.03125,1.09375],"texture":"#1"}}},{"from":[-9,1.92388,-5.61732],"to":[-2,3.92388,4.38268],"rotation":{"angle":-22.5,"axis":"x","origin":[-5.5,0.92388,-0.61732]},"faces":{"north":{"uv":[2.875,0.96875,3.09375,1.03125],"texture":"#1"},"east":{"uv":[2.5625,0.96875,2.875,1.03125],"texture":"#1"},"south":{"uv":[4.0625,1.46875,4.28125,1.53125],"texture":"#1"},"west":{"uv":[3.875,1.34375,4.1875,1.40625],"texture":"#1"},"up":{"uv":[0.5,3.46875,0.28125,3.15625],"texture":"#1"},"down":{"uv":[3.40625,0,3.1875,0.3125],"texture":"#1"}}},{"from":[20,-0.33939,2.73358],"to":[25,7.66061,3.73358],"rotation":{"angle":-22.5,"axis":"x","origin":[22.5,3.66061,3.23358]},"faces":{"north":{"uv":[3.65625,1.90625,3.8125,2.15625],"texture":"#1"},"east":{"uv":[2.5,1.90625,2.53125,2.15625],"texture":"#1"},"south":{"uv":[3.65625,2.15625,3.8125,2.40625],"texture":"#1"},"west":{"uv":[1.15625,3.625,1.1875,3.875],"texture":"#1"},"up":{"uv":[3.5625,3.125,3.40625,3.09375],"texture":"#1"},"down":{"uv":[4.375,0.5,4.21875,0.53125],"texture":"#1"}}},{"from":[-7,-0.33939,1.73358],"to":[-4,3.66061,2.73358],"rotation":{"angle":-22.5,"axis":"x","origin":[22.5,3.66061,3.23358]},"faces":{"north":{"uv":[2.96875,3.40625,3.0625,3.53125],"texture":"#1"},"east":{"uv":[2.78125,1.6875,2.8125,1.8125],"texture":"#1"},"south":{"uv":[2.28125,4.03125,2.375,4.15625],"texture":"#1"},"west":{"uv":[2.78125,3.03125,2.8125,3.15625],"texture":"#1"},"up":{"uv":[2.1875,2.65625,2.09375,2.625],"texture":"#1"},"down":{"uv":[2.53125,3,2.4375,3.03125],"texture":"#1"}}},{"from":[15.25,-0.06983,-5.42493],"to":[18.25,3.93017,-3.42493],"rotation":{"angle":0,"axis":"y","origin":[12.5,1.43017,2.07507]},"faces":{"north":{"uv":[2.6875,4.0625,2.78125,4.1875],"texture":"#1"},"east":{"uv":[1.8125,2,1.875,2.125],"texture":"#1"},"south":{"uv":[2.78125,4.0625,2.875,4.1875],"texture":"#1"},"west":{"uv":[0.5,3.15625,0.5625,3.28125],"texture":"#1"},"up":{"uv":[3.0625,3.59375,2.96875,3.53125],"texture":"#1"},"down":{"uv":[3.78125,3.59375,3.6875,3.65625],"texture":"#1"}}},{"from":[10.25,0.03017,-8.22493],"to":[20.25,0.03017,2.77507],"rotation":{"angle":0,"axis":"y","origin":[12.5,1.43017,2.07507]},"faces":{"north":{"uv":[0,0,0.3125,0],"texture":"#1"},"east":{"uv":[0,0,0.34375,0],"texture":"#1"},"south":{"uv":[0,0,0.3125,0],"texture":"#1"},"west":{"uv":[0,0,0.34375,0],"texture":"#1"},"up":{"uv":[2.40625,3,2.09375,2.65625],"texture":"#1"},"down":{"uv":[1,2.75,0.6875,3.09375],"texture":"#1"}}},{"from":[10.25,-7.96983,-8.22493],"to":[20.25,0.03017,-8.22493],"rotation":{"angle":0,"axis":"y","origin":[12.5,1.43017,2.07507]},"faces":{"north":{"uv":[3.09375,0.78125,3.40625,1.03125],"texture":"#1"},"east":{"uv":[0,0,0,0.25],"texture":"#1"},"south":{"uv":[3.09375,2.875,3.40625,3.125],"texture":"#1"},"west":{"uv":[0,0,0,0.25],"texture":"#1"},"up":{"uv":[0.3125,0,0,0],"texture":"#1"},"down":{"uv":[0.3125,0,0,0],"texture":"#1"}}},{"from":[-15.75,0.03017,-8.22493],"to":[1.25,0.03017,-1.22493],"rotation":{"angle":0,"axis":"y","origin":[12.5,1.43017,2.07507]},"faces":{"north":{"uv":[0,0,0.53125,0],"texture":"#1"},"east":{"uv":[0,0,0.21875,0],"texture":"#1"},"south":{"uv":[0,0,0.53125,0],"texture":"#1"},"west":{"uv":[0,0,0.21875,0],"texture":"#1"},"up":{"uv":[3.09375,0.96875,2.5625,0.75],"texture":"#1"},"down":{"uv":[3.09375,1.46875,2.5625,1.6875],"texture":"#1"}}},{"from":[-15.75,-4.96983,-8.22493],"to":[1.25,0.03017,-8.22493],"rotation":{"angle":0,"axis":"y","origin":[12.5,1.43017,2.07507]},"faces":{"north":{"uv":[2.09375,3.03125,2.625,3.1875],"texture":"#1"},"east":{"uv":[0,0,0,0.15625],"texture":"#1"},"south":{"uv":[3.09375,0.625,3.625,0.78125],"texture":"#1"},"west":{"uv":[0,0,0,0.15625],"texture":"#1"},"up":{"uv":[0.53125,0,0,0],"texture":"#1"},"down":{"uv":[0.53125,0,0,0],"texture":"#1"}}},{"from":[13.25,5.93017,29.47507],"to":[25.25,19.93017,29.47507],"rotation":{"angle":0,"axis":"y","origin":[12.5,1.43017,2.07507]},"faces":{"north":{"uv":[2.0625,1.03125,2.4375,1.46875],"texture":"#1"},"east":{"uv":[0,0,0,0.4375],"texture":"#1"},"south":{"uv":[2.0625,1.03125,2.4375,1.46875],"texture":"#1"},"west":{"uv":[0,0,0,0.4375],"texture":"#1"},"up":{"uv":[0.375,0,0,0],"texture":"#1"},"down":{"uv":[0.375,0,0,0],"texture":"#1"}}},{"from":[-9.75,11.93017,29.47507],"to":[-3.75,19.93017,29.47507],"rotation":{"angle":0,"axis":"y","origin":[12.5,1.43017,2.07507]},"faces":{"north":{"uv":[2.59375,3.375,2.78125,3.625],"texture":"#1"},"east":{"uv":[0,0,0,0.25],"texture":"#1"},"south":{"uv":[2.59375,3.375,2.78125,3.625],"texture":"#1"},"west":{"uv":[0,0,0,0.25],"texture":"#1"},"up":{"uv":[0.1875,0,0,0],"texture":"#1"},"down":{"uv":[0.1875,0,0,0],"texture":"#1"}}},{"from":[-2.75,11.93017,29.47507],"to":[3.25,19.93017,29.47507],"rotation":{"angle":0,"axis":"y","origin":[12.5,1.43017,2.07507]},"faces":{"north":{"uv":[2.78125,3.40625,2.96875,3.65625],"texture":"#1"},"east":{"uv":[0,0,0,0.25],"texture":"#1"},"south":{"uv":[2.78125,3.40625,2.96875,3.65625],"texture":"#1"},"west":{"uv":[0,0,0,0.25],"texture":"#1"},"up":{"uv":[0.1875,0,0,0],"texture":"#1"},"down":{"uv":[0.1875,0,0,0],"texture":"#1"}}},{"from":[23.25,-0.06983,-10.42493],"to":[26.25,1.93017,-7.42493],"rotation":{"angle":-22.5,"axis":"y","origin":[12.5,1.43017,2.07507]},"faces":{"north":{"uv":[2.75,4.1875,2.84375,4.25],"texture":"#1"},"east":{"uv":[3.40625,4.1875,3.5,4.25],"texture":"#1"},"south":{"uv":[0.25,4.21875,0.34375,4.28125],"texture":"#1"},"west":{"uv":[4.21875,0.3125,4.3125,0.375],"texture":"#1"},"up":{"uv":[1.375,1.5,1.28125,1.40625],"texture":"#1"},"down":{"uv":[1.28125,4.125,1.1875,4.21875],"texture":"#1"}}},{"from":[22.75,1.43017,-10.92493],"to":[26.75,3.43017,-6.92493],"rotation":{"angle":-22.5,"axis":"y","origin":[12.5,1.43017,2.07507]},"faces":{"north":{"uv":[4.125,1.71875,4.25,1.78125],"texture":"#1"},"east":{"uv":[4.15625,0.21875,4.28125,0.28125],"texture":"#1"},"south":{"uv":[4.15625,2.65625,4.28125,2.71875],"texture":"#1"},"west":{"uv":[4.15625,3.15625,4.28125,3.21875],"texture":"#1"},"up":{"uv":[3.25,4.125,3.125,4],"texture":"#1"},"down":{"uv":[0.53125,4.03125,0.40625,4.15625],"texture":"#1"}}},{"from":[23.75,1.43017,-3.92493],"to":[31.75,7.43017,-3.92493],"rotation":{"angle":-22.5,"axis":"y","origin":[28.25,4.93017,-3.92493]},"faces":{"north":{"uv":[0.6875,3.4375,0.9375,3.625],"texture":"#1"},"east":{"uv":[0,0,0,0.1875],"texture":"#1"},"south":{"uv":[0.9375,3.4375,0.6875,3.625],"texture":"#1"},"west":{"uv":[0,0,0,0.1875],"texture":"#1"},"up":{"uv":[0.25,0,0,0],"texture":"#1"},"down":{"uv":[0.25,0,0,0],"texture":"#1"}}},{"from":[28.25,1.43017,-7.42493],"to":[28.25,7.43017,0.57507],"rotation":{"angle":-22.5,"axis":"y","origin":[28.25,4.93017,-3.92493]},"faces":{"north":{"uv":[0,0,0,0.1875],"texture":"#1"},"east":{"uv":[0.9375,3.4375,0.6875,3.625],"texture":"#1"},"south":{"uv":[0,0,0,0.1875],"texture":"#1"},"west":{"uv":[0.6875,3.4375,0.9375,3.625],"texture":"#1"},"up":{"uv":[0.25,0,0,0],"rotation":270,"texture":"#1"},"down":{"uv":[0.25,0,0,0],"rotation":90,"texture":"#1"}}},{"from":[16.25,0.43017,-5.92493],"to":[17.25,2.43017,-4.92493],"rotation":{"angle":0,"axis":"y","origin":[12.5,1.43017,2.07507]},"faces":{"north":{"uv":[1,2.75,1.03125,2.8125],"texture":"#1"},"east":{"uv":[3.0625,3.3125,3.09375,3.375],"texture":"#1"},"south":{"uv":[0.3125,4.03125,0.34375,4.09375],"texture":"#1"},"west":{"uv":[2.21875,4.21875,2.25,4.28125],"texture":"#1"},"up":{"uv":[2.53125,2.1875,2.5,2.15625],"texture":"#1"},"down":{"uv":[2.5625,1.46875,2.53125,1.5],"texture":"#1"}}},{"from":[15.25,0.93017,-5.67493],"to":[18.25,3.93017,-5.67493],"rotation":{"angle":0,"axis":"y","origin":[12.5,1.43017,2.07507]},"faces":{"north":{"uv":[1.28125,4.125,1.375,4.21875],"texture":"#1"},"east":{"uv":[0,0,0,0.09375],"texture":"#1"},"south":{"uv":[1.78125,4.125,1.875,4.21875],"texture":"#1"},"west":{"uv":[0,0,0,0.09375],"texture":"#1"},"up":{"uv":[0.09375,0,0,0],"texture":"#1"},"down":{"uv":[0.09375,0,0,0],"texture":"#1"}}},{"from":[14.95,-0.06983,-1.22493],"to":[17.95,3.93017,0.77507],"rotation":{"angle":22.5,"axis":"y","origin":[12.5,1.43017,2.07507]},"faces":{"north":{"uv":[4.0625,3.09375,4.15625,3.21875],"texture":"#1"},"east":{"uv":[0.4375,3.46875,0.5,3.59375],"texture":"#1"},"south":{"uv":[3.40625,4.0625,3.5,4.1875],"texture":"#1"},"west":{"uv":[0.40625,3.71875,0.46875,3.84375],"texture":"#1"},"up":{"uv":[4.3125,0.4375,4.21875,0.375],"texture":"#1"},"down":{"uv":[4.3125,0.4375,4.21875,0.5],"texture":"#1"}}},{"from":[14.95,0.93017,-1.47493],"to":[17.95,3.93017,-1.47493],"rotation":{"angle":22.5,"axis":"y","origin":[12.5,1.43017,2.07507]},"faces":{"north":{"uv":[1.875,4.125,1.96875,4.21875],"texture":"#1"},"east":{"uv":[0,0,0,0.09375],"texture":"#1"},"south":{"uv":[1.96875,4.125,2.0625,4.21875],"texture":"#1"},"west":{"uv":[0,0,0,0.09375],"texture":"#1"},"up":{"uv":[0.09375,0,0,0],"texture":"#1"},"down":{"uv":[0.09375,0,0,0],"texture":"#1"}}},{"from":[15.95,0.43017,-1.72493],"to":[16.95,2.43017,-0.72493],"rotation":{"angle":22.5,"axis":"y","origin":[12.5,1.43017,2.07507]},"faces":{"north":{"uv":[2.71875,4.21875,2.75,4.28125],"texture":"#1"},"east":{"uv":[0.59375,4.25,0.625,4.3125],"texture":"#1"},"south":{"uv":[1.15625,4.25,1.1875,4.3125],"texture":"#1"},"west":{"uv":[1.34375,4.25,1.375,4.3125],"texture":"#1"},"up":{"uv":[2.53125,3,2.5,2.96875],"texture":"#1"},"down":{"uv":[2.8125,3.15625,2.78125,3.1875],"texture":"#1"}}},{"from":[-12,-15.96983,-11.42493],"to":[-9,-12.96983,-8.42493],"rotation":{"angle":0,"axis":"y","origin":[-11.5,-14.56983,-6.92493]},"faces":{"north":{"uv":[4.125,3.59375,4.21875,3.6875],"texture":"#1"},"east":{"uv":[4.125,3.6875,4.21875,3.78125],"texture":"#1"},"south":{"uv":[4.125,3.78125,4.21875,3.875],"texture":"#1"},"west":{"uv":[4.0625,4.125,4.15625,4.21875],"texture":"#1"},"up":{"uv":[0.15625,4.25,0.0625,4.15625],"texture":"#1"},"down":{"uv":[0.25,4.15625,0.15625,4.25],"texture":"#1"}}},{"from":[-11.5,-12.96983,-10.92493],"to":[-9.5,-11.96983,-8.92493],"rotation":{"angle":0,"axis":"y","origin":[-11.5,-14.56983,-6.92493]},"faces":{"north":{"uv":[1.5625,4.25,1.625,4.28125],"texture":"#1"},"east":{"uv":[1.625,4.25,1.6875,4.28125],"texture":"#1"},"south":{"uv":[4.25,1.71875,4.3125,1.75],"texture":"#1"},"west":{"uv":[4.25,1.75,4.3125,1.78125],"texture":"#1"},"up":{"uv":[1.78125,4.28125,1.71875,4.21875],"texture":"#1"},"down":{"uv":[1.84375,4.21875,1.78125,4.28125],"texture":"#1"}}},{"from":[-11.5,3.03017,-0.52493],"to":[-9.5,4.03017,1.47507],"rotation":{"angle":0,"axis":"y","origin":[-11.7,-14.56983,3.07507]},"faces":{"north":{"uv":[1.5625,4.25,1.625,4.28125],"texture":"#1"},"east":{"uv":[1.625,4.25,1.6875,4.28125],"texture":"#1"},"south":{"uv":[4.25,1.71875,4.3125,1.75],"texture":"#1"},"west":{"uv":[4.25,1.75,4.3125,1.78125],"texture":"#1"},"up":{"uv":[1.78125,4.28125,1.71875,4.21875],"texture":"#1"},"down":{"uv":[1.84375,4.21875,1.78125,4.28125],"texture":"#1"}}},{"from":[-12,0.03017,-1.02493],"to":[-9,3.03017,1.97507],"rotation":{"angle":0,"axis":"y","origin":[-11.7,-14.56983,3.07507]},"faces":{"north":{"uv":[4.125,3.59375,4.21875,3.6875],"texture":"#1"},"east":{"uv":[4.125,3.6875,4.21875,3.78125],"texture":"#1"},"south":{"uv":[4.125,3.78125,4.21875,3.875],"texture":"#1"},"west":{"uv":[4.0625,4.125,4.15625,4.21875],"texture":"#1"},"up":{"uv":[0.15625,4.25,0.0625,4.15625],"texture":"#1"},"down":{"uv":[0.25,4.15625,0.15625,4.25],"texture":"#1"}}},{"from":[-16,0.03017,-0.42493],"to":[-13,3.03017,2.57507],"rotation":{"angle":22.5,"axis":"y","origin":[-13.5,2.53017,0.47507]},"faces":{"north":{"uv":[0.15625,4.25,0.0625,4.15625],"texture":"#1"},"east":{"uv":[4.0625,4.125,4.15625,4.21875],"rotation":90,"texture":"#1"},"south":{"uv":[0.25,4.15625,0.15625,4.25],"rotation":180,"texture":"#1"},"west":{"uv":[4.125,3.6875,4.21875,3.78125],"rotation":270,"texture":"#1"},"up":{"uv":[4.125,3.59375,4.21875,3.6875],"texture":"#1"},"down":{"uv":[4.125,3.78125,4.21875,3.875],"rotation":180,"texture":"#1"}}},{"from":[-15.5,0.53017,-1.42493],"to":[-13.5,2.53017,-0.42493],"rotation":{"angle":22.5,"axis":"y","origin":[-13.5,2.53017,0.47507]},"faces":{"north":{"uv":[1.78125,4.28125,1.71875,4.21875],"texture":"#1"},"east":{"uv":[4.25,1.75,4.3125,1.78125],"rotation":90,"texture":"#1"},"south":{"uv":[1.84375,4.21875,1.78125,4.28125],"rotation":180,"texture":"#1"},"west":{"uv":[1.625,4.25,1.6875,4.28125],"rotation":270,"texture":"#1"},"up":{"uv":[1.5625,4.25,1.625,4.28125],"texture":"#1"},"down":{"uv":[4.25,1.71875,4.3125,1.75],"rotation":180,"texture":"#1"}}},{"from":[-12.4,3.03017,-5.42493],"to":[-10.4,4.03017,-3.42493],"rotation":{"angle":45,"axis":"y","origin":[-10.7,2.53017,-2.92493]},"faces":{"north":{"uv":[1.5625,4.25,1.625,4.28125],"texture":"#1"},"east":{"uv":[1.625,4.25,1.6875,4.28125],"texture":"#1"},"south":{"uv":[4.25,1.71875,4.3125,1.75],"texture":"#1"},"west":{"uv":[4.25,1.75,4.3125,1.78125],"texture":"#1"},"up":{"uv":[1.78125,4.28125,1.71875,4.21875],"texture":"#1"},"down":{"uv":[1.84375,4.21875,1.78125,4.28125],"texture":"#1"}}},{"from":[-12.9,0.03017,-5.92493],"to":[-9.9,3.03017,-2.92493],"rotation":{"angle":45,"axis":"y","origin":[-10.7,2.53017,-2.92493]},"faces":{"north":{"uv":[4.125,3.59375,4.21875,3.6875],"texture":"#1"},"east":{"uv":[4.125,3.6875,4.21875,3.78125],"texture":"#1"},"south":{"uv":[4.125,3.78125,4.21875,3.875],"texture":"#1"},"west":{"uv":[4.0625,4.125,4.15625,4.21875],"texture":"#1"},"up":{"uv":[0.15625,4.25,0.0625,4.15625],"texture":"#1"},"down":{"uv":[0.25,4.15625,0.15625,4.25],"texture":"#1"}}},{"from":[8,-16,-8],"to":[32,-13,-6],"rotation":{"angle":0,"axis":"y","origin":[16,0,0]},"faces":{"north":{"uv":[3.875,1.03125,3.125,1.125],"texture":"#1"},"east":{"uv":[3.125,4.03125,3.0625,4.125],"texture":"#1"},"south":{"uv":[3.875,1.125,3.125,1.21875],"texture":"#1"},"west":{"uv":[0.5625,3.28125,0.5,3.375],"texture":"#1"},"up":{"uv":[3.40625,0.28125,4.15625,0.21875],"texture":"#1"},"down":{"uv":[3.40625,2.96875,4.15625,3.03125],"texture":"#1"}}},{"from":[30,-16,-6],"to":[32,-13,16],"rotation":{"angle":0,"axis":"y","origin":[16,0,0]},"faces":{"north":{"uv":[2.9375,4.0625,2.875,4.15625],"texture":"#1"},"east":{"uv":[1.53125,3.28125,0.84375,3.375],"texture":"#1"},"south":{"uv":[1.4375,4.125,1.375,4.21875],"texture":"#1"},"west":{"uv":[2.78125,3.1875,2.09375,3.28125],"texture":"#1"},"up":{"uv":[1.1875,4.125,1.25,3.4375],"texture":"#1"},"down":{"uv":[1.25,3.4375,1.3125,4.125],"texture":"#1"}}},{"from":[30,-3,-6],"to":[32,0,16],"rotation":{"angle":0,"axis":"y","origin":[16,0,0]},"faces":{"north":{"uv":[0.5625,4.15625,0.5,4.25],"texture":"#1"},"east":{"uv":[4.0625,1.46875,3.375,1.5625],"texture":"#1"},"south":{"uv":[1.71875,4.15625,1.65625,4.25],"texture":"#1"},"west":{"uv":[2.78125,3.28125,2.09375,3.375],"texture":"#1"},"up":{"uv":[1.3125,4.125,1.375,3.4375],"texture":"#1"},"down":{"uv":[1.375,3.4375,1.4375,4.125],"texture":"#1"}}},{"from":[28,-16,15],"to":[30,-13,16],"rotation":{"angle":0,"axis":"y","origin":[16,0,0]},"faces":{"north":{"uv":[0.40625,4.21875,0.34375,4.3125],"texture":"#1"},"east":{"uv":[1,3.09375,0.96875,3.1875],"texture":"#1"},"south":{"uv":[4.28125,0.59375,4.21875,0.6875],"texture":"#1"},"west":{"uv":[2.8125,1.8125,2.78125,1.90625],"texture":"#1"},"up":{"uv":[4.25,2.125,4.3125,2.09375],"texture":"#1"},"down":{"uv":[4.25,2.125,4.3125,2.15625],"texture":"#1"}}},{"from":[28,-3,15],"to":[30,0,16],"rotation":{"angle":0,"axis":"y","origin":[16,0,0]},"faces":{"north":{"uv":[0.6875,4.21875,0.625,4.3125],"texture":"#1"},"east":{"uv":[0.5,3.59375,0.46875,3.6875],"texture":"#1"},"south":{"uv":[0.75,4.21875,0.6875,4.3125],"texture":"#1"},"west":{"uv":[1.5625,3.28125,1.53125,3.375],"texture":"#1"},"up":{"uv":[4.25,2.1875,4.3125,2.15625],"texture":"#1"},"down":{"uv":[4.25,2.1875,4.3125,2.21875],"texture":"#1"}}},{"from":[8,-3,-8],"to":[32,0,-6],"rotation":{"angle":0,"axis":"y","origin":[16,0,0]},"faces":{"north":{"uv":[3.875,1.21875,3.125,1.3125],"texture":"#1"},"east":{"uv":[1.25,4.21875,1.1875,4.3125],"texture":"#1"},"south":{"uv":[3.875,1.3125,3.125,1.40625],"texture":"#1"},"west":{"uv":[0.8125,4.21875,0.75,4.3125],"texture":"#1"},"up":{"uv":[3.40625,3.09375,4.15625,3.03125],"texture":"#1"},"down":{"uv":[3.5,3.34375,4.25,3.40625],"texture":"#1"}}},{"from":[8,-16,-6],"to":[30,0,-4],"rotation":{"angle":0,"axis":"y","origin":[16,0,0]},"faces":{"north":{"uv":[2.0625,0,1.375,0.5],"texture":"#1"},"east":{"uv":[2.5,3.6875,2.4375,4.1875],"texture":"#1"},"south":{"uv":[2.0625,0.5,1.375,1],"texture":"#1"},"west":{"uv":[2.4375,3.6875,2.375,4.1875],"texture":"#1"},"up":{"uv":[3.59375,3.34375,4.28125,3.28125],"texture":"#1"},"down":{"uv":[3.625,0.96875,4.3125,1.03125],"texture":"#1"}}},{"from":[27,-16,29],"to":[30,32,31.9],"rotation":{"angle":0,"axis":"y","origin":[16,0,0]},"faces":{"north":{"uv":[1.8125,2.34375,1.71875,3.84375],"texture":"#1"},"east":{"uv":[2.09375,2.625,2,4.125],"texture":"#1"},"south":{"uv":[2,2.625,1.90625,4.125],"texture":"#1"},"west":{"uv":[1.90625,2.625,1.8125,4.125],"texture":"#1"},"up":{"uv":[4.15625,3.0625,4.25,2.96875],"texture":"#1"},"down":{"uv":[4.15625,3.0625,4.25,3.15625],"texture":"#1"}}},{"from":[7,29.5,29.5],"to":[32,31.5,31.5],"rotation":{"angle":0,"axis":"y","origin":[16,0,0]},"faces":{"north":{"uv":[4.15625,2.46875,3.375,2.53125],"texture":"#1"},"east":{"uv":[2.21875,4.21875,2.15625,4.28125],"texture":"#1"},"south":{"uv":[4.15625,2.53125,3.375,2.59375],"texture":"#1"},"west":{"uv":[2.15625,4.21875,2.09375,4.28125],"texture":"#1"},"up":{"uv":[3.375,2.65625,4.15625,2.59375],"texture":"#1"},"down":{"uv":[3.375,2.65625,4.15625,2.71875],"texture":"#1"}}},{"from":[8,18.5,29.5],"to":[31,20.5,31.5],"rotation":{"angle":0,"axis":"y","origin":[16,0,0]},"faces":{"north":{"uv":[4.21875,3.40625,3.5,3.46875],"texture":"#1"},"east":{"uv":[2.65625,4.21875,2.59375,4.28125],"texture":"#1"},"south":{"uv":[4.21875,3.46875,3.5,3.53125],"texture":"#1"},"west":{"uv":[2.59375,4.21875,2.53125,4.28125],"texture":"#1"},"up":{"uv":[3.5,3.59375,4.21875,3.53125],"texture":"#1"},"down":{"uv":[3.59375,2.71875,4.3125,2.78125],"texture":"#1"}}},{"from":[8,28.9,7],"to":[31,31.9,10],"rotation":{"angle":0,"axis":"y","origin":[16,0,0]},"faces":{"north":{"uv":[3.90625,0.3125,3.1875,0.40625],"texture":"#1"},"east":{"uv":[3.875,4.15625,3.78125,4.25],"texture":"#1"},"south":{"uv":[3.90625,0.40625,3.1875,0.5],"texture":"#1"},"west":{"uv":[3.78125,4.15625,3.6875,4.25],"texture":"#1"},"up":{"uv":[3.1875,0.59375,3.90625,0.5],"texture":"#1"},"down":{"uv":[0.84375,3.1875,1.5625,3.28125],"texture":"#1"}}},{"from":[8,29.9,10],"to":[30,29.9,30],"rotation":{"angle":0,"axis":"y","origin":[16,0,0]},"faces":{"north":{"uv":[0.6875,0,0,0],"texture":"#1"},"east":{"uv":[0.625,0,0,0],"texture":"#1"},"south":{"uv":[0.6875,0,0,0],"texture":"#1"},"west":{"uv":[0.625,0,0,0],"texture":"#1"},"up":{"uv":[0.6875,1.40625,1.375,0.78125],"texture":"#1"},"down":{"uv":[0.6875,0.78125,1.375,1.40625],"texture":"#1"}}},{"from":[8,20.9,-2],"to":[31,22.9,0],"rotation":{"angle":0,"axis":"y","origin":[16,0,0]},"faces":{"north":{"uv":[4.3125,2.78125,3.59375,2.84375],"texture":"#1"},"east":{"uv":[3.125,4.21875,3.0625,4.28125],"texture":"#1"},"south":{"uv":[4.3125,2.84375,3.59375,2.90625],"texture":"#1"},"west":{"uv":[2.71875,4.21875,2.65625,4.28125],"texture":"#1"},"up":{"uv":[3.59375,2.96875,4.3125,2.90625],"texture":"#1"},"down":{"uv":[2.96875,3.59375,3.6875,3.65625],"texture":"#1"}}},{"from":[26,19.9,-1.9],"to":[28,21.9,31.9],"rotation":{"angle":0,"axis":"y","origin":[16,0,0]},"faces":{"north":{"uv":[3.1875,4.21875,3.125,4.28125],"texture":"#1"},"east":{"uv":[1.5625,3.375,0.5,3.4375],"texture":"#1"},"south":{"uv":[3.25,4.21875,3.1875,4.28125],"texture":"#1"},"west":{"uv":[4.1875,1.40625,3.125,1.46875],"texture":"#1"},"up":{"uv":[1.5625,3.875,1.625,2.8125],"texture":"#1"},"down":{"uv":[1.625,2.8125,1.6875,3.875],"texture":"#1"}}},{"from":[28,26.3,3.1],"to":[29,28.3,32],"rotation":{"angle":45,"axis":"x","origin":[27,20.9,9.05]},"faces":{"north":{"uv":[4.28125,2.21875,4.25,2.28125],"texture":"#1"},"east":{"uv":[4.28125,1.84375,3.375,1.90625],"texture":"#1"},"south":{"uv":[2.28125,4.25,2.25,4.3125],"texture":"#1"},"west":{"uv":[4.28125,1.78125,3.375,1.84375],"texture":"#1"},"up":{"uv":[1.6875,3.71875,1.71875,2.8125],"texture":"#1"},"down":{"uv":[1.53125,3.4375,1.5625,4.34375],"texture":"#1"}}},{"from":[8,20,-5],"to":[30,20,8],"rotation":{"angle":-45,"axis":"x","origin":[28.5,25,-7]},"faces":{"north":{"uv":[0.6875,0,0,0],"texture":"#1"},"east":{"uv":[0.40625,0,0,0],"texture":"#1"},"south":{"uv":[0.6875,0,0,0],"texture":"#1"},"west":{"uv":[0.40625,0,0,0],"texture":"#1"},"up":{"uv":[0.6875,5.59375,1.375,5.1875],"texture":"#1"},"down":{"uv":[0.6875,5.1875,1.375,5.59375],"texture":"#1"}}},{"from":[8,15.87939,-2.05096],"to":[30,22.87939,-2.05096],"rotation":{"angle":0,"axis":"y","origin":[28.5,16.37939,-2.05096]},"faces":{"north":{"uv":[1.375,6.15625,0.6875,6.375],"texture":"#1"},"east":{"uv":[0,0,0,0.21875],"texture":"#1"},"south":{"uv":[0.6875,6.15625,1.375,6.375],"texture":"#1"},"west":{"uv":[0,0,0,0.21875],"texture":"#1"},"up":{"uv":[0,0,0.6875,0],"texture":"#1"},"down":{"uv":[0,0,0.6875,0],"texture":"#1"}}},{"from":[8,16,31.999],"to":[30,32,31.999],"rotation":{"angle":0,"axis":"y","origin":[28.5,25.501,31.999]},"faces":{"north":{"uv":[0.6875,5.625,1.375,6.125],"texture":"#1"},"east":{"uv":[0,0,0,0.5],"texture":"#1"},"south":{"uv":[1.375,5.625,0.6875,6.125],"texture":"#1"},"west":{"uv":[0,0,0,0.5],"texture":"#1"},"up":{"uv":[0,0,0.6875,0],"texture":"#1"},"down":{"uv":[0,0,0.6875,0],"texture":"#1"}}},{"from":[8,32,7],"to":[30,32,32],"rotation":{"angle":0,"axis":"y","origin":[28.5,31.57077,7.14143]},"faces":{"north":{"uv":[0.6875,0,0,0],"texture":"#1"},"east":{"uv":[0.78125,0,0,0],"texture":"#1"},"south":{"uv":[0.6875,0,0,0],"texture":"#1"},"west":{"uv":[0.78125,0,0,0],"texture":"#1"},"up":{"uv":[0.6875,5.15625,1.375,4.375],"texture":"#1"},"down":{"uv":[0.6875,4.375,1.375,5.15625],"texture":"#1"}}},{"from":[8,-2,-4],"to":[28,0,5],"rotation":{"angle":0,"axis":"y","origin":[16,0,0]},"faces":{"north":{"uv":[4.28125,2.40625,3.65625,2.46875],"texture":"#1"},"east":{"uv":[4.3125,1.15625,4.03125,1.21875],"texture":"#1"},"south":{"uv":[3.28125,3.65625,2.65625,3.71875],"texture":"#1"},"west":{"uv":[4.3125,1.09375,4.03125,1.15625],"texture":"#1"},"up":{"uv":[1.875,2.1875,2.5,1.90625],"texture":"#1"},"down":{"uv":[0.6875,2,1.3125,2.28125],"texture":"#1"}}},{"from":[28,-16,-4],"to":[30,0,15],"rotation":{"angle":0,"axis":"y","origin":[16,0,0]},"faces":{"north":{"uv":[2.5625,3.6875,2.5,4.1875],"texture":"#1"},"east":{"uv":[1.875,1.5,1.28125,2],"texture":"#1"},"south":{"uv":[0.40625,3.71875,0.34375,4.21875],"texture":"#1"},"west":{"uv":[1.28125,1.40625,0.6875,1.90625],"texture":"#1"},"up":{"uv":[3.28125,4.25,3.34375,3.65625],"texture":"#1"},"down":{"uv":[3.34375,3.65625,3.40625,4.25],"texture":"#1"}}},{"from":[-16,-16,-8],"to":[8,-13,-6],"faces":{"north":{"uv":[3.125,1.03125,3.875,1.125],"texture":"#1"},"east":{"uv":[0.5,3.28125,0.5625,3.375],"texture":"#1"},"south":{"uv":[3.125,1.125,3.875,1.21875],"texture":"#1"},"west":{"uv":[3.0625,4.03125,3.125,4.125],"texture":"#1"},"up":{"uv":[4.15625,0.28125,3.40625,0.21875],"texture":"#1"},"down":{"uv":[4.15625,2.96875,3.40625,3.03125],"texture":"#1"}}},{"from":[-16,-16,-6],"to":[-14,-13,16],"faces":{"north":{"uv":[2.875,4.0625,2.9375,4.15625],"texture":"#1"},"east":{"uv":[2.09375,3.1875,2.78125,3.28125],"texture":"#1"},"south":{"uv":[1.375,4.125,1.4375,4.21875],"texture":"#1"},"west":{"uv":[0.84375,3.28125,1.53125,3.375],"texture":"#1"},"up":{"uv":[1.25,4.125,1.1875,3.4375],"texture":"#1"},"down":{"uv":[1.3125,3.4375,1.25,4.125],"texture":"#1"}}},{"from":[-16,-3,-6],"to":[-14,0,16],"faces":{"north":{"uv":[0.5,4.15625,0.5625,4.25],"texture":"#1"},"east":{"uv":[2.09375,3.28125,2.78125,3.375],"texture":"#1"},"south":{"uv":[1.65625,4.15625,1.71875,4.25],"texture":"#1"},"west":{"uv":[3.375,1.46875,4.0625,1.5625],"texture":"#1"},"up":{"uv":[1.375,4.125,1.3125,3.4375],"texture":"#1"},"down":{"uv":[1.4375,3.4375,1.375,4.125],"texture":"#1"}}},{"from":[-14,-16,15],"to":[-12,-13,16],"faces":{"north":{"uv":[0.34375,4.21875,0.40625,4.3125],"texture":"#1"},"east":{"uv":[2.78125,1.8125,2.8125,1.90625],"texture":"#1"},"south":{"uv":[4.21875,0.59375,4.28125,0.6875],"texture":"#1"},"west":{"uv":[0.96875,3.09375,1,3.1875],"texture":"#1"},"up":{"uv":[4.3125,2.125,4.25,2.09375],"texture":"#1"},"down":{"uv":[4.3125,2.125,4.25,2.15625],"texture":"#1"}}},{"from":[-14,-3,15],"to":[-12,0,16],"faces":{"north":{"uv":[0.625,4.21875,0.6875,4.3125],"texture":"#1"},"east":{"uv":[1.53125,3.28125,1.5625,3.375],"texture":"#1"},"south":{"uv":[0.6875,4.21875,0.75,4.3125],"texture":"#1"},"west":{"uv":[0.46875,3.59375,0.5,3.6875],"texture":"#1"},"up":{"uv":[4.3125,2.1875,4.25,2.15625],"texture":"#1"},"down":{"uv":[4.3125,2.1875,4.25,2.21875],"texture":"#1"}}},{"from":[-16,-3,-8],"to":[8,0,-6],"faces":{"north":{"uv":[3.125,1.21875,3.875,1.3125],"texture":"#1"},"east":{"uv":[0.75,4.21875,0.8125,4.3125],"texture":"#1"},"south":{"uv":[3.125,1.3125,3.875,1.40625],"texture":"#1"},"west":{"uv":[1.1875,4.21875,1.25,4.3125],"texture":"#1"},"up":{"uv":[4.15625,3.09375,3.40625,3.03125],"texture":"#1"},"down":{"uv":[4.25,3.34375,3.5,3.40625],"texture":"#1"}}},{"from":[-14,-16,-6],"to":[8,0,-4],"faces":{"north":{"uv":[1.375,0,2.0625,0.5],"texture":"#1"},"east":{"uv":[2.375,3.6875,2.4375,4.1875],"texture":"#1"},"south":{"uv":[1.375,0.5,2.0625,1],"texture":"#1"},"west":{"uv":[2.4375,3.6875,2.5,4.1875],"texture":"#1"},"up":{"uv":[4.28125,3.34375,3.59375,3.28125],"texture":"#1"},"down":{"uv":[4.3125,0.96875,3.625,1.03125],"texture":"#1"}}},{"from":[-14,-16,29],"to":[-11,32,31.9],"faces":{"north":{"uv":[1.71875,2.34375,1.8125,3.84375],"texture":"#1"},"east":{"uv":[1.8125,2.625,1.90625,4.125],"texture":"#1"},"south":{"uv":[1.90625,2.625,2,4.125],"texture":"#1"},"west":{"uv":[2,2.625,2.09375,4.125],"texture":"#1"},"up":{"uv":[4.25,3.0625,4.15625,2.96875],"texture":"#1"},"down":{"uv":[4.25,3.0625,4.15625,3.15625],"texture":"#1"}}},{"from":[-16,29.5,29.5],"to":[9,31.5,31.5],"faces":{"north":{"uv":[3.375,2.46875,4.15625,2.53125],"texture":"#1"},"east":{"uv":[2.09375,4.21875,2.15625,4.28125],"texture":"#1"},"south":{"uv":[3.375,2.53125,4.15625,2.59375],"texture":"#1"},"west":{"uv":[2.15625,4.21875,2.21875,4.28125],"texture":"#1"},"up":{"uv":[4.15625,2.65625,3.375,2.59375],"texture":"#1"},"down":{"uv":[4.15625,2.65625,3.375,2.71875],"texture":"#1"}}},{"from":[-15,18.5,29.5],"to":[8,20.5,31.5],"faces":{"north":{"uv":[3.5,3.40625,4.21875,3.46875],"texture":"#1"},"east":{"uv":[2.53125,4.21875,2.59375,4.28125],"texture":"#1"},"south":{"uv":[3.5,3.46875,4.21875,3.53125],"texture":"#1"},"west":{"uv":[2.59375,4.21875,2.65625,4.28125],"texture":"#1"},"up":{"uv":[4.21875,3.59375,3.5,3.53125],"texture":"#1"},"down":{"uv":[4.3125,2.71875,3.59375,2.78125],"texture":"#1"}}},{"from":[-15,28.9,7],"to":[8,31.9,10],"faces":{"north":{"uv":[3.1875,0.3125,3.90625,0.40625],"texture":"#1"},"east":{"uv":[3.6875,4.15625,3.78125,4.25],"texture":"#1"},"south":{"uv":[3.1875,0.40625,3.90625,0.5],"texture":"#1"},"west":{"uv":[3.78125,4.15625,3.875,4.25],"texture":"#1"},"up":{"uv":[3.90625,0.59375,3.1875,0.5],"texture":"#1"},"down":{"uv":[1.5625,3.1875,0.84375,3.28125],"texture":"#1"}}},{"from":[-14,29.9,10],"to":[8,29.9,30],"faces":{"north":{"uv":[0,0,0.6875,0],"texture":"#1"},"east":{"uv":[0,0,0.625,0],"texture":"#1"},"south":{"uv":[0,0,0.6875,0],"texture":"#1"},"west":{"uv":[0,0,0.625,0],"texture":"#1"},"up":{"uv":[1.375,1.40625,0.6875,0.78125],"texture":"#1"},"down":{"uv":[1.375,0.78125,0.6875,1.40625],"texture":"#1"}}},{"from":[-15,20.9,-2],"to":[8,22.9,0],"faces":{"north":{"uv":[3.59375,2.78125,4.3125,2.84375],"texture":"#1"},"east":{"uv":[2.65625,4.21875,2.71875,4.28125],"texture":"#1"},"south":{"uv":[3.59375,2.84375,4.3125,2.90625],"texture":"#1"},"west":{"uv":[3.0625,4.21875,3.125,4.28125],"texture":"#1"},"up":{"uv":[4.3125,2.96875,3.59375,2.90625],"texture":"#1"},"down":{"uv":[3.6875,3.59375,2.96875,3.65625],"texture":"#1"}}},{"from":[-12,19.9,-1.9],"to":[-10,21.9,31.9],"faces":{"north":{"uv":[3.125,4.21875,3.1875,4.28125],"texture":"#1"},"east":{"uv":[3.125,1.40625,4.1875,1.46875],"texture":"#1"},"south":{"uv":[3.1875,4.21875,3.25,4.28125],"texture":"#1"},"west":{"uv":[0.5,3.375,1.5625,3.4375],"texture":"#1"},"up":{"uv":[1.625,3.875,1.5625,2.8125],"texture":"#1"},"down":{"uv":[1.6875,2.8125,1.625,3.875],"texture":"#1"}}},{"from":[-13,26.3,3.1],"to":[-12,28.3,32],"rotation":{"angle":45,"axis":"x","origin":[-11,20.9,9.05]},"faces":{"north":{"uv":[4.25,2.21875,4.28125,2.28125],"texture":"#1"},"east":{"uv":[3.375,1.78125,4.28125,1.84375],"texture":"#1"},"south":{"uv":[2.25,4.25,2.28125,4.3125],"texture":"#1"},"west":{"uv":[3.375,1.84375,4.28125,1.90625],"texture":"#1"},"up":{"uv":[1.71875,3.71875,1.6875,2.8125],"texture":"#1"},"down":{"uv":[1.5625,3.4375,1.53125,4.34375],"texture":"#1"}}},{"from":[-14,20,-5],"to":[8,20,8],"rotation":{"angle":-45,"axis":"x","origin":[-12.5,25,-7]},"faces":{"north":{"uv":[0,0,0.6875,0],"texture":"#1"},"east":{"uv":[0,0,0.40625,0],"texture":"#1"},"south":{"uv":[0,0,0.6875,0],"texture":"#1"},"west":{"uv":[0,0,0.40625,0],"texture":"#1"},"up":{"uv":[1.375,5.59375,0.6875,5.1875],"texture":"#1"},"down":{"uv":[1.375,5.1875,0.6875,5.59375],"texture":"#1"}}},{"from":[-14,15.87939,-2.05096],"to":[8,22.87939,-2.05096],"rotation":{"angle":0,"axis":"y","origin":[-12.5,16.37939,-2.05096]},"faces":{"north":{"uv":[0.6875,6.15625,1.375,6.375],"texture":"#1"},"east":{"uv":[0,0,0,0.21875],"texture":"#1"},"south":{"uv":[1.375,6.15625,0.6875,6.375],"texture":"#1"},"west":{"uv":[0,0,0,0.21875],"texture":"#1"},"up":{"uv":[0.6875,0,0,0],"texture":"#1"},"down":{"uv":[0.6875,0,0,0],"texture":"#1"}}},{"from":[-14,16,31.999],"to":[8,32,31.999],"rotation":{"angle":0,"axis":"y","origin":[-12.5,25.501,31.999]},"faces":{"north":{"uv":[1.375,5.625,0.6875,6.125],"texture":"#1"},"east":{"uv":[0,0,0,0.5],"texture":"#1"},"south":{"uv":[0.6875,5.625,1.375,6.125],"texture":"#1"},"west":{"uv":[0,0,0,0.5],"texture":"#1"},"up":{"uv":[0.6875,0,0,0],"texture":"#1"},"down":{"uv":[0.6875,0,0,0],"texture":"#1"}}},{"from":[-14,32,7],"to":[8,32,32],"rotation":{"angle":0,"axis":"y","origin":[-12.5,31.57077,7.14143]},"faces":{"north":{"uv":[0,0,0.6875,0],"texture":"#1"},"east":{"uv":[0,0,0.78125,0],"texture":"#1"},"south":{"uv":[0,0,0.6875,0],"texture":"#1"},"west":{"uv":[0,0,0.78125,0],"texture":"#1"},"up":{"uv":[1.375,5.15625,0.6875,4.375],"texture":"#1"},"down":{"uv":[1.375,4.375,0.6875,5.15625],"texture":"#1"}}},{"from":[-12,-2,-4],"to":[8,0,5],"faces":{"north":{"uv":[3.65625,2.40625,4.28125,2.46875],"texture":"#1"},"east":{"uv":[4.03125,1.09375,4.3125,1.15625],"texture":"#1"},"south":{"uv":[2.65625,3.65625,3.28125,3.71875],"texture":"#1"},"west":{"uv":[4.03125,1.15625,4.3125,1.21875],"texture":"#1"},"up":{"uv":[2.5,2.1875,1.875,1.90625],"texture":"#1"},"down":{"uv":[1.3125,2,0.6875,2.28125],"texture":"#1"}}},{"from":[-14,-16,-4],"to":[-12,0,15],"faces":{"north":{"uv":[2.5,3.6875,2.5625,4.1875],"texture":"#1"},"east":{"uv":[0.6875,1.40625,1.28125,1.90625],"texture":"#1"},"south":{"uv":[0.34375,3.71875,0.40625,4.21875],"texture":"#1"},"west":{"uv":[1.28125,1.5,1.875,2],"texture":"#1"},"up":{"uv":[3.34375,4.25,3.28125,3.65625],"texture":"#1"},"down":{"uv":[3.40625,3.65625,3.34375,4.25],"texture":"#1"}}}],"gui_light":"front","display":{"thirdperson_righthand":{"translation":[0,3,1],"scale":[0.3,0.3,0.3]},"thirdperson_lefthand":{"translation":[0,3,1],"scale":[0.3,0.3,0.3]},"firstperson_righthand":{"rotation":[-38,90,25],"translation":[1.5,3.75,4.5],"scale":[0.3,0.3,0.3]},"firstperson_lefthand":{"rotation":[-43,90,25],"translation":[0.75,3.2,4],"scale":[0.3,0.3,0.3]},"ground":{"translation":[0,6.5,0],"scale":[0.3,0.3,0.3]},"gui":{"rotation":[12,147,0],"translation":[-0.5,0,0],"scale":[0.2,0.2,0.2]},"head":{"translation":[0,11.75,0],"scale":[1.5,1.5,1.5]},"fixed":{"rotation":[-90,0,0],"translation":[0,18.75,-48],"scale":[2,2,2]}}}