{"credit":"Made with Blockbench","texture_size":[256,256],"textures":{"3":"furnitures:rivrs/furnitures_color_4","particle":"furnitures:rivrs/furnitures_color_4"},"elements":[{"from":[8,-16,-8],"to":[32,-13,-6],"rotation":{"angle":0,"axis":"y","origin":[16,0,0]},"faces":{"north":{"uv":[3.875,1.03125,3.125,1.125],"texture":"#3"},"east":{"uv":[3.125,4.03125,3.0625,4.125],"texture":"#3"},"south":{"uv":[3.875,1.125,3.125,1.21875],"texture":"#3"},"west":{"uv":[0.5625,3.28125,0.5,3.375],"texture":"#3"},"up":{"uv":[3.40625,0.28125,4.15625,0.21875],"texture":"#3"},"down":{"uv":[3.40625,2.96875,4.15625,3.03125],"texture":"#3"}}},{"from":[30,-16,-6],"to":[32,-13,16],"rotation":{"angle":0,"axis":"y","origin":[16,0,0]},"faces":{"north":{"uv":[2.9375,4.0625,2.875,4.15625],"texture":"#3"},"east":{"uv":[1.53125,3.28125,0.84375,3.375],"texture":"#3"},"south":{"uv":[1.4375,4.125,1.375,4.21875],"texture":"#3"},"west":{"uv":[2.78125,3.1875,2.09375,3.28125],"texture":"#3"},"up":{"uv":[1.1875,4.125,1.25,3.4375],"texture":"#3"},"down":{"uv":[1.25,3.4375,1.3125,4.125],"texture":"#3"}}},{"from":[30,-3,-6],"to":[32,0,16],"rotation":{"angle":0,"axis":"y","origin":[16,0,0]},"faces":{"north":{"uv":[0.5625,4.15625,0.5,4.25],"texture":"#3"},"east":{"uv":[4.0625,1.46875,3.375,1.5625],"texture":"#3"},"south":{"uv":[1.71875,4.15625,1.65625,4.25],"texture":"#3"},"west":{"uv":[2.78125,3.28125,2.09375,3.375],"texture":"#3"},"up":{"uv":[1.3125,4.125,1.375,3.4375],"texture":"#3"},"down":{"uv":[1.375,3.4375,1.4375,4.125],"texture":"#3"}}},{"from":[28,-16,15],"to":[30,-13,16],"rotation":{"angle":0,"axis":"y","origin":[16,0,0]},"faces":{"north":{"uv":[0.40625,4.21875,0.34375,4.3125],"texture":"#3"},"east":{"uv":[1,3.09375,0.96875,3.1875],"texture":"#3"},"south":{"uv":[4.28125,0.59375,4.21875,0.6875],"texture":"#3"},"west":{"uv":[2.8125,1.8125,2.78125,1.90625],"texture":"#3"},"up":{"uv":[4.25,2.125,4.3125,2.09375],"texture":"#3"},"down":{"uv":[4.25,2.125,4.3125,2.15625],"texture":"#3"}}},{"from":[28,-3,15],"to":[30,0,16],"rotation":{"angle":0,"axis":"y","origin":[16,0,0]},"faces":{"north":{"uv":[0.6875,4.21875,0.625,4.3125],"texture":"#3"},"east":{"uv":[0.5,3.59375,0.46875,3.6875],"texture":"#3"},"south":{"uv":[0.75,4.21875,0.6875,4.3125],"texture":"#3"},"west":{"uv":[1.5625,3.28125,1.53125,3.375],"texture":"#3"},"up":{"uv":[4.25,2.1875,4.3125,2.15625],"texture":"#3"},"down":{"uv":[4.25,2.1875,4.3125,2.21875],"texture":"#3"}}},{"from":[8,-3,-8],"to":[32,0,-6],"rotation":{"angle":0,"axis":"y","origin":[16,0,0]},"faces":{"north":{"uv":[3.875,1.21875,3.125,1.3125],"texture":"#3"},"east":{"uv":[1.25,4.21875,1.1875,4.3125],"texture":"#3"},"south":{"uv":[3.875,1.3125,3.125,1.40625],"texture":"#3"},"west":{"uv":[0.8125,4.21875,0.75,4.3125],"texture":"#3"},"up":{"uv":[3.40625,3.09375,4.15625,3.03125],"texture":"#3"},"down":{"uv":[3.5,3.34375,4.25,3.40625],"texture":"#3"}}},{"from":[8,-16,-6],"to":[30,0,-4],"rotation":{"angle":0,"axis":"y","origin":[16,0,0]},"faces":{"north":{"uv":[2.0625,0,1.375,0.5],"texture":"#3"},"east":{"uv":[2.5,3.6875,2.4375,4.1875],"texture":"#3"},"south":{"uv":[2.0625,0.5,1.375,1],"texture":"#3"},"west":{"uv":[2.4375,3.6875,2.375,4.1875],"texture":"#3"},"up":{"uv":[3.59375,3.34375,4.28125,3.28125],"texture":"#3"},"down":{"uv":[3.625,0.96875,4.3125,1.03125],"texture":"#3"}}},{"from":[27,-16,29],"to":[30,32,31.9],"rotation":{"angle":0,"axis":"y","origin":[16,0,0]},"faces":{"north":{"uv":[1.8125,2.34375,1.71875,3.84375],"texture":"#3"},"east":{"uv":[2.09375,2.625,2,4.125],"texture":"#3"},"south":{"uv":[2,2.625,1.90625,4.125],"texture":"#3"},"west":{"uv":[1.90625,2.625,1.8125,4.125],"texture":"#3"},"up":{"uv":[4.15625,3.0625,4.25,2.96875],"texture":"#3"},"down":{"uv":[4.15625,3.0625,4.25,3.15625],"texture":"#3"}}},{"from":[7,29.5,29.5],"to":[32,31.5,31.5],"rotation":{"angle":0,"axis":"y","origin":[16,0,0]},"faces":{"north":{"uv":[4.15625,2.46875,3.375,2.53125],"texture":"#3"},"east":{"uv":[2.21875,4.21875,2.15625,4.28125],"texture":"#3"},"south":{"uv":[4.15625,2.53125,3.375,2.59375],"texture":"#3"},"west":{"uv":[2.15625,4.21875,2.09375,4.28125],"texture":"#3"},"up":{"uv":[3.375,2.65625,4.15625,2.59375],"texture":"#3"},"down":{"uv":[3.375,2.65625,4.15625,2.71875],"texture":"#3"}}},{"from":[8,18.5,29.5],"to":[31,20.5,31.5],"rotation":{"angle":0,"axis":"y","origin":[16,0,0]},"faces":{"north":{"uv":[4.21875,3.40625,3.5,3.46875],"texture":"#3"},"east":{"uv":[2.65625,4.21875,2.59375,4.28125],"texture":"#3"},"south":{"uv":[4.21875,3.46875,3.5,3.53125],"texture":"#3"},"west":{"uv":[2.59375,4.21875,2.53125,4.28125],"texture":"#3"},"up":{"uv":[3.5,3.59375,4.21875,3.53125],"texture":"#3"},"down":{"uv":[3.59375,2.71875,4.3125,2.78125],"texture":"#3"}}},{"from":[8,28.9,7],"to":[31,31.9,10],"rotation":{"angle":0,"axis":"y","origin":[16,0,0]},"faces":{"north":{"uv":[3.90625,0.3125,3.1875,0.40625],"texture":"#3"},"east":{"uv":[3.875,4.15625,3.78125,4.25],"texture":"#3"},"south":{"uv":[3.90625,0.40625,3.1875,0.5],"texture":"#3"},"west":{"uv":[3.78125,4.15625,3.6875,4.25],"texture":"#3"},"up":{"uv":[3.1875,0.59375,3.90625,0.5],"texture":"#3"},"down":{"uv":[0.84375,3.1875,1.5625,3.28125],"texture":"#3"}}},{"from":[8,29.9,10],"to":[30,29.9,30],"rotation":{"angle":0,"axis":"y","origin":[16,0,0]},"faces":{"north":{"uv":[0.6875,0,0,0],"texture":"#3"},"east":{"uv":[0.625,0,0,0],"texture":"#3"},"south":{"uv":[0.6875,0,0,0],"texture":"#3"},"west":{"uv":[0.625,0,0,0],"texture":"#3"},"up":{"uv":[0.6875,1.40625,1.375,0.78125],"texture":"#3"},"down":{"uv":[0.6875,0.78125,1.375,1.40625],"texture":"#3"}}},{"from":[8,20.9,-2],"to":[31,22.9,0],"rotation":{"angle":0,"axis":"y","origin":[16,0,0]},"faces":{"north":{"uv":[4.3125,2.78125,3.59375,2.84375],"texture":"#3"},"east":{"uv":[3.125,4.21875,3.0625,4.28125],"texture":"#3"},"south":{"uv":[4.3125,2.84375,3.59375,2.90625],"texture":"#3"},"west":{"uv":[2.71875,4.21875,2.65625,4.28125],"texture":"#3"},"up":{"uv":[3.59375,2.96875,4.3125,2.90625],"texture":"#3"},"down":{"uv":[2.96875,3.59375,3.6875,3.65625],"texture":"#3"}}},{"from":[26,19.9,-1.9],"to":[28,21.9,31.9],"rotation":{"angle":0,"axis":"y","origin":[16,0,0]},"faces":{"north":{"uv":[3.1875,4.21875,3.125,4.28125],"texture":"#3"},"east":{"uv":[1.5625,3.375,0.5,3.4375],"texture":"#3"},"south":{"uv":[3.25,4.21875,3.1875,4.28125],"texture":"#3"},"west":{"uv":[4.1875,1.40625,3.125,1.46875],"texture":"#3"},"up":{"uv":[1.5625,3.875,1.625,2.8125],"texture":"#3"},"down":{"uv":[1.625,2.8125,1.6875,3.875],"texture":"#3"}}},{"from":[28,26.3,3.1],"to":[29,28.3,32],"rotation":{"angle":45,"axis":"x","origin":[27,20.9,9.05]},"faces":{"north":{"uv":[4.28125,2.21875,4.25,2.28125],"texture":"#3"},"east":{"uv":[4.28125,1.84375,3.375,1.90625],"texture":"#3"},"south":{"uv":[2.28125,4.25,2.25,4.3125],"texture":"#3"},"west":{"uv":[4.28125,1.78125,3.375,1.84375],"texture":"#3"},"up":{"uv":[1.6875,3.71875,1.71875,2.8125],"texture":"#3"},"down":{"uv":[1.53125,3.4375,1.5625,4.34375],"texture":"#3"}}},{"from":[8,20,-5],"to":[30,20,8],"rotation":{"angle":-45,"axis":"x","origin":[28.5,25,-7]},"faces":{"north":{"uv":[0.6875,0,0,0],"texture":"#3"},"east":{"uv":[0.40625,0,0,0],"texture":"#3"},"south":{"uv":[0.6875,0,0,0],"texture":"#3"},"west":{"uv":[0.40625,0,0,0],"texture":"#3"},"up":{"uv":[0.6875,5.59375,1.375,5.1875],"texture":"#3"},"down":{"uv":[0.6875,5.1875,1.375,5.59375],"texture":"#3"}}},{"from":[8,15.87939,-2.05096],"to":[30,22.87939,-2.05096],"rotation":{"angle":0,"axis":"y","origin":[28.5,16.37939,-2.05096]},"faces":{"north":{"uv":[1.375,6.15625,0.6875,6.375],"texture":"#3"},"east":{"uv":[0,0,0,0.21875],"texture":"#3"},"south":{"uv":[0.6875,6.15625,1.375,6.375],"texture":"#3"},"west":{"uv":[0,0,0,0.21875],"texture":"#3"},"up":{"uv":[0,0,0.6875,0],"texture":"#3"},"down":{"uv":[0,0,0.6875,0],"texture":"#3"}}},{"from":[8,16,31.999],"to":[30,32,31.999],"rotation":{"angle":0,"axis":"y","origin":[28.5,25.501,31.999]},"faces":{"north":{"uv":[0.6875,5.625,1.375,6.125],"texture":"#3"},"east":{"uv":[0,0,0,0.5],"texture":"#3"},"south":{"uv":[1.375,5.625,0.6875,6.125],"texture":"#3"},"west":{"uv":[0,0,0,0.5],"texture":"#3"},"up":{"uv":[0,0,0.6875,0],"texture":"#3"},"down":{"uv":[0,0,0.6875,0],"texture":"#3"}}},{"from":[8,32,7],"to":[30,32,32],"rotation":{"angle":0,"axis":"y","origin":[28.5,31.57077,7.14143]},"faces":{"north":{"uv":[0.6875,0,0,0],"texture":"#3"},"east":{"uv":[0.78125,0,0,0],"texture":"#3"},"south":{"uv":[0.6875,0,0,0],"texture":"#3"},"west":{"uv":[0.78125,0,0,0],"texture":"#3"},"up":{"uv":[0.6875,5.15625,1.375,4.375],"texture":"#3"},"down":{"uv":[0.6875,4.375,1.375,5.15625],"texture":"#3"}}},{"from":[8,-2,-4],"to":[28,0,5],"rotation":{"angle":0,"axis":"y","origin":[16,0,0]},"faces":{"north":{"uv":[4.28125,2.40625,3.65625,2.46875],"texture":"#3"},"east":{"uv":[4.3125,1.15625,4.03125,1.21875],"texture":"#3"},"south":{"uv":[3.28125,3.65625,2.65625,3.71875],"texture":"#3"},"west":{"uv":[4.3125,1.09375,4.03125,1.15625],"texture":"#3"},"up":{"uv":[1.875,2.1875,2.5,1.90625],"texture":"#3"},"down":{"uv":[0.6875,2,1.3125,2.28125],"texture":"#3"}}},{"from":[28,-16,-4],"to":[30,0,15],"rotation":{"angle":0,"axis":"y","origin":[16,0,0]},"faces":{"north":{"uv":[2.5625,3.6875,2.5,4.1875],"texture":"#3"},"east":{"uv":[1.875,1.5,1.28125,2],"texture":"#3"},"south":{"uv":[0.40625,3.71875,0.34375,4.21875],"texture":"#3"},"west":{"uv":[1.28125,1.40625,0.6875,1.90625],"texture":"#3"},"up":{"uv":[3.28125,4.25,3.34375,3.65625],"texture":"#3"},"down":{"uv":[3.34375,3.65625,3.40625,4.25],"texture":"#3"}}},{"from":[-12,0,-4],"to":[-5,1,3],"faces":{"north":{"uv":[3.40625,1,3.625,1.03125],"texture":"#3"},"east":{"uv":[2.09375,3.5625,2.3125,3.59375],"texture":"#3"},"south":{"uv":[0.21875,3.59375,0.4375,3.625],"texture":"#3"},"west":{"uv":[4.125,0.53125,4.34375,0.5625],"texture":"#3"},"up":{"uv":[2.78125,1.90625,2.5625,1.6875],"texture":"#3"},"down":{"uv":[2.59375,3.375,2.375,3.59375],"texture":"#3"}}},{"from":[-2,0,-1],"to":[2,1,3],"faces":{"north":{"uv":[3.375,3.34375,3.5,3.375],"texture":"#3"},"east":{"uv":[2.65625,3.625,2.78125,3.65625],"texture":"#3"},"south":{"uv":[4.21875,3.40625,4.34375,3.4375],"texture":"#3"},"west":{"uv":[4.21875,3.4375,4.34375,3.46875],"texture":"#3"},"up":{"uv":[1.6875,4.15625,1.5625,4.03125],"texture":"#3"},"down":{"uv":[4.15625,2.28125,4.03125,2.40625],"texture":"#3"}}},{"from":[-2,4.8,-1],"to":[2,5.8,3],"faces":{"north":{"uv":[4.21875,3.46875,4.34375,3.5],"texture":"#3"},"east":{"uv":[3.5,4.21875,3.625,4.25],"texture":"#3"},"south":{"uv":[4.21875,3.5,4.34375,3.53125],"texture":"#3"},"west":{"uv":[4.21875,3.53125,4.34375,3.5625],"texture":"#3"},"up":{"uv":[3.0625,4.15625,2.9375,4.03125],"texture":"#3"},"down":{"uv":[3.8125,4.03125,3.6875,4.15625],"texture":"#3"}}},{"from":[-2.5,0.8,-1.5],"to":[2.5,4.8,3.5],"faces":{"north":{"uv":[2.90625,0.625,3.0625,0.75],"texture":"#3"},"east":{"uv":[2.96875,3.90625,3.125,4.03125],"texture":"#3"},"south":{"uv":[0.84375,4,1,4.125],"texture":"#3"},"west":{"uv":[1,4,1.15625,4.125],"texture":"#3"},"up":{"uv":[2.78125,3.1875,2.625,3.03125],"texture":"#3"},"down":{"uv":[3.5625,3.84375,3.40625,4],"texture":"#3"}}},{"from":[22.5,5.8,-2.5],"to":[27.5,10.8,2.5],"faces":{"north":{"uv":[3.5625,3.84375,3.71875,4],"texture":"#3"},"east":{"uv":[0.40625,3.875,0.5625,4.03125],"texture":"#3"},"south":{"uv":[3.875,1.03125,4.03125,1.1875],"texture":"#3"},"west":{"uv":[3.875,1.1875,4.03125,1.34375],"texture":"#3"},"up":{"uv":[1.71875,4.03125,1.5625,3.875],"texture":"#3"},"down":{"uv":[2.25,3.875,2.09375,4.03125],"texture":"#3"}}},{"from":[14.5,1.8,29.4],"to":[23.5,19.8,29.4],"faces":{"north":{"uv":[2.53125,1.90625,2.8125,2.46875],"texture":"#3"},"east":{"uv":[0,0,0,0.5625],"texture":"#3"},"south":{"uv":[2.53125,1.90625,2.8125,2.46875],"texture":"#3"},"west":{"uv":[0,0,0,0.5625],"texture":"#3"},"up":{"uv":[0.28125,0,0,0],"texture":"#3"},"down":{"uv":[0.28125,0,0,0],"texture":"#3"}}},{"from":[22,10.8,-3],"to":[28,12.8,3],"faces":{"north":{"uv":[4.0625,3.21875,4.25,3.28125],"texture":"#3"},"east":{"uv":[3.5,4.0625,3.6875,4.125],"texture":"#3"},"south":{"uv":[4.0625,4,4.25,4.0625],"texture":"#3"},"west":{"uv":[4.0625,4.0625,4.25,4.125],"texture":"#3"},"up":{"uv":[3.59375,3.84375,3.40625,3.65625],"texture":"#3"},"down":{"uv":[3.78125,3.65625,3.59375,3.84375],"texture":"#3"}}},{"from":[23,12.8,-2],"to":[27,13.8,2],"faces":{"north":{"uv":[4.21875,3.5625,4.34375,3.59375],"texture":"#3"},"east":{"uv":[4.21875,3.59375,4.34375,3.625],"texture":"#3"},"south":{"uv":[4.21875,3.625,4.34375,3.65625],"texture":"#3"},"west":{"uv":[4.21875,3.65625,4.34375,3.6875],"texture":"#3"},"up":{"uv":[3.9375,4.15625,3.8125,4.03125],"texture":"#3"},"down":{"uv":[4.15625,3.875,4.03125,4],"texture":"#3"}}},{"from":[23.5,13.8,0],"to":[26.5,22.8,0],"faces":{"north":{"uv":[0.5625,2.78125,0.65625,3.0625],"texture":"#3"},"east":{"uv":[0,0,0,0.28125],"texture":"#3"},"south":{"uv":[5.9375,3.46875,6.03125,3.75],"texture":"#3"},"west":{"uv":[0,0,0,0.28125],"texture":"#3"},"up":{"uv":[0.09375,0,0,0],"texture":"#3"},"down":{"uv":[0.09375,0,0,0],"texture":"#3"}}},{"from":[18.5,12.6,-1.6],"to":[21.5,23.6,-1.6],"faces":{"north":{"uv":[2.40625,2.65625,2.5,3],"texture":"#3"},"east":{"uv":[0,0,0,0.34375],"texture":"#3"},"south":{"uv":[5,3.03125,5.09375,3.375],"texture":"#3"},"west":{"uv":[0,0,0,0.34375],"texture":"#3"},"up":{"uv":[0.09375,0,0,0],"texture":"#3"},"down":{"uv":[0.09375,0,0,0],"texture":"#3"}}},{"from":[24,13.8,-1],"to":[26,15.8,1],"faces":{"north":{"uv":[3.625,4.21875,3.6875,4.28125],"texture":"#3"},"east":{"uv":[4.21875,3.6875,4.28125,3.75],"texture":"#3"},"south":{"uv":[4.21875,3.75,4.28125,3.8125],"texture":"#3"},"west":{"uv":[4.21875,3.8125,4.28125,3.875],"texture":"#3"},"up":{"uv":[4.125,4.28125,4.0625,4.21875],"texture":"#3"},"down":{"uv":[4.1875,4.21875,4.125,4.28125],"texture":"#3"}}},{"from":[23,2.8,-2],"to":[27,3.8,2],"faces":{"north":{"uv":[4.1875,4.21875,4.3125,4.25],"texture":"#3"},"east":{"uv":[0.0625,4.25,0.1875,4.28125],"texture":"#3"},"south":{"uv":[0.40625,4.25,0.53125,4.28125],"texture":"#3"},"west":{"uv":[0.8125,4.25,0.9375,4.28125],"texture":"#3"},"up":{"uv":[4.0625,4.15625,3.9375,4.03125],"texture":"#3"},"down":{"uv":[2.6875,4.0625,2.5625,4.1875],"texture":"#3"}}},{"from":[22,3.8,-3],"to":[28,5.8,3],"faces":{"north":{"uv":[4.09375,0,4.28125,0.0625],"texture":"#3"},"east":{"uv":[0.0625,4.09375,0.25,4.15625],"texture":"#3"},"south":{"uv":[4.09375,0.0625,4.28125,0.125],"texture":"#3"},"west":{"uv":[4.09375,0.125,4.28125,0.1875],"texture":"#3"},"up":{"uv":[0.65625,3.875,0.46875,3.6875],"texture":"#3"},"down":{"uv":[2.28125,3.6875,2.09375,3.875],"texture":"#3"}}},{"from":[3,0.2,-8.2],"to":[19,0.2,2.8],"faces":{"north":{"uv":[0,0,0.5,0],"texture":"#3"},"east":{"uv":[0,0,0.34375,0],"texture":"#3"},"south":{"uv":[0,0,0.5,0],"texture":"#3"},"west":{"uv":[0,0,0.34375,0],"texture":"#3"},"up":{"uv":[1.8125,2.34375,1.3125,2],"texture":"#3"},"down":{"uv":[2.5625,0,2.0625,0.34375],"texture":"#3"}}},{"from":[13,0,-3.2],"to":[20,3,0.8],"rotation":{"angle":22.5,"axis":"y","origin":[25.5,1.5,-3.2]},"faces":{"north":{"uv":[3.90625,0.28125,4.125,0.375],"texture":"#3"},"east":{"uv":[1.15625,1.90625,1.28125,2],"texture":"#3"},"south":{"uv":[3.90625,0.375,4.125,0.46875],"texture":"#3"},"west":{"uv":[0.84375,3.09375,0.96875,3.1875],"texture":"#3"},"up":{"uv":[0.4375,3.59375,0.21875,3.46875],"texture":"#3"},"down":{"uv":[4.03125,2.28125,3.8125,2.40625],"texture":"#3"}}},{"from":[-14.7,0.1,-13.2],"to":[-5.7,0.1,-4.2],"rotation":{"angle":22.5,"axis":"y","origin":[7.5,0.2,-3.7]},"faces":{"north":{"uv":[0,0,0.28125,0],"texture":"#3"},"east":{"uv":[0,0,0.28125,0],"texture":"#3"},"south":{"uv":[0,0,0.28125,0],"texture":"#3"},"west":{"uv":[0,0,0.28125,0],"texture":"#3"},"up":{"uv":[0.84375,3.375,0.5625,3.09375],"texture":"#3"},"down":{"uv":[3.375,1.46875,3.09375,1.75],"texture":"#3"}}},{"from":[-14.7,-9.9,-13.2],"to":[-13.7,0.1,-13.2],"rotation":{"angle":22.5,"axis":"y","origin":[7.5,0.2,-3.7]},"faces":{"north":{"uv":[2.5,2.65625,2.53125,2.96875],"texture":"#3"},"east":{"uv":[0,0,0,0.3125],"texture":"#3"},"south":{"uv":[0.65625,2.78125,0.6875,3.09375],"texture":"#3"},"west":{"uv":[0,0,0,0.3125],"texture":"#3"},"up":{"uv":[0.03125,0,0,0],"texture":"#3"},"down":{"uv":[0.03125,0,0,0],"texture":"#3"}}},{"from":[-14.7,-11.9,-13.7],"to":[-13.7,-9.9,-12.7],"rotation":{"angle":22.5,"axis":"y","origin":[7.5,0.2,-3.7]},"faces":{"north":{"uv":[2.28125,4.25,2.3125,4.3125],"texture":"#3"},"east":{"uv":[4.25,2.28125,4.28125,2.34375],"texture":"#3"},"south":{"uv":[2.3125,4.25,2.34375,4.3125],"texture":"#3"},"west":{"uv":[4.25,2.46875,4.28125,2.53125],"texture":"#3"},"up":{"uv":[3.40625,2.875,3.375,2.84375],"texture":"#3"},"down":{"uv":[3.59375,3.09375,3.5625,3.125],"texture":"#3"}}},{"from":[3,-10.8,-8.2],"to":[19,0.2,-8.2],"faces":{"north":{"uv":[2.0625,0.34375,2.5625,0.6875],"texture":"#3"},"east":{"uv":[0,0,0,0.34375],"texture":"#3"},"south":{"uv":[2.0625,0.6875,2.5625,1.03125],"texture":"#3"},"west":{"uv":[0,0,0,0.34375],"texture":"#3"},"up":{"uv":[0.5,0,0,0],"texture":"#3"},"down":{"uv":[0.5,0,0,0],"texture":"#3"}}},{"from":[-12,7,-4],"to":[-5,8,3],"faces":{"north":{"uv":[4.15625,2.375,4.375,2.40625],"texture":"#3"},"east":{"uv":[4.15625,3.96875,4.375,4],"texture":"#3"},"south":{"uv":[4.1875,0.875,4.40625,0.90625],"texture":"#3"},"west":{"uv":[4.1875,0.90625,4.40625,0.9375],"texture":"#3"},"up":{"uv":[3.28125,3.59375,3.0625,3.375],"texture":"#3"},"down":{"uv":[3.59375,3.125,3.375,3.34375],"texture":"#3"}}},{"from":[-12.5,8,-2.7],"to":[-5.5,9,4.3],"rotation":{"angle":22.5,"axis":"y","origin":[-8.5,8.5,-0.5]},"faces":{"north":{"uv":[4.1875,1.4375,4.40625,1.46875],"texture":"#3"},"east":{"uv":[4.1875,1.625,4.40625,1.65625],"texture":"#3"},"south":{"uv":[2.53125,4.1875,2.75,4.21875],"texture":"#3"},"west":{"uv":[4.21875,0.28125,4.4375,0.3125],"texture":"#3"},"up":{"uv":[3.5,3.59375,3.28125,3.375],"texture":"#3"},"down":{"uv":[0.21875,3.40625,0,3.625],"texture":"#3"}}},{"from":[-13,1,-5],"to":[-4,7,4],"faces":{"north":{"uv":[3.375,1.90625,3.65625,2.09375],"texture":"#3"},"east":{"uv":[2.09375,3.375,2.375,3.5625],"texture":"#3"},"south":{"uv":[3.375,2.09375,3.65625,2.28125],"texture":"#3"},"west":{"uv":[3.375,2.28125,3.65625,2.46875],"texture":"#3"},"up":{"uv":[3.375,2.03125,3.09375,1.75],"texture":"#3"},"down":{"uv":[3.375,2.03125,3.09375,2.3125],"texture":"#3"}}},{"from":[-8.25,4.15,-2.25],"to":[-5,5.4,0.75],"faces":{"north":{"uv":[4.25,2.34375,4.3125,2.375],"texture":"#3"},"east":{"uv":[4.25,2.53125,4.3125,2.5625],"texture":"#3"},"south":{"uv":[4.25,2.5625,4.3125,2.59375],"texture":"#3"},"west":{"uv":[4.25,2.59375,4.3125,2.625],"texture":"#3"},"up":{"uv":[0.25,4.3125,0.1875,4.25],"texture":"#3"},"down":{"uv":[0.59375,4.25,0.53125,4.3125],"texture":"#3"}}},{"from":[-11.25,3.9,-3.25],"to":[-8,5.15,-0.25],"faces":{"north":{"uv":[4.25,2.625,4.3125,2.65625],"texture":"#3"},"east":{"uv":[2.75,4.25,2.8125,4.28125],"texture":"#3"},"south":{"uv":[2.875,4.25,2.9375,4.28125],"texture":"#3"},"west":{"uv":[2.9375,4.25,3,4.28125],"texture":"#3"},"up":{"uv":[1,4.3125,0.9375,4.25],"texture":"#3"},"down":{"uv":[1.0625,4.25,1,4.3125],"texture":"#3"}}},{"from":[-11.75,4.4,-1.5],"to":[-7.5,5.65,2.5],"faces":{"north":{"uv":[0.5625,3.0625,0.65625,3.09375],"texture":"#3"},"east":{"uv":[3.53125,0.59375,3.625,0.625],"texture":"#3"},"south":{"uv":[1.0625,4.25,1.15625,4.28125],"texture":"#3"},"west":{"uv":[1.25,4.25,1.34375,4.28125],"texture":"#3"},"up":{"uv":[3.96875,4.25,3.875,4.15625],"texture":"#3"},"down":{"uv":[4.25,3.875,4.15625,3.96875],"texture":"#3"}}},{"from":[-12.75,1.4,-4.5],"to":[-4.5,4.65,3.5],"faces":{"north":{"uv":[3.90625,0.46875,4.125,0.5625],"texture":"#3"},"east":{"uv":[0.625,3.90625,0.84375,4],"texture":"#3"},"south":{"uv":[0.84375,3.90625,1.0625,4],"texture":"#3"},"west":{"uv":[0.625,4,0.84375,4.09375],"texture":"#3"},"up":{"uv":[3.625,0.21875,3.40625,0],"texture":"#3"},"down":{"uv":[3.625,0.78125,3.40625,1],"texture":"#3"}}},{"from":[-11.75,0.4,-3.5],"to":[-5.5,1.65,2.5],"faces":{"north":{"uv":[4.21875,1.21875,4.375,1.25],"texture":"#3"},"east":{"uv":[1.25,4.21875,1.40625,4.25],"texture":"#3"},"south":{"uv":[4.21875,1.25,4.375,1.28125],"texture":"#3"},"west":{"uv":[4.21875,1.28125,4.375,1.3125],"texture":"#3"},"up":{"uv":[3.875,4.03125,3.71875,3.875],"texture":"#3"},"down":{"uv":[4.03125,3.875,3.875,4.03125],"texture":"#3"}}},{"from":[-16,-16,-8],"to":[8,-13,-6],"faces":{"north":{"uv":[3.125,1.03125,3.875,1.125],"texture":"#3"},"east":{"uv":[0.5,3.28125,0.5625,3.375],"texture":"#3"},"south":{"uv":[3.125,1.125,3.875,1.21875],"texture":"#3"},"west":{"uv":[3.0625,4.03125,3.125,4.125],"texture":"#3"},"up":{"uv":[4.15625,0.28125,3.40625,0.21875],"texture":"#3"},"down":{"uv":[4.15625,2.96875,3.40625,3.03125],"texture":"#3"}}},{"from":[-16,-16,-6],"to":[-14,-13,16],"faces":{"north":{"uv":[2.875,4.0625,2.9375,4.15625],"texture":"#3"},"east":{"uv":[2.09375,3.1875,2.78125,3.28125],"texture":"#3"},"south":{"uv":[1.375,4.125,1.4375,4.21875],"texture":"#3"},"west":{"uv":[0.84375,3.28125,1.53125,3.375],"texture":"#3"},"up":{"uv":[1.25,4.125,1.1875,3.4375],"texture":"#3"},"down":{"uv":[1.3125,3.4375,1.25,4.125],"texture":"#3"}}},{"from":[-16,-3,-6],"to":[-14,0,16],"faces":{"north":{"uv":[0.5,4.15625,0.5625,4.25],"texture":"#3"},"east":{"uv":[2.09375,3.28125,2.78125,3.375],"texture":"#3"},"south":{"uv":[1.65625,4.15625,1.71875,4.25],"texture":"#3"},"west":{"uv":[3.375,1.46875,4.0625,1.5625],"texture":"#3"},"up":{"uv":[1.375,4.125,1.3125,3.4375],"texture":"#3"},"down":{"uv":[1.4375,3.4375,1.375,4.125],"texture":"#3"}}},{"from":[-14,-16,15],"to":[-12,-13,16],"faces":{"north":{"uv":[0.34375,4.21875,0.40625,4.3125],"texture":"#3"},"east":{"uv":[2.78125,1.8125,2.8125,1.90625],"texture":"#3"},"south":{"uv":[4.21875,0.59375,4.28125,0.6875],"texture":"#3"},"west":{"uv":[0.96875,3.09375,1,3.1875],"texture":"#3"},"up":{"uv":[4.3125,2.125,4.25,2.09375],"texture":"#3"},"down":{"uv":[4.3125,2.125,4.25,2.15625],"texture":"#3"}}},{"from":[-14,-3,15],"to":[-12,0,16],"faces":{"north":{"uv":[0.625,4.21875,0.6875,4.3125],"texture":"#3"},"east":{"uv":[1.53125,3.28125,1.5625,3.375],"texture":"#3"},"south":{"uv":[0.6875,4.21875,0.75,4.3125],"texture":"#3"},"west":{"uv":[0.46875,3.59375,0.5,3.6875],"texture":"#3"},"up":{"uv":[4.3125,2.1875,4.25,2.15625],"texture":"#3"},"down":{"uv":[4.3125,2.1875,4.25,2.21875],"texture":"#3"}}},{"from":[-16,-3,-8],"to":[8,0,-6],"faces":{"north":{"uv":[3.125,1.21875,3.875,1.3125],"texture":"#3"},"east":{"uv":[0.75,4.21875,0.8125,4.3125],"texture":"#3"},"south":{"uv":[3.125,1.3125,3.875,1.40625],"texture":"#3"},"west":{"uv":[1.1875,4.21875,1.25,4.3125],"texture":"#3"},"up":{"uv":[4.15625,3.09375,3.40625,3.03125],"texture":"#3"},"down":{"uv":[4.25,3.34375,3.5,3.40625],"texture":"#3"}}},{"from":[-14,-16,-6],"to":[8,0,-4],"faces":{"north":{"uv":[1.375,0,2.0625,0.5],"texture":"#3"},"east":{"uv":[2.375,3.6875,2.4375,4.1875],"texture":"#3"},"south":{"uv":[1.375,0.5,2.0625,1],"texture":"#3"},"west":{"uv":[2.4375,3.6875,2.5,4.1875],"texture":"#3"},"up":{"uv":[4.28125,3.34375,3.59375,3.28125],"texture":"#3"},"down":{"uv":[4.3125,0.96875,3.625,1.03125],"texture":"#3"}}},{"from":[-14,-16,29],"to":[-11,32,31.9],"faces":{"north":{"uv":[1.71875,2.34375,1.8125,3.84375],"texture":"#3"},"east":{"uv":[1.8125,2.625,1.90625,4.125],"texture":"#3"},"south":{"uv":[1.90625,2.625,2,4.125],"texture":"#3"},"west":{"uv":[2,2.625,2.09375,4.125],"texture":"#3"},"up":{"uv":[4.25,3.0625,4.15625,2.96875],"texture":"#3"},"down":{"uv":[4.25,3.0625,4.15625,3.15625],"texture":"#3"}}},{"from":[-16,29.5,29.5],"to":[9,31.5,31.5],"faces":{"north":{"uv":[3.375,2.46875,4.15625,2.53125],"texture":"#3"},"east":{"uv":[2.09375,4.21875,2.15625,4.28125],"texture":"#3"},"south":{"uv":[3.375,2.53125,4.15625,2.59375],"texture":"#3"},"west":{"uv":[2.15625,4.21875,2.21875,4.28125],"texture":"#3"},"up":{"uv":[4.15625,2.65625,3.375,2.59375],"texture":"#3"},"down":{"uv":[4.15625,2.65625,3.375,2.71875],"texture":"#3"}}},{"from":[-15,18.5,29.5],"to":[8,20.5,31.5],"faces":{"north":{"uv":[3.5,3.40625,4.21875,3.46875],"texture":"#3"},"east":{"uv":[2.53125,4.21875,2.59375,4.28125],"texture":"#3"},"south":{"uv":[3.5,3.46875,4.21875,3.53125],"texture":"#3"},"west":{"uv":[2.59375,4.21875,2.65625,4.28125],"texture":"#3"},"up":{"uv":[4.21875,3.59375,3.5,3.53125],"texture":"#3"},"down":{"uv":[4.3125,2.71875,3.59375,2.78125],"texture":"#3"}}},{"from":[-15,28.9,7],"to":[8,31.9,10],"faces":{"north":{"uv":[3.1875,0.3125,3.90625,0.40625],"texture":"#3"},"east":{"uv":[3.6875,4.15625,3.78125,4.25],"texture":"#3"},"south":{"uv":[3.1875,0.40625,3.90625,0.5],"texture":"#3"},"west":{"uv":[3.78125,4.15625,3.875,4.25],"texture":"#3"},"up":{"uv":[3.90625,0.59375,3.1875,0.5],"texture":"#3"},"down":{"uv":[1.5625,3.1875,0.84375,3.28125],"texture":"#3"}}},{"from":[-14,29.9,10],"to":[8,29.9,30],"faces":{"north":{"uv":[0,0,0.6875,0],"texture":"#3"},"east":{"uv":[0,0,0.625,0],"texture":"#3"},"south":{"uv":[0,0,0.6875,0],"texture":"#3"},"west":{"uv":[0,0,0.625,0],"texture":"#3"},"up":{"uv":[1.375,1.40625,0.6875,0.78125],"texture":"#3"},"down":{"uv":[1.375,0.78125,0.6875,1.40625],"texture":"#3"}}},{"from":[-15,20.9,-2],"to":[8,22.9,0],"faces":{"north":{"uv":[3.59375,2.78125,4.3125,2.84375],"texture":"#3"},"east":{"uv":[2.65625,4.21875,2.71875,4.28125],"texture":"#3"},"south":{"uv":[3.59375,2.84375,4.3125,2.90625],"texture":"#3"},"west":{"uv":[3.0625,4.21875,3.125,4.28125],"texture":"#3"},"up":{"uv":[4.3125,2.96875,3.59375,2.90625],"texture":"#3"},"down":{"uv":[3.6875,3.59375,2.96875,3.65625],"texture":"#3"}}},{"from":[-12,19.9,-1.9],"to":[-10,21.9,31.9],"faces":{"north":{"uv":[3.125,4.21875,3.1875,4.28125],"texture":"#3"},"east":{"uv":[3.125,1.40625,4.1875,1.46875],"texture":"#3"},"south":{"uv":[3.1875,4.21875,3.25,4.28125],"texture":"#3"},"west":{"uv":[0.5,3.375,1.5625,3.4375],"texture":"#3"},"up":{"uv":[1.625,3.875,1.5625,2.8125],"texture":"#3"},"down":{"uv":[1.6875,2.8125,1.625,3.875],"texture":"#3"}}},{"from":[-13,26.3,3.1],"to":[-12,28.3,32],"rotation":{"angle":45,"axis":"x","origin":[-11,20.9,9.05]},"faces":{"north":{"uv":[4.25,2.21875,4.28125,2.28125],"texture":"#3"},"east":{"uv":[3.375,1.78125,4.28125,1.84375],"texture":"#3"},"south":{"uv":[2.25,4.25,2.28125,4.3125],"texture":"#3"},"west":{"uv":[3.375,1.84375,4.28125,1.90625],"texture":"#3"},"up":{"uv":[1.71875,3.71875,1.6875,2.8125],"texture":"#3"},"down":{"uv":[1.5625,3.4375,1.53125,4.34375],"texture":"#3"}}},{"from":[-14,20,-5],"to":[8,20,8],"rotation":{"angle":-45,"axis":"x","origin":[-12.5,25,-7]},"faces":{"north":{"uv":[0,0,0.6875,0],"texture":"#3"},"east":{"uv":[0,0,0.40625,0],"texture":"#3"},"south":{"uv":[0,0,0.6875,0],"texture":"#3"},"west":{"uv":[0,0,0.40625,0],"texture":"#3"},"up":{"uv":[1.375,5.59375,0.6875,5.1875],"texture":"#3"},"down":{"uv":[1.375,5.1875,0.6875,5.59375],"texture":"#3"}}},{"from":[-14,15.87939,-2.05096],"to":[8,22.87939,-2.05096],"rotation":{"angle":0,"axis":"y","origin":[-12.5,16.37939,-2.05096]},"faces":{"north":{"uv":[0.6875,6.15625,1.375,6.375],"texture":"#3"},"east":{"uv":[0,0,0,0.21875],"texture":"#3"},"south":{"uv":[1.375,6.15625,0.6875,6.375],"texture":"#3"},"west":{"uv":[0,0,0,0.21875],"texture":"#3"},"up":{"uv":[0.6875,0,0,0],"texture":"#3"},"down":{"uv":[0.6875,0,0,0],"texture":"#3"}}},{"from":[-14,16,31.999],"to":[8,32,31.999],"rotation":{"angle":0,"axis":"y","origin":[-12.5,25.501,31.999]},"faces":{"north":{"uv":[1.375,5.625,0.6875,6.125],"texture":"#3"},"east":{"uv":[0,0,0,0.5],"texture":"#3"},"south":{"uv":[0.6875,5.625,1.375,6.125],"texture":"#3"},"west":{"uv":[0,0,0,0.5],"texture":"#3"},"up":{"uv":[0.6875,0,0,0],"texture":"#3"},"down":{"uv":[0.6875,0,0,0],"texture":"#3"}}},{"from":[-14,32,7],"to":[8,32,32],"rotation":{"angle":0,"axis":"y","origin":[-12.5,31.57077,7.14143]},"faces":{"north":{"uv":[0,0,0.6875,0],"texture":"#3"},"east":{"uv":[0,0,0.78125,0],"texture":"#3"},"south":{"uv":[0,0,0.6875,0],"texture":"#3"},"west":{"uv":[0,0,0.78125,0],"texture":"#3"},"up":{"uv":[1.375,5.15625,0.6875,4.375],"texture":"#3"},"down":{"uv":[1.375,4.375,0.6875,5.15625],"texture":"#3"}}},{"from":[-12,-2,-4],"to":[8,0,5],"faces":{"north":{"uv":[3.65625,2.40625,4.28125,2.46875],"texture":"#3"},"east":{"uv":[4.03125,1.09375,4.3125,1.15625],"texture":"#3"},"south":{"uv":[2.65625,3.65625,3.28125,3.71875],"texture":"#3"},"west":{"uv":[4.03125,1.15625,4.3125,1.21875],"texture":"#3"},"up":{"uv":[2.5,2.1875,1.875,1.90625],"texture":"#3"},"down":{"uv":[1.3125,2,0.6875,2.28125],"texture":"#3"}}},{"from":[-14,-16,-4],"to":[-12,0,15],"faces":{"north":{"uv":[2.5,3.6875,2.5625,4.1875],"texture":"#3"},"east":{"uv":[0.6875,1.40625,1.28125,1.90625],"texture":"#3"},"south":{"uv":[0.34375,3.71875,0.40625,4.21875],"texture":"#3"},"west":{"uv":[1.28125,1.5,1.875,2],"texture":"#3"},"up":{"uv":[3.34375,4.25,3.28125,3.65625],"texture":"#3"},"down":{"uv":[3.40625,3.65625,3.34375,4.25],"texture":"#3"}}}],"gui_light":"front","display":{"thirdperson_righthand":{"translation":[0,3,1],"scale":[0.3,0.3,0.3]},"thirdperson_lefthand":{"translation":[0,3,1],"scale":[0.3,0.3,0.3]},"firstperson_righthand":{"rotation":[-38,90,25],"translation":[1.5,3.75,4.5],"scale":[0.3,0.3,0.3]},"firstperson_lefthand":{"rotation":[-43,90,25],"translation":[0.75,3.2,4],"scale":[0.3,0.3,0.3]},"ground":{"translation":[0,6.5,0],"scale":[0.3,0.3,0.3]},"gui":{"rotation":[12,147,0],"translation":[-0.5,0,0],"scale":[0.2,0.2,0.2]},"head":{"translation":[0,11.75,0],"scale":[1.5,1.5,1.5]},"fixed":{"rotation":[-90,0,0],"translation":[0,18.75,-48],"scale":[2,2,2]}}}