{"credit":"Made with Blockbench","textures":{"0":"furnitures:rivrs/furnitures_color_4","particle":"furnitures:rivrs/furnitures_color_4"},"elements":[{"from":[5,0.5,6],"to":[11,8.5,6],"rotation":{"angle":22.5,"axis":"x","origin":[8,4,4]},"faces":{"north":{"uv":[6,15.5,6.1875,15.75],"texture":"#0"},"east":{"uv":[6,15.5,6,15.75],"texture":"#0"},"south":{"uv":[6.1875,15.5,6.375,15.75],"texture":"#0"},"west":{"uv":[6,15.5,6,15.75],"texture":"#0"},"up":{"uv":[6.1875,15.5,6,15.5],"texture":"#0"},"down":{"uv":[6.1875,15.5,6,15.5],"texture":"#0"}}},{"from":[5,0.49923,9.13967],"to":[11,8.49923,9.13967],"rotation":{"angle":-22.5,"axis":"x","origin":[8,3.99923,11.13967]},"faces":{"north":{"uv":[6,15.75,6.1875,16],"texture":"#0"},"east":{"uv":[6,15.5,6,15.75],"texture":"#0"},"south":{"uv":[6.1875,15.75,6.375,16],"texture":"#0"},"west":{"uv":[6,15.5,6,15.75],"texture":"#0"},"up":{"uv":[6.1875,15.5,6,15.5],"texture":"#0"},"down":{"uv":[6.1875,15.5,6,15.5],"texture":"#0"}}}],"gui_light":"front","display":{"thirdperson_righthand":{"translation":[0,3,1],"scale":[0.55,0.55,0.55]},"thirdperson_lefthand":{"translation":[0,3,1],"scale":[0.55,0.55,0.55]},"firstperson_righthand":{"rotation":[0,-90,25],"translation":[1.13,3.2,1.13],"scale":[0.68,0.68,0.68]},"firstperson_lefthand":{"rotation":[0,-90,25],"translation":[1.13,3.2,1.13],"scale":[0.68,0.68,0.68]},"ground":{"translation":[0,2,0],"scale":[0.5,0.5,0.5]},"gui":{"rotation":[36,-33,0],"translation":[0,1.5,0]},"head":{"translation":[0,-31.199,0],"scale":[1.5,1.5,1.5]},"fixed":{"rotation":[-90,28,0],"translation":[0,0,-15.25],"scale":[2,2,2]}}}