{"credit":"Made with Blockbench","textures":{"0":"furnitures:rivrs/furnitures_color_3","particle":"furnitures:rivrs/furnitures_color_3"},"elements":[{"from":[-16,0,16],"to":[32,24,16],"faces":{"north":{"uv":[0,7.9375,3,9.59375],"texture":"#0"},"east":{"uv":[0,0,0,16],"texture":"#0"},"south":{"uv":[0,7.9375,3,9.59375],"texture":"#0"},"west":{"uv":[0,0,0,16],"texture":"#0"},"up":{"uv":[0,0,16,0],"texture":"#0"},"down":{"uv":[0,0,16,0],"texture":"#0"}}}],"gui_light":"front","display":{"thirdperson_righthand":{"rotation":[75,45,0],"translation":[0,2.5,0],"scale":[0.375,0.375,0.375]},"thirdperson_lefthand":{"rotation":[75,45,0],"translation":[0,2.5,0],"scale":[0.375,0.375,0.375]},"firstperson_righthand":{"rotation":[0,45,0],"scale":[0.4,0.4,0.4]},"firstperson_lefthand":{"rotation":[0,45,0],"scale":[0.4,0.4,0.4]},"ground":{"translation":[0,2,0],"scale":[0.5,0.5,0.5]},"gui":{"rotation":[-9,-132,-4],"translation":[3.75,-3.25,0],"scale":[0.6,0.6,0.6]},"head":{"translation":[0,-31.199,-16.5],"scale":[1.5,1.5,1.5]},"fixed":{"rotation":[-4,0,0],"translation":[0,-6,-34],"scale":[4,4,4]}}}