{"credit":"Made with Blockbench","texture_size":[128,128],"textures":{"0":"furnitures:rivrs/furnitures_color_3","particle":"furnitures:rivrs/furnitures_color_3"},"elements":[{"from":[8,-16,-2],"to":[18,-14,18],"rotation":{"angle":0,"axis":"y","origin":[16,0,0]},"faces":{"north":{"uv":[1.4375,3.46875,1.125,3.53125],"texture":"#0"},"east":{"uv":[1.65625,4.1875,1.03125,4.25],"texture":"#0"},"south":{"uv":[1.4375,3.53125,1.125,3.59375],"texture":"#0"},"west":{"uv":[1.65625,4.125,1.03125,4.1875],"texture":"#0"},"up":{"uv":[0,4.09375,0.3125,3.46875],"texture":"#0"},"down":{"uv":[0.3125,3.46875,0.625,4.09375],"texture":"#0"}}},{"from":[10,-10,0],"to":[16,-3,16],"rotation":{"angle":45,"axis":"z","origin":[12,-6,8]},"faces":{"north":{"uv":[1.1875,3.6875,1,3.90625],"texture":"#0"},"east":{"uv":[1.125,3.46875,0.625,3.6875],"texture":"#0"},"south":{"uv":[1.21875,3.90625,1.03125,4.125],"texture":"#0"},"west":{"uv":[0.5,4.09375,0,4.3125],"texture":"#0"},"up":{"uv":[0,4.8125,0.1875,4.3125],"texture":"#0"},"down":{"uv":[0.1875,4.3125,0.375,4.8125],"texture":"#0"}}},{"from":[8,-14,2],"to":[13,-3,14],"rotation":{"angle":0,"axis":"y","origin":[15,-11,0]},"faces":{"north":{"uv":[0.65625,4.375,0.5,4.65625],"texture":"#0"},"east":{"uv":[0.875,4.09375,0.5,4.375],"texture":"#0"},"south":{"uv":[0.8125,4.375,0.65625,4.65625],"texture":"#0"},"west":{"uv":[1,3.6875,0.625,3.96875],"texture":"#0"},"up":{"uv":[0.875,4.34375,1.03125,3.96875],"texture":"#0"},"down":{"uv":[0.875,4.34375,1.03125,4.71875],"texture":"#0"}}},{"from":[16,-8,1],"to":[18,-4,5],"rotation":{"angle":45,"axis":"z","origin":[12,-6,8]},"faces":{"north":{"uv":[0.875,3.96875,0.8125,4.09375],"texture":"#0"},"east":{"uv":[0.75,4.65625,0.625,4.78125],"texture":"#0"},"south":{"uv":[0.875,4.375,0.8125,4.5],"texture":"#0"},"west":{"uv":[0.625,4.65625,0.5,4.78125],"texture":"#0"},"up":{"uv":[0.8125,4.625,0.875,4.5],"texture":"#0"},"down":{"uv":[0.59375,4.78125,0.65625,4.90625],"texture":"#0"}}},{"from":[16,-8,6],"to":[18,-4,10],"rotation":{"angle":45,"axis":"z","origin":[12,-6,8]},"faces":{"north":{"uv":[0.875,3.96875,0.8125,4.09375],"texture":"#0"},"east":{"uv":[0.75,4.65625,0.625,4.78125],"texture":"#0"},"south":{"uv":[0.875,4.375,0.8125,4.5],"texture":"#0"},"west":{"uv":[0.625,4.65625,0.5,4.78125],"texture":"#0"},"up":{"uv":[0.8125,4.625,0.875,4.5],"texture":"#0"},"down":{"uv":[0.59375,4.78125,0.65625,4.90625],"texture":"#0"}}},{"from":[16,-8,11],"to":[18,-4,15],"rotation":{"angle":45,"axis":"z","origin":[12,-6,8]},"faces":{"north":{"uv":[0.875,3.96875,0.8125,4.09375],"texture":"#0"},"east":{"uv":[0.75,4.65625,0.625,4.78125],"texture":"#0"},"south":{"uv":[0.875,4.375,0.8125,4.5],"texture":"#0"},"west":{"uv":[0.625,4.65625,0.5,4.78125],"texture":"#0"},"up":{"uv":[0.8125,4.625,0.875,4.5],"texture":"#0"},"down":{"uv":[0.59375,4.78125,0.65625,4.90625],"texture":"#0"}}},{"from":[13,-10,6],"to":[16,-7,18],"rotation":{"angle":0,"axis":"y","origin":[15,-11,0]},"faces":{"north":{"uv":[1.3125,4.59375,1.21875,4.6875],"texture":"#0"},"east":{"uv":[1.40625,4.34375,1.03125,4.4375],"texture":"#0"},"south":{"uv":[1.3125,4.6875,1.21875,4.78125],"texture":"#0"},"west":{"uv":[1.40625,4.25,1.03125,4.34375],"texture":"#0"},"up":{"uv":[1.03125,4.8125,1.125,4.4375],"texture":"#0"},"down":{"uv":[1.125,4.4375,1.21875,4.8125],"texture":"#0"}}},{"from":[9.30867,-10,17.52446],"to":[12.30867,-7,22.52446],"rotation":{"angle":0,"axis":"y","origin":[11.30867,-11,-2.47554]},"faces":{"north":{"uv":[0.9375,4.71875,0.84375,4.8125],"texture":"#0"},"east":{"uv":[1.375,3.96875,1.21875,4.0625],"texture":"#0"},"south":{"uv":[1.03125,4.71875,0.9375,4.8125],"texture":"#0"},"west":{"uv":[1.375,3.875,1.21875,3.96875],"texture":"#0"},"up":{"uv":[0.75,4.8125,0.84375,4.65625],"texture":"#0"},"down":{"uv":[1.21875,4.4375,1.3125,4.59375],"texture":"#0"}}},{"from":[9.57822,-9.99,15.87955],"to":[15.57822,-6.99,18.87955],"rotation":{"angle":22.5,"axis":"y","origin":[13.57822,-8.5,17.37955]},"faces":{"north":{"uv":[0.8125,3.96875,0.625,4.0625],"texture":"#0"},"east":{"uv":[0.59375,4.78125,0.5,4.875],"texture":"#0"},"south":{"uv":[1.3125,3.59375,1.125,3.6875],"texture":"#0"},"west":{"uv":[1.40625,3.59375,1.3125,3.6875],"texture":"#0"},"up":{"uv":[1.1875,3.78125,1.375,3.6875],"texture":"#0"},"down":{"uv":[1.1875,3.78125,1.375,3.875],"texture":"#0"}}},{"from":[-6.75981,-9.80032,-2.75],"to":[-6.75981,28.19968,2.25],"rotation":{"angle":22.5,"axis":"z","origin":[-5.50981,-0.30032,0]},"faces":{"north":{"uv":[0,3.46875,0,4.90625],"texture":"#0"},"east":{"uv":[1.625,4.71875,1.8125,5.875],"texture":"#0"},"south":{"uv":[0,3.46875,0,4.90625],"texture":"#0"},"west":{"uv":[1.625,4.71875,1.8125,5.875],"texture":"#0"},"up":{"uv":[0,3.53125,0,3.46875],"rotation":180,"texture":"#0"},"down":{"uv":[0,3.46875,0,3.53125],"rotation":180,"texture":"#0"}}},{"from":[-9.50981,-15.30032,0],"to":[-4.50981,30.69968,0],"rotation":{"angle":22.5,"axis":"z","origin":[-5.50981,-0.30032,0]},"faces":{"north":{"uv":[1.625,4.4375,1.8125,5.875],"texture":"#0"},"east":{"uv":[0,3.46875,0,4.90625],"texture":"#0"},"south":{"uv":[1.625,4.4375,1.8125,5.875],"texture":"#0"},"west":{"uv":[0,3.46875,0,4.90625],"texture":"#0"},"up":{"uv":[0,3.53125,0,3.46875],"rotation":90,"texture":"#0"},"down":{"uv":[0,3.46875,0,3.53125],"rotation":270,"texture":"#0"}}},{"from":[22.75981,-9.80032,-2.75],"to":[22.75981,28.19968,2.25],"rotation":{"angle":-22.5,"axis":"z","origin":[21.50981,-0.30032,0]},"faces":{"north":{"uv":[0,3.46875,0,4.90625],"texture":"#0"},"east":{"uv":[1.8125,4.71875,1.625,5.875],"texture":"#0"},"south":{"uv":[0,3.46875,0,4.90625],"texture":"#0"},"west":{"uv":[1.8125,4.71875,1.625,5.875],"texture":"#0"},"up":{"uv":[0,3.53125,0,3.46875],"rotation":180,"texture":"#0"},"down":{"uv":[0,3.46875,0,3.53125],"rotation":180,"texture":"#0"}}},{"from":[20.50981,-15.30032,0],"to":[25.50981,30.69968,0],"rotation":{"angle":-22.5,"axis":"z","origin":[21.50981,-0.30032,0]},"faces":{"north":{"uv":[1.8125,4.4375,1.625,5.875],"texture":"#0"},"east":{"uv":[0,3.46875,0,4.90625],"texture":"#0"},"south":{"uv":[1.8125,4.4375,1.625,5.875],"texture":"#0"},"west":{"uv":[0,3.46875,0,4.90625],"texture":"#0"},"up":{"uv":[0,3.46875,0,3.53125],"rotation":90,"texture":"#0"},"down":{"uv":[0,3.53125,0,3.46875],"rotation":270,"texture":"#0"}}},{"from":[-6.75981,-9.80032,13.25],"to":[-6.75981,28.19968,18.25],"rotation":{"angle":22.5,"axis":"z","origin":[-5.50981,-0.30032,0]},"faces":{"north":{"uv":[0,3.46875,0,4.90625],"texture":"#0"},"east":{"uv":[1.625,4.71875,1.8125,5.875],"texture":"#0"},"south":{"uv":[0,3.46875,0,4.90625],"texture":"#0"},"west":{"uv":[1.625,4.71875,1.8125,5.875],"texture":"#0"},"up":{"uv":[0,3.53125,0,3.46875],"rotation":180,"texture":"#0"},"down":{"uv":[0,3.46875,0,3.53125],"rotation":180,"texture":"#0"}}},{"from":[-9.50981,-15.30032,16],"to":[-4.50981,30.69968,16],"rotation":{"angle":22.5,"axis":"z","origin":[-5.50981,-0.30032,0]},"faces":{"north":{"uv":[1.625,4.4375,1.8125,5.875],"texture":"#0"},"east":{"uv":[0,3.46875,0,4.90625],"texture":"#0"},"south":{"uv":[1.625,4.4375,1.8125,5.875],"texture":"#0"},"west":{"uv":[0,3.46875,0,4.90625],"texture":"#0"},"up":{"uv":[0,3.53125,0,3.46875],"rotation":90,"texture":"#0"},"down":{"uv":[0,3.46875,0,3.53125],"rotation":270,"texture":"#0"}}},{"from":[22.75981,-9.80032,13.25],"to":[22.75981,28.19968,18.25],"rotation":{"angle":-22.5,"axis":"z","origin":[21.50981,-0.30032,0]},"faces":{"north":{"uv":[0,3.46875,0,4.90625],"texture":"#0"},"east":{"uv":[1.8125,4.71875,1.625,5.875],"texture":"#0"},"south":{"uv":[0,3.46875,0,4.90625],"texture":"#0"},"west":{"uv":[1.8125,4.71875,1.625,5.875],"texture":"#0"},"up":{"uv":[0,3.53125,0,3.46875],"rotation":180,"texture":"#0"},"down":{"uv":[0,3.46875,0,3.53125],"rotation":180,"texture":"#0"}}},{"from":[20.50981,-15.30032,16],"to":[25.50981,30.69968,16],"rotation":{"angle":-22.5,"axis":"z","origin":[21.50981,-0.30032,0]},"faces":{"north":{"uv":[1.8125,4.4375,1.625,5.875],"texture":"#0"},"east":{"uv":[0,3.46875,0,4.90625],"texture":"#0"},"south":{"uv":[1.8125,4.4375,1.625,5.875],"texture":"#0"},"west":{"uv":[0,3.46875,0,4.90625],"texture":"#0"},"up":{"uv":[0,3.46875,0,3.53125],"rotation":90,"texture":"#0"},"down":{"uv":[0,3.53125,0,3.46875],"rotation":270,"texture":"#0"}}},{"from":[-2,-16,-2],"to":[8,-14,18],"faces":{"north":{"uv":[1.125,3.46875,1.4375,3.53125],"texture":"#0"},"east":{"uv":[1.03125,4.125,1.65625,4.1875],"texture":"#0"},"south":{"uv":[1.125,3.53125,1.4375,3.59375],"texture":"#0"},"west":{"uv":[1.03125,4.1875,1.65625,4.25],"texture":"#0"},"up":{"uv":[0.3125,4.09375,0,3.46875],"texture":"#0"},"down":{"uv":[0.625,3.46875,0.3125,4.09375],"texture":"#0"}}},{"from":[0,-10,0],"to":[6,-3,16],"rotation":{"angle":-45,"axis":"z","origin":[4,-6,8]},"faces":{"north":{"uv":[1,3.6875,1.1875,3.90625],"texture":"#0"},"east":{"uv":[0,4.09375,0.5,4.3125],"texture":"#0"},"south":{"uv":[1.03125,3.90625,1.21875,4.125],"texture":"#0"},"west":{"uv":[0.625,3.46875,1.125,3.6875],"texture":"#0"},"up":{"uv":[0.1875,4.8125,0,4.3125],"texture":"#0"},"down":{"uv":[0.375,4.3125,0.1875,4.8125],"texture":"#0"}}},{"from":[3,-14,2],"to":[8,-3,14],"rotation":{"angle":0,"axis":"y","origin":[1,-11,0]},"faces":{"north":{"uv":[0.5,4.375,0.65625,4.65625],"texture":"#0"},"east":{"uv":[0.625,3.6875,1,3.96875],"texture":"#0"},"south":{"uv":[0.65625,4.375,0.8125,4.65625],"texture":"#0"},"west":{"uv":[0.5,4.09375,0.875,4.375],"texture":"#0"},"up":{"uv":[1.03125,4.34375,0.875,3.96875],"texture":"#0"},"down":{"uv":[1.03125,4.34375,0.875,4.71875],"texture":"#0"}}},{"from":[-2,-8,1],"to":[0,-4,5],"rotation":{"angle":-45,"axis":"z","origin":[4,-6,8]},"faces":{"north":{"uv":[0.8125,3.96875,0.875,4.09375],"texture":"#0"},"east":{"uv":[0.5,4.65625,0.625,4.78125],"texture":"#0"},"south":{"uv":[0.8125,4.375,0.875,4.5],"texture":"#0"},"west":{"uv":[0.625,4.65625,0.75,4.78125],"texture":"#0"},"up":{"uv":[0.875,4.625,0.8125,4.5],"texture":"#0"},"down":{"uv":[0.65625,4.78125,0.59375,4.90625],"texture":"#0"}}},{"from":[-2,-8,6],"to":[0,-4,10],"rotation":{"angle":-45,"axis":"z","origin":[4,-6,8]},"faces":{"north":{"uv":[0.8125,3.96875,0.875,4.09375],"texture":"#0"},"east":{"uv":[0.5,4.65625,0.625,4.78125],"texture":"#0"},"south":{"uv":[0.8125,4.375,0.875,4.5],"texture":"#0"},"west":{"uv":[0.625,4.65625,0.75,4.78125],"texture":"#0"},"up":{"uv":[0.875,4.625,0.8125,4.5],"texture":"#0"},"down":{"uv":[0.65625,4.78125,0.59375,4.90625],"texture":"#0"}}},{"from":[-2,-8,11],"to":[0,-4,15],"rotation":{"angle":-45,"axis":"z","origin":[4,-6,8]},"faces":{"north":{"uv":[0.8125,3.96875,0.875,4.09375],"texture":"#0"},"east":{"uv":[0.5,4.65625,0.625,4.78125],"texture":"#0"},"south":{"uv":[0.8125,4.375,0.875,4.5],"texture":"#0"},"west":{"uv":[0.625,4.65625,0.75,4.78125],"texture":"#0"},"up":{"uv":[0.875,4.625,0.8125,4.5],"texture":"#0"},"down":{"uv":[0.65625,4.78125,0.59375,4.90625],"texture":"#0"}}},{"from":[0,-10,6],"to":[3,-7,18],"rotation":{"angle":0,"axis":"y","origin":[1,-11,0]},"faces":{"north":{"uv":[1.21875,4.59375,1.3125,4.6875],"texture":"#0"},"east":{"uv":[1.03125,4.25,1.40625,4.34375],"texture":"#0"},"south":{"uv":[1.21875,4.6875,1.3125,4.78125],"texture":"#0"},"west":{"uv":[1.03125,4.34375,1.40625,4.4375],"texture":"#0"},"up":{"uv":[1.125,4.8125,1.03125,4.4375],"texture":"#0"},"down":{"uv":[1.21875,4.4375,1.125,4.8125],"texture":"#0"}}},{"from":[3.69133,-10,17.52446],"to":[6.69133,-7,22.52446],"rotation":{"angle":0,"axis":"y","origin":[4.69133,-11,-2.47554]},"faces":{"north":{"uv":[0.84375,4.71875,0.9375,4.8125],"texture":"#0"},"east":{"uv":[1.21875,3.875,1.375,3.96875],"texture":"#0"},"south":{"uv":[0.9375,4.71875,1.03125,4.8125],"texture":"#0"},"west":{"uv":[1.21875,3.96875,1.375,4.0625],"texture":"#0"},"up":{"uv":[0.84375,4.8125,0.75,4.65625],"texture":"#0"},"down":{"uv":[1.3125,4.4375,1.21875,4.59375],"texture":"#0"}}},{"from":[5,-13,-2],"to":[11,-7,16],"rotation":{"angle":-45,"axis":"z","origin":[8,-10,1]},"faces":{"north":{"uv":[2.6875,7.28125,2.875,7.46875],"texture":"#0"},"east":{"uv":[2.6875,7.03125,3.25,7.21875],"texture":"#0"},"south":{"uv":[2.6875,7.28125,2.875,7.46875],"texture":"#0"},"west":{"uv":[2.6875,7.03125,3.25,7.21875],"texture":"#0"},"up":{"uv":[2.46875,6.90625,2.65625,7.46875],"texture":"#0"},"down":{"uv":[2.46875,6.90625,2.65625,7.46875],"texture":"#0"}}},{"from":[0.42178,-9.99,15.87955],"to":[6.42178,-6.99,18.87955],"rotation":{"angle":-22.5,"axis":"y","origin":[2.42178,-8.5,17.37955]},"faces":{"north":{"uv":[0.625,3.96875,0.8125,4.0625],"texture":"#0"},"east":{"uv":[1.3125,3.59375,1.40625,3.6875],"texture":"#0"},"south":{"uv":[1.125,3.59375,1.3125,3.6875],"texture":"#0"},"west":{"uv":[0.5,4.78125,0.59375,4.875],"texture":"#0"},"up":{"uv":[1.375,3.78125,1.1875,3.6875],"texture":"#0"},"down":{"uv":[1.375,3.78125,1.1875,3.875],"texture":"#0"}}}],"gui_light":"front","display":{"thirdperson_righthand":{"scale":[0.25,0.25,0.25]},"thirdperson_lefthand":{"scale":[0.25,0.25,0.25]},"firstperson_righthand":{"rotation":[0,90,-5],"translation":[4.5,6.25,1.13],"scale":[0.3,0.3,0.3]},"firstperson_lefthand":{"rotation":[0,90,-5],"translation":[4.5,6.25,1.13],"scale":[0.3,0.3,0.3]},"ground":{"translation":[0,8.75,0],"scale":[0.5,0.5,0.5]},"gui":{"rotation":[15,145,0],"translation":[0,1.25,0],"scale":[0.3,0.3,0.3]},"head":{"translation":[0,-7.199,1.13],"scale":[1.5,1.5,1.5]},"fixed":{"rotation":[-90,0,0],"translation":[0,0,-48],"scale":[2,2,2]}}}