{"credit":"Made with Blockbench","texture_size":[128,128],"textures":{"0":"furnitures:rivrs/furnitures_color_3","particle":"furnitures:rivrs/furnitures_color_3"},"elements":[{"from":[-1,-13,-1],"to":[17,-11,17],"rotation":{"angle":0,"axis":"y","origin":[0,-3,0]},"faces":{"north":{"uv":[8.6875,2.75,9.25,2.8125],"texture":"#0"},"east":{"uv":[8.6875,2.75,9.25,2.8125],"texture":"#0"},"south":{"uv":[8.6875,2.75,9.25,2.8125],"texture":"#0"},"west":{"uv":[8.6875,2.75,9.25,2.8125],"texture":"#0"},"up":{"uv":[8.125,2.96875,7.5625,2.40625],"texture":"#0"},"down":{"uv":[8.125,2.96875,7.5625,3.53125],"texture":"#0"}}},{"from":[-1,-7,-1],"to":[17,-5,17],"rotation":{"angle":0,"axis":"y","origin":[0,-3,0]},"faces":{"north":{"uv":[8.6875,4.125,9.25,4.1875],"texture":"#0"},"east":{"uv":[8.6875,4.125,9.25,4.1875],"texture":"#0"},"south":{"uv":[8.6875,4.125,9.25,4.1875],"texture":"#0"},"west":{"uv":[8.6875,4.125,9.25,4.1875],"texture":"#0"},"up":{"uv":[7.125,4.03125,6.5625,3.46875],"texture":"#0"},"down":{"uv":[7.6875,3.53125,7.125,4.09375],"texture":"#0"}}},{"from":[-1,29,-1],"to":[17,31,17],"rotation":{"angle":0,"axis":"y","origin":[0,-3,0]},"faces":{"north":{"uv":[8.6875,4.125,9.25,4.1875],"texture":"#0"},"east":{"uv":[8.6875,4.125,9.25,4.1875],"texture":"#0"},"south":{"uv":[8.6875,4.125,9.25,4.1875],"texture":"#0"},"west":{"uv":[8.6875,4.125,9.25,4.1875],"texture":"#0"},"up":{"uv":[7.125,4.03125,6.5625,3.46875],"texture":"#0"},"down":{"uv":[7.125,3.46875,6.5625,4.03125],"texture":"#0"}}},{"from":[4,-5,8],"to":[8,6,12],"rotation":{"angle":0,"axis":"y","origin":[0,-3,2]},"faces":{"north":{"uv":[6.5625,4.53125,6.6875,4.875],"texture":"#0"},"east":{"uv":[8.6875,2.40625,8.8125,2.75],"texture":"#0"},"south":{"uv":[6.6875,4.53125,6.8125,4.875],"texture":"#0"},"west":{"uv":[6.8125,4.53125,6.9375,4.875],"texture":"#0"},"up":{"uv":[9,4.875,8.875,4.75],"texture":"#0"},"down":{"uv":[7.1875,4.78125,7.0625,4.90625],"texture":"#0"}}},{"from":[4,6,8],"to":[12,17,12],"rotation":{"angle":0,"axis":"y","origin":[0,-3,2]},"faces":{"north":{"uv":[8.25,3.46875,8.5,3.8125],"texture":"#0"},"east":{"uv":[6.9375,4.53125,7.0625,4.875],"texture":"#0"},"south":{"uv":[7.8125,4.09375,8.0625,4.4375],"texture":"#0"},"west":{"uv":[8.6875,3.71875,8.8125,4.0625],"texture":"#0"},"up":{"uv":[9,4.75,8.75,4.625],"texture":"#0"},"down":{"uv":[9.0625,2.40625,8.8125,2.53125],"texture":"#0"}}},{"from":[4,17.6,4],"to":[12,25.6,12],"rotation":{"angle":-22.5,"axis":"x","origin":[8,21,10]},"faces":{"north":{"uv":[8.0625,4.28125,8.3125,4.53125],"texture":"#0"},"east":{"uv":[8.4375,4,8.6875,4.25],"texture":"#0"},"south":{"uv":[8.3125,4.28125,8.5625,4.53125],"texture":"#0"},"west":{"uv":[8.5,3.46875,8.75,3.71875],"texture":"#0"},"up":{"uv":[7.3125,4.65625,7.0625,4.40625],"texture":"#0"},"down":{"uv":[7.5625,4.40625,7.3125,4.65625],"texture":"#0"}}},{"from":[6.5,24.1,3],"to":[9.5,28.1,6],"rotation":{"angle":-22.5,"axis":"x","origin":[8,21,10]},"faces":{"north":{"uv":[7.28125,4.84375,7.375,4.96875],"texture":"#0"},"east":{"uv":[9,4.625,9.09375,4.75],"texture":"#0"},"south":{"uv":[9,4.75,9.09375,4.875],"texture":"#0"},"west":{"uv":[6.5625,4.875,6.65625,5],"texture":"#0"},"up":{"uv":[9.125,4,9.03125,3.90625],"texture":"#0"},"down":{"uv":[8.1875,4.875,8.09375,4.96875],"texture":"#0"}}},{"from":[7,24.6,2.5],"to":[9,27.6,3.5],"rotation":{"angle":-22.5,"axis":"x","origin":[8,21,10]},"faces":{"north":{"uv":[8.375,4,8.4375,4.09375],"texture":"#0"},"east":{"uv":[8.5,4.625,8.53125,4.71875],"texture":"#0"},"south":{"uv":[8,4.4375,8.0625,4.53125],"texture":"#0"},"west":{"uv":[8.53125,4.625,8.5625,4.71875],"texture":"#0"},"up":{"uv":[7.125,4.0625,7.0625,4.03125],"texture":"#0"},"down":{"uv":[7.125,4.0625,7.0625,4.09375],"texture":"#0"}}},{"from":[2,16.6,7],"to":[14,26.6,13],"rotation":{"angle":-22.5,"axis":"x","origin":[8,21,10]},"faces":{"north":{"uv":[7.0625,4.09375,7.4375,4.40625],"texture":"#0"},"east":{"uv":[7.8125,4.4375,8,4.75],"texture":"#0"},"south":{"uv":[7.4375,4.09375,7.8125,4.40625],"texture":"#0"},"west":{"uv":[8.5625,4.5,8.75,4.8125],"texture":"#0"},"up":{"uv":[8.625,4,8.25,3.8125],"texture":"#0"},"down":{"uv":[8.4375,4.09375,8.0625,4.28125],"texture":"#0"}}},{"from":[4,25.6,4],"to":[12,27.6,12],"rotation":{"angle":-22.5,"axis":"x","origin":[8,21,10]},"faces":{"north":{"uv":[7.125,3.46875,7.375,3.53125],"texture":"#0"},"east":{"uv":[8.8125,4,9.0625,4.0625],"texture":"#0"},"south":{"uv":[8.8125,4.40625,9.0625,4.46875],"texture":"#0"},"west":{"uv":[7.1875,4.78125,7.4375,4.84375],"texture":"#0"},"up":{"uv":[7.8125,4.65625,7.5625,4.40625],"texture":"#0"},"down":{"uv":[8.8125,4.25,8.5625,4.5],"texture":"#0"}}},{"from":[2,16.6,4],"to":[5,18.6,7],"rotation":{"angle":-22.5,"axis":"x","origin":[8,21,10]},"faces":{"north":{"uv":[7.375,3.46875,7.46875,3.53125],"texture":"#0"},"east":{"uv":[7.46875,3.46875,7.5625,3.53125],"texture":"#0"},"south":{"uv":[8.125,3.46875,8.21875,3.53125],"texture":"#0"},"west":{"uv":[9.03125,4.34375,9.125,4.40625],"texture":"#0"},"up":{"uv":[8.28125,4.96875,8.1875,4.875],"texture":"#0"},"down":{"uv":[8.375,4.875,8.28125,4.96875],"texture":"#0"}}},{"from":[11,16.6,4],"to":[14,18.6,7],"rotation":{"angle":-22.5,"axis":"x","origin":[8,21,10]},"faces":{"north":{"uv":[9.0625,2.59375,9.15625,2.65625],"texture":"#0"},"east":{"uv":[9.0625,2.65625,9.15625,2.71875],"texture":"#0"},"south":{"uv":[7.0625,4.90625,7.15625,4.96875],"texture":"#0"},"west":{"uv":[7.375,4.90625,7.46875,4.96875],"texture":"#0"},"up":{"uv":[8.46875,4.96875,8.375,4.875],"texture":"#0"},"down":{"uv":[9.125,4.25,9.03125,4.34375],"texture":"#0"}}},{"from":[11,13.21809,4.72502],"to":[14.25,16.21809,6.72502],"rotation":{"angle":22.5,"axis":"x","origin":[8,14.71809,5.72502]},"faces":{"north":{"uv":[8.875,4.875,8.96875,4.96875],"texture":"#0"},"east":{"uv":[8.625,3.71875,8.6875,3.8125],"texture":"#0"},"south":{"uv":[8.96875,4.875,9.0625,4.96875],"texture":"#0"},"west":{"uv":[8.625,3.8125,8.6875,3.90625],"texture":"#0"},"up":{"uv":[7.5625,4.96875,7.46875,4.90625],"texture":"#0"},"down":{"uv":[7.65625,4.90625,7.5625,4.96875],"texture":"#0"}}},{"from":[1.75,13.21809,4.72502],"to":[5,16.21809,6.72502],"rotation":{"angle":22.5,"axis":"x","origin":[8,14.71809,5.72502]},"faces":{"north":{"uv":[9.0625,2.40625,9.15625,2.5],"texture":"#0"},"east":{"uv":[8.625,3.90625,8.6875,4],"texture":"#0"},"south":{"uv":[9.0625,2.5,9.15625,2.59375],"texture":"#0"},"west":{"uv":[8.5,4.53125,8.5625,4.625],"texture":"#0"},"up":{"uv":[7.75,4.96875,7.65625,4.90625],"texture":"#0"},"down":{"uv":[7.84375,4.90625,7.75,4.96875],"texture":"#0"}}},{"from":[10.5,11,7.5],"to":[14.5,16,10.5],"rotation":{"angle":-22.5,"axis":"y","origin":[13.5,11.25,9]},"faces":{"north":{"uv":[8.8125,4.25,8.9375,4.40625],"texture":"#0"},"east":{"uv":[8.9375,4.25,9.03125,4.40625],"texture":"#0"},"south":{"uv":[7.75,4.75,7.875,4.90625],"texture":"#0"},"west":{"uv":[8.5,4.8125,8.59375,4.96875],"texture":"#0"},"up":{"uv":[8.375,4.09375,8.25,4],"texture":"#0"},"down":{"uv":[8.625,3.71875,8.5,3.8125],"texture":"#0"}}},{"from":[6.5,7,7.5],"to":[14.5,11,10.5],"rotation":{"angle":-22.5,"axis":"y","origin":[13.5,11.25,9]},"faces":{"north":{"uv":[8.8125,2.53125,9.0625,2.65625],"texture":"#0"},"east":{"uv":[6.65625,4.875,6.75,5],"texture":"#0"},"south":{"uv":[7.0625,4.65625,7.3125,4.78125],"texture":"#0"},"west":{"uv":[6.75,4.875,6.84375,5],"texture":"#0"},"up":{"uv":[9.0625,2.75,8.8125,2.65625],"texture":"#0"},"down":{"uv":[9.0625,3.71875,8.8125,3.8125],"texture":"#0"}}},{"from":[1.5,10.8,7.5],"to":[5.5,15.8,10.5],"rotation":{"angle":22.5,"axis":"y","origin":[2.5,11.25,9]},"faces":{"north":{"uv":[7.875,4.75,8,4.90625],"texture":"#0"},"east":{"uv":[8.59375,4.8125,8.6875,4.96875],"texture":"#0"},"south":{"uv":[8.75,4.75,8.875,4.90625],"texture":"#0"},"west":{"uv":[7.1875,4.84375,7.28125,5],"texture":"#0"},"up":{"uv":[6.96875,4.96875,6.84375,4.875],"texture":"#0"},"down":{"uv":[9.15625,3.8125,9.03125,3.90625],"texture":"#0"}}},{"from":[1.5,6.8,7.5],"to":[8.5,10.8,10.5],"rotation":{"angle":22.5,"axis":"y","origin":[2.5,11.25,9]},"faces":{"north":{"uv":[7.3125,4.65625,7.53125,4.78125],"texture":"#0"},"east":{"uv":[6.96875,4.875,7.0625,5],"texture":"#0"},"south":{"uv":[7.53125,4.65625,7.75,4.78125],"texture":"#0"},"west":{"uv":[8,4.875,8.09375,5],"texture":"#0"},"up":{"uv":[9.03125,3.90625,8.8125,3.8125],"texture":"#0"},"down":{"uv":[9.03125,3.90625,8.8125,4],"texture":"#0"}}},{"from":[8,-5,8],"to":[12,6,12],"rotation":{"angle":0,"axis":"y","origin":[0,-3,2]},"faces":{"north":{"uv":[8,4.53125,8.125,4.875],"texture":"#0"},"east":{"uv":[8.125,4.53125,8.25,4.875],"texture":"#0"},"south":{"uv":[8.25,4.53125,8.375,4.875],"texture":"#0"},"west":{"uv":[8.375,4.53125,8.5,4.875],"texture":"#0"},"up":{"uv":[7.5625,4.90625,7.4375,4.78125],"texture":"#0"},"down":{"uv":[7.6875,4.78125,7.5625,4.90625],"texture":"#0"}}},{"from":[0,-5,16],"to":[16,29,16],"rotation":{"angle":0,"axis":"y","origin":[0,-3,0]},"faces":{"north":{"uv":[7.0625,2.40625,7.5625,3.46875],"texture":"#0"},"east":{"uv":[6.5625,2.40625,6.5625,3.46875],"texture":"#0"},"south":{"uv":[7.0625,2.40625,7.5625,3.46875],"texture":"#0"},"west":{"uv":[6.5625,2.40625,6.5625,3.46875],"texture":"#0"},"up":{"uv":[7.0625,2.40625,6.5625,2.40625],"texture":"#0"},"down":{"uv":[7.0625,2.40625,6.5625,2.40625],"texture":"#0"}}},{"from":[0,-5,0],"to":[16,29,0],"rotation":{"angle":0,"axis":"y","origin":[0,-3,0]},"faces":{"north":{"uv":[7.0625,2.40625,7.5625,3.46875],"texture":"#0"},"east":{"uv":[6.5625,2.40625,6.5625,3.46875],"texture":"#0"},"south":{"uv":[7.0625,2.40625,7.5625,3.46875],"texture":"#0"},"west":{"uv":[6.5625,2.40625,6.5625,3.46875],"texture":"#0"},"up":{"uv":[7.0625,2.40625,6.5625,2.40625],"texture":"#0"},"down":{"uv":[7.0625,2.40625,6.5625,2.40625],"texture":"#0"}}},{"from":[0,-5,0],"to":[0,29,16],"rotation":{"angle":0,"axis":"y","origin":[0,-3,0]},"faces":{"north":{"uv":[6.5625,2.40625,6.5625,3.46875],"texture":"#0"},"east":{"uv":[7.0625,2.40625,7.5625,3.46875],"texture":"#0"},"south":{"uv":[6.5625,2.40625,6.5625,3.46875],"texture":"#0"},"west":{"uv":[7.0625,2.40625,7.5625,3.46875],"texture":"#0"},"up":{"uv":[7.0625,2.40625,6.5625,2.40625],"rotation":90,"texture":"#0"},"down":{"uv":[7.0625,2.40625,6.5625,2.40625],"rotation":270,"texture":"#0"}}},{"from":[16,-5,0],"to":[16,29,16],"rotation":{"angle":0,"axis":"y","origin":[0,-3,0]},"faces":{"north":{"uv":[6.5625,2.40625,6.5625,3.46875],"texture":"#0"},"east":{"uv":[7.0625,2.40625,7.5625,3.46875],"texture":"#0"},"south":{"uv":[6.5625,2.40625,6.5625,3.46875],"texture":"#0"},"west":{"uv":[7.0625,2.40625,7.5625,3.46875],"texture":"#0"},"up":{"uv":[7.0625,2.40625,6.5625,2.40625],"rotation":90,"texture":"#0"},"down":{"uv":[7.0625,2.40625,6.5625,2.40625],"rotation":270,"texture":"#0"}}},{"from":[0,-11,0],"to":[16,-7,16],"rotation":{"angle":0,"axis":"y","origin":[0,-3,0]},"faces":{"north":{"uv":[8.625,2.96875,9.125,3.09375],"texture":"#0"},"east":{"uv":[8.625,2.96875,9.125,3.09375],"texture":"#0"},"south":{"uv":[8.625,2.96875,9.125,3.09375],"texture":"#0"},"west":{"uv":[8.625,2.96875,9.125,3.09375],"texture":"#0"},"up":{"uv":[8.625,3.46875,8.125,2.96875],"texture":"#0"},"down":{"uv":[7.0625,4.03125,6.5625,4.53125],"texture":"#0"}}}],"gui_light":"front","display":{"thirdperson_righthand":{"translation":[0,0,-1.25],"scale":[0.35,0.36,0.36]},"thirdperson_lefthand":{"translation":[0,0,-1.25],"scale":[0.35,0.36,0.36]},"firstperson_righthand":{"translation":[3.75,3.5,-1.25],"scale":[0.35,0.36,0.36]},"firstperson_lefthand":{"translation":[3.75,3.5,-1.25],"scale":[0.35,0.36,0.36]},"ground":{"translation":[0,8.25,0],"scale":[0.5,0.5,0.5]},"gui":{"rotation":[10,161,0],"translation":[0,-0.25,0],"scale":[0.44,0.39,0.39]},"head":{"translation":[0,-11.599,0.25],"scale":[1.5,1.5,1.5]},"fixed":{"rotation":[-90,0,0],"translation":[0,0,-42],"scale":[2,2,2]}}}