{"credit":"Made with Blockbench","texture_size":[128,128],"textures":{"0":"furnitures:rivrs/furnitures_color_4","particle":"furnitures:rivrs/furnitures_color_4"},"elements":[{"from":[-16,6,0],"to":[28,8,2],"faces":{"north":{"uv":[5.46875,7.875,8.21875,8],"texture":"#0"},"east":{"uv":[5.84375,8.875,5.96875,9],"texture":"#0"},"south":{"uv":[8.21875,7.875,5.46875,8],"texture":"#0"},"west":{"uv":[5.96875,8.875,6.09375,9],"texture":"#0"},"up":{"uv":[8.21875,8.25,5.46875,8.125],"texture":"#0"},"down":{"uv":[8.21875,8.25,5.46875,8.375],"texture":"#0"}}},{"from":[28,6,0.5],"to":[32,8,1.5],"faces":{"north":{"uv":[7.90625,7.375,8.15625,7.5],"texture":"#0"},"east":{"uv":[6.59375,8.875,6.65625,9],"texture":"#0"},"south":{"uv":[7.90625,7.5,8.15625,7.625],"texture":"#0"},"west":{"uv":[6.65625,8.875,6.71875,9],"texture":"#0"},"up":{"uv":[6.34375,8.9375,6.09375,8.875],"texture":"#0"},"down":{"uv":[6.59375,8.875,6.34375,8.9375],"texture":"#0"}}},{"from":[25,9,0.5],"to":[32,9,1.5],"faces":{"north":{"uv":[5.46875,6.375,5.90625,6.375],"texture":"#0"},"east":{"uv":[5.46875,6.375,5.53125,6.375],"texture":"#0"},"south":{"uv":[5.46875,6.375,5.90625,6.375],"texture":"#0"},"west":{"uv":[5.46875,6.375,5.53125,6.375],"texture":"#0"},"up":{"uv":[8.34375,7.6875,7.90625,7.625],"texture":"#0"},"down":{"uv":[7.90625,7.625,8.3125,7.6875],"texture":"#0"}}},{"from":[25,5,0.5],"to":[32,5,1.5],"faces":{"north":{"uv":[5.46875,6.375,5.90625,6.375],"texture":"#0"},"east":{"uv":[5.46875,6.375,5.53125,6.375],"texture":"#0"},"south":{"uv":[5.46875,6.375,5.90625,6.375],"texture":"#0"},"west":{"uv":[5.46875,6.375,5.53125,6.375],"texture":"#0"},"up":{"uv":[8.34375,7.6875,7.90625,7.625],"texture":"#0"},"down":{"uv":[7.90625,7.625,8.3125,7.6875],"texture":"#0"}}},{"from":[-16,13,0],"to":[26,14,2],"faces":{"north":{"uv":[7.90625,6.375,10.53125,6.4375],"texture":"#0"},"east":{"uv":[6.71875,8.875,6.84375,8.9375],"texture":"#0"},"south":{"uv":[7.90625,6.375,10.53125,6.4375],"texture":"#0"},"west":{"uv":[6.84375,8.875,6.96875,8.9375],"texture":"#0"},"up":{"uv":[8.09375,8.5,5.46875,8.375],"texture":"#0"},"down":{"uv":[8.09375,8.5,5.46875,8.625],"texture":"#0"}}},{"from":[-16,0,0],"to":[26,1,2],"faces":{"north":{"uv":[7.90625,6.5,10.53125,6.5625],"texture":"#0"},"east":{"uv":[6.96875,8.875,7.09375,8.9375],"texture":"#0"},"south":{"uv":[7.90625,6.5,10.53125,6.5625],"texture":"#0"},"west":{"uv":[7.09375,8.875,7.21875,8.9375],"texture":"#0"},"up":{"uv":[8.09375,8.75,5.46875,8.625],"texture":"#0"},"down":{"uv":[8.09375,8.375,5.46875,8.5],"texture":"#0"}}},{"from":[24.5,1,0.5],"to":[25.5,13,1.5],"faces":{"north":{"uv":[7.90625,6.625,7.96875,7.375],"texture":"#0"},"east":{"uv":[5.46875,8.875,5.53125,9.625],"texture":"#0"},"south":{"uv":[5.53125,8.875,5.59375,9.625],"texture":"#0"},"west":{"uv":[5.59375,8.875,5.65625,9.625],"texture":"#0"},"up":{"uv":[7.28125,8.9375,7.21875,8.875],"texture":"#0"},"down":{"uv":[7.34375,8.875,7.28125,8.9375],"texture":"#0"}}},{"from":[16.5,1,0.5],"to":[17.5,13,1.5],"faces":{"north":{"uv":[7.90625,6.625,7.96875,7.375],"texture":"#0"},"east":{"uv":[5.46875,8.875,5.53125,9.625],"texture":"#0"},"south":{"uv":[5.53125,8.875,5.59375,9.625],"texture":"#0"},"west":{"uv":[5.59375,8.875,5.65625,9.625],"texture":"#0"},"up":{"uv":[7.28125,8.9375,7.21875,8.875],"texture":"#0"},"down":{"uv":[7.34375,8.875,7.28125,8.9375],"texture":"#0"}}},{"from":[8.5,1,0.5],"to":[9.5,13,1.5],"faces":{"north":{"uv":[7.90625,6.625,7.96875,7.375],"texture":"#0"},"east":{"uv":[5.46875,8.875,5.53125,9.625],"texture":"#0"},"south":{"uv":[5.53125,8.875,5.59375,9.625],"texture":"#0"},"west":{"uv":[5.59375,8.875,5.65625,9.625],"texture":"#0"},"up":{"uv":[7.28125,8.9375,7.21875,8.875],"texture":"#0"},"down":{"uv":[7.34375,8.875,7.28125,8.9375],"texture":"#0"}}},{"from":[0.5,1,0.5],"to":[1.5,13,1.5],"faces":{"north":{"uv":[7.90625,6.625,7.96875,7.375],"texture":"#0"},"east":{"uv":[5.46875,8.875,5.53125,9.625],"texture":"#0"},"south":{"uv":[5.53125,8.875,5.59375,9.625],"texture":"#0"},"west":{"uv":[5.59375,8.875,5.65625,9.625],"texture":"#0"},"up":{"uv":[7.28125,8.9375,7.21875,8.875],"texture":"#0"},"down":{"uv":[7.34375,8.875,7.28125,8.9375],"texture":"#0"}}},{"from":[-7.5,1,0.5],"to":[-6.5,13,1.5],"faces":{"north":{"uv":[7.90625,6.625,7.96875,7.375],"texture":"#0"},"east":{"uv":[5.46875,8.875,5.53125,9.625],"texture":"#0"},"south":{"uv":[5.53125,8.875,5.59375,9.625],"texture":"#0"},"west":{"uv":[5.59375,8.875,5.65625,9.625],"texture":"#0"},"up":{"uv":[7.28125,8.9375,7.21875,8.875],"texture":"#0"},"down":{"uv":[7.34375,8.875,7.28125,8.9375],"texture":"#0"}}},{"from":[-14.5,1,1],"to":[24.5,13,1],"faces":{"north":{"uv":[5.46875,6.375,7.90625,7.125],"texture":"#0"},"east":{"uv":[5.46875,6.375,5.46875,7.125],"texture":"#0"},"south":{"uv":[7.90625,6.375,5.46875,7.125],"texture":"#0"},"west":{"uv":[5.46875,6.375,5.46875,7.125],"texture":"#0"},"up":{"uv":[7.90625,6.375,5.46875,6.375],"texture":"#0"},"down":{"uv":[7.90625,6.375,5.46875,6.375],"texture":"#0"}}},{"from":[-15.5,1,0.5],"to":[-14.5,13,1.5],"faces":{"north":{"uv":[5.65625,8.875,5.71875,9.625],"texture":"#0"},"east":{"uv":[5.71875,8.875,5.78125,9.625],"texture":"#0"},"south":{"uv":[7.96875,6.625,8.03125,7.375],"texture":"#0"},"west":{"uv":[5.78125,8.875,5.84375,9.625],"texture":"#0"},"up":{"uv":[7.40625,8.9375,7.34375,8.875],"texture":"#0"},"down":{"uv":[7.46875,8.875,7.40625,8.9375],"texture":"#0"}}}],"gui_light":"front","display":{"thirdperson_righthand":{"rotation":[75,45,0],"translation":[0,2.5,0],"scale":[0.375,0.375,0.375]},"thirdperson_lefthand":{"rotation":[75,45,0],"translation":[0,2.5,0],"scale":[0.375,0.375,0.375]},"firstperson_righthand":{"rotation":[0,45,0],"translation":[9.5,0,0],"scale":[0.4,0.4,0.4]},"firstperson_lefthand":{"rotation":[0,45,0],"translation":[9.5,0,0],"scale":[0.4,0.4,0.4]},"ground":{"translation":[0,2,0],"scale":[0.5,0.5,0.5]},"gui":{"rotation":[-32,145,-1],"translation":[1.25,-1,0],"scale":[0.4,0.4,0.4]},"head":{"translation":[0,-43.25,0],"scale":[1.5,1.5,1.5]},"fixed":{"rotation":[15,0,0],"translation":[-80,-4,24.25],"scale":[4,4,4]}}}