{"credit":"Made with Blockbench","texture_size":[64,64],"textures":{"0":"furnitures:rivrs/furnitures_color_3","particle":"furnitures:rivrs/furnitures_color_3"},"elements":[{"from":[2.3,0.87409,11.34233],"to":[4.3,19.87409,13.34233],"rotation":{"angle":22.5,"axis":"z","origin":[8,12.87409,13.34233]},"faces":{"north":{"uv":[10.90625,4.125,10.96875,4.71875],"texture":"#0"},"east":{"uv":[10.71875,4.125,10.78125,4.71875],"texture":"#0"},"south":{"uv":[10.78125,4.125,10.84375,4.71875],"texture":"#0"},"west":{"uv":[10.84375,4.125,10.90625,4.71875],"texture":"#0"},"up":{"uv":[11.28125,3.90625,11.21875,3.84375],"rotation":90,"texture":"#0"},"down":{"uv":[11.28125,3.90625,11.21875,3.96875],"rotation":270,"texture":"#0"}}},{"from":[2.3,0.87409,1.34233],"to":[4.3,19.87409,3.34233],"rotation":{"angle":22.5,"axis":"z","origin":[8,12.87409,13.34233]},"faces":{"north":{"uv":[10.84375,4.125,10.78125,4.71875],"texture":"#0"},"east":{"uv":[10.78125,4.125,10.71875,4.71875],"texture":"#0"},"south":{"uv":[10.96875,4.125,10.90625,4.71875],"texture":"#0"},"west":{"uv":[10.90625,4.125,10.84375,4.71875],"texture":"#0"},"up":{"uv":[11.21875,3.90625,11.28125,3.84375],"rotation":90,"texture":"#0"},"down":{"uv":[11.21875,3.90625,11.28125,3.96875],"rotation":270,"texture":"#0"}}},{"from":[2.3,3.87409,3.34233],"to":[4.3,18.87409,11.34233],"rotation":{"angle":22.5,"axis":"z","origin":[8,12.87409,13.34233]},"faces":{"north":{"uv":[11.03125,4.125,11.09375,4.59375],"texture":"#0"},"east":{"uv":[10.71875,3.65625,10.96875,4.125],"texture":"#0"},"south":{"uv":[10.96875,4.125,11.03125,4.59375],"texture":"#0"},"west":{"uv":[10.96875,3.65625,11.21875,4.125],"texture":"#0"},"up":{"uv":[11.34375,4.1875,11.09375,4.125],"rotation":90,"texture":"#0"},"down":{"uv":[11.46875,3.65625,11.21875,3.71875],"rotation":270,"texture":"#0"}}},{"from":[2.3,18.87409,5.34233],"to":[4.3,19.87409,9.34233],"rotation":{"angle":22.5,"axis":"z","origin":[8,12.87409,13.34233]},"faces":{"north":{"uv":[11.21875,4.0625,11.28125,4.09375],"texture":"#0"},"east":{"uv":[11.21875,3.96875,11.34375,4],"texture":"#0"},"south":{"uv":[11.21875,4.03125,11.28125,4.0625],"texture":"#0"},"west":{"uv":[11.21875,4,11.34375,4.03125],"texture":"#0"},"up":{"uv":[11.34375,3.78125,11.21875,3.71875],"rotation":90,"texture":"#0"},"down":{"uv":[11.34375,3.78125,11.21875,3.84375],"rotation":270,"texture":"#0"}}}],"gui_light":"front","display":{"thirdperson_righthand":{"translation":[0,3,1],"scale":[0.55,0.55,0.55]},"thirdperson_lefthand":{"rotation":[0,180,0],"translation":[0,3,1],"scale":[0.55,0.55,0.55]},"firstperson_righthand":{"rotation":[0,-90,25],"translation":[3.88,0.7,2.88],"scale":[0.68,0.68,0.68]},"firstperson_lefthand":{"rotation":[0,90,25],"translation":[3.88,0.7,2.88],"scale":[0.68,0.68,0.68]},"ground":{"translation":[0,2,0],"scale":[0.5,0.5,0.5]},"gui":{"rotation":[0,-126,0],"translation":[-0.5,-0.75,0],"scale":[0.8,0.8,0.8]},"head":{"rotation":[0,90,0],"translation":[0.5,-30.499,-10.25],"scale":[1.5,1.5,1.5]},"fixed":{"rotation":[-90,90,0],"translation":[1,-0.25,-14],"scale":[2.04,2.02,2]}}}