{"credit":"Made with Blockbench","texture_size":[64,64],"textures":{"0":"furnitures:rivrs/furnitures_color_4","particle":"furnitures:rivrs/furnitures_color_4"},"elements":[{"from":[6,0,7],"to":[10,27,9],"faces":{"north":{"uv":[4.1875,11.59375,4.3125,12.4375],"texture":"#0"},"east":{"uv":[4.3125,11.59375,4.375,12.4375],"texture":"#0"},"south":{"uv":[4.1875,11.59375,4.3125,12.4375],"texture":"#0"},"west":{"uv":[4.375,11.59375,4.4375,12.4375],"texture":"#0"},"up":{"uv":[4.5625,11.65625,4.4375,11.59375],"texture":"#0"},"down":{"uv":[4.6875,11.59375,4.5625,11.65625],"texture":"#0"}}},{"from":[0,11,6.75],"to":[16,27,6.75],"faces":{"north":{"uv":[3.6875,10.59375,4.1875,11.09375],"texture":"#0"},"east":{"uv":[3.6875,10.59375,3.6875,11.09375],"texture":"#0"},"south":{"uv":[3.6875,11.09375,4.1875,11.59375],"texture":"#0"},"west":{"uv":[3.6875,10.59375,3.6875,11.09375],"texture":"#0"},"up":{"uv":[4.1875,10.59375,3.6875,10.59375],"texture":"#0"},"down":{"uv":[4.1875,10.59375,3.6875,10.59375],"texture":"#0"}}}],"gui_light":"front","display":{"thirdperson_righthand":{"translation":[0,1.25,0.75],"scale":[0.375,0.375,0.375]},"thirdperson_lefthand":{"translation":[0,1.25,0.75],"scale":[0.375,0.375,0.375]},"firstperson_righthand":{"rotation":[0,180,0],"translation":[2,1.25,0.75],"scale":[0.375,0.375,0.375]},"firstperson_lefthand":{"rotation":[0,180,0],"translation":[2,1.25,0.75],"scale":[0.375,0.375,0.375]},"ground":{"translation":[0,2,0],"scale":[0.5,0.5,0.5]},"gui":{"rotation":[10,147,0],"translation":[0.25,-3.5,0],"scale":[0.56,0.57,0.57]},"head":{"translation":[0,-31.2,-6.25],"scale":[1.5,1.5,1.5]},"fixed":{"rotation":[-90,0,0],"translation":[0,0,-16],"scale":[2,2,2]}}}