{"credit":"Made with Blockbench","texture_size":[128,128],"textures":{"5":"furnitures:rivrs/furnitures_color","particle":"furnitures:rivrs/furnitures_color"},"elements":[{"from":[-16,28.49168,-10.74671],"to":[32,28.49168,14.25329],"rotation":{"angle":-22.5,"axis":"x","origin":[8,11.04131,7.97444]},"faces":{"north":{"uv":[0,0,6,0],"texture":"#5"},"east":{"uv":[0,0,3.375,0],"texture":"#5"},"south":{"uv":[0,0,6,0],"texture":"#5"},"west":{"uv":[0,0,3.375,0],"texture":"#5"},"up":{"uv":[6,3.375,0,0],"texture":"#5"},"down":{"uv":[6,0,0,3.375],"texture":"#5"}}},{"from":[-16,9,-16],"to":[32,20,-16],"rotation":{"angle":0,"axis":"y","origin":[8,11.04131,7.97444]},"faces":{"north":{"uv":[6,0,12,1.375],"texture":"#5"},"east":{"uv":[0,0,0,1.375],"texture":"#5"},"south":{"uv":[6,0,12,1.375],"texture":"#5"},"west":{"uv":[0,0,0,1.375],"texture":"#5"},"up":{"uv":[6,0,0,0],"texture":"#5"},"down":{"uv":[6,0,0,0],"texture":"#5"}}},{"from":[-16,28.49168,1.74671],"to":[32,28.49168,26.74671],"rotation":{"angle":22.5,"axis":"x","origin":[8,11.04131,8.02556]},"faces":{"north":{"uv":[6,0,0,0],"texture":"#5"},"east":{"uv":[3.375,0,0,0],"texture":"#5"},"south":{"uv":[6,0,0,0],"texture":"#5"},"west":{"uv":[3.375,0,0,0],"texture":"#5"},"up":{"uv":[6,0,0,3.375],"texture":"#5"},"down":{"uv":[6,3.375,0,0],"texture":"#5"}}},{"from":[-16,9,32],"to":[32,20,32],"rotation":{"angle":0,"axis":"y","origin":[8,11.04131,8.02556]},"faces":{"north":{"uv":[12,0,6,1.375],"texture":"#5"},"east":{"uv":[0,0,0,1.375],"texture":"#5"},"south":{"uv":[12,0,6,1.375],"texture":"#5"},"west":{"uv":[0,0,0,1.375],"texture":"#5"},"up":{"uv":[6,0,0,0],"texture":"#5"},"down":{"uv":[6,0,0,0],"texture":"#5"}}},{"from":[5.67097,20.57923,-16],"to":[30.67097,20.57923,32],"rotation":{"angle":-22.5,"axis":"z","origin":[29.87697,16.94937,3.25999]},"faces":{"north":{"uv":[0,0,3.375,0],"texture":"#5"},"east":{"uv":[0,0,6,0],"texture":"#5"},"south":{"uv":[0,0,3.375,0],"texture":"#5"},"west":{"uv":[0,0,6,0],"texture":"#5"},"up":{"uv":[6,3.375,0,0],"rotation":90,"texture":"#5"},"down":{"uv":[6,0,0,3.375],"rotation":270,"texture":"#5"}}},{"from":[31.999,9,-15.999],"to":[31.999,20,32],"rotation":{"angle":0,"axis":"y","origin":[18.02456,11.04131,-3.999]},"faces":{"north":{"uv":[0,0,0,1.375],"texture":"#5"},"east":{"uv":[6,0,12,1.375],"texture":"#5"},"south":{"uv":[0,0,0,1.375],"texture":"#5"},"west":{"uv":[6,0,12,1.375],"texture":"#5"},"up":{"uv":[6,0,0,0],"rotation":90,"texture":"#5"},"down":{"uv":[6,0,0,0],"rotation":270,"texture":"#5"}}},{"from":[-14.67097,20.57923,-16],"to":[10.32903,20.57923,32],"rotation":{"angle":22.5,"axis":"z","origin":[-13.87697,16.94937,3.25999]},"faces":{"north":{"uv":[3.375,0,0,0],"texture":"#5"},"east":{"uv":[6,0,0,0],"texture":"#5"},"south":{"uv":[3.375,0,0,0],"texture":"#5"},"west":{"uv":[6,0,0,0],"texture":"#5"},"up":{"uv":[6,0,0,3.375],"rotation":90,"texture":"#5"},"down":{"uv":[6,3.375,0,0],"rotation":270,"texture":"#5"}}},{"from":[-15.999,9,-15.999],"to":[-15.999,20,32],"rotation":{"angle":0,"axis":"y","origin":[-2.02456,11.04131,-3.999]},"faces":{"north":{"uv":[0,0,0,1.375],"texture":"#5"},"east":{"uv":[12,0,6,1.375],"texture":"#5"},"south":{"uv":[0,0,0,1.375],"texture":"#5"},"west":{"uv":[12,0,6,1.375],"texture":"#5"},"up":{"uv":[6,0,0,0],"rotation":90,"texture":"#5"},"down":{"uv":[6,0,0,0],"rotation":270,"texture":"#5"}}},{"from":[7,-11,7],"to":[9,32,9],"rotation":{"angle":0,"axis":"y","origin":[0,5,0]},"faces":{"north":{"uv":[6.5,2.75,6.75,8.125],"texture":"#5"},"east":{"uv":[6.5,2.75,6.75,8.125],"texture":"#5"},"south":{"uv":[6.5,2.75,6.75,8.125],"texture":"#5"},"west":{"uv":[6.75,2.75,6.5,8.125],"texture":"#5"},"up":{"uv":[0.5,7,0.25,6.75],"texture":"#5"},"down":{"uv":[0.75,6.75,0.5,7],"texture":"#5"}}},{"from":[-16,20,-16],"to":[8,20,8],"rotation":{"angle":0,"axis":"y","origin":[8,0,8]},"faces":{"north":{"uv":[0,0,3,0],"texture":"#5"},"east":{"uv":[0,0,3,0],"texture":"#5"},"south":{"uv":[0,0,3,0],"texture":"#5"},"west":{"uv":[0,0,3,0],"texture":"#5"},"up":{"uv":[10,8.625,13,5.625],"texture":"#5"},"down":{"uv":[10,5.625,13,8.625],"texture":"#5"}}},{"from":[8,20,-16],"to":[32,20,8],"rotation":{"angle":0,"axis":"y","origin":[8,0,8]},"faces":{"north":{"uv":[0,0,3,0],"texture":"#5"},"east":{"uv":[0,0,3,0],"texture":"#5"},"south":{"uv":[0,0,3,0],"texture":"#5"},"west":{"uv":[0,0,3,0],"texture":"#5"},"up":{"uv":[10,8.625,13,5.625],"rotation":90,"texture":"#5"},"down":{"uv":[10,5.625,13,8.625],"rotation":270,"texture":"#5"}}},{"from":[-16,20,8],"to":[8,20,32],"rotation":{"angle":0,"axis":"y","origin":[8,0,8]},"faces":{"north":{"uv":[3,0,0,0],"texture":"#5"},"east":{"uv":[3,0,0,0],"texture":"#5"},"south":{"uv":[3,0,0,0],"texture":"#5"},"west":{"uv":[3,0,0,0],"texture":"#5"},"up":{"uv":[10,5.625,13,8.625],"texture":"#5"},"down":{"uv":[10,8.625,13,5.625],"texture":"#5"}}},{"from":[8,20,8],"to":[32,20,32],"rotation":{"angle":0,"axis":"y","origin":[8,0,8]},"faces":{"north":{"uv":[3,0,0,0],"texture":"#5"},"east":{"uv":[3,0,0,0],"texture":"#5"},"south":{"uv":[3,0,0,0],"texture":"#5"},"west":{"uv":[3,0,0,0],"texture":"#5"},"up":{"uv":[13,8.625,10,5.625],"rotation":90,"texture":"#5"},"down":{"uv":[13,5.625,10,8.625],"rotation":270,"texture":"#5"}}}],"gui_light":"front","display":{"thirdperson_righthand":{"translation":[0,3,1],"scale":[0.3,0.3,0.3]},"thirdperson_lefthand":{"translation":[0,3,1],"scale":[0.3,0.3,0.3]},"firstperson_righthand":{"translation":[1.75,1.75,2],"scale":[0.3,0.3,0.3]},"firstperson_lefthand":{"translation":[1.75,1.75,2],"scale":[0.3,0.3,0.3]},"ground":{"translation":[0,8.25,0],"scale":[0.5,0.5,0.5]},"gui":{"rotation":[17,-17,0],"translation":[0,-0.5,0],"scale":[0.25,0.25,0.25]},"head":{"translation":[0,-31.199,0],"scale":[1.5,1.5,1.5]},"fixed":{"rotation":[-90,0,0],"translation":[0,0,-38.75],"scale":[2,2,2]}}}