{"credit":"Made with Blockbench","texture_size":[512,512],"textures":{"1":"furnitures:rivrs/furnitures_color","particle":"furnitures:rivrs/furnitures_color"},"elements":[{"from":[0,14,14],"to":[16,16,16],"rotation":{"angle":0,"axis":"y","origin":[0,7,0]},"faces":{"north":{"uv":[0,4.375,0.5,4.4375],"texture":"#1"},"east":{"uv":[0,4.5,0.0625,4.5625],"texture":"#1"},"south":{"uv":[0.5,4.375,1,4.4375],"texture":"#1"},"west":{"uv":[0,4.5,0.0625,4.5625],"texture":"#1"},"up":{"uv":[2.8125,4.5,2.3125,4.4375],"texture":"#1"},"down":{"uv":[1,4.4375,0.5,4.5],"texture":"#1"}}},{"from":[0,11.78956,-3.16229],"to":[16,11.78956,14.83771],"rotation":{"angle":-22.5,"axis":"x","origin":[8,11.78956,3.83771]},"faces":{"north":{"uv":[0,0,0.5,0],"texture":"#1"},"east":{"uv":[0,0,0.5625,0],"texture":"#1"},"south":{"uv":[0,0,0.5,0],"texture":"#1"},"west":{"uv":[0,0,0.5625,0],"texture":"#1"},"up":{"uv":[2.8125,4.25,2.3125,3.6875],"texture":"#1"},"down":{"uv":[2.3125,3.6875,2.8125,4.25],"texture":"#1"}}},{"from":[0,5.1117,-2.62983],"to":[16,9.1117,-2.62983],"rotation":{"angle":0,"axis":"x","origin":[8,6.6117,-2.62983]},"faces":{"north":{"uv":[2.3125,4.25,2.8125,4.375],"texture":"#1"},"east":{"uv":[0,0,0,0.125],"texture":"#1"},"south":{"uv":[2.3125,4.25,2.8125,4.375],"texture":"#1"},"west":{"uv":[0,0,0,0.125],"texture":"#1"},"up":{"uv":[0.5,0,0,0],"texture":"#1"},"down":{"uv":[0.5,0,0,0],"texture":"#1"}}}],"gui_light":"front","display":{"thirdperson_righthand":{"rotation":[75,45,0],"translation":[0,2.5,0],"scale":[0.375,0.375,0.375]},"thirdperson_lefthand":{"rotation":[75,45,0],"translation":[0,2.5,0],"scale":[0.375,0.375,0.375]},"firstperson_righthand":{"rotation":[0,45,0],"scale":[0.4,0.4,0.4]},"firstperson_lefthand":{"rotation":[0,45,0],"scale":[0.4,0.4,0.4]},"head":{"translation":[0,-31.199,0],"scale":[1.5,1.5,1.5]},"fixed":{"translation":[0,0,-16],"scale":[2,2,2]}}}