{"credit":"Made with Blockbench","texture_size":[64,64],"textures":{"1":"furnitures:rivrs/furnitures_color_3"},"elements":[{"from":[-16,-5,16],"to":[22,27,16],"faces":{"north":{"uv":[0,9.34375,3,11.34375],"texture":"#1"},"east":{"uv":[0,0,0,8],"texture":"#1"},"south":{"uv":[0,9.34375,3,11.34375],"texture":"#1"},"west":{"uv":[0,0,0,8],"texture":"#1"},"up":{"uv":[12,0,0,0],"texture":"#1"},"down":{"uv":[12,0,0,0],"texture":"#1"}}}],"gui_light":"front","display":{"thirdperson_righthand":{"rotation":[75,45,0],"translation":[0,2.5,0],"scale":[0.375,0.375,0.375]},"thirdperson_lefthand":{"rotation":[75,45,0],"translation":[0,2.5,0],"scale":[0.375,0.375,0.375]},"firstperson_righthand":{"rotation":[0,45,0],"scale":[0.4,0.4,0.4]},"firstperson_lefthand":{"rotation":[0,45,0],"scale":[0.4,0.4,0.4]},"ground":{"translation":[0,3,0],"scale":[0.25,0.25,0.25]},"gui":{"rotation":[30,225,0],"translation":[1.5,-4.25,0],"scale":[0.625,0.625,0.625]},"head":{"translation":[0,-23.719,-15.75],"scale":[1.5,1.5,1.5]},"fixed":{"rotation":[-90,0,0],"translation":[0,-17,-32],"scale":[4,4,4]}}}