{"credit":"Made with Blockbench","texture_size":[32,32],"textures":{"1":"furnitures:rivrs/furnitures_color_3","particle":"furnitures:rivrs/furnitures_color_3"},"elements":[{"from":[3.59358,0,4.31232],"to":[7.59358,2,8.31232],"rotation":{"angle":-22.5,"axis":"y","origin":[7.40381,2,7.76981]},"faces":{"north":{"uv":[11.4375,7.25,11.5625,7.3125],"texture":"#1"},"east":{"uv":[10.96875,7.5625,11.09375,7.625],"texture":"#1"},"south":{"uv":[10.96875,7.5625,11.09375,7.625],"texture":"#1"},"west":{"uv":[11.4375,7.25,11.5625,7.3125],"texture":"#1"},"up":{"uv":[10.71875,7.5,10.59375,7.375],"texture":"#1"},"down":{"uv":[10.84375,7.375,10.71875,7.5],"texture":"#1"}}},{"from":[4.75,0,8],"to":[8.75,6,12],"rotation":{"angle":45,"axis":"y","origin":[7.40381,2,7.76981]},"faces":{"north":{"uv":[11.0625,7.0625,11.1875,7.25],"texture":"#1"},"east":{"uv":[11.1875,7.25,11.3125,7.4375],"texture":"#1"},"south":{"uv":[11.0625,7.0625,11.1875,7.25],"texture":"#1"},"west":{"uv":[11.1875,7.25,11.3125,7.4375],"texture":"#1"},"up":{"uv":[10.71875,7.5,10.59375,7.375],"texture":"#1"},"down":{"uv":[11.5625,7.3125,11.4375,7.4375],"texture":"#1"}}}],"gui_light":"front","display":{"thirdperson_righthand":{"rotation":[75,45,0],"translation":[0,1.25,1.5],"scale":[0.375,0.375,0.375]},"thirdperson_lefthand":{"rotation":[75,45,0],"translation":[0,1.25,1.5],"scale":[0.375,0.375,0.375]},"firstperson_righthand":{"rotation":[0,45,0],"translation":[3.75,2.25,0],"scale":[0.4,0.4,0.4]},"firstperson_lefthand":{"rotation":[0,45,0],"translation":[3.75,2.25,0],"scale":[0.4,0.4,0.4]},"ground":{"translation":[0,2,0],"scale":[0.5,0.5,0.5]},"head":{"translation":[0,-31.199,0],"scale":[1.5,1.5,1.5]},"fixed":{"rotation":[-90,0,0],"translation":[0,-0.25,-16],"scale":[2,2,2]}}}