{"credit":"Made with Blockbench","texture_size":[32,32],"textures":{"2":"furnitures:rivrs/furnitures_color_3"},"elements":[{"from":[6,0,11],"to":[10,6,15],"rotation":{"angle":22.5,"axis":"y","origin":[7.5,6,15]},"faces":{"north":{"uv":[11.0625,7.0625,11.1875,7.25],"texture":"#2"},"east":{"uv":[11.1875,7.25,11.3125,7.4375],"texture":"#2"},"south":{"uv":[11.0625,7.0625,11.1875,7.25],"texture":"#2"},"west":{"uv":[11.1875,7.25,11.3125,7.4375],"texture":"#2"},"up":{"uv":[10.71875,7.5,10.59375,7.375],"texture":"#2"},"down":{"uv":[11.5625,7.3125,11.4375,7.4375],"texture":"#2"}}},{"from":[1.91584,0,6.76538],"to":[5.91584,6,10.76538],"rotation":{"angle":-22.5,"axis":"y","origin":[5.66584,3,9.26538]},"faces":{"north":{"uv":[11.1875,7.25,11.3125,7.4375],"texture":"#2"},"east":{"uv":[11.0625,7.0625,11.1875,7.25],"texture":"#2"},"south":{"uv":[11.1875,7.25,11.3125,7.4375],"texture":"#2"},"west":{"uv":[11.0625,7.0625,11.1875,7.25],"texture":"#2"},"up":{"uv":[10.71875,7.5,10.59375,7.375],"rotation":270,"texture":"#2"},"down":{"uv":[11.5625,7.3125,11.4375,7.4375],"rotation":90,"texture":"#2"}}},{"from":[6,4,11],"to":[10,10,15],"rotation":{"angle":22.5,"axis":"y","origin":[7.5,6,15]},"faces":{"north":{"uv":[11.0625,7.0625,11.1875,7.25],"texture":"#2"},"east":{"uv":[11.1875,7.25,11.3125,7.4375],"texture":"#2"},"south":{"uv":[11.0625,7.0625,11.1875,7.25],"texture":"#2"},"west":{"uv":[11.1875,7.25,11.3125,7.4375],"texture":"#2"},"up":{"uv":[10.71875,7.5,10.59375,7.375],"texture":"#2"},"down":{"uv":[11.5625,7.3125,11.4375,7.4375],"texture":"#2"}}},{"from":[6.75,0,5.75],"to":[10.75,2,9.75],"rotation":{"angle":-45,"axis":"y","origin":[8.75,1,8.5]},"faces":{"north":{"uv":[11.4375,7.25,11.5625,7.3125],"texture":"#2"},"east":{"uv":[10.96875,7.5625,11.09375,7.625],"texture":"#2"},"south":{"uv":[10.96875,7.5625,11.09375,7.625],"texture":"#2"},"west":{"uv":[11.4375,7.25,11.5625,7.3125],"texture":"#2"},"up":{"uv":[10.71875,7.5,10.59375,7.375],"texture":"#2"},"down":{"uv":[10.84375,7.375,10.71875,7.5],"texture":"#2"}}},{"from":[0.87348,0,10.37652],"to":[4.87348,2,14.37652],"rotation":{"angle":0,"axis":"y","origin":[3.62348,1,13.62652]},"faces":{"north":{"uv":[11.4375,7.25,11.5625,7.3125],"texture":"#2"},"east":{"uv":[11.4375,7.25,11.5625,7.3125],"texture":"#2"},"south":{"uv":[10.96875,7.5625,11.09375,7.625],"texture":"#2"},"west":{"uv":[10.96875,7.5625,11.09375,7.625],"texture":"#2"},"up":{"uv":[10.72031,7.5,10.59375,7.375],"rotation":90,"texture":"#2"},"down":{"uv":[10.84688,7.375,10.72031,7.5],"rotation":270,"texture":"#2"}}},{"from":[4.4519,0.75,2.14124],"to":[8.4519,2.75,6.14124],"rotation":{"angle":-22.5,"axis":"x","origin":[6.4519,3,5.14124]},"faces":{"north":{"uv":[11.4375,7.25,11.5625,7.3125],"texture":"#2"},"east":{"uv":[10.96875,7.5625,11.09375,7.625],"texture":"#2"},"south":{"uv":[10.96875,7.5625,11.09375,7.625],"texture":"#2"},"west":{"uv":[11.4375,7.25,11.5625,7.3125],"texture":"#2"},"up":{"uv":[10.71875,7.5,10.59375,7.375],"texture":"#2"},"down":{"uv":[10.84375,7.375,10.71875,7.5],"texture":"#2"}}},{"from":[4.29979,4,10.54535],"to":[8.29979,6,14.54535],"rotation":{"angle":22.5,"axis":"y","origin":[6.54979,5,12.79535]},"faces":{"north":{"uv":[11.4375,7.25,11.5625,7.3125],"texture":"#2"},"east":{"uv":[10.96875,7.5625,11.09375,7.625],"texture":"#2"},"south":{"uv":[11.4375,7.25,11.5625,7.3125],"texture":"#2"},"west":{"uv":[10.96875,7.5625,11.09375,7.625],"texture":"#2"},"up":{"uv":[10.71875,7.5,10.59375,7.375],"rotation":270,"texture":"#2"},"down":{"uv":[10.84375,7.375,10.71875,7.5],"rotation":90,"texture":"#2"}}},{"from":[10,0,10],"to":[13,3,13],"rotation":{"angle":-22.5,"axis":"y","origin":[11.5,1.5,11.5]},"faces":{"north":{"uv":[10.59375,7.5,10.6875,7.59375],"texture":"#2"},"east":{"uv":[10.78125,7.5,10.875,7.59375],"texture":"#2"},"south":{"uv":[10.78125,7.5,10.875,7.59375],"texture":"#2"},"west":{"uv":[10.875,7.5,10.96875,7.59375],"texture":"#2"},"up":{"uv":[11.53125,7.15625,11.4375,7.0625],"texture":"#2"},"down":{"uv":[10.78125,7.5,10.6875,7.59375],"texture":"#2"}}}],"gui_light":"front","display":{"thirdperson_righthand":{"rotation":[75,45,0],"translation":[0,2.5,0],"scale":[0.375,0.375,0.375]},"thirdperson_lefthand":{"rotation":[75,45,0],"translation":[0,2.5,0],"scale":[0.375,0.375,0.375]},"firstperson_righthand":{"rotation":[0,45,0],"translation":[1.75,3.25,0],"scale":[0.4,0.4,0.4]},"firstperson_lefthand":{"rotation":[0,45,0],"translation":[1.75,3.25,0],"scale":[0.4,0.4,0.4]},"ground":{"translation":[0,2,0],"scale":[0.5,0.5,0.5]},"gui":{"translation":[0,0.5,0]},"head":{"translation":[0,-31.199,0],"scale":[1.5,1.5,1.5]},"fixed":{"rotation":[-90,0,0],"translation":[0,-0.25,-16],"scale":[2,2,2]}}}