{"credit":"Made with Blockbench","texture_size":[64,64],"textures":{"0":"furnitures:rivrs/furnitures_color_4","particle":"furnitures:rivrs/furnitures_color_4"},"elements":[{"from":[2,3.5,-3],"to":[5,12.5,4],"rotation":{"angle":0,"axis":"y","origin":[2,-0.5,0]},"faces":{"north":{"uv":[14.1875,0.9375,14.28125,1.21875],"texture":"#0"},"east":{"uv":[14.4375,0.25,14.65625,0.53125],"texture":"#0"},"south":{"uv":[14.28125,0.9375,14.375,1.21875],"texture":"#0"},"west":{"uv":[14.4375,0.53125,14.65625,0.8125],"texture":"#0"},"up":{"uv":[14.9375,1.34375,14.84375,1.125],"texture":"#0"},"down":{"uv":[15.03125,1.125,14.9375,1.34375],"texture":"#0"}}},{"from":[2,12.5,-3],"to":[5,13.5,0],"rotation":{"angle":0,"axis":"y","origin":[2,-0.5,0]},"faces":{"north":{"uv":[14.875,0.15625,14.96875,0.1875],"texture":"#0"},"east":{"uv":[15.28125,0.25,15.375,0.28125],"texture":"#0"},"south":{"uv":[15.28125,0.28125,15.375,0.3125],"texture":"#0"},"west":{"uv":[14.125,1.46875,14.21875,1.5],"texture":"#0"},"up":{"uv":[15.25,0.96875,15.15625,0.875],"texture":"#0"},"down":{"uv":[14.9375,1.34375,14.84375,1.4375],"texture":"#0"}}},{"from":[2,12.5,2],"to":[4,13.5,4],"rotation":{"angle":0,"axis":"y","origin":[2,-0.5,0]},"faces":{"north":{"uv":[15,0.78125,15.0625,0.8125],"texture":"#0"},"east":{"uv":[15.0625,0.96875,15.125,1],"texture":"#0"},"south":{"uv":[15.125,0.125,15.1875,0.15625],"texture":"#0"},"west":{"uv":[15.28125,0.375,15.34375,0.40625],"texture":"#0"},"up":{"uv":[15.03125,1.0625,14.96875,1],"texture":"#0"},"down":{"uv":[15.03125,1.0625,14.96875,1.125],"texture":"#0"}}},{"from":[2,1.5,-3],"to":[5,3.5,1],"rotation":{"angle":0,"axis":"y","origin":[2,-0.5,0]},"faces":{"north":{"uv":[13.8125,1.40625,13.90625,1.46875],"texture":"#0"},"east":{"uv":[15.1875,1.0625,15.3125,1.125],"texture":"#0"},"south":{"uv":[14.34375,1.40625,14.4375,1.46875],"texture":"#0"},"west":{"uv":[15.1875,1.125,15.3125,1.1875],"texture":"#0"},"up":{"uv":[14.53125,1.375,14.4375,1.25],"texture":"#0"},"down":{"uv":[15.15625,0.71875,15.0625,0.84375],"texture":"#0"}}},{"from":[0,0,-3.5],"to":[2,6,2.5],"rotation":{"angle":0,"axis":"y","origin":[2,-0.5,0]},"faces":{"north":{"uv":[15.125,1.15625,15.1875,1.3125],"texture":"#0"},"east":{"uv":[14.8125,0.8125,14.96875,0.96875],"texture":"#0"},"south":{"uv":[15.03125,1.3125,15.09375,1.46875],"texture":"#0"},"west":{"uv":[14.8125,0.96875,14.96875,1.125],"texture":"#0"},"up":{"uv":[15.15625,1.46875,15.09375,1.3125],"texture":"#0"},"down":{"uv":[15.21875,0.53125,15.15625,0.6875],"texture":"#0"}}},{"from":[-1.5,2,-1.5],"to":[0.5,4,0.5],"rotation":{"angle":0,"axis":"y","origin":[2,-0.5,0]},"faces":{"north":{"uv":[15,0.71875,15.0625,0.78125],"texture":"#0"},"east":{"uv":[15.25,1.375,15.3125,1.4375],"texture":"#0"},"south":{"uv":[15.25,1.4375,15.3125,1.5],"texture":"#0"},"west":{"uv":[13.8125,1.46875,13.875,1.53125],"texture":"#0"},"up":{"uv":[13.9375,1.53125,13.875,1.46875],"texture":"#0"},"down":{"uv":[14,1.46875,13.9375,1.53125],"texture":"#0"}}},{"from":[-0.75,1,-1],"to":[0.25,5,0],"rotation":{"angle":0,"axis":"y","origin":[2,-0.5,0]},"faces":{"north":{"uv":[14.15625,0.5,14.1875,0.625],"texture":"#0"},"east":{"uv":[14.15625,0.625,14.1875,0.75],"texture":"#0"},"south":{"uv":[14.53125,1.25,14.5625,1.375],"texture":"#0"},"west":{"uv":[15,1.4375,15.03125,1.5625],"texture":"#0"},"up":{"uv":[15,0.1875,14.96875,0.15625],"texture":"#0"},"down":{"uv":[14.1875,1.1875,14.15625,1.21875],"texture":"#0"}}},{"from":[-1.5,2,11.5],"to":[0.5,4,13.5],"rotation":{"angle":0,"axis":"y","origin":[2,-0.5,0]},"faces":{"north":{"uv":[15,0.71875,15.0625,0.78125],"texture":"#0"},"east":{"uv":[15.25,1.375,15.3125,1.4375],"texture":"#0"},"south":{"uv":[15.25,1.4375,15.3125,1.5],"texture":"#0"},"west":{"uv":[13.8125,1.46875,13.875,1.53125],"texture":"#0"},"up":{"uv":[13.9375,1.53125,13.875,1.46875],"texture":"#0"},"down":{"uv":[14,1.46875,13.9375,1.53125],"texture":"#0"}}},{"from":[-0.75,1,12],"to":[0.25,5,13],"rotation":{"angle":0,"axis":"y","origin":[2,-0.5,0]},"faces":{"north":{"uv":[14.15625,0.5,14.1875,0.625],"texture":"#0"},"east":{"uv":[14.15625,0.625,14.1875,0.75],"texture":"#0"},"south":{"uv":[14.53125,1.25,14.5625,1.375],"texture":"#0"},"west":{"uv":[15,1.4375,15.03125,1.5625],"texture":"#0"},"up":{"uv":[15,0.1875,14.96875,0.15625],"texture":"#0"},"down":{"uv":[14.1875,1.1875,14.15625,1.21875],"texture":"#0"}}},{"from":[0,0,9.5],"to":[2,6,15.5],"rotation":{"angle":0,"axis":"y","origin":[2,-0.5,0]},"faces":{"north":{"uv":[15.125,1.15625,15.1875,1.3125],"texture":"#0"},"east":{"uv":[14.8125,0.8125,14.96875,0.96875],"texture":"#0"},"south":{"uv":[15.03125,1.3125,15.09375,1.46875],"texture":"#0"},"west":{"uv":[14.8125,0.96875,14.96875,1.125],"texture":"#0"},"up":{"uv":[15.15625,1.46875,15.09375,1.3125],"texture":"#0"},"down":{"uv":[15.21875,0.53125,15.15625,0.6875],"texture":"#0"}}},{"from":[2.1,2.75,4],"to":[5.1,3.75,9],"rotation":{"angle":0,"axis":"y","origin":[2,-0.5,0]},"faces":{"north":{"uv":[15.28125,0.3125,15.375,0.34375],"texture":"#0"},"east":{"uv":[15.21875,0.65625,15.375,0.6875],"texture":"#0"},"south":{"uv":[15.28125,0.34375,15.375,0.375],"texture":"#0"},"west":{"uv":[15.25,0.9375,15.40625,0.96875],"texture":"#0"},"up":{"uv":[15.125,0.15625,15.03125,0],"texture":"#0"},"down":{"uv":[15.125,1,15.03125,1.15625],"texture":"#0"}}},{"from":[2.1,2.38059,0.42702],"to":[5.1,4.38059,5.42702],"rotation":{"angle":-22.5,"axis":"x","origin":[3.5,3.38059,2.92702]},"faces":{"north":{"uv":[15.21875,0.59375,15.3125,0.65625],"texture":"#0"},"east":{"uv":[14.6875,0.1875,14.84375,0.25],"texture":"#0"},"south":{"uv":[15.15625,1.40625,15.25,1.46875],"texture":"#0"},"west":{"uv":[15.15625,0.6875,15.3125,0.75],"texture":"#0"},"up":{"uv":[15.125,1.3125,15.03125,1.15625],"texture":"#0"},"down":{"uv":[14.0625,1.25,13.96875,1.40625],"texture":"#0"}}},{"from":[2.1,2.38059,7.57298],"to":[5.1,4.38059,12.57298],"rotation":{"angle":22.5,"axis":"x","origin":[3.5,3.38059,10.07298]},"faces":{"north":{"uv":[15.25,0.875,15.34375,0.9375],"texture":"#0"},"east":{"uv":[15.15625,0.75,15.3125,0.8125],"texture":"#0"},"south":{"uv":[14.8125,1.4375,14.90625,1.5],"texture":"#0"},"west":{"uv":[15.15625,0.8125,15.3125,0.875],"texture":"#0"},"up":{"uv":[14.15625,1.40625,14.0625,1.25],"texture":"#0"},"down":{"uv":[14.4375,1.25,14.34375,1.40625],"texture":"#0"}}},{"from":[2,1.5,12],"to":[5,3.5,16],"rotation":{"angle":0,"axis":"y","origin":[2,-0.5,0]},"faces":{"north":{"uv":[14.90625,1.4375,15,1.5],"texture":"#0"},"east":{"uv":[15.1875,1.1875,15.3125,1.25],"texture":"#0"},"south":{"uv":[15.25,1.3125,15.34375,1.375],"texture":"#0"},"west":{"uv":[15.1875,1.25,15.3125,1.3125],"texture":"#0"},"up":{"uv":[15.15625,0.96875,15.0625,0.84375],"texture":"#0"},"down":{"uv":[13.90625,1.28125,13.8125,1.40625],"texture":"#0"}}},{"from":[2,3.5,7],"to":[5,9.5,10],"rotation":{"angle":0,"axis":"y","origin":[2,-0.5,0]},"faces":{"north":{"uv":[14.96875,0.8125,15.0625,1],"texture":"#0"},"east":{"uv":[15,0.15625,15.09375,0.34375],"texture":"#0"},"south":{"uv":[15,0.34375,15.09375,0.53125],"texture":"#0"},"west":{"uv":[15,0.53125,15.09375,0.71875],"texture":"#0"},"up":{"uv":[15.03125,1.4375,14.9375,1.34375],"texture":"#0"},"down":{"uv":[15.25,1.3125,15.15625,1.40625],"texture":"#0"}}},{"from":[2,3.5,10],"to":[5,7.5,16],"rotation":{"angle":0,"axis":"y","origin":[2,-0.5,0]},"faces":{"north":{"uv":[15.09375,0.15625,15.1875,0.28125],"texture":"#0"},"east":{"uv":[13.96875,1.125,14.15625,1.25],"texture":"#0"},"south":{"uv":[15.09375,0.28125,15.1875,0.40625],"texture":"#0"},"west":{"uv":[14.375,1.125,14.5625,1.25],"texture":"#0"},"up":{"uv":[14.25,1.40625,14.15625,1.21875],"texture":"#0"},"down":{"uv":[14.34375,1.21875,14.25,1.40625],"texture":"#0"}}},{"from":[2,3.5,4],"to":[5,11.5,7],"rotation":{"angle":0,"axis":"y","origin":[2,-0.5,0]},"faces":{"north":{"uv":[14.0625,0.5,14.15625,0.75],"texture":"#0"},"east":{"uv":[14.5625,1.125,14.65625,1.375],"texture":"#0"},"south":{"uv":[14.65625,1.125,14.75,1.375],"texture":"#0"},"west":{"uv":[14.75,1.125,14.84375,1.375],"texture":"#0"},"up":{"uv":[15.28125,0.21875,15.1875,0.125],"texture":"#0"},"down":{"uv":[15.28125,0.21875,15.1875,0.3125],"texture":"#0"}}},{"from":[11,3.5,4],"to":[14,11.5,7],"rotation":{"angle":0,"axis":"y","origin":[14,-0.5,0]},"faces":{"north":{"uv":[14.15625,0.5,14.0625,0.75],"texture":"#0"},"east":{"uv":[14.84375,1.125,14.75,1.375],"texture":"#0"},"south":{"uv":[14.75,1.125,14.65625,1.375],"texture":"#0"},"west":{"uv":[14.65625,1.125,14.5625,1.375],"texture":"#0"},"up":{"uv":[15.1875,0.21875,15.28125,0.125],"texture":"#0"},"down":{"uv":[15.1875,0.21875,15.28125,0.3125],"texture":"#0"}}},{"from":[11,12.5,-3],"to":[14,13.5,0],"rotation":{"angle":0,"axis":"y","origin":[14,-0.5,0]},"faces":{"north":{"uv":[14.96875,0.15625,14.875,0.1875],"texture":"#0"},"east":{"uv":[14.21875,1.46875,14.125,1.5],"texture":"#0"},"south":{"uv":[15.375,0.28125,15.28125,0.3125],"texture":"#0"},"west":{"uv":[15.375,0.25,15.28125,0.28125],"texture":"#0"},"up":{"uv":[15.15625,0.96875,15.25,0.875],"texture":"#0"},"down":{"uv":[14.84375,1.34375,14.9375,1.4375],"texture":"#0"}}},{"from":[12,12.5,2],"to":[14,13.5,4],"rotation":{"angle":0,"axis":"y","origin":[14,-0.5,0]},"faces":{"north":{"uv":[15.0625,0.78125,15,0.8125],"texture":"#0"},"east":{"uv":[15.34375,0.375,15.28125,0.40625],"texture":"#0"},"south":{"uv":[15.1875,0.125,15.125,0.15625],"texture":"#0"},"west":{"uv":[15.125,0.96875,15.0625,1],"texture":"#0"},"up":{"uv":[14.96875,1.0625,15.03125,1],"texture":"#0"},"down":{"uv":[14.96875,1.0625,15.03125,1.125],"texture":"#0"}}},{"from":[11,1.5,-3],"to":[14,3.5,1],"rotation":{"angle":0,"axis":"y","origin":[14,-0.5,0]},"faces":{"north":{"uv":[13.90625,1.40625,13.8125,1.46875],"texture":"#0"},"east":{"uv":[15.3125,1.125,15.1875,1.1875],"texture":"#0"},"south":{"uv":[14.4375,1.40625,14.34375,1.46875],"texture":"#0"},"west":{"uv":[15.3125,1.0625,15.1875,1.125],"texture":"#0"},"up":{"uv":[14.4375,1.375,14.53125,1.25],"texture":"#0"},"down":{"uv":[15.0625,0.71875,15.15625,0.84375],"texture":"#0"}}},{"from":[14,0,-3.5],"to":[16,6,2.5],"rotation":{"angle":0,"axis":"y","origin":[14,-0.5,0]},"faces":{"north":{"uv":[15.1875,1.15625,15.125,1.3125],"texture":"#0"},"east":{"uv":[14.96875,0.96875,14.8125,1.125],"texture":"#0"},"south":{"uv":[15.09375,1.3125,15.03125,1.46875],"texture":"#0"},"west":{"uv":[14.96875,0.8125,14.8125,0.96875],"texture":"#0"},"up":{"uv":[15.09375,1.46875,15.15625,1.3125],"texture":"#0"},"down":{"uv":[15.15625,0.53125,15.21875,0.6875],"texture":"#0"}}},{"from":[15.5,2,-1.5],"to":[17.5,4,0.5],"rotation":{"angle":0,"axis":"y","origin":[14,-0.5,0]},"faces":{"north":{"uv":[15.0625,0.71875,15,0.78125],"texture":"#0"},"east":{"uv":[13.875,1.46875,13.8125,1.53125],"texture":"#0"},"south":{"uv":[15.3125,1.4375,15.25,1.5],"texture":"#0"},"west":{"uv":[15.3125,1.375,15.25,1.4375],"texture":"#0"},"up":{"uv":[13.875,1.53125,13.9375,1.46875],"texture":"#0"},"down":{"uv":[13.9375,1.46875,14,1.53125],"texture":"#0"}}},{"from":[15.75,1,-1],"to":[16.75,5,0],"rotation":{"angle":0,"axis":"y","origin":[14,-0.5,0]},"faces":{"north":{"uv":[14.1875,0.5,14.15625,0.625],"texture":"#0"},"east":{"uv":[15.03125,1.4375,15,1.5625],"texture":"#0"},"south":{"uv":[14.5625,1.25,14.53125,1.375],"texture":"#0"},"west":{"uv":[14.1875,0.625,14.15625,0.75],"texture":"#0"},"up":{"uv":[14.96875,0.1875,15,0.15625],"texture":"#0"},"down":{"uv":[14.15625,1.1875,14.1875,1.21875],"texture":"#0"}}},{"from":[15.5,2,11.5],"to":[17.5,4,13.5],"rotation":{"angle":0,"axis":"y","origin":[14,-0.5,0]},"faces":{"north":{"uv":[15.0625,0.71875,15,0.78125],"texture":"#0"},"east":{"uv":[13.875,1.46875,13.8125,1.53125],"texture":"#0"},"south":{"uv":[15.3125,1.4375,15.25,1.5],"texture":"#0"},"west":{"uv":[15.3125,1.375,15.25,1.4375],"texture":"#0"},"up":{"uv":[13.875,1.53125,13.9375,1.46875],"texture":"#0"},"down":{"uv":[13.9375,1.46875,14,1.53125],"texture":"#0"}}},{"from":[15.75,1,12],"to":[16.75,5,13],"rotation":{"angle":0,"axis":"y","origin":[14,-0.5,0]},"faces":{"north":{"uv":[14.1875,0.5,14.15625,0.625],"texture":"#0"},"east":{"uv":[15.03125,1.4375,15,1.5625],"texture":"#0"},"south":{"uv":[14.5625,1.25,14.53125,1.375],"texture":"#0"},"west":{"uv":[14.1875,0.625,14.15625,0.75],"texture":"#0"},"up":{"uv":[14.96875,0.1875,15,0.15625],"texture":"#0"},"down":{"uv":[14.15625,1.1875,14.1875,1.21875],"texture":"#0"}}},{"from":[14,0,9.5],"to":[16,6,15.5],"rotation":{"angle":0,"axis":"y","origin":[14,-0.5,0]},"faces":{"north":{"uv":[15.1875,1.15625,15.125,1.3125],"texture":"#0"},"east":{"uv":[14.96875,0.96875,14.8125,1.125],"texture":"#0"},"south":{"uv":[15.09375,1.3125,15.03125,1.46875],"texture":"#0"},"west":{"uv":[14.96875,0.8125,14.8125,0.96875],"texture":"#0"},"up":{"uv":[15.09375,1.46875,15.15625,1.3125],"texture":"#0"},"down":{"uv":[15.15625,0.53125,15.21875,0.6875],"texture":"#0"}}},{"from":[10.9,2.75,4],"to":[13.9,3.75,9],"rotation":{"angle":0,"axis":"y","origin":[14,-0.5,0]},"faces":{"north":{"uv":[15.375,0.3125,15.28125,0.34375],"texture":"#0"},"east":{"uv":[15.40625,0.9375,15.25,0.96875],"texture":"#0"},"south":{"uv":[15.375,0.34375,15.28125,0.375],"texture":"#0"},"west":{"uv":[15.375,0.65625,15.21875,0.6875],"texture":"#0"},"up":{"uv":[15.03125,0.15625,15.125,0],"texture":"#0"},"down":{"uv":[15.03125,1,15.125,1.15625],"texture":"#0"}}},{"from":[10.9,2.38059,0.42702],"to":[13.9,4.38059,5.42702],"rotation":{"angle":-22.5,"axis":"x","origin":[12.5,3.38059,2.92702]},"faces":{"north":{"uv":[15.3125,0.59375,15.21875,0.65625],"texture":"#0"},"east":{"uv":[15.3125,0.6875,15.15625,0.75],"texture":"#0"},"south":{"uv":[15.25,1.40625,15.15625,1.46875],"texture":"#0"},"west":{"uv":[14.84375,0.1875,14.6875,0.25],"texture":"#0"},"up":{"uv":[15.03125,1.3125,15.125,1.15625],"texture":"#0"},"down":{"uv":[13.96875,1.25,14.0625,1.40625],"texture":"#0"}}},{"from":[10.9,2.38059,7.57298],"to":[13.9,4.38059,12.57298],"rotation":{"angle":22.5,"axis":"x","origin":[12.5,3.38059,10.07298]},"faces":{"north":{"uv":[15.34375,0.875,15.25,0.9375],"texture":"#0"},"east":{"uv":[15.3125,0.8125,15.15625,0.875],"texture":"#0"},"south":{"uv":[14.90625,1.4375,14.8125,1.5],"texture":"#0"},"west":{"uv":[15.3125,0.75,15.15625,0.8125],"texture":"#0"},"up":{"uv":[14.0625,1.40625,14.15625,1.25],"texture":"#0"},"down":{"uv":[14.34375,1.25,14.4375,1.40625],"texture":"#0"}}},{"from":[11,1.5,12],"to":[14,3.5,16],"rotation":{"angle":0,"axis":"y","origin":[14,-0.5,0]},"faces":{"north":{"uv":[15,1.4375,14.90625,1.5],"texture":"#0"},"east":{"uv":[15.3125,1.25,15.1875,1.3125],"texture":"#0"},"south":{"uv":[15.34375,1.3125,15.25,1.375],"texture":"#0"},"west":{"uv":[15.3125,1.1875,15.1875,1.25],"texture":"#0"},"up":{"uv":[15.0625,0.96875,15.15625,0.84375],"texture":"#0"},"down":{"uv":[13.8125,1.28125,13.90625,1.40625],"texture":"#0"}}},{"from":[11,3.5,7],"to":[14,9.5,10],"rotation":{"angle":0,"axis":"y","origin":[14,-0.5,0]},"faces":{"north":{"uv":[15.0625,0.8125,14.96875,1],"texture":"#0"},"east":{"uv":[15.09375,0.53125,15,0.71875],"texture":"#0"},"south":{"uv":[15.09375,0.34375,15,0.53125],"texture":"#0"},"west":{"uv":[15.09375,0.15625,15,0.34375],"texture":"#0"},"up":{"uv":[14.9375,1.4375,15.03125,1.34375],"texture":"#0"},"down":{"uv":[15.15625,1.3125,15.25,1.40625],"texture":"#0"}}},{"from":[11,3.5,10],"to":[14,7.5,16],"rotation":{"angle":0,"axis":"y","origin":[14,-0.5,0]},"faces":{"north":{"uv":[15.1875,0.15625,15.09375,0.28125],"texture":"#0"},"east":{"uv":[14.5625,1.125,14.375,1.25],"texture":"#0"},"south":{"uv":[15.1875,0.28125,15.09375,0.40625],"texture":"#0"},"west":{"uv":[14.15625,1.125,13.96875,1.25],"texture":"#0"},"up":{"uv":[14.15625,1.40625,14.25,1.21875],"texture":"#0"},"down":{"uv":[14.25,1.21875,14.34375,1.40625],"texture":"#0"}}},{"from":[11,3.5,-3],"to":[14,12.5,4],"rotation":{"angle":0,"axis":"y","origin":[14,-0.5,0]},"faces":{"north":{"uv":[14.28125,0.9375,14.1875,1.21875],"texture":"#0"},"east":{"uv":[14.65625,0.53125,14.4375,0.8125],"texture":"#0"},"south":{"uv":[14.375,0.9375,14.28125,1.21875],"texture":"#0"},"west":{"uv":[14.65625,0.25,14.4375,0.53125],"texture":"#0"},"up":{"uv":[14.84375,1.34375,14.9375,1.125],"texture":"#0"},"down":{"uv":[14.9375,1.125,15.03125,1.34375],"texture":"#0"}}},{"from":[4,8.75,2],"to":[12,16.75,14],"rotation":{"angle":22.5,"axis":"x","origin":[1,12.5,0.5]},"faces":{"north":{"uv":[13.8125,0.5,14.0625,0.75],"texture":"#0"},"east":{"uv":[14.1875,0,13.8125,0.25],"texture":"#0"},"south":{"uv":[14.4375,0,14.6875,0.25],"texture":"#0"},"west":{"uv":[13.8125,0,14.1875,0.25],"texture":"#0"},"up":{"uv":[14.4375,0.375,14.1875,0],"texture":"#0"},"down":{"uv":[14.4375,0.375,14.1875,0.75],"texture":"#0"}}},{"from":[6.5,11.25,17],"to":[9.5,14.25,20],"rotation":{"angle":22.5,"axis":"x","origin":[1,12.5,0.5]},"faces":{"north":{"uv":[15.1875,0.3125,15.28125,0.40625],"texture":"#0"},"east":{"uv":[14.4375,1.375,14.53125,1.46875],"texture":"#0"},"south":{"uv":[14.53125,1.375,14.625,1.46875],"texture":"#0"},"west":{"uv":[14.625,1.375,14.71875,1.46875],"texture":"#0"},"up":{"uv":[14.8125,1.46875,14.71875,1.375],"texture":"#0"},"down":{"uv":[15.28125,0.96875,15.1875,1.0625],"texture":"#0"}}},{"from":[5,9.75,14],"to":[11,15.75,16],"rotation":{"angle":22.5,"axis":"x","origin":[1,12.5,0.5]},"faces":{"north":{"uv":[14.65625,0.25,14.84375,0.4375],"texture":"#0"},"east":{"uv":[14.375,0.9375,14.4375,1.125],"texture":"#0"},"south":{"uv":[14.65625,0.4375,14.84375,0.625],"texture":"#0"},"west":{"uv":[13.90625,1.28125,13.96875,1.46875],"texture":"#0"},"up":{"uv":[15.28125,0.46875,15.09375,0.40625],"texture":"#0"},"down":{"uv":[15.28125,0.46875,15.09375,0.53125],"texture":"#0"}}},{"from":[5,9.75,-8],"to":[11,15.75,2],"rotation":{"angle":22.5,"axis":"x","origin":[1,12.5,0.5]},"faces":{"north":{"uv":[14.65625,0.625,14.84375,0.8125],"texture":"#0"},"east":{"uv":[14.4375,0.75,14.125,0.9375],"texture":"#0"},"south":{"uv":[14.6875,0,14.875,0.1875],"texture":"#0"},"west":{"uv":[14.125,0.75,14.4375,0.9375],"texture":"#0"},"up":{"uv":[14.625,1.125,14.4375,0.8125],"texture":"#0"},"down":{"uv":[14.8125,0.8125,14.625,1.125],"texture":"#0"}}},{"from":[1.5,11.25,0],"to":[5.5,13.25,2],"rotation":{"angle":22.5,"axis":"x","origin":[1,12.5,0.5]},"faces":{"north":{"uv":[13.96875,1.40625,14.09375,1.46875],"texture":"#0"},"east":{"uv":[15.28125,0.125,15.34375,0.1875],"texture":"#0"},"south":{"uv":[14.09375,1.40625,14.21875,1.46875],"texture":"#0"},"west":{"uv":[14,1.46875,14.0625,1.53125],"texture":"#0"},"up":{"uv":[14.34375,1.46875,14.21875,1.40625],"texture":"#0"},"down":{"uv":[15.34375,0.53125,15.21875,0.59375],"texture":"#0"}}},{"from":[10.5,11.25,0],"to":[14.5,13.25,2],"rotation":{"angle":22.5,"axis":"x","origin":[15,12.5,0.5]},"faces":{"north":{"uv":[14.09375,1.40625,13.96875,1.46875],"texture":"#0"},"east":{"uv":[14.0625,1.46875,14,1.53125],"texture":"#0"},"south":{"uv":[14.21875,1.40625,14.09375,1.46875],"texture":"#0"},"west":{"uv":[15.34375,0.125,15.28125,0.1875],"texture":"#0"},"up":{"uv":[14.21875,1.46875,14.34375,1.40625],"texture":"#0"},"down":{"uv":[15.21875,0.53125,15.34375,0.59375],"texture":"#0"}}},{"from":[5,9.75,-12.5],"to":[11,15.75,-10.5],"rotation":{"angle":22.5,"axis":"x","origin":[1,12.5,0.5]},"faces":{"north":{"uv":[13.8125,0.9375,14,1.125],"texture":"#0"},"east":{"uv":[15.1875,0.96875,15.125,1.15625],"texture":"#0"},"south":{"uv":[14,0.9375,14.1875,1.125],"texture":"#0"},"west":{"uv":[15.125,0.96875,15.1875,1.15625],"texture":"#0"},"up":{"uv":[15.3125,0.0625,15.125,0],"texture":"#0"},"down":{"uv":[15.3125,0.0625,15.125,0.125],"texture":"#0"}}},{"from":[5.5,10.25,-13],"to":[10.5,15.25,-8],"rotation":{"angle":22.5,"axis":"x","origin":[1,12.5,0.5]},"faces":{"north":{"uv":[14.84375,0.1875,15,0.34375],"texture":"#0"},"east":{"uv":[15,0.65625,14.84375,0.8125],"texture":"#0"},"south":{"uv":[14.84375,0.5,15,0.65625],"texture":"#0"},"west":{"uv":[14.84375,0.65625,15,0.8125],"texture":"#0"},"up":{"uv":[15.03125,0.15625,14.875,0],"texture":"#0"},"down":{"uv":[13.96875,1.125,13.8125,1.28125],"texture":"#0"}}},{"from":[7,11.75,16],"to":[9,13.75,17],"rotation":{"angle":22.5,"axis":"x","origin":[1,12.5,0.5]},"faces":{"north":{"uv":[15.28125,0.1875,15.34375,0.25],"texture":"#0"},"east":{"uv":[14.15625,1.125,14.1875,1.1875],"texture":"#0"},"south":{"uv":[14.0625,1.46875,14.125,1.53125],"texture":"#0"},"west":{"uv":[14.8125,1.375,14.84375,1.4375],"texture":"#0"},"up":{"uv":[14.28125,1.5,14.21875,1.46875],"texture":"#0"},"down":{"uv":[15.34375,0.40625,15.28125,0.4375],"texture":"#0"}}},{"from":[5,2,-2],"to":[11,7,0],"faces":{"north":{"uv":[15.625,0,15.8125,0.15625],"texture":"#0"},"east":{"uv":[15.375,0,15.4375,0.15625],"texture":"#0"},"south":{"uv":[15.4375,0,15.625,0.15625],"texture":"#0"},"west":{"uv":[15.375,0.15625,15.4375,0.3125],"texture":"#0"},"up":{"uv":[15.4375,0.15625,15.625,0.21875],"texture":"#0"},"down":{"uv":[15.625,0.15625,15.8125,0.21875],"texture":"#0"}}},{"from":[5,2,13],"to":[11,7,15],"rotation":{"angle":0,"axis":"y","origin":[0,0,16]},"faces":{"north":{"uv":[15.625,0,15.4375,0.15625],"texture":"#0"},"east":{"uv":[15.4375,0,15.375,0.15625],"texture":"#0"},"south":{"uv":[15.8125,0,15.625,0.15625],"texture":"#0"},"west":{"uv":[15.4375,0.15625,15.375,0.3125],"texture":"#0"},"up":{"uv":[15.4375,0.21875,15.625,0.15625],"texture":"#0"},"down":{"uv":[15.625,0.21875,15.8125,0.15625],"texture":"#0"}}}],"gui_light":"front","display":{"thirdperson_righthand":{"rotation":[75,45,0],"translation":[0,2.5,0],"scale":[0.375,0.375,0.375]},"thirdperson_lefthand":{"rotation":[75,45,0],"translation":[0,2.5,0],"scale":[0.375,0.375,0.375]},"firstperson_righthand":{"rotation":[0,45,0],"translation":[6.75,0,0],"scale":[0.4,0.4,0.4]},"firstperson_lefthand":{"rotation":[0,45,0],"translation":[6.75,0,0],"scale":[0.4,0.4,0.4]},"ground":{"translation":[0,2,0],"scale":[0.5,0.5,0.5]},"gui":{"rotation":[16,132,0],"translation":[1.5,-0.5,0],"scale":[0.55,0.55,0.55]},"head":{"translation":[0,-31.25,0],"scale":[1.5,1.5,1.5]},"fixed":{"rotation":[-90,0,0],"translation":[0,7,-16],"scale":[2,2,2]}}}