{"credit":"Made with Blockbench","texture_size":[128,128],"textures":{"0":"furnitures:rivrs/furnitures_color_4","particle":"furnitures:rivrs/furnitures_color_4"},"elements":[{"from":[-2,-3,17],"to":[18,21,21],"rotation":{"angle":0,"axis":"y","origin":[0,1,5]},"faces":{"north":{"uv":[11.125,12.375,11.75,13.125],"texture":"#0"},"east":{"uv":[12.375,14.5625,12.5,15.3125],"texture":"#0"},"south":{"uv":[11.125,13.125,11.75,13.875],"texture":"#0"},"west":{"uv":[12.4375,12.375,12.5625,13.125],"texture":"#0"},"up":{"uv":[13.0625,13.25,12.4375,13.125],"texture":"#0"},"down":{"uv":[13.1875,13,12.5625,13.125],"texture":"#0"}}},{"from":[5.6,-16,7],"to":[13.6,-2,7],"rotation":{"angle":-22.5,"axis":"x","origin":[0,1,0]},"faces":{"north":{"uv":[11.375,14.6875,11.125,15.125],"texture":"#0"},"east":{"uv":[9.625,12.375,9.625,12.8125],"texture":"#0"},"south":{"uv":[11.125,14.6875,11.375,15.125],"texture":"#0"},"west":{"uv":[9.625,12.375,9.625,12.8125],"texture":"#0"},"up":{"uv":[9.875,12.375,9.625,12.375],"texture":"#0"},"down":{"uv":[9.875,12.375,9.625,12.375],"texture":"#0"}}},{"from":[19,-15,7],"to":[27,-1,7],"rotation":{"angle":-22.5,"axis":"x","origin":[0,1,0]},"faces":{"north":{"uv":[12.125,13.25,12.375,13.6875],"texture":"#0"},"east":{"uv":[9.625,12.375,9.625,12.8125],"texture":"#0"},"south":{"uv":[12.375,13.25,12.125,13.6875],"texture":"#0"},"west":{"uv":[9.625,12.375,9.625,12.8125],"texture":"#0"},"up":{"uv":[9.875,12.375,9.625,12.375],"texture":"#0"},"down":{"uv":[9.875,12.375,9.625,12.375],"texture":"#0"}}},{"from":[-12.2,-15,7],"to":[-4.2,-1,7],"rotation":{"angle":-22.5,"axis":"x","origin":[0,1,0]},"faces":{"north":{"uv":[12.125,14.125,12.375,14.5625],"texture":"#0"},"east":{"uv":[9.625,12.375,9.625,12.8125],"texture":"#0"},"south":{"uv":[12.375,14.125,12.125,14.5625],"texture":"#0"},"west":{"uv":[9.625,12.375,9.625,12.8125],"texture":"#0"},"up":{"uv":[9.875,12.375,9.625,12.375],"texture":"#0"},"down":{"uv":[9.875,12.375,9.625,12.375],"texture":"#0"}}},{"from":[12.5,-15.5,7],"to":[20.5,-1.5,7],"rotation":{"angle":-22.5,"axis":"x","origin":[0,1,0]},"faces":{"north":{"uv":[12.125,14.5625,12.375,15],"texture":"#0"},"east":{"uv":[9.625,12.375,9.625,12.8125],"texture":"#0"},"south":{"uv":[12.125,14.5625,12.375,15],"texture":"#0"},"west":{"uv":[9.625,12.375,9.625,12.8125],"texture":"#0"},"up":{"uv":[9.875,12.375,9.625,12.375],"texture":"#0"},"down":{"uv":[9.875,12.375,9.625,12.375],"texture":"#0"}}},{"from":[12.5,-14,6],"to":[20.5,0,6],"rotation":{"angle":-22.5,"axis":"x","origin":[0,1,0]},"faces":{"north":{"uv":[12.1875,12.375,12.4375,12.8125],"texture":"#0"},"east":{"uv":[9.625,12.375,9.625,12.8125],"texture":"#0"},"south":{"uv":[12.4375,12.375,12.1875,12.8125],"texture":"#0"},"west":{"uv":[9.625,12.375,9.625,12.8125],"texture":"#0"},"up":{"uv":[9.875,12.375,9.625,12.375],"texture":"#0"},"down":{"uv":[9.875,12.375,9.625,12.375],"texture":"#0"}}},{"from":[5.6,-14.5,6],"to":[13.6,-0.5,6],"rotation":{"angle":-22.5,"axis":"x","origin":[0,1,0]},"faces":{"north":{"uv":[12.375,15,12.125,15.4375],"texture":"#0"},"east":{"uv":[9.625,12.375,9.625,12.8125],"texture":"#0"},"south":{"uv":[12.375,15,12.125,15.4375],"texture":"#0"},"west":{"uv":[9.625,12.375,9.625,12.8125],"texture":"#0"},"up":{"uv":[9.875,12.375,9.625,12.375],"texture":"#0"},"down":{"uv":[9.875,12.375,9.625,12.375],"texture":"#0"}}},{"from":[-3.4,-14,6],"to":[4.6,0,6],"rotation":{"angle":-22.5,"axis":"x","origin":[0,1,0]},"faces":{"north":{"uv":[12.375,15,12.125,15.4375],"texture":"#0"},"east":{"uv":[9.625,12.375,9.625,12.8125],"texture":"#0"},"south":{"uv":[12.375,15,12.125,15.4375],"texture":"#0"},"west":{"uv":[9.625,12.375,9.625,12.8125],"texture":"#0"},"up":{"uv":[9.875,12.375,9.625,12.375],"texture":"#0"},"down":{"uv":[9.875,12.375,9.625,12.375],"texture":"#0"}}},{"from":[-3.4,-15.5,7],"to":[4.6,-1.5,7],"rotation":{"angle":-22.5,"axis":"x","origin":[0,1,0]},"faces":{"north":{"uv":[11.375,14.6875,11.125,15.125],"texture":"#0"},"east":{"uv":[9.625,12.375,9.625,12.8125],"texture":"#0"},"south":{"uv":[11.125,14.6875,11.375,15.125],"texture":"#0"},"west":{"uv":[9.625,12.375,9.625,12.8125],"texture":"#0"},"up":{"uv":[9.875,12.375,9.625,12.375],"texture":"#0"},"down":{"uv":[9.875,12.375,9.625,12.375],"texture":"#0"}}},{"from":[-12.2,-13.5,6],"to":[-4.2,0.5,6],"rotation":{"angle":-22.5,"axis":"x","origin":[0,1,0]},"faces":{"north":{"uv":[12.375,13.6875,12.625,14.125],"texture":"#0"},"east":{"uv":[9.625,12.375,9.625,12.8125],"texture":"#0"},"south":{"uv":[12.625,13.6875,12.375,14.125],"texture":"#0"},"west":{"uv":[9.625,12.375,9.625,12.8125],"texture":"#0"},"up":{"uv":[9.875,12.375,9.625,12.375],"texture":"#0"},"down":{"uv":[9.875,12.375,9.625,12.375],"texture":"#0"}}},{"from":[19,-13.5,6],"to":[27,0.5,6],"rotation":{"angle":-22.5,"axis":"x","origin":[0,1,0]},"faces":{"north":{"uv":[11.375,15.125,11.625,15.5625],"texture":"#0"},"east":{"uv":[9.625,12.375,9.625,12.8125],"texture":"#0"},"south":{"uv":[11.625,15.125,11.375,15.5625],"texture":"#0"},"west":{"uv":[9.625,12.375,9.625,12.8125],"texture":"#0"},"up":{"uv":[9.875,12.375,9.625,12.375],"texture":"#0"},"down":{"uv":[9.875,12.375,9.625,12.375],"texture":"#0"}}},{"from":[-7,0,20],"to":[-2,15,21],"rotation":{"angle":0,"axis":"y","origin":[-2,0,5]},"faces":{"north":{"uv":[10.53125,15.3125,10.6875,15.78125],"texture":"#0"},"east":{"uv":[11.09375,15.3125,11.125,15.78125],"texture":"#0"},"south":{"uv":[10.6875,15.3125,10.84375,15.78125],"texture":"#0"},"west":{"uv":[12.46875,15.3125,12.5,15.78125],"texture":"#0"},"up":{"uv":[12.84375,15.53125,12.6875,15.5],"texture":"#0"},"down":{"uv":[12.9375,14.5625,12.78125,14.59375],"texture":"#0"}}},{"from":[18,0,20],"to":[23,15,21],"rotation":{"angle":0,"axis":"y","origin":[2,0,5]},"faces":{"north":{"uv":[10.84375,15.3125,11,15.78125],"texture":"#0"},"east":{"uv":[10.4375,15.5,10.46875,15.96875],"texture":"#0"},"south":{"uv":[11.625,15.3125,11.78125,15.78125],"texture":"#0"},"west":{"uv":[10.46875,15.5,10.5,15.96875],"texture":"#0"},"up":{"uv":[12.9375,14.625,12.78125,14.59375],"texture":"#0"},"down":{"uv":[12.9375,14.625,12.78125,14.65625],"texture":"#0"}}},{"from":[23,0,19],"to":[26,17,22],"rotation":{"angle":-22.5,"axis":"y","origin":[23.5,8.5,20.5]},"faces":{"north":{"uv":[11,15.3125,11.09375,15.84375],"texture":"#0"},"east":{"uv":[11.78125,15.3125,11.875,15.84375],"texture":"#0"},"south":{"uv":[11.875,15.3125,11.96875,15.84375],"texture":"#0"},"west":{"uv":[11.96875,15.3125,12.0625,15.84375],"texture":"#0"},"up":{"uv":[11.71875,14.78125,11.625,14.6875],"texture":"#0"},"down":{"uv":[11.71875,14.78125,11.625,14.875],"texture":"#0"}}},{"from":[-10,0,19],"to":[-7,17,22],"rotation":{"angle":22.5,"axis":"y","origin":[-7.5,8.5,20.5]},"faces":{"north":{"uv":[12.375,15.3125,12.46875,15.84375],"texture":"#0"},"east":{"uv":[12.625,13.25,12.71875,13.78125],"texture":"#0"},"south":{"uv":[12.625,13.78125,12.71875,14.3125],"texture":"#0"},"west":{"uv":[12.0625,15.4375,12.15625,15.96875],"texture":"#0"},"up":{"uv":[12.84375,12.8125,12.75,12.71875],"texture":"#0"},"down":{"uv":[12.6875,15.5,12.59375,15.59375],"texture":"#0"}}},{"from":[-2,-9,8],"to":[18,4,10],"rotation":{"angle":-22.5,"axis":"x","origin":[8,4.5,21.75]},"faces":{"north":{"uv":[11.125,13.875,11.75,14.28125],"texture":"#0"},"east":{"uv":[12.3125,15.4375,12.375,15.84375],"texture":"#0"},"south":{"uv":[11.125,14.28125,11.75,14.6875],"texture":"#0"},"west":{"uv":[10.375,15.5,10.4375,15.90625],"texture":"#0"},"up":{"uv":[13.25,14.53125,12.625,14.46875],"texture":"#0"},"down":{"uv":[13.34375,14.1875,12.71875,14.25],"texture":"#0"}}},{"from":[-12,-7,10],"to":[0,6,11],"rotation":{"angle":-22.5,"axis":"x","origin":[8,4.5,21.75]},"faces":{"north":{"uv":[11.75,13.25,12.125,13.65625],"texture":"#0"},"east":{"uv":[10.5,15.5,10.53125,15.90625],"texture":"#0"},"south":{"uv":[11.75,13.65625,12.125,14.0625],"texture":"#0"},"west":{"uv":[12.5,15.5,12.53125,15.90625],"texture":"#0"},"up":{"uv":[13,14.5625,12.625,14.53125],"texture":"#0"},"down":{"uv":[13.09375,14.25,12.71875,14.28125],"texture":"#0"}}},{"from":[16,-7,10],"to":[28,6,11],"rotation":{"angle":-22.5,"axis":"x","origin":[8,4.5,21.75]},"faces":{"north":{"uv":[11.75,14.0625,12.125,14.46875],"texture":"#0"},"east":{"uv":[12.53125,15.5,12.5625,15.90625],"texture":"#0"},"south":{"uv":[11.75,14.46875,12.125,14.875],"texture":"#0"},"west":{"uv":[12.5625,15.5,12.59375,15.90625],"texture":"#0"},"up":{"uv":[13.09375,14.3125,12.71875,14.28125],"texture":"#0"},"down":{"uv":[13.125,12.6875,12.75,12.71875],"texture":"#0"}}},{"from":[-16,-16,17.25],"to":[-4,31,17.25],"rotation":{"angle":22.5,"axis":"z","origin":[14,8.25,0.125]},"faces":{"north":{"uv":[9.625,13.84375,10,15.3125],"texture":"#0"},"east":{"uv":[9.625,12.375,9.625,13.84375],"texture":"#0"},"south":{"uv":[10,13.84375,9.625,15.3125],"texture":"#0"},"west":{"uv":[9.625,12.375,9.625,13.84375],"texture":"#0"},"up":{"uv":[10,12.375,9.625,12.375],"texture":"#0"},"down":{"uv":[10,12.375,9.625,12.375],"texture":"#0"}}},{"from":[-16,-15,15],"to":[-4,32,15],"rotation":{"angle":22.5,"axis":"z","origin":[14,8,0.125]},"faces":{"north":{"uv":[9.625,12.375,10,13.84375],"texture":"#0"},"east":{"uv":[9.625,12.375,9.625,13.84375],"texture":"#0"},"south":{"uv":[10,12.375,9.625,13.84375],"texture":"#0"},"west":{"uv":[9.625,12.375,9.625,13.84375],"texture":"#0"},"up":{"uv":[10,12.375,9.625,12.375],"texture":"#0"},"down":{"uv":[10,12.375,9.625,12.375],"texture":"#0"}}},{"from":[18.20441,-15.25,15.1],"to":[30.20441,31.75,15.1],"rotation":{"angle":-22.5,"axis":"z","origin":[4,-0.25,0]},"faces":{"north":{"uv":[10.375,12.375,10.75,13.84375],"texture":"#0"},"east":{"uv":[9.625,12.375,9.625,13.84375],"texture":"#0"},"south":{"uv":[10.75,12.375,10.375,13.84375],"texture":"#0"},"west":{"uv":[9.625,12.375,9.625,13.84375],"texture":"#0"},"up":{"uv":[10,12.375,9.625,12.375],"texture":"#0"},"down":{"uv":[10,12.375,9.625,12.375],"texture":"#0"}}},{"from":[18.20441,-16,17.1],"to":[30.20441,31,17.1],"rotation":{"angle":-22.5,"axis":"z","origin":[4,-0.25,0]},"faces":{"north":{"uv":[10.375,13.84375,10.75,15.3125],"texture":"#0"},"east":{"uv":[9.625,12.375,9.625,13.84375],"texture":"#0"},"south":{"uv":[10.75,13.84375,10.375,15.3125],"texture":"#0"},"west":{"uv":[9.625,12.375,9.625,13.84375],"texture":"#0"},"up":{"uv":[10,12.375,9.625,12.375],"texture":"#0"},"down":{"uv":[10,12.375,9.625,12.375],"texture":"#0"}}},{"from":[1,18,15],"to":[15,32,21],"rotation":{"angle":0,"axis":"y","origin":[0,2,5]},"faces":{"north":{"uv":[11.75,12.375,12.1875,12.8125],"texture":"#0"},"east":{"uv":[12.5625,12.375,12.75,12.8125],"texture":"#0"},"south":{"uv":[11.75,12.8125,12.1875,13.25],"texture":"#0"},"west":{"uv":[9.90625,15.3125,10.09375,15.75],"texture":"#0"},"up":{"uv":[13,13,12.5625,12.8125],"texture":"#0"},"down":{"uv":[10.53125,15.3125,10.09375,15.5],"texture":"#0"}}},{"from":[-7,17.25,16],"to":[2,27.25,21],"rotation":{"angle":22.5,"axis":"z","origin":[-0.5,22.75,18]},"faces":{"north":{"uv":[12.5,14.5625,12.78125,14.875],"texture":"#0"},"east":{"uv":[12.15625,15.4375,12.3125,15.75],"texture":"#0"},"south":{"uv":[12.5,14.875,12.78125,15.1875],"texture":"#0"},"west":{"uv":[12.71875,13.25,12.875,13.5625],"texture":"#0"},"up":{"uv":[12.90625,14.46875,12.625,14.3125],"texture":"#0"},"down":{"uv":[13.03125,12.375,12.75,12.53125],"texture":"#0"}}},{"from":[14,17.25,16],"to":[23,27.25,21],"rotation":{"angle":-22.5,"axis":"z","origin":[16.5,22.75,18]},"faces":{"north":{"uv":[12.5,15.1875,12.78125,15.5],"texture":"#0"},"east":{"uv":[12.71875,13.5625,12.875,13.875],"texture":"#0"},"south":{"uv":[9.625,15.3125,9.90625,15.625],"texture":"#0"},"west":{"uv":[12.71875,13.875,12.875,14.1875],"texture":"#0"},"up":{"uv":[13.03125,12.6875,12.75,12.53125],"texture":"#0"},"down":{"uv":[10.375,15.5,10.09375,15.65625],"texture":"#0"}}}],"gui_light":"front","display":{"thirdperson_righthand":{"rotation":[8,0,0],"translation":[0,3.25,-1],"scale":[0.3,0.3,0.3]},"thirdperson_lefthand":{"rotation":[8,0,0],"translation":[0,3.25,-1],"scale":[0.3,0.3,0.3]},"firstperson_righthand":{"rotation":[8,0,0],"translation":[2.25,2.5,0.25],"scale":[0.3,0.3,0.3]},"firstperson_lefthand":{"rotation":[8,0,0],"translation":[2.25,2.5,0.25],"scale":[0.3,0.3,0.3]},"ground":{"translation":[0,13,0],"scale":[0.5,0.5,0.5]},"gui":{"rotation":[12,163,0],"translation":[-0.75,0,0],"scale":[0.25,0.25,0.25]},"head":{"translation":[0,-43.25,0],"scale":[1.5,1.5,1.5]},"fixed":{"rotation":[-6,0,0],"translation":[0,0,-36],"scale":[2.2,2.2,2.2]}}}