{"credit":"Made with Blockbench","texture_size":[512,512],"textures":{"0":"furnitures:rivrs/furnitures_color_2","particle":"furnitures:rivrs/furnitures_color_2"},"elements":[{"from":[2,0,2],"to":[14,4,14],"faces":{"north":{"uv":[14.09375,10.4375,14.46875,10.5625],"texture":"#0"},"east":{"uv":[14.09375,10.4375,14.46875,10.5625],"texture":"#0"},"south":{"uv":[14.09375,10.4375,14.46875,10.5625],"texture":"#0"},"west":{"uv":[14.09375,10.4375,14.46875,10.5625],"texture":"#0"},"up":{"uv":[14.09375,10.8125,13.71875,10.4375],"texture":"#0"},"down":{"uv":[14.09375,10.8125,13.71875,11.1875],"texture":"#0"}}},{"from":[2.5,4,2.5],"to":[13.5,24,13.5],"faces":{"north":{"uv":[13.03125,10.4375,13.375,11.0625],"texture":"#0"},"east":{"uv":[13.03125,10.4375,13.375,11.0625],"texture":"#0"},"south":{"uv":[13.03125,10.4375,13.375,11.0625],"texture":"#0"},"west":{"uv":[13.03125,10.4375,13.375,11.0625],"texture":"#0"},"up":{"uv":[14.0625,11.53125,13.71875,11.1875],"texture":"#0"},"down":{"uv":[14.40625,11.1875,14.0625,11.53125],"texture":"#0"}}}],"gui_light":"front","display":{"thirdperson_righthand":{"translation":[0,3,1],"scale":[0.55,0.55,0.55]},"thirdperson_lefthand":{"translation":[0,3,1],"scale":[0.55,0.55,0.55]},"firstperson_righthand":{"rotation":[0,-90,25],"translation":[1.13,3.2,2.13],"scale":[0.4,0.4,0.4]},"firstperson_lefthand":{"rotation":[0,-90,25],"translation":[1.13,3.2,2.13],"scale":[0.4,0.4,0.4]},"ground":{"translation":[0,2,0],"scale":[0.5,0.5,0.5]},"gui":{"rotation":[13,-21,0],"translation":[0,-2.5,0],"scale":[0.63,0.59,0.62]},"head":{"translation":[0,-31.199,0],"scale":[1.5,1.5,1.5]},"fixed":{"rotation":[-90,0,0],"translation":[0,0,-17],"scale":[2.38,2.38,2.38]}}}