{"credit":"Made with Blockbench","texture_size":[512,512],"textures":{"3":"furnitures:rivrs/furnitures_color","particle":"furnitures:rivrs/furnitures_color"},"elements":[{"from":[-6,4,-5],"to":[22,26,14],"rotation":{"angle":0,"axis":"y","origin":[0,1,0]},"faces":{"north":{"uv":[3.0625,5.625,3.9375,6.3125],"texture":"#3"},"east":{"uv":[3.875,7,4.46875,7.6875],"texture":"#3"},"south":{"uv":[3.0625,5.625,3.9375,6.3125],"texture":"#3"},"west":{"uv":[4.46875,7,3.875,7.6875],"texture":"#3"},"up":{"uv":[3,7.53125,2.125,6.9375],"texture":"#3"},"down":{"uv":[12.125,10.1875,11.25,10.78125],"texture":"#3"}}},{"from":[-4,26.5,13.5],"to":[20,27.5,15.5],"rotation":{"angle":45,"axis":"x","origin":[8,26.5,14.5]},"faces":{"north":{"uv":[10.375,10.84375,11.125,10.875],"texture":"#3"},"east":{"uv":[11.46875,9.9375,11.53125,9.96875],"texture":"#3"},"south":{"uv":[10.375,10.875,11.125,10.90625],"texture":"#3"},"west":{"uv":[10.8125,9.84375,10.875,9.875],"texture":"#3"},"up":{"uv":[11.125,10.78125,10.375,10.71875],"texture":"#3"},"down":{"uv":[11.125,10.78125,10.375,10.84375],"texture":"#3"}}},{"from":[19.95,25.31066,10.76777],"to":[21.95,28.31066,15.76777],"rotation":{"angle":-45,"axis":"x","origin":[21,26.81066,14.76777]},"faces":{"north":{"uv":[3.75,7.59375,3.8125,7.6875],"texture":"#3"},"east":{"uv":[2.875,7.6875,3.03125,7.78125],"texture":"#3"},"south":{"uv":[3.8125,7.59375,3.875,7.6875],"texture":"#3"},"west":{"uv":[3.03125,7.6875,3.1875,7.78125],"texture":"#3"},"up":{"uv":[4.125,7.84375,4.0625,7.6875],"texture":"#3"},"down":{"uv":[4.1875,7.6875,4.125,7.84375],"texture":"#3"}}},{"from":[-5.9,25.31066,10.76777],"to":[-3.9,28.31066,15.76777],"rotation":{"angle":-45,"axis":"x","origin":[21,26.81066,14.76777]},"faces":{"north":{"uv":[2.4375,7.71875,2.5,7.8125],"texture":"#3"},"east":{"uv":[3.1875,7.6875,3.34375,7.78125],"texture":"#3"},"south":{"uv":[2.5,7.71875,2.5625,7.8125],"texture":"#3"},"west":{"uv":[3.34375,7.6875,3.5,7.78125],"texture":"#3"},"up":{"uv":[4.25,7.84375,4.1875,7.6875],"texture":"#3"},"down":{"uv":[2.1875,7.71875,2.125,7.875],"texture":"#3"}}},{"from":[3,25.31066,10.76777],"to":[13,28.31066,15.76777],"rotation":{"angle":-45,"axis":"x","origin":[21,26.81066,14.76777]},"faces":{"north":{"uv":[2.875,7.59375,3.1875,7.6875],"texture":"#3"},"east":{"uv":[3.75,7.6875,3.90625,7.78125],"texture":"#3"},"south":{"uv":[3.1875,7.59375,3.5,7.6875],"texture":"#3"},"west":{"uv":[3.90625,7.6875,4.0625,7.78125],"texture":"#3"},"up":{"uv":[4.25,6.84375,3.9375,6.6875],"texture":"#3"},"down":{"uv":[4.25,6.84375,3.9375,7],"texture":"#3"}}},{"from":[-7,21,-6],"to":[23,24,15],"rotation":{"angle":0,"axis":"y","origin":[0,1,0]},"faces":{"north":{"uv":[12.1875,9.5,13.125,9.59375],"texture":"#3"},"east":{"uv":[12.1875,9.6875,12.84375,9.78125],"texture":"#3"},"south":{"uv":[12.1875,9.59375,13.125,9.6875],"texture":"#3"},"west":{"uv":[12.1875,9.78125,12.84375,9.875],"texture":"#3"},"up":{"uv":[11.3125,9.46875,10.375,8.8125],"texture":"#3"},"down":{"uv":[11.3125,9.46875,10.375,10.125],"texture":"#3"}}},{"from":[18,0,-4],"to":[20,4,0],"rotation":{"angle":45,"axis":"y","origin":[19,2,-2]},"faces":{"north":{"uv":[10.4375,10.90625,10.5,11.03125],"texture":"#3"},"east":{"uv":[11.75,10.78125,11.875,10.90625],"texture":"#3"},"south":{"uv":[10.5,10.90625,10.5625,11.03125],"texture":"#3"},"west":{"uv":[11.875,10.78125,12,10.90625],"texture":"#3"},"up":{"uv":[10.625,11.03125,10.5625,10.90625],"texture":"#3"},"down":{"uv":[10.6875,10.90625,10.625,11.03125],"texture":"#3"}}},{"from":[9,0,5],"to":[11,4,9],"rotation":{"angle":45,"axis":"y","origin":[19,2,-2]},"faces":{"north":{"uv":[10.4375,10.90625,10.5,11.03125],"texture":"#3"},"east":{"uv":[11.75,10.78125,11.875,10.90625],"texture":"#3"},"south":{"uv":[10.5,10.90625,10.5625,11.03125],"texture":"#3"},"west":{"uv":[11.875,10.78125,12,10.90625],"texture":"#3"},"up":{"uv":[10.625,11.03125,10.5625,10.90625],"texture":"#3"},"down":{"uv":[10.6875,10.90625,10.625,11.03125],"texture":"#3"}}},{"from":[-2.6777,0,6.435],"to":[-0.6777,4,10.435],"rotation":{"angle":45,"axis":"y","origin":[1.3223,2,11.435]},"faces":{"north":{"uv":[10.4375,10.90625,10.5,11.03125],"texture":"#3"},"east":{"uv":[11.75,10.78125,11.875,10.90625],"texture":"#3"},"south":{"uv":[10.5,10.90625,10.5625,11.03125],"texture":"#3"},"west":{"uv":[11.875,10.78125,12,10.90625],"texture":"#3"},"up":{"uv":[10.625,11.03125,10.5625,10.90625],"texture":"#3"},"down":{"uv":[10.6875,10.90625,10.625,11.03125],"texture":"#3"}}},{"from":[-1.0919,0,-4.8787],"to":[0.9081,4,-0.8787],"rotation":{"angle":45,"axis":"y","origin":[-0.0919,2,0.1213]},"faces":{"north":{"uv":[10.4375,10.90625,10.5,11.03125],"texture":"#3"},"east":{"uv":[11.75,10.78125,11.875,10.90625],"texture":"#3"},"south":{"uv":[10.5,10.90625,10.5625,11.03125],"texture":"#3"},"west":{"uv":[11.875,10.78125,12,10.90625],"texture":"#3"},"up":{"uv":[10.625,11.03125,10.5625,10.90625],"texture":"#3"},"down":{"uv":[10.6875,10.90625,10.625,11.03125],"texture":"#3"}}}],"gui_light":"front","display":{"thirdperson_righthand":{"rotation":[75,45,0],"translation":[0,2.5,0],"scale":[0.375,0.375,0.375]},"thirdperson_lefthand":{"rotation":[75,45,0],"translation":[0,2.5,0],"scale":[0.375,0.375,0.375]},"firstperson_righthand":{"translation":[4.25,0,0],"scale":[0.3,0.3,0.3]},"firstperson_lefthand":{"translation":[4.25,0,0],"scale":[0.3,0.3,0.3]},"ground":{"translation":[0,2,0],"scale":[0.5,0.5,0.5]},"gui":{"rotation":[14,155,0],"translation":[0.5,-2.5,0],"scale":[0.45,0.45,0.45]},"head":{"translation":[0,-31.25,5.25],"scale":[1.5,1.5,1.5]},"fixed":{"rotation":[-90,0,0],"translation":[0,-1.75,-16],"scale":[2,2,2]}}}