{"credit":"Made with Blockbench","texture_size":[64,64],"textures":{"0":"furnitures:rivrs/furnitures_color_3","particle":"furnitures:rivrs/furnitures_color_3"},"elements":[{"from":[6,-9,14],"to":[10,16,16],"faces":{"north":{"uv":[6.34376,6.68751,6.46876,7.46875],"texture":"#0"},"east":{"uv":[6.68751,7.21876,6.75001,8],"texture":"#0"},"south":{"uv":[6.46876,6.68751,6.59376,7.46875],"texture":"#0"},"west":{"uv":[6.75001,7.21876,6.81251,8],"texture":"#0"},"up":{"uv":[7.18751,6.81251,7.06251,6.75001],"texture":"#0"},"down":{"uv":[7.18751,6.81251,7.06251,6.87501],"texture":"#0"}}},{"from":[6,14,-3],"to":[10,16,14],"faces":{"north":{"uv":[7.06251,6.87501,7.18751,6.93751],"texture":"#0"},"east":{"uv":[6.81251,7.34375,7.34376,7.40625],"texture":"#0"},"south":{"uv":[7.06251,6.93751,7.18751,7.00001],"texture":"#0"},"west":{"uv":[7.06251,6.68751,7.59376,6.75001],"texture":"#0"},"up":{"uv":[6.71876,7.21876,6.59376,6.68751],"texture":"#0"},"down":{"uv":[6.84376,6.68751,6.71876,7.21876],"texture":"#0"}}},{"from":[6.5,-5,5],"to":[9.5,16,7],"rotation":{"angle":-45,"axis":"x","origin":[7.5,8.5,4.5]},"faces":{"north":{"uv":[6.84376,6.68751,6.93751,7.34375],"texture":"#0"},"east":{"uv":[6.93751,6.68751,7.00001,7.34375],"texture":"#0"},"south":{"uv":[6.59376,7.21876,6.68751,7.875],"texture":"#0"},"west":{"uv":[7.00001,6.68751,7.06251,7.34375],"texture":"#0"},"up":{"uv":[7.15626,7.06251,7.06251,7.00001],"texture":"#0"},"down":{"uv":[7.15626,7.06251,7.06251,7.125],"texture":"#0"}}}],"gui_light":"front","display":{"thirdperson_righthand":{"rotation":[75,45,0],"translation":[0,2.5,0],"scale":[0.375,0.375,0.375]},"thirdperson_lefthand":{"rotation":[75,45,0],"translation":[0,2.5,0],"scale":[0.375,0.375,0.375]},"firstperson_righthand":{"rotation":[0,45,0],"translation":[2.75,0,0],"scale":[0.4,0.4,0.4]},"firstperson_lefthand":{"rotation":[0,45,0],"translation":[2.75,0,0],"scale":[0.4,0.4,0.4]},"ground":{"translation":[0,5.25,0],"scale":[0.5,0.5,0.5]},"gui":{"rotation":[-18,118,0],"translation":[0.5,2.5,0],"scale":[0.5,0.5,0.5]},"head":{"translation":[0,-23.75,0],"scale":[1.5,1.5,1.5]},"fixed":{"translation":[0,0,-16],"scale":[2,2,2]}}}