{"credit":"Made with Blockbench","textures":{"0":"furnitures:rivrs/baratie","particle":"furnitures:rivrs/baratie"},"elements":[{"from":[-16,0,16],"to":[32,16,16],"faces":{"north":{"uv":[0,2,7.3125,4],"texture":"#0"},"east":{"uv":[0,0,0,16],"texture":"#0"},"south":{"uv":[0,4.6875,6,6.6875],"texture":"#0"},"west":{"uv":[0,0,0,16],"texture":"#0"},"up":{"uv":[0,0,16,0],"texture":"#0"},"down":{"uv":[0,0,16,0],"texture":"#0"}}}],"gui_light":"front","display":{"thirdperson_righthand":{"rotation":[75,45,0],"translation":[0,2.5,0],"scale":[0.375,0.375,0.375]},"firstperson_righthand":{"rotation":[0,45,0],"scale":[0.4,0.4,0.4]},"gui":{"rotation":[0,-180,0],"translation":[-0.25,0,0],"scale":[0.25,0.25,0.25]},"head":{"translation":[0,-31.25,0],"scale":[1.5,1.5,1.5]},"fixed":{"translation":[80,16,-32.25],"scale":[4,4,4]}}}