{"credit":"Made with Blockbench","texture_size":[512,512],"textures":{"0":"furnitures:rivrs/furnitures_color","particle":"furnitures:rivrs/furnitures_color"},"elements":[{"from":[0,-4,16],"to":[16,28,16],"faces":{"north":{"uv":[9.34375,10.25,8.625,12.125],"texture":"#0"},"east":{"uv":[0,0,0,16],"texture":"#0"},"south":{"uv":[8.625,10.25,9.34375,12.125],"texture":"#0"},"west":{"uv":[0,0,0,16],"texture":"#0"},"up":{"uv":[0,0,16,0],"texture":"#0"},"down":{"uv":[0,0,16,0],"texture":"#0"}}}],"gui_light":"front","display":{"thirdperson_righthand":{"rotation":[75,45,0],"translation":[0,2.5,0],"scale":[0.375,0.375,0.375]},"thirdperson_lefthand":{"rotation":[75,45,0],"translation":[0,2.5,0],"scale":[0.375,0.375,0.375]},"firstperson_righthand":{"rotation":[0,45,0],"scale":[0.4,0.4,0.4]},"firstperson_lefthand":{"rotation":[0,45,0],"scale":[0.4,0.4,0.4]},"ground":{"translation":[0,2,0],"scale":[0.5,0.5,0.5]},"gui":{"rotation":[-15,24,0],"translation":[-1.25,-3,0],"scale":[0.5,0.5,0.5]},"head":{"translation":[0,-25.25,0],"scale":[1.5,1.5,1.5]},"fixed":{"rotation":[90,0,0],"translation":[1,20.75,-71.75],"scale":[4,4,4]}}}