{"credit":"Made with Blockbench","texture_size":[32,32],"textures":{"0":"furnitures:rivrs/furnitures_color_3","particle":"furnitures:rivrs/furnitures_color_3"},"elements":[{"from":[1,0.25,2],"to":[15,0.25,11],"faces":{"north":{"uv":[8.25,6.6875,8.6875,6.6875],"texture":"#0"},"east":{"uv":[8.25,6.6875,8.53125,6.6875],"texture":"#0"},"south":{"uv":[8.25,6.6875,8.6875,6.6875],"texture":"#0"},"west":{"uv":[8.25,6.6875,8.53125,6.6875],"texture":"#0"},"up":{"uv":[8.6875,6.96875,8.25,6.6875],"texture":"#0"},"down":{"uv":[8.6875,6.96875,8.25,7.25],"texture":"#0"}}},{"from":[4,0.75,2.25],"to":[12,0.75,10.25],"faces":{"north":{"uv":[8.25,6.6875,8.5,6.6875],"texture":"#0"},"east":{"uv":[8.25,6.6875,8.5,6.6875],"texture":"#0"},"south":{"uv":[8.25,6.6875,8.5,6.6875],"texture":"#0"},"west":{"uv":[8.25,6.6875,8.5,6.6875],"texture":"#0"},"up":{"uv":[8.9375,6.9375,8.6875,6.6875],"texture":"#0"},"down":{"uv":[8.9375,6.9375,8.6875,7.1875],"texture":"#0"}}},{"from":[0,0.75,1.25],"to":[3,0.75,10.25],"faces":{"north":{"uv":[8.25,6.6875,8.34375,6.6875],"texture":"#0"},"east":{"uv":[8.25,6.6875,8.53125,6.6875],"texture":"#0"},"south":{"uv":[8.25,6.6875,8.34375,6.6875],"texture":"#0"},"west":{"uv":[8.25,6.6875,8.53125,6.6875],"texture":"#0"},"up":{"uv":[8.78125,7.46875,8.6875,7.1875],"texture":"#0"},"down":{"uv":[8.875,7.1875,8.78125,7.46875],"texture":"#0"}}},{"from":[1,-0.25,12.25],"to":[5,0.75,16.25],"faces":{"north":{"uv":[8.9375,7.15625,9.0625,7.1875],"texture":"#0"},"east":{"uv":[9,7.1875,9.125,7.21875],"texture":"#0"},"south":{"uv":[9,7.21875,9.125,7.25],"texture":"#0"},"west":{"uv":[9,7.25,9.125,7.28125],"texture":"#0"},"up":{"uv":[8.5625,7.375,8.4375,7.25],"texture":"#0"},"down":{"uv":[8.6875,7.25,8.5625,7.375],"texture":"#0"}}},{"from":[2.5,0.75,13.75],"to":[3.5,3.75,14.75],"faces":{"north":{"uv":[8.65625,7.375,8.6875,7.46875],"texture":"#0"},"east":{"uv":[9,7.28125,9.03125,7.375],"texture":"#0"},"south":{"uv":[8.875,7.4375,8.90625,7.53125],"texture":"#0"},"west":{"uv":[8.90625,7.4375,8.9375,7.53125],"texture":"#0"},"up":{"uv":[9.0625,7.09375,9.03125,7.0625],"texture":"#0"},"down":{"uv":[8.6875,7.46875,8.65625,7.5],"texture":"#0"}}},{"from":[1.5,3.75,12.75],"to":[4.5,4.75,15.75],"faces":{"north":{"uv":[8.9375,7.4375,9.03125,7.46875],"texture":"#0"},"east":{"uv":[9,7.375,9.09375,7.40625],"texture":"#0"},"south":{"uv":[9,7.40625,9.09375,7.4375],"texture":"#0"},"west":{"uv":[8.5625,7.46875,8.65625,7.5],"texture":"#0"},"up":{"uv":[8.65625,7.46875,8.5625,7.375],"texture":"#0"},"down":{"uv":[9.03125,7.0625,8.9375,7.15625],"texture":"#0"}}},{"from":[1,4.75,12.25],"to":[5,8.75,16.25],"faces":{"north":{"uv":[8.875,7.1875,9,7.3125],"texture":"#0"},"east":{"uv":[8.875,7.3125,9,7.4375],"texture":"#0"},"south":{"uv":[8.9375,6.6875,9.0625,6.8125],"texture":"#0"},"west":{"uv":[8.9375,6.8125,9.0625,6.9375],"texture":"#0"},"up":{"uv":[8.5625,7.5,8.4375,7.375],"texture":"#0"},"down":{"uv":[9.0625,6.9375,8.9375,7.0625],"texture":"#0"}}},{"from":[12.75,0.75,1.25],"to":[15.75,0.75,10.25],"faces":{"north":{"uv":[8.25,6.6875,8.34375,6.6875],"texture":"#0"},"east":{"uv":[8.25,6.6875,8.53125,6.6875],"texture":"#0"},"south":{"uv":[8.25,6.6875,8.34375,6.6875],"texture":"#0"},"west":{"uv":[8.25,6.6875,8.53125,6.6875],"texture":"#0"},"up":{"uv":[8.34375,7.53125,8.25,7.25],"texture":"#0"},"down":{"uv":[8.4375,7.25,8.34375,7.53125],"texture":"#0"}}}],"gui_light":"front","display":{"thirdperson_righthand":{"rotation":[75,45,0],"translation":[0,2.5,0],"scale":[0.375,0.375,0.375]},"thirdperson_lefthand":{"rotation":[75,45,0],"translation":[0,2.5,0],"scale":[0.375,0.375,0.375]},"firstperson_righthand":{"rotation":[0,45,0],"translation":[2.25,3,0],"scale":[0.4,0.4,0.4]},"firstperson_lefthand":{"rotation":[0,45,0],"translation":[2.25,3,0],"scale":[0.4,0.4,0.4]},"ground":{"translation":[0,2,0],"scale":[0.5,0.5,0.5]},"gui":{"rotation":[39,150,0],"translation":[-0.25,3.25,0],"scale":[0.8,0.8,0.8]},"head":{"translation":[0,-30.824,0],"scale":[1.5,1.5,1.5]},"fixed":{"rotation":[-90,0,0],"translation":[0,-1.25,-15.5],"scale":[2,2,2]}}}