{"credit":"Made with Blockbench","texture_size":[64,64],"textures":{"0":"furnitures:rivrs/furnitures_color_3","particle":"furnitures:rivrs/furnitures_color_3"},"elements":[{"from":[0,2,0],"to":[16,8,16],"faces":{"north":{"uv":[4.28125,5.75,4.78125,5.9375],"texture":"#0"},"east":{"uv":[5.28125,4.75,5.78125,4.9375],"texture":"#0"},"south":{"uv":[5.28125,4.9375,5.78125,5.125],"texture":"#0"},"west":{"uv":[5.28125,5.125,5.78125,5.3125],"texture":"#0"},"up":{"uv":[4.78125,5.25,4.28125,4.75],"texture":"#0"},"down":{"uv":[4.78125,5.25,4.28125,5.75],"texture":"#0"}}},{"from":[0,0,0],"to":[16,2,16],"faces":{"north":{"uv":[5.59375,5.5,6.09375,5.5625],"texture":"#0"},"east":{"uv":[5.59375,5.5625,6.09375,5.625],"texture":"#0"},"south":{"uv":[5.59375,5.625,6.09375,5.6875],"texture":"#0"},"west":{"uv":[5.59375,5.6875,6.09375,5.75],"texture":"#0"},"up":{"uv":[5.28125,5.25,4.78125,4.75],"texture":"#0"},"down":{"uv":[5.28125,5.25,4.78125,5.75],"texture":"#0"}}},{"from":[11,8,0],"to":[16,14,16],"faces":{"north":{"uv":[5.59375,5.75,5.75,5.9375],"texture":"#0"},"east":{"uv":[4.78125,5.75,5.28125,5.9375],"texture":"#0"},"south":{"uv":[4.28125,6.125,4.4375,6.3125],"texture":"#0"},"west":{"uv":[5.28125,5.3125,5.78125,5.5],"texture":"#0"},"up":{"uv":[5.4375,6,5.28125,5.5],"texture":"#0"},"down":{"uv":[5.59375,5.5,5.4375,6],"texture":"#0"}}},{"from":[0,8,11],"to":[11,14,16],"faces":{"north":{"uv":[4.28125,5.9375,4.625,6.125],"texture":"#0"},"east":{"uv":[4.4375,6.125,4.59375,6.3125],"texture":"#0"},"south":{"uv":[4.625,5.9375,4.96875,6.125],"texture":"#0"},"west":{"uv":[5.75,5.75,5.59375,5.9375],"texture":"#0"},"up":{"uv":[5.3125,6.15625,4.96875,6],"texture":"#0"},"down":{"uv":[5.65625,6,5.3125,6.15625],"texture":"#0"}}}],"gui_light":"front","display":{"thirdperson_righthand":{"rotation":[0,64,0],"translation":[0,3,1],"scale":[0.55,0.55,0.55]},"thirdperson_lefthand":{"rotation":[0,154,0],"translation":[0,3,1],"scale":[0.55,0.55,0.55]},"firstperson_righthand":{"rotation":[0,64,0],"translation":[0,3,1],"scale":[0.55,0.55,0.55]},"firstperson_lefthand":{"rotation":[0,154,0],"translation":[0,3,1],"scale":[0.55,0.55,0.55]},"ground":{"translation":[0,2,0],"scale":[0.5,0.5,0.5]},"gui":{"rotation":[6,70,5],"scale":[0.71,0.72,0.72]},"head":{"translation":[0,-31.199,0],"scale":[1.5,1.5,1.5]},"fixed":{"rotation":[-90,0,0],"translation":[0,0,-16],"scale":[2,2,2]}}}