{"credit":"Made with Blockbench","texture_size":[64,64],"textures":{"0":"furnitures:rivrs/furnitures_color_3","particle":"furnitures:rivrs/furnitures_color_3"},"elements":[{"from":[-5,0,14],"to":[-2,16,17],"faces":{"north":{"uv":[14.71875,11.78125,14.8125,12.28125],"texture":"#0"},"east":{"uv":[14.8125,11.78125,14.90625,12.28125],"texture":"#0"},"south":{"uv":[14.90625,11.78125,15,12.28125],"texture":"#0"},"west":{"uv":[15,11.78125,15.09375,12.28125],"texture":"#0"},"up":{"uv":[14.5625,12.125,14.46875,12.03125],"texture":"#0"},"down":{"uv":[14.65625,12.03125,14.5625,12.125],"texture":"#0"}}},{"from":[-5,0,-1],"to":[-2,16,2],"faces":{"north":{"uv":[14.71875,11.78125,14.8125,12.28125],"texture":"#0"},"east":{"uv":[14.8125,11.78125,14.90625,12.28125],"texture":"#0"},"south":{"uv":[14.90625,11.78125,15,12.28125],"texture":"#0"},"west":{"uv":[15,11.78125,15.09375,12.28125],"texture":"#0"},"up":{"uv":[14.5625,12.125,14.46875,12.03125],"texture":"#0"},"down":{"uv":[14.65625,12.03125,14.5625,12.125],"texture":"#0"}}},{"from":[18,0,-1],"to":[21,16,2],"faces":{"north":{"uv":[14.71875,11.78125,14.8125,12.28125],"texture":"#0"},"east":{"uv":[14.8125,11.78125,14.90625,12.28125],"texture":"#0"},"south":{"uv":[14.90625,11.78125,15,12.28125],"texture":"#0"},"west":{"uv":[15,11.78125,15.09375,12.28125],"texture":"#0"},"up":{"uv":[14.5625,12.125,14.46875,12.03125],"texture":"#0"},"down":{"uv":[14.65625,12.03125,14.5625,12.125],"texture":"#0"}}},{"from":[18,0,14],"to":[21,16,17],"faces":{"north":{"uv":[14.71875,11.78125,14.8125,12.28125],"texture":"#0"},"east":{"uv":[14.8125,11.78125,14.90625,12.28125],"texture":"#0"},"south":{"uv":[14.90625,11.78125,15,12.28125],"texture":"#0"},"west":{"uv":[15,11.78125,15.09375,12.28125],"texture":"#0"},"up":{"uv":[14.5625,12.125,14.46875,12.03125],"texture":"#0"},"down":{"uv":[14.65625,12.03125,14.5625,12.125],"texture":"#0"}}},{"from":[-6,16,-2],"to":[22,18,18],"faces":{"north":{"uv":[14.71875,11.65625,15.59375,11.71875],"texture":"#0"},"east":{"uv":[13.84375,12.03125,14.46875,12.09375],"texture":"#0"},"south":{"uv":[14.71875,11.71875,15.59375,11.78125],"texture":"#0"},"west":{"uv":[15.09375,11.78125,15.71875,11.84375],"texture":"#0"},"up":{"uv":[14.71875,11.40625,13.84375,10.78125],"texture":"#0"},"down":{"uv":[14.71875,11.40625,13.84375,12.03125],"texture":"#0"}}},{"from":[-6,9,18],"to":[22,16,18],"faces":{"north":{"uv":[14.71875,10.78125,15.59375,11],"texture":"#0"},"east":{"uv":[13.84375,10.78125,13.84375,11],"texture":"#0"},"south":{"uv":[14.71875,11,15.59375,11.21875],"texture":"#0"},"west":{"uv":[13.84375,10.78125,13.84375,11],"texture":"#0"},"up":{"uv":[14.71875,10.78125,13.84375,10.78125],"texture":"#0"},"down":{"uv":[14.71875,10.78125,13.84375,10.78125],"texture":"#0"}}},{"from":[-6,9,-2],"to":[22,16,-2],"rotation":{"angle":0,"axis":"y","origin":[0,0,16]},"faces":{"north":{"uv":[15.59375,11,14.71875,11.21875],"texture":"#0"},"east":{"uv":[13.84375,10.78125,13.84375,11],"texture":"#0"},"south":{"uv":[15.59375,10.78125,14.71875,11],"texture":"#0"},"west":{"uv":[13.84375,10.78125,13.84375,11],"texture":"#0"},"up":{"uv":[14.71875,10.78125,13.84375,10.78125],"texture":"#0"},"down":{"uv":[14.71875,10.78125,13.84375,10.78125],"texture":"#0"}}},{"from":[22,9,-2],"to":[22,16,18],"faces":{"north":{"uv":[13.84375,10.78125,13.84375,11],"texture":"#0"},"east":{"uv":[14.71875,11.21875,15.34375,11.4375],"texture":"#0"},"south":{"uv":[13.84375,10.78125,13.84375,11],"texture":"#0"},"west":{"uv":[14.71875,11.4375,15.34375,11.65625],"texture":"#0"},"up":{"uv":[13.84375,11.40625,13.84375,10.78125],"texture":"#0"},"down":{"uv":[13.84375,10.78125,13.84375,11.40625],"texture":"#0"}}},{"from":[-6,9,-2],"to":[-6,16,18],"rotation":{"angle":0,"axis":"y","origin":[16,0,0]},"faces":{"north":{"uv":[13.84375,10.78125,13.84375,11],"texture":"#0"},"east":{"uv":[15.34375,11.4375,14.71875,11.65625],"texture":"#0"},"south":{"uv":[13.84375,10.78125,13.84375,11],"texture":"#0"},"west":{"uv":[15.34375,11.21875,14.71875,11.4375],"texture":"#0"},"up":{"uv":[13.84375,11.40625,13.84375,10.78125],"texture":"#0"},"down":{"uv":[13.84375,10.78125,13.84375,11.40625],"texture":"#0"}}}],"gui_light":"front","display":{"thirdperson_righthand":{"translation":[0,3,1],"scale":[0.55,0.55,0.55]},"thirdperson_lefthand":{"translation":[0,3,1],"scale":[0.55,0.55,0.55]},"firstperson_righthand":{"translation":[4.25,0,0],"scale":[0.2,0.2,0.2]},"firstperson_lefthand":{"translation":[4.25,0,0],"scale":[0.2,0.2,0.2]},"ground":{"translation":[0,2,0],"scale":[0.5,0.5,0.5]},"gui":{"rotation":[15,145,0],"translation":[0,-0.5,0],"scale":[0.5,0.5,0.5]},"head":{"translation":[-0.25,-31.199,0],"scale":[1.5,1.5,1.5]},"fixed":{"rotation":[-90,0,0],"translation":[0,0,-16],"scale":[2,2,2]}}}