{"credit":"Made with Blockbench","texture_size":[128,128],"textures":{"0":"furnitures:rivrs/furnitures_color_4","particle":"furnitures:rivrs/furnitures_color_4"},"elements":[{"from":[-6,13,-16],"to":[21,15,32],"faces":{"north":{"uv":[8.375,1.40625,9.21875,1.46875],"texture":"#0"},"east":{"uv":[8.375,1.15625,9.875,1.21875],"texture":"#0"},"south":{"uv":[8,1.84375,8.84375,1.90625],"texture":"#0"},"west":{"uv":[8.375,1.21875,9.875,1.28125],"texture":"#0"},"up":{"uv":[7.53125,1.5,6.6875,0],"texture":"#0"},"down":{"uv":[8.375,0,7.53125,1.5],"texture":"#0"}}},{"from":[-3,11,-12],"to":[18,13,29],"faces":{"north":{"uv":[8,1.90625,8.65625,1.96875],"texture":"#0"},"east":{"uv":[8.375,1.28125,9.65625,1.34375],"texture":"#0"},"south":{"uv":[8,1.96875,8.65625,2.03125],"texture":"#0"},"west":{"uv":[8.375,1.34375,9.65625,1.40625],"texture":"#0"},"up":{"uv":[7.34375,2.78125,6.6875,1.5],"texture":"#0"},"down":{"uv":[8,1.5,7.34375,2.78125],"texture":"#0"}}},{"from":[-5,0,26],"to":[20,11,26],"faces":{"north":{"uv":[9.09375,0,8.375,0.34375],"texture":"#0"},"east":{"uv":[6.6875,0,6.6875,0.34375],"texture":"#0"},"south":{"uv":[8.375,0,9.09375,0.34375],"texture":"#0"},"west":{"uv":[6.6875,0,6.6875,0.34375],"texture":"#0"},"up":{"uv":[7.40625,0,6.6875,0],"texture":"#0"},"down":{"uv":[7.40625,0,6.6875,0],"texture":"#0"}}},{"from":[-5,0,-9],"to":[20,11,-9],"faces":{"north":{"uv":[9.09375,0,8.375,0.34375],"texture":"#0"},"east":{"uv":[6.6875,0,6.6875,0.34375],"texture":"#0"},"south":{"uv":[8.375,0,9.09375,0.34375],"texture":"#0"},"west":{"uv":[6.6875,0,6.6875,0.34375],"texture":"#0"},"up":{"uv":[7.40625,0,6.6875,0],"texture":"#0"},"down":{"uv":[7.40625,0,6.6875,0],"texture":"#0"}}},{"from":[0,15.9,-14],"to":[2,17.9,-1],"faces":{"north":{"uv":[8.84375,0.78125,8.90625,0.84375],"texture":"#0"},"east":{"uv":[8.71875,1.46875,9.125,1.53125],"texture":"#0"},"south":{"uv":[8.84375,0.84375,8.90625,0.90625],"texture":"#0"},"west":{"uv":[8.21875,2.03125,8.625,2.09375],"texture":"#0"},"up":{"uv":[8.84375,0.75,8.78125,0.34375],"texture":"#0"},"down":{"uv":[8.84375,0.75,8.78125,1.15625],"texture":"#0"}}},{"from":[13,15.9,-12],"to":[15,17.9,1],"faces":{"north":{"uv":[8.84375,0.90625,8.90625,0.96875],"texture":"#0"},"east":{"uv":[8.71875,1.53125,9.125,1.59375],"texture":"#0"},"south":{"uv":[8.84375,0.96875,8.90625,1.03125],"texture":"#0"},"west":{"uv":[8.71875,1.59375,9.125,1.65625],"texture":"#0"},"up":{"uv":[8.28125,2.5,8.21875,2.09375],"texture":"#0"},"down":{"uv":[8.34375,2.09375,8.28125,2.5],"texture":"#0"}}},{"from":[0,15.9,-1],"to":[13,17.9,1],"faces":{"north":{"uv":[8.71875,1.65625,9.125,1.71875],"texture":"#0"},"east":{"uv":[8.84375,1.03125,8.90625,1.09375],"texture":"#0"},"south":{"uv":[8.71875,1.71875,9.125,1.78125],"texture":"#0"},"west":{"uv":[8.84375,1.09375,8.90625,1.15625],"texture":"#0"},"up":{"uv":[9.125,1.84375,8.71875,1.78125],"texture":"#0"},"down":{"uv":[8.75,2.09375,8.34375,2.15625],"texture":"#0"}}},{"from":[4,16.9,-6.5],"to":[11,22.9,-6.5],"faces":{"north":{"uv":[8,2.03125,8.21875,2.21875],"texture":"#0"},"east":{"uv":[6.6875,0,6.6875,0.1875],"texture":"#0"},"south":{"uv":[8,2.03125,8.21875,2.21875],"texture":"#0"},"west":{"uv":[6.6875,0,6.6875,0.1875],"texture":"#0"},"up":{"uv":[6.90625,0,6.6875,0],"texture":"#0"},"down":{"uv":[6.90625,0,6.6875,0],"texture":"#0"}}},{"from":[7.5,16.9,-10],"to":[7.5,22.9,-3],"rotation":{"angle":0,"axis":"y","origin":[7.5,19.9,-6.5]},"faces":{"north":{"uv":[6.6875,0,6.6875,0.1875],"texture":"#0"},"east":{"uv":[8,2.03125,8.21875,2.21875],"texture":"#0"},"south":{"uv":[6.6875,0,6.6875,0.1875],"texture":"#0"},"west":{"uv":[8,2.03125,8.21875,2.21875],"texture":"#0"},"up":{"uv":[6.90625,0,6.6875,0],"rotation":90,"texture":"#0"},"down":{"uv":[6.90625,0,6.6875,0],"rotation":270,"texture":"#0"}}},{"from":[2,15.9,-14],"to":[15,17.9,-12],"faces":{"north":{"uv":[8.75,2.09375,9.15625,2.15625],"texture":"#0"},"east":{"uv":[8.34375,2.15625,8.40625,2.21875],"texture":"#0"},"south":{"uv":[8.84375,0.34375,9.25,0.40625],"texture":"#0"},"west":{"uv":[8.40625,2.15625,8.46875,2.21875],"texture":"#0"},"up":{"uv":[9.25,0.46875,8.84375,0.40625],"texture":"#0"},"down":{"uv":[9.25,0.46875,8.84375,0.53125],"texture":"#0"}}},{"from":[1,14.9,-13],"to":[14,16.9,0],"faces":{"north":{"uv":[8.84375,0.53125,9.25,0.59375],"texture":"#0"},"east":{"uv":[8.84375,0.59375,9.25,0.65625],"texture":"#0"},"south":{"uv":[8.84375,0.65625,9.25,0.71875],"texture":"#0"},"west":{"uv":[8.84375,0.71875,9.25,0.78125],"texture":"#0"},"up":{"uv":[8.78125,0.75,8.375,0.34375],"texture":"#0"},"down":{"uv":[8.78125,0.75,8.375,1.15625],"texture":"#0"}}},{"from":[-5,7,-12],"to":[-5,13,29],"faces":{"north":{"uv":[6.6875,0,6.6875,0.1875],"texture":"#0"},"east":{"uv":[8,2.59375,9.28125,2.78125],"texture":"#0"},"south":{"uv":[6.6875,0,6.6875,0.1875],"texture":"#0"},"west":{"uv":[8,2.59375,9.28125,2.78125],"texture":"#0"},"up":{"uv":[6.6875,0,6.6875,1.28125],"texture":"#0"},"down":{"uv":[6.6875,0,6.6875,1.28125],"texture":"#0"}}},{"from":[20,7,-12],"to":[20,13,29],"faces":{"north":{"uv":[6.6875,0,6.6875,0.1875],"texture":"#0"},"east":{"uv":[8,2.59375,9.28125,2.78125],"texture":"#0"},"south":{"uv":[6.6875,0,6.6875,0.1875],"texture":"#0"},"west":{"uv":[8,2.59375,9.28125,2.78125],"texture":"#0"},"up":{"uv":[6.6875,0,6.6875,1.28125],"texture":"#0"},"down":{"uv":[6.6875,0,6.6875,1.28125],"texture":"#0"}}}],"gui_light":"front","display":{"thirdperson_righthand":{"rotation":[0,90,0],"translation":[0,1.5,1],"scale":[0.3,0.3,0.3]},"thirdperson_lefthand":{"rotation":[0,90,0],"translation":[0,1.5,1],"scale":[0.3,0.3,0.3]},"firstperson_righthand":{"rotation":[0,90,0],"translation":[2,1.5,2.25],"scale":[0.3,0.3,0.3]},"firstperson_lefthand":{"rotation":[0,90,0],"translation":[2,1.5,2.25],"scale":[0.3,0.3,0.3]},"ground":{"translation":[0,2,0],"scale":[0.5,0.5,0.5]},"gui":{"rotation":[17,-18,0],"translation":[0.5,-0.75,0],"scale":[0.4,0.4,0.4]},"head":{"translation":[0,-31.2,0],"scale":[1.5,1.5,1.5]},"fixed":{"rotation":[-90,0,0],"translation":[0,0,-16],"scale":[2,2,2]}}}