{"credit":"Made with Blockbench","texture_size":[64,64],"textures":{"0":"furnitures:rivrs/furnitures_color_4","particle":"furnitures:rivrs/furnitures_color_4"},"elements":[{"from":[-7,14,-7],"to":[23,16,23],"faces":{"north":{"uv":[5.5625,0.625,6.5,0.6875],"texture":"#0"},"east":{"uv":[5.5625,0.6875,6.5,0.75],"texture":"#0"},"south":{"uv":[5.5625,0.75,6.5,0.8125],"texture":"#0"},"west":{"uv":[5.5625,0.8125,6.5,0.875],"texture":"#0"},"up":{"uv":[5.5625,0.9375,4.625,0],"texture":"#0"},"down":{"uv":[5.5625,0.9375,4.625,1.875],"texture":"#0"}}},{"from":[-9,14,15],"to":[-7,16,19],"rotation":{"angle":0,"axis":"y","origin":[8,0,8]},"faces":{"north":{"uv":[6.25,1.0625,6.3125,1.125],"texture":"#0"},"east":{"uv":[6.21875,0.4375,6.34375,0.5],"texture":"#0"},"south":{"uv":[5.75,1.625,5.8125,1.6875],"texture":"#0"},"west":{"uv":[6.21875,0.5,6.34375,0.5625],"texture":"#0"},"up":{"uv":[6.28125,1.625,6.21875,1.5],"texture":"#0"},"down":{"uv":[6.3125,0,6.25,0.125],"texture":"#0"}}},{"from":[-10,14,1],"to":[-7,16,15],"rotation":{"angle":0,"axis":"y","origin":[8,0,8]},"faces":{"north":{"uv":[6.25,1,6.34375,1.0625],"texture":"#0"},"east":{"uv":[6.125,0.3125,6.5625,0.375],"texture":"#0"},"south":{"uv":[5.65625,1.625,5.75,1.6875],"texture":"#0"},"west":{"uv":[6.125,0.375,6.5625,0.4375],"texture":"#0"},"up":{"uv":[5.65625,1.3125,5.5625,0.875],"texture":"#0"},"down":{"uv":[5.75,0.875,5.65625,1.3125],"texture":"#0"}}},{"from":[-9,14,-3],"to":[-7,16,1],"rotation":{"angle":0,"axis":"y","origin":[8,0,8]},"faces":{"north":{"uv":[6.25,1.125,6.3125,1.1875],"texture":"#0"},"east":{"uv":[6.21875,0.5625,6.34375,0.625],"texture":"#0"},"south":{"uv":[5.8125,1.625,5.875,1.6875],"texture":"#0"},"west":{"uv":[6.25,0.125,6.375,0.1875],"texture":"#0"},"up":{"uv":[6.3125,0.3125,6.25,0.1875],"texture":"#0"},"down":{"uv":[6.3125,0.875,6.25,1],"texture":"#0"}}},{"from":[1,14,23],"to":[15,16,26],"rotation":{"angle":0,"axis":"y","origin":[8,0,8]},"faces":{"north":{"uv":[6.125,0.3125,6.5625,0.375],"texture":"#0"},"east":{"uv":[5.65625,1.625,5.75,1.6875],"texture":"#0"},"south":{"uv":[6.125,0.375,6.5625,0.4375],"texture":"#0"},"west":{"uv":[6.25,1,6.34375,1.0625],"texture":"#0"},"up":{"uv":[5.65625,1.3125,5.5625,0.875],"rotation":270,"texture":"#0"},"down":{"uv":[5.75,0.875,5.65625,1.3125],"rotation":90,"texture":"#0"}}},{"from":[15,14,23],"to":[19,16,25],"rotation":{"angle":0,"axis":"y","origin":[8,0,8]},"faces":{"north":{"uv":[6.21875,0.4375,6.34375,0.5],"texture":"#0"},"east":{"uv":[5.75,1.625,5.8125,1.6875],"texture":"#0"},"south":{"uv":[6.21875,0.5,6.34375,0.5625],"texture":"#0"},"west":{"uv":[6.25,1.0625,6.3125,1.125],"texture":"#0"},"up":{"uv":[6.28125,1.625,6.21875,1.5],"rotation":270,"texture":"#0"},"down":{"uv":[6.3125,0,6.25,0.125],"rotation":90,"texture":"#0"}}},{"from":[-3,14,23],"to":[1,16,25],"rotation":{"angle":0,"axis":"y","origin":[8,0,8]},"faces":{"north":{"uv":[6.21875,0.5625,6.34375,0.625],"texture":"#0"},"east":{"uv":[5.8125,1.625,5.875,1.6875],"texture":"#0"},"south":{"uv":[6.25,0.125,6.375,0.1875],"texture":"#0"},"west":{"uv":[6.25,1.125,6.3125,1.1875],"texture":"#0"},"up":{"uv":[6.3125,0.3125,6.25,0.1875],"rotation":270,"texture":"#0"},"down":{"uv":[6.3125,0.875,6.25,1],"rotation":90,"texture":"#0"}}},{"from":[23,14,1],"to":[26,16,15],"rotation":{"angle":0,"axis":"y","origin":[8,0,8]},"faces":{"north":{"uv":[5.65625,1.625,5.75,1.6875],"texture":"#0"},"east":{"uv":[6.125,0.375,6.5625,0.4375],"texture":"#0"},"south":{"uv":[6.25,1,6.34375,1.0625],"texture":"#0"},"west":{"uv":[6.125,0.3125,6.5625,0.375],"texture":"#0"},"up":{"uv":[5.65625,1.3125,5.5625,0.875],"rotation":180,"texture":"#0"},"down":{"uv":[5.75,0.875,5.65625,1.3125],"rotation":180,"texture":"#0"}}},{"from":[23,14,-3],"to":[25,16,1],"rotation":{"angle":0,"axis":"y","origin":[8,0,8]},"faces":{"north":{"uv":[5.75,1.625,5.8125,1.6875],"texture":"#0"},"east":{"uv":[6.21875,0.5,6.34375,0.5625],"texture":"#0"},"south":{"uv":[6.25,1.0625,6.3125,1.125],"texture":"#0"},"west":{"uv":[6.21875,0.4375,6.34375,0.5],"texture":"#0"},"up":{"uv":[6.28125,1.625,6.21875,1.5],"rotation":180,"texture":"#0"},"down":{"uv":[6.3125,0,6.25,0.125],"rotation":180,"texture":"#0"}}},{"from":[23,14,15],"to":[25,16,19],"rotation":{"angle":0,"axis":"y","origin":[8,0,8]},"faces":{"north":{"uv":[5.8125,1.625,5.875,1.6875],"texture":"#0"},"east":{"uv":[6.25,0.125,6.375,0.1875],"texture":"#0"},"south":{"uv":[6.25,1.125,6.3125,1.1875],"texture":"#0"},"west":{"uv":[6.21875,0.5625,6.34375,0.625],"texture":"#0"},"up":{"uv":[6.3125,0.3125,6.25,0.1875],"rotation":180,"texture":"#0"},"down":{"uv":[6.3125,0.875,6.25,1],"rotation":180,"texture":"#0"}}},{"from":[1,14,-10],"to":[15,16,-7],"rotation":{"angle":0,"axis":"y","origin":[8,0,8]},"faces":{"north":{"uv":[6.125,0.375,6.5625,0.4375],"texture":"#0"},"east":{"uv":[6.25,1,6.34375,1.0625],"texture":"#0"},"south":{"uv":[6.125,0.3125,6.5625,0.375],"texture":"#0"},"west":{"uv":[5.65625,1.625,5.75,1.6875],"texture":"#0"},"up":{"uv":[5.65625,1.3125,5.5625,0.875],"rotation":90,"texture":"#0"},"down":{"uv":[5.75,0.875,5.65625,1.3125],"rotation":270,"texture":"#0"}}},{"from":[-3,14,-9],"to":[1,16,-7],"rotation":{"angle":0,"axis":"y","origin":[8,0,8]},"faces":{"north":{"uv":[6.21875,0.5,6.34375,0.5625],"texture":"#0"},"east":{"uv":[6.25,1.0625,6.3125,1.125],"texture":"#0"},"south":{"uv":[6.21875,0.4375,6.34375,0.5],"texture":"#0"},"west":{"uv":[5.75,1.625,5.8125,1.6875],"texture":"#0"},"up":{"uv":[6.28125,1.625,6.21875,1.5],"rotation":90,"texture":"#0"},"down":{"uv":[6.3125,0,6.25,0.125],"rotation":270,"texture":"#0"}}},{"from":[15,14,-9],"to":[19,16,-7],"rotation":{"angle":0,"axis":"y","origin":[8,0,8]},"faces":{"north":{"uv":[6.25,0.125,6.375,0.1875],"texture":"#0"},"east":{"uv":[6.25,1.125,6.3125,1.1875],"texture":"#0"},"south":{"uv":[6.21875,0.5625,6.34375,0.625],"texture":"#0"},"west":{"uv":[5.8125,1.625,5.875,1.6875],"texture":"#0"},"up":{"uv":[6.3125,0.3125,6.25,0.1875],"rotation":90,"texture":"#0"},"down":{"uv":[6.3125,0.875,6.25,1],"rotation":270,"texture":"#0"}}},{"from":[-7,4,-7],"to":[-7,14,-3],"rotation":{"angle":0,"axis":"y","origin":[8,0,8]},"faces":{"north":{"uv":[4.625,0,4.625,0.3125],"texture":"#0"},"east":{"uv":[5.90625,1.3125,5.78125,1.625],"texture":"#0"},"south":{"uv":[4.625,0,4.625,0.3125],"texture":"#0"},"west":{"uv":[5.78125,1.3125,5.90625,1.625],"texture":"#0"},"up":{"uv":[4.625,0.125,4.625,0],"texture":"#0"},"down":{"uv":[4.625,0,4.625,0.125],"texture":"#0"}}},{"from":[-7,4,19],"to":[-7,14,23],"rotation":{"angle":0,"axis":"y","origin":[8,0,8]},"faces":{"north":{"uv":[4.625,0,4.625,0.3125],"texture":"#0"},"east":{"uv":[6.125,0,6,0.3125],"texture":"#0"},"south":{"uv":[4.625,0,4.625,0.3125],"texture":"#0"},"west":{"uv":[6,0,6.125,0.3125],"texture":"#0"},"up":{"uv":[4.625,0.125,4.625,0],"texture":"#0"},"down":{"uv":[4.625,0,4.625,0.125],"texture":"#0"}}},{"from":[-9,4,15],"to":[-9,14,19],"rotation":{"angle":0,"axis":"y","origin":[8,0,8]},"faces":{"north":{"uv":[4.625,0,4.625,0.3125],"texture":"#0"},"east":{"uv":[6.15625,0.875,6.03125,1.1875],"texture":"#0"},"south":{"uv":[4.625,0,4.625,0.3125],"texture":"#0"},"west":{"uv":[6.03125,0.875,6.15625,1.1875],"texture":"#0"},"up":{"uv":[4.625,0.125,4.625,0],"texture":"#0"},"down":{"uv":[4.625,0,4.625,0.125],"texture":"#0"}}},{"from":[-10,4,1],"to":[-10,14,15],"rotation":{"angle":0,"axis":"y","origin":[8,0,8]},"faces":{"north":{"uv":[4.625,0,4.625,0.3125],"texture":"#0"},"east":{"uv":[6,0.3125,5.5625,0.625],"texture":"#0"},"south":{"uv":[4.625,0,4.625,0.3125],"texture":"#0"},"west":{"uv":[5.5625,0.3125,6,0.625],"texture":"#0"},"up":{"uv":[4.625,0.4375,4.625,0],"texture":"#0"},"down":{"uv":[4.625,0,4.625,0.4375],"texture":"#0"}}},{"from":[-10,4,15],"to":[-9,14,15],"rotation":{"angle":0,"axis":"y","origin":[8,0,8]},"faces":{"north":{"uv":[6.1875,1.5,6.21875,1.8125],"texture":"#0"},"east":{"uv":[4.625,0,4.625,0.3125],"texture":"#0"},"south":{"uv":[6.1875,1.5,6.21875,1.8125],"texture":"#0"},"west":{"uv":[4.625,0,4.625,0.3125],"texture":"#0"},"up":{"uv":[4.65625,0,4.625,0],"texture":"#0"},"down":{"uv":[4.65625,0,4.625,0],"texture":"#0"}}},{"from":[-10,4,1],"to":[-9,14,1],"rotation":{"angle":0,"axis":"y","origin":[8,0,8]},"faces":{"north":{"uv":[6.21875,0.875,6.25,1.1875],"texture":"#0"},"east":{"uv":[4.625,0,4.625,0.3125],"texture":"#0"},"south":{"uv":[6.21875,0.875,6.25,1.1875],"texture":"#0"},"west":{"uv":[4.625,0,4.625,0.3125],"texture":"#0"},"up":{"uv":[4.65625,0,4.625,0],"texture":"#0"},"down":{"uv":[4.65625,0,4.625,0],"texture":"#0"}}},{"from":[-9,4,-3],"to":[-9,14,1],"rotation":{"angle":0,"axis":"y","origin":[8,0,8]},"faces":{"north":{"uv":[4.625,0,4.625,0.3125],"texture":"#0"},"east":{"uv":[6.25,0,6.125,0.3125],"texture":"#0"},"south":{"uv":[4.625,0,4.625,0.3125],"texture":"#0"},"west":{"uv":[6.125,0,6.25,0.3125],"texture":"#0"},"up":{"uv":[4.625,0.125,4.625,0],"texture":"#0"},"down":{"uv":[4.625,0,4.625,0.125],"texture":"#0"}}},{"from":[-9,4,-3],"to":[-7,14,-3],"rotation":{"angle":0,"axis":"y","origin":[8,0,8]},"faces":{"north":{"uv":[6.03125,1.5,6.09375,1.8125],"texture":"#0"},"east":{"uv":[4.625,0,4.625,0.3125],"texture":"#0"},"south":{"uv":[6.09375,1.5,6.03125,1.8125],"texture":"#0"},"west":{"uv":[4.625,0,4.625,0.3125],"texture":"#0"},"up":{"uv":[4.6875,0,4.625,0],"texture":"#0"},"down":{"uv":[4.6875,0,4.625,0],"texture":"#0"}}},{"from":[-9,4,19],"to":[-7,14,19],"rotation":{"angle":0,"axis":"y","origin":[8,0,8]},"faces":{"north":{"uv":[6.21875,1.1875,6.15625,1.5],"texture":"#0"},"east":{"uv":[4.625,0,4.625,0.3125],"texture":"#0"},"south":{"uv":[6.15625,1.1875,6.21875,1.5],"texture":"#0"},"west":{"uv":[4.625,0,4.625,0.3125],"texture":"#0"},"up":{"uv":[4.6875,0,4.625,0],"texture":"#0"},"down":{"uv":[4.6875,0,4.625,0],"texture":"#0"}}},{"from":[-7,4,23],"to":[-3,14,23],"rotation":{"angle":0,"axis":"y","origin":[8,0,8]},"faces":{"north":{"uv":[5.90625,1.3125,5.78125,1.625],"texture":"#0"},"east":{"uv":[4.625,0,4.625,0.3125],"texture":"#0"},"south":{"uv":[5.78125,1.3125,5.90625,1.625],"texture":"#0"},"west":{"uv":[4.625,0,4.625,0.3125],"texture":"#0"},"up":{"uv":[4.625,0.125,4.625,0],"rotation":270,"texture":"#0"},"down":{"uv":[4.625,0,4.625,0.125],"rotation":90,"texture":"#0"}}},{"from":[-3,4,25],"to":[1,14,25],"rotation":{"angle":0,"axis":"y","origin":[8,0,8]},"faces":{"north":{"uv":[6.25,0,6.125,0.3125],"texture":"#0"},"east":{"uv":[4.625,0,4.625,0.3125],"texture":"#0"},"south":{"uv":[6.125,0,6.25,0.3125],"texture":"#0"},"west":{"uv":[4.625,0,4.625,0.3125],"texture":"#0"},"up":{"uv":[4.625,0.125,4.625,0],"rotation":270,"texture":"#0"},"down":{"uv":[4.625,0,4.625,0.125],"rotation":90,"texture":"#0"}}},{"from":[1,4,26],"to":[15,14,26],"rotation":{"angle":0,"axis":"y","origin":[8,0,8]},"faces":{"north":{"uv":[6,0.3125,5.5625,0.625],"texture":"#0"},"east":{"uv":[4.625,0,4.625,0.3125],"texture":"#0"},"south":{"uv":[5.5625,0.3125,6,0.625],"texture":"#0"},"west":{"uv":[4.625,0,4.625,0.3125],"texture":"#0"},"up":{"uv":[4.625,0.4375,4.625,0],"rotation":270,"texture":"#0"},"down":{"uv":[4.625,0,4.625,0.4375],"rotation":90,"texture":"#0"}}},{"from":[15,4,25],"to":[19,14,25],"rotation":{"angle":0,"axis":"y","origin":[8,0,8]},"faces":{"north":{"uv":[6.15625,0.875,6.03125,1.1875],"texture":"#0"},"east":{"uv":[4.625,0,4.625,0.3125],"texture":"#0"},"south":{"uv":[6.03125,0.875,6.15625,1.1875],"texture":"#0"},"west":{"uv":[4.625,0,4.625,0.3125],"texture":"#0"},"up":{"uv":[4.625,0.125,4.625,0],"rotation":270,"texture":"#0"},"down":{"uv":[4.625,0,4.625,0.125],"rotation":90,"texture":"#0"}}},{"from":[19,4,23],"to":[23,14,23],"rotation":{"angle":0,"axis":"y","origin":[8,0,8]},"faces":{"north":{"uv":[6.125,0,6,0.3125],"texture":"#0"},"east":{"uv":[4.625,0,4.625,0.3125],"texture":"#0"},"south":{"uv":[6,0,6.125,0.3125],"texture":"#0"},"west":{"uv":[4.625,0,4.625,0.3125],"texture":"#0"},"up":{"uv":[4.625,0.125,4.625,0],"rotation":270,"texture":"#0"},"down":{"uv":[4.625,0,4.625,0.125],"rotation":90,"texture":"#0"}}},{"from":[-3,4,23],"to":[-3,14,25],"rotation":{"angle":0,"axis":"y","origin":[8,0,8]},"faces":{"north":{"uv":[4.625,0,4.625,0.3125],"texture":"#0"},"east":{"uv":[6.09375,1.5,6.03125,1.8125],"texture":"#0"},"south":{"uv":[4.625,0,4.625,0.3125],"texture":"#0"},"west":{"uv":[6.03125,1.5,6.09375,1.8125],"texture":"#0"},"up":{"uv":[4.6875,0,4.625,0],"rotation":270,"texture":"#0"},"down":{"uv":[4.6875,0,4.625,0],"rotation":90,"texture":"#0"}}},{"from":[1,4,25],"to":[1,14,26],"rotation":{"angle":0,"axis":"y","origin":[8,0,8]},"faces":{"north":{"uv":[4.625,0,4.625,0.3125],"texture":"#0"},"east":{"uv":[6.21875,0.875,6.25,1.1875],"texture":"#0"},"south":{"uv":[4.625,0,4.625,0.3125],"texture":"#0"},"west":{"uv":[6.21875,0.875,6.25,1.1875],"texture":"#0"},"up":{"uv":[4.65625,0,4.625,0],"rotation":270,"texture":"#0"},"down":{"uv":[4.65625,0,4.625,0],"rotation":90,"texture":"#0"}}},{"from":[15,4,25],"to":[15,14,26],"rotation":{"angle":0,"axis":"y","origin":[8,0,8]},"faces":{"north":{"uv":[4.625,0,4.625,0.3125],"texture":"#0"},"east":{"uv":[6.1875,1.5,6.21875,1.8125],"texture":"#0"},"south":{"uv":[4.625,0,4.625,0.3125],"texture":"#0"},"west":{"uv":[6.1875,1.5,6.21875,1.8125],"texture":"#0"},"up":{"uv":[4.65625,0,4.625,0],"rotation":270,"texture":"#0"},"down":{"uv":[4.65625,0,4.625,0],"rotation":90,"texture":"#0"}}},{"from":[19,4,23],"to":[19,14,25],"rotation":{"angle":0,"axis":"y","origin":[8,0,8]},"faces":{"north":{"uv":[4.625,0,4.625,0.3125],"texture":"#0"},"east":{"uv":[6.15625,1.1875,6.21875,1.5],"texture":"#0"},"south":{"uv":[4.625,0,4.625,0.3125],"texture":"#0"},"west":{"uv":[6.21875,1.1875,6.15625,1.5],"texture":"#0"},"up":{"uv":[4.6875,0,4.625,0],"rotation":270,"texture":"#0"},"down":{"uv":[4.6875,0,4.625,0],"rotation":90,"texture":"#0"}}},{"from":[23,4,19],"to":[23,14,23],"rotation":{"angle":0,"axis":"y","origin":[8,0,8]},"faces":{"north":{"uv":[4.625,0,4.625,0.3125],"texture":"#0"},"east":{"uv":[5.78125,1.3125,5.90625,1.625],"texture":"#0"},"south":{"uv":[4.625,0,4.625,0.3125],"texture":"#0"},"west":{"uv":[5.90625,1.3125,5.78125,1.625],"texture":"#0"},"up":{"uv":[4.625,0.125,4.625,0],"rotation":180,"texture":"#0"},"down":{"uv":[4.625,0,4.625,0.125],"rotation":180,"texture":"#0"}}},{"from":[25,4,15],"to":[25,14,19],"rotation":{"angle":0,"axis":"y","origin":[8,0,8]},"faces":{"north":{"uv":[4.625,0,4.625,0.3125],"texture":"#0"},"east":{"uv":[6.125,0,6.25,0.3125],"texture":"#0"},"south":{"uv":[4.625,0,4.625,0.3125],"texture":"#0"},"west":{"uv":[6.25,0,6.125,0.3125],"texture":"#0"},"up":{"uv":[4.625,0.125,4.625,0],"rotation":180,"texture":"#0"},"down":{"uv":[4.625,0,4.625,0.125],"rotation":180,"texture":"#0"}}},{"from":[26,4,1],"to":[26,14,15],"rotation":{"angle":0,"axis":"y","origin":[8,0,8]},"faces":{"north":{"uv":[4.625,0,4.625,0.3125],"texture":"#0"},"east":{"uv":[5.5625,0.3125,6,0.625],"texture":"#0"},"south":{"uv":[4.625,0,4.625,0.3125],"texture":"#0"},"west":{"uv":[6,0.3125,5.5625,0.625],"texture":"#0"},"up":{"uv":[4.625,0.4375,4.625,0],"rotation":180,"texture":"#0"},"down":{"uv":[4.625,0,4.625,0.4375],"rotation":180,"texture":"#0"}}},{"from":[25,4,-3],"to":[25,14,1],"rotation":{"angle":0,"axis":"y","origin":[8,0,8]},"faces":{"north":{"uv":[4.625,0,4.625,0.3125],"texture":"#0"},"east":{"uv":[6.03125,0.875,6.15625,1.1875],"texture":"#0"},"south":{"uv":[4.625,0,4.625,0.3125],"texture":"#0"},"west":{"uv":[6.15625,0.875,6.03125,1.1875],"texture":"#0"},"up":{"uv":[4.625,0.125,4.625,0],"rotation":180,"texture":"#0"},"down":{"uv":[4.625,0,4.625,0.125],"rotation":180,"texture":"#0"}}},{"from":[23,4,-7],"to":[23,14,-3],"rotation":{"angle":0,"axis":"y","origin":[8,0,8]},"faces":{"north":{"uv":[4.625,0,4.625,0.3125],"texture":"#0"},"east":{"uv":[6,0,6.125,0.3125],"texture":"#0"},"south":{"uv":[4.625,0,4.625,0.3125],"texture":"#0"},"west":{"uv":[6.125,0,6,0.3125],"texture":"#0"},"up":{"uv":[4.625,0.125,4.625,0],"rotation":180,"texture":"#0"},"down":{"uv":[4.625,0,4.625,0.125],"rotation":180,"texture":"#0"}}},{"from":[23,4,19],"to":[25,14,19],"rotation":{"angle":0,"axis":"y","origin":[8,0,8]},"faces":{"north":{"uv":[6.09375,1.5,6.03125,1.8125],"texture":"#0"},"east":{"uv":[4.625,0,4.625,0.3125],"texture":"#0"},"south":{"uv":[6.03125,1.5,6.09375,1.8125],"texture":"#0"},"west":{"uv":[4.625,0,4.625,0.3125],"texture":"#0"},"up":{"uv":[4.6875,0,4.625,0],"rotation":180,"texture":"#0"},"down":{"uv":[4.6875,0,4.625,0],"rotation":180,"texture":"#0"}}},{"from":[25,4,15],"to":[26,14,15],"rotation":{"angle":0,"axis":"y","origin":[8,0,8]},"faces":{"north":{"uv":[6.21875,0.875,6.25,1.1875],"texture":"#0"},"east":{"uv":[4.625,0,4.625,0.3125],"texture":"#0"},"south":{"uv":[6.21875,0.875,6.25,1.1875],"texture":"#0"},"west":{"uv":[4.625,0,4.625,0.3125],"texture":"#0"},"up":{"uv":[4.65625,0,4.625,0],"rotation":180,"texture":"#0"},"down":{"uv":[4.65625,0,4.625,0],"rotation":180,"texture":"#0"}}},{"from":[25,4,1],"to":[26,14,1],"rotation":{"angle":0,"axis":"y","origin":[8,0,8]},"faces":{"north":{"uv":[6.1875,1.5,6.21875,1.8125],"texture":"#0"},"east":{"uv":[4.625,0,4.625,0.3125],"texture":"#0"},"south":{"uv":[6.1875,1.5,6.21875,1.8125],"texture":"#0"},"west":{"uv":[4.625,0,4.625,0.3125],"texture":"#0"},"up":{"uv":[4.65625,0,4.625,0],"rotation":180,"texture":"#0"},"down":{"uv":[4.65625,0,4.625,0],"rotation":180,"texture":"#0"}}},{"from":[23,4,-3],"to":[25,14,-3],"rotation":{"angle":0,"axis":"y","origin":[8,0,8]},"faces":{"north":{"uv":[6.15625,1.1875,6.21875,1.5],"texture":"#0"},"east":{"uv":[4.625,0,4.625,0.3125],"texture":"#0"},"south":{"uv":[6.21875,1.1875,6.15625,1.5],"texture":"#0"},"west":{"uv":[4.625,0,4.625,0.3125],"texture":"#0"},"up":{"uv":[4.6875,0,4.625,0],"rotation":180,"texture":"#0"},"down":{"uv":[4.6875,0,4.625,0],"rotation":180,"texture":"#0"}}},{"from":[19,4,-7],"to":[23,14,-7],"rotation":{"angle":0,"axis":"y","origin":[8,0,8]},"faces":{"north":{"uv":[5.78125,1.3125,5.90625,1.625],"texture":"#0"},"east":{"uv":[4.625,0,4.625,0.3125],"texture":"#0"},"south":{"uv":[5.90625,1.3125,5.78125,1.625],"texture":"#0"},"west":{"uv":[4.625,0,4.625,0.3125],"texture":"#0"},"up":{"uv":[4.625,0.125,4.625,0],"rotation":90,"texture":"#0"},"down":{"uv":[4.625,0,4.625,0.125],"rotation":270,"texture":"#0"}}},{"from":[15,4,-9],"to":[19,14,-9],"rotation":{"angle":0,"axis":"y","origin":[8,0,8]},"faces":{"north":{"uv":[6.125,0,6.25,0.3125],"texture":"#0"},"east":{"uv":[4.625,0,4.625,0.3125],"texture":"#0"},"south":{"uv":[6.25,0,6.125,0.3125],"texture":"#0"},"west":{"uv":[4.625,0,4.625,0.3125],"texture":"#0"},"up":{"uv":[4.625,0.125,4.625,0],"rotation":90,"texture":"#0"},"down":{"uv":[4.625,0,4.625,0.125],"rotation":270,"texture":"#0"}}},{"from":[1,4,-10],"to":[15,14,-10],"rotation":{"angle":0,"axis":"y","origin":[8,0,8]},"faces":{"north":{"uv":[5.5625,0.3125,6,0.625],"texture":"#0"},"east":{"uv":[4.625,0,4.625,0.3125],"texture":"#0"},"south":{"uv":[6,0.3125,5.5625,0.625],"texture":"#0"},"west":{"uv":[4.625,0,4.625,0.3125],"texture":"#0"},"up":{"uv":[4.625,0.4375,4.625,0],"rotation":90,"texture":"#0"},"down":{"uv":[4.625,0,4.625,0.4375],"rotation":270,"texture":"#0"}}},{"from":[-3,4,-9],"to":[1,14,-9],"rotation":{"angle":0,"axis":"y","origin":[8,0,8]},"faces":{"north":{"uv":[6.03125,0.875,6.15625,1.1875],"texture":"#0"},"east":{"uv":[4.625,0,4.625,0.3125],"texture":"#0"},"south":{"uv":[6.15625,0.875,6.03125,1.1875],"texture":"#0"},"west":{"uv":[4.625,0,4.625,0.3125],"texture":"#0"},"up":{"uv":[4.625,0.125,4.625,0],"rotation":90,"texture":"#0"},"down":{"uv":[4.625,0,4.625,0.125],"rotation":270,"texture":"#0"}}},{"from":[-7,4,-7],"to":[-3,14,-7],"rotation":{"angle":0,"axis":"y","origin":[8,0,8]},"faces":{"north":{"uv":[6,0,6.125,0.3125],"texture":"#0"},"east":{"uv":[4.625,0,4.625,0.3125],"texture":"#0"},"south":{"uv":[6.125,0,6,0.3125],"texture":"#0"},"west":{"uv":[4.625,0,4.625,0.3125],"texture":"#0"},"up":{"uv":[4.625,0.125,4.625,0],"rotation":90,"texture":"#0"},"down":{"uv":[4.625,0,4.625,0.125],"rotation":270,"texture":"#0"}}},{"from":[19,4,-9],"to":[19,14,-7],"rotation":{"angle":0,"axis":"y","origin":[8,0,8]},"faces":{"north":{"uv":[4.625,0,4.625,0.3125],"texture":"#0"},"east":{"uv":[6.03125,1.5,6.09375,1.8125],"texture":"#0"},"south":{"uv":[4.625,0,4.625,0.3125],"texture":"#0"},"west":{"uv":[6.09375,1.5,6.03125,1.8125],"texture":"#0"},"up":{"uv":[4.6875,0,4.625,0],"rotation":90,"texture":"#0"},"down":{"uv":[4.6875,0,4.625,0],"rotation":270,"texture":"#0"}}},{"from":[15,4,-10],"to":[15,14,-9],"rotation":{"angle":0,"axis":"y","origin":[8,0,8]},"faces":{"north":{"uv":[4.625,0,4.625,0.3125],"texture":"#0"},"east":{"uv":[6.21875,0.875,6.25,1.1875],"texture":"#0"},"south":{"uv":[4.625,0,4.625,0.3125],"texture":"#0"},"west":{"uv":[6.21875,0.875,6.25,1.1875],"texture":"#0"},"up":{"uv":[4.65625,0,4.625,0],"rotation":90,"texture":"#0"},"down":{"uv":[4.65625,0,4.625,0],"rotation":270,"texture":"#0"}}},{"from":[1,4,-10],"to":[1,14,-9],"rotation":{"angle":0,"axis":"y","origin":[8,0,8]},"faces":{"north":{"uv":[4.625,0,4.625,0.3125],"texture":"#0"},"east":{"uv":[6.1875,1.5,6.21875,1.8125],"texture":"#0"},"south":{"uv":[4.625,0,4.625,0.3125],"texture":"#0"},"west":{"uv":[6.1875,1.5,6.21875,1.8125],"texture":"#0"},"up":{"uv":[4.65625,0,4.625,0],"rotation":90,"texture":"#0"},"down":{"uv":[4.65625,0,4.625,0],"rotation":270,"texture":"#0"}}},{"from":[-3,4,-9],"to":[-3,14,-7],"rotation":{"angle":0,"axis":"y","origin":[8,0,8]},"faces":{"north":{"uv":[4.625,0,4.625,0.3125],"texture":"#0"},"east":{"uv":[6.21875,1.1875,6.15625,1.5],"texture":"#0"},"south":{"uv":[4.625,0,4.625,0.3125],"texture":"#0"},"west":{"uv":[6.15625,1.1875,6.21875,1.5],"texture":"#0"},"up":{"uv":[4.6875,0,4.625,0],"rotation":90,"texture":"#0"},"down":{"uv":[4.6875,0,4.625,0],"rotation":270,"texture":"#0"}}},{"from":[-5,0,-5],"to":[-2,14,-2],"faces":{"north":{"uv":[5.75,0.875,5.84375,1.3125],"texture":"#0"},"east":{"uv":[5.84375,0.875,5.9375,1.3125],"texture":"#0"},"south":{"uv":[5.9375,0.875,6.03125,1.3125],"texture":"#0"},"west":{"uv":[5.5625,1.3125,5.65625,1.75],"texture":"#0"},"up":{"uv":[6.21875,0.53125,6.125,0.4375],"texture":"#0"},"down":{"uv":[6.21875,0.53125,6.125,0.625],"texture":"#0"}}},{"from":[-5,0,18],"to":[-2,14,21],"rotation":{"angle":0,"axis":"y","origin":[0,0,16]},"faces":{"north":{"uv":[6.03125,0.875,5.9375,1.3125],"texture":"#0"},"east":{"uv":[5.9375,0.875,5.84375,1.3125],"texture":"#0"},"south":{"uv":[5.84375,0.875,5.75,1.3125],"texture":"#0"},"west":{"uv":[5.65625,1.3125,5.5625,1.75],"texture":"#0"},"up":{"uv":[6.21875,0.4375,6.125,0.53125],"texture":"#0"},"down":{"uv":[6.21875,0.625,6.125,0.53125],"texture":"#0"}}},{"from":[18,0,18],"to":[21,14,21],"rotation":{"angle":0,"axis":"y","origin":[16,0,16]},"faces":{"north":{"uv":[5.9375,0.875,6.03125,1.3125],"texture":"#0"},"east":{"uv":[5.5625,1.3125,5.65625,1.75],"texture":"#0"},"south":{"uv":[5.75,0.875,5.84375,1.3125],"texture":"#0"},"west":{"uv":[5.84375,0.875,5.9375,1.3125],"texture":"#0"},"up":{"uv":[6.125,0.4375,6.21875,0.53125],"texture":"#0"},"down":{"uv":[6.125,0.625,6.21875,0.53125],"texture":"#0"}}},{"from":[18,0,-5],"to":[21,14,-2],"rotation":{"angle":0,"axis":"y","origin":[16,0,0]},"faces":{"north":{"uv":[5.84375,0.875,5.75,1.3125],"texture":"#0"},"east":{"uv":[5.65625,1.3125,5.5625,1.75],"texture":"#0"},"south":{"uv":[6.03125,0.875,5.9375,1.3125],"texture":"#0"},"west":{"uv":[5.9375,0.875,5.84375,1.3125],"texture":"#0"},"up":{"uv":[6.125,0.53125,6.21875,0.4375],"texture":"#0"},"down":{"uv":[6.125,0.53125,6.21875,0.625],"texture":"#0"}}}],"gui_light":"front","display":{"thirdperson_righthand":{"rotation":[75,45,0],"translation":[0,2.5,0],"scale":[0.375,0.375,0.375]},"thirdperson_lefthand":{"rotation":[75,45,0],"translation":[0,2.5,0],"scale":[0.375,0.375,0.375]},"firstperson_righthand":{"rotation":[0,45,0],"translation":[5.25,-1.25,0],"scale":[0.4,0.4,0.4]},"firstperson_lefthand":{"rotation":[0,45,0],"translation":[5.25,-1.25,0],"scale":[0.4,0.4,0.4]},"ground":{"translation":[0,2,0],"scale":[0.5,0.5,0.5]},"gui":{"rotation":[12,-25,0],"translation":[0,-1.75,0],"scale":[0.4,0.4,0.4]},"head":{"translation":[0,-31.199,0],"scale":[1.5,1.5,1.5]},"fixed":{"rotation":[-90,0,0],"translation":[0,0,-16],"scale":[2,2,2]}}}