{"credit":"Made with Blockbench","textures":{"0":"furnitures:rivrs/seasonsky_tags","particle":"furnitures:rivrs/seasonsky_tags"},"elements":[{"from":[-8,0,15],"to":[24,24,15],"faces":{"north":{"uv":[12,11.25,16,14],"texture":"#0"},"east":{"uv":[0,0,0,16],"texture":"#0"},"south":{"uv":[12,11.25,16,14],"texture":"#0"},"west":{"uv":[0,0,0,16],"texture":"#0"},"up":{"uv":[0,0,16,0],"texture":"#0"},"down":{"uv":[0,0,16,0],"texture":"#0"}}}],"gui_light":"front","display":{"thirdperson_righthand":{"rotation":[75,45,0],"translation":[0,2.5,0],"scale":[0.375,0.375,0.375]},"thirdperson_lefthand":{"rotation":[75,45,0],"translation":[0,2.5,0],"scale":[0.375,0.375,0.375]},"firstperson_righthand":{"rotation":[75,45,0],"translation":[0,2.5,0],"scale":[0.375,0.375,0.375]},"firstperson_lefthand":{"rotation":[75,45,0],"translation":[0,2.5,0],"scale":[0.375,0.375,0.375]},"ground":{"translation":[0,2,0],"scale":[0.5,0.5,0.5]},"gui":{"rotation":[-1,-1,0],"translation":[0,-0.25,0],"scale":[0.42,0.41,0.41]},"head":{"translation":[0,-43.199,0],"scale":[1.5,1.5,1.5]},"fixed":{"rotation":[0,0,-1],"translation":[0,7.5,-28.5],"scale":[4,4,4]}}}