{"credit":"Made with Blockbench","textures":{"0":"furnitures:rivrs/seasonsky_tags","particle":"furnitures:rivrs/seasonsky_tags"},"elements":[{"from":[-4,-6,15],"to":[20,28,15],"faces":{"north":{"uv":[0,10.75,3.375,15.375],"texture":"#0"},"east":{"uv":[0,0,0,16],"texture":"#0"},"south":{"uv":[0,10.75,3.375,15.375],"texture":"#0"},"west":{"uv":[0,0,0,16],"texture":"#0"},"up":{"uv":[0,0,16,0],"texture":"#0"},"down":{"uv":[0,0,16,0],"texture":"#0"}}}],"gui_light":"front","display":{"thirdperson_righthand":{"rotation":[75,45,0],"translation":[0,2.5,0],"scale":[0.375,0.375,0.375]},"thirdperson_lefthand":{"rotation":[75,45,0],"translation":[0,2.5,0],"scale":[0.375,0.375,0.375]},"firstperson_righthand":{"rotation":[-75,-45,0],"translation":[3.5,1.25,3.25],"scale":[0.375,0.375,0.375]},"firstperson_lefthand":{"rotation":[-75,-45,0],"translation":[3.5,1.25,3.25],"scale":[0.375,0.375,0.375]},"ground":{"translation":[0,2,0],"scale":[0.5,0.5,0.5]},"gui":{"rotation":[-1,-1,0],"translation":[0,-3.75,0],"scale":[0.5,0.52,0.52]},"head":{"translation":[0,-31.199,0],"scale":[1.5,1.5,1.5]},"fixed":{"translation":[0,-10.75,-28.5],"scale":[4,4,4]}}}