{"credit":"Made with Blockbench","textures":{"0":"furnitures:rivrs/seasonsky_tags","particle":"furnitures:rivrs/seasonsky_tags"},"elements":[{"from":[-8,0,16],"to":[24,24,16],"faces":{"north":{"uv":[8.8125,3.0625,12.8125,5.875],"texture":"#0"},"east":{"uv":[0,0,0,16],"texture":"#0"},"south":{"uv":[8.8125,3.0625,12.8125,5.875],"texture":"#0"},"west":{"uv":[0,0,0,16],"texture":"#0"},"up":{"uv":[0,0,16,0],"texture":"#0"},"down":{"uv":[0,0,16,0],"texture":"#0"}}}],"gui_light":"front","display":{"thirdperson_righthand":{"rotation":[75,45,0],"translation":[0,2.5,0],"scale":[0.375,0.375,0.375]},"thirdperson_lefthand":{"rotation":[75,45,0],"translation":[0,2.5,0],"scale":[0.375,0.375,0.375]},"firstperson_righthand":{"rotation":[75,45,0],"translation":[0,2.5,0],"scale":[0.375,0.375,0.375]},"firstperson_lefthand":{"rotation":[75,45,0],"translation":[0,2.5,0],"scale":[0.375,0.375,0.375]},"ground":{"translation":[0,2,0],"scale":[0.5,0.5,0.5]},"gui":{"rotation":[-1,-1,0],"translation":[0,-2.25,0],"scale":[0.4,0.4,0.41]},"head":{"translation":[0,-43.199,0],"scale":[1.5,1.5,1.5]},"fixed":{"translation":[0,-10.75,-32.5],"scale":[4,4,4]}}}