{"credit":"Made with Blockbench","texture_size":[32,32],"textures":{"0":"furnitures:rivrs/furnitures_color_3","particle":"furnitures:rivrs/furnitures_color_3"},"elements":[{"from":[0,-3,0],"to":[16,-3,16],"rotation":{"angle":0,"axis":"y","origin":[0,-6,0]},"faces":{"north":{"uv":[10.375,0,10.875,0],"texture":"#0"},"east":{"uv":[10.375,0,10.875,0],"texture":"#0"},"south":{"uv":[10.375,0,10.875,0],"texture":"#0"},"west":{"uv":[10.375,0,10.875,0],"texture":"#0"},"up":{"uv":[10.875,0.5,10.375,0],"texture":"#0"},"down":{"uv":[10.875,0,10.375,0.5],"texture":"#0"}}},{"from":[0,-3,0],"to":[0,0,16],"rotation":{"angle":0,"axis":"y","origin":[0,-6,0]},"faces":{"north":{"uv":[10.375,0,10.375,0.125],"texture":"#0"},"east":{"uv":[10.875,0,11.375,0.125],"texture":"#0"},"south":{"uv":[10.375,0,10.375,0.125],"texture":"#0"},"west":{"uv":[11.375,0,10.875,0.125],"texture":"#0"},"up":{"uv":[10.375,0.5,10.375,0],"texture":"#0"},"down":{"uv":[10.375,0,10.375,0.5],"texture":"#0"}}},{"from":[16,-3,0],"to":[16,0,16],"rotation":{"angle":0,"axis":"y","origin":[0,-6,0]},"faces":{"north":{"uv":[10.375,0,10.375,0.125],"texture":"#0"},"east":{"uv":[10.875,0,11.375,0.125],"texture":"#0"},"south":{"uv":[10.375,0,10.375,0.125],"texture":"#0"},"west":{"uv":[11.375,0,10.875,0.125],"texture":"#0"},"up":{"uv":[10.375,0.5,10.375,0],"texture":"#0"},"down":{"uv":[10.375,0,10.375,0.5],"texture":"#0"}}},{"from":[8,-3,0],"to":[8,0,16],"rotation":{"angle":0,"axis":"y","origin":[0,-6,0]},"faces":{"north":{"uv":[10.375,0,10.375,0.125],"texture":"#0"},"east":{"uv":[10.875,0,11.375,0.125],"texture":"#0"},"south":{"uv":[10.375,0,10.375,0.125],"texture":"#0"},"west":{"uv":[11.375,0,10.875,0.125],"texture":"#0"},"up":{"uv":[10.375,0.5,10.375,0],"texture":"#0"},"down":{"uv":[10.375,0,10.375,0.5],"texture":"#0"}}},{"from":[2.5,-7.5,1.75],"to":[5.5,-6.5,4.75],"rotation":{"angle":0,"axis":"y","origin":[0,-6,0]},"faces":{"north":{"uv":[11.21875,0.4375,11.3125,0.46875],"texture":"#0"},"east":{"uv":[11.21875,0.46875,11.3125,0.5],"texture":"#0"},"south":{"uv":[11.21875,0.5,11.3125,0.53125],"texture":"#0"},"west":{"uv":[11.21875,0.53125,11.3125,0.5625],"texture":"#0"},"up":{"uv":[11.28125,0.34375,11.1875,0.25],"texture":"#0"},"down":{"uv":[11.28125,0.34375,11.1875,0.4375],"texture":"#0"}}},{"from":[3.5,-6.5,2.75],"to":[4.5,-2.5,3.75],"rotation":{"angle":0,"axis":"y","origin":[0,-6,0]},"faces":{"north":{"uv":[11.1875,0.4375,11.21875,0.5625],"texture":"#0"},"east":{"uv":[11.1875,0.5625,11.21875,0.6875],"texture":"#0"},"south":{"uv":[11.1875,0.6875,11.21875,0.8125],"texture":"#0"},"west":{"uv":[11.1875,0.8125,11.21875,0.9375],"texture":"#0"},"up":{"uv":[11.25,0.59375,11.21875,0.5625],"texture":"#0"},"down":{"uv":[11.25,0.59375,11.21875,0.625],"texture":"#0"}}},{"from":[1.5,-2.5,0.75],"to":[6.5,-2.5,5.75],"rotation":{"angle":0,"axis":"y","origin":[0,-6,0]},"faces":{"north":{"uv":[10.375,0,10.53125,0],"texture":"#0"},"east":{"uv":[10.375,0,10.53125,0],"texture":"#0"},"south":{"uv":[10.375,0,10.53125,0],"texture":"#0"},"west":{"uv":[10.375,0,10.53125,0],"texture":"#0"},"up":{"uv":[11.03125,0.5625,10.875,0.40625],"texture":"#0"},"down":{"uv":[11.03125,0.40625,10.875,0.5625],"texture":"#0"}}},{"from":[1.5,-12.5,0.75],"to":[6.5,-7.5,5.75],"rotation":{"angle":0,"axis":"y","origin":[0,-6,0]},"faces":{"north":{"uv":[10.875,0.5625,11.03125,0.71875],"texture":"#0"},"east":{"uv":[11.03125,0.5625,11.1875,0.71875],"texture":"#0"},"south":{"uv":[10.875,0.5625,11.03125,0.71875],"texture":"#0"},"west":{"uv":[11.03125,0.5625,11.1875,0.71875],"texture":"#0"},"up":{"uv":[11.03125,0.875,10.875,0.71875],"texture":"#0"},"down":{"uv":[11.1875,0.71875,11.03125,0.875],"texture":"#0"}}},{"from":[10.5,-7.5,7.75],"to":[13.5,-6.5,10.75],"rotation":{"angle":0,"axis":"y","origin":[0,-6,0]},"faces":{"north":{"uv":[11.21875,0.4375,11.3125,0.46875],"texture":"#0"},"east":{"uv":[11.21875,0.46875,11.3125,0.5],"texture":"#0"},"south":{"uv":[11.21875,0.5,11.3125,0.53125],"texture":"#0"},"west":{"uv":[11.21875,0.53125,11.3125,0.5625],"texture":"#0"},"up":{"uv":[11.28125,0.34375,11.1875,0.25],"texture":"#0"},"down":{"uv":[11.28125,0.34375,11.1875,0.4375],"texture":"#0"}}},{"from":[11.5,-6.5,8.75],"to":[12.5,-2.5,9.75],"rotation":{"angle":0,"axis":"y","origin":[0,-6,0]},"faces":{"north":{"uv":[11.1875,0.4375,11.21875,0.5625],"texture":"#0"},"east":{"uv":[11.1875,0.5625,11.21875,0.6875],"texture":"#0"},"south":{"uv":[11.1875,0.6875,11.21875,0.8125],"texture":"#0"},"west":{"uv":[11.1875,0.8125,11.21875,0.9375],"texture":"#0"},"up":{"uv":[11.25,0.59375,11.21875,0.5625],"texture":"#0"},"down":{"uv":[11.25,0.59375,11.21875,0.625],"texture":"#0"}}},{"from":[9.5,-2.5,6.75],"to":[14.5,-2.5,11.75],"rotation":{"angle":0,"axis":"y","origin":[0,-6,0]},"faces":{"north":{"uv":[10.375,0,10.53125,0],"texture":"#0"},"east":{"uv":[10.375,0,10.53125,0],"texture":"#0"},"south":{"uv":[10.375,0,10.53125,0],"texture":"#0"},"west":{"uv":[10.375,0,10.53125,0],"texture":"#0"},"up":{"uv":[11.03125,0.5625,10.875,0.40625],"texture":"#0"},"down":{"uv":[11.03125,0.40625,10.875,0.5625],"texture":"#0"}}},{"from":[9.5,-12.5,6.75],"to":[14.5,-7.5,11.75],"rotation":{"angle":0,"axis":"y","origin":[0,-6,0]},"faces":{"north":{"uv":[10.875,0.5625,11.03125,0.71875],"texture":"#0"},"east":{"uv":[11.03125,0.5625,11.1875,0.71875],"texture":"#0"},"south":{"uv":[10.875,0.5625,11.03125,0.71875],"texture":"#0"},"west":{"uv":[11.03125,0.5625,11.1875,0.71875],"texture":"#0"},"up":{"uv":[11.03125,0.875,10.875,0.71875],"texture":"#0"},"down":{"uv":[11.1875,0.71875,11.03125,0.875],"texture":"#0"}}},{"from":[2.5,-7.5,7.75],"to":[5.5,-6.5,10.75],"rotation":{"angle":-22.5,"axis":"y","origin":[4,-6.25,9.25]},"faces":{"north":{"uv":[11.21875,0.4375,11.3125,0.46875],"texture":"#0"},"east":{"uv":[11.21875,0.46875,11.3125,0.5],"texture":"#0"},"south":{"uv":[11.21875,0.5,11.3125,0.53125],"texture":"#0"},"west":{"uv":[11.21875,0.53125,11.3125,0.5625],"texture":"#0"},"up":{"uv":[11.28125,0.34375,11.1875,0.25],"texture":"#0"},"down":{"uv":[11.28125,0.34375,11.1875,0.4375],"texture":"#0"}}},{"from":[3.5,-6.5,8.75],"to":[4.5,-2.5,9.75],"rotation":{"angle":-22.5,"axis":"y","origin":[4,-6.25,9.25]},"faces":{"north":{"uv":[11.1875,0.4375,11.21875,0.5625],"texture":"#0"},"east":{"uv":[11.1875,0.5625,11.21875,0.6875],"texture":"#0"},"south":{"uv":[11.1875,0.6875,11.21875,0.8125],"texture":"#0"},"west":{"uv":[11.1875,0.8125,11.21875,0.9375],"texture":"#0"},"up":{"uv":[11.25,0.59375,11.21875,0.5625],"texture":"#0"},"down":{"uv":[11.25,0.59375,11.21875,0.625],"texture":"#0"}}},{"from":[1.5,-2.5,6.75],"to":[6.5,-2.5,11.75],"rotation":{"angle":-22.5,"axis":"y","origin":[4,-6.25,9.25]},"faces":{"north":{"uv":[10.375,0,10.53125,0],"texture":"#0"},"east":{"uv":[10.375,0,10.53125,0],"texture":"#0"},"south":{"uv":[10.375,0,10.53125,0],"texture":"#0"},"west":{"uv":[10.375,0,10.53125,0],"texture":"#0"},"up":{"uv":[11.03125,0.5625,10.875,0.40625],"texture":"#0"},"down":{"uv":[11.03125,0.40625,10.875,0.5625],"texture":"#0"}}},{"from":[1.5,-12.5,6.75],"to":[6.5,-7.5,11.75],"rotation":{"angle":-22.5,"axis":"y","origin":[4,-6.25,9.25]},"faces":{"north":{"uv":[10.875,0.5625,11.03125,0.71875],"texture":"#0"},"east":{"uv":[11.03125,0.5625,11.1875,0.71875],"texture":"#0"},"south":{"uv":[10.875,0.5625,11.03125,0.71875],"texture":"#0"},"west":{"uv":[11.03125,0.5625,11.1875,0.71875],"texture":"#0"},"up":{"uv":[11.03125,0.875,10.875,0.71875],"texture":"#0"},"down":{"uv":[11.1875,0.71875,11.03125,0.875],"texture":"#0"}}},{"from":[7.5,-7.5,-1.25],"to":[10.5,-6.5,1.75],"rotation":{"angle":-22.5,"axis":"y","origin":[4,-6.25,9.25]},"faces":{"north":{"uv":[11.21875,0.4375,11.3125,0.46875],"texture":"#0"},"east":{"uv":[11.21875,0.46875,11.3125,0.5],"texture":"#0"},"south":{"uv":[11.21875,0.5,11.3125,0.53125],"texture":"#0"},"west":{"uv":[11.21875,0.53125,11.3125,0.5625],"texture":"#0"},"up":{"uv":[11.28125,0.34375,11.1875,0.25],"texture":"#0"},"down":{"uv":[11.28125,0.34375,11.1875,0.4375],"texture":"#0"}}},{"from":[8.5,-6.5,-0.25],"to":[9.5,-2.5,0.75],"rotation":{"angle":-22.5,"axis":"y","origin":[4,-6.25,9.25]},"faces":{"north":{"uv":[11.1875,0.4375,11.21875,0.5625],"texture":"#0"},"east":{"uv":[11.1875,0.5625,11.21875,0.6875],"texture":"#0"},"south":{"uv":[11.1875,0.6875,11.21875,0.8125],"texture":"#0"},"west":{"uv":[11.1875,0.8125,11.21875,0.9375],"texture":"#0"},"up":{"uv":[11.25,0.59375,11.21875,0.5625],"texture":"#0"},"down":{"uv":[11.25,0.59375,11.21875,0.625],"texture":"#0"}}},{"from":[6.5,-2.5,-2.25],"to":[11.5,-2.5,2.75],"rotation":{"angle":-22.5,"axis":"y","origin":[4,-6.25,9.25]},"faces":{"north":{"uv":[10.375,0,10.53125,0],"texture":"#0"},"east":{"uv":[10.375,0,10.53125,0],"texture":"#0"},"south":{"uv":[10.375,0,10.53125,0],"texture":"#0"},"west":{"uv":[10.375,0,10.53125,0],"texture":"#0"},"up":{"uv":[11.03125,0.5625,10.875,0.40625],"texture":"#0"},"down":{"uv":[11.03125,0.40625,10.875,0.5625],"texture":"#0"}}},{"from":[6.5,-12.5,-2.25],"to":[11.5,-7.5,2.75],"rotation":{"angle":-22.5,"axis":"y","origin":[4,-6.25,9.25]},"faces":{"north":{"uv":[10.875,0.5625,11.03125,0.71875],"texture":"#0"},"east":{"uv":[11.03125,0.5625,11.1875,0.71875],"texture":"#0"},"south":{"uv":[10.875,0.5625,11.03125,0.71875],"texture":"#0"},"west":{"uv":[11.03125,0.5625,11.1875,0.71875],"texture":"#0"},"up":{"uv":[11.03125,0.875,10.875,0.71875],"texture":"#0"},"down":{"uv":[11.1875,0.71875,11.03125,0.875],"texture":"#0"}}},{"from":[2.5,-7.5,13.75],"to":[5.5,-6.5,16.75],"rotation":{"angle":-22.5,"axis":"y","origin":[4,-6.25,15.25]},"faces":{"north":{"uv":[11.21875,0.4375,11.3125,0.46875],"texture":"#0"},"east":{"uv":[11.21875,0.46875,11.3125,0.5],"texture":"#0"},"south":{"uv":[11.21875,0.5,11.3125,0.53125],"texture":"#0"},"west":{"uv":[11.21875,0.53125,11.3125,0.5625],"texture":"#0"},"up":{"uv":[11.28125,0.34375,11.1875,0.25],"texture":"#0"},"down":{"uv":[11.28125,0.34375,11.1875,0.4375],"texture":"#0"}}},{"from":[3.5,-6.5,14.75],"to":[4.5,-2.5,15.75],"rotation":{"angle":-22.5,"axis":"y","origin":[4,-6.25,15.25]},"faces":{"north":{"uv":[11.1875,0.4375,11.21875,0.5625],"texture":"#0"},"east":{"uv":[11.1875,0.5625,11.21875,0.6875],"texture":"#0"},"south":{"uv":[11.1875,0.6875,11.21875,0.8125],"texture":"#0"},"west":{"uv":[11.1875,0.8125,11.21875,0.9375],"texture":"#0"},"up":{"uv":[11.25,0.59375,11.21875,0.5625],"texture":"#0"},"down":{"uv":[11.25,0.59375,11.21875,0.625],"texture":"#0"}}},{"from":[1.5,-2.5,12.75],"to":[6.5,-2.5,17.75],"rotation":{"angle":-22.5,"axis":"y","origin":[4,-6.25,15.25]},"faces":{"north":{"uv":[10.375,0,10.53125,0],"texture":"#0"},"east":{"uv":[10.375,0,10.53125,0],"texture":"#0"},"south":{"uv":[10.375,0,10.53125,0],"texture":"#0"},"west":{"uv":[10.375,0,10.53125,0],"texture":"#0"},"up":{"uv":[11.03125,0.5625,10.875,0.40625],"texture":"#0"},"down":{"uv":[11.03125,0.40625,10.875,0.5625],"texture":"#0"}}},{"from":[1.5,-12.5,12.75],"to":[6.5,-7.5,17.75],"rotation":{"angle":-22.5,"axis":"y","origin":[4,-6.25,15.25]},"faces":{"north":{"uv":[10.875,0.5625,11.03125,0.71875],"texture":"#0"},"east":{"uv":[11.03125,0.5625,11.1875,0.71875],"texture":"#0"},"south":{"uv":[10.875,0.5625,11.03125,0.71875],"texture":"#0"},"west":{"uv":[11.03125,0.5625,11.1875,0.71875],"texture":"#0"},"up":{"uv":[11.03125,0.875,10.875,0.71875],"texture":"#0"},"down":{"uv":[11.1875,0.71875,11.03125,0.875],"texture":"#0"}}}],"gui_light":"front","display":{"thirdperson_righthand":{"rotation":[0,0,180],"translation":[0,-3.25,0],"scale":[0.3,0.3,0.3]},"thirdperson_lefthand":{"rotation":[0,0,180],"translation":[0,-3.25,0],"scale":[0.3,0.3,0.3]},"firstperson_righthand":{"rotation":[0,0,180],"translation":[3.75,-3.25,0],"scale":[0.3,0.3,0.3]},"firstperson_lefthand":{"rotation":[0,0,180],"translation":[3.75,-3.25,0],"scale":[0.3,0.3,0.3]},"ground":{"translation":[0,7.75,0],"scale":[0.5,0.5,0.5]},"gui":{"rotation":[13,-25,0],"translation":[0,11,0],"scale":[0.77,0.77,0.76]},"head":{"translation":[0,-15.949,0]},"fixed":{"rotation":[90,0,0],"translation":[0,0,16],"scale":[2,2,2]}}}