{"credit":"Made with Blockbench","texture_size":[128,128],"textures":{"6":"furnitures:rivrs/voiture"},"elements":[{"from":[1,2.5359,-14.2],"to":[8,5.5359,-13.2],"rotation":{"angle":0,"axis":"y","origin":[13,-2.4641,0]},"faces":{"north":{"uv":[13.5,6.62475,13.9375,6.74973],"texture":"#6"},"east":{"uv":[13.4375,6.62475,13.5,6.74973],"texture":"#6"},"south":{"uv":[14,6.62475,14.4375,6.74973],"texture":"#6"},"west":{"uv":[13.9375,6.62475,14,6.74973],"texture":"#6"},"up":{"uv":[13.9375,6.62475,13.5,6.5831],"texture":"#6"},"down":{"uv":[14.375,6.5831,13.9375,6.62475],"texture":"#6"}}},{"from":[-0.45096,2.95096,-14.1],"to":[2.54904,5.95096,31.9],"rotation":{"angle":22.5,"axis":"z","origin":[1.04904,4.45096,-1.5]},"faces":{"north":{"uv":[10.9375,10.54065,11.125,10.66562],"texture":"#6"},"east":{"uv":[8.0625,10.54065,10.9375,10.66562],"texture":"#6"},"south":{"uv":[14,10.54065,14.1875,10.66562],"texture":"#6"},"west":{"uv":[11.125,10.54065,14,10.66562],"texture":"#6"},"up":{"uv":[11.125,10.54065,10.9375,8.62436],"texture":"#6"},"down":{"uv":[11.3125,8.62436,11.125,10.54065],"texture":"#6"}}},{"from":[-1,5,-14],"to":[8,11,32],"rotation":{"angle":0,"axis":"y","origin":[13,-2,0]},"faces":{"north":{"uv":[10.9375,7.37461,11.5,7.62456],"texture":"#6"},"east":{"uv":[8.0625,7.37461,10.9375,7.62456],"texture":"#6"},"south":{"uv":[14.375,7.37461,14.9375,7.62456],"texture":"#6"},"west":{"uv":[11.5,7.37461,14.375,7.62456],"texture":"#6"},"up":{"uv":[11.5,7.37461,10.9375,5.45832],"texture":"#6"},"down":{"uv":[12.0625,5.45832,11.5,7.37461],"texture":"#6"}}},{"from":[0,10.89805,-10.22836],"to":[8,11.89805,-2.22836],"rotation":{"angle":0,"axis":"x","origin":[5,10.64805,-9.72836]},"faces":{"north":{"uv":[14,8.0828,14.5,8.12446],"texture":"#6"},"east":{"uv":[13.5,8.0828,14,8.12446],"texture":"#6"},"south":{"uv":[15,8.0828,15.5,8.12446],"texture":"#6"},"west":{"uv":[14.5,8.0828,15,8.12446],"texture":"#6"},"up":{"uv":[14.5,8.0828,14,7.74953],"texture":"#6"},"down":{"uv":[15,7.74953,14.5,8.0828],"texture":"#6"}}},{"from":[1,10.49805,-13.22836],"to":[8,11.49805,-10.22836],"rotation":{"angle":0,"axis":"x","origin":[5,10.64805,-9.72836]},"faces":{"north":{"uv":[10.9375,7.87451,11.375,7.91617],"texture":"#6"},"east":{"uv":[10.75,7.87451,10.9375,7.91617],"texture":"#6"},"south":{"uv":[11.5625,7.87451,12,7.91617],"texture":"#6"},"west":{"uv":[11.375,7.87451,11.5625,7.91617],"texture":"#6"},"up":{"uv":[11.375,7.87451,10.9375,7.74953],"texture":"#6"},"down":{"uv":[11.8125,7.74953,11.375,7.87451],"texture":"#6"}}},{"from":[-0.99896,4.9,-14.99477],"to":[4.00104,10.9,-12.99477],"rotation":{"angle":22.5,"axis":"y","origin":[1.50104,9.4,-14.49477]},"faces":{"north":{"uv":[8.125,6.45812,8.4375,6.70807],"texture":"#6"},"east":{"uv":[8,6.45812,8.125,6.70807],"texture":"#6"},"south":{"uv":[8.5625,6.45812,8.875,6.70807],"texture":"#6"},"west":{"uv":[8.4375,6.45812,8.5625,6.70807],"texture":"#6"},"up":{"uv":[8.4375,6.45812,8.125,6.3748],"texture":"#6"},"down":{"uv":[8.75,6.3748,8.4375,6.45812],"texture":"#6"}}},{"from":[3.6194,4.9,-15.91342],"to":[8.1194,10.9,-13.91342],"rotation":{"angle":0,"axis":"y","origin":[11.1194,9.4,-15.70952]},"faces":{"north":{"uv":[9.9375,6.54144,10.1875,6.79139],"texture":"#6"},"east":{"uv":[9.8125,6.54144,9.9375,6.79139],"texture":"#6"},"south":{"uv":[10.3125,6.54144,10.5625,6.79139],"texture":"#6"},"west":{"uv":[10.1875,6.54144,10.3125,6.79139],"texture":"#6"},"up":{"uv":[10.1875,6.54144,9.9375,6.45812],"texture":"#6"},"down":{"uv":[10.4375,6.45812,10.1875,6.54144],"texture":"#6"}}},{"from":[-2.5,10.14805,-1.32836],"to":[-0.5,12.14805,-0.32836],"rotation":{"angle":0,"axis":"x","origin":[5,9.14805,-9.32836]},"faces":{"north":{"uv":[8.4375,7.87451,8.5625,7.95782],"texture":"#6"},"east":{"uv":[8.375,7.87451,8.4375,7.95782],"texture":"#6"},"south":{"uv":[8.625,7.87451,8.75,7.95782],"texture":"#6"},"west":{"uv":[8.5625,7.87451,8.625,7.95782],"texture":"#6"},"up":{"uv":[8.5625,7.87451,8.4375,7.83285],"texture":"#6"},"down":{"uv":[8.6875,7.83285,8.5625,7.87451],"texture":"#6"}}},{"from":[-0.9,9.11091,2.14645],"to":[8.1,20.11091,8.14645],"rotation":{"angle":45,"axis":"x","origin":[5.9,17.11091,1.64645]},"faces":{"north":{"uv":[8.4375,9.54085,9,9.99909],"texture":"#6"},"east":{"uv":[8.0625,9.54085,8.4375,9.99909],"texture":"#6"},"south":{"uv":[9.375,9.54085,9.9375,9.99909],"texture":"#6"},"west":{"uv":[9,9.54085,9.375,9.99909],"texture":"#6"},"up":{"uv":[9,9.54085,8.4375,9.2909],"texture":"#6"},"down":{"uv":[9.5625,9.2909,9,9.54085],"texture":"#6"}}},{"from":[-1,10.87868,4.12132],"to":[8,18.87868,18.12132],"rotation":{"angle":0,"axis":"y","origin":[13,-4.12132,7.12132]},"faces":{"north":{"uv":[8.875,5.95822,9.4375,6.29149],"texture":"#6"},"east":{"uv":[8,5.95822,8.875,6.29149],"texture":"#6"},"south":{"uv":[10.3125,5.95822,10.875,6.29149],"texture":"#6"},"west":{"uv":[9.4375,5.95822,10.3125,6.29149],"texture":"#6"},"up":{"uv":[9.4375,5.95822,8.875,5.375],"texture":"#6"},"down":{"uv":[10,5.375,9.4375,5.95822],"texture":"#6"}}},{"from":[-0.9,7.40381,13.97487],"to":[8.1,18.40381,19.97487],"rotation":{"angle":-45,"axis":"x","origin":[6,16.40381,18.47487]},"faces":{"north":{"uv":[13.1875,8.87431,13.75,9.33255],"texture":"#6"},"east":{"uv":[12.8125,8.87431,13.1875,9.33255],"texture":"#6"},"south":{"uv":[14.125,8.87431,14.6875,9.33255],"texture":"#6"},"west":{"uv":[13.75,8.87431,14.125,9.33255],"texture":"#6"},"up":{"uv":[13.75,8.87431,13.1875,8.62436],"texture":"#6"},"down":{"uv":[14.3125,8.62436,13.75,8.87431],"texture":"#6"}}},{"from":[-0.7,0,17.8],"to":[2.3,8,25.8],"rotation":{"angle":0,"axis":"y","origin":[1.8,5,17.8]},"faces":{"north":{"uv":[12.625,9.83246,12.8125,10.16572],"texture":"#6"},"east":{"uv":[12.125,9.83246,12.625,10.16572],"texture":"#6"},"south":{"uv":[13.3125,9.83246,13.5,10.16572],"texture":"#6"},"west":{"uv":[12.8125,9.83246,13.3125,10.16572],"texture":"#6"},"up":{"uv":[12.8125,9.83246,12.625,9.49919],"texture":"#6"},"down":{"uv":[13,9.49919,12.8125,9.83246],"texture":"#6"}}},{"from":[-0.7,0,-11.2],"to":[2.3,8,-3.2],"rotation":{"angle":0,"axis":"y","origin":[1.8,5,17.8]},"faces":{"north":{"uv":[12.625,9.83246,12.8125,10.16572],"texture":"#6"},"east":{"uv":[12.125,9.83246,12.625,10.16572],"texture":"#6"},"south":{"uv":[13.3125,9.83246,13.5,10.16572],"texture":"#6"},"west":{"uv":[12.8125,9.83246,13.3125,10.16572],"texture":"#6"},"up":{"uv":[12.8125,9.83246,12.625,9.49919],"texture":"#6"},"down":{"uv":[13,9.49919,12.8125,9.83246],"texture":"#6"}}},{"from":[1,2.5359,29.8],"to":[8,5.5359,31.8],"rotation":{"angle":0,"axis":"y","origin":[13,-2.4641,0]},"faces":{"north":{"uv":[13.3125,6.08319,13.75,6.20817],"texture":"#6"},"east":{"uv":[13.1875,6.08319,13.3125,6.20817],"texture":"#6"},"south":{"uv":[13.875,6.08319,14.3125,6.20817],"texture":"#6"},"west":{"uv":[13.75,6.08319,13.875,6.20817],"texture":"#6"},"up":{"uv":[13.75,6.08319,13.3125,5.99988],"texture":"#6"},"down":{"uv":[14.1875,5.99988,13.75,6.08319],"texture":"#6"}}},{"from":[0.1,8.9988,19],"to":[8.1,11.9988,30],"rotation":{"angle":0,"axis":"x","origin":[6.1,10.4988,24.36866]},"faces":{"north":{"uv":[14.3125,10.37402,14.8125,10.49899],"texture":"#6"},"east":{"uv":[13.625,10.37402,14.3125,10.49899],"texture":"#6"},"south":{"uv":[15.5,10.37402,16,10.49899],"texture":"#6"},"west":{"uv":[14.8125,10.37402,15.5,10.49899],"texture":"#6"},"up":{"uv":[14.8125,10.37402,14.3125,9.91577],"texture":"#6"},"down":{"uv":[15.3125,9.91577,14.8125,10.37402],"texture":"#6"}}},{"from":[0.1,9.65417,29.73254],"to":[8.1,11.65417,31.98254],"rotation":{"angle":22.5,"axis":"x","origin":[4.1,11.15417,30.73254]},"faces":{"north":{"uv":[14.3125,10.37402,14.8125,10.45733],"texture":"#6"},"east":{"uv":[14.1875,10.37402,14.3125,10.45733],"texture":"#6"},"south":{"uv":[14.9375,10.37402,15.4375,10.45733],"texture":"#6"},"west":{"uv":[14.8125,10.37402,14.9375,10.45733],"texture":"#6"},"up":{"uv":[14.8125,10.37402,14.3125,10.2907],"texture":"#6"},"down":{"uv":[15.3125,10.2907,14.8125,10.37402],"texture":"#6"}}},{"from":[-8.75,11,-0.2],"to":[-5.25,13.5,0.8],"rotation":{"angle":22.5,"axis":"y","origin":[-6.5,11,-8.6]},"faces":{"north":{"uv":[8.0625,5.45832,8.25,5.54163],"texture":"#6"},"east":{"uv":[8,5.45832,8.0625,5.54163],"texture":"#6"},"south":{"uv":[8.3125,5.45832,8.5,5.54163],"texture":"#6"},"west":{"uv":[8.25,5.45832,8.3125,5.54163],"texture":"#6"},"up":{"uv":[8.25,5.45832,8.0625,5.41666],"texture":"#6"},"down":{"uv":[8.4375,5.41666,8.25,5.45832],"texture":"#6"}}},{"from":[-1,10.87868,18.12132],"to":[1,16.87868,20.12132],"rotation":{"angle":0,"axis":"y","origin":[-1,5.87868,0.12132]},"faces":{"north":{"uv":[12.625,5.45832,12.75,5.70827],"texture":"#6"},"east":{"uv":[12.5,5.45832,12.625,5.70827],"texture":"#6"},"south":{"uv":[12.875,5.45832,13,5.70827],"texture":"#6"},"west":{"uv":[12.75,5.45832,12.875,5.70827],"texture":"#6"},"up":{"uv":[12.75,5.45832,12.625,5.375],"texture":"#6"},"down":{"uv":[12.875,5.375,12.75,5.45832],"texture":"#6"}}},{"from":[8,2.5359,-14.2],"to":[15,5.5359,-13.2],"rotation":{"angle":0,"axis":"y","origin":[3,-2.4641,0]},"faces":{"north":{"uv":[13.9375,6.62475,13.5,6.74973],"texture":"#6"},"east":{"uv":[14,6.62475,13.9375,6.74973],"texture":"#6"},"south":{"uv":[14.4375,6.62475,14,6.74973],"texture":"#6"},"west":{"uv":[13.5,6.62475,13.4375,6.74973],"texture":"#6"},"up":{"uv":[13.5,6.62475,13.9375,6.5831],"texture":"#6"},"down":{"uv":[13.9375,6.5831,14.375,6.62475],"texture":"#6"}}},{"from":[13.45096,2.95096,-14.1],"to":[16.45096,5.95096,31.9],"rotation":{"angle":-22.5,"axis":"z","origin":[14.95096,4.45096,-1.5]},"faces":{"north":{"uv":[11.125,10.54065,10.9375,10.66562],"texture":"#6"},"east":{"uv":[14,10.54065,11.125,10.66562],"texture":"#6"},"south":{"uv":[14.1875,10.54065,14,10.66562],"texture":"#6"},"west":{"uv":[10.9375,10.54065,8.0625,10.66562],"texture":"#6"},"up":{"uv":[10.9375,10.54065,11.125,8.62436],"texture":"#6"},"down":{"uv":[11.125,8.62436,11.3125,10.54065],"texture":"#6"}}},{"from":[8,5,-14],"to":[17,11,32],"rotation":{"angle":0,"axis":"y","origin":[3,-2,0]},"faces":{"north":{"uv":[11.5,7.37461,10.9375,7.62456],"texture":"#6"},"east":{"uv":[14.375,7.37461,11.5,7.62456],"texture":"#6"},"south":{"uv":[14.9375,7.37461,14.375,7.62456],"texture":"#6"},"west":{"uv":[10.9375,7.37461,8.0625,7.62456],"texture":"#6"},"up":{"uv":[10.9375,7.37461,11.5,5.45832],"texture":"#6"},"down":{"uv":[11.5,5.45832,12.0625,7.37461],"texture":"#6"}}},{"from":[8,10.89805,-10.22836],"to":[16,11.89805,-2.22836],"rotation":{"angle":0,"axis":"x","origin":[11,10.64805,-9.72836]},"faces":{"north":{"uv":[14.5,8.0828,14,8.12446],"texture":"#6"},"east":{"uv":[15,8.0828,14.5,8.12446],"texture":"#6"},"south":{"uv":[15.5,8.0828,15,8.12446],"texture":"#6"},"west":{"uv":[14,8.0828,13.5,8.12446],"texture":"#6"},"up":{"uv":[14,8.0828,14.5,7.74953],"texture":"#6"},"down":{"uv":[14.5,7.74953,15,8.0828],"texture":"#6"}}},{"from":[8,10.49805,-13.22836],"to":[15,11.49805,-10.22836],"rotation":{"angle":0,"axis":"x","origin":[11,10.64805,-9.72836]},"faces":{"north":{"uv":[11.375,7.87451,10.9375,7.91617],"texture":"#6"},"east":{"uv":[11.5625,7.87451,11.375,7.91617],"texture":"#6"},"south":{"uv":[12,7.87451,11.5625,7.91617],"texture":"#6"},"west":{"uv":[10.9375,7.87451,10.75,7.91617],"texture":"#6"},"up":{"uv":[10.9375,7.87451,11.375,7.74953],"texture":"#6"},"down":{"uv":[11.375,7.74953,11.8125,7.87451],"texture":"#6"}}},{"from":[11.99896,4.9,-14.99477],"to":[16.99896,10.9,-12.99477],"rotation":{"angle":-22.5,"axis":"y","origin":[14.49896,9.4,-14.49477]},"faces":{"north":{"uv":[8.4375,6.45812,8.125,6.70807],"texture":"#6"},"east":{"uv":[8.5625,6.45812,8.4375,6.70807],"texture":"#6"},"south":{"uv":[8.875,6.45812,8.5625,6.70807],"texture":"#6"},"west":{"uv":[8.125,6.45812,8,6.70807],"texture":"#6"},"up":{"uv":[8.125,6.45812,8.4375,6.3748],"texture":"#6"},"down":{"uv":[8.4375,6.3748,8.75,6.45812],"texture":"#6"}}},{"from":[7.8806,4.9,-15.91342],"to":[12.3806,10.9,-13.91342],"rotation":{"angle":0,"axis":"y","origin":[4.8806,9.4,-15.70952]},"faces":{"north":{"uv":[10.1875,6.54144,9.9375,6.79139],"texture":"#6"},"east":{"uv":[10.3125,6.54144,10.1875,6.79139],"texture":"#6"},"south":{"uv":[10.5625,6.54144,10.3125,6.79139],"texture":"#6"},"west":{"uv":[9.9375,6.54144,9.8125,6.79139],"texture":"#6"},"up":{"uv":[9.9375,6.54144,10.1875,6.45812],"texture":"#6"},"down":{"uv":[10.1875,6.45812,10.4375,6.54144],"texture":"#6"}}},{"from":[16.5,10.14805,-1.32836],"to":[18.5,12.14805,-0.32836],"rotation":{"angle":0,"axis":"x","origin":[11,9.14805,-9.32836]},"faces":{"north":{"uv":[8.5625,7.87451,8.4375,7.95782],"texture":"#6"},"east":{"uv":[8.625,7.87451,8.5625,7.95782],"texture":"#6"},"south":{"uv":[8.75,7.87451,8.625,7.95782],"texture":"#6"},"west":{"uv":[8.4375,7.87451,8.375,7.95782],"texture":"#6"},"up":{"uv":[8.4375,7.87451,8.5625,7.83285],"texture":"#6"},"down":{"uv":[8.5625,7.83285,8.6875,7.87451],"texture":"#6"}}},{"from":[7.9,9.11091,2.14645],"to":[16.9,20.11091,8.14645],"rotation":{"angle":45,"axis":"x","origin":[10.1,17.11091,1.64645]},"faces":{"north":{"uv":[9,9.54085,8.4375,9.99909],"texture":"#6"},"east":{"uv":[9.375,9.54085,9,9.99909],"texture":"#6"},"south":{"uv":[9.9375,9.54085,9.375,9.99909],"texture":"#6"},"west":{"uv":[8.4375,9.54085,8.0625,9.99909],"texture":"#6"},"up":{"uv":[8.4375,9.54085,9,9.2909],"texture":"#6"},"down":{"uv":[9,9.2909,9.5625,9.54085],"texture":"#6"}}},{"from":[8,10.87868,4.12132],"to":[17,18.87868,18.12132],"rotation":{"angle":0,"axis":"y","origin":[3,-4.12132,7.12132]},"faces":{"north":{"uv":[9.4375,5.95822,8.875,6.29149],"texture":"#6"},"east":{"uv":[10.3125,5.95822,9.4375,6.29149],"texture":"#6"},"south":{"uv":[10.875,5.95822,10.3125,6.29149],"texture":"#6"},"west":{"uv":[8.875,5.95822,8,6.29149],"texture":"#6"},"up":{"uv":[8.875,5.95822,9.4375,5.375],"texture":"#6"},"down":{"uv":[9.4375,5.375,10,5.95822],"texture":"#6"}}},{"from":[7.9,7.40381,13.97487],"to":[16.9,18.40381,19.97487],"rotation":{"angle":-45,"axis":"x","origin":[10,16.40381,18.47487]},"faces":{"north":{"uv":[13.75,8.87431,13.1875,9.33255],"texture":"#6"},"east":{"uv":[14.125,8.87431,13.75,9.33255],"texture":"#6"},"south":{"uv":[14.6875,8.87431,14.125,9.33255],"texture":"#6"},"west":{"uv":[13.1875,8.87431,12.8125,9.33255],"texture":"#6"},"up":{"uv":[13.1875,8.87431,13.75,8.62436],"texture":"#6"},"down":{"uv":[13.75,8.62436,14.3125,8.87431],"texture":"#6"}}},{"from":[13.7,0,17.8],"to":[16.7,8,25.8],"rotation":{"angle":0,"axis":"y","origin":[14.2,5,17.8]},"faces":{"north":{"uv":[12.8125,9.83246,12.625,10.16572],"texture":"#6"},"east":{"uv":[13.3125,9.83246,12.8125,10.16572],"texture":"#6"},"south":{"uv":[13.5,9.83246,13.3125,10.16572],"texture":"#6"},"west":{"uv":[12.625,9.83246,12.125,10.16572],"texture":"#6"},"up":{"uv":[12.625,9.83246,12.8125,9.49919],"texture":"#6"},"down":{"uv":[12.8125,9.49919,13,9.83246],"texture":"#6"}}},{"from":[13.7,0,-11.2],"to":[16.7,8,-3.2],"rotation":{"angle":0,"axis":"y","origin":[14.2,5,17.8]},"faces":{"north":{"uv":[12.8125,9.83246,12.625,10.16572],"texture":"#6"},"east":{"uv":[13.3125,9.83246,12.8125,10.16572],"texture":"#6"},"south":{"uv":[13.5,9.83246,13.3125,10.16572],"texture":"#6"},"west":{"uv":[12.625,9.83246,12.125,10.16572],"texture":"#6"},"up":{"uv":[12.625,9.83246,12.8125,9.49919],"texture":"#6"},"down":{"uv":[12.8125,9.49919,13,9.83246],"texture":"#6"}}},{"from":[8,2.5359,29.8],"to":[15,5.5359,31.8],"rotation":{"angle":0,"axis":"y","origin":[3,-2.4641,0]},"faces":{"north":{"uv":[13.75,6.08319,13.3125,6.20817],"texture":"#6"},"east":{"uv":[13.875,6.08319,13.75,6.20817],"texture":"#6"},"south":{"uv":[14.3125,6.08319,13.875,6.20817],"texture":"#6"},"west":{"uv":[13.3125,6.08319,13.1875,6.20817],"texture":"#6"},"up":{"uv":[13.3125,6.08319,13.75,5.99988],"texture":"#6"},"down":{"uv":[13.75,5.99988,14.1875,6.08319],"texture":"#6"}}},{"from":[7.9,8.9988,19],"to":[15.9,11.9988,30],"rotation":{"angle":0,"axis":"x","origin":[9.9,10.4988,24.36866]},"faces":{"north":{"uv":[14.8125,10.37402,14.3125,10.49899],"texture":"#6"},"east":{"uv":[15.5,10.37402,14.8125,10.49899],"texture":"#6"},"south":{"uv":[16,10.37402,15.5,10.49899],"texture":"#6"},"west":{"uv":[14.3125,10.37402,13.625,10.49899],"texture":"#6"},"up":{"uv":[14.3125,10.37402,14.8125,9.91577],"texture":"#6"},"down":{"uv":[14.8125,9.91577,15.3125,10.37402],"texture":"#6"}}},{"from":[7.9,9.65417,29.73254],"to":[15.9,11.65417,31.98254],"rotation":{"angle":22.5,"axis":"x","origin":[11.9,11.15417,30.73254]},"faces":{"north":{"uv":[14.8125,10.37402,14.3125,10.45733],"texture":"#6"},"east":{"uv":[14.9375,10.37402,14.8125,10.45733],"texture":"#6"},"south":{"uv":[15.4375,10.37402,14.9375,10.45733],"texture":"#6"},"west":{"uv":[14.3125,10.37402,14.1875,10.45733],"texture":"#6"},"up":{"uv":[14.3125,10.37402,14.8125,10.2907],"texture":"#6"},"down":{"uv":[14.8125,10.2907,15.3125,10.37402],"texture":"#6"}}},{"from":[21.25,11,-0.2],"to":[24.75,13.5,0.8],"rotation":{"angle":-22.5,"axis":"y","origin":[22.5,11,-8.6]},"faces":{"north":{"uv":[8.25,5.45832,8.0625,5.54163],"texture":"#6"},"east":{"uv":[8.3125,5.45832,8.25,5.54163],"texture":"#6"},"south":{"uv":[8.5,5.45832,8.3125,5.54163],"texture":"#6"},"west":{"uv":[8.0625,5.45832,8,5.54163],"texture":"#6"},"up":{"uv":[8.0625,5.45832,8.25,5.41666],"texture":"#6"},"down":{"uv":[8.25,5.41666,8.4375,5.45832],"texture":"#6"}}},{"from":[15,10.87868,18.12132],"to":[17,16.87868,20.12132],"rotation":{"angle":0,"axis":"y","origin":[17,5.87868,0.12132]},"faces":{"north":{"uv":[12.75,5.45832,12.625,5.70827],"texture":"#6"},"east":{"uv":[12.875,5.45832,12.75,5.70827],"texture":"#6"},"south":{"uv":[13,5.45832,12.875,5.70827],"texture":"#6"},"west":{"uv":[12.625,5.45832,12.5,5.70827],"texture":"#6"},"up":{"uv":[12.625,5.45832,12.75,5.375],"texture":"#6"},"down":{"uv":[12.75,5.375,12.875,5.45832],"texture":"#6"}}}],"gui_light":"front","display":{"thirdperson_righthand":{"rotation":[75,45,0],"translation":[0,2.5,0],"scale":[0.375,0.375,0.375]},"thirdperson_lefthand":{"rotation":[75,45,0],"translation":[0,2.5,0],"scale":[0.375,0.375,0.375]},"firstperson_righthand":{"rotation":[0,50,0],"translation":[0.25,2,0],"scale":[0.3,0.3,0.3]},"firstperson_lefthand":{"rotation":[0,32,0],"translation":[0.25,2,0],"scale":[0.3,0.3,0.3]},"ground":{"translation":[0,2,0],"scale":[0.5,0.5,0.5]},"gui":{"rotation":[10,153,0],"translation":[-0.25,-1.25,0],"scale":[0.4,0.4,0.4]},"head":{"translation":[0,-27.199,0],"scale":[2,2,2]},"fixed":{"rotation":[-90,0,0],"translation":[0,0.5,-25.25],"scale":[3.2,3.2,3.2]}}}