{"credit":"Made with Blockbench","texture_size":[128,128],"textures":{"6":"furnitures:rivrs/voiture"},"elements":[{"from":[1,2.5359,-14.2],"to":[8,5.5359,-13.2],"rotation":{"angle":0,"axis":"y","origin":[13,-2.4641,0]},"faces":{"north":{"uv":[5.5,11.95913,5.9375,12.0841],"texture":"#6"},"east":{"uv":[5.4375,11.95913,5.5,12.0841],"texture":"#6"},"south":{"uv":[6,11.95913,6.4375,12.0841],"texture":"#6"},"west":{"uv":[5.9375,11.95913,6,12.0841],"texture":"#6"},"up":{"uv":[5.9375,11.95913,5.5,11.91747],"texture":"#6"},"down":{"uv":[6.375,11.91747,5.9375,11.95913],"texture":"#6"}}},{"from":[-0.45096,2.95096,-14.1],"to":[2.54904,5.95096,31.9],"rotation":{"angle":22.5,"axis":"z","origin":[1.04904,4.45096,-1.5]},"faces":{"north":{"uv":[2.9375,15.87502,3.125,16],"texture":"#6"},"east":{"uv":[0.0625,15.87502,2.9375,16],"texture":"#6"},"south":{"uv":[6,15.87502,6.1875,16],"texture":"#6"},"west":{"uv":[3.125,15.87502,6,16],"texture":"#6"},"up":{"uv":[3.125,15.87502,2.9375,13.95874],"texture":"#6"},"down":{"uv":[3.3125,13.95874,3.125,15.87502],"texture":"#6"}}},{"from":[-1,5,-14],"to":[8,11,32],"rotation":{"angle":0,"axis":"y","origin":[13,-2,0]},"faces":{"north":{"uv":[2.9375,12.70898,3.5,12.95893],"texture":"#6"},"east":{"uv":[0.0625,12.70898,2.9375,12.95893],"texture":"#6"},"south":{"uv":[6.375,12.70898,6.9375,12.95893],"texture":"#6"},"west":{"uv":[3.5,12.70898,6.375,12.95893],"texture":"#6"},"up":{"uv":[3.5,12.70898,2.9375,10.79269],"texture":"#6"},"down":{"uv":[4.0625,10.79269,3.5,12.70898],"texture":"#6"}}},{"from":[0,10.89805,-10.22836],"to":[8,11.89805,-2.22836],"rotation":{"angle":0,"axis":"x","origin":[5,10.64805,-9.72836]},"faces":{"north":{"uv":[6,13.41718,6.5,13.45883],"texture":"#6"},"east":{"uv":[5.5,13.41718,6,13.45883],"texture":"#6"},"south":{"uv":[7,13.41718,7.5,13.45883],"texture":"#6"},"west":{"uv":[6.5,13.41718,7,13.45883],"texture":"#6"},"up":{"uv":[6.5,13.41718,6,13.08391],"texture":"#6"},"down":{"uv":[7,13.08391,6.5,13.41718],"texture":"#6"}}},{"from":[1,10.49805,-13.22836],"to":[8,11.49805,-10.22836],"rotation":{"angle":0,"axis":"x","origin":[5,10.64805,-9.72836]},"faces":{"north":{"uv":[2.9375,13.20888,3.375,13.25054],"texture":"#6"},"east":{"uv":[2.75,13.20888,2.9375,13.25054],"texture":"#6"},"south":{"uv":[3.5625,13.20888,4,13.25054],"texture":"#6"},"west":{"uv":[3.375,13.20888,3.5625,13.25054],"texture":"#6"},"up":{"uv":[3.375,13.20888,2.9375,13.08391],"texture":"#6"},"down":{"uv":[3.8125,13.08391,3.375,13.20888],"texture":"#6"}}},{"from":[-0.99896,4.9,-14.99477],"to":[4.00104,10.9,-12.99477],"rotation":{"angle":22.5,"axis":"y","origin":[1.50104,9.4,-14.49477]},"faces":{"north":{"uv":[0.125,11.7925,0.4375,12.04245],"texture":"#6"},"east":{"uv":[0,11.7925,0.125,12.04245],"texture":"#6"},"south":{"uv":[0.5625,11.7925,0.875,12.04245],"texture":"#6"},"west":{"uv":[0.4375,11.7925,0.5625,12.04245],"texture":"#6"},"up":{"uv":[0.4375,11.7925,0.125,11.70918],"texture":"#6"},"down":{"uv":[0.75,11.70918,0.4375,11.7925],"texture":"#6"}}},{"from":[3.6194,4.9,-15.91342],"to":[8.1194,10.9,-13.91342],"rotation":{"angle":0,"axis":"y","origin":[11.1194,9.4,-15.70952]},"faces":{"north":{"uv":[1.9375,11.87581,2.1875,12.12576],"texture":"#6"},"east":{"uv":[1.8125,11.87581,1.9375,12.12576],"texture":"#6"},"south":{"uv":[2.3125,11.87581,2.5625,12.12576],"texture":"#6"},"west":{"uv":[2.1875,11.87581,2.3125,12.12576],"texture":"#6"},"up":{"uv":[2.1875,11.87581,1.9375,11.7925],"texture":"#6"},"down":{"uv":[2.4375,11.7925,2.1875,11.87581],"texture":"#6"}}},{"from":[-2.5,10.14805,-1.32836],"to":[-0.5,12.14805,-0.32836],"rotation":{"angle":0,"axis":"x","origin":[5,9.14805,-9.32836]},"faces":{"north":{"uv":[0.4375,13.20888,0.5625,13.2922],"texture":"#6"},"east":{"uv":[0.375,13.20888,0.4375,13.2922],"texture":"#6"},"south":{"uv":[0.625,13.20888,0.75,13.2922],"texture":"#6"},"west":{"uv":[0.5625,13.20888,0.625,13.2922],"texture":"#6"},"up":{"uv":[0.5625,13.20888,0.4375,13.16722],"texture":"#6"},"down":{"uv":[0.6875,13.16722,0.5625,13.20888],"texture":"#6"}}},{"from":[-0.9,9.11091,2.14645],"to":[8.1,20.11091,8.14645],"rotation":{"angle":45,"axis":"x","origin":[5.9,17.11091,1.64645]},"faces":{"north":{"uv":[0.4375,14.87522,1,15.33346],"texture":"#6"},"east":{"uv":[0.0625,14.87522,0.4375,15.33346],"texture":"#6"},"south":{"uv":[1.375,14.87522,1.9375,15.33346],"texture":"#6"},"west":{"uv":[1,14.87522,1.375,15.33346],"texture":"#6"},"up":{"uv":[1,14.87522,0.4375,14.62527],"texture":"#6"},"down":{"uv":[1.5625,14.62527,1,14.87522],"texture":"#6"}}},{"from":[-1,10.87868,4.12132],"to":[8,18.87868,18.12132],"rotation":{"angle":0,"axis":"y","origin":[13,-4.12132,7.12132]},"faces":{"north":{"uv":[0.875,11.29259,1.4375,11.62586],"texture":"#6"},"east":{"uv":[0,11.29259,0.875,11.62586],"texture":"#6"},"south":{"uv":[2.3125,11.29259,2.875,11.62586],"texture":"#6"},"west":{"uv":[1.4375,11.29259,2.3125,11.62586],"texture":"#6"},"up":{"uv":[1.4375,11.29259,0.875,10.70938],"texture":"#6"},"down":{"uv":[2,10.70938,1.4375,11.29259],"texture":"#6"}}},{"from":[-0.9,7.40381,13.97487],"to":[8.1,18.40381,19.97487],"rotation":{"angle":-45,"axis":"x","origin":[6,16.40381,18.47487]},"faces":{"north":{"uv":[5.1875,14.20869,5.75,14.66693],"texture":"#6"},"east":{"uv":[4.8125,14.20869,5.1875,14.66693],"texture":"#6"},"south":{"uv":[6.125,14.20869,6.6875,14.66693],"texture":"#6"},"west":{"uv":[5.75,14.20869,6.125,14.66693],"texture":"#6"},"up":{"uv":[5.75,14.20869,5.1875,13.95874],"texture":"#6"},"down":{"uv":[6.3125,13.95874,5.75,14.20869],"texture":"#6"}}},{"from":[-0.7,0,17.8],"to":[2.3,8,25.8],"rotation":{"angle":0,"axis":"y","origin":[1.8,5,17.8]},"faces":{"north":{"uv":[4.625,15.16683,4.8125,15.5001],"texture":"#6"},"east":{"uv":[4.125,15.16683,4.625,15.5001],"texture":"#6"},"south":{"uv":[5.3125,15.16683,5.5,15.5001],"texture":"#6"},"west":{"uv":[4.8125,15.16683,5.3125,15.5001],"texture":"#6"},"up":{"uv":[4.8125,15.16683,4.625,14.83356],"texture":"#6"},"down":{"uv":[5,14.83356,4.8125,15.16683],"texture":"#6"}}},{"from":[-0.7,0,-11.2],"to":[2.3,8,-3.2],"rotation":{"angle":0,"axis":"y","origin":[1.8,5,17.8]},"faces":{"north":{"uv":[4.625,15.16683,4.8125,15.5001],"texture":"#6"},"east":{"uv":[4.125,15.16683,4.625,15.5001],"texture":"#6"},"south":{"uv":[5.3125,15.16683,5.5,15.5001],"texture":"#6"},"west":{"uv":[4.8125,15.16683,5.3125,15.5001],"texture":"#6"},"up":{"uv":[4.8125,15.16683,4.625,14.83356],"texture":"#6"},"down":{"uv":[5,14.83356,4.8125,15.16683],"texture":"#6"}}},{"from":[1,2.5359,29.8],"to":[8,5.5359,31.8],"rotation":{"angle":0,"axis":"y","origin":[13,-2.4641,0]},"faces":{"north":{"uv":[5.3125,11.41757,5.75,11.54254],"texture":"#6"},"east":{"uv":[5.1875,11.41757,5.3125,11.54254],"texture":"#6"},"south":{"uv":[5.875,11.41757,6.3125,11.54254],"texture":"#6"},"west":{"uv":[5.75,11.41757,5.875,11.54254],"texture":"#6"},"up":{"uv":[5.75,11.41757,5.3125,11.33425],"texture":"#6"},"down":{"uv":[6.1875,11.33425,5.75,11.41757],"texture":"#6"}}},{"from":[0.1,8.9988,19],"to":[8.1,11.9988,30],"rotation":{"angle":0,"axis":"x","origin":[6.1,10.4988,24.36866]},"faces":{"north":{"uv":[6.3125,15.70839,6.8125,15.83337],"texture":"#6"},"east":{"uv":[5.625,15.70839,6.3125,15.83337],"texture":"#6"},"south":{"uv":[7.5,15.70839,8,15.83337],"texture":"#6"},"west":{"uv":[6.8125,15.70839,7.5,15.83337],"texture":"#6"},"up":{"uv":[6.8125,15.70839,6.3125,15.25015],"texture":"#6"},"down":{"uv":[7.3125,15.25015,6.8125,15.70839],"texture":"#6"}}},{"from":[0.1,9.65417,29.73254],"to":[8.1,11.65417,31.98254],"rotation":{"angle":22.5,"axis":"x","origin":[4.1,11.15417,30.73254]},"faces":{"north":{"uv":[6.3125,15.70839,6.8125,15.79171],"texture":"#6"},"east":{"uv":[6.1875,15.70839,6.3125,15.79171],"texture":"#6"},"south":{"uv":[6.9375,15.70839,7.4375,15.79171],"texture":"#6"},"west":{"uv":[6.8125,15.70839,6.9375,15.79171],"texture":"#6"},"up":{"uv":[6.8125,15.70839,6.3125,15.62507],"texture":"#6"},"down":{"uv":[7.3125,15.62507,6.8125,15.70839],"texture":"#6"}}},{"from":[-8.75,11,-0.2],"to":[-5.25,13.5,0.8],"rotation":{"angle":22.5,"axis":"y","origin":[-6.5,11,-8.6]},"faces":{"north":{"uv":[0.0625,10.79269,0.25,10.87601],"texture":"#6"},"east":{"uv":[0,10.79269,0.0625,10.87601],"texture":"#6"},"south":{"uv":[0.3125,10.79269,0.5,10.87601],"texture":"#6"},"west":{"uv":[0.25,10.79269,0.3125,10.87601],"texture":"#6"},"up":{"uv":[0.25,10.79269,0.0625,10.75103],"texture":"#6"},"down":{"uv":[0.4375,10.75103,0.25,10.79269],"texture":"#6"}}},{"from":[-1,10.87868,18.12132],"to":[1,16.87868,20.12132],"rotation":{"angle":0,"axis":"y","origin":[-1,5.87868,0.12132]},"faces":{"north":{"uv":[4.625,10.79269,4.75,11.04264],"texture":"#6"},"east":{"uv":[4.5,10.79269,4.625,11.04264],"texture":"#6"},"south":{"uv":[4.875,10.79269,5,11.04264],"texture":"#6"},"west":{"uv":[4.75,10.79269,4.875,11.04264],"texture":"#6"},"up":{"uv":[4.75,10.79269,4.625,10.70938],"texture":"#6"},"down":{"uv":[4.875,10.70938,4.75,10.79269],"texture":"#6"}}},{"from":[8,2.5359,-14.2],"to":[15,5.5359,-13.2],"rotation":{"angle":0,"axis":"y","origin":[3,-2.4641,0]},"faces":{"north":{"uv":[5.9375,11.95913,5.5,12.0841],"texture":"#6"},"east":{"uv":[6,11.95913,5.9375,12.0841],"texture":"#6"},"south":{"uv":[6.4375,11.95913,6,12.0841],"texture":"#6"},"west":{"uv":[5.5,11.95913,5.4375,12.0841],"texture":"#6"},"up":{"uv":[5.5,11.95913,5.9375,11.91747],"texture":"#6"},"down":{"uv":[5.9375,11.91747,6.375,11.95913],"texture":"#6"}}},{"from":[13.45096,2.95096,-14.1],"to":[16.45096,5.95096,31.9],"rotation":{"angle":-22.5,"axis":"z","origin":[14.95096,4.45096,-1.5]},"faces":{"north":{"uv":[3.125,15.87502,2.9375,16],"texture":"#6"},"east":{"uv":[6,15.87502,3.125,16],"texture":"#6"},"south":{"uv":[6.1875,15.87502,6,16],"texture":"#6"},"west":{"uv":[2.9375,15.87502,0.0625,16],"texture":"#6"},"up":{"uv":[2.9375,15.87502,3.125,13.95874],"texture":"#6"},"down":{"uv":[3.125,13.95874,3.3125,15.87502],"texture":"#6"}}},{"from":[8,5,-14],"to":[17,11,32],"rotation":{"angle":0,"axis":"y","origin":[3,-2,0]},"faces":{"north":{"uv":[3.5,12.70898,2.9375,12.95893],"texture":"#6"},"east":{"uv":[6.375,12.70898,3.5,12.95893],"texture":"#6"},"south":{"uv":[6.9375,12.70898,6.375,12.95893],"texture":"#6"},"west":{"uv":[2.9375,12.70898,0.0625,12.95893],"texture":"#6"},"up":{"uv":[2.9375,12.70898,3.5,10.79269],"texture":"#6"},"down":{"uv":[3.5,10.79269,4.0625,12.70898],"texture":"#6"}}},{"from":[8,10.89805,-10.22836],"to":[16,11.89805,-2.22836],"rotation":{"angle":0,"axis":"x","origin":[11,10.64805,-9.72836]},"faces":{"north":{"uv":[6.5,13.41718,6,13.45883],"texture":"#6"},"east":{"uv":[7,13.41718,6.5,13.45883],"texture":"#6"},"south":{"uv":[7.5,13.41718,7,13.45883],"texture":"#6"},"west":{"uv":[6,13.41718,5.5,13.45883],"texture":"#6"},"up":{"uv":[6,13.41718,6.5,13.08391],"texture":"#6"},"down":{"uv":[6.5,13.08391,7,13.41718],"texture":"#6"}}},{"from":[8,10.49805,-13.22836],"to":[15,11.49805,-10.22836],"rotation":{"angle":0,"axis":"x","origin":[11,10.64805,-9.72836]},"faces":{"north":{"uv":[3.375,13.20888,2.9375,13.25054],"texture":"#6"},"east":{"uv":[3.5625,13.20888,3.375,13.25054],"texture":"#6"},"south":{"uv":[4,13.20888,3.5625,13.25054],"texture":"#6"},"west":{"uv":[2.9375,13.20888,2.75,13.25054],"texture":"#6"},"up":{"uv":[2.9375,13.20888,3.375,13.08391],"texture":"#6"},"down":{"uv":[3.375,13.08391,3.8125,13.20888],"texture":"#6"}}},{"from":[11.99896,4.9,-14.99477],"to":[16.99896,10.9,-12.99477],"rotation":{"angle":-22.5,"axis":"y","origin":[14.49896,9.4,-14.49477]},"faces":{"north":{"uv":[0.4375,11.7925,0.125,12.04245],"texture":"#6"},"east":{"uv":[0.5625,11.7925,0.4375,12.04245],"texture":"#6"},"south":{"uv":[0.875,11.7925,0.5625,12.04245],"texture":"#6"},"west":{"uv":[0.125,11.7925,0,12.04245],"texture":"#6"},"up":{"uv":[0.125,11.7925,0.4375,11.70918],"texture":"#6"},"down":{"uv":[0.4375,11.70918,0.75,11.7925],"texture":"#6"}}},{"from":[7.8806,4.9,-15.91342],"to":[12.3806,10.9,-13.91342],"rotation":{"angle":0,"axis":"y","origin":[4.8806,9.4,-15.70952]},"faces":{"north":{"uv":[2.1875,11.87581,1.9375,12.12576],"texture":"#6"},"east":{"uv":[2.3125,11.87581,2.1875,12.12576],"texture":"#6"},"south":{"uv":[2.5625,11.87581,2.3125,12.12576],"texture":"#6"},"west":{"uv":[1.9375,11.87581,1.8125,12.12576],"texture":"#6"},"up":{"uv":[1.9375,11.87581,2.1875,11.7925],"texture":"#6"},"down":{"uv":[2.1875,11.7925,2.4375,11.87581],"texture":"#6"}}},{"from":[16.5,10.14805,-1.32836],"to":[18.5,12.14805,-0.32836],"rotation":{"angle":0,"axis":"x","origin":[11,9.14805,-9.32836]},"faces":{"north":{"uv":[0.5625,13.20888,0.4375,13.2922],"texture":"#6"},"east":{"uv":[0.625,13.20888,0.5625,13.2922],"texture":"#6"},"south":{"uv":[0.75,13.20888,0.625,13.2922],"texture":"#6"},"west":{"uv":[0.4375,13.20888,0.375,13.2922],"texture":"#6"},"up":{"uv":[0.4375,13.20888,0.5625,13.16722],"texture":"#6"},"down":{"uv":[0.5625,13.16722,0.6875,13.20888],"texture":"#6"}}},{"from":[7.9,9.11091,2.14645],"to":[16.9,20.11091,8.14645],"rotation":{"angle":45,"axis":"x","origin":[10.1,17.11091,1.64645]},"faces":{"north":{"uv":[1,14.87522,0.4375,15.33346],"texture":"#6"},"east":{"uv":[1.375,14.87522,1,15.33346],"texture":"#6"},"south":{"uv":[1.9375,14.87522,1.375,15.33346],"texture":"#6"},"west":{"uv":[0.4375,14.87522,0.0625,15.33346],"texture":"#6"},"up":{"uv":[0.4375,14.87522,1,14.62527],"texture":"#6"},"down":{"uv":[1,14.62527,1.5625,14.87522],"texture":"#6"}}},{"from":[8,10.87868,4.12132],"to":[17,18.87868,18.12132],"rotation":{"angle":0,"axis":"y","origin":[3,-4.12132,7.12132]},"faces":{"north":{"uv":[1.4375,11.29259,0.875,11.62586],"texture":"#6"},"east":{"uv":[2.3125,11.29259,1.4375,11.62586],"texture":"#6"},"south":{"uv":[2.875,11.29259,2.3125,11.62586],"texture":"#6"},"west":{"uv":[0.875,11.29259,0,11.62586],"texture":"#6"},"up":{"uv":[0.875,11.29259,1.4375,10.70938],"texture":"#6"},"down":{"uv":[1.4375,10.70938,2,11.29259],"texture":"#6"}}},{"from":[7.9,7.40381,13.97487],"to":[16.9,18.40381,19.97487],"rotation":{"angle":-45,"axis":"x","origin":[10,16.40381,18.47487]},"faces":{"north":{"uv":[5.75,14.20869,5.1875,14.66693],"texture":"#6"},"east":{"uv":[6.125,14.20869,5.75,14.66693],"texture":"#6"},"south":{"uv":[6.6875,14.20869,6.125,14.66693],"texture":"#6"},"west":{"uv":[5.1875,14.20869,4.8125,14.66693],"texture":"#6"},"up":{"uv":[5.1875,14.20869,5.75,13.95874],"texture":"#6"},"down":{"uv":[5.75,13.95874,6.3125,14.20869],"texture":"#6"}}},{"from":[13.7,0,17.8],"to":[16.7,8,25.8],"rotation":{"angle":0,"axis":"y","origin":[14.2,5,17.8]},"faces":{"north":{"uv":[4.8125,15.16683,4.625,15.5001],"texture":"#6"},"east":{"uv":[5.3125,15.16683,4.8125,15.5001],"texture":"#6"},"south":{"uv":[5.5,15.16683,5.3125,15.5001],"texture":"#6"},"west":{"uv":[4.625,15.16683,4.125,15.5001],"texture":"#6"},"up":{"uv":[4.625,15.16683,4.8125,14.83356],"texture":"#6"},"down":{"uv":[4.8125,14.83356,5,15.16683],"texture":"#6"}}},{"from":[13.7,0,-11.2],"to":[16.7,8,-3.2],"rotation":{"angle":0,"axis":"y","origin":[14.2,5,17.8]},"faces":{"north":{"uv":[4.8125,15.16683,4.625,15.5001],"texture":"#6"},"east":{"uv":[5.3125,15.16683,4.8125,15.5001],"texture":"#6"},"south":{"uv":[5.5,15.16683,5.3125,15.5001],"texture":"#6"},"west":{"uv":[4.625,15.16683,4.125,15.5001],"texture":"#6"},"up":{"uv":[4.625,15.16683,4.8125,14.83356],"texture":"#6"},"down":{"uv":[4.8125,14.83356,5,15.16683],"texture":"#6"}}},{"from":[8,2.5359,29.8],"to":[15,5.5359,31.8],"rotation":{"angle":0,"axis":"y","origin":[3,-2.4641,0]},"faces":{"north":{"uv":[5.75,11.41757,5.3125,11.54254],"texture":"#6"},"east":{"uv":[5.875,11.41757,5.75,11.54254],"texture":"#6"},"south":{"uv":[6.3125,11.41757,5.875,11.54254],"texture":"#6"},"west":{"uv":[5.3125,11.41757,5.1875,11.54254],"texture":"#6"},"up":{"uv":[5.3125,11.41757,5.75,11.33425],"texture":"#6"},"down":{"uv":[5.75,11.33425,6.1875,11.41757],"texture":"#6"}}},{"from":[7.9,8.9988,19],"to":[15.9,11.9988,30],"rotation":{"angle":0,"axis":"x","origin":[9.9,10.4988,24.36866]},"faces":{"north":{"uv":[6.8125,15.70839,6.3125,15.83337],"texture":"#6"},"east":{"uv":[7.5,15.70839,6.8125,15.83337],"texture":"#6"},"south":{"uv":[8,15.70839,7.5,15.83337],"texture":"#6"},"west":{"uv":[6.3125,15.70839,5.625,15.83337],"texture":"#6"},"up":{"uv":[6.3125,15.70839,6.8125,15.25015],"texture":"#6"},"down":{"uv":[6.8125,15.25015,7.3125,15.70839],"texture":"#6"}}},{"from":[7.9,9.65417,29.73254],"to":[15.9,11.65417,31.98254],"rotation":{"angle":22.5,"axis":"x","origin":[11.9,11.15417,30.73254]},"faces":{"north":{"uv":[6.8125,15.70839,6.3125,15.79171],"texture":"#6"},"east":{"uv":[6.9375,15.70839,6.8125,15.79171],"texture":"#6"},"south":{"uv":[7.4375,15.70839,6.9375,15.79171],"texture":"#6"},"west":{"uv":[6.3125,15.70839,6.1875,15.79171],"texture":"#6"},"up":{"uv":[6.3125,15.70839,6.8125,15.62507],"texture":"#6"},"down":{"uv":[6.8125,15.62507,7.3125,15.70839],"texture":"#6"}}},{"from":[21.25,11,-0.2],"to":[24.75,13.5,0.8],"rotation":{"angle":-22.5,"axis":"y","origin":[22.5,11,-8.6]},"faces":{"north":{"uv":[0.25,10.79269,0.0625,10.87601],"texture":"#6"},"east":{"uv":[0.3125,10.79269,0.25,10.87601],"texture":"#6"},"south":{"uv":[0.5,10.79269,0.3125,10.87601],"texture":"#6"},"west":{"uv":[0.0625,10.79269,0,10.87601],"texture":"#6"},"up":{"uv":[0.0625,10.79269,0.25,10.75103],"texture":"#6"},"down":{"uv":[0.25,10.75103,0.4375,10.79269],"texture":"#6"}}},{"from":[15,10.87868,18.12132],"to":[17,16.87868,20.12132],"rotation":{"angle":0,"axis":"y","origin":[17,5.87868,0.12132]},"faces":{"north":{"uv":[4.75,10.79269,4.625,11.04264],"texture":"#6"},"east":{"uv":[4.875,10.79269,4.75,11.04264],"texture":"#6"},"south":{"uv":[5,10.79269,4.875,11.04264],"texture":"#6"},"west":{"uv":[4.625,10.79269,4.5,11.04264],"texture":"#6"},"up":{"uv":[4.625,10.79269,4.75,10.70938],"texture":"#6"},"down":{"uv":[4.75,10.70938,4.875,10.79269],"texture":"#6"}}}],"gui_light":"front","display":{"thirdperson_righthand":{"rotation":[75,45,0],"translation":[0,2.5,0],"scale":[0.375,0.375,0.375]},"thirdperson_lefthand":{"rotation":[75,45,0],"translation":[0,2.5,0],"scale":[0.375,0.375,0.375]},"firstperson_righthand":{"rotation":[0,50,0],"translation":[0.25,2,0],"scale":[0.3,0.3,0.3]},"firstperson_lefthand":{"rotation":[0,32,0],"translation":[0.25,2,0],"scale":[0.3,0.3,0.3]},"ground":{"translation":[0,2,0],"scale":[0.5,0.5,0.5]},"gui":{"rotation":[10,153,0],"translation":[-0.25,-1.25,0],"scale":[0.49,0.48,0.5]},"head":{"translation":[0,-27.199,0],"scale":[2,2,2]},"fixed":{"rotation":[-90,0,0],"translation":[0,0.5,-25.25],"scale":[3.2,3.2,3.2]}}}