{"credit":"Made with Blockbench","texture_size":[128,128],"textures":{"6":"furnitures:rivrs/voiture"},"elements":[{"from":[1,2.5359,-14.2],"to":[8,5.5359,-13.2],"rotation":{"angle":0,"axis":"y","origin":[13,-2.4641,0]},"faces":{"north":{"uv":[5.5,1.24754,5.9375,1.37229],"texture":"#6"},"east":{"uv":[5.4375,1.24754,5.5,1.37229],"texture":"#6"},"south":{"uv":[6,1.24754,6.4375,1.37229],"texture":"#6"},"west":{"uv":[5.9375,1.24754,6,1.37229],"texture":"#6"},"up":{"uv":[5.9375,1.24754,5.5,1.20595],"texture":"#6"},"down":{"uv":[6.375,1.20595,5.9375,1.24754],"texture":"#6"}}},{"from":[-0.45096,2.95096,-14.1],"to":[2.54904,5.95096,31.9],"rotation":{"angle":22.5,"axis":"z","origin":[1.04904,4.45096,-1.5]},"faces":{"north":{"uv":[2.9375,5.1565,3.125,5.28125],"texture":"#6"},"east":{"uv":[0.0625,5.1565,2.9375,5.28125],"texture":"#6"},"south":{"uv":[6,5.1565,6.1875,5.28125],"texture":"#6"},"west":{"uv":[3.125,5.1565,6,5.28125],"texture":"#6"},"up":{"uv":[3.125,5.1565,2.9375,3.2436],"texture":"#6"},"down":{"uv":[3.3125,3.2436,3.125,5.1565],"texture":"#6"}}},{"from":[-1,5,-14],"to":[8,11,32],"rotation":{"angle":0,"axis":"y","origin":[13,-2,0]},"faces":{"north":{"uv":[2.9375,1.99606,3.5,2.24557],"texture":"#6"},"east":{"uv":[0.0625,1.99606,2.9375,2.24557],"texture":"#6"},"south":{"uv":[6.375,1.99606,6.9375,2.24557],"texture":"#6"},"west":{"uv":[3.5,1.99606,6.375,2.24557],"texture":"#6"},"up":{"uv":[3.5,1.99606,2.9375,0.08317],"texture":"#6"},"down":{"uv":[4.0625,0.08317,3.5,1.99606],"texture":"#6"}}},{"from":[0,10.89805,-10.22836],"to":[8,11.89805,-2.22836],"rotation":{"angle":0,"axis":"x","origin":[5,10.64805,-9.72836]},"faces":{"north":{"uv":[6,2.703,6.5,2.74459],"texture":"#6"},"east":{"uv":[5.5,2.703,6,2.74459],"texture":"#6"},"south":{"uv":[7,2.703,7.5,2.74459],"texture":"#6"},"west":{"uv":[6.5,2.703,7,2.74459],"texture":"#6"},"up":{"uv":[6.5,2.703,6,2.37032],"texture":"#6"},"down":{"uv":[7,2.37032,6.5,2.703],"texture":"#6"}}},{"from":[1,10.49805,-13.22836],"to":[8,11.49805,-10.22836],"rotation":{"angle":0,"axis":"x","origin":[5,10.64805,-9.72836]},"faces":{"north":{"uv":[2.9375,2.49508,3.375,2.53666],"texture":"#6"},"east":{"uv":[2.75,2.49508,2.9375,2.53666],"texture":"#6"},"south":{"uv":[3.5625,2.49508,4,2.53666],"texture":"#6"},"west":{"uv":[3.375,2.49508,3.5625,2.53666],"texture":"#6"},"up":{"uv":[3.375,2.49508,2.9375,2.37032],"texture":"#6"},"down":{"uv":[3.8125,2.37032,3.375,2.49508],"texture":"#6"}}},{"from":[-0.99896,4.9,-14.99477],"to":[4.00104,10.9,-12.99477],"rotation":{"angle":22.5,"axis":"y","origin":[1.50104,9.4,-14.49477]},"faces":{"north":{"uv":[0.125,1.0812,0.4375,1.33071],"texture":"#6"},"east":{"uv":[0,1.0812,0.125,1.33071],"texture":"#6"},"south":{"uv":[0.5625,1.0812,0.875,1.33071],"texture":"#6"},"west":{"uv":[0.4375,1.0812,0.5625,1.33071],"texture":"#6"},"up":{"uv":[0.4375,1.0812,0.125,0.99803],"texture":"#6"},"down":{"uv":[0.75,0.99803,0.4375,1.0812],"texture":"#6"}}},{"from":[3.6194,4.9,-15.91342],"to":[8.1194,10.9,-13.91342],"rotation":{"angle":0,"axis":"y","origin":[11.1194,9.4,-15.70952]},"faces":{"north":{"uv":[1.9375,1.16437,2.1875,1.41388],"texture":"#6"},"east":{"uv":[1.8125,1.16437,1.9375,1.41388],"texture":"#6"},"south":{"uv":[2.3125,1.16437,2.5625,1.41388],"texture":"#6"},"west":{"uv":[2.1875,1.16437,2.3125,1.41388],"texture":"#6"},"up":{"uv":[2.1875,1.16437,1.9375,1.0812],"texture":"#6"},"down":{"uv":[2.4375,1.0812,2.1875,1.16437],"texture":"#6"}}},{"from":[-2.5,10.14805,-1.32836],"to":[-0.5,12.14805,-0.32836],"rotation":{"angle":0,"axis":"x","origin":[5,9.14805,-9.32836]},"faces":{"north":{"uv":[0.4375,2.49508,0.5625,2.57825],"texture":"#6"},"east":{"uv":[0.375,2.49508,0.4375,2.57825],"texture":"#6"},"south":{"uv":[0.625,2.49508,0.75,2.57825],"texture":"#6"},"west":{"uv":[0.5625,2.49508,0.625,2.57825],"texture":"#6"},"up":{"uv":[0.5625,2.49508,0.4375,2.45349],"texture":"#6"},"down":{"uv":[0.6875,2.45349,0.5625,2.49508],"texture":"#6"}}},{"from":[-0.9,9.11091,2.14645],"to":[8.1,20.11091,8.14645],"rotation":{"angle":45,"axis":"x","origin":[5.9,17.11091,1.64645]},"faces":{"north":{"uv":[0.4375,4.15846,1,4.6159],"texture":"#6"},"east":{"uv":[0.0625,4.15846,0.4375,4.6159],"texture":"#6"},"south":{"uv":[1.375,4.15846,1.9375,4.6159],"texture":"#6"},"west":{"uv":[1,4.15846,1.375,4.6159],"texture":"#6"},"up":{"uv":[1,4.15846,0.4375,3.90896],"texture":"#6"},"down":{"uv":[1.5625,3.90896,1,4.15846],"texture":"#6"}}},{"from":[-1,10.87868,4.12132],"to":[8,18.87868,18.12132],"rotation":{"angle":0,"axis":"y","origin":[13,-4.12132,7.12132]},"faces":{"north":{"uv":[0.875,0.58219,1.4375,0.91486],"texture":"#6"},"east":{"uv":[0,0.58219,0.875,0.91486],"texture":"#6"},"south":{"uv":[2.3125,0.58219,2.875,0.91486],"texture":"#6"},"west":{"uv":[1.4375,0.58219,2.3125,0.91486],"texture":"#6"},"up":{"uv":[1.4375,0.58219,0.875,0],"texture":"#6"},"down":{"uv":[2,0,1.4375,0.58219],"texture":"#6"}}},{"from":[-0.9,7.40381,13.97487],"to":[8.1,18.40381,19.97487],"rotation":{"angle":-45,"axis":"x","origin":[6,16.40381,18.47487]},"faces":{"north":{"uv":[5.1875,3.49311,5.75,3.95054],"texture":"#6"},"east":{"uv":[4.8125,3.49311,5.1875,3.95054],"texture":"#6"},"south":{"uv":[6.125,3.49311,6.6875,3.95054],"texture":"#6"},"west":{"uv":[5.75,3.49311,6.125,3.95054],"texture":"#6"},"up":{"uv":[5.75,3.49311,5.1875,3.2436],"texture":"#6"},"down":{"uv":[6.3125,3.2436,5.75,3.49311],"texture":"#6"}}},{"from":[-0.7,0,17.8],"to":[2.3,8,25.8],"rotation":{"angle":0,"axis":"y","origin":[1.8,5,17.8]},"faces":{"north":{"uv":[4.625,4.44956,4.8125,4.78223],"texture":"#6"},"east":{"uv":[4.125,4.44956,4.625,4.78223],"texture":"#6"},"south":{"uv":[5.3125,4.44956,5.5,4.78223],"texture":"#6"},"west":{"uv":[4.8125,4.44956,5.3125,4.78223],"texture":"#6"},"up":{"uv":[4.8125,4.44956,4.625,4.11688],"texture":"#6"},"down":{"uv":[5,4.11688,4.8125,4.44956],"texture":"#6"}}},{"from":[-0.7,0,-11.2],"to":[2.3,8,-3.2],"rotation":{"angle":0,"axis":"y","origin":[1.8,5,17.8]},"faces":{"north":{"uv":[4.625,4.44956,4.8125,4.78223],"texture":"#6"},"east":{"uv":[4.125,4.44956,4.625,4.78223],"texture":"#6"},"south":{"uv":[5.3125,4.44956,5.5,4.78223],"texture":"#6"},"west":{"uv":[4.8125,4.44956,5.3125,4.78223],"texture":"#6"},"up":{"uv":[4.8125,4.44956,4.625,4.11688],"texture":"#6"},"down":{"uv":[5,4.11688,4.8125,4.44956],"texture":"#6"}}},{"from":[1,2.5359,29.8],"to":[8,5.5359,31.8],"rotation":{"angle":0,"axis":"y","origin":[13,-2.4641,0]},"faces":{"north":{"uv":[5.3125,0.70694,5.75,0.83169],"texture":"#6"},"east":{"uv":[5.1875,0.70694,5.3125,0.83169],"texture":"#6"},"south":{"uv":[5.875,0.70694,6.3125,0.83169],"texture":"#6"},"west":{"uv":[5.75,0.70694,5.875,0.83169],"texture":"#6"},"up":{"uv":[5.75,0.70694,5.3125,0.62377],"texture":"#6"},"down":{"uv":[6.1875,0.62377,5.75,0.70694],"texture":"#6"}}},{"from":[0.1,8.9988,19],"to":[8.1,11.9988,30],"rotation":{"angle":0,"axis":"x","origin":[6.1,10.4988,24.36866]},"faces":{"north":{"uv":[6.3125,4.99016,6.8125,5.11491],"texture":"#6"},"east":{"uv":[5.625,4.99016,6.3125,5.11491],"texture":"#6"},"south":{"uv":[7.5,4.99016,8,5.11491],"texture":"#6"},"west":{"uv":[6.8125,4.99016,7.5,5.11491],"texture":"#6"},"up":{"uv":[6.8125,4.99016,6.3125,4.53273],"texture":"#6"},"down":{"uv":[7.3125,4.53273,6.8125,4.99016],"texture":"#6"}}},{"from":[0.1,9.65417,29.73254],"to":[8.1,11.65417,31.98254],"rotation":{"angle":22.5,"axis":"x","origin":[4.1,11.15417,30.73254]},"faces":{"north":{"uv":[6.3125,4.99016,6.8125,5.07333],"texture":"#6"},"east":{"uv":[6.1875,4.99016,6.3125,5.07333],"texture":"#6"},"south":{"uv":[6.9375,4.99016,7.4375,5.07333],"texture":"#6"},"west":{"uv":[6.8125,4.99016,6.9375,5.07333],"texture":"#6"},"up":{"uv":[6.8125,4.99016,6.3125,4.90699],"texture":"#6"},"down":{"uv":[7.3125,4.90699,6.8125,4.99016],"texture":"#6"}}},{"from":[-8.75,11,-0.2],"to":[-5.25,13.5,0.8],"rotation":{"angle":22.5,"axis":"y","origin":[-6.5,11,-8.6]},"faces":{"north":{"uv":[0.0625,0.08317,0.25,0.16634],"texture":"#6"},"east":{"uv":[0,0.08317,0.0625,0.16634],"texture":"#6"},"south":{"uv":[0.3125,0.08317,0.5,0.16634],"texture":"#6"},"west":{"uv":[0.25,0.08317,0.3125,0.16634],"texture":"#6"},"up":{"uv":[0.25,0.08317,0.0625,0.04158],"texture":"#6"},"down":{"uv":[0.4375,0.04158,0.25,0.08317],"texture":"#6"}}},{"from":[-1,10.87868,18.12132],"to":[1,16.87868,20.12132],"rotation":{"angle":0,"axis":"y","origin":[-1,5.87868,0.12132]},"faces":{"north":{"uv":[4.625,0.08317,4.75,0.33268],"texture":"#6"},"east":{"uv":[4.5,0.08317,4.625,0.33268],"texture":"#6"},"south":{"uv":[4.875,0.08317,5,0.33268],"texture":"#6"},"west":{"uv":[4.75,0.08317,4.875,0.33268],"texture":"#6"},"up":{"uv":[4.75,0.08317,4.625,0],"texture":"#6"},"down":{"uv":[4.875,0,4.75,0.08317],"texture":"#6"}}},{"from":[8,2.5359,-14.2],"to":[15,5.5359,-13.2],"rotation":{"angle":0,"axis":"y","origin":[3,-2.4641,0]},"faces":{"north":{"uv":[5.9375,1.24754,5.5,1.37229],"texture":"#6"},"east":{"uv":[6,1.24754,5.9375,1.37229],"texture":"#6"},"south":{"uv":[6.4375,1.24754,6,1.37229],"texture":"#6"},"west":{"uv":[5.5,1.24754,5.4375,1.37229],"texture":"#6"},"up":{"uv":[5.5,1.24754,5.9375,1.20595],"texture":"#6"},"down":{"uv":[5.9375,1.20595,6.375,1.24754],"texture":"#6"}}},{"from":[13.45096,2.95096,-14.1],"to":[16.45096,5.95096,31.9],"rotation":{"angle":-22.5,"axis":"z","origin":[14.95096,4.45096,-1.5]},"faces":{"north":{"uv":[3.125,5.1565,2.9375,5.28125],"texture":"#6"},"east":{"uv":[6,5.1565,3.125,5.28125],"texture":"#6"},"south":{"uv":[6.1875,5.1565,6,5.28125],"texture":"#6"},"west":{"uv":[2.9375,5.1565,0.0625,5.28125],"texture":"#6"},"up":{"uv":[2.9375,5.1565,3.125,3.2436],"texture":"#6"},"down":{"uv":[3.125,3.2436,3.3125,5.1565],"texture":"#6"}}},{"from":[8,5,-14],"to":[17,11,32],"rotation":{"angle":0,"axis":"y","origin":[3,-2,0]},"faces":{"north":{"uv":[3.5,1.99606,2.9375,2.24557],"texture":"#6"},"east":{"uv":[6.375,1.99606,3.5,2.24557],"texture":"#6"},"south":{"uv":[6.9375,1.99606,6.375,2.24557],"texture":"#6"},"west":{"uv":[2.9375,1.99606,0.0625,2.24557],"texture":"#6"},"up":{"uv":[2.9375,1.99606,3.5,0.08317],"texture":"#6"},"down":{"uv":[3.5,0.08317,4.0625,1.99606],"texture":"#6"}}},{"from":[8,10.89805,-10.22836],"to":[16,11.89805,-2.22836],"rotation":{"angle":0,"axis":"x","origin":[11,10.64805,-9.72836]},"faces":{"north":{"uv":[6.5,2.703,6,2.74459],"texture":"#6"},"east":{"uv":[7,2.703,6.5,2.74459],"texture":"#6"},"south":{"uv":[7.5,2.703,7,2.74459],"texture":"#6"},"west":{"uv":[6,2.703,5.5,2.74459],"texture":"#6"},"up":{"uv":[6,2.703,6.5,2.37032],"texture":"#6"},"down":{"uv":[6.5,2.37032,7,2.703],"texture":"#6"}}},{"from":[8,10.49805,-13.22836],"to":[15,11.49805,-10.22836],"rotation":{"angle":0,"axis":"x","origin":[11,10.64805,-9.72836]},"faces":{"north":{"uv":[3.375,2.49508,2.9375,2.53666],"texture":"#6"},"east":{"uv":[3.5625,2.49508,3.375,2.53666],"texture":"#6"},"south":{"uv":[4,2.49508,3.5625,2.53666],"texture":"#6"},"west":{"uv":[2.9375,2.49508,2.75,2.53666],"texture":"#6"},"up":{"uv":[2.9375,2.49508,3.375,2.37032],"texture":"#6"},"down":{"uv":[3.375,2.37032,3.8125,2.49508],"texture":"#6"}}},{"from":[11.99896,4.9,-14.99477],"to":[16.99896,10.9,-12.99477],"rotation":{"angle":-22.5,"axis":"y","origin":[14.49896,9.4,-14.49477]},"faces":{"north":{"uv":[0.4375,1.0812,0.125,1.33071],"texture":"#6"},"east":{"uv":[0.5625,1.0812,0.4375,1.33071],"texture":"#6"},"south":{"uv":[0.875,1.0812,0.5625,1.33071],"texture":"#6"},"west":{"uv":[0.125,1.0812,0,1.33071],"texture":"#6"},"up":{"uv":[0.125,1.0812,0.4375,0.99803],"texture":"#6"},"down":{"uv":[0.4375,0.99803,0.75,1.0812],"texture":"#6"}}},{"from":[7.8806,4.9,-15.91342],"to":[12.3806,10.9,-13.91342],"rotation":{"angle":0,"axis":"y","origin":[4.8806,9.4,-15.70952]},"faces":{"north":{"uv":[2.1875,1.16437,1.9375,1.41388],"texture":"#6"},"east":{"uv":[2.3125,1.16437,2.1875,1.41388],"texture":"#6"},"south":{"uv":[2.5625,1.16437,2.3125,1.41388],"texture":"#6"},"west":{"uv":[1.9375,1.16437,1.8125,1.41388],"texture":"#6"},"up":{"uv":[1.9375,1.16437,2.1875,1.0812],"texture":"#6"},"down":{"uv":[2.1875,1.0812,2.4375,1.16437],"texture":"#6"}}},{"from":[16.5,10.14805,-1.32836],"to":[18.5,12.14805,-0.32836],"rotation":{"angle":0,"axis":"x","origin":[11,9.14805,-9.32836]},"faces":{"north":{"uv":[0.5625,2.49508,0.4375,2.57825],"texture":"#6"},"east":{"uv":[0.625,2.49508,0.5625,2.57825],"texture":"#6"},"south":{"uv":[0.75,2.49508,0.625,2.57825],"texture":"#6"},"west":{"uv":[0.4375,2.49508,0.375,2.57825],"texture":"#6"},"up":{"uv":[0.4375,2.49508,0.5625,2.45349],"texture":"#6"},"down":{"uv":[0.5625,2.45349,0.6875,2.49508],"texture":"#6"}}},{"from":[7.9,9.11091,2.14645],"to":[16.9,20.11091,8.14645],"rotation":{"angle":45,"axis":"x","origin":[10.1,17.11091,1.64645]},"faces":{"north":{"uv":[1,4.15846,0.4375,4.6159],"texture":"#6"},"east":{"uv":[1.375,4.15846,1,4.6159],"texture":"#6"},"south":{"uv":[1.9375,4.15846,1.375,4.6159],"texture":"#6"},"west":{"uv":[0.4375,4.15846,0.0625,4.6159],"texture":"#6"},"up":{"uv":[0.4375,4.15846,1,3.90896],"texture":"#6"},"down":{"uv":[1,3.90896,1.5625,4.15846],"texture":"#6"}}},{"from":[8,10.87868,4.12132],"to":[17,18.87868,18.12132],"rotation":{"angle":0,"axis":"y","origin":[3,-4.12132,7.12132]},"faces":{"north":{"uv":[1.4375,0.58219,0.875,0.91486],"texture":"#6"},"east":{"uv":[2.3125,0.58219,1.4375,0.91486],"texture":"#6"},"south":{"uv":[2.875,0.58219,2.3125,0.91486],"texture":"#6"},"west":{"uv":[0.875,0.58219,0,0.91486],"texture":"#6"},"up":{"uv":[0.875,0.58219,1.4375,0],"texture":"#6"},"down":{"uv":[1.4375,0,2,0.58219],"texture":"#6"}}},{"from":[7.9,7.40381,13.97487],"to":[16.9,18.40381,19.97487],"rotation":{"angle":-45,"axis":"x","origin":[10,16.40381,18.47487]},"faces":{"north":{"uv":[5.75,3.49311,5.1875,3.95054],"texture":"#6"},"east":{"uv":[6.125,3.49311,5.75,3.95054],"texture":"#6"},"south":{"uv":[6.6875,3.49311,6.125,3.95054],"texture":"#6"},"west":{"uv":[5.1875,3.49311,4.8125,3.95054],"texture":"#6"},"up":{"uv":[5.1875,3.49311,5.75,3.2436],"texture":"#6"},"down":{"uv":[5.75,3.2436,6.3125,3.49311],"texture":"#6"}}},{"from":[13.7,0,17.8],"to":[16.7,8,25.8],"rotation":{"angle":0,"axis":"y","origin":[14.2,5,17.8]},"faces":{"north":{"uv":[4.8125,4.44956,4.625,4.78223],"texture":"#6"},"east":{"uv":[5.3125,4.44956,4.8125,4.78223],"texture":"#6"},"south":{"uv":[5.5,4.44956,5.3125,4.78223],"texture":"#6"},"west":{"uv":[4.625,4.44956,4.125,4.78223],"texture":"#6"},"up":{"uv":[4.625,4.44956,4.8125,4.11688],"texture":"#6"},"down":{"uv":[4.8125,4.11688,5,4.44956],"texture":"#6"}}},{"from":[13.7,0,-11.2],"to":[16.7,8,-3.2],"rotation":{"angle":0,"axis":"y","origin":[14.2,5,17.8]},"faces":{"north":{"uv":[4.8125,4.44956,4.625,4.78223],"texture":"#6"},"east":{"uv":[5.3125,4.44956,4.8125,4.78223],"texture":"#6"},"south":{"uv":[5.5,4.44956,5.3125,4.78223],"texture":"#6"},"west":{"uv":[4.625,4.44956,4.125,4.78223],"texture":"#6"},"up":{"uv":[4.625,4.44956,4.8125,4.11688],"texture":"#6"},"down":{"uv":[4.8125,4.11688,5,4.44956],"texture":"#6"}}},{"from":[8,2.5359,29.8],"to":[15,5.5359,31.8],"rotation":{"angle":0,"axis":"y","origin":[3,-2.4641,0]},"faces":{"north":{"uv":[5.75,0.70694,5.3125,0.83169],"texture":"#6"},"east":{"uv":[5.875,0.70694,5.75,0.83169],"texture":"#6"},"south":{"uv":[6.3125,0.70694,5.875,0.83169],"texture":"#6"},"west":{"uv":[5.3125,0.70694,5.1875,0.83169],"texture":"#6"},"up":{"uv":[5.3125,0.70694,5.75,0.62377],"texture":"#6"},"down":{"uv":[5.75,0.62377,6.1875,0.70694],"texture":"#6"}}},{"from":[7.9,8.9988,19],"to":[15.9,11.9988,30],"rotation":{"angle":0,"axis":"x","origin":[9.9,10.4988,24.36866]},"faces":{"north":{"uv":[6.8125,4.99016,6.3125,5.11491],"texture":"#6"},"east":{"uv":[7.5,4.99016,6.8125,5.11491],"texture":"#6"},"south":{"uv":[8,4.99016,7.5,5.11491],"texture":"#6"},"west":{"uv":[6.3125,4.99016,5.625,5.11491],"texture":"#6"},"up":{"uv":[6.3125,4.99016,6.8125,4.53273],"texture":"#6"},"down":{"uv":[6.8125,4.53273,7.3125,4.99016],"texture":"#6"}}},{"from":[7.9,9.65417,29.73254],"to":[15.9,11.65417,31.98254],"rotation":{"angle":22.5,"axis":"x","origin":[11.9,11.15417,30.73254]},"faces":{"north":{"uv":[6.8125,4.99016,6.3125,5.07333],"texture":"#6"},"east":{"uv":[6.9375,4.99016,6.8125,5.07333],"texture":"#6"},"south":{"uv":[7.4375,4.99016,6.9375,5.07333],"texture":"#6"},"west":{"uv":[6.3125,4.99016,6.1875,5.07333],"texture":"#6"},"up":{"uv":[6.3125,4.99016,6.8125,4.90699],"texture":"#6"},"down":{"uv":[6.8125,4.90699,7.3125,4.99016],"texture":"#6"}}},{"from":[21.25,11,-0.2],"to":[24.75,13.5,0.8],"rotation":{"angle":-22.5,"axis":"y","origin":[22.5,11,-8.6]},"faces":{"north":{"uv":[0.25,0.08317,0.0625,0.16634],"texture":"#6"},"east":{"uv":[0.3125,0.08317,0.25,0.16634],"texture":"#6"},"south":{"uv":[0.5,0.08317,0.3125,0.16634],"texture":"#6"},"west":{"uv":[0.0625,0.08317,0,0.16634],"texture":"#6"},"up":{"uv":[0.0625,0.08317,0.25,0.04158],"texture":"#6"},"down":{"uv":[0.25,0.04158,0.4375,0.08317],"texture":"#6"}}},{"from":[15,10.87868,18.12132],"to":[17,16.87868,20.12132],"rotation":{"angle":0,"axis":"y","origin":[17,5.87868,0.12132]},"faces":{"north":{"uv":[4.75,0.08317,4.625,0.33268],"texture":"#6"},"east":{"uv":[4.875,0.08317,4.75,0.33268],"texture":"#6"},"south":{"uv":[5,0.08317,4.875,0.33268],"texture":"#6"},"west":{"uv":[4.625,0.08317,4.5,0.33268],"texture":"#6"},"up":{"uv":[4.625,0.08317,4.75,0],"texture":"#6"},"down":{"uv":[4.75,0,4.875,0.08317],"texture":"#6"}}}],"gui_light":"front","display":{"thirdperson_righthand":{"rotation":[75,45,0],"translation":[0,2.5,0],"scale":[0.375,0.375,0.375]},"thirdperson_lefthand":{"rotation":[75,45,0],"translation":[0,2.5,0],"scale":[0.375,0.375,0.375]},"firstperson_righthand":{"rotation":[0,50,0],"translation":[0.25,2,0],"scale":[0.3,0.3,0.3]},"firstperson_lefthand":{"rotation":[0,32,0],"translation":[0.25,2,0],"scale":[0.3,0.3,0.3]},"ground":{"translation":[0,2,0],"scale":[0.5,0.5,0.5]},"gui":{"rotation":[10,153,0],"translation":[-0.25,-1.25,0],"scale":[0.4,0.4,0.4]},"head":{"translation":[0,-27.199,0],"scale":[2,2,2]},"fixed":{"rotation":[-90,0,0],"translation":[0,0.5,-25.25],"scale":[3.2,3.2,3.2]}}}