{"textures":{"0":"modelengine:entity/nocsy_thread_ball"},"elements":[{"from":[7.428571,6.5714283,7.885714],"to":[7.428571,9.428572,10.742857],"rotation":{"angle":-22.5,"axis":"y","origin":[7.428571,8.0,9.314285]},"faces":{"east":{"uv":[11.5,9.0,9.0,11.5],"rotation":0,"texture":"#0","tintindex":0},"south":{"uv":[2.0,12.0,2.0,14.5],"rotation":0,"texture":"#0","tintindex":0},"north":{"uv":[1.5,12.0,1.5,14.5],"rotation":0,"texture":"#0","tintindex":0},"west":{"uv":[9.0,9.0,11.5,11.5],"rotation":0,"texture":"#0","tintindex":0},"up":{"uv":[2.5,14.5,2.5,12.0],"rotation":0,"texture":"#0","tintindex":0},"down":{"uv":[3.0,12.0,3.0,14.5],"rotation":0,"texture":"#0","tintindex":0}}}],"display":{"head":{"translation":[0.0,-6.4,0.0],"scale":[4.0,4.0,4.0]}}}