{"textures":{"0":"bil:item/filament/model/leafeon_backpack.ajmodel/leafeon_backpack","particle":"bil:item/filament/model/leafeon_backpack.ajmodel/leafeon_backpack"},"elements":[{"from":[9.6,8.0,12.0],"to":[19.2,18.4,18.4],"faces":{"up":{"texture":"#0","tintindex":0,"uv":[4.25,8.5,1.75,6.5]},"west":{"texture":"#0","tintindex":0,"uv":[1.75,6.5,4.0,8.5]},"east":{"texture":"#0","tintindex":0,"uv":[1.75,6.5,4.0,8.5]},"south":{"texture":"#0","tintindex":0,"uv":[2.75,6.5,5.25,8.5]},"down":{"texture":"#0","tintindex":0,"uv":[4.25,6.5,1.75,8.5]},"north":{"texture":"#0","tintindex":0,"uv":[2.75,6.5,5.25,8.5]}},"rotation":{"axis":"y","angle":0.0,"origin":[8.0,-4.799999,8.0]}},{"from":[19.2,8.0,12.799999],"to":[20.0,11.2,17.6],"faces":{"up":{"texture":"#0","tintindex":0,"uv":[15.25,10.75,16.0,9.5]},"west":{"texture":"#0","tintindex":0,"uv":[0.0,0.0,0.0,0.0]},"east":{"texture":"#0","tintindex":0,"uv":[14.25,11.75,12.75,12.75]},"south":{"texture":"#0","tintindex":0,"uv":[13.25,8.25,12.5,9.25]},"down":{"texture":"#0","tintindex":0,"uv":[13.25,8.25,13.5,9.75]},"north":{"texture":"#0","tintindex":0,"uv":[13.25,8.25,12.5,9.25]}},"rotation":{"axis":"y","angle":0.0,"origin":[20.8,-4.799999,8.0]}},{"from":[8.8,8.0,12.799999],"to":[9.6,11.2,17.6],"faces":{"up":{"texture":"#0","tintindex":0,"uv":[16.0,10.75,15.25,9.5]},"west":{"texture":"#0","tintindex":0,"uv":[12.75,11.75,14.25,12.75]},"east":{"texture":"#0","tintindex":0,"uv":[0.0,0.0,0.0,0.0]},"south":{"texture":"#0","tintindex":0,"uv":[12.5,8.25,13.25,9.25]},"down":{"texture":"#0","tintindex":0,"uv":[13.5,8.25,13.25,9.75]},"north":{"texture":"#0","tintindex":0,"uv":[12.5,8.25,13.25,9.25]}},"rotation":{"axis":"y","angle":0.0,"origin":[8.0,-4.799999,8.0]}},{"from":[16.4,10.4,22.0],"to":[18.8,18.4,22.8],"faces":{"up":{"texture":"#0","tintindex":0,"uv":[0.0,0.0,0.0,0.0]},"west":{"texture":"#0","tintindex":0,"uv":[14.5,11.5,14.25,14.0]},"east":{"texture":"#0","tintindex":0,"uv":[15.25,11.5,15.0,14.0]},"south":{"texture":"#0","tintindex":0,"uv":[15.25,11.5,14.5,14.0]},"down":{"texture":"#0","tintindex":0,"uv":[0.0,0.0,0.0,0.0]},"north":{"texture":"#0","tintindex":0,"uv":[14.75,11.5,14.0,14.0]}},"rotation":{"axis":"y","angle":0.0,"origin":[18.4,17.6,14.4]}},{"from":[16.4,9.6,18.0],"to":[18.8,10.4,22.8],"faces":{"up":{"texture":"#0","tintindex":0,"uv":[13.25,12.25,14.0,10.75]},"west":{"texture":"#0","tintindex":0,"uv":[15.0,11.25,13.5,11.5]},"east":{"texture":"#0","tintindex":0,"uv":[15.0,11.0,13.5,11.25]},"south":{"texture":"#0","tintindex":0,"uv":[14.5,11.75,13.75,12.0]},"down":{"texture":"#0","tintindex":0,"uv":[13.5,10.75,14.25,12.25]},"north":{"texture":"#0","tintindex":0,"uv":[0.0,0.0,0.0,0.0]}},"rotation":{"axis":"y","angle":0.0,"origin":[20.8,-4.799999,8.0]}},{"from":[16.4,18.4,18.0],"to":[18.8,19.2,22.8],"faces":{"up":{"texture":"#0","tintindex":0,"uv":[14.25,12.5,15.0,11.0]},"west":{"texture":"#0","tintindex":0,"uv":[14.5,12.0,13.0,12.25]},"east":{"texture":"#0","tintindex":0,"uv":[14.5,11.75,13.0,12.0]},"south":{"texture":"#0","tintindex":0,"uv":[14.25,11.0,13.5,11.25]},"down":{"texture":"#0","tintindex":0,"uv":[13.0,11.0,13.75,12.5]},"north":{"texture":"#0","tintindex":0,"uv":[0.0,0.0,0.0,0.0]}},"rotation":{"axis":"y","angle":0.0,"origin":[18.4,17.6,14.4]}},{"from":[10.0,10.4,22.0],"to":[12.4,18.4,22.8],"faces":{"up":{"texture":"#0","tintindex":0,"uv":[0.0,0.0,0.0,0.0]},"west":{"texture":"#0","tintindex":0,"uv":[14.75,10.75,15.0,13.25]},"east":{"texture":"#0","tintindex":0,"uv":[14.5,11.0,14.75,13.5]},"south":{"texture":"#0","tintindex":0,"uv":[14.0,10.75,14.75,13.25]},"down":{"texture":"#0","tintindex":0,"uv":[0.0,0.0,0.0,0.0]},"north":{"texture":"#0","tintindex":0,"uv":[14.25,11.25,15.0,13.75]}},"rotation":{"axis":"y","angle":0.0,"origin":[10.4,17.6,14.4]}},{"from":[10.0,9.6,18.0],"to":[12.4,10.4,22.8],"faces":{"up":{"texture":"#0","tintindex":0,"uv":[14.0,12.25,13.25,10.75]},"west":{"texture":"#0","tintindex":0,"uv":[13.5,10.75,15.0,11.0]},"east":{"texture":"#0","tintindex":0,"uv":[13.5,11.5,15.0,11.75]},"south":{"texture":"#0","tintindex":0,"uv":[13.75,11.75,14.5,12.0]},"down":{"texture":"#0","tintindex":0,"uv":[14.25,10.75,13.5,12.25]},"north":{"texture":"#0","tintindex":0,"uv":[0.0,0.0,0.0,0.0]}},"rotation":{"axis":"y","angle":0.0,"origin":[8.0,-4.799999,8.0]}},{"from":[10.0,18.4,18.0],"to":[12.4,19.2,22.8],"faces":{"up":{"texture":"#0","tintindex":0,"uv":[14.75,12.25,14.0,10.75]},"west":{"texture":"#0","tintindex":0,"uv":[13.5,12.0,15.0,12.25]},"east":{"texture":"#0","tintindex":0,"uv":[13.5,11.0,15.0,11.25]},"south":{"texture":"#0","tintindex":0,"uv":[13.75,11.5,14.5,11.75]},"down":{"texture":"#0","tintindex":0,"uv":[13.5,10.75,12.75,12.25]},"north":{"texture":"#0","tintindex":0,"uv":[0.0,0.0,0.0,0.0]}},"rotation":{"axis":"y","angle":0.0,"origin":[10.4,17.6,14.4]}},{"from":[10.4,18.4,12.0],"to":[18.4,19.2,18.4],"faces":{"up":{"texture":"#0","tintindex":0,"uv":[2.0,8.5,4.5,6.5]},"west":{"texture":"#0","tintindex":0,"uv":[5.25,7.75,3.25,8.0]},"east":{"texture":"#0","tintindex":0,"uv":[4.25,7.75,2.25,8.0]},"south":{"texture":"#0","tintindex":0,"uv":[4.25,7.75,1.75,7.25]},"down":{"texture":"#0","tintindex":0,"uv":[0.0,0.0,0.0,0.0]},"north":{"texture":"#0","tintindex":0,"uv":[0.0,0.0,0.0,0.0]}},"rotation":{"axis":"y","angle":0.0,"origin":[8.0,-4.799999,8.0]}},{"from":[10.4,14.4,11.2],"to":[18.4,19.2,12.0],"faces":{"up":{"texture":"#0","tintindex":0,"uv":[2.25,8.0,4.75,7.75]},"west":{"texture":"#0","tintindex":0,"uv":[3.25,6.75,3.0,8.25]},"east":{"texture":"#0","tintindex":0,"uv":[2.0,6.75,1.75,8.25]},"south":{"texture":"#0","tintindex":0,"uv":[0.0,0.0,0.0,0.0]},"down":{"texture":"#0","tintindex":0,"uv":[1.75,6.75,4.25,7.0]},"north":{"texture":"#0","tintindex":0,"uv":[4.25,6.75,1.75,8.25]}},"rotation":{"axis":"y","angle":0.0,"origin":[8.0,-4.799999,8.0]}},{"from":[10.4,8.0,10.4],"to":[18.4,12.8,12.0],"faces":{"up":{"texture":"#0","tintindex":0,"uv":[12.75,11.0,15.25,10.25]},"west":{"texture":"#0","tintindex":0,"uv":[16.0,12.75,15.25,14.25]},"east":{"texture":"#0","tintindex":0,"uv":[16.0,12.75,15.25,14.25]},"south":{"texture":"#0","tintindex":0,"uv":[0.0,0.0,0.0,0.0]},"down":{"texture":"#0","tintindex":0,"uv":[12.75,12.0,15.25,12.5]},"north":{"texture":"#0","tintindex":0,"uv":[15.25,11.0,12.75,12.5]}},"rotation":{"axis":"y","angle":0.0,"origin":[8.0,-4.799999,8.0]}},{"from":[12.0,14.8,10.4],"to":[16.8,16.4,11.2],"faces":{"up":{"texture":"#0","tintindex":0,"uv":[14.5,12.0,13.0,11.75]},"west":{"texture":"#0","tintindex":0,"uv":[13.75,11.75,14.0,12.25]},"east":{"texture":"#0","tintindex":0,"uv":[13.5,11.75,13.75,12.25]},"south":{"texture":"#0","tintindex":0,"uv":[13.0,11.5,14.5,12.0]},"down":{"texture":"#0","tintindex":0,"uv":[14.5,11.25,13.0,11.5]},"north":{"texture":"#0","tintindex":0,"uv":[13.25,12.0,14.75,12.5]}},"rotation":{"axis":"y","angle":0.0,"origin":[14.4,-2.3999996,18.4]}},{"from":[14.0,15.608,10.392],"to":[14.8,16.408,10.392],"faces":{"up":{"texture":"#0","tintindex":0,"uv":[11.25,9.75,11.5,9.75]},"west":{"texture":"#0","tintindex":0,"uv":[11.25,9.75,11.25,10.0]},"east":{"texture":"#0","tintindex":0,"uv":[11.5,9.75,11.5,10.0]},"south":{"texture":"#0","tintindex":0,"uv":[11.75,9.75,11.5,10.0]},"down":{"texture":"#0","tintindex":0,"uv":[11.5,9.75,11.75,9.75]},"north":{"texture":"#0","tintindex":0,"uv":[11.5,9.75,11.25,10.0]}},"rotation":{"axis":"y","angle":0.0,"origin":[14.4,-2.3999996,18.4]}},{"from":[8.8,16.02007,14.392],"to":[12.8,25.62007,14.392],"faces":{"up":{"texture":"#0","tintindex":0,"uv":[11.25,9.25,10.0,9.25]},"west":{"texture":"#0","tintindex":0,"uv":[11.25,8.75,11.25,11.75]},"east":{"texture":"#0","tintindex":0,"uv":[10.0,8.75,10.0,11.75]},"south":{"texture":"#0","tintindex":0,"uv":[11.25,8.75,12.5,11.75]},"down":{"texture":"#0","tintindex":0,"uv":[12.5,8.5,11.25,8.5]},"north":{"texture":"#0","tintindex":0,"uv":[10.0,8.75,11.25,11.75]}},"rotation":{"axis":"z","angle":45.0,"origin":[11.2,18.4,14.4]}},{"from":[9.6,16.8,14.4],"to":[12.8,23.2,16.0],"faces":{"up":{"texture":"#0","tintindex":0,"uv":[11.5,9.75,11.25,10.25]},"west":{"texture":"#0","tintindex":0,"uv":[12.0,9.5,11.5,11.5]},"east":{"texture":"#0","tintindex":0,"uv":[12.25,9.5,11.75,11.5]},"south":{"texture":"#0","tintindex":0,"uv":[12.5,9.5,11.5,11.5]},"down":{"texture":"#0","tintindex":0,"uv":[12.5,9.75,11.5,10.25]},"north":{"texture":"#0","tintindex":0,"uv":[12.5,9.5,11.5,11.5]}},"rotation":{"axis":"z","angle":45.0,"origin":[11.2,18.4,14.4]}},{"from":[12.256,19.504,11.992001],"to":[16.543999,22.184,11.992001],"faces":{"up":{"texture":"#0","tintindex":0,"uv":[2.0,15.25,0.0,15.25]},"west":{"texture":"#0","tintindex":0,"uv":[2.0,14.75,2.0,16.0]},"east":{"texture":"#0","tintindex":0,"uv":[0.0,14.75,0.0,16.0]},"south":{"texture":"#0","tintindex":0,"uv":[2.0,14.75,4.0,16.0]},"down":{"texture":"#0","tintindex":0,"uv":[4.0,14.5,2.0,14.5]},"north":{"texture":"#0","tintindex":0,"uv":[0.0,14.75,2.0,16.0]}},"rotation":{"axis":"x","angle":-22.5,"origin":[14.4,18.968,11.992001]}},{"from":[17.6,24.8,14.4],"to":[18.4,25.6,16.0],"faces":{"up":{"texture":"#0","tintindex":0,"uv":[11.5,9.75,11.0,10.25]},"west":{"texture":"#0","tintindex":0,"uv":[11.75,9.5,12.25,9.75]},"east":{"texture":"#0","tintindex":0,"uv":[11.5,9.5,12.0,9.75]},"south":{"texture":"#0","tintindex":0,"uv":[11.5,9.5,11.75,9.75]},"down":{"texture":"#0","tintindex":0,"uv":[11.5,9.75,11.75,10.25]},"north":{"texture":"#0","tintindex":0,"uv":[11.5,9.5,11.75,9.75]}},"rotation":{"axis":"z","angle":-22.5,"origin":[17.6,18.4,14.4]}},{"from":[16.8,24.0,14.4],"to":[18.4,24.8,16.0],"faces":{"up":{"texture":"#0","tintindex":0,"uv":[11.5,9.75,11.25,10.25]},"west":{"texture":"#0","tintindex":0,"uv":[11.75,9.5,12.25,9.75]},"east":{"texture":"#0","tintindex":0,"uv":[11.5,9.5,12.0,9.75]},"south":{"texture":"#0","tintindex":0,"uv":[11.5,9.5,12.0,9.75]},"down":{"texture":"#0","tintindex":0,"uv":[11.5,9.75,12.0,10.25]},"north":{"texture":"#0","tintindex":0,"uv":[11.5,9.5,12.0,9.75]}},"rotation":{"axis":"z","angle":-22.5,"origin":[17.6,18.4,14.4]}},{"from":[16.8,23.2,14.4],"to":[19.2,24.0,16.0],"faces":{"up":{"texture":"#0","tintindex":0,"uv":[11.0,9.75,11.25,10.25]},"west":{"texture":"#0","tintindex":0,"uv":[11.75,9.5,12.25,9.75]},"east":{"texture":"#0","tintindex":0,"uv":[11.5,9.5,12.0,9.75]},"south":{"texture":"#0","tintindex":0,"uv":[11.5,9.5,12.25,9.75]},"down":{"texture":"#0","tintindex":0,"uv":[11.5,9.75,12.25,10.25]},"north":{"texture":"#0","tintindex":0,"uv":[11.5,9.5,12.25,9.75]}},"rotation":{"axis":"z","angle":-22.5,"origin":[17.6,18.4,14.4]}},{"from":[16.0,16.8,14.4],"to":[19.2,23.2,16.0],"faces":{"up":{"texture":"#0","tintindex":0,"uv":[11.25,9.75,11.5,10.25]},"west":{"texture":"#0","tintindex":0,"uv":[11.75,9.5,12.25,11.5]},"east":{"texture":"#0","tintindex":0,"uv":[11.5,9.5,12.0,11.5]},"south":{"texture":"#0","tintindex":0,"uv":[11.5,9.5,12.5,11.5]},"down":{"texture":"#0","tintindex":0,"uv":[11.5,9.75,12.5,10.25]},"north":{"texture":"#0","tintindex":0,"uv":[11.5,9.5,12.5,11.5]}},"rotation":{"axis":"z","angle":-22.5,"origin":[17.6,18.4,14.4]}},{"from":[16.0,16.02007,14.392],"to":[20.0,25.62007,14.392],"faces":{"up":{"texture":"#0","tintindex":0,"uv":[10.0,9.25,11.25,9.25]},"west":{"texture":"#0","tintindex":0,"uv":[10.0,8.75,10.0,11.75]},"east":{"texture":"#0","tintindex":0,"uv":[11.25,8.75,11.25,11.75]},"south":{"texture":"#0","tintindex":0,"uv":[12.5,8.75,11.25,11.75]},"down":{"texture":"#0","tintindex":0,"uv":[11.25,8.5,12.5,8.5]},"north":{"texture":"#0","tintindex":0,"uv":[11.25,8.75,10.0,11.75]}},"rotation":{"axis":"z","angle":-22.5,"origin":[17.6,18.4,14.4]}},{"from":[12.256,21.947361,10.88271],"to":[16.543999,25.16336,10.88271],"faces":{"up":{"texture":"#0","tintindex":0,"uv":[2.0,13.75,0.0,13.75]},"west":{"texture":"#0","tintindex":0,"uv":[2.0,13.25,2.0,14.75]},"east":{"texture":"#0","tintindex":0,"uv":[0.0,13.25,0.0,14.75]},"south":{"texture":"#0","tintindex":0,"uv":[2.0,13.25,4.0,14.75]},"down":{"texture":"#0","tintindex":0,"uv":[4.0,13.0,2.0,13.0]},"north":{"texture":"#0","tintindex":0,"uv":[0.0,13.25,2.0,14.75]}},"rotation":{"axis":"x","angle":-45.0,"origin":[14.4,21.647999,10.92]}},{"from":[9.6,23.2,14.4],"to":[12.0,24.0,16.0],"faces":{"up":{"texture":"#0","tintindex":0,"uv":[11.25,9.75,11.0,10.25]},"west":{"texture":"#0","tintindex":0,"uv":[12.0,9.5,11.5,9.75]},"east":{"texture":"#0","tintindex":0,"uv":[12.25,9.5,11.75,9.75]},"south":{"texture":"#0","tintindex":0,"uv":[12.25,9.5,11.5,9.75]},"down":{"texture":"#0","tintindex":0,"uv":[12.25,9.75,11.5,10.25]},"north":{"texture":"#0","tintindex":0,"uv":[12.25,9.5,11.5,9.75]}},"rotation":{"axis":"z","angle":45.0,"origin":[11.2,18.4,14.4]}},{"from":[10.4,24.0,14.4],"to":[12.0,24.8,16.0],"faces":{"up":{"texture":"#0","tintindex":0,"uv":[11.0,9.75,11.25,10.25]},"west":{"texture":"#0","tintindex":0,"uv":[12.0,9.5,11.5,9.75]},"east":{"texture":"#0","tintindex":0,"uv":[12.25,9.5,11.75,9.75]},"south":{"texture":"#0","tintindex":0,"uv":[12.0,9.5,11.5,9.75]},"down":{"texture":"#0","tintindex":0,"uv":[12.0,9.75,11.5,10.25]},"north":{"texture":"#0","tintindex":0,"uv":[12.0,9.5,11.5,9.75]}},"rotation":{"axis":"z","angle":45.0,"origin":[11.2,18.4,14.4]}},{"from":[10.4,24.8,14.4],"to":[11.2,25.6,16.0],"faces":{"up":{"texture":"#0","tintindex":0,"uv":[11.0,9.75,11.5,10.25]},"west":{"texture":"#0","tintindex":0,"uv":[12.0,9.5,11.5,9.75]},"east":{"texture":"#0","tintindex":0,"uv":[12.25,9.5,11.75,9.75]},"south":{"texture":"#0","tintindex":0,"uv":[11.75,9.5,11.5,9.75]},"down":{"texture":"#0","tintindex":0,"uv":[11.75,9.75,11.5,10.25]},"north":{"texture":"#0","tintindex":0,"uv":[11.75,9.5,11.5,9.75]}},"rotation":{"axis":"z","angle":45.0,"origin":[11.2,18.4,14.4]}},{"from":[11.588,16.0,11.188],"to":[13.188,18.4,12.788],"faces":{"up":{"texture":"#0","tintindex":0,"uv":[8.25,16.0,7.75,15.5]},"west":{"texture":"#0","tintindex":0,"uv":[8.25,15.5,8.75,16.0]},"east":{"texture":"#0","tintindex":0,"uv":[7.25,15.5,7.75,16.0]},"south":{"texture":"#0","tintindex":0,"uv":[8.75,15.5,9.25,16.0]},"down":{"texture":"#0","tintindex":0,"uv":[8.75,14.75,8.25,15.25]},"north":{"texture":"#0","tintindex":0,"uv":[7.75,15.5,8.25,16.0]}},"rotation":{"axis":"y","angle":0.0,"origin":[8.0,11.2,8.8]}},{"from":[15.612,16.0,11.188],"to":[17.212,18.4,12.788],"faces":{"up":{"texture":"#0","tintindex":0,"uv":[7.75,16.0,8.25,15.5]},"west":{"texture":"#0","tintindex":0,"uv":[7.75,15.5,7.25,16.0]},"east":{"texture":"#0","tintindex":0,"uv":[8.75,15.5,8.25,16.0]},"south":{"texture":"#0","tintindex":0,"uv":[9.25,15.5,8.75,16.0]},"down":{"texture":"#0","tintindex":0,"uv":[8.25,14.75,8.75,15.25]},"north":{"texture":"#0","tintindex":0,"uv":[8.25,15.5,7.75,16.0]}},"rotation":{"axis":"y","angle":0.0,"origin":[8.0,11.2,8.8]}},{"from":[14.0,15.608,10.392],"to":[14.8,16.408,10.392],"faces":{"up":{"texture":"#0","tintindex":0,"uv":[12.0,3.75,12.25,3.75]},"west":{"texture":"#0","tintindex":0,"uv":[12.0,3.25,12.0,3.5]},"east":{"texture":"#0","tintindex":0,"uv":[12.25,3.25,12.25,3.5]},"south":{"texture":"#0","tintindex":0,"uv":[12.5,3.25,12.25,3.5]},"down":{"texture":"#0","tintindex":0,"uv":[12.25,3.0,12.5,3.0]},"north":{"texture":"#0","tintindex":0,"uv":[12.25,3.25,12.0,3.5]}},"rotation":{"axis":"y","angle":0.0,"origin":[14.4,-2.3999996,18.4]}}],"display":{"head":{"rotation":[0.0,180.0,0.0]}}}