{"textures":{"0":"modelengine:entity/nocsy_cat4"},"elements":[{"from":[6.5714283,6.2845144,5.475932],"to":[9.428572,9.141658,11.190218],"rotation":{"angle":0.0,"axis":"y","origin":[8.857143,2.6273713,8.904504]},"faces":{"east":{"uv":[0.0,0.0,2.5,1.25],"rotation":0,"texture":"#0","tintindex":0},"south":{"uv":[1.75,7.25,3.0,8.5],"rotation":0,"texture":"#0","tintindex":0},"north":{"uv":[7.0,7.0,8.25,8.25],"rotation":0,"texture":"#0","tintindex":0},"west":{"uv":[0.0,1.5,2.5,2.75],"rotation":0,"texture":"#0","tintindex":0},"up":{"uv":[4.0,2.5,2.75,0.0],"rotation":0,"texture":"#0","tintindex":0},"down":{"uv":[4.0,2.75,2.75,5.25],"rotation":0,"texture":"#0","tintindex":0}}}],"display":{"head":{"translation":[0.0,-6.4,0.0],"scale":[4.0,4.0,4.0]}}}