{"textures":{"0":"modelengine:entity/nocsy_cat4"},"elements":[{"from":[7.4,6.572625,7.3973956],"to":[8.942857,8.686912,8.940253],"rotation":{"angle":0.0,"axis":"y","origin":[8.171429,7.142857,8.0]},"faces":{"east":{"uv":[10.5,5.25,11.25,6.25],"rotation":0,"texture":"#0","tintindex":0},"south":{"uv":[10.5,8.25,11.25,9.25],"rotation":0,"texture":"#0","tintindex":0},"north":{"uv":[10.5,4.0,11.25,5.0],"rotation":0,"texture":"#0","tintindex":0},"west":{"uv":[10.25,10.75,11.0,11.75],"rotation":0,"texture":"#0","tintindex":0},"up":{"uv":[3.75,12.0,3.0,11.25],"rotation":0,"texture":"#0","tintindex":0},"down":{"uv":[4.75,11.25,4.0,12.0],"rotation":0,"texture":"#0","tintindex":0}}}],"display":{"head":{"translation":[0.0,-6.4,0.0],"scale":[4.0,4.0,4.0]}}}