{"textures":{"0":"modelengine:entity/nocsy_cat4"},"elements":[{"from":[6.285714,6.714286,5.5714283],"to":[9.714286,10.142858,9.0],"rotation":{"angle":0.0,"axis":"y","origin":[8.0,1.5142851,10.714286]},"faces":{"east":{"uv":[4.25,0.0,5.75,1.5],"rotation":0,"texture":"#0","tintindex":0},"south":{"uv":[4.25,1.75,5.75,3.25],"rotation":0,"texture":"#0","tintindex":0},"north":{"uv":[0.0,3.0,1.5,4.5],"rotation":0,"texture":"#0","tintindex":0},"west":{"uv":[4.25,3.5,5.75,5.0],"rotation":0,"texture":"#0","tintindex":0},"up":{"uv":[1.5,6.25,0.0,4.75],"rotation":0,"texture":"#0","tintindex":0},"down":{"uv":[5.75,5.25,4.25,6.75],"rotation":0,"texture":"#0","tintindex":0}}},{"from":[6.5857143,8.5,5.5],"to":[6.8142858,8.728572,5.5],"rotation":{"angle":0.0,"axis":"y","origin":[6.842857,8.414286,5.5142856]},"faces":{"east":{"uv":[3.25,7.25,3.25,7.5],"rotation":0,"texture":"#0","tintindex":0},"south":{"uv":[13.25,6.0,13.5,6.25],"rotation":0,"texture":"#0","tintindex":0},"north":{"uv":[5.75,13.25,6.0,13.5],"rotation":0,"texture":"#0","tintindex":0},"west":{"uv":[3.25,7.75,3.25,8.0],"rotation":0,"texture":"#0","tintindex":0},"up":{"uv":[4.75,12.25,4.5,12.25],"rotation":0,"texture":"#0","tintindex":0},"down":{"uv":[12.75,2.75,12.5,2.75],"rotation":0,"texture":"#0","tintindex":0}}},{"from":[6.2714286,7.857143,5.528571],"to":[7.3,8.885715,5.528571],"rotation":{"angle":0.0,"axis":"y","origin":[8.0,1.3999996,10.714286]},"faces":{"east":{"uv":[6.0,9.75,6.0,10.25],"rotation":0,"texture":"#0","tintindex":0},"south":{"uv":[3.5,6.25,4.0,6.75],"rotation":0,"texture":"#0","tintindex":0},"north":{"uv":[3.5,5.5,4.0,6.0],"rotation":0,"texture":"#0","tintindex":0},"west":{"uv":[10.0,11.0,10.0,11.5],"rotation":0,"texture":"#0","tintindex":0},"up":{"uv":[14.0,7.5,13.5,7.5],"rotation":0,"texture":"#0","tintindex":0},"down":{"uv":[14.0,7.75,13.5,7.75],"rotation":0,"texture":"#0","tintindex":0}}},{"from":[6.2714286,7.7714286,5.5571427],"to":[7.357143,8.885715,5.5571427],"rotation":{"angle":0.0,"axis":"y","origin":[8.0,1.3999996,10.714286]},"faces":{"east":{"uv":[11.25,7.5,11.25,8.0],"rotation":0,"texture":"#0","tintindex":0},"south":{"uv":[8.75,3.0,9.25,3.5],"rotation":0,"texture":"#0","tintindex":0},"north":{"uv":[7.75,5.75,8.25,6.25],"rotation":0,"texture":"#0","tintindex":0},"west":{"uv":[6.5,12.5,6.5,13.0],"rotation":0,"texture":"#0","tintindex":0},"up":{"uv":[14.0,8.0,13.5,8.0],"rotation":0,"texture":"#0","tintindex":0},"down":{"uv":[14.0,8.25,13.5,8.25],"rotation":0,"texture":"#0","tintindex":0}}},{"from":[8.642858,7.7714286,5.5571427],"to":[9.728572,8.885715,5.5571427],"rotation":{"angle":0.0,"axis":"y","origin":[8.0,1.3999996,10.714286]},"faces":{"east":{"uv":[12.75,13.25,12.75,13.75],"rotation":0,"texture":"#0","tintindex":0},"south":{"uv":[12.25,12.5,12.75,13.0],"rotation":0,"texture":"#0","tintindex":0},"north":{"uv":[6.25,8.75,6.75,9.25],"rotation":0,"texture":"#0","tintindex":0},"west":{"uv":[3.25,13.5,3.25,14.0],"rotation":0,"texture":"#0","tintindex":0},"up":{"uv":[14.0,8.5,13.5,8.5],"rotation":0,"texture":"#0","tintindex":0},"down":{"uv":[14.0,8.75,13.5,8.75],"rotation":0,"texture":"#0","tintindex":0}}},{"from":[6.642857,7.928571,5.5142856],"to":[7.214286,8.671429,5.5142856],"rotation":{"angle":0.0,"axis":"y","origin":[6.842857,8.414286,5.5142856]},"faces":{"east":{"uv":[3.25,8.25,3.25,8.5],"rotation":0,"texture":"#0","tintindex":0},"south":{"uv":[13.25,6.5,13.5,6.75],"rotation":0,"texture":"#0","tintindex":0},"north":{"uv":[6.25,13.25,6.5,13.5],"rotation":0,"texture":"#0","tintindex":0},"west":{"uv":[6.0,10.5,6.0,10.75],"rotation":0,"texture":"#0","tintindex":0},"up":{"uv":[13.25,2.75,13.0,2.75],"rotation":0,"texture":"#0","tintindex":0},"down":{"uv":[4.25,13.0,4.0,13.0],"rotation":0,"texture":"#0","tintindex":0}}},{"from":[8.642858,8.739603,5.4356294],"to":[9.757143,9.311031,5.4356294],"rotation":{"angle":22.5,"axis":"x","origin":[9.171715,8.911032,5.692772]},"faces":{"east":{"uv":[13.5,9.0,13.5,9.25],"rotation":0,"texture":"#0","tintindex":0},"south":{"uv":[1.0,8.25,1.5,8.5],"rotation":0,"texture":"#0","tintindex":0},"north":{"uv":[7.75,6.5,8.25,6.75],"rotation":0,"texture":"#0","tintindex":0},"west":{"uv":[13.0,13.5,13.0,13.75],"rotation":0,"texture":"#0","tintindex":0},"up":{"uv":[13.75,13.5,13.25,13.5],"rotation":0,"texture":"#0","tintindex":0},"down":{"uv":[14.25,1.0,13.75,1.0],"rotation":0,"texture":"#0","tintindex":0}}},{"from":[8.643429,8.739603,5.4356294],"to":[8.643429,9.311031,6.0070577],"rotation":{"angle":22.5,"axis":"x","origin":[9.171715,8.911032,5.692772]},"faces":{"east":{"uv":[7.75,13.25,8.0,13.5],"rotation":0,"texture":"#0","tintindex":0},"south":{"uv":[1.5,13.75,1.5,14.0],"rotation":0,"texture":"#0","tintindex":0},"north":{"uv":[13.75,1.25,13.75,1.5],"rotation":0,"texture":"#0","tintindex":0},"west":{"uv":[8.25,13.25,8.5,13.5],"rotation":0,"texture":"#0","tintindex":0},"up":{"uv":[1.75,14.0,1.75,13.75],"rotation":0,"texture":"#0","tintindex":0},"down":{"uv":[2.0,13.75,2.0,14.0],"rotation":0,"texture":"#0","tintindex":0}}},{"from":[8.642858,8.700008,5.4192286],"to":[8.642858,8.742866,5.990657],"rotation":{"angle":22.5,"axis":"x","origin":[9.171143,8.871437,5.6763716]},"faces":{"east":{"uv":[8.75,13.25,9.0,13.5],"rotation":0,"texture":"#0","tintindex":0},"south":{"uv":[3.5,13.75,3.5,14.0],"rotation":0,"texture":"#0","tintindex":0},"north":{"uv":[13.75,3.0,13.75,3.25],"rotation":0,"texture":"#0","tintindex":0},"west":{"uv":[9.25,13.25,9.5,13.5],"rotation":0,"texture":"#0","tintindex":0},"up":{"uv":[13.75,3.75,13.75,3.5],"rotation":0,"texture":"#0","tintindex":0},"down":{"uv":[3.75,13.75,3.75,14.0],"rotation":0,"texture":"#0","tintindex":0}}},{"from":[6.2714286,7.857143,5.528571],"to":[6.2714286,8.885715,5.8142858],"rotation":{"angle":0.0,"axis":"y","origin":[6.285714,8.142858,5.8142858]},"faces":{"east":{"uv":[10.75,12.5,11.0,13.0],"rotation":0,"texture":"#0","tintindex":0},"south":{"uv":[4.25,13.75,4.25,14.25],"rotation":0,"texture":"#0","tintindex":0},"north":{"uv":[4.0,13.75,4.0,14.25],"rotation":0,"texture":"#0","tintindex":0},"west":{"uv":[2.5,12.75,2.75,13.25],"rotation":0,"texture":"#0","tintindex":0},"up":{"uv":[4.5,14.0,4.5,13.75],"rotation":0,"texture":"#0","tintindex":0},"down":{"uv":[5.75,13.75,5.75,14.0],"rotation":0,"texture":"#0","tintindex":0}}},{"from":[6.2714286,7.771428,5.557714],"to":[6.2714286,7.8571424,5.8005714],"rotation":{"angle":0.0,"axis":"y","origin":[6.285714,8.085714,5.8434286]},"faces":{"east":{"uv":[13.25,9.5,13.5,9.75],"rotation":0,"texture":"#0","tintindex":0},"south":{"uv":[13.75,6.0,13.75,6.25],"rotation":0,"texture":"#0","tintindex":0},"north":{"uv":[6.0,13.75,6.0,14.0],"rotation":0,"texture":"#0","tintindex":0},"west":{"uv":[9.75,13.25,10.0,13.5],"rotation":0,"texture":"#0","tintindex":0},"up":{"uv":[6.25,14.0,6.25,13.75],"rotation":0,"texture":"#0","tintindex":0},"down":{"uv":[6.5,13.75,6.5,14.0],"rotation":0,"texture":"#0","tintindex":0}}},{"from":[9.728572,7.771428,5.557714],"to":[9.728572,7.8571424,5.8005714],"rotation":{"angle":0.0,"axis":"y","origin":[9.714286,8.085714,5.8434286]},"faces":{"east":{"uv":[13.25,10.0,13.5,10.25],"rotation":0,"texture":"#0","tintindex":0},"south":{"uv":[6.75,13.75,6.75,14.0],"rotation":0,"texture":"#0","tintindex":0},"north":{"uv":[13.75,6.5,13.75,6.75],"rotation":0,"texture":"#0","tintindex":0},"west":{"uv":[10.25,13.25,10.5,13.5],"rotation":0,"texture":"#0","tintindex":0},"up":{"uv":[7.0,14.0,7.0,13.75],"rotation":0,"texture":"#0","tintindex":0},"down":{"uv":[7.25,13.75,7.25,14.0],"rotation":0,"texture":"#0","tintindex":0}}},{"from":[8.728572,8.5,5.5],"to":[8.957143,8.728572,5.5],"rotation":{"angle":0.0,"axis":"y","origin":[9.157143,8.414286,5.5142856]},"faces":{"east":{"uv":[7.5,13.75,7.5,14.0],"rotation":0,"texture":"#0","tintindex":0},"south":{"uv":[10.75,13.25,11.0,13.5],"rotation":0,"texture":"#0","tintindex":0},"north":{"uv":[13.25,10.5,13.5,10.75],"rotation":0,"texture":"#0","tintindex":0},"west":{"uv":[7.75,13.75,7.75,14.0],"rotation":0,"texture":"#0","tintindex":0},"up":{"uv":[14.0,1.75,13.75,1.75],"rotation":0,"texture":"#0","tintindex":0},"down":{"uv":[8.25,13.75,8.0,13.75],"rotation":0,"texture":"#0","tintindex":0}}},{"from":[8.785714,7.928571,5.5142856],"to":[9.357143,8.671429,5.5142856],"rotation":{"angle":0.0,"axis":"y","origin":[9.157143,8.414286,5.5142856]},"faces":{"east":{"uv":[8.5,13.75,8.5,14.0],"rotation":0,"texture":"#0","tintindex":0},"south":{"uv":[11.25,13.25,11.5,13.5],"rotation":0,"texture":"#0","tintindex":0},"north":{"uv":[13.25,11.0,13.5,11.25],"rotation":0,"texture":"#0","tintindex":0},"west":{"uv":[8.75,13.75,8.75,14.0],"rotation":0,"texture":"#0","tintindex":0},"up":{"uv":[9.25,13.75,9.0,13.75],"rotation":0,"texture":"#0","tintindex":0},"down":{"uv":[14.0,9.0,13.75,9.0],"rotation":0,"texture":"#0","tintindex":0}}},{"from":[8.7,7.857143,5.528571],"to":[9.728572,8.885715,5.528571],"rotation":{"angle":0.0,"axis":"y","origin":[8.0,1.3999996,10.714286]},"faces":{"east":{"uv":[13.75,9.25,13.75,9.75],"rotation":0,"texture":"#0","tintindex":0},"south":{"uv":[0.75,12.75,1.25,13.25],"rotation":0,"texture":"#0","tintindex":0},"north":{"uv":[0.0,12.75,0.5,13.25],"rotation":0,"texture":"#0","tintindex":0},"west":{"uv":[9.5,13.75,9.5,14.25],"rotation":0,"texture":"#0","tintindex":0},"up":{"uv":[10.25,13.75,9.75,13.75],"rotation":0,"texture":"#0","tintindex":0},"down":{"uv":[14.25,10.0,13.75,10.0],"rotation":0,"texture":"#0","tintindex":0}}},{"from":[9.728572,7.857143,5.528571],"to":[9.728572,8.885715,5.8142858],"rotation":{"angle":0.0,"axis":"y","origin":[9.714286,8.142858,5.8142858]},"faces":{"east":{"uv":[3.0,12.75,3.25,13.25],"rotation":0,"texture":"#0","tintindex":0},"south":{"uv":[10.5,13.75,10.5,14.25],"rotation":0,"texture":"#0","tintindex":0},"north":{"uv":[13.75,10.25,13.75,10.75],"rotation":0,"texture":"#0","tintindex":0},"west":{"uv":[3.5,13.0,3.75,13.5],"rotation":0,"texture":"#0","tintindex":0},"up":{"uv":[10.75,14.0,10.75,13.75],"rotation":0,"texture":"#0","tintindex":0},"down":{"uv":[11.0,13.75,11.0,14.0],"rotation":0,"texture":"#0","tintindex":0}}},{"from":[6.242857,8.739603,5.4356294],"to":[7.357143,9.311031,5.4356294],"rotation":{"angle":22.5,"axis":"x","origin":[6.8282857,8.911032,5.692772]},"faces":{"east":{"uv":[13.75,11.0,13.75,11.25],"rotation":0,"texture":"#0","tintindex":0},"south":{"uv":[10.5,6.5,11.0,6.75],"rotation":0,"texture":"#0","tintindex":0},"north":{"uv":[9.5,7.0,10.0,7.25],"rotation":0,"texture":"#0","tintindex":0},"west":{"uv":[11.25,13.75,11.25,14.0],"rotation":0,"texture":"#0","tintindex":0},"up":{"uv":[12.0,13.75,11.5,13.75],"rotation":0,"texture":"#0","tintindex":0},"down":{"uv":[14.25,11.5,13.75,11.5],"rotation":0,"texture":"#0","tintindex":0}}},{"from":[8.642858,8.702213,5.436717],"to":[9.757143,8.74507,5.436717],"rotation":{"angle":22.5,"axis":"x","origin":[9.171715,8.916498,5.679574]},"faces":{"east":{"uv":[13.75,11.75,13.75,12.0],"rotation":0,"texture":"#0","tintindex":0},"south":{"uv":[13.0,13.0,13.5,13.25],"rotation":0,"texture":"#0","tintindex":0},"north":{"uv":[13.0,12.5,13.5,12.75],"rotation":0,"texture":"#0","tintindex":0},"west":{"uv":[12.25,13.75,12.25,14.0],"rotation":0,"texture":"#0","tintindex":0},"up":{"uv":[14.25,12.25,13.75,12.25],"rotation":0,"texture":"#0","tintindex":0},"down":{"uv":[14.25,12.5,13.75,12.5],"rotation":0,"texture":"#0","tintindex":0}}},{"from":[7.356571,8.739603,5.4356294],"to":[7.356571,9.311031,6.0070577],"rotation":{"angle":22.5,"axis":"x","origin":[6.8282857,8.911032,5.692772]},"faces":{"east":{"uv":[13.25,11.5,13.5,11.75],"rotation":0,"texture":"#0","tintindex":0},"south":{"uv":[13.75,12.75,13.75,13.0],"rotation":0,"texture":"#0","tintindex":0},"north":{"uv":[12.5,13.75,12.5,14.0],"rotation":0,"texture":"#0","tintindex":0},"west":{"uv":[11.75,13.25,12.0,13.5],"rotation":0,"texture":"#0","tintindex":0},"up":{"uv":[13.25,14.0,13.25,13.75],"rotation":0,"texture":"#0","tintindex":0},"down":{"uv":[13.5,13.75,13.5,14.0],"rotation":0,"texture":"#0","tintindex":0}}},{"from":[6.242857,8.739603,5.4350576],"to":[6.242857,9.311031,6.035058],"rotation":{"angle":22.5,"axis":"x","origin":[6.8282857,8.911032,5.692772]},"faces":{"east":{"uv":[13.25,12.0,13.5,12.25],"rotation":0,"texture":"#0","tintindex":0},"south":{"uv":[0.0,14.0,0.0,14.25],"rotation":0,"texture":"#0","tintindex":0},"north":{"uv":[13.75,13.75,13.75,14.0],"rotation":0,"texture":"#0","tintindex":0},"west":{"uv":[12.25,13.25,12.5,13.5],"rotation":0,"texture":"#0","tintindex":0},"up":{"uv":[14.0,0.25,14.0,0.0],"rotation":0,"texture":"#0","tintindex":0},"down":{"uv":[0.25,14.0,0.25,14.25],"rotation":0,"texture":"#0","tintindex":0}}},{"from":[9.757143,8.739603,5.4350576],"to":[9.757143,9.311031,6.035058],"rotation":{"angle":22.5,"axis":"x","origin":[9.171715,8.911032,5.692772]},"faces":{"east":{"uv":[0.0,13.5,0.25,13.75],"rotation":0,"texture":"#0","tintindex":0},"south":{"uv":[14.0,0.5,14.0,0.75],"rotation":0,"texture":"#0","tintindex":0},"north":{"uv":[0.5,14.0,0.5,14.25],"rotation":0,"texture":"#0","tintindex":0},"west":{"uv":[0.5,13.5,0.75,13.75],"rotation":0,"texture":"#0","tintindex":0},"up":{"uv":[0.75,14.25,0.75,14.0],"rotation":0,"texture":"#0","tintindex":0},"down":{"uv":[1.0,14.0,1.0,14.25],"rotation":0,"texture":"#0","tintindex":0}}},{"from":[9.756572,8.697615,5.4301186],"to":[9.756572,8.754758,6.0015473],"rotation":{"angle":22.5,"axis":"x","origin":[9.185429,8.8976145,5.687833]},"faces":{"east":{"uv":[1.0,13.5,1.25,13.75],"rotation":0,"texture":"#0","tintindex":0},"south":{"uv":[14.0,1.25,14.0,1.5],"rotation":0,"texture":"#0","tintindex":0},"north":{"uv":[1.25,14.0,1.25,14.25],"rotation":0,"texture":"#0","tintindex":0},"west":{"uv":[13.5,2.0,13.75,2.25],"rotation":0,"texture":"#0","tintindex":0},"up":{"uv":[14.0,2.25,14.0,2.0],"rotation":0,"texture":"#0","tintindex":0},"down":{"uv":[2.25,14.0,2.25,14.25],"rotation":0,"texture":"#0","tintindex":0}}},{"from":[7.357143,8.700008,5.4192286],"to":[7.357143,8.742866,5.990657],"rotation":{"angle":22.5,"axis":"x","origin":[6.828857,8.871437,5.6763716]},"faces":{"east":{"uv":[2.25,13.5,2.5,13.75],"rotation":0,"texture":"#0","tintindex":0},"south":{"uv":[14.0,2.5,14.0,2.75],"rotation":0,"texture":"#0","tintindex":0},"north":{"uv":[2.5,14.0,2.5,14.25],"rotation":0,"texture":"#0","tintindex":0},"west":{"uv":[13.5,2.5,13.75,2.75],"rotation":0,"texture":"#0","tintindex":0},"up":{"uv":[2.75,14.25,2.75,14.0],"rotation":0,"texture":"#0","tintindex":0},"down":{"uv":[3.0,14.0,3.0,14.25],"rotation":0,"texture":"#0","tintindex":0}}},{"from":[6.242857,8.702213,5.436717],"to":[7.357143,8.74507,5.436717],"rotation":{"angle":22.5,"axis":"x","origin":[6.8282857,8.916498,5.679574]},"faces":{"east":{"uv":[14.0,3.0,14.0,3.25],"rotation":0,"texture":"#0","tintindex":0},"south":{"uv":[4.0,13.25,4.5,13.5],"rotation":0,"texture":"#0","tintindex":0},"north":{"uv":[1.5,13.25,2.0,13.5],"rotation":0,"texture":"#0","tintindex":0},"west":{"uv":[14.0,3.5,14.0,3.75],"rotation":0,"texture":"#0","tintindex":0},"up":{"uv":[14.25,13.25,13.75,13.25],"rotation":0,"texture":"#0","tintindex":0},"down":{"uv":[14.5,4.0,14.0,4.0],"rotation":0,"texture":"#0","tintindex":0}}},{"from":[6.243428,8.697615,5.4301186],"to":[6.243428,8.754758,6.0015473],"rotation":{"angle":22.5,"axis":"x","origin":[6.8145714,8.8976145,5.687833]},"faces":{"east":{"uv":[2.75,13.5,3.0,13.75],"rotation":0,"texture":"#0","tintindex":0},"south":{"uv":[4.75,14.0,4.75,14.25],"rotation":0,"texture":"#0","tintindex":0},"north":{"uv":[14.0,4.25,14.0,4.5],"rotation":0,"texture":"#0","tintindex":0},"west":{"uv":[13.5,4.0,13.75,4.25],"rotation":0,"texture":"#0","tintindex":0},"up":{"uv":[14.0,5.0,14.0,4.75],"rotation":0,"texture":"#0","tintindex":0},"down":{"uv":[5.0,14.0,5.0,14.25],"rotation":0,"texture":"#0","tintindex":0}}},{"from":[4.2130117,6.6085825,5.342857],"to":[7.6415834,8.322868,5.342857],"rotation":{"angle":0.0,"axis":"y","origin":[6.143458,7.3392806,5.3999996]},"faces":{"east":{"uv":[5.25,14.0,5.25,14.75],"rotation":0,"texture":"#0","tintindex":0},"south":{"uv":[8.5,8.5,7.0,9.25],"rotation":0,"texture":"#0","tintindex":0},"north":{"uv":[7.0,8.5,8.5,9.25],"rotation":0,"texture":"#0","tintindex":0},"west":{"uv":[14.0,5.25,14.0,6.0],"rotation":0,"texture":"#0","tintindex":0},"up":{"uv":[15.5,6.25,14.0,6.25],"rotation":0,"texture":"#0","tintindex":0},"down":{"uv":[15.5,6.5,14.0,6.5],"rotation":0,"texture":"#0","tintindex":0}}},{"from":[8.358417,6.6085825,5.342857],"to":[11.786988,8.322868,5.342857],"rotation":{"angle":0.0,"axis":"y","origin":[9.856542,7.3392806,5.3999996]},"faces":{"east":{"uv":[14.0,5.25,14.0,6.0],"rotation":0,"texture":"#0","tintindex":0},"south":{"uv":[7.0,8.5,8.5,9.25],"rotation":0,"texture":"#0","tintindex":0},"north":{"uv":[8.5,8.5,7.0,9.25],"rotation":0,"texture":"#0","tintindex":0},"west":{"uv":[5.25,14.0,5.25,14.75],"rotation":0,"texture":"#0","tintindex":0},"up":{"uv":[14.0,6.25,15.5,6.25],"rotation":0,"texture":"#0","tintindex":0},"down":{"uv":[14.0,6.5,15.5,6.5],"rotation":0,"texture":"#0","tintindex":0}}},{"from":[4.4006014,6.0956464,5.457143],"to":[7.829173,7.581361,5.457143],"rotation":{"angle":22.5,"axis":"z","origin":[6.143458,7.282138,5.3999996]},"faces":{"east":{"uv":[5.5,14.0,5.5,14.75],"rotation":0,"texture":"#0","tintindex":0},"south":{"uv":[2.5,8.75,1.0,9.5],"rotation":0,"texture":"#0","tintindex":0},"north":{"uv":[1.0,8.75,2.5,9.5],"rotation":0,"texture":"#0","tintindex":0},"west":{"uv":[8.0,14.0,8.0,14.75],"rotation":0,"texture":"#0","tintindex":0},"up":{"uv":[15.5,6.75,14.0,6.75],"rotation":0,"texture":"#0","tintindex":0},"down":{"uv":[15.5,7.0,14.0,7.0],"rotation":0,"texture":"#0","tintindex":0}}},{"from":[8.170827,6.0956464,5.457143],"to":[11.599399,7.581361,5.457143],"rotation":{"angle":-22.5,"axis":"z","origin":[9.856542,7.282138,5.3999996]},"faces":{"east":{"uv":[8.0,14.0,8.0,14.75],"rotation":0,"texture":"#0","tintindex":0},"south":{"uv":[1.0,8.75,2.5,9.5],"rotation":0,"texture":"#0","tintindex":0},"north":{"uv":[2.5,8.75,1.0,9.5],"rotation":0,"texture":"#0","tintindex":0},"west":{"uv":[5.5,14.0,5.5,14.75],"rotation":0,"texture":"#0","tintindex":0},"up":{"uv":[14.0,6.75,15.5,6.75],"rotation":0,"texture":"#0","tintindex":0},"down":{"uv":[14.0,7.0,15.5,7.0],"rotation":0,"texture":"#0","tintindex":0}}},{"from":[7.142857,7.0,5.0],"to":[8.857143,8.142858,5.5714283],"rotation":{"angle":0.0,"axis":"y","origin":[7.714286,7.5714283,5.285714]},"faces":{"east":{"uv":[4.75,13.25,5.0,13.75],"rotation":0,"texture":"#0","tintindex":0},"south":{"uv":[3.5,12.25,4.25,12.75],"rotation":0,"texture":"#0","tintindex":0},"north":{"uv":[1.75,4.75,2.5,5.25],"rotation":0,"texture":"#0","tintindex":0},"west":{"uv":[5.25,13.25,5.5,13.75],"rotation":0,"texture":"#0","tintindex":0},"up":{"uv":[13.25,5.75,12.5,5.5],"rotation":0,"texture":"#0","tintindex":0},"down":{"uv":[2.25,12.75,1.5,13.0],"rotation":0,"texture":"#0","tintindex":0}}},{"from":[7.714286,7.686309,4.957143],"to":[8.285714,8.200595,4.957143],"rotation":{"angle":0.0,"axis":"y","origin":[8.142858,7.8577375,4.985714]},"faces":{"east":{"uv":[10.0,14.0,10.0,14.25],"rotation":0,"texture":"#0","tintindex":0},"south":{"uv":[13.5,5.0,13.75,5.25],"rotation":0,"texture":"#0","tintindex":0},"north":{"uv":[13.75,5.0,13.5,5.25],"rotation":0,"texture":"#0","tintindex":0},"west":{"uv":[10.25,14.0,10.25,14.25],"rotation":0,"texture":"#0","tintindex":0},"up":{"uv":[14.25,10.25,14.0,10.25],"rotation":0,"texture":"#0","tintindex":0},"down":{"uv":[14.25,10.5,14.0,10.5],"rotation":0,"texture":"#0","tintindex":0}}},{"from":[7.714286,8.200024,4.957143],"to":[8.285714,8.200024,5.242857],"rotation":{"angle":0.0,"axis":"y","origin":[8.057143,8.228595,5.214286]},"faces":{"east":{"uv":[14.0,11.0,14.25,11.0],"rotation":0,"texture":"#0","tintindex":0},"south":{"uv":[14.0,11.25,14.25,11.25],"rotation":0,"texture":"#0","tintindex":0},"north":{"uv":[14.0,10.75,14.25,10.75],"rotation":0,"texture":"#0","tintindex":0},"west":{"uv":[11.5,14.0,11.75,14.0],"rotation":0,"texture":"#0","tintindex":0},"up":{"uv":[13.75,5.75,13.5,5.5],"rotation":0,"texture":"#0","tintindex":0},"down":{"uv":[13.75,7.0,13.5,7.25],"rotation":0,"texture":"#0","tintindex":0}}}],"display":{"head":{"translation":[0.0,-6.4,0.0],"scale":[4.0,4.0,4.0]}}}