{"textures":{"0":"modelengine:entity/nocsy_cat4"},"elements":[{"from":[7.2285714,7.1505823,7.2428083],"to":[8.771429,8.6934395,10.499951],"rotation":{"angle":0.0,"axis":"y","origin":[8.285714,3.1220107,4.8713794]},"faces":{"east":{"uv":[7.75,0.0,9.25,0.75],"rotation":0,"texture":"#0","tintindex":0},"south":{"uv":[11.0,1.0,11.75,1.75],"rotation":0,"texture":"#0","tintindex":0},"north":{"uv":[10.5,2.0,11.25,2.75],"rotation":0,"texture":"#0","tintindex":0},"west":{"uv":[7.75,1.0,9.25,1.75],"rotation":0,"texture":"#0","tintindex":0},"up":{"uv":[2.5,4.5,1.75,3.0],"rotation":0,"texture":"#0","tintindex":0},"down":{"uv":[8.5,2.0,7.75,3.5],"rotation":0,"texture":"#0","tintindex":0}}}],"display":{"head":{"translation":[0.0,-6.4,0.0],"scale":[4.0,4.0,4.0]}}}