{"textures":{"0":"bil:item/filament/model/crate_1.bbmodel/crate_1","1":"bil:item/filament/model/crate_1.bbmodel/electricity_an","particle":"bil:item/filament/model/crate_1.bbmodel/crate_1"},"elements":[{"from":[2.1890526,6.369215,1.9308805],"to":[4.0640426,8.595691,4.0861154],"faces":{"up":{"texture":"#0","tintindex":0,"uv":[6.5625,11.0625,6.375,10.875]},"west":{"texture":"#0","tintindex":0,"uv":[6.125,10.875,6.3125,11.0625]},"east":{"texture":"#0","tintindex":0,"uv":[5.875,10.875,6.0625,11.0625]},"south":{"texture":"#0","tintindex":0,"uv":[10.875,6.0,11.0625,6.1875]},"down":{"texture":"#0","tintindex":0,"uv":[11.0625,6.5,10.875,6.6875]},"north":{"texture":"#0","tintindex":0,"uv":[10.875,5.75,11.0625,5.9375]}},"rotation":{"axis":"y","angle":45.0,"origin":[3.1988745,7.4824524,3.116984]}},{"from":[11.926146,6.369215,1.9308805],"to":[13.801136,8.595691,4.0861154],"faces":{"up":{"texture":"#0","tintindex":0,"uv":[9.5625,11.0625,9.375,10.875]},"west":{"texture":"#0","tintindex":0,"uv":[10.875,9.125,11.0625,9.3125]},"east":{"texture":"#0","tintindex":0,"uv":[10.875,6.75,11.0625,6.9375]},"south":{"texture":"#0","tintindex":0,"uv":[10.875,7.625,11.0625,7.8125]},"down":{"texture":"#0","tintindex":0,"uv":[9.8125,10.875,9.625,11.0625]},"north":{"texture":"#0","tintindex":0,"uv":[6.625,10.875,6.8125,11.0625]}},"rotation":{"axis":"y","angle":-45.0,"origin":[12.791314,7.4824524,3.116984]}},{"from":[2.1890526,6.369215,11.973359],"to":[4.0640426,8.595691,14.128601],"faces":{"up":{"texture":"#0","tintindex":0,"uv":[1.1875,11.1875,1.0,11.0]},"west":{"texture":"#0","tintindex":0,"uv":[0.75,11.0,0.9375,11.1875]},"east":{"texture":"#0","tintindex":0,"uv":[10.125,10.875,10.3125,11.0625]},"south":{"texture":"#0","tintindex":0,"uv":[0.0,11.0,0.1875,11.1875]},"down":{"texture":"#0","tintindex":0,"uv":[1.4375,11.0,1.25,11.1875]},"north":{"texture":"#0","tintindex":0,"uv":[9.875,10.875,10.0625,11.0625]}},"rotation":{"axis":"y","angle":-45.0,"origin":[3.1988745,7.4824524,12.942498]}},{"from":[11.926146,6.369215,11.973359],"to":[13.801136,8.595691,14.128601],"faces":{"up":{"texture":"#0","tintindex":0,"uv":[2.6875,11.1875,2.5,11.0]},"west":{"texture":"#0","tintindex":0,"uv":[2.25,11.0,2.4375,11.1875]},"east":{"texture":"#0","tintindex":0,"uv":[1.75,11.0,1.9375,11.1875]},"south":{"texture":"#0","tintindex":0,"uv":[2.0,11.0,2.1875,11.1875]},"down":{"texture":"#0","tintindex":0,"uv":[2.9375,11.0,2.75,11.1875]},"north":{"texture":"#0","tintindex":0,"uv":[11.0,1.625,11.1875,1.8125]}},"rotation":{"axis":"y","angle":45.0,"origin":[12.791314,7.4824524,12.942498]}},{"from":[0.25185442,7.945066,0.28606367],"to":[15.738335,22.525475,15.700224],"faces":{"up":{"texture":"#0","tintindex":0,"uv":[1.1875,6.8125,0.0,5.625]},"west":{"texture":"#0","tintindex":0,"uv":[6.0,5.125,7.1875,6.25]},"east":{"texture":"#0","tintindex":0,"uv":[6.0,5.125,7.1875,6.25]},"south":{"texture":"#0","tintindex":0,"uv":[6.0,5.125,7.1875,6.25]},"down":{"texture":"#0","tintindex":0,"uv":[1.1875,5.625,0.0,6.8125]},"north":{"texture":"#0","tintindex":0,"uv":[6.0,5.125,7.1875,6.25]}},"rotation":{"axis":"y","angle":0.0,"origin":[-2.089693,4.883178,-2.0916395]}},{"from":[3.5642676,22.509281,3.5623212],"to":[12.4259205,25.036549,12.423967],"faces":{"up":{"texture":"#0","tintindex":0,"uv":[6.4375,8.0625,5.75,7.375]},"west":{"texture":"#0","tintindex":0,"uv":[9.75,7.25,10.4375,7.4375]},"east":{"texture":"#0","tintindex":0,"uv":[9.625,7.0,10.3125,7.1875]},"south":{"texture":"#0","tintindex":0,"uv":[9.75,6.25,10.4375,6.4375]},"down":{"texture":"#0","tintindex":0,"uv":[8.0625,6.25,7.375,6.9375]},"north":{"texture":"#0","tintindex":0,"uv":[9.625,3.25,10.3125,3.4375]}},"rotation":{"axis":"y","angle":0.0,"origin":[-2.089693,21.164637,-2.0916395]}},{"from":[-2.9159145,22.509281,6.802408],"to":[18.906101,23.82151,9.18388],"faces":{"up":{"texture":"#0","tintindex":0,"uv":[9.5625,2.6875,7.875,2.5]},"west":{"texture":"#0","tintindex":0,"uv":[11.125,7.125,11.3125,7.25]},"east":{"texture":"#0","tintindex":0,"uv":[11.125,7.0,11.3125,7.125]},"south":{"texture":"#0","tintindex":0,"uv":[9.125,0.0,10.8125,0.125]},"down":{"texture":"#0","tintindex":0,"uv":[9.5625,2.75,7.875,2.9375]},"north":{"texture":"#0","tintindex":0,"uv":[8.125,6.875,9.8125,7.0]}},"rotation":{"axis":"y","angle":-45.0,"origin":[7.9950943,23.3679,7.9931407]}},{"from":[-2.9159145,7.9288616,6.802408],"to":[-1.7008791,22.509281,9.18388],"faces":{"up":{"texture":"#0","tintindex":0,"uv":[7.25,11.3125,7.125,11.125]},"west":{"texture":"#0","tintindex":0,"uv":[7.25,9.0,7.4375,10.125]},"east":{"texture":"#0","tintindex":0,"uv":[1.625,9.0,1.8125,10.125]},"south":{"texture":"#0","tintindex":0,"uv":[1.5,9.375,1.625,10.5]},"down":{"texture":"#0","tintindex":0,"uv":[11.25,7.25,11.125,7.4375]},"north":{"texture":"#0","tintindex":0,"uv":[1.375,9.375,1.5,10.5]}},"rotation":{"axis":"y","angle":-45.0,"origin":[7.9950943,23.3679,7.9931407]}},{"from":[-1.7011843,7.9288616,6.80254],"to":[17.73707,8.698035,9.184004],"faces":{"up":{"texture":"#0","tintindex":0,"uv":[9.5625,3.1875,7.875,3.0]},"west":{"texture":"#0","tintindex":0,"uv":[11.375,0.125,11.5625,0.1875]},"east":{"texture":"#0","tintindex":0,"uv":[0.0,11.375,0.1875,11.4375]},"south":{"texture":"#0","tintindex":0,"uv":[10.125,1.25,11.8125,1.3125]},"down":{"texture":"#0","tintindex":0,"uv":[9.5625,3.25,7.875,3.4375]},"north":{"texture":"#0","tintindex":0,"uv":[10.125,1.125,11.8125,1.1875]}},"rotation":{"axis":"y","angle":-45.0,"origin":[7.9950943,8.293023,7.993578]}},{"from":[11.65542,7.9288616,21.373749],"to":[12.870457,22.509281,23.755215],"faces":{"up":{"texture":"#0","tintindex":0,"uv":[7.625,11.3125,7.5,11.125]},"west":{"texture":"#0","tintindex":0,"uv":[2.125,9.125,2.3125,10.25]},"east":{"texture":"#0","tintindex":0,"uv":[1.875,9.125,2.0625,10.25]},"south":{"texture":"#0","tintindex":0,"uv":[4.125,9.75,4.25,10.875]},"down":{"texture":"#0","tintindex":0,"uv":[11.25,7.5,11.125,7.6875]},"north":{"texture":"#0","tintindex":0,"uv":[0.875,9.75,1.0,10.875]}},"rotation":{"axis":"y","angle":-45.0,"origin":[22.566435,23.3679,22.564482]}},{"from":[17.691067,7.9288616,6.802408],"to":[18.906101,22.509281,9.18388],"faces":{"up":{"texture":"#0","tintindex":0,"uv":[7.75,11.3125,7.625,11.125]},"west":{"texture":"#0","tintindex":0,"uv":[4.5,9.125,4.6875,10.25]},"east":{"texture":"#0","tintindex":0,"uv":[4.25,9.125,4.4375,10.25]},"south":{"texture":"#0","tintindex":0,"uv":[6.375,9.75,6.5,10.875]},"down":{"texture":"#0","tintindex":0,"uv":[11.25,7.75,11.125,7.9375]},"north":{"texture":"#0","tintindex":0,"uv":[6.25,9.75,6.375,10.875]}},"rotation":{"axis":"y","angle":45.0,"origin":[7.9950943,15.348674,7.9931407]}},{"from":[-2.9159145,7.9288616,6.802408],"to":[-1.7008791,22.509281,9.18388],"faces":{"up":{"texture":"#0","tintindex":0,"uv":[11.25,8.1875,11.125,8.0]},"west":{"texture":"#0","tintindex":0,"uv":[8.5,9.125,8.6875,10.25]},"east":{"texture":"#0","tintindex":0,"uv":[8.25,9.125,8.4375,10.25]},"south":{"texture":"#0","tintindex":0,"uv":[6.875,9.75,7.0,10.875]},"down":{"texture":"#0","tintindex":0,"uv":[11.25,8.875,11.125,9.0625]},"north":{"texture":"#0","tintindex":0,"uv":[6.75,9.75,6.875,10.875]}},"rotation":{"axis":"y","angle":45.0,"origin":[7.9950943,15.348674,7.9931407]}},{"from":[-2.9159145,22.509281,6.802408],"to":[18.906101,23.82151,9.18388],"faces":{"up":{"texture":"#0","tintindex":0,"uv":[9.5625,5.8125,7.875,5.625]},"west":{"texture":"#0","tintindex":0,"uv":[11.125,9.125,11.3125,9.25]},"east":{"texture":"#0","tintindex":0,"uv":[11.125,8.25,11.3125,8.375]},"south":{"texture":"#0","tintindex":0,"uv":[9.125,0.25,10.8125,0.375]},"down":{"texture":"#0","tintindex":0,"uv":[8.1875,7.875,6.5,8.0625]},"north":{"texture":"#0","tintindex":0,"uv":[9.125,0.125,10.8125,0.25]}},"rotation":{"axis":"y","angle":45.0,"origin":[7.9950943,15.348674,7.9931407]}},{"from":[6.8043623,22.509281,3.1573095],"to":[9.185826,25.44156,12.8289795],"faces":{"up":{"texture":"#0","tintindex":0,"uv":[7.1875,10.5,7.0,9.75]},"west":{"texture":"#0","tintindex":0,"uv":[9.25,0.875,10.0,1.125]},"east":{"texture":"#0","tintindex":0,"uv":[9.125,7.625,9.875,7.875]},"south":{"texture":"#0","tintindex":0,"uv":[10.75,10.75,10.9375,11.0]},"down":{"texture":"#0","tintindex":0,"uv":[7.6875,9.75,7.5,10.5]},"north":{"texture":"#0","tintindex":0,"uv":[10.5,10.75,10.6875,11.0]}},"rotation":{"axis":"y","angle":0.0,"origin":[-2.089693,21.164637,-2.0916395]}},{"from":[4.3742914,25.036549,4.372338],"to":[11.615897,25.846573,11.613943],"faces":{"up":{"texture":"#0","tintindex":0,"uv":[1.5625,8.4375,1.0,7.875]},"west":{"texture":"#0","tintindex":0,"uv":[3.875,11.0,4.4375,11.0625]},"east":{"texture":"#0","tintindex":0,"uv":[10.875,10.625,11.4375,10.6875]},"south":{"texture":"#0","tintindex":0,"uv":[11.0,0.875,11.5625,0.9375]},"down":{"texture":"#0","tintindex":0,"uv":[8.6875,0.5,8.125,1.0625]},"north":{"texture":"#0","tintindex":0,"uv":[10.875,6.25,11.4375,6.3125]}},"rotation":{"axis":"y","angle":0.0,"origin":[-2.089693,21.164637,-2.0916395]}},{"from":[5.589327,22.509281,1.9422741],"to":[10.400862,23.4165,3.5623212],"faces":{"up":{"texture":"#0","tintindex":0,"uv":[0.375,11.0,0.0,10.875]},"west":{"texture":"#0","tintindex":0,"uv":[9.375,11.5,9.5,11.5625]},"east":{"texture":"#0","tintindex":0,"uv":[11.5,9.25,11.625,9.3125]},"south":{"texture":"#0","tintindex":0,"uv":[9.375,11.125,9.75,11.1875]},"down":{"texture":"#0","tintindex":0,"uv":[11.25,0.0,10.875,0.125]},"north":{"texture":"#0","tintindex":0,"uv":[11.125,9.25,11.5,9.3125]}},"rotation":{"axis":"y","angle":0.0,"origin":[-2.089693,21.164637,-2.0916395]}},{"from":[6.39935,22.509281,1.1322508],"to":[9.590838,23.4165,1.9422741],"faces":{"up":{"texture":"#0","tintindex":0,"uv":[8.0,11.3125,7.75,11.25]},"west":{"texture":"#0","tintindex":0,"uv":[10.375,11.5,10.4375,11.5625]},"east":{"texture":"#0","tintindex":0,"uv":[11.5,10.25,11.5625,10.3125]},"south":{"texture":"#0","tintindex":0,"uv":[11.25,7.625,11.5,7.6875]},"down":{"texture":"#0","tintindex":0,"uv":[11.5,7.75,11.25,7.8125]},"north":{"texture":"#0","tintindex":0,"uv":[11.25,7.5,11.5,7.5625]}},"rotation":{"axis":"y","angle":0.0,"origin":[-2.089693,21.164637,-2.0916395]}},{"from":[9.7451935,22.509281,2.141985],"to":[10.344608,23.376001,3.2875295],"faces":{"up":{"texture":"#0","tintindex":0,"uv":[11.5625,10.6875,11.5,10.625]},"west":{"texture":"#0","tintindex":0,"uv":[10.625,11.5,10.6875,11.5625]},"east":{"texture":"#0","tintindex":0,"uv":[10.5,11.5,10.5625,11.5625]},"south":{"texture":"#0","tintindex":0,"uv":[11.5,10.5,11.5625,10.5625]},"down":{"texture":"#0","tintindex":0,"uv":[10.8125,11.5,10.75,11.5625]},"north":{"texture":"#0","tintindex":0,"uv":[11.5,10.375,11.5625,10.4375]}},"rotation":{"axis":"y","angle":45.0,"origin":[8.748865,22.962889,2.5469966]}},{"from":[5.6455793,22.509281,2.141985],"to":[6.244995,23.376001,3.2875295],"faces":{"up":{"texture":"#0","tintindex":0,"uv":[11.5625,11.1875,11.5,11.125]},"west":{"texture":"#0","tintindex":0,"uv":[11.125,11.5,11.1875,11.5625]},"east":{"texture":"#0","tintindex":0,"uv":[11.0,11.5,11.0625,11.5625]},"south":{"texture":"#0","tintindex":0,"uv":[11.5,11.0,11.5625,11.0625]},"down":{"texture":"#0","tintindex":0,"uv":[11.3125,11.5,11.25,11.5625]},"north":{"texture":"#0","tintindex":0,"uv":[10.875,11.5,10.9375,11.5625]}},"rotation":{"axis":"y","angle":-45.0,"origin":[7.2413235,22.962889,2.5469966]}},{"from":[5.589327,22.509281,12.423967],"to":[10.400862,23.4165,14.044014],"faces":{"up":{"texture":"#0","tintindex":0,"uv":[11.25,0.25,10.875,0.125]},"west":{"texture":"#0","tintindex":0,"uv":[9.5,11.5,9.625,11.5625]},"east":{"texture":"#0","tintindex":0,"uv":[11.5,9.375,11.625,9.4375]},"south":{"texture":"#0","tintindex":0,"uv":[11.125,9.625,11.5,9.6875]},"down":{"texture":"#0","tintindex":0,"uv":[11.25,0.25,10.875,0.375]},"north":{"texture":"#0","tintindex":0,"uv":[11.125,9.375,11.5,9.4375]}},"rotation":{"axis":"y","angle":0.0,"origin":[-2.089693,21.164637,18.077927]}},{"from":[9.7451935,22.509281,12.698759],"to":[10.344608,23.376001,13.844304],"faces":{"up":{"texture":"#0","tintindex":0,"uv":[0.1875,11.6875,0.125,11.625]},"west":{"texture":"#0","tintindex":0,"uv":[11.625,0.0,11.6875,0.0625]},"east":{"texture":"#0","tintindex":0,"uv":[11.5,11.5,11.5625,11.5625]},"south":{"texture":"#0","tintindex":0,"uv":[0.0,11.625,0.0625,11.6875]},"down":{"texture":"#0","tintindex":0,"uv":[11.6875,0.125,11.625,0.1875]},"north":{"texture":"#0","tintindex":0,"uv":[11.5,11.375,11.5625,11.4375]}},"rotation":{"axis":"y","angle":-45.0,"origin":[8.748865,22.962889,13.439292]}},{"from":[6.39935,22.509281,14.044014],"to":[9.590838,23.4165,14.854038],"faces":{"up":{"texture":"#0","tintindex":0,"uv":[11.5,8.0625,11.25,8.0]},"west":{"texture":"#0","tintindex":0,"uv":[11.625,0.25,11.6875,0.3125]},"east":{"texture":"#0","tintindex":0,"uv":[0.25,11.625,0.3125,11.6875]},"south":{"texture":"#0","tintindex":0,"uv":[8.0,11.25,8.25,11.3125]},"down":{"texture":"#0","tintindex":0,"uv":[11.5,8.125,11.25,8.1875]},"north":{"texture":"#0","tintindex":0,"uv":[11.25,7.875,11.5,7.9375]}},"rotation":{"axis":"y","angle":0.0,"origin":[-2.089693,21.164637,18.077927]}},{"from":[5.6455793,22.509281,12.698759],"to":[6.244995,23.376001,13.844304],"faces":{"up":{"texture":"#0","tintindex":0,"uv":[0.6875,11.6875,0.625,11.625]},"west":{"texture":"#0","tintindex":0,"uv":[11.625,0.5,11.6875,0.5625]},"east":{"texture":"#0","tintindex":0,"uv":[11.625,0.375,11.6875,0.4375]},"south":{"texture":"#0","tintindex":0,"uv":[0.5,11.625,0.5625,11.6875]},"down":{"texture":"#0","tintindex":0,"uv":[11.6875,0.625,11.625,0.6875]},"north":{"texture":"#0","tintindex":0,"uv":[0.375,11.625,0.4375,11.6875]}},"rotation":{"axis":"y","angle":45.0,"origin":[7.2413235,22.962889,13.439292]}},{"from":[1.5392089,14.425247,-0.08278465],"to":[14.450979,16.045296,0.322227],"faces":{"up":{"texture":"#0","tintindex":0,"uv":[9.375,10.6875,8.375,10.625]},"west":{"texture":"#0","tintindex":0,"uv":[9.875,11.5,9.9375,11.625]},"east":{"texture":"#0","tintindex":0,"uv":[11.5,9.75,11.5625,9.875]},"south":{"texture":"#0","tintindex":0,"uv":[9.75,7.5,10.75,7.625]},"down":{"texture":"#0","tintindex":0,"uv":[11.625,8.375,10.625,8.4375]},"north":{"texture":"#0","tintindex":0,"uv":[7.375,7.25,8.375,7.375]}},"rotation":{"axis":"y","angle":0.0,"origin":[7.9950943,15.235271,0.1197176]}},{"from":[1.5392089,14.425247,15.67216],"to":[14.450979,16.045296,16.077171],"faces":{"up":{"texture":"#0","tintindex":0,"uv":[11.625,8.5625,10.625,8.5]},"west":{"texture":"#0","tintindex":0,"uv":[10.0,11.5,10.0625,11.625]},"east":{"texture":"#0","tintindex":0,"uv":[11.5,9.875,11.5625,10.0]},"south":{"texture":"#0","tintindex":0,"uv":[9.875,5.0,10.875,5.125]},"down":{"texture":"#0","tintindex":0,"uv":[11.625,8.625,10.625,8.6875]},"north":{"texture":"#0","tintindex":0,"uv":[9.875,4.875,10.875,5.0]}},"rotation":{"axis":"y","angle":0.0,"origin":[7.9950943,15.235271,7.9971933]}},{"from":[15.670061,14.425247,1.5413084],"to":[16.075073,16.045296,14.453079],"faces":{"up":{"texture":"#0","tintindex":0,"uv":[0.5625,11.625,0.5,10.625]},"west":{"texture":"#0","tintindex":0,"uv":[9.875,6.625,10.875,6.75]},"east":{"texture":"#0","tintindex":0,"uv":[9.875,6.5,10.875,6.625]},"south":{"texture":"#0","tintindex":0,"uv":[10.125,11.5,10.1875,11.625]},"down":{"texture":"#0","tintindex":0,"uv":[0.6875,10.625,0.625,11.625]},"north":{"texture":"#0","tintindex":0,"uv":[11.5,10.0,11.5625,10.125]}},"rotation":{"axis":"y","angle":0.0,"origin":[7.9950943,15.235271,7.9971933]}},{"from":[-0.08488369,14.425247,1.5413084],"to":[0.3201275,16.045296,14.453079],"faces":{"up":{"texture":"#0","tintindex":0,"uv":[3.5625,11.625,3.5,10.625]},"west":{"texture":"#0","tintindex":0,"uv":[9.875,6.875,10.875,7.0]},"east":{"texture":"#0","tintindex":0,"uv":[9.875,6.75,10.875,6.875]},"south":{"texture":"#0","tintindex":0,"uv":[10.25,11.5,10.3125,11.625]},"down":{"texture":"#0","tintindex":0,"uv":[3.6875,10.625,3.625,11.625]},"north":{"texture":"#0","tintindex":0,"uv":[11.5,10.125,11.5625,10.25]}},"rotation":{"axis":"y","angle":0.0,"origin":[7.9950943,15.235271,7.9971933]}},{"from":[12.434019,14.020237,-0.24478626],"to":[14.572481,16.450306,0.322227],"faces":{"up":{"texture":"#0","tintindex":0,"uv":[2.1875,11.4375,2.0,11.375]},"west":{"texture":"#0","tintindex":0,"uv":[11.375,1.875,11.4375,2.0625]},"east":{"texture":"#0","tintindex":0,"uv":[0.25,11.375,0.3125,11.5625]},"south":{"texture":"#0","tintindex":0,"uv":[4.875,11.0,5.0625,11.1875]},"down":{"texture":"#0","tintindex":0,"uv":[11.5625,2.125,11.375,2.1875]},"north":{"texture":"#0","tintindex":0,"uv":[3.0,11.0,3.1875,11.1875]}},"rotation":{"axis":"y","angle":0.0,"origin":[7.954594,15.235271,7.9971933]}},{"from":[1.4177074,14.020237,-0.24478626],"to":[3.5561695,16.450306,0.322227],"faces":{"up":{"texture":"#0","tintindex":0,"uv":[2.5625,11.4375,2.375,11.375]},"west":{"texture":"#0","tintindex":0,"uv":[11.375,2.25,11.4375,2.4375]},"east":{"texture":"#0","tintindex":0,"uv":[2.25,11.375,2.3125,11.5625]},"south":{"texture":"#0","tintindex":0,"uv":[5.375,11.0,5.5625,11.1875]},"down":{"texture":"#0","tintindex":0,"uv":[11.5625,2.5,11.375,2.5625]},"north":{"texture":"#0","tintindex":0,"uv":[5.125,11.0,5.3125,11.1875]}},"rotation":{"axis":"y","angle":0.0,"origin":[8.035595,15.235271,7.9971933]}},{"from":[12.434019,14.020237,15.67216],"to":[14.572481,16.450306,16.239182],"faces":{"up":{"texture":"#0","tintindex":0,"uv":[2.9375,11.4375,2.75,11.375]},"west":{"texture":"#0","tintindex":0,"uv":[11.375,2.625,11.4375,2.8125]},"east":{"texture":"#0","tintindex":0,"uv":[2.625,11.375,2.6875,11.5625]},"south":{"texture":"#0","tintindex":0,"uv":[7.75,11.0,7.9375,11.1875]},"down":{"texture":"#0","tintindex":0,"uv":[11.5625,2.875,11.375,2.9375]},"north":{"texture":"#0","tintindex":0,"uv":[7.25,11.0,7.4375,11.1875]}},"rotation":{"axis":"y","angle":0.0,"origin":[7.954594,15.235271,23.914146]}},{"from":[1.4177074,14.020237,15.67216],"to":[3.5561695,16.450306,16.239182],"faces":{"up":{"texture":"#0","tintindex":0,"uv":[11.5625,3.0625,11.375,3.0]},"west":{"texture":"#0","tintindex":0,"uv":[3.125,11.375,3.1875,11.5625]},"east":{"texture":"#0","tintindex":0,"uv":[3.0,11.375,3.0625,11.5625]},"south":{"texture":"#0","tintindex":0,"uv":[8.25,11.0,8.4375,11.1875]},"down":{"texture":"#0","tintindex":0,"uv":[3.4375,11.375,3.25,11.4375]},"north":{"texture":"#0","tintindex":0,"uv":[8.0,11.0,8.1875,11.1875]}},"rotation":{"axis":"y","angle":0.0,"origin":[8.035595,15.235271,23.914146]}},{"from":[-0.24689293,14.020237,1.419807],"to":[0.3201275,16.450306,3.5582685],"faces":{"up":{"texture":"#0","tintindex":0,"uv":[11.4375,3.9375,11.375,3.75]},"west":{"texture":"#0","tintindex":0,"uv":[8.75,11.0,8.9375,11.1875]},"east":{"texture":"#0","tintindex":0,"uv":[8.5,11.0,8.6875,11.1875]},"south":{"texture":"#0","tintindex":0,"uv":[3.75,11.375,3.8125,11.5625]},"down":{"texture":"#0","tintindex":0,"uv":[3.9375,11.375,3.875,11.5625]},"north":{"texture":"#0","tintindex":0,"uv":[11.375,3.5,11.4375,3.6875]}},"rotation":{"axis":"y","angle":0.0,"origin":[7.9950943,15.235271,7.9971933]}},{"from":[-0.24689293,14.020237,12.436118],"to":[0.3201275,16.450306,14.57458],"faces":{"up":{"texture":"#0","tintindex":0,"uv":[4.1875,11.5625,4.125,11.375]},"west":{"texture":"#0","tintindex":0,"uv":[11.0,10.25,11.1875,10.4375]},"east":{"texture":"#0","tintindex":0,"uv":[9.0,11.0,9.1875,11.1875]},"south":{"texture":"#0","tintindex":0,"uv":[11.375,4.0,11.4375,4.1875]},"down":{"texture":"#0","tintindex":0,"uv":[4.3125,11.375,4.25,11.5625]},"north":{"texture":"#0","tintindex":0,"uv":[4.0,11.375,4.0625,11.5625]}},"rotation":{"axis":"y","angle":0.0,"origin":[7.9950943,15.235271,7.9971933]}},{"from":[15.670061,14.020237,1.419807],"to":[16.237082,16.450306,3.5582685],"faces":{"up":{"texture":"#0","tintindex":0,"uv":[11.4375,4.6875,11.375,4.5]},"west":{"texture":"#0","tintindex":0,"uv":[10.625,11.0,10.8125,11.1875]},"east":{"texture":"#0","tintindex":0,"uv":[10.375,11.0,10.5625,11.1875]},"south":{"texture":"#0","tintindex":0,"uv":[4.375,11.375,4.4375,11.5625]},"down":{"texture":"#0","tintindex":0,"uv":[4.6875,11.375,4.625,11.5625]},"north":{"texture":"#0","tintindex":0,"uv":[11.375,4.25,11.4375,4.4375]}},"rotation":{"axis":"y","angle":0.0,"origin":[7.9950943,15.235271,7.9971933]}},{"from":[15.670061,14.020237,12.436118],"to":[16.237082,16.450306,14.57458],"faces":{"up":{"texture":"#0","tintindex":0,"uv":[5.1875,11.5625,5.125,11.375]},"west":{"texture":"#0","tintindex":0,"uv":[10.875,11.0,11.0625,11.1875]},"east":{"texture":"#0","tintindex":0,"uv":[11.0,10.75,11.1875,10.9375]},"south":{"texture":"#0","tintindex":0,"uv":[11.375,4.75,11.4375,4.9375]},"down":{"texture":"#0","tintindex":0,"uv":[5.3125,11.375,5.25,11.5625]},"north":{"texture":"#0","tintindex":0,"uv":[4.75,11.375,4.8125,11.5625]}},"rotation":{"axis":"y","angle":0.0,"origin":[7.9950943,15.235271,7.9971933]}},{"from":[0.8721175,16.141945,15.67216],"to":[3.1725812,16.95197,16.198673],"faces":{"up":{"texture":"#0","tintindex":0,"uv":[11.5625,5.4375,11.375,5.375]},"west":{"texture":"#0","tintindex":0,"uv":[3.625,11.625,3.6875,11.6875]},"east":{"texture":"#0","tintindex":0,"uv":[3.5,11.625,3.5625,11.6875]},"south":{"texture":"#0","tintindex":0,"uv":[5.375,11.375,5.5625,11.4375]},"down":{"texture":"#0","tintindex":0,"uv":[11.5625,5.5,11.375,5.5625]},"north":{"texture":"#0","tintindex":0,"uv":[11.375,3.25,11.5625,3.3125]}},"rotation":{"axis":"z","angle":-22.5,"origin":[2.1033578,15.736935,15.955669]}},{"from":[1.1882706,13.5492325,15.67216],"to":[3.4887342,14.359257,16.198673],"faces":{"up":{"texture":"#0","tintindex":0,"uv":[6.0625,11.4375,5.875,11.375]},"west":{"texture":"#0","tintindex":0,"uv":[3.75,11.625,3.8125,11.6875]},"east":{"texture":"#0","tintindex":0,"uv":[11.625,3.625,11.6875,3.6875]},"south":{"texture":"#0","tintindex":0,"uv":[11.375,5.75,11.5625,5.8125]},"down":{"texture":"#0","tintindex":0,"uv":[11.5625,5.875,11.375,5.9375]},"north":{"texture":"#0","tintindex":0,"uv":[5.625,11.375,5.8125,11.4375]}},"rotation":{"axis":"z","angle":22.5,"origin":[2.338502,13.954245,15.93542]}},{"from":[12.501454,13.5492325,15.67216],"to":[14.801918,14.359257,16.198673],"faces":{"up":{"texture":"#0","tintindex":0,"uv":[6.5625,11.4375,6.375,11.375]},"west":{"texture":"#0","tintindex":0,"uv":[3.875,11.625,3.9375,11.6875]},"east":{"texture":"#0","tintindex":0,"uv":[11.625,3.75,11.6875,3.8125]},"south":{"texture":"#0","tintindex":0,"uv":[11.375,6.125,11.5625,6.1875]},"down":{"texture":"#0","tintindex":0,"uv":[11.5625,6.375,11.375,6.4375]},"north":{"texture":"#0","tintindex":0,"uv":[6.125,11.375,6.3125,11.4375]}},"rotation":{"axis":"z","angle":-22.5,"origin":[13.651686,13.954245,15.93542]}},{"from":[12.817608,16.141945,15.67216],"to":[15.118071,16.95197,16.198673],"faces":{"up":{"texture":"#0","tintindex":0,"uv":[11.5625,6.9375,11.375,6.875]},"west":{"texture":"#0","tintindex":0,"uv":[4.0,11.625,4.0625,11.6875]},"east":{"texture":"#0","tintindex":0,"uv":[11.625,3.875,11.6875,3.9375]},"south":{"texture":"#0","tintindex":0,"uv":[6.875,11.375,7.0625,11.4375]},"down":{"texture":"#0","tintindex":0,"uv":[11.5625,7.0,11.375,7.0625]},"north":{"texture":"#0","tintindex":0,"uv":[6.625,11.375,6.8125,11.4375]}},"rotation":{"axis":"z","angle":22.5,"origin":[13.886831,15.736935,15.955669]}},{"from":[1.1286206,15.811426,-0.20428658],"to":[3.4290843,16.621449,0.322227],"faces":{"up":{"texture":"#0","tintindex":0,"uv":[11.5625,7.3125,11.375,7.25]},"west":{"texture":"#0","tintindex":0,"uv":[4.125,11.625,4.1875,11.6875]},"east":{"texture":"#0","tintindex":0,"uv":[11.625,4.0,11.6875,4.0625]},"south":{"texture":"#0","tintindex":0,"uv":[11.375,7.125,11.5625,7.1875]},"down":{"texture":"#0","tintindex":0,"uv":[7.5625,11.375,7.375,11.4375]},"north":{"texture":"#0","tintindex":0,"uv":[7.125,11.375,7.3125,11.4375]}},"rotation":{"axis":"z","angle":22.5,"origin":[7.9950943,15.235271,0.058967113]}},{"from":[1.1286206,13.849085,-0.20428658],"to":[3.4290843,14.659109,0.322227],"faces":{"up":{"texture":"#0","tintindex":0,"uv":[8.0625,11.4375,7.875,11.375]},"west":{"texture":"#0","tintindex":0,"uv":[4.375,11.625,4.4375,11.6875]},"east":{"texture":"#0","tintindex":0,"uv":[4.25,11.625,4.3125,11.6875]},"south":{"texture":"#0","tintindex":0,"uv":[7.625,11.375,7.8125,11.4375]},"down":{"texture":"#0","tintindex":0,"uv":[8.3125,11.375,8.125,11.4375]},"north":{"texture":"#0","tintindex":0,"uv":[11.375,7.375,11.5625,7.4375]}},"rotation":{"axis":"z","angle":-22.5,"origin":[7.9950943,15.235271,0.058967113]}},{"from":[12.561104,15.811426,-0.20428658],"to":[14.861568,16.621449,0.322227],"faces":{"up":{"texture":"#0","tintindex":0,"uv":[9.1875,11.4375,9.0,11.375]},"west":{"texture":"#0","tintindex":0,"uv":[11.625,4.5,11.6875,4.5625]},"east":{"texture":"#0","tintindex":0,"uv":[11.625,4.375,11.6875,4.4375]},"south":{"texture":"#0","tintindex":0,"uv":[8.375,11.375,8.5625,11.4375]},"down":{"texture":"#0","tintindex":0,"uv":[11.5625,9.125,11.375,9.1875]},"north":{"texture":"#0","tintindex":0,"uv":[11.375,8.25,11.5625,8.3125]}},"rotation":{"axis":"z","angle":-22.5,"origin":[7.9950943,15.235271,0.058967113]}},{"from":[12.561104,13.849085,-0.20428658],"to":[14.861568,14.659109,0.322227],"faces":{"up":{"texture":"#0","tintindex":0,"uv":[11.5625,10.8125,11.375,10.75]},"west":{"texture":"#0","tintindex":0,"uv":[4.75,11.625,4.8125,11.6875]},"east":{"texture":"#0","tintindex":0,"uv":[4.625,11.625,4.6875,11.6875]},"south":{"texture":"#0","tintindex":0,"uv":[9.75,11.375,9.9375,11.4375]},"down":{"texture":"#0","tintindex":0,"uv":[11.5625,10.875,11.375,10.9375]},"north":{"texture":"#0","tintindex":0,"uv":[9.5,11.375,9.6875,11.4375]}},"rotation":{"axis":"z","angle":22.5,"origin":[7.9950943,15.235271,0.058967113]}},{"from":[-0.20638466,15.811426,1.1307201],"to":[0.3201275,16.621449,3.4311905],"faces":{"up":{"texture":"#0","tintindex":0,"uv":[8.6875,11.5625,8.625,11.375]},"west":{"texture":"#0","tintindex":0,"uv":[11.375,11.25,11.5625,11.3125]},"east":{"texture":"#0","tintindex":0,"uv":[11.125,11.375,11.3125,11.4375]},"south":{"texture":"#0","tintindex":0,"uv":[11.625,5.0,11.6875,5.0625]},"down":{"texture":"#0","tintindex":0,"uv":[11.4375,11.375,11.375,11.5625]},"north":{"texture":"#0","tintindex":0,"uv":[11.625,4.875,11.6875,4.9375]}},"rotation":{"axis":"x","angle":-22.5,"origin":[7.9950943,15.235271,7.9971933]}},{"from":[-0.20638466,13.849085,1.1307201],"to":[0.3201275,14.659109,3.4311905],"faces":{"up":{"texture":"#0","tintindex":0,"uv":[1.5625,11.6875,1.5,11.5]},"west":{"texture":"#0","tintindex":0,"uv":[11.5,0.75,11.6875,0.8125]},"east":{"texture":"#0","tintindex":0,"uv":[0.0,11.5,0.1875,11.5625]},"south":{"texture":"#0","tintindex":0,"uv":[11.625,5.125,11.6875,5.1875]},"down":{"texture":"#0","tintindex":0,"uv":[1.6875,11.5,1.625,11.6875]},"north":{"texture":"#0","tintindex":0,"uv":[5.125,11.625,5.1875,11.6875]}},"rotation":{"axis":"x","angle":22.5,"origin":[7.9950943,15.235271,7.9971933]}},{"from":[-0.20638466,15.811426,12.563204],"to":[0.3201275,16.621449,14.863667],"faces":{"up":{"texture":"#0","tintindex":0,"uv":[11.5625,2.0625,11.5,1.875]},"west":{"texture":"#0","tintindex":0,"uv":[11.5,1.75,11.6875,1.8125]},"east":{"texture":"#0","tintindex":0,"uv":[11.5,1.625,11.6875,1.6875]},"south":{"texture":"#0","tintindex":0,"uv":[11.625,5.25,11.6875,5.3125]},"down":{"texture":"#0","tintindex":0,"uv":[2.0625,11.5,2.0,11.6875]},"north":{"texture":"#0","tintindex":0,"uv":[5.25,11.625,5.3125,11.6875]}},"rotation":{"axis":"x","angle":22.5,"origin":[7.9950943,15.235271,7.9971933]}},{"from":[-0.20638466,13.849085,12.563204],"to":[0.3201275,14.659109,14.863667],"faces":{"up":{"texture":"#0","tintindex":0,"uv":[2.1875,11.6875,2.125,11.5]},"west":{"texture":"#0","tintindex":0,"uv":[2.375,11.5,2.5625,11.5625]},"east":{"texture":"#0","tintindex":0,"uv":[11.5,2.25,11.6875,2.3125]},"south":{"texture":"#0","tintindex":0,"uv":[11.625,5.375,11.6875,5.4375]},"down":{"texture":"#0","tintindex":0,"uv":[11.5625,2.625,11.5,2.8125]},"north":{"texture":"#0","tintindex":0,"uv":[5.375,11.625,5.4375,11.6875]}},"rotation":{"axis":"x","angle":-22.5,"origin":[7.9950943,15.235271,7.9971933]}},{"from":[15.670061,15.811426,1.1307201],"to":[16.196575,16.621449,3.4311905],"faces":{"up":{"texture":"#0","tintindex":0,"uv":[3.3125,11.6875,3.25,11.5]},"west":{"texture":"#0","tintindex":0,"uv":[2.75,11.5,2.9375,11.5625]},"east":{"texture":"#0","tintindex":0,"uv":[11.5,2.375,11.6875,2.4375]},"south":{"texture":"#0","tintindex":0,"uv":[11.625,5.5,11.6875,5.5625]},"down":{"texture":"#0","tintindex":0,"uv":[3.4375,11.5,3.375,11.6875]},"north":{"texture":"#0","tintindex":0,"uv":[5.5,11.625,5.5625,11.6875]}},"rotation":{"axis":"x","angle":-22.5,"origin":[7.9950943,15.235271,7.9971933]}},{"from":[15.670061,13.849085,1.1307201],"to":[16.196575,14.659109,3.4311905],"faces":{"up":{"texture":"#0","tintindex":0,"uv":[11.5625,3.8125,11.5,3.625]},"west":{"texture":"#0","tintindex":0,"uv":[11.5,3.5,11.6875,3.5625]},"east":{"texture":"#0","tintindex":0,"uv":[11.5,3.375,11.6875,3.4375]},"south":{"texture":"#0","tintindex":0,"uv":[5.75,11.625,5.8125,11.6875]},"down":{"texture":"#0","tintindex":0,"uv":[11.5625,3.875,11.5,4.0625]},"north":{"texture":"#0","tintindex":0,"uv":[5.625,11.625,5.6875,11.6875]}},"rotation":{"axis":"x","angle":22.5,"origin":[7.9950943,15.235271,7.9971933]}},{"from":[15.670061,15.811426,12.563204],"to":[16.196575,16.621449,14.863667],"faces":{"up":{"texture":"#0","tintindex":0,"uv":[11.5625,4.5625,11.5,4.375]},"west":{"texture":"#0","tintindex":0,"uv":[11.5,4.25,11.6875,4.3125]},"east":{"texture":"#0","tintindex":0,"uv":[11.5,4.125,11.6875,4.1875]},"south":{"texture":"#0","tintindex":0,"uv":[11.625,5.875,11.6875,5.9375]},"down":{"texture":"#0","tintindex":0,"uv":[4.5625,11.5,4.5,11.6875]},"north":{"texture":"#0","tintindex":0,"uv":[11.625,5.75,11.6875,5.8125]}},"rotation":{"axis":"x","angle":22.5,"origin":[7.9950943,15.235271,7.9971933]}},{"from":[15.670061,13.849085,12.563204],"to":[16.196575,14.659109,14.863667],"faces":{"up":{"texture":"#0","tintindex":0,"uv":[4.9375,11.6875,4.875,11.5]},"west":{"texture":"#0","tintindex":0,"uv":[11.5,4.75,11.6875,4.8125]},"east":{"texture":"#0","tintindex":0,"uv":[11.5,4.625,11.6875,4.6875]},"south":{"texture":"#0","tintindex":0,"uv":[11.625,6.25,11.6875,6.3125]},"down":{"texture":"#0","tintindex":0,"uv":[11.5625,4.875,11.5,5.0625]},"north":{"texture":"#0","tintindex":0,"uv":[11.625,6.125,11.6875,6.1875]}},"rotation":{"axis":"x","angle":-22.5,"origin":[7.9950943,15.235271,7.9971933]}},{"from":[-1.731144,8.026067,8.089894],"to":[7.5355206,22.606478,8.089894],"faces":{"up":{"texture":"#1","tintindex":0,"uv":[6.75,0.0,0.0,0.0]},"west":{"texture":"#1","tintindex":0,"uv":[0.0,0.0,0.0,5.0]},"east":{"texture":"#1","tintindex":0,"uv":[0.0,0.0,0.0,5.0]},"south":{"texture":"#1","tintindex":0,"uv":[6.75,0.0,3.75,5.0]},"down":{"texture":"#1","tintindex":0,"uv":[6.75,0.0,0.0,0.0]},"north":{"texture":"#1","tintindex":0,"uv":[3.75,0.0,6.75,5.0]}},"rotation":{"axis":"y","angle":-45.0,"origin":[8.067421,15.316273,8.065905]}},{"from":[8.407221,8.026067,8.010329],"to":[17.673885,22.606478,8.010329],"faces":{"up":{"texture":"#1","tintindex":0,"uv":[6.75,0.0,0.0,0.0]},"west":{"texture":"#1","tintindex":0,"uv":[0.0,0.0,0.0,5.0]},"east":{"texture":"#1","tintindex":0,"uv":[0.0,0.0,0.0,5.0]},"south":{"texture":"#1","tintindex":0,"uv":[10.175,0.0,7.0,5.0]},"down":{"texture":"#1","tintindex":0,"uv":[6.75,0.0,0.0,0.0]},"north":{"texture":"#1","tintindex":0,"uv":[7.0,0.0,10.175,5.0]}},"rotation":{"axis":"y","angle":45.0,"origin":[7.977913,15.316273,8.010329]}},{"from":[-1.7468815,7.9288616,6.80254],"to":[17.69138,8.698035,9.184004],"faces":{"up":{"texture":"#0","tintindex":0,"uv":[9.5625,5.3125,7.875,5.125]},"west":{"texture":"#0","tintindex":0,"uv":[11.375,0.375,11.5625,0.4375]},"east":{"texture":"#0","tintindex":0,"uv":[11.375,0.25,11.5625,0.3125]},"south":{"texture":"#0","tintindex":0,"uv":[10.125,1.5,11.8125,1.5625]},"down":{"texture":"#0","tintindex":0,"uv":[9.5625,5.375,7.875,5.5625]},"north":{"texture":"#0","tintindex":0,"uv":[10.125,1.375,11.8125,1.4375]}},"rotation":{"axis":"y","angle":45.0,"origin":[7.9950943,15.236073,7.993578]}},{"from":[-1.539052,8.026067,8.121472],"to":[7.7276134,22.606478,8.121472],"faces":{"up":{"texture":"#1","tintindex":0,"uv":[0.0,0.0,6.75,0.0]},"west":{"texture":"#1","tintindex":0,"uv":[0.0,0.0,0.0,5.0]},"east":{"texture":"#1","tintindex":0,"uv":[0.0,0.0,0.0,5.0]},"south":{"texture":"#1","tintindex":0,"uv":[7.0,0.0,10.175,5.0]},"down":{"texture":"#1","tintindex":0,"uv":[0.0,0.0,6.75,0.0]},"north":{"texture":"#1","tintindex":0,"uv":[10.175,0.0,7.0,5.0]}},"rotation":{"axis":"y","angle":45.0,"origin":[8.156921,15.316273,8.121472]}},{"from":[8.59932,8.026067,8.041907],"to":[17.865978,22.606478,8.041907],"faces":{"up":{"texture":"#1","tintindex":0,"uv":[0.0,0.0,6.75,0.0]},"west":{"texture":"#1","tintindex":0,"uv":[0.0,0.0,0.0,5.0]},"east":{"texture":"#1","tintindex":0,"uv":[0.0,0.0,0.0,5.0]},"south":{"texture":"#1","tintindex":0,"uv":[3.75,0.0,6.75,5.0]},"down":{"texture":"#1","tintindex":0,"uv":[0.0,0.0,6.75,0.0]},"north":{"texture":"#1","tintindex":0,"uv":[6.75,0.0,3.75,5.0]}},"rotation":{"axis":"y","angle":-45.0,"origin":[8.067421,15.316273,8.065905]}}],"display":{"head":{"rotation":[0.0,180.0,0.0]}}}