{"textures":{"0":"bil:item/filament/model/crate_1.bbmodel/crate_1","particle":"bil:item/filament/model/crate_1.bbmodel/crate_1"},"elements":[{"from":[5.0235195,15.400331,5.0624995],"to":[10.9764805,17.88073,11.01546],"faces":{"up":{"texture":"#0","tintindex":0,"uv":[5.5,10.125,5.125,9.75]},"west":{"texture":"#0","tintindex":0,"uv":[5.25,10.5,5.625,10.6875]},"east":{"texture":"#0","tintindex":0,"uv":[4.875,10.5,5.25,10.6875]},"south":{"texture":"#0","tintindex":0,"uv":[10.5,5.125,10.875,5.3125]},"down":{"texture":"#0","tintindex":0,"uv":[5.875,9.75,5.5,10.125]},"north":{"texture":"#0","tintindex":0,"uv":[5.875,10.375,6.25,10.5625]}},"rotation":{"axis":"y","angle":0.0,"origin":[8.0,17.868332,8.03898]}},{"from":[4.527439,17.88073,4.5664196],"to":[11.472559,26.26448,11.511539],"faces":{"up":{"texture":"#0","tintindex":0,"uv":[5.9375,9.6875,5.5,9.25]},"west":{"texture":"#0","tintindex":0,"uv":[0.0,9.125,0.4375,9.625]},"east":{"texture":"#0","tintindex":0,"uv":[3.75,9.0,4.1875,9.5]},"south":{"texture":"#0","tintindex":0,"uv":[9.0,8.625,9.4375,9.125]},"down":{"texture":"#0","tintindex":0,"uv":[6.4375,9.25,6.0,9.6875]},"north":{"texture":"#0","tintindex":0,"uv":[6.75,8.875,7.1875,9.375]}},"rotation":{"axis":"y","angle":0.0,"origin":[8.0,17.868332,8.03898]}},{"from":[4.527439,7.9591303,6.05466],"to":[5.5196,10.43953,10.0233],"faces":{"up":{"texture":"#0","tintindex":0,"uv":[11.3125,4.0,11.25,3.75]},"west":{"texture":"#0","tintindex":0,"uv":[7.25,10.75,7.5,10.9375]},"east":{"texture":"#0","tintindex":0,"uv":[5.375,10.75,5.625,10.9375]},"south":{"texture":"#0","tintindex":0,"uv":[10.375,11.25,10.4375,11.4375]},"down":{"texture":"#0","tintindex":0,"uv":[11.3125,4.0,11.25,4.25]},"north":{"texture":"#0","tintindex":0,"uv":[10.0,11.25,10.0625,11.4375]}},"rotation":{"axis":"z","angle":22.5,"origin":[5.0235195,9.19933,8.03898]}},{"from":[4.090599,10.15528,6.0050497],"to":[5.08276,12.883719,10.072909],"faces":{"up":{"texture":"#0","tintindex":0,"uv":[11.3125,4.5,11.25,4.25]},"west":{"texture":"#0","tintindex":0,"uv":[8.125,10.75,8.375,10.9375]},"east":{"texture":"#0","tintindex":0,"uv":[7.875,10.75,8.125,10.9375]},"south":{"texture":"#0","tintindex":0,"uv":[10.625,11.25,10.6875,11.4375]},"down":{"texture":"#0","tintindex":0,"uv":[4.5625,11.25,4.5,11.5]},"north":{"texture":"#0","tintindex":0,"uv":[10.5,11.25,10.5625,11.4375]}},"rotation":{"axis":"y","angle":0.0,"origin":[4.5866795,11.39548,8.03898]}},{"from":[10.4804,7.9591303,6.05466],"to":[11.472559,10.43953,10.0233],"faces":{"up":{"texture":"#0","tintindex":0,"uv":[11.3125,4.75,11.25,4.5]},"west":{"texture":"#0","tintindex":0,"uv":[8.625,10.75,8.875,10.9375]},"east":{"texture":"#0","tintindex":0,"uv":[8.375,10.75,8.625,10.9375]},"south":{"texture":"#0","tintindex":0,"uv":[11.25,10.75,11.3125,10.9375]},"down":{"texture":"#0","tintindex":0,"uv":[11.3125,4.75,11.25,5.0]},"north":{"texture":"#0","tintindex":0,"uv":[10.75,11.25,10.8125,11.4375]}},"rotation":{"axis":"z","angle":-22.5,"origin":[10.9764805,9.19933,8.03898]}},{"from":[10.91724,10.15528,6.0050497],"to":[11.909399,12.883719,10.072909],"faces":{"up":{"texture":"#0","tintindex":0,"uv":[4.9375,11.5,4.875,11.25]},"west":{"texture":"#0","tintindex":0,"uv":[9.125,10.75,9.375,10.9375]},"east":{"texture":"#0","tintindex":0,"uv":[8.875,10.75,9.125,10.9375]},"south":{"texture":"#0","tintindex":0,"uv":[11.0,11.25,11.0625,11.4375]},"down":{"texture":"#0","tintindex":0,"uv":[5.0625,11.25,5.0,11.5]},"north":{"texture":"#0","tintindex":0,"uv":[10.875,11.25,10.9375,11.4375]}},"rotation":{"axis":"y","angle":0.0,"origin":[11.413321,11.39548,8.03898]}},{"from":[4.0313587,12.87032,4.0703397],"to":[11.968639,15.35072,12.00762],"faces":{"up":{"texture":"#0","tintindex":0,"uv":[5.25,8.875,4.75,8.375]},"west":{"texture":"#0","tintindex":0,"uv":[10.375,3.25,10.875,3.4375]},"east":{"texture":"#0","tintindex":0,"uv":[10.0,10.25,10.5,10.4375]},"south":{"texture":"#0","tintindex":0,"uv":[10.25,10.0,10.75,10.1875]},"down":{"texture":"#0","tintindex":0,"uv":[5.75,8.375,5.25,8.875]},"north":{"texture":"#0","tintindex":0,"uv":[10.25,9.625,10.75,9.8125]}},"rotation":{"axis":"y","angle":0.0,"origin":[8.0,8.455211,8.03898]}},{"from":[4.527439,10.43953,4.5664196],"to":[11.472559,12.87032,11.511539],"faces":{"up":{"texture":"#0","tintindex":0,"uv":[9.6875,6.4375,9.25,6.0]},"west":{"texture":"#0","tintindex":0,"uv":[1.0,10.75,1.4375,10.875]},"east":{"texture":"#0","tintindex":0,"uv":[10.75,0.625,11.1875,0.75]},"south":{"texture":"#0","tintindex":0,"uv":[10.75,0.75,11.1875,0.875]},"down":{"texture":"#0","tintindex":0,"uv":[7.9375,9.25,7.5,9.6875]},"north":{"texture":"#0","tintindex":0,"uv":[10.75,0.5,11.1875,0.625]}},"rotation":{"axis":"y","angle":0.0,"origin":[8.0,8.455211,8.03898]}},{"from":[5.0235195,7.9591303,5.0624995],"to":[10.9764805,10.43953,11.01546],"faces":{"up":{"texture":"#0","tintindex":0,"uv":[6.25,10.125,5.875,9.75]},"west":{"texture":"#0","tintindex":0,"uv":[10.5,6.125,10.875,6.3125]},"east":{"texture":"#0","tintindex":0,"uv":[10.5,5.625,10.875,5.8125]},"south":{"texture":"#0","tintindex":0,"uv":[10.5,5.875,10.875,6.0625]},"down":{"texture":"#0","tintindex":0,"uv":[10.125,5.875,9.75,6.25]},"north":{"texture":"#0","tintindex":0,"uv":[10.5,5.375,10.875,5.5625]}},"rotation":{"axis":"y","angle":0.0,"origin":[8.0,5.9748106,8.03898]}},{"from":[6.511759,15.896411,4.3679895],"to":[9.488239,25.818008,5.0624995],"faces":{"up":{"texture":"#0","tintindex":0,"uv":[11.4375,10.4375,11.25,10.375]},"west":{"texture":"#0","tintindex":0,"uv":[1.625,10.875,1.6875,11.5]},"east":{"texture":"#0","tintindex":0,"uv":[1.5,10.875,1.5625,11.5]},"south":{"texture":"#0","tintindex":0,"uv":[1.0,9.875,1.1875,10.5]},"down":{"texture":"#0","tintindex":0,"uv":[11.3125,11.25,11.125,11.3125]},"north":{"texture":"#0","tintindex":0,"uv":[7.75,9.75,7.9375,10.375]}},"rotation":{"axis":"y","angle":0.0,"origin":[8.0,17.868332,8.03898]}},{"from":[4.0313587,15.846801,5.85623],"to":[11.968639,26.76056,10.221729],"faces":{"up":{"texture":"#0","tintindex":0,"uv":[10.375,3.75,9.875,3.5]},"west":{"texture":"#0","tintindex":0,"uv":[8.0,9.25,8.25,9.9375]},"east":{"texture":"#0","tintindex":0,"uv":[6.5,9.25,6.75,9.9375]},"south":{"texture":"#0","tintindex":0,"uv":[4.875,7.625,5.375,8.3125]},"down":{"texture":"#0","tintindex":0,"uv":[10.375,3.75,9.875,4.0]},"north":{"texture":"#0","tintindex":0,"uv":[4.375,7.625,4.875,8.3125]}},"rotation":{"axis":"y","angle":0.0,"origin":[8.0,8.455211,8.03898]}},{"from":[5.5196,26.26448,5.55858],"to":[10.4804,27.653511,10.51938],"faces":{"up":{"texture":"#0","tintindex":0,"uv":[10.4375,1.9375,10.125,1.625]},"west":{"texture":"#0","tintindex":0,"uv":[11.125,11.125,11.4375,11.1875]},"east":{"texture":"#0","tintindex":0,"uv":[11.125,10.5,11.4375,10.5625]},"south":{"texture":"#0","tintindex":0,"uv":[11.125,11.0,11.4375,11.0625]},"down":{"texture":"#0","tintindex":0,"uv":[2.6875,10.125,2.375,10.4375]},"north":{"texture":"#0","tintindex":0,"uv":[11.125,10.125,11.4375,10.1875]}},"rotation":{"axis":"y","angle":0.0,"origin":[8.0,17.868332,8.03898]}},{"from":[5.81752,27.900951,5.90584],"to":[7.603409,28.694683,10.17212],"faces":{"up":{"texture":"#0","tintindex":0,"uv":[4.625,11.25,4.5,11.0]},"west":{"texture":"#0","tintindex":0,"uv":[11.25,5.0,11.5,5.0625]},"east":{"texture":"#0","tintindex":0,"uv":[11.25,3.375,11.5,3.4375]},"south":{"texture":"#0","tintindex":0,"uv":[11.5,8.125,11.625,8.1875]},"down":{"texture":"#0","tintindex":0,"uv":[9.375,11.0,9.25,11.25]},"north":{"texture":"#0","tintindex":0,"uv":[8.125,11.5,8.25,11.5625]}},"rotation":{"axis":"z","angle":22.5,"origin":[9.7861595,23.2378,8.03898]}},{"from":[8.396589,27.900951,5.90584],"to":[10.18248,28.694683,10.17212],"faces":{"up":{"texture":"#0","tintindex":0,"uv":[11.25,4.0,11.125,3.75]},"west":{"texture":"#0","tintindex":0,"uv":[11.25,5.125,11.5,5.1875]},"east":{"texture":"#0","tintindex":0,"uv":[5.125,11.25,5.375,11.3125]},"south":{"texture":"#0","tintindex":0,"uv":[8.375,11.5,8.5,11.5625]},"down":{"texture":"#0","tintindex":0,"uv":[4.125,11.125,4.0,11.375]},"north":{"texture":"#0","tintindex":0,"uv":[8.25,11.5,8.375,11.5625]}},"rotation":{"axis":"z","angle":-22.5,"origin":[6.2138405,23.2378,8.03898]}}],"display":{"head":{"rotation":[0.0,180.0,0.0]}}}