{"textures":{"0":"bil:item/filament/model/crate_1.bbmodel/crate_1","particle":"bil:item/filament/model/crate_1.bbmodel/crate_1"},"elements":[{"from":[6.0235195,7.5039215,6.02352],"to":[9.9764805,8.49608,9.97648],"faces":{"up":{"texture":"#0","tintindex":0,"uv":[14.625,6.8125,14.25,6.4375]},"west":{"texture":"#0","tintindex":0,"uv":[15.625,11.5625,16.0,11.625]},"east":{"texture":"#0","tintindex":0,"uv":[15.625,11.3125,16.0,11.375]},"south":{"texture":"#0","tintindex":0,"uv":[15.625,11.4375,16.0,11.5]},"down":{"texture":"#0","tintindex":0,"uv":[14.625,9.3125,14.25,9.6875]},"north":{"texture":"#0","tintindex":0,"uv":[11.0,15.9375,11.375,16.0]}},"rotation":{"axis":"y","angle":0.0,"origin":[7.007839,5.0156803,22.8824]}}],"display":{"head":{"rotation":[0.0,180.0,0.0]}}}