{"textures":{"0":"bil:item/filament/model/crate_1.bbmodel/crate_1","particle":"bil:item/filament/model/crate_1.bbmodel/crate_1"},"elements":[{"from":[-2.9981956,8.072704,1.5711594],"to":[15.7584095,9.573233,13.575386],"faces":{"up":{"texture":"#0","tintindex":0,"uv":[6.5,2.0,3.375,0.0]},"west":{"texture":"#0","tintindex":0,"uv":[3.75,7.375,5.75,7.625]},"east":{"texture":"#0","tintindex":0,"uv":[7.25,6.0,9.25,6.25]},"south":{"texture":"#0","tintindex":0,"uv":[6.5,2.25,9.625,2.5]},"down":{"texture":"#0","tintindex":0,"uv":[6.5,2.0,3.375,4.0]},"north":{"texture":"#0","tintindex":0,"uv":[6.5,2.0,9.625,2.25]}},"rotation":{"axis":"y","angle":0.0,"origin":[2.2536535,8.8229685,2.3214235]}},{"from":[15.7584095,8.072704,3.8219519],"to":[18.009201,9.573233,13.575386],"faces":{"up":{"texture":"#0","tintindex":0,"uv":[2.125,8.5,1.75,6.875]},"west":{"texture":"#0","tintindex":0,"uv":[7.5,0.25,9.125,0.5]},"east":{"texture":"#0","tintindex":0,"uv":[7.5,0.0,9.125,0.25]},"south":{"texture":"#0","tintindex":0,"uv":[10.125,5.75,10.5,6.0]},"down":{"texture":"#0","tintindex":0,"uv":[2.5,6.875,2.125,8.5]},"north":{"texture":"#0","tintindex":0,"uv":[10.125,5.5,10.5,5.75]}},"rotation":{"axis":"y","angle":0.0,"origin":[2.2536535,8.8229685,2.3214235]}},{"from":[17.210571,8.091461,0.93857765],"to":[19.536388,9.554475,4.1216803],"faces":{"up":{"texture":"#0","tintindex":0,"uv":[5.75,8.125,5.375,7.625]},"west":{"texture":"#0","tintindex":0,"uv":[9.75,9.625,10.25,9.875]},"east":{"texture":"#0","tintindex":0,"uv":[8.75,9.75,9.25,10.0]},"south":{"texture":"#0","tintindex":0,"uv":[10.125,6.0,10.5,6.25]},"down":{"texture":"#0","tintindex":0,"uv":[1.375,9.375,1.0,9.875]},"north":{"texture":"#0","tintindex":0,"uv":[5.875,10.125,6.25,10.375]}},"rotation":{"axis":"y","angle":45.0,"origin":[18.410994,8.8229685,5.8152947]}},{"from":[14.070314,9.573233,9.636499],"to":[17.821636,11.448893,13.38782],"faces":{"up":{"texture":"#0","tintindex":0,"uv":[8.125,1.125,7.5,0.5]},"west":{"texture":"#0","tintindex":0,"uv":[8.75,9.125,9.375,9.4375]},"east":{"texture":"#0","tintindex":0,"uv":[9.125,4.0,9.75,4.3125]},"south":{"texture":"#0","tintindex":0,"uv":[9.125,7.25,9.75,7.5625]},"down":{"texture":"#0","tintindex":0,"uv":[8.125,1.125,7.5,1.75]},"north":{"texture":"#0","tintindex":0,"uv":[9.125,1.125,9.75,1.4375]}},"rotation":{"axis":"y","angle":0.0,"origin":[15.945974,10.323497,11.512159]}},{"from":[14.070314,12.011591,9.636499],"to":[17.821636,12.574289,13.38782],"faces":{"up":{"texture":"#0","tintindex":0,"uv":[8.125,4.625,7.5,4.0]},"west":{"texture":"#0","tintindex":0,"uv":[10.5,1.875,11.125,2.0]},"east":{"texture":"#0","tintindex":0,"uv":[8.125,1.625,8.75,1.75]},"south":{"texture":"#0","tintindex":0,"uv":[8.125,4.5,8.75,4.625]},"down":{"texture":"#0","tintindex":0,"uv":[4.375,7.625,3.75,8.25]},"north":{"texture":"#0","tintindex":0,"uv":[7.25,3.375,7.875,3.5]}},"rotation":{"axis":"y","angle":0.0,"origin":[15.945974,11.073761,11.512159]}},{"from":[14.445446,11.073761,10.011631],"to":[17.446503,12.011591,13.012688],"faces":{"up":{"texture":"#0","tintindex":0,"uv":[3.0,6.125,2.5,5.625]},"west":{"texture":"#0","tintindex":0,"uv":[10.125,8.625,10.625,8.8125]},"east":{"texture":"#0","tintindex":0,"uv":[10.125,8.125,10.625,8.3125]},"south":{"texture":"#0","tintindex":0,"uv":[10.125,8.375,10.625,8.5625]},"down":{"texture":"#0","tintindex":0,"uv":[8.75,7.625,8.25,8.125]},"north":{"texture":"#0","tintindex":0,"uv":[10.125,7.875,10.625,8.0625]}},"rotation":{"axis":"y","angle":0.0,"origin":[15.945974,10.323497,11.512159]}},{"from":[14.070314,9.573233,4.38465],"to":[17.821636,10.135931,9.636499],"faces":{"up":{"texture":"#0","tintindex":0,"uv":[7.875,3.375,7.25,2.5]},"west":{"texture":"#0","tintindex":0,"uv":[2.375,10.0,3.25,10.125]},"east":{"texture":"#0","tintindex":0,"uv":[10.0,1.0,10.875,1.125]},"south":{"texture":"#0","tintindex":0,"uv":[10.5,2.5,11.125,2.625]},"down":{"texture":"#0","tintindex":0,"uv":[7.875,5.125,7.25,6.0]},"north":{"texture":"#0","tintindex":0,"uv":[2.0,10.5,2.625,10.625]}},"rotation":{"axis":"y","angle":0.0,"origin":[15.945974,10.323497,11.512159]}},{"from":[14.82058,9.498207,3.634386],"to":[17.071373,10.135931,4.38465],"faces":{"up":{"texture":"#0","tintindex":0,"uv":[1.875,10.875,1.5,10.75]},"west":{"texture":"#0","tintindex":0,"uv":[4.25,9.0,4.375,9.125]},"east":{"texture":"#0","tintindex":0,"uv":[1.875,9.0,2.0,9.125]},"south":{"texture":"#0","tintindex":0,"uv":[5.875,10.625,6.25,10.75]},"down":{"texture":"#0","tintindex":0,"uv":[2.25,10.75,1.875,10.875]},"north":{"texture":"#0","tintindex":0,"uv":[8.375,7.25,8.75,7.375]}},"rotation":{"axis":"y","angle":0.0,"origin":[15.945974,10.323497,11.512159]}},{"from":[16.824966,9.498207,3.4789991],"to":[17.885998,11.055003,4.229264],"faces":{"up":{"texture":"#0","tintindex":0,"uv":[3.5625,9.75,3.375,9.625]},"west":{"texture":"#0","tintindex":0,"uv":[8.25,8.875,8.375,9.125]},"east":{"texture":"#0","tintindex":0,"uv":[8.75,7.875,8.875,8.125]},"south":{"texture":"#0","tintindex":0,"uv":[6.5,10.625,6.6875,10.875]},"down":{"texture":"#0","tintindex":0,"uv":[1.8125,10.125,1.625,10.25]},"north":{"texture":"#0","tintindex":0,"uv":[8.0,10.0,8.1875,10.25]}},"rotation":{"axis":"y","angle":-45.0,"origin":[16.760603,10.886194,3.8541317]}},{"from":[14.82058,10.511063,3.634386],"to":[17.071373,11.073761,4.38465],"faces":{"up":{"texture":"#0","tintindex":0,"uv":[3.375,10.875,3.0,10.75]},"west":{"texture":"#0","tintindex":0,"uv":[0.5,9.125,0.625,9.25]},"east":{"texture":"#0","tintindex":0,"uv":[9.125,0.375,9.25,0.5]},"south":{"texture":"#0","tintindex":0,"uv":[2.625,10.75,3.0,10.875]},"down":{"texture":"#0","tintindex":0,"uv":[4.625,10.75,4.25,10.875]},"north":{"texture":"#0","tintindex":0,"uv":[2.25,10.75,2.625,10.875]}},"rotation":{"axis":"y","angle":0.0,"origin":[15.945974,11.261327,11.512159]}},{"from":[14.005951,9.498207,3.4789991],"to":[15.066984,11.055003,4.229264],"faces":{"up":{"texture":"#0","tintindex":0,"uv":[5.8125,11.25,5.625,11.125]},"west":{"texture":"#0","tintindex":0,"uv":[9.125,1.5,9.25,1.75]},"east":{"texture":"#0","tintindex":0,"uv":[7.5,9.0,7.625,9.25]},"south":{"texture":"#0","tintindex":0,"uv":[5.125,10.75,5.3125,11.0]},"down":{"texture":"#0","tintindex":0,"uv":[11.3125,5.75,11.125,5.875]},"north":{"texture":"#0","tintindex":0,"uv":[4.875,10.75,5.0625,11.0]}},"rotation":{"axis":"y","angle":45.0,"origin":[15.131348,10.886194,3.8541317]}},{"from":[14.070314,10.511063,4.38465],"to":[17.821636,11.073761,9.636499],"faces":{"up":{"texture":"#0","tintindex":0,"uv":[3.125,8.25,2.5,7.375]},"west":{"texture":"#0","tintindex":0,"uv":[10.0,9.25,10.875,9.375]},"east":{"texture":"#0","tintindex":0,"uv":[10.0,9.125,10.875,9.25]},"south":{"texture":"#0","tintindex":0,"uv":[10.5,2.625,11.125,2.75]},"down":{"texture":"#0","tintindex":0,"uv":[3.75,7.375,3.125,8.25]},"north":{"texture":"#0","tintindex":0,"uv":[2.625,10.5,3.25,10.625]}},"rotation":{"axis":"y","angle":0.0,"origin":[15.945974,11.261327,11.512159]}},{"from":[16.89212,10.090071,3.3238287],"to":[18.034218,10.556204,4.1314125],"faces":{"up":{"texture":"#0","tintindex":0,"uv":[6.0625,11.25,5.875,11.125]},"west":{"texture":"#0","tintindex":0,"uv":[11.5,6.75,11.625,6.8125]},"east":{"texture":"#0","tintindex":0,"uv":[11.5,6.25,11.625,6.3125]},"south":{"texture":"#0","tintindex":0,"uv":[9.5,11.25,9.6875,11.3125]},"down":{"texture":"#0","tintindex":0,"uv":[11.3125,5.875,11.125,6.0]},"north":{"texture":"#0","tintindex":0,"uv":[11.25,9.0,11.4375,9.0625]}},"rotation":{"axis":"y","angle":-45.0,"origin":[16.822842,10.713318,3.7276206]}},{"from":[14.734599,10.090071,3.4910836],"to":[17.15735,10.557636,4.298671],"faces":{"up":{"texture":"#0","tintindex":0,"uv":[6.25,10.875,5.875,10.75]},"west":{"texture":"#0","tintindex":0,"uv":[7.125,11.5,7.25,11.5625]},"east":{"texture":"#0","tintindex":0,"uv":[7.0,11.5,7.125,11.5625]},"south":{"texture":"#0","tintindex":0,"uv":[6.125,11.125,6.5,11.1875]},"down":{"texture":"#0","tintindex":0,"uv":[11.125,7.5,10.75,7.625]},"north":{"texture":"#0","tintindex":0,"uv":[11.125,6.0,11.5,6.0625]}},"rotation":{"axis":"y","angle":0.0,"origin":[15.945974,11.11711,11.970722]}},{"from":[13.857734,10.090071,3.3238287],"to":[14.999831,10.556204,4.1314125],"faces":{"up":{"texture":"#0","tintindex":0,"uv":[11.3125,6.25,11.125,6.125]},"west":{"texture":"#0","tintindex":0,"uv":[7.375,11.5,7.5,11.5625]},"east":{"texture":"#0","tintindex":0,"uv":[7.25,11.5,7.375,11.5625]},"south":{"texture":"#0","tintindex":0,"uv":[11.25,10.25,11.4375,10.3125]},"down":{"texture":"#0","tintindex":0,"uv":[11.3125,6.375,11.125,6.5]},"north":{"texture":"#0","tintindex":0,"uv":[9.75,11.25,9.9375,11.3125]}},"rotation":{"axis":"y","angle":45.0,"origin":[15.069109,10.713318,3.7276206]}},{"from":[13.9270115,10.090071,4.298671],"to":[17.964937,10.557636,9.651653],"faces":{"up":{"texture":"#0","tintindex":0,"uv":[7.1875,3.4375,6.5,2.5]},"west":{"texture":"#0","tintindex":0,"uv":[9.375,10.625,10.3125,10.6875]},"east":{"texture":"#0","tintindex":0,"uv":[10.625,8.75,11.5625,8.8125]},"south":{"texture":"#0","tintindex":0,"uv":[10.875,1.0,11.5625,1.0625]},"down":{"texture":"#0","tintindex":0,"uv":[1.6875,6.875,1.0,7.8125]},"north":{"texture":"#0","tintindex":0,"uv":[0.75,10.875,1.4375,10.9375]}},"rotation":{"axis":"y","angle":0.0,"origin":[15.945974,11.11711,11.970722]}},{"from":[13.32005,9.573233,9.936605],"to":[14.070314,10.323497,13.38782],"faces":{"up":{"texture":"#0","tintindex":0,"uv":[1.75,8.4375,1.625,7.875]},"west":{"texture":"#0","tintindex":0,"uv":[10.5,2.875,11.0625,3.0]},"east":{"texture":"#0","tintindex":0,"uv":[10.5,2.75,11.0625,2.875]},"south":{"texture":"#0","tintindex":0,"uv":[9.625,5.875,9.75,6.0]},"down":{"texture":"#0","tintindex":0,"uv":[1.375,9.875,1.25,10.4375]},"north":{"texture":"#0","tintindex":0,"uv":[3.625,9.375,3.75,9.5]}},"rotation":{"axis":"y","angle":0.0,"origin":[15.945974,10.323497,11.512159]}},{"from":[13.32005,9.573233,8.436077],"to":[14.070314,10.079662,9.936605],"faces":{"up":{"texture":"#0","tintindex":0,"uv":[2.5,9.375,2.375,9.125]},"west":{"texture":"#0","tintindex":0,"uv":[11.25,1.625,11.5,1.6875]},"east":{"texture":"#0","tintindex":0,"uv":[11.25,0.75,11.5,0.8125]},"south":{"texture":"#0","tintindex":0,"uv":[11.5,7.5,11.625,7.5625]},"down":{"texture":"#0","tintindex":0,"uv":[9.25,4.375,9.125,4.625]},"north":{"texture":"#0","tintindex":0,"uv":[7.5,11.5,7.625,11.5625]}},"rotation":{"axis":"y","angle":0.0,"origin":[15.945974,10.323497,11.512159]}},{"from":[14.332907,12.386723,4.947348],"to":[17.559044,13.136988,7.760839],"faces":{"up":{"texture":"#0","tintindex":0,"uv":[8.6875,1.625,8.125,1.125]},"west":{"texture":"#0","tintindex":0,"uv":[10.5,9.5,11.0,9.625]},"east":{"texture":"#0","tintindex":0,"uv":[2.5,6.125,3.0,6.25]},"south":{"texture":"#0","tintindex":0,"uv":[10.5,3.125,11.0625,3.25]},"down":{"texture":"#0","tintindex":0,"uv":[8.6875,4.0,8.125,4.5]},"north":{"texture":"#0","tintindex":0,"uv":[10.5,3.0,11.0625,3.125]}},"rotation":{"axis":"y","angle":0.0,"origin":[15.570843,11.073761,11.887292]}},{"from":[14.633013,13.136988,4.947348],"to":[17.258938,13.887252,7.5732727],"faces":{"up":{"texture":"#0","tintindex":0,"uv":[9.6875,0.8125,9.25,0.375]},"west":{"texture":"#0","tintindex":0,"uv":[10.75,0.375,11.1875,0.5]},"east":{"texture":"#0","tintindex":0,"uv":[10.625,10.5,11.0625,10.625]},"south":{"texture":"#0","tintindex":0,"uv":[0.0,10.75,0.4375,10.875]},"down":{"texture":"#0","tintindex":0,"uv":[0.9375,9.25,0.5,9.6875]},"north":{"texture":"#0","tintindex":0,"uv":[10.375,10.625,10.8125,10.75]}},"rotation":{"axis":"y","angle":0.0,"origin":[15.570843,13.3245535,11.887292]}},{"from":[14.633013,11.036246,4.947348],"to":[17.258938,12.386723,7.5732727],"faces":{"up":{"texture":"#0","tintindex":0,"uv":[9.6875,1.9375,9.25,1.5]},"west":{"texture":"#0","tintindex":0,"uv":[9.75,10.0,10.1875,10.25]},"east":{"texture":"#0","tintindex":0,"uv":[8.75,10.0,9.1875,10.25]},"south":{"texture":"#0","tintindex":0,"uv":[10.0,9.375,10.4375,9.625]},"down":{"texture":"#0","tintindex":0,"uv":[9.6875,4.375,9.25,4.8125]},"north":{"texture":"#0","tintindex":0,"uv":[0.0,10.0,0.4375,10.25]}},"rotation":{"axis":"y","angle":0.0,"origin":[15.570843,11.824025,11.887292]}},{"from":[14.332907,11.073761,4.38465],"to":[17.559044,13.512119,4.947348],"faces":{"up":{"texture":"#0","tintindex":0,"uv":[3.8125,10.625,3.25,10.5]},"west":{"texture":"#0","tintindex":0,"uv":[4.75,10.625,4.875,11.0625]},"east":{"texture":"#0","tintindex":0,"uv":[3.75,10.625,3.875,11.0625]},"south":{"texture":"#0","tintindex":0,"uv":[8.375,8.625,8.9375,9.0625]},"down":{"texture":"#0","tintindex":0,"uv":[11.0625,4.0,10.5,4.125]},"north":{"texture":"#0","tintindex":0,"uv":[0.0,8.625,0.5625,9.0625]}},"rotation":{"axis":"y","angle":0.0,"origin":[15.570843,11.073761,11.887292]}},{"from":[14.520472,13.311649,4.829794],"to":[17.371479,13.949373,5.3549776],"faces":{"up":{"texture":"#0","tintindex":0,"uv":[11.5,9.5625,11.0,9.5]},"west":{"texture":"#0","tintindex":0,"uv":[11.5,7.625,11.5625,7.75]},"east":{"texture":"#0","tintindex":0,"uv":[7.625,11.5,7.6875,11.625]},"south":{"texture":"#0","tintindex":0,"uv":[10.125,10.5,10.625,10.625]},"down":{"texture":"#0","tintindex":0,"uv":[11.625,3.125,11.125,3.1875]},"north":{"texture":"#0","tintindex":0,"uv":[9.625,10.5,10.125,10.625]}},"rotation":{"axis":"x","angle":22.5,"origin":[15.945974,14.530828,5.111143]}},{"from":[14.82058,13.887252,5.1349144],"to":[17.071373,14.262383,7.385707],"faces":{"up":{"texture":"#0","tintindex":0,"uv":[10.125,2.0,9.75,1.625]},"west":{"texture":"#0","tintindex":0,"uv":[11.125,6.75,11.5,6.8125]},"east":{"texture":"#0","tintindex":0,"uv":[11.125,6.5,11.5,6.5625]},"south":{"texture":"#0","tintindex":0,"uv":[11.125,6.625,11.5,6.6875]},"down":{"texture":"#0","tintindex":0,"uv":[10.125,4.5,9.75,4.875]},"north":{"texture":"#0","tintindex":0,"uv":[6.5,11.125,6.875,11.1875]}},"rotation":{"axis":"y","angle":0.0,"origin":[15.570843,13.3245535,11.887292]}},{"from":[12.569786,9.573233,8.436077],"to":[13.32005,10.079662,9.936605],"faces":{"up":{"texture":"#0","tintindex":0,"uv":[5.5,9.75,5.375,9.5]},"west":{"texture":"#0","tintindex":0,"uv":[2.0,11.25,2.25,11.3125]},"east":{"texture":"#0","tintindex":0,"uv":[11.25,1.75,11.5,1.8125]},"south":{"texture":"#0","tintindex":0,"uv":[11.5,7.75,11.625,7.8125]},"down":{"texture":"#0","tintindex":0,"uv":[3.375,10.0,3.25,10.25]},"north":{"texture":"#0","tintindex":0,"uv":[7.75,11.5,7.875,11.5625]}},"rotation":{"axis":"y","angle":0.0,"origin":[15.195711,10.323497,11.512159]}},{"from":[12.569786,9.573233,9.936605],"to":[13.32005,10.323497,13.38782],"faces":{"up":{"texture":"#0","tintindex":0,"uv":[6.625,10.5625,6.5,10.0]},"west":{"texture":"#0","tintindex":0,"uv":[4.25,10.5,4.8125,10.625]},"east":{"texture":"#0","tintindex":0,"uv":[10.5,4.125,11.0625,4.25]},"south":{"texture":"#0","tintindex":0,"uv":[9.625,10.125,9.75,10.25]},"down":{"texture":"#0","tintindex":0,"uv":[6.75,10.0,6.625,10.5625]},"north":{"texture":"#0","tintindex":0,"uv":[3.125,10.125,3.25,10.25]}},"rotation":{"axis":"y","angle":0.0,"origin":[15.195711,10.323497,11.512159]}},{"from":[11.819522,9.573233,8.436077],"to":[12.569786,10.079662,9.936605],"faces":{"up":{"texture":"#0","tintindex":0,"uv":[5.125,10.5,5.0,10.25]},"west":{"texture":"#0","tintindex":0,"uv":[2.5,11.25,2.75,11.3125]},"east":{"texture":"#0","tintindex":0,"uv":[2.25,11.25,2.5,11.3125]},"south":{"texture":"#0","tintindex":0,"uv":[11.5,7.875,11.625,7.9375]},"down":{"texture":"#0","tintindex":0,"uv":[3.375,10.875,3.25,11.125]},"north":{"texture":"#0","tintindex":0,"uv":[7.875,11.5,8.0,11.5625]}},"rotation":{"axis":"y","angle":0.0,"origin":[14.445446,10.323497,11.512159]}},{"from":[11.819522,9.573233,9.936605],"to":[12.569786,10.323497,13.38782],"faces":{"up":{"texture":"#0","tintindex":0,"uv":[7.375,10.6875,7.25,10.125]},"west":{"texture":"#0","tintindex":0,"uv":[10.5,4.375,11.0625,4.5]},"east":{"texture":"#0","tintindex":0,"uv":[10.5,4.25,11.0625,4.375]},"south":{"texture":"#0","tintindex":0,"uv":[7.875,10.375,8.0,10.5]},"down":{"texture":"#0","tintindex":0,"uv":[7.5,10.125,7.375,10.6875]},"north":{"texture":"#0","tintindex":0,"uv":[9.125,10.25,9.25,10.375]}},"rotation":{"axis":"y","angle":0.0,"origin":[14.445446,10.323497,11.512159]}},{"from":[11.069258,9.573233,8.436077],"to":[11.819522,10.079662,9.936605],"faces":{"up":{"texture":"#0","tintindex":0,"uv":[7.0,11.125,6.875,10.875]},"west":{"texture":"#0","tintindex":0,"uv":[3.0,11.25,3.25,11.3125]},"east":{"texture":"#0","tintindex":0,"uv":[2.75,11.25,3.0,11.3125]},"south":{"texture":"#0","tintindex":0,"uv":[11.5,8.0,11.625,8.0625]},"down":{"texture":"#0","tintindex":0,"uv":[0.375,11.0,0.25,11.25]},"north":{"texture":"#0","tintindex":0,"uv":[8.0,11.5,8.125,11.5625]}},"rotation":{"axis":"y","angle":0.0,"origin":[13.695183,10.323497,11.512159]}},{"from":[11.069258,9.573233,9.936605],"to":[11.819522,10.323497,13.38782],"faces":{"up":{"texture":"#0","tintindex":0,"uv":[0.875,10.8125,0.75,10.25]},"west":{"texture":"#0","tintindex":0,"uv":[10.5,4.625,11.0625,4.75]},"east":{"texture":"#0","tintindex":0,"uv":[10.5,4.5,11.0625,4.625]},"south":{"texture":"#0","tintindex":0,"uv":[11.25,3.25,11.375,3.375]},"down":{"texture":"#0","tintindex":0,"uv":[4.0,10.25,3.875,10.8125]},"north":{"texture":"#0","tintindex":0,"uv":[10.375,10.875,10.5,11.0]}},"rotation":{"axis":"y","angle":0.0,"origin":[13.695183,10.323497,11.512159]}},{"from":[2.4412198,9.573233,5.1349144],"to":[9.193598,11.073761,11.887292],"faces":{"up":{"texture":"#0","tintindex":0,"uv":[7.375,7.375,6.25,6.25]},"west":{"texture":"#0","tintindex":0,"uv":[8.125,6.5,9.25,6.75]},"east":{"texture":"#0","tintindex":0,"uv":[8.125,6.25,9.25,6.5]},"south":{"texture":"#0","tintindex":0,"uv":[6.5,8.125,7.625,8.375]},"down":{"texture":"#0","tintindex":0,"uv":[7.5,4.0,6.375,5.125]},"north":{"texture":"#0","tintindex":0,"uv":[5.375,8.125,6.5,8.375]}},"rotation":{"axis":"y","angle":0.0,"origin":[0.1904273,8.8229685,2.8841214]}},{"from":[8.491813,9.573233,6.1699305],"to":[10.742605,11.055003,9.827468],"faces":{"up":{"texture":"#0","tintindex":0,"uv":[3.375,5.125,3.0,4.5]},"west":{"texture":"#0","tintindex":0,"uv":[9.25,6.5,9.875,6.75]},"east":{"texture":"#0","tintindex":0,"uv":[9.25,4.875,9.875,5.125]},"south":{"texture":"#0","tintindex":0,"uv":[9.25,10.125,9.625,10.375]},"down":{"texture":"#0","tintindex":0,"uv":[7.625,8.375,7.25,9.0]},"north":{"texture":"#0","tintindex":0,"uv":[10.125,8.875,10.5,9.125]}},"rotation":{"axis":"y","angle":22.5,"origin":[7.3664165,9.948364,9.54612]}},{"from":[8.491813,9.573233,7.194738],"to":[10.742605,11.055003,10.852276],"faces":{"up":{"texture":"#0","tintindex":0,"uv":[1.0,9.25,0.625,8.625]},"west":{"texture":"#0","tintindex":0,"uv":[3.0,9.375,3.625,9.625]},"east":{"texture":"#0","tintindex":0,"uv":[2.375,9.375,3.0,9.625]},"south":{"texture":"#0","tintindex":0,"uv":[0.375,10.25,0.75,10.5]},"down":{"texture":"#0","tintindex":0,"uv":[9.125,1.125,8.75,1.75]},"north":{"texture":"#0","tintindex":0,"uv":[0.0,10.25,0.375,10.5]}},"rotation":{"axis":"y","angle":-22.5,"origin":[7.3664165,9.948364,7.476087]}},{"from":[0.89221096,9.573233,6.1699305],"to":[3.1430044,11.055003,9.827468],"faces":{"up":{"texture":"#0","tintindex":0,"uv":[9.125,4.625,8.75,4.0]},"west":{"texture":"#0","tintindex":0,"uv":[9.375,9.375,10.0,9.625]},"east":{"texture":"#0","tintindex":0,"uv":[9.375,9.125,10.0,9.375]},"south":{"texture":"#0","tintindex":0,"uv":[2.0,10.25,2.375,10.5]},"down":{"texture":"#0","tintindex":0,"uv":[9.125,7.25,8.75,7.875]},"north":{"texture":"#0","tintindex":0,"uv":[1.625,10.25,2.0,10.5]}},"rotation":{"axis":"y","angle":-22.5,"origin":[4.2684,9.948364,9.54612]}},{"from":[0.89221096,9.573233,7.194738],"to":[3.1430044,11.055003,10.852276],"faces":{"up":{"texture":"#0","tintindex":0,"uv":[5.125,9.5,4.75,8.875]},"west":{"texture":"#0","tintindex":0,"uv":[4.75,9.5,5.375,9.75]},"east":{"texture":"#0","tintindex":0,"uv":[3.625,9.5,4.25,9.75]},"south":{"texture":"#0","tintindex":0,"uv":[10.25,2.25,10.625,2.5]},"down":{"texture":"#0","tintindex":0,"uv":[5.5,8.875,5.125,9.5]},"north":{"texture":"#0","tintindex":0,"uv":[10.25,2.0,10.625,2.25]}},"rotation":{"axis":"y","angle":22.5,"origin":[4.2684,9.948364,7.476087]}},{"from":[3.9902277,9.573233,4.0998983],"to":[7.6477656,11.055003,6.350691],"faces":{"up":{"texture":"#0","tintindex":0,"uv":[6.125,9.25,5.5,8.875]},"west":{"texture":"#0","tintindex":0,"uv":[3.5,10.25,3.875,10.5]},"east":{"texture":"#0","tintindex":0,"uv":[3.125,10.25,3.5,10.5]},"south":{"texture":"#0","tintindex":0,"uv":[9.5,8.125,10.125,8.375]},"down":{"texture":"#0","tintindex":0,"uv":[6.75,8.875,6.125,9.25]},"north":{"texture":"#0","tintindex":0,"uv":[9.5,7.875,10.125,8.125]}},"rotation":{"axis":"y","angle":22.5,"origin":[5.8174086,9.938988,8.511103]}},{"from":[3.9870515,9.573233,4.0998983],"to":[7.6445894,11.055003,6.350691],"faces":{"up":{"texture":"#0","tintindex":0,"uv":[8.25,9.25,7.625,8.875]},"west":{"texture":"#0","tintindex":0,"uv":[4.625,10.25,5.0,10.5]},"east":{"texture":"#0","tintindex":0,"uv":[4.25,10.25,4.625,10.5]},"south":{"texture":"#0","tintindex":0,"uv":[9.5,8.625,10.125,8.875]},"down":{"texture":"#0","tintindex":0,"uv":[9.5,7.875,8.875,8.25]},"north":{"texture":"#0","tintindex":0,"uv":[9.5,8.375,10.125,8.625]}},"rotation":{"axis":"y","angle":-22.5,"origin":[5.8174086,9.938988,8.511103]}},{"from":[3.9902277,9.573233,10.671515],"to":[7.6477656,11.055003,12.922308],"faces":{"up":{"texture":"#0","tintindex":0,"uv":[9.5,8.625,8.875,8.25]},"west":{"texture":"#0","tintindex":0,"uv":[8.375,10.25,8.75,10.5]},"east":{"texture":"#0","tintindex":0,"uv":[8.0,10.25,8.375,10.5]},"south":{"texture":"#0","tintindex":0,"uv":[9.5,8.875,10.125,9.125]},"down":{"texture":"#0","tintindex":0,"uv":[1.625,9.0,1.0,9.375]},"north":{"texture":"#0","tintindex":0,"uv":[8.75,9.5,9.375,9.75]}},"rotation":{"axis":"y","angle":-22.5,"origin":[5.8174086,9.938988,8.511103]}},{"from":[3.9870515,9.573233,10.671515],"to":[7.6445894,11.055003,12.922308],"faces":{"up":{"texture":"#0","tintindex":0,"uv":[3.125,9.375,2.5,9.0]},"west":{"texture":"#0","tintindex":0,"uv":[9.625,10.25,10.0,10.5]},"east":{"texture":"#0","tintindex":0,"uv":[8.75,10.25,9.125,10.5]},"south":{"texture":"#0","tintindex":0,"uv":[9.625,2.25,10.25,2.5]},"down":{"texture":"#0","tintindex":0,"uv":[3.75,9.0,3.125,9.375]},"north":{"texture":"#0","tintindex":0,"uv":[9.625,2.0,10.25,2.25]}},"rotation":{"axis":"y","angle":22.5,"origin":[5.8174086,9.938988,8.511103]}},{"from":[-0.18470573,9.573233,8.436077],"to":[0.5655594,10.079662,9.936605],"faces":{"up":{"texture":"#0","tintindex":0,"uv":[11.25,4.25,11.125,4.0]},"west":{"texture":"#0","tintindex":0,"uv":[5.375,11.25,5.625,11.3125]},"east":{"texture":"#0","tintindex":0,"uv":[11.25,5.25,11.5,5.3125]},"south":{"texture":"#0","tintindex":0,"uv":[8.75,11.5,8.875,11.5625]},"down":{"texture":"#0","tintindex":0,"uv":[4.25,11.125,4.125,11.375]},"north":{"texture":"#0","tintindex":0,"uv":[8.5,11.5,8.625,11.5625]}},"rotation":{"axis":"y","angle":0.0,"origin":[-2.0603657,10.323497,11.512159]}},{"from":[-0.18470573,9.573233,9.936605],"to":[0.5655594,10.323497,13.38782],"faces":{"up":{"texture":"#0","tintindex":0,"uv":[4.125,10.8125,4.0,10.25]},"west":{"texture":"#0","tintindex":0,"uv":[10.5,7.25,11.0625,7.375]},"east":{"texture":"#0","tintindex":0,"uv":[10.5,6.375,11.0625,6.5]},"south":{"texture":"#0","tintindex":0,"uv":[11.25,5.5,11.375,5.625]},"down":{"texture":"#0","tintindex":0,"uv":[7.875,10.375,7.75,10.9375]},"north":{"texture":"#0","tintindex":0,"uv":[11.25,5.375,11.375,5.5]}},"rotation":{"axis":"y","angle":0.0,"origin":[-2.0603657,10.323497,11.512159]}},{"from":[-2.4354982,9.573233,8.436077],"to":[-1.6852331,10.079662,9.936605],"faces":{"up":{"texture":"#0","tintindex":0,"uv":[4.375,11.375,4.25,11.125]},"west":{"texture":"#0","tintindex":0,"uv":[11.25,5.625,11.5,5.6875]},"east":{"texture":"#0","tintindex":0,"uv":[5.625,11.25,5.875,11.3125]},"south":{"texture":"#0","tintindex":0,"uv":[11.5,8.875,11.625,8.9375]},"down":{"texture":"#0","tintindex":0,"uv":[11.25,4.25,11.125,4.5]},"north":{"texture":"#0","tintindex":0,"uv":[8.875,11.5,9.0,11.5625]}},"rotation":{"axis":"y","angle":0.0,"origin":[-2.810629,10.323497,11.512159]}},{"from":[-2.4354982,9.573233,9.936605],"to":[-1.6852331,10.323497,13.38782],"faces":{"up":{"texture":"#0","tintindex":0,"uv":[5.75,11.0625,5.625,10.5]},"west":{"texture":"#0","tintindex":0,"uv":[7.875,10.5,8.4375,10.625]},"east":{"texture":"#0","tintindex":0,"uv":[10.5,7.375,11.0625,7.5]},"south":{"texture":"#0","tintindex":0,"uv":[6.0,11.25,6.125,11.375]},"down":{"texture":"#0","tintindex":0,"uv":[5.875,10.5,5.75,11.0625]},"north":{"texture":"#0","tintindex":0,"uv":[5.875,11.25,6.0,11.375]}},"rotation":{"axis":"y","angle":0.0,"origin":[-2.810629,10.323497,11.512159]}},{"from":[-0.93496895,9.573233,8.436077],"to":[-0.18470573,10.079662,9.936605],"faces":{"up":{"texture":"#0","tintindex":0,"uv":[4.5,11.375,4.375,11.125]},"west":{"texture":"#0","tintindex":0,"uv":[6.375,11.25,6.625,11.3125]},"east":{"texture":"#0","tintindex":0,"uv":[6.125,11.25,6.375,11.3125]},"south":{"texture":"#0","tintindex":0,"uv":[11.5,9.0,11.625,9.0625]},"down":{"texture":"#0","tintindex":0,"uv":[11.25,4.5,11.125,4.75]},"north":{"texture":"#0","tintindex":0,"uv":[9.0,11.5,9.125,11.5625]}},"rotation":{"axis":"y","angle":0.0,"origin":[-3.560894,10.323497,11.512159]}},{"from":[-0.93496895,9.573233,9.936605],"to":[-0.18470573,10.323497,13.38782],"faces":{"up":{"texture":"#0","tintindex":0,"uv":[7.125,11.0625,7.0,10.5]},"west":{"texture":"#0","tintindex":0,"uv":[10.5,8.875,11.0625,9.0]},"east":{"texture":"#0","tintindex":0,"uv":[8.5,10.5,9.0625,10.625]},"south":{"texture":"#0","tintindex":0,"uv":[6.75,11.25,6.875,11.375]},"down":{"texture":"#0","tintindex":0,"uv":[7.25,10.5,7.125,11.0625]},"north":{"texture":"#0","tintindex":0,"uv":[6.625,11.25,6.75,11.375]}},"rotation":{"axis":"y","angle":0.0,"origin":[-3.560894,10.323497,11.512159]}},{"from":[-1.6852331,9.573233,8.436077],"to":[-0.93496895,10.079662,9.936605],"faces":{"up":{"texture":"#0","tintindex":0,"uv":[4.75,11.375,4.625,11.125]},"west":{"texture":"#0","tintindex":0,"uv":[7.25,11.25,7.5,11.3125]},"east":{"texture":"#0","tintindex":0,"uv":[6.875,11.25,7.125,11.3125]},"south":{"texture":"#0","tintindex":0,"uv":[9.25,11.5,9.375,11.5625]},"down":{"texture":"#0","tintindex":0,"uv":[4.875,11.125,4.75,11.375]},"north":{"texture":"#0","tintindex":0,"uv":[9.125,11.5,9.25,11.5625]}},"rotation":{"axis":"y","angle":0.0,"origin":[-4.311159,10.323497,11.512159]}},{"from":[-1.6852331,9.573233,9.936605],"to":[-0.93496895,10.323497,13.38782],"faces":{"up":{"texture":"#0","tintindex":0,"uv":[7.625,11.0625,7.5,10.5]},"west":{"texture":"#0","tintindex":0,"uv":[10.5,9.375,11.0625,9.5]},"east":{"texture":"#0","tintindex":0,"uv":[10.5,9.0,11.0625,9.125]},"south":{"texture":"#0","tintindex":0,"uv":[11.25,7.375,11.375,7.5]},"down":{"texture":"#0","tintindex":0,"uv":[7.75,10.5,7.625,11.0625]},"north":{"texture":"#0","tintindex":0,"uv":[11.25,7.25,11.375,7.375]}},"rotation":{"axis":"y","angle":0.0,"origin":[-4.311159,10.323497,11.512159]}},{"from":[17.712645,8.025623,0.47326183],"to":[20.247787,9.170152,3.9428406],"faces":{"up":{"texture":"#0","tintindex":0,"uv":[2.4375,9.0625,2.0,8.5]},"west":{"texture":"#0","tintindex":0,"uv":[10.125,0.625,10.6875,0.8125]},"east":{"texture":"#0","tintindex":0,"uv":[10.125,0.375,10.6875,0.5625]},"south":{"texture":"#0","tintindex":0,"uv":[1.0,10.5,1.4375,10.6875]},"down":{"texture":"#0","tintindex":0,"uv":[9.1875,0.5,8.75,1.0625]},"north":{"texture":"#0","tintindex":0,"uv":[9.125,10.375,9.5625,10.5625]}},"rotation":{"axis":"y","angle":45.0,"origin":[19.021109,8.8229685,5.7888813]}},{"from":[16.129791,8.00518,3.6161385],"to":[18.583153,9.190599,14.247381],"faces":{"up":{"texture":"#0","tintindex":0,"uv":[0.4375,8.625,0.0,6.875]},"west":{"texture":"#0","tintindex":0,"uv":[7.5,4.625,9.25,4.8125]},"east":{"texture":"#0","tintindex":0,"uv":[7.5,1.75,9.25,1.9375]},"south":{"texture":"#0","tintindex":0,"uv":[10.5,1.625,10.9375,1.8125]},"down":{"texture":"#0","tintindex":0,"uv":[0.9375,6.875,0.5,8.625]},"north":{"texture":"#0","tintindex":0,"uv":[1.5,10.5,1.9375,10.6875]}},"rotation":{"axis":"y","angle":0.0,"origin":[1.4096055,8.8229685,1.9805617]}},{"from":[-3.7522106,8.00518,1.1627736],"to":[16.129791,9.190599,14.247381],"faces":{"up":{"texture":"#0","tintindex":0,"uv":[3.3125,2.1875,0.0,0.0]},"west":{"texture":"#0","tintindex":0,"uv":[7.375,7.0,9.5625,7.1875]},"east":{"texture":"#0","tintindex":0,"uv":[6.5,7.375,8.6875,7.5625]},"south":{"texture":"#0","tintindex":0,"uv":[6.5,3.75,9.8125,3.9375]},"down":{"texture":"#0","tintindex":0,"uv":[3.3125,2.25,0.0,4.4375]},"north":{"texture":"#0","tintindex":0,"uv":[6.5,3.5,9.8125,3.6875]}},"rotation":{"axis":"y","angle":0.0,"origin":[1.4096055,8.8229685,1.9805617]}},{"from":[4.298213,10.97543,10.304244],"to":[7.333968,11.75514,12.172403],"faces":{"up":{"texture":"#0","tintindex":0,"uv":[7.25,9.6875,6.75,9.375]},"west":{"texture":"#0","tintindex":0,"uv":[2.125,10.875,2.4375,11.0]},"east":{"texture":"#0","tintindex":0,"uv":[1.75,10.875,2.0625,11.0]},"south":{"texture":"#0","tintindex":0,"uv":[10.5,10.375,11.0,10.5]},"down":{"texture":"#0","tintindex":0,"uv":[0.5,9.625,0.0,9.9375]},"north":{"texture":"#0","tintindex":0,"uv":[10.5,10.25,11.0,10.375]}},"rotation":{"axis":"y","angle":22.5,"origin":[5.8174086,11.279007,8.511103]}},{"from":[4.300849,10.97543,10.304244],"to":[7.3366036,11.75514,12.172403],"faces":{"up":{"texture":"#0","tintindex":0,"uv":[2.875,9.9375,2.375,9.625]},"west":{"texture":"#0","tintindex":0,"uv":[2.875,10.875,3.1875,11.0]},"east":{"texture":"#0","tintindex":0,"uv":[2.5,10.875,2.8125,11.0]},"south":{"texture":"#0","tintindex":0,"uv":[2.0,10.625,2.5,10.75]},"down":{"texture":"#0","tintindex":0,"uv":[10.125,2.5,9.625,2.8125]},"north":{"texture":"#0","tintindex":0,"uv":[0.0,10.625,0.5,10.75]}},"rotation":{"axis":"y","angle":-22.5,"origin":[5.8174086,11.279007,8.511103]}},{"from":[4.298213,10.97543,4.849803],"to":[7.333968,11.75514,6.7179623],"faces":{"up":{"texture":"#0","tintindex":0,"uv":[3.375,9.9375,2.875,9.625]},"west":{"texture":"#0","tintindex":0,"uv":[10.875,3.375,11.1875,3.5]},"east":{"texture":"#0","tintindex":0,"uv":[10.875,3.25,11.1875,3.375]},"south":{"texture":"#0","tintindex":0,"uv":[10.625,2.125,11.125,2.25]},"down":{"texture":"#0","tintindex":0,"uv":[10.125,2.875,9.625,3.1875]},"north":{"texture":"#0","tintindex":0,"uv":[10.625,2.0,11.125,2.125]}},"rotation":{"axis":"y","angle":-22.5,"origin":[5.8174086,11.279007,8.511103]}},{"from":[4.300849,10.97543,4.849803],"to":[7.3366036,11.75514,6.7179623],"faces":{"up":{"texture":"#0","tintindex":0,"uv":[10.125,5.4375,9.625,5.125]},"west":{"texture":"#0","tintindex":0,"uv":[4.25,10.875,4.5625,11.0]},"east":{"texture":"#0","tintindex":0,"uv":[3.875,10.875,4.1875,11.0]},"south":{"texture":"#0","tintindex":0,"uv":[10.625,2.375,11.125,2.5]},"down":{"texture":"#0","tintindex":0,"uv":[10.125,5.5,9.625,5.8125]},"north":{"texture":"#0","tintindex":0,"uv":[10.625,2.25,11.125,2.375]}},"rotation":{"axis":"y","angle":22.5,"origin":[5.8174086,11.279007,8.511103]}},{"from":[1.729495,10.97543,7.418522],"to":[3.5976539,11.75514,10.454276],"faces":{"up":{"texture":"#0","tintindex":0,"uv":[9.6875,10.125,9.375,9.625]},"west":{"texture":"#0","tintindex":0,"uv":[3.0,10.625,3.5,10.75]},"east":{"texture":"#0","tintindex":0,"uv":[2.5,10.625,3.0,10.75]},"south":{"texture":"#0","tintindex":0,"uv":[10.875,4.875,11.1875,5.0]},"down":{"texture":"#0","tintindex":0,"uv":[10.0625,0.375,9.75,0.875]},"north":{"texture":"#0","tintindex":0,"uv":[10.875,4.75,11.1875,4.875]}},"rotation":{"axis":"y","angle":22.5,"origin":[4.5317297,11.286788,7.652042]}},{"from":[1.729495,10.97543,6.5679297],"to":[3.5976539,11.75514,9.603684],"faces":{"up":{"texture":"#0","tintindex":0,"uv":[0.8125,10.25,0.5,9.75]},"west":{"texture":"#0","tintindex":0,"uv":[7.875,10.625,8.375,10.75]},"east":{"texture":"#0","tintindex":0,"uv":[4.25,10.625,4.75,10.75]},"south":{"texture":"#0","tintindex":0,"uv":[10.875,5.125,11.1875,5.25]},"down":{"texture":"#0","tintindex":0,"uv":[10.0625,1.125,9.75,1.625]},"north":{"texture":"#0","tintindex":0,"uv":[10.875,5.0,11.1875,5.125]}},"rotation":{"axis":"y","angle":-22.5,"origin":[4.5317297,11.286788,9.370165]}},{"from":[8.037163,10.97543,7.418522],"to":[9.905322,11.75514,10.454276],"faces":{"up":{"texture":"#0","tintindex":0,"uv":[3.6875,10.25,3.375,9.75]},"west":{"texture":"#0","tintindex":0,"uv":[10.625,8.0,11.125,8.125]},"east":{"texture":"#0","tintindex":0,"uv":[10.625,7.875,11.125,8.0]},"south":{"texture":"#0","tintindex":0,"uv":[10.875,5.375,11.1875,5.5]},"down":{"texture":"#0","tintindex":0,"uv":[4.0625,9.75,3.75,10.25]},"north":{"texture":"#0","tintindex":0,"uv":[10.875,5.25,11.1875,5.375]}},"rotation":{"axis":"y","angle":-22.5,"origin":[7.1030874,11.286788,7.652042]}},{"from":[8.037163,10.97543,6.5679297],"to":[9.905322,11.75514,9.603684],"faces":{"up":{"texture":"#0","tintindex":0,"uv":[10.0625,4.5,9.75,4.0]},"west":{"texture":"#0","tintindex":0,"uv":[10.625,8.25,11.125,8.375]},"east":{"texture":"#0","tintindex":0,"uv":[10.625,8.125,11.125,8.25]},"south":{"texture":"#0","tintindex":0,"uv":[10.875,5.625,11.1875,5.75]},"down":{"texture":"#0","tintindex":0,"uv":[5.0625,9.75,4.75,10.25]},"north":{"texture":"#0","tintindex":0,"uv":[10.875,5.5,11.1875,5.625]}},"rotation":{"axis":"y","angle":22.5,"origin":[7.1030874,11.286788,9.370165]}},{"from":[3.0151696,10.97543,5.708864],"to":[8.619647,11.77071,11.313341],"faces":{"up":{"texture":"#0","tintindex":0,"uv":[7.4375,0.9375,6.5,0.0]},"west":{"texture":"#0","tintindex":0,"uv":[10.0,0.875,10.9375,1.0]},"east":{"texture":"#0","tintindex":0,"uv":[9.875,7.75,10.8125,7.875]},"south":{"texture":"#0","tintindex":0,"uv":[9.75,9.875,10.6875,10.0]},"down":{"texture":"#0","tintindex":0,"uv":[7.4375,1.0,6.5,1.9375]},"north":{"texture":"#0","tintindex":0,"uv":[9.875,7.625,10.8125,7.75]}},"rotation":{"axis":"y","angle":0.0,"origin":[1.1470146,10.352709,3.8407092]}},{"from":[0.7796707,9.573233,5.8323092],"to":[3.0304637,10.492306,9.864979],"faces":{"up":{"texture":"#0","tintindex":0,"uv":[8.0,8.8125,7.625,8.125]},"west":{"texture":"#0","tintindex":0,"uv":[10.375,3.5,11.0625,3.625]},"east":{"texture":"#0","tintindex":0,"uv":[10.125,4.75,10.8125,4.875]},"south":{"texture":"#0","tintindex":0,"uv":[10.75,9.625,11.125,9.75]},"down":{"texture":"#0","tintindex":0,"uv":[8.375,8.125,8.0,8.8125]},"north":{"texture":"#0","tintindex":0,"uv":[9.375,10.75,9.75,10.875]}},"rotation":{"axis":"y","angle":-22.5,"origin":[4.15586,9.948364,9.208498]}},{"from":[0.7796707,9.573233,7.181013],"to":[3.0304637,10.492306,11.213683],"faces":{"up":{"texture":"#0","tintindex":0,"uv":[2.875,8.9375,2.5,8.25]},"west":{"texture":"#0","tintindex":0,"uv":[10.375,3.75,11.0625,3.875]},"east":{"texture":"#0","tintindex":0,"uv":[10.375,3.625,11.0625,3.75]},"south":{"texture":"#0","tintindex":0,"uv":[10.75,9.75,11.125,9.875]},"down":{"texture":"#0","tintindex":0,"uv":[3.25,8.25,2.875,8.9375]},"north":{"texture":"#0","tintindex":0,"uv":[9.75,10.75,10.125,10.875]}},"rotation":{"axis":"y","angle":22.5,"origin":[4.15586,9.948364,7.8374944]}},{"from":[8.623111,9.573233,5.8323092],"to":[10.873903,10.492306,9.864979],"faces":{"up":{"texture":"#0","tintindex":0,"uv":[3.625,8.9375,3.25,8.25]},"west":{"texture":"#0","tintindex":0,"uv":[10.375,7.0,11.0625,7.125]},"east":{"texture":"#0","tintindex":0,"uv":[10.375,3.875,11.0625,4.0]},"south":{"texture":"#0","tintindex":0,"uv":[10.75,10.0,11.125,10.125]},"down":{"texture":"#0","tintindex":0,"uv":[4.0,8.25,3.625,8.9375]},"north":{"texture":"#0","tintindex":0,"uv":[10.75,9.875,11.125,10.0]}},"rotation":{"axis":"y","angle":22.5,"origin":[7.497714,9.948364,9.208498]}},{"from":[8.623111,9.573233,7.181013],"to":[10.873903,10.492306,11.213683],"faces":{"up":{"texture":"#0","tintindex":0,"uv":[4.375,8.9375,4.0,8.25]},"west":{"texture":"#0","tintindex":0,"uv":[0.0,10.5,0.6875,10.625]},"east":{"texture":"#0","tintindex":0,"uv":[10.375,7.125,11.0625,7.25]},"south":{"texture":"#0","tintindex":0,"uv":[10.75,10.125,11.125,10.25]},"down":{"texture":"#0","tintindex":0,"uv":[4.75,8.375,4.375,9.0625]},"north":{"texture":"#0","tintindex":0,"uv":[10.125,10.75,10.5,10.875]}},"rotation":{"axis":"y","angle":-22.5,"origin":[7.497714,9.948364,7.8374944]}},{"from":[0.5655594,9.573233,10.649355],"to":[11.069258,10.135931,11.849777],"faces":{"up":{"texture":"#0","tintindex":0,"uv":[9.25,5.0625,7.5,4.875]},"west":{"texture":"#0","tintindex":0,"uv":[11.125,6.875,11.3125,7.0]},"east":{"texture":"#0","tintindex":0,"uv":[6.875,11.125,7.0625,11.25]},"south":{"texture":"#0","tintindex":0,"uv":[8.125,6.75,9.875,6.875]},"down":{"texture":"#0","tintindex":0,"uv":[8.25,7.625,6.5,7.8125]},"north":{"texture":"#0","tintindex":0,"uv":[7.875,5.875,9.625,6.0]}},"rotation":{"axis":"y","angle":0.0,"origin":[13.695183,10.323497,11.662211]}}],"display":{"head":{"rotation":[0.0,180.0,0.0]}}}