{"textures":{"0":"bil:item/filament/model/crate_1.bbmodel/crate_1","particle":"bil:item/filament/model/crate_1.bbmodel/crate_1"},"elements":[{"from":[3.5107298,3.5107307,3.5107298],"to":[12.48927,12.489271,12.48927],"faces":{"up":{"texture":"#0","tintindex":0,"uv":[1.5,9.0,1.0,8.5]},"west":{"texture":"#0","tintindex":0,"uv":[8.375,8.125,8.875,8.625]},"east":{"texture":"#0","tintindex":0,"uv":[6.25,8.375,6.75,8.875]},"south":{"texture":"#0","tintindex":0,"uv":[6.75,8.375,7.25,8.875]},"down":{"texture":"#0","tintindex":0,"uv":[2.0,8.5,1.5,9.0]},"north":{"texture":"#0","tintindex":0,"uv":[5.75,8.375,6.25,8.875]}},"rotation":{"axis":"y","angle":0.0,"origin":[8.0,8.0,8.0]}},{"from":[5.1775603,5.177561,2.67732],"to":[10.82244,10.822441,3.5107298],"faces":{"up":{"texture":"#0","tintindex":0,"uv":[0.3125,11.3125,0.0,11.25]},"west":{"texture":"#0","tintindex":0,"uv":[10.25,11.125,10.3125,11.4375]},"east":{"texture":"#0","tintindex":0,"uv":[10.125,11.125,10.1875,11.4375]},"south":{"texture":"#0","tintindex":0,"uv":[2.75,10.125,3.0625,10.4375]},"down":{"texture":"#0","tintindex":0,"uv":[11.5625,0.0,11.25,0.0625]},"north":{"texture":"#0","tintindex":0,"uv":[10.125,2.5,10.4375,2.8125]}},"rotation":{"axis":"y","angle":0.0,"origin":[8.0,8.0,8.0]}},{"from":[6.42768,6.427681,2.17727],"to":[9.57232,9.572321,2.67732],"faces":{"up":{"texture":"#0","tintindex":0,"uv":[5.5625,11.5625,5.375,11.5]},"west":{"texture":"#0","tintindex":0,"uv":[11.5,5.125,11.5625,5.3125]},"east":{"texture":"#0","tintindex":0,"uv":[5.0,11.5,5.0625,11.6875]},"south":{"texture":"#0","tintindex":0,"uv":[11.125,2.125,11.3125,2.3125]},"down":{"texture":"#0","tintindex":0,"uv":[5.8125,11.5,5.625,11.5625]},"north":{"texture":"#0","tintindex":0,"uv":[11.125,1.875,11.3125,2.0625]}},"rotation":{"axis":"y","angle":0.0,"origin":[8.0,8.0,8.0]}},{"from":[5.1775603,5.177561,12.48927],"to":[10.82244,10.822441,13.32269],"faces":{"up":{"texture":"#0","tintindex":0,"uv":[11.5625,0.5625,11.25,0.5]},"west":{"texture":"#0","tintindex":0,"uv":[0.375,11.25,0.4375,11.5625]},"east":{"texture":"#0","tintindex":0,"uv":[11.25,0.125,11.3125,0.4375]},"south":{"texture":"#0","tintindex":0,"uv":[10.125,4.0,10.4375,4.3125]},"down":{"texture":"#0","tintindex":0,"uv":[11.5625,0.625,11.25,0.6875]},"north":{"texture":"#0","tintindex":0,"uv":[10.125,2.875,10.4375,3.1875]}},"rotation":{"axis":"y","angle":0.0,"origin":[8.0,8.0,8.0]}},{"from":[6.42768,6.427681,13.32269],"to":[9.57232,9.572321,13.82274],"faces":{"up":{"texture":"#0","tintindex":0,"uv":[11.6875,5.6875,11.5,5.625]},"west":{"texture":"#0","tintindex":0,"uv":[6.0,11.5,6.0625,11.6875]},"east":{"texture":"#0","tintindex":0,"uv":[5.875,11.5,5.9375,11.6875]},"south":{"texture":"#0","tintindex":0,"uv":[11.125,2.625,11.3125,2.8125]},"down":{"texture":"#0","tintindex":0,"uv":[11.6875,6.0,11.5,6.0625]},"north":{"texture":"#0","tintindex":0,"uv":[11.125,2.375,11.3125,2.5625]}},"rotation":{"axis":"y","angle":0.0,"origin":[8.0,8.0,8.0]}},{"from":[2.17727,6.427681,6.42769],"to":[2.6773205,9.572321,9.57232],"faces":{"up":{"texture":"#0","tintindex":0,"uv":[6.4375,11.6875,6.375,11.5]},"west":{"texture":"#0","tintindex":0,"uv":[3.25,11.125,3.4375,11.3125]},"east":{"texture":"#0","tintindex":0,"uv":[11.125,2.875,11.3125,3.0625]},"south":{"texture":"#0","tintindex":0,"uv":[6.25,11.5,6.3125,11.6875]},"down":{"texture":"#0","tintindex":0,"uv":[6.5625,11.5,6.5,11.6875]},"north":{"texture":"#0","tintindex":0,"uv":[6.125,11.5,6.1875,11.6875]}},"rotation":{"axis":"y","angle":0.0,"origin":[8.0,8.0,8.0]}},{"from":[2.6773205,5.177561,5.17756],"to":[3.5107298,10.822441,10.82245],"faces":{"up":{"texture":"#0","tintindex":0,"uv":[1.0625,11.5625,1.0,11.25]},"west":{"texture":"#0","tintindex":0,"uv":[5.125,10.125,5.4375,10.4375]},"east":{"texture":"#0","tintindex":0,"uv":[10.125,4.375,10.4375,4.6875]},"south":{"texture":"#0","tintindex":0,"uv":[0.875,11.25,0.9375,11.5625]},"down":{"texture":"#0","tintindex":0,"uv":[1.1875,11.25,1.125,11.5625]},"north":{"texture":"#0","tintindex":0,"uv":[0.75,11.25,0.8125,11.5625]}},"rotation":{"axis":"y","angle":0.0,"origin":[8.0,8.0,8.0]}},{"from":[12.48927,5.177561,5.17756],"to":[13.3226795,10.822441,10.82245],"faces":{"up":{"texture":"#0","tintindex":0,"uv":[1.8125,11.5625,1.75,11.25]},"west":{"texture":"#0","tintindex":0,"uv":[5.5,10.125,5.8125,10.4375]},"east":{"texture":"#0","tintindex":0,"uv":[10.125,5.125,10.4375,5.4375]},"south":{"texture":"#0","tintindex":0,"uv":[1.375,11.25,1.4375,11.5625]},"down":{"texture":"#0","tintindex":0,"uv":[1.9375,11.25,1.875,11.5625]},"north":{"texture":"#0","tintindex":0,"uv":[1.25,11.25,1.3125,11.5625]}},"rotation":{"axis":"y","angle":0.0,"origin":[8.0,8.0,8.0]}},{"from":[13.3226795,6.427681,6.42769],"to":[13.82273,9.572321,9.57232],"faces":{"up":{"texture":"#0","tintindex":0,"uv":[6.8125,11.6875,6.75,11.5]},"west":{"texture":"#0","tintindex":0,"uv":[3.75,11.125,3.9375,11.3125]},"east":{"texture":"#0","tintindex":0,"uv":[11.125,3.5,11.3125,3.6875]},"south":{"texture":"#0","tintindex":0,"uv":[6.625,11.5,6.6875,11.6875]},"down":{"texture":"#0","tintindex":0,"uv":[6.9375,11.5,6.875,11.6875]},"north":{"texture":"#0","tintindex":0,"uv":[11.5,6.5,11.5625,6.6875]}},"rotation":{"axis":"y","angle":0.0,"origin":[8.0,8.0,8.0]}}],"display":{"head":{"rotation":[0.0,180.0,0.0]}}}