{"credit":"Made with Blockbench","parent":"falling_sheet_corners","texture_size":[512,512],"textures":{"0":"furnitures:pokelegend/furniture_pokelegend","particle":"furnitures:pokelegend/furniture_pokelegend"},"elements":[{"from":[3,0,3],"to":[16,16,10],"rotation":{"angle":0,"axis":"y","origin":[4,0,3]},"faces":{"north":{"uv":[0,0.5625,0.40625,1.0625],"texture":"#0"},"east":{"uv":[0,1.0625,0.21875,1.5625],"texture":"#0"},"south":{"uv":[0.40625,0.5625,0.8125,1.0625],"texture":"#0"},"west":{"uv":[0.21875,1.0625,0.4375,1.5625],"texture":"#0"},"up":{"uv":[0.40625,1.78125,0,1.5625],"texture":"#0"},"down":{"uv":[1.40625,0.5625,1,0.78125],"texture":"#0"}}},{"from":[3,0,10],"to":[10,16,16],"rotation":{"angle":0,"axis":"y","origin":[4,0,8]},"faces":{"north":{"uv":[0.4375,1.0625,0.65625,1.5625],"texture":"#0"},"east":{"uv":[0.8125,0.5625,1,1.0625],"texture":"#0"},"south":{"uv":[0.65625,1.0625,0.875,1.5625],"texture":"#0"},"west":{"uv":[0.875,1.0625,1.0625,1.5625],"texture":"#0"},"up":{"uv":[1.21875,0.96875,1,0.78125],"texture":"#0"},"down":{"uv":[0.625,1.5625,0.40625,1.75],"texture":"#0"}}}],"gui_light":"front","display":{"thirdperson_righthand":{"translation":[0,3,1],"scale":[0.55,0.55,0.55]},"thirdperson_lefthand":{"translation":[0,3,1],"scale":[0.55,0.55,0.55]},"firstperson_righthand":{"rotation":[0,45,0],"translation":[2.75,0,0],"scale":[0.4,0.4,0.4]},"firstperson_lefthand":{"rotation":[0,45,0],"translation":[2.75,0,0],"scale":[0.4,0.4,0.4]},"ground":{"translation":[0,2,0],"scale":[0.5,0.5,0.5]},"gui":{"rotation":[-128.04,73.88,143.61],"scale":[0.7,0.7,0.7]},"head":{"translation":[-2.25,-31,-2.25],"scale":[1.5,1.5,1.5]},"fixed":{"translation":[-2,0,-16],"scale":[2,2,2]}}}