{"credit":"Made with Blockbench","texture_size":[128,128],"textures":{"0":"furnitures:pokelegend/furniture_pokelegend"},"elements":[{"from":[-16,-16,0],"to":[32,32,0],"rotation":{"angle":0,"axis":"y","origin":[8,0,8]},"faces":{"north":{"uv":[12,0,13.5,1.5],"texture":"#0"},"east":{"uv":[12,0,12,1.5],"texture":"#0"},"south":{"uv":[12,1.5,13.5,3],"texture":"#0"},"west":{"uv":[12,0,12,1.5],"texture":"#0"},"up":{"uv":[13.5,0,12,0],"texture":"#0"},"down":{"uv":[13.5,0,12,0],"texture":"#0"}}}],"gui_light":"front","display":{"thirdperson_righthand":{"scale":[0.1,0.1,0.1]},"thirdperson_lefthand":{"scale":[0.1,0.1,0.1]},"firstperson_righthand":{"rotation":[-180,0,-180],"translation":[3.25,1,0],"scale":[0.1,0.1,0.1]},"firstperson_lefthand":{"rotation":[-180,0,-180],"translation":[3.25,1,0],"scale":[0.1,0.1,0.1]},"ground":{"scale":[0.1,0.1,0.1]},"gui":{"rotation":[-180,0,-180],"scale":[0.2,0.2,0.2]},"head":{"translation":[0,-19.25,7.25]},"fixed":{"translation":[32.25,-32,15.75],"scale":[2,2,2]}}}