{"credit":"Made with Blockbench","parent":"glass_shop_bar","texture_size":[512,512],"textures":{"0":"furnitures:pokelegend/furniture_pokelegend","particle":"furnitures:pokelegend/furniture_pokelegend"},"elements":[{"from":[-16,0,0],"to":[32,3,16],"rotation":{"angle":0,"axis":"y","origin":[8,1.5,8]},"faces":{"north":{"uv":[0,2.9375,1.5,3.03125],"texture":"#0"},"east":{"uv":[0.5,3.03125,1,3.125],"texture":"#0"},"south":{"uv":[0,2.84375,1.5,2.9375],"texture":"#0"},"west":{"uv":[0,3.03125,0.5,3.125],"texture":"#0"},"up":{"uv":[1.5,2.34375,0,1.84375],"rotation":180,"texture":"#0"},"down":{"uv":[1.5,2.34375,0,2.84375],"rotation":180,"texture":"#0"}}}],"gui_light":"front","display":{"thirdperson_righthand":{"translation":[0,2,1],"scale":[0.3,0.3,0.3]},"thirdperson_lefthand":{"translation":[0,2,1],"scale":[0.3,0.3,0.3]},"firstperson_righthand":{"translation":[4.25,2,1],"scale":[0.3,0.3,0.3]},"firstperson_lefthand":{"translation":[4.25,2,1],"scale":[0.3,0.3,0.3]},"ground":{"translation":[0,2.75,0],"scale":[0.5,0.5,0.5]},"gui":{"rotation":[97.5,0,0],"scale":[0.3,0.3,0.3]},"head":{"rotation":[0,180,0],"translation":[0,-31,0.5],"scale":[1.5,1.5,1.5]},"fixed":{"translation":[0.5,13.25,-16],"scale":[2,2,2]}}}