{"credit":"Made with Blockbench","texture_size":[512,512],"textures":{"0":"furnitures:pokelegend/furniture_pokelegend"},"elements":[{"from":[0,-0.1,0],"to":[32,14.9,0],"rotation":{"angle":0,"axis":"y","origin":[0,-0.1,0]},"faces":{"north":{"uv":[5.46875,1,6.46875,1.46875],"texture":"#0"},"east":{"uv":[3.96875,0,3.96875,0.46875],"texture":"#0"},"south":{"uv":[6.46875,1,5.46875,1.46875],"texture":"#0"},"west":{"uv":[3.96875,0,3.96875,0.46875],"texture":"#0"},"up":{"uv":[4.96875,0,3.96875,0],"texture":"#0"},"down":{"uv":[4.96875,0,3.96875,0],"texture":"#0"}}},{"from":[0,14.9,0],"to":[32,16.9,16],"rotation":{"angle":0,"axis":"y","origin":[8,16.9,15.95]},"faces":{"north":{"uv":[3.96875,2,4.96875,2.0625],"texture":"#0"},"east":{"uv":[5.15625,2.0625,5.65625,2.125],"texture":"#0"},"south":{"uv":[4.96875,2,5.96875,2.0625],"texture":"#0"},"west":{"uv":[6.03125,2,6.53125,2.0625],"texture":"#0"},"up":{"uv":[6.46875,0.5,5.46875,0],"texture":"#0"},"down":{"uv":[6.46875,0.5,5.46875,1],"texture":"#0"}}},{"from":[29.825,-0.125,14.8],"to":[31.825,19.875,16.8],"rotation":{"angle":-45,"axis":"x","origin":[30.875,-0.125,13.8]},"faces":{"north":{"uv":[6.03125,2,5.96875,2.625],"texture":"#0"},"east":{"uv":[4.15625,2.0625,4.09375,2.6875],"texture":"#0"},"south":{"uv":[4.09375,2.0625,4.03125,2.6875],"texture":"#0"},"west":{"uv":[4.03125,2.0625,3.96875,2.6875],"texture":"#0"},"up":{"uv":[4.15625,2.1875,4.21875,2.125],"texture":"#0"},"down":{"uv":[4.21875,2.125,4.28125,2.1875],"texture":"#0"}}},{"from":[29.885,0.01,14.01],"to":[31.865,14.99,15.99],"rotation":{"angle":0,"axis":"y","origin":[31.875,0,0]},"faces":{"north":{"uv":[5.71875,2.0625,5.65625,2.53125],"texture":"#0"},"east":{"uv":[5.90625,2.0625,5.84375,2.53125],"texture":"#0"},"south":{"uv":[5.84375,2.0625,5.78125,2.53125],"texture":"#0"},"west":{"uv":[5.78125,2.0625,5.71875,2.53125],"texture":"#0"},"up":{"uv":[5.90625,2.125,5.96875,2.0625],"texture":"#0"},"down":{"uv":[6.03125,2.0625,6.09375,2.125],"texture":"#0"}}}],"gui_light":"front","display":{"thirdperson_righthand":{"scale":[0.4,0.4,0.4]},"thirdperson_lefthand":{"scale":[0.4,0.4,0.4]},"firstperson_righthand":{"translation":[4.75,0.75,0],"scale":[0.2,0.2,0.2]},"firstperson_lefthand":{"translation":[4.75,0.75,0],"scale":[0.2,0.2,0.2]},"ground":{"translation":[0,2,0],"scale":[0.5,0.5,0.5]},"gui":{"rotation":[180,-27.75,180],"translation":[1.25,-2.75,0],"scale":[0.3,0.3,0.3]},"head":{"translation":[4.5,-28.75,4.25],"scale":[1.75,1.75,1.75]},"fixed":{"translation":[0,-1.75,-15.75],"scale":[2,2,2]}}}