{"credit":"Made with Blockbench","texture_size":[128,128],"textures":{"0":"furnitures:pokelegend/furniture_pokelegend","particle":"furnitures:pokelegend/furniture_pokelegend"},"elements":[{"from":[-16,-0.20288,1.21374],"to":[16,10.79712,1.21374],"rotation":{"angle":0,"axis":"y","origin":[-16,-5.20288,1.21374]},"faces":{"north":{"uv":[0,6.96875,1,7.3125],"texture":"#0"},"east":{"uv":[0,5.96875,0,6.3125],"texture":"#0"},"south":{"uv":[1,7.3125,0,7.65625],"texture":"#0"},"west":{"uv":[0,5.96875,0,6.3125],"texture":"#0"},"up":{"uv":[1.5,5.96875,0,5.96875],"texture":"#0"},"down":{"uv":[1.5,5.96875,0,5.96875],"texture":"#0"}}},{"from":[-16,15.9,0],"to":[16,16.9,16],"rotation":{"angle":-22.5,"axis":"x","origin":[-8,16.9,15.95]},"faces":{"north":{"uv":[1.5,5.96875,3,6],"texture":"#0"},"east":{"uv":[1.625,6.03125,2.125,6.0625],"texture":"#0"},"south":{"uv":[1.5,6,3,6.03125],"texture":"#0"},"west":{"uv":[1.625,6.0625,2.125,6.09375],"texture":"#0"},"up":{"uv":[1,6.46875,0,5.96875],"texture":"#0"},"down":{"uv":[1,6.46875,0,6.96875],"texture":"#0"}}},{"from":[14.01,0.01,14.01],"to":[15.99,15.99,15.99],"rotation":{"angle":0,"axis":"y","origin":[16,0,0]},"faces":{"north":{"uv":[1.5625,6.03125,1.5,6.53125],"texture":"#0"},"east":{"uv":[1.625,6.03125,1.5625,6.53125],"texture":"#0"},"south":{"uv":[1.5625,7.03125,1.5,7.53125],"texture":"#0"},"west":{"uv":[1.5625,6.53125,1.5,7.03125],"texture":"#0"},"up":{"uv":[1.625,6.15625,1.6875,6.09375],"texture":"#0"},"down":{"uv":[1.625,6.15625,1.6875,6.21875],"texture":"#0"}}},{"from":[14.02,0.02,14.02],"to":[15.98,14.98,15.98],"rotation":{"angle":-45,"axis":"x","origin":[15,0,14]},"faces":{"north":{"uv":[1.625,6.53125,1.5625,7],"texture":"#0"},"east":{"uv":[1.625,7.46875,1.5625,7.9375],"texture":"#0"},"south":{"uv":[1.5625,7.53125,1.5,8],"texture":"#0"},"west":{"uv":[1.625,7,1.5625,7.46875],"texture":"#0"},"up":{"uv":[1.625,6.28125,1.6875,6.21875],"texture":"#0"},"down":{"uv":[1.625,6.28125,1.6875,6.34375],"texture":"#0"}}}],"gui_light":"front","display":{"thirdperson_righthand":{"scale":[0.4,0.4,0.4]},"thirdperson_lefthand":{"scale":[0.4,0.4,0.4]},"firstperson_righthand":{"translation":[4.75,0.75,0],"scale":[0.2,0.2,0.2]},"firstperson_lefthand":{"translation":[4.75,0.75,0],"scale":[0.2,0.2,0.2]},"ground":{"translation":[0,2,0],"scale":[0.5,0.5,0.5]},"gui":{"rotation":[180,-27.75,180],"translation":[-2.25,-2.75,0],"scale":[0.3,0.3,0.3]},"head":{"translation":[-4.25,-29,2.25],"scale":[1.75,1.75,1.75]},"fixed":{"translation":[32,-2,-16],"scale":[2,2,2]}}}