{"textures":{"0":"modelengine:entity/nocsy_drakonin_baby5"},"elements":[{"from":[6.5657144,5.131179,5.4597807],"to":[9.434286,7.9997506,8.328352],"rotation":{"angle":-22.5,"axis":"x","origin":[8.0,5.994036,7.9797807]},"faces":{"east":{"uv":[5.5,0.75,6.125,1.375],"rotation":0,"texture":"#0","tintindex":0},"south":{"uv":[5.5,1.5,6.125,2.125],"rotation":0,"texture":"#0","tintindex":0},"north":{"uv":[5.5,0.0,6.125,0.625],"rotation":0,"texture":"#0","tintindex":0},"west":{"uv":[5.5,2.25,6.125,2.875],"rotation":0,"texture":"#0","tintindex":0},"up":{"uv":[6.125,3.625,5.5,3.0],"rotation":0,"texture":"#0","tintindex":0},"down":{"uv":[6.125,3.75,5.5,4.375],"rotation":0,"texture":"#0","tintindex":0}}},{"from":[6.5714283,4.458394,6.2264843],"to":[9.428572,7.315537,10.226484],"rotation":{"angle":0.0,"axis":"y","origin":[7.897143,5.528,8.146432]},"faces":{"east":{"uv":[2.5,5.0,3.375,5.625],"rotation":0,"texture":"#0","tintindex":0},"south":{"uv":[3.25,5.75,3.875,6.375],"rotation":0,"texture":"#0","tintindex":0},"north":{"uv":[2.5,5.75,3.125,6.375],"rotation":0,"texture":"#0","tintindex":0},"west":{"uv":[3.5,5.0,4.375,5.625],"rotation":0,"texture":"#0","tintindex":0},"up":{"uv":[5.125,5.875,4.5,5.0],"rotation":0,"texture":"#0","tintindex":0},"down":{"uv":[5.875,5.0,5.25,5.875],"rotation":0,"texture":"#0","tintindex":0}}},{"from":[6.857143,3.39039,9.32654],"to":[9.142858,6.247533,11.040826],"rotation":{"angle":22.5,"axis":"x","origin":[7.52,4.5400867,12.205719]},"faces":{"east":{"uv":[4.375,6.75,4.75,7.375],"rotation":0,"texture":"#0","tintindex":0},"south":{"uv":[6.25,1.5,6.75,2.125],"rotation":0,"texture":"#0","tintindex":0},"north":{"uv":[6.25,0.75,6.75,1.375],"rotation":0,"texture":"#0","tintindex":0},"west":{"uv":[4.875,6.75,5.25,7.375],"rotation":0,"texture":"#0","tintindex":0},"up":{"uv":[5.875,7.125,5.375,6.75],"rotation":0,"texture":"#0","tintindex":0},"down":{"uv":[7.5,0.0,7.0,0.375],"rotation":0,"texture":"#0","tintindex":0}}}],"display":{"head":{"translation":[0.0,-6.4,0.0],"scale":[4.0,4.0,4.0]}}}