{"textures":{"0":"modelengine:entity/nocsy_drakonin_baby5"},"elements":[{"from":[7.1885715,6.2369223,7.117333],"to":[8.331429,8.522636,8.26019],"rotation":{"angle":22.5,"axis":"x","origin":[8.165714,8.159208,7.6956186]},"faces":{"east":{"uv":[3.25,9.125,3.0,9.625],"rotation":0,"texture":"#0","tintindex":0},"south":{"uv":[9.375,2.0,9.125,2.5],"rotation":0,"texture":"#0","tintindex":0},"north":{"uv":[3.75,9.0,3.5,9.5],"rotation":0,"texture":"#0","tintindex":0},"west":{"uv":[1.5,9.125,1.25,9.625],"rotation":0,"texture":"#0","tintindex":0},"up":{"uv":[11.0,1.0,11.25,0.75],"rotation":0,"texture":"#0","tintindex":0},"down":{"uv":[1.125,11.0,1.375,11.25],"rotation":0,"texture":"#0","tintindex":0}}}],"display":{"head":{"translation":[0.0,-6.4,0.0],"scale":[4.0,4.0,4.0]}}}