{
  "textures": {
    "0": "item/omnitool/tile109"
  },
  "elements": [
    {
      "from": [7.1, 1.3, 7.5],
      "to": [8.6, 2.6, 8.5],
      "rotation": {"angle": 45, "axis": "z", "origin": [7.8, 0, 8]},
      "faces": {
        "north": {"uv": [7, 7, 8.5, 8.5], "texture": "#0"},
        "east": {"uv": [0, 10, 1, 11.5], "texture": "#0"},
        "south": {"uv": [3, 8, 4.5, 9.5], "texture": "#0"},
        "west": {"uv": [7, 11, 8, 12.5], "texture": "#0"},
        "up": {"uv": [12.5, 8, 11, 7], "texture": "#0"},
        "down": {"uv": [9.5, 11, 8, 12], "texture": "#0"}
      }
    },
    {
      "from": [6.54038, 1.47739, 7.625],
      "to": [7.44038, 2.37739, 8.375],
      "rotation": {"angle": 0, "axis": "y", "origin": [7.34038, 2.22739, 8]},
      "faces": {
        "north": {"uv": [5, 8, 6, 9], "texture": "#0"},
        "east": {"uv": [6, 14, 6.5, 15], "texture": "#0"},
        "south": {"uv": [8, 12, 9, 13], "texture": "#0"},
        "west": {"uv": [7, 14, 7.5, 15], "texture": "#0"},
        "up": {"uv": [15, 7.5, 14, 7], "texture": "#0"},
        "down": {"uv": [9, 14, 8, 14.5], "texture": "#0"}
      }
    },
    {
      "from": [5.31618, 1.93378, 7.6],
      "to": [6.51618, 4.80878, 8.4],
      "rotation": {"angle": 22.5, "axis": "z", "origin": [6.83994, 2.31455, 8]},
      "faces": {
        "north": {"uv": [2, 4, 3, 7], "texture": "#0"},
        "east": {"uv": [3, 4, 4, 7], "texture": "#0"},
        "south": {"uv": [4, 4, 5, 7], "texture": "#0"},
        "west": {"uv": [5, 4, 6, 7], "texture": "#0"},
        "up": {"uv": [10, 13, 9, 12], "texture": "#0"},
        "down": {"uv": [11, 12, 10, 13], "texture": "#0"}
      }
    },
    {
      "from": [4.47891, 4.08104, 7.7],
      "to": [5.47891, 8.95604, 8.3],
      "rotation": {"angle": 0, "axis": "y", "origin": [4.90689, 4.26849, 8]},
      "faces": {
        "north": {"uv": [0, 2, 1, 7], "texture": "#0"},
        "east": {"uv": [1, 7, 1.5, 12], "texture": "#0"},
        "south": {"uv": [1, 2, 2, 7], "texture": "#0"},
        "west": {"uv": [2, 7, 2.5, 12], "texture": "#0"},
        "up": {"uv": [15, 8.5, 14, 8], "texture": "#0"},
        "down": {"uv": [10, 14, 9, 14.5], "texture": "#0"}
      }
    },
    {
      "from": [4.47891, 8.78104, 7.525],
      "to": [5.67891, 11.75604, 8.45],
      "rotation": {"angle": -22.5, "axis": "z", "origin": [5.07891, 8.91854, 8]},
      "faces": {
        "north": {"uv": [6, 0, 7, 3], "texture": "#0"},
        "east": {"uv": [6, 3, 7, 6], "texture": "#0"},
        "south": {"uv": [6, 6, 7, 9], "texture": "#0"},
        "west": {"uv": [0, 7, 1, 10], "texture": "#0"},
        "up": {"uv": [12, 13, 11, 12], "texture": "#0"},
        "down": {"uv": [13, 11, 12, 12], "texture": "#0"}
      }
    },
    {
      "from": [5, 11, 7.475],
      "to": [7, 12, 8.475],
      "faces": {
        "north": {"uv": [5, 9, 7, 10], "texture": "#0"},
        "east": {"uv": [12, 12, 13, 13], "texture": "#0"},
        "south": {"uv": [7, 9, 9, 10], "texture": "#0"},
        "west": {"uv": [0, 13, 1, 14], "texture": "#0"},
        "up": {"uv": [11, 8, 9, 7], "texture": "#0"},
        "down": {"uv": [11, 8, 9, 9], "texture": "#0"}
      }
    },
    {
      "from": [3, 12, 7.475],
      "to": [5.2, 13, 8.475],
      "faces": {
        "north": {"uv": [9, 9, 11, 10], "texture": "#0"},
        "east": {"uv": [13, 0, 14, 1], "texture": "#0"},
        "south": {"uv": [10, 2, 12, 3], "texture": "#0"},
        "west": {"uv": [1, 13, 2, 14], "texture": "#0"},
        "up": {"uv": [5, 11, 3, 10], "texture": "#0"},
        "down": {"uv": [12, 3, 10, 4], "texture": "#0"}
      }
    },
    {
      "from": [2.75, 11.65, 7.575],
      "to": [3.45, 12.85, 8.375],
      "rotation": {"angle": -22.5, "axis": "z", "origin": [3.2, 12.3, 7.975]},
      "faces": {
        "north": {"uv": [14, 9, 14.5, 10], "texture": "#0"},
        "east": {"uv": [13, 1, 14, 2], "texture": "#0"},
        "south": {"uv": [10, 14, 10.5, 15], "texture": "#0"},
        "west": {"uv": [2, 13, 3, 14], "texture": "#0"},
        "up": {"uv": [14.5, 11, 14, 10], "texture": "#0"},
        "down": {"uv": [11.5, 14, 11, 15], "texture": "#0"}
      }
    },
    {
      "from": [7, 12, 7.475],
      "to": [9.025, 13, 8.475],
      "faces": {
        "north": {"uv": [10, 4, 12, 5], "texture": "#0"},
        "east": {"uv": [3, 13, 4, 14], "texture": "#0"},
        "south": {"uv": [5, 10, 7, 11], "texture": "#0"},
        "west": {"uv": [4, 13, 5, 14], "texture": "#0"},
        "up": {"uv": [12, 6, 10, 5], "texture": "#0"},
        "down": {"uv": [12, 6, 10, 7], "texture": "#0"}
      }
    },
    {
      "from": [6.65, 11.15, 7.5],
      "to": [7.8, 12.225, 8.45],
      "rotation": {"angle": 45, "axis": "z", "origin": [7.0125, 11.5, 7.975]},
      "faces": {
        "north": {"uv": [5, 13, 6, 14], "texture": "#0"},
        "east": {"uv": [6, 13, 7, 14], "texture": "#0"},
        "south": {"uv": [7, 13, 8, 14], "texture": "#0"},
        "west": {"uv": [13, 7, 14, 8], "texture": "#0"},
        "up": {"uv": [9, 14, 8, 13], "texture": "#0"},
        "down": {"uv": [14, 8, 13, 9], "texture": "#0"}
      }
    },
    {
      "from": [4.5375, 11.6125, 7.5],
      "to": [5.6125, 12.7625, 8.45],
      "rotation": {"angle": 45, "axis": "z", "origin": [5.2625, 11.975, 7.975]},
      "faces": {
        "north": {"uv": [9, 13, 10, 14], "texture": "#0"},
        "east": {"uv": [13, 9, 14, 10], "texture": "#0"},
        "south": {"uv": [10, 13, 11, 14], "texture": "#0"},
        "west": {"uv": [13, 10, 14, 11], "texture": "#0"},
        "up": {"uv": [12, 14, 11, 13], "texture": "#0"},
        "down": {"uv": [14, 11, 13, 12], "texture": "#0"}
      }
    },
    {
      "from": [9.025, 12, 7.475],
      "to": [10.05, 12.6, 8.475],
      "faces": {
        "north": {"uv": [14, 11, 15, 11.5], "texture": "#0"},
        "east": {"uv": [12, 14, 13, 14.5], "texture": "#0"},
        "south": {"uv": [14, 12, 15, 12.5], "texture": "#0"},
        "west": {"uv": [13, 14, 14, 14.5], "texture": "#0"},
        "up": {"uv": [13, 14, 12, 13], "texture": "#0"},
        "down": {"uv": [14, 12, 13, 13], "texture": "#0"}
      }
    },
    {
      "from": [7, 11.8, 7.475],
      "to": [12.525, 12, 8.475],
      "faces": {
        "north": {"uv": [7, 0, 12.5, 0.5], "texture": "#0"},
        "east": {"uv": [14, 14, 15, 14.5], "texture": "#0"},
        "south": {"uv": [7, 1, 12.5, 1.5], "texture": "#0"},
        "west": {"uv": [0, 15, 1, 15.5], "texture": "#0"},
        "up": {"uv": [5.5, 1, 0, 0], "texture": "#0"},
        "down": {"uv": [5.5, 1, 0, 2], "texture": "#0"}
      }
    },
    {
      "from": [8.6, 11.6, 7.475],
      "to": [10.925, 11.8, 8.475],
      "faces": {
        "north": {"uv": [12, 2, 14.5, 2.5], "texture": "#0"},
        "east": {"uv": [1, 15, 2, 15.5], "texture": "#0"},
        "south": {"uv": [12, 3, 14.5, 3.5], "texture": "#0"},
        "west": {"uv": [2, 15, 3, 15.5], "texture": "#0"},
        "up": {"uv": [9.5, 3, 7, 2], "texture": "#0"},
        "down": {"uv": [5.5, 7, 3, 8], "texture": "#0"}
      }
    },
    {
      "from": [10, 12.2, 7.475],
      "to": [12.325, 12.4, 8.475],
      "rotation": {"angle": 0, "axis": "y", "origin": [1.4, 0.6, 0]},
      "faces": {
        "north": {"uv": [4, 12, 6.5, 12.5], "texture": "#0"},
        "east": {"uv": [15, 2, 16, 2.5], "texture": "#0"},
        "south": {"uv": [12, 4, 14.5, 4.5], "texture": "#0"},
        "west": {"uv": [3, 15, 4, 15.5], "texture": "#0"},
        "up": {"uv": [9.5, 4, 7, 3], "texture": "#0"},
        "down": {"uv": [9.5, 4, 7, 5], "texture": "#0"}
      }
    },
    {
      "from": [8.6, 11.4, 7.475],
      "to": [10.025, 11.6, 8.475],
      "faces": {
        "north": {"uv": [13, 13, 14.5, 13.5], "texture": "#0"},
        "east": {"uv": [15, 3, 16, 3.5], "texture": "#0"},
        "south": {"uv": [0, 14, 1.5, 14.5], "texture": "#0"},
        "west": {"uv": [4, 15, 5, 15.5], "texture": "#0"},
        "up": {"uv": [12.5, 9, 11, 8], "texture": "#0"},
        "down": {"uv": [12.5, 9, 11, 10], "texture": "#0"}
      }
    },
    {
      "from": [10.05, 12, 7.475],
      "to": [13.575, 12.2, 8.475],
      "faces": {
        "north": {"uv": [7, 10, 10.5, 10.5], "texture": "#0"},
        "east": {"uv": [15, 4, 16, 4.5], "texture": "#0"},
        "south": {"uv": [3, 11, 6.5, 11.5], "texture": "#0"},
        "west": {"uv": [5, 15, 6, 15.5], "texture": "#0"},
        "up": {"uv": [5.5, 3, 2, 2], "texture": "#0"},
        "down": {"uv": [5.5, 3, 2, 4], "texture": "#0"}
      }
    },
    {
      "from": [4.7, 13, 7.475],
      "to": [7.4, 13.3, 8.475],
      "faces": {
        "north": {"uv": [12, 5, 14.5, 5.5], "texture": "#0"},
        "east": {"uv": [15, 5, 16, 5.5], "texture": "#0"},
        "south": {"uv": [12, 6, 14.5, 6.5], "texture": "#0"},
        "west": {"uv": [6, 15, 7, 15.5], "texture": "#0"},
        "up": {"uv": [9.5, 6, 7, 5], "texture": "#0"},
        "down": {"uv": [9.5, 6, 7, 7], "texture": "#0"}
      }
    },
    {
      "from": [6.6, 12.8, 7.475],
      "to": [7, 13, 8.475],
      "faces": {
        "north": {"uv": [15, 12, 15.5, 12.5], "texture": "#0"},
        "east": {"uv": [15, 6, 16, 6.5], "texture": "#0"},
        "south": {"uv": [13, 15, 13.5, 15.5], "texture": "#0"},
        "west": {"uv": [7, 15, 8, 15.5], "texture": "#0"},
        "up": {"uv": [15.5, 8, 15, 7], "texture": "#0"},
        "down": {"uv": [8.5, 15, 8, 16], "texture": "#0"}
      }
    },
    {
      "from": [5.2, 12.8, 7.475],
      "to": [5.6, 13, 8.475],
      "faces": {
        "north": {"uv": [15, 13, 15.5, 13.5], "texture": "#0"},
        "east": {"uv": [15, 8, 16, 8.5], "texture": "#0"},
        "south": {"uv": [14, 15, 14.5, 15.5], "texture": "#0"},
        "west": {"uv": [9, 15, 10, 15.5], "texture": "#0"},
        "up": {"uv": [15.5, 10, 15, 9], "texture": "#0"},
        "down": {"uv": [10.5, 15, 10, 16], "texture": "#0"}
      }
    },
    {
      "from": [4.4, 8.5, 7.475],
      "to": [5.8, 9.1, 8.5],
      "rotation": {"angle": -22.5, "axis": "z", "origin": [5.05, 8.8, 7.9875]},
      "faces": {
        "north": {"uv": [14, 0, 15.5, 0.5], "texture": "#0"},
        "east": {"uv": [15, 10, 16, 10.5], "texture": "#0"},
        "south": {"uv": [14, 1, 15.5, 1.5], "texture": "#0"},
        "west": {"uv": [11, 15, 12, 15.5], "texture": "#0"},
        "up": {"uv": [11.5, 12, 10, 11], "texture": "#0"},
        "down": {"uv": [12.5, 10, 11, 11], "texture": "#0"}
      }
    },
    {
      "from": [4.4, 3.925, 7.475],
      "to": [5.8, 4.525, 8.5],
      "rotation": {"angle": 22.5, "axis": "z", "origin": [5.05, 4.225, 7.9875]},
      "faces": {
        "north": {"uv": [2, 14, 3.5, 14.5], "texture": "#0"},
        "east": {"uv": [15, 11, 16, 11.5], "texture": "#0"},
        "south": {"uv": [4, 14, 5.5, 14.5], "texture": "#0"},
        "west": {"uv": [12, 15, 13, 15.5], "texture": "#0"},
        "up": {"uv": [1.5, 13, 0, 12], "texture": "#0"},
        "down": {"uv": [3.5, 12, 2, 13], "texture": "#0"}
      }
    }
  ],
  "display": {
    "thirdperson_righthand": {
      "rotation": [0, 90, 0],
      "translation": [0, 0.75, -1.75],
      "scale": [1.5, 1.5, 1.5]
    },
    "thirdperson_lefthand": {
      "rotation": [0, -90, 0],
      "translation": [0, 0.75, -1.75]
    },
    "firstperson_righthand": {
      "rotation": [0, 102, 0],
      "translation": [0, 5, 0],
      "scale": [1.2, 1.2, 1.2]
    },
    "firstperson_lefthand": {
      "rotation": [0, -91, 0],
      "translation": [0, 5, 0]
    },
    "ground": {
      "translation": [3.5, 0, 0]
    },
    "gui": {
      "rotation": [0, 0, -34]
    },
    "head": {
      "rotation": [0, 90, 0],
      "translation": [0, 0.75, -2.5]
    },
    "fixed": {
      "scale": [1.5, 1.5, 1.5]
    }
  },
  "groups": [
    {
      "name": "group",
      "origin": [5.05, 4.225, 7.9875],
      "color": 0,
      "children": [0, 1, 2, 3, 4, 5, 6, 7, 8, 9, 10, 11, 12, 13, 14, 15, 16, 17, 18, 19, 20, 21]
    }
  ]
}