{
  "texture_size": [32, 32],
  "textures": {
    "0": "item/omnitool/tile111"
  },
  "elements": [
    {
      "from": [6, 12, 8],
      "to": [12, 14, 9],
      "faces": {
        "north": {"uv": [0, 0, 3, 1], "texture": "#0"},
        "east": {"uv": [3, 6, 3.5, 7], "texture": "#0"},
        "south": {"uv": [0, 1, 3, 2], "texture": "#0"},
        "west": {"uv": [6, 3, 6.5, 4], "texture": "#0"},
        "up": {"uv": [6, 2.5, 3, 2], "texture": "#0"},
        "down": {"uv": [6, 2.5, 3, 3], "texture": "#0"}
      }
    },
    {
      "from": [2, 4, 8],
      "to": [4, 10, 9],
      "rotation": {"angle": 0, "axis": "z", "origin": [2, 13, 0.5]},
      "faces": {
        "north": {"uv": [0, 2, 1, 5], "texture": "#0"},
        "east": {"uv": [3, 3, 3.5, 6], "texture": "#0"},
        "south": {"uv": [1, 2, 2, 5], "texture": "#0"},
        "west": {"uv": [3.5, 3, 4, 6], "texture": "#0"},
        "up": {"uv": [4.5, 6.5, 3.5, 6], "texture": "#0"},
        "down": {"uv": [7, 4, 6, 4.5], "texture": "#0"}
      }
    },
    {
      "from": [7, 11, 8.1],
      "to": [11, 12, 8.9],
      "faces": {
        "north": {"uv": [4, 0, 6, 0.5], "texture": "#0"},
        "east": {"uv": [4.5, 7.5, 5, 8], "texture": "#0"},
        "south": {"uv": [4, 0.5, 6, 1], "texture": "#0"},
        "west": {"uv": [7.5, 4.5, 8, 5], "texture": "#0"},
        "up": {"uv": [6, 1.5, 4, 1], "texture": "#0"},
        "down": {"uv": [6, 1.5, 4, 2], "texture": "#0"}
      }
    },
    {
      "from": [4, 5, 8.1],
      "to": [5, 9, 8.9],
      "rotation": {"angle": 0, "axis": "z", "origin": [6, 7.5, 0.5]},
      "faces": {
        "north": {"uv": [2, 4, 2.5, 6], "texture": "#0"},
        "east": {"uv": [2.5, 4, 3, 6], "texture": "#0"},
        "south": {"uv": [4, 3, 4.5, 5], "texture": "#0"},
        "west": {"uv": [4.5, 3, 5, 5], "texture": "#0"},
        "up": {"uv": [5.5, 8, 5, 7.5], "texture": "#0"},
        "down": {"uv": [8, 5, 7.5, 5.5], "texture": "#0"}
      }
    },
    {
      "from": [6, 10, 7.5],
      "to": [7, 12, 9.5],
      "faces": {
        "north": {"uv": [4.5, 6, 5, 7], "texture": "#0"},
        "east": {"uv": [6, 4.5, 6.5, 5.5], "texture": "#0"},
        "south": {"uv": [5, 6, 5.5, 7], "texture": "#0"},
        "west": {"uv": [5.5, 6, 6, 7], "texture": "#0"},
        "up": {"uv": [6.5, 8, 6, 7.5], "texture": "#0"},
        "down": {"uv": [8, 6.5, 7.5, 7], "texture": "#0"}
      }
    },
    {
      "from": [3, 10, 7.5],
      "to": [4, 12, 9.5],
      "faces": {
        "north": {"uv": [6, 5.5, 6.5, 6.5], "texture": "#0"},
        "east": {"uv": [6.5, 3, 7, 4], "texture": "#0"},
        "south": {"uv": [3.5, 6.5, 4, 7.5], "texture": "#0"},
        "west": {"uv": [4, 6.5, 4.5, 7.5], "texture": "#0"},
        "up": {"uv": [7.5, 8, 7, 7.5], "texture": "#0"},
        "down": {"uv": [8, 7.5, 7.5, 8], "texture": "#0"}
      }
    },
    {
      "from": [4, 9, 7.5],
      "to": [6, 13, 9.5],
      "faces": {
        "north": {"uv": [2, 2, 3, 4], "texture": "#0"},
        "east": {"uv": [0, 5, 0.5, 7], "texture": "#0"},
        "south": {"uv": [3, 0, 4, 2], "texture": "#0"},
        "west": {"uv": [0.5, 5, 1, 7], "texture": "#0"},
        "up": {"uv": [7.5, 5, 6.5, 4.5], "texture": "#0"},
        "down": {"uv": [7.5, 5, 6.5, 5.5], "texture": "#0"}
      }
    },
    {
      "from": [2, 12, 8.25],
      "to": [4, 14, 8.75],
      "faces": {
        "north": {"uv": [1, 5, 2, 6], "texture": "#0"},
        "east": {"uv": [6.5, 5.5, 7, 6.5], "texture": "#0"},
        "south": {"uv": [5, 3, 6, 4], "texture": "#0"},
        "west": {"uv": [6, 6.5, 6.5, 7.5], "texture": "#0"},
        "up": {"uv": [7.5, 7, 6.5, 6.5], "texture": "#0"},
        "down": {"uv": [1, 7, 0, 7.5], "texture": "#0"}
      }
    },
    {
      "from": [2, 11, 8.25],
      "to": [3, 12, 8.75],
      "faces": {
        "north": {"uv": [0, 8, 0.5, 8.5], "texture": "#0"},
        "east": {"uv": [0.5, 8, 1, 8.5], "texture": "#0"},
        "south": {"uv": [1, 8, 1.5, 8.5], "texture": "#0"},
        "west": {"uv": [8, 1, 8.5, 1.5], "texture": "#0"},
        "up": {"uv": [2, 8.5, 1.5, 8], "texture": "#0"},
        "down": {"uv": [8.5, 1.5, 8, 2], "texture": "#0"}
      }
    },
    {
      "from": [12, 4, 8],
      "to": [13, 5, 9],
      "faces": {
        "north": {"uv": [2, 8, 2.5, 8.5], "texture": "#0"},
        "east": {"uv": [8, 2, 8.5, 2.5], "texture": "#0"},
        "south": {"uv": [2.5, 8, 3, 8.5], "texture": "#0"},
        "west": {"uv": [8, 2.5, 8.5, 3], "texture": "#0"},
        "up": {"uv": [3.5, 8.5, 3, 8], "texture": "#0"},
        "down": {"uv": [8.5, 3, 8, 3.5], "texture": "#0"}
      }
    },
    {
      "from": [11, 3, 8],
      "to": [12, 4, 9],
      "faces": {
        "north": {"uv": [8, 3.5, 8.5, 4], "texture": "#0"},
        "east": {"uv": [8, 4, 8.5, 4.5], "texture": "#0"},
        "south": {"uv": [4.5, 8, 5, 8.5], "texture": "#0"},
        "west": {"uv": [8, 4.5, 8.5, 5], "texture": "#0"},
        "up": {"uv": [5.5, 8.5, 5, 8], "texture": "#0"},
        "down": {"uv": [8.5, 5, 8, 5.5], "texture": "#0"}
      }
    },
    {
      "from": [9, 5, 8],
      "to": [10, 6, 9],
      "faces": {
        "north": {"uv": [5.5, 8, 6, 8.5], "texture": "#0"},
        "east": {"uv": [8, 5.5, 8.5, 6], "texture": "#0"},
        "south": {"uv": [6, 8, 6.5, 8.5], "texture": "#0"},
        "west": {"uv": [8, 6, 8.5, 6.5], "texture": "#0"},
        "up": {"uv": [7, 8.5, 6.5, 8], "texture": "#0"},
        "down": {"uv": [8.5, 6.5, 8, 7], "texture": "#0"}
      }
    },
    {
      "from": [10, 6, 8],
      "to": [11, 7, 9],
      "faces": {
        "north": {"uv": [7, 8, 7.5, 8.5], "texture": "#0"},
        "east": {"uv": [8, 7, 8.5, 7.5], "texture": "#0"},
        "south": {"uv": [7.5, 8, 8, 8.5], "texture": "#0"},
        "west": {"uv": [8, 7.5, 8.5, 8], "texture": "#0"},
        "up": {"uv": [8.5, 8.5, 8, 8], "texture": "#0"},
        "down": {"uv": [0.5, 8.5, 0, 9], "texture": "#0"}
      }
    },
    {
      "from": [8, 8, 8],
      "to": [9, 9, 9],
      "faces": {
        "north": {"uv": [8.5, 0, 9, 0.5], "texture": "#0"},
        "east": {"uv": [0.5, 8.5, 1, 9], "texture": "#0"},
        "south": {"uv": [8.5, 0.5, 9, 1], "texture": "#0"},
        "west": {"uv": [1, 8.5, 1.5, 9], "texture": "#0"},
        "up": {"uv": [9, 1.5, 8.5, 1], "texture": "#0"},
        "down": {"uv": [2, 8.5, 1.5, 9], "texture": "#0"}
      }
    },
    {
      "from": [7, 7, 8],
      "to": [8, 8, 9],
      "faces": {
        "north": {"uv": [8.5, 1.5, 9, 2], "texture": "#0"},
        "east": {"uv": [2, 8.5, 2.5, 9], "texture": "#0"},
        "south": {"uv": [8.5, 2, 9, 2.5], "texture": "#0"},
        "west": {"uv": [2.5, 8.5, 3, 9], "texture": "#0"},
        "up": {"uv": [9, 3, 8.5, 2.5], "texture": "#0"},
        "down": {"uv": [3.5, 8.5, 3, 9], "texture": "#0"}
      }
    },
    {
      "from": [7, 10, 8],
      "to": [8, 11, 9],
      "faces": {
        "north": {"uv": [8.5, 3, 9, 3.5], "texture": "#0"},
        "east": {"uv": [3.5, 8.5, 4, 9], "texture": "#0"},
        "south": {"uv": [8.5, 3.5, 9, 4], "texture": "#0"},
        "west": {"uv": [4, 8.5, 4.5, 9], "texture": "#0"},
        "up": {"uv": [9, 4.5, 8.5, 4], "texture": "#0"},
        "down": {"uv": [5, 8.5, 4.5, 9], "texture": "#0"}
      }
    },
    {
      "from": [8, 9, 8],
      "to": [9, 10, 9],
      "faces": {
        "north": {"uv": [8.5, 4.5, 9, 5], "texture": "#0"},
        "east": {"uv": [5, 8.5, 5.5, 9], "texture": "#0"},
        "south": {"uv": [8.5, 5, 9, 5.5], "texture": "#0"},
        "west": {"uv": [5.5, 8.5, 6, 9], "texture": "#0"},
        "up": {"uv": [9, 6, 8.5, 5.5], "texture": "#0"},
        "down": {"uv": [6.5, 8.5, 6, 9], "texture": "#0"}
      }
    },
    {
      "from": [5, 8, 8],
      "to": [6, 9, 9],
      "faces": {
        "north": {"uv": [8.5, 6, 9, 6.5], "texture": "#0"},
        "east": {"uv": [6.5, 8.5, 7, 9], "texture": "#0"},
        "south": {"uv": [8.5, 6.5, 9, 7], "texture": "#0"},
        "west": {"uv": [7, 8.5, 7.5, 9], "texture": "#0"},
        "up": {"uv": [9, 7.5, 8.5, 7], "texture": "#0"},
        "down": {"uv": [8, 8.5, 7.5, 9], "texture": "#0"}
      }
    },
    {
      "from": [6, 7, 8],
      "to": [7, 8, 9],
      "faces": {
        "north": {"uv": [8.5, 7.5, 9, 8], "texture": "#0"},
        "east": {"uv": [8, 8.5, 8.5, 9], "texture": "#0"},
        "south": {"uv": [8.5, 8, 9, 8.5], "texture": "#0"},
        "west": {"uv": [8.5, 8.5, 9, 9], "texture": "#0"},
        "up": {"uv": [0.5, 9.5, 0, 9], "texture": "#0"},
        "down": {"uv": [9.5, 0, 9, 0.5], "texture": "#0"}
      }
    },
    {
      "from": [4, 13, 8.25],
      "to": [5, 14, 8.75],
      "faces": {
        "north": {"uv": [0.5, 9, 1, 9.5], "texture": "#0"},
        "east": {"uv": [9, 0.5, 9.5, 1], "texture": "#0"},
        "south": {"uv": [1, 9, 1.5, 9.5], "texture": "#0"},
        "west": {"uv": [9, 1, 9.5, 1.5], "texture": "#0"},
        "up": {"uv": [2, 9.5, 1.5, 9], "texture": "#0"},
        "down": {"uv": [9.5, 1.5, 9, 2], "texture": "#0"}
      }
    },
    {
      "from": [6, 8, 7.9],
      "to": [8, 10, 9.15],
      "faces": {
        "north": {"uv": [4, 5, 5, 6], "texture": "#0"},
        "east": {"uv": [7, 0, 7.5, 1], "texture": "#0"},
        "south": {"uv": [5, 4, 6, 5], "texture": "#0"},
        "west": {"uv": [1, 7, 1.5, 8], "texture": "#0"},
        "up": {"uv": [8, 1.5, 7, 1], "texture": "#0"},
        "down": {"uv": [2.5, 7, 1.5, 7.5], "texture": "#0"}
      }
    },
    {
      "from": [8, 6, 8],
      "to": [10, 8, 9],
      "faces": {
        "north": {"uv": [5, 5, 6, 6], "texture": "#0"},
        "east": {"uv": [7, 1.5, 7.5, 2.5], "texture": "#0"},
        "south": {"uv": [6, 0, 7, 1], "texture": "#0"},
        "west": {"uv": [2.5, 7, 3, 8], "texture": "#0"},
        "up": {"uv": [8, 3, 7, 2.5], "texture": "#0"},
        "down": {"uv": [8, 3, 7, 3.5], "texture": "#0"}
      }
    },
    {
      "from": [10, 4, 8],
      "to": [12, 6, 9],
      "faces": {
        "north": {"uv": [1, 6, 2, 7], "texture": "#0"},
        "east": {"uv": [3, 7, 3.5, 8], "texture": "#0"},
        "south": {"uv": [6, 1, 7, 2], "texture": "#0"},
        "west": {"uv": [7, 3.5, 7.5, 4.5], "texture": "#0"},
        "up": {"uv": [5.5, 7.5, 4.5, 7], "texture": "#0"},
        "down": {"uv": [8, 5.5, 7, 6], "texture": "#0"}
      }
    },
    {
      "from": [12, 2, 8],
      "to": [14, 4, 9],
      "faces": {
        "north": {"uv": [2, 6, 3, 7], "texture": "#0"},
        "east": {"uv": [5.5, 7, 6, 8], "texture": "#0"},
        "south": {"uv": [6, 2, 7, 3], "texture": "#0"},
        "west": {"uv": [6.5, 7, 7, 8], "texture": "#0"},
        "up": {"uv": [8, 6.5, 7, 6], "texture": "#0"},
        "down": {"uv": [8, 7, 7, 7.5], "texture": "#0"}
      }
    },
    {
      "from": [12, 1, 8.1],
      "to": [14, 2, 8.9],
      "faces": {
        "north": {"uv": [0, 7.5, 1, 8], "texture": "#0"},
        "east": {"uv": [2, 9, 2.5, 9.5], "texture": "#0"},
        "south": {"uv": [7.5, 0, 8.5, 0.5], "texture": "#0"},
        "west": {"uv": [9, 2, 9.5, 2.5], "texture": "#0"},
        "up": {"uv": [8.5, 1, 7.5, 0.5], "texture": "#0"},
        "down": {"uv": [2.5, 7.5, 1.5, 8], "texture": "#0"}
      }
    },
    {
      "from": [14, 2, 8.1],
      "to": [15, 4, 8.9],
      "faces": {
        "north": {"uv": [7.5, 1.5, 8, 2.5], "texture": "#0"},
        "east": {"uv": [3.5, 7.5, 4, 8.5], "texture": "#0"},
        "south": {"uv": [7.5, 3.5, 8, 4.5], "texture": "#0"},
        "west": {"uv": [4, 7.5, 4.5, 8.5], "texture": "#0"},
        "up": {"uv": [3, 9.5, 2.5, 9], "texture": "#0"},
        "down": {"uv": [9.5, 2.5, 9, 3], "texture": "#0"}
      }
    }
  ],
  "display": {
    "thirdperson_righthand": {
      "rotation": [-39, 90, 0],
      "translation": [0, 2, 2]
    },
    "thirdperson_lefthand": {
      "rotation": [60, 90, 0],
      "translation": [0, 2, 2]
    },
    "firstperson_righthand": {
      "rotation": [57, -93, -3],
      "translation": [1.25, 1.25, -0.25]
    },
    "firstperson_lefthand": {
      "rotation": [-51, -93, -3],
      "translation": [1.25, 1.25, -0.25]
    },
    "ground": {
      "scale": [0.5, 0.5, 0.5]
    },
    "gui": {
      "rotation": [0, 0, -90]
    },
    "fixed": {
      "translation": [0, 0, -1]
    }
  },
  "groups": [
    {
      "name": "group",
      "origin": [0, 0, 0],
      "color": 0,
      "children": [0, 1, 2, 3, 4, 5, 6, 7, 8, 9, 10, 11, 12, 13, 14, 15, 16, 17, 18, 19, 20, 21, 22, 23, 24, 25]
    }
  ]
}