{"credit":"MadewithBlockbench","texture_size":[32,32],"textures":{"0":"outsourced:events/patty/set2/texture1","2":"outsourced:events/patty/set2/texture3","3":"outsourced:events/patty/set2/texture4","4":"outsourced:events/patty/set2/texture5","6":"outsourced:events/patty/set2/texture7","7":"outsourced:events/patty/set2/texture8","8":"outsourced:events/patty/set2/symbol","9":"outsourced:events/patty/set2/flower","particle":"outsourced:events/patty/set2/texture1"},"elements":[{"from":[-1,8,9],"to":[4,8,19],"rotation":{"angle":0,"axis":"y","origin":[0,16,16]},"faces":{"north":{"uv":[2.5,0,0,0],"texture":"#7"},"east":{"uv":[0,0,0,5],"rotation":90,"texture":"#7"},"south":{"uv":[2.5,0,0,0],"rotation":180,"texture":"#7"},"west":{"uv":[0,0,0,5],"rotation":270,"texture":"#7"},"up":{"uv":[4.5,4,2,9],"texture":"#7"},"down":{"uv":[2,4,4.5,9],"rotation":180,"texture":"#7"}}},{"from":[-1,8,-4],"to":[4,8,6],"rotation":{"angle":0,"axis":"y","origin":[0,16,0]},"faces":{"north":{"uv":[0,0,2.5,0],"rotation":180,"texture":"#7"},"east":{"uv":[0,5,0,0],"rotation":90,"texture":"#7"},"south":{"uv":[0,0,2.5,0],"texture":"#7"},"west":{"uv":[0,5,0,0],"rotation":270,"texture":"#7"},"up":{"uv":[4.5,9,2,4],"texture":"#7"},"down":{"uv":[2,9,4.5,4],"rotation":180,"texture":"#7"}}},{"from":[18,6,4.5],"to":[20,8,6.5],"rotation":{"angle":0,"axis":"y","origin":[0,16,32]},"faces":{"north":{"uv":[5,0,4,1],"rotation":180,"texture":"#3"},"east":{"uv":[3,2,4,1],"rotation":270,"texture":"#3"},"south":{"uv":[5,0,4,1],"texture":"#3"},"west":{"uv":[3,2,4,1],"rotation":90,"texture":"#3"},"up":{"uv":[4,0,3,1],"texture":"#3"},"down":{"uv":[3,0,4,1],"rotation":180,"texture":"#3"}}},{"from":[18,6,8.5],"to":[20,8,10.5],"rotation":{"angle":0,"axis":"y","origin":[0,16,16]},"faces":{"north":{"uv":[5,1,4,0],"rotation":180,"texture":"#3"},"east":{"uv":[3,1,4,2],"rotation":270,"texture":"#3"},"south":{"uv":[5,1,4,0],"texture":"#3"},"west":{"uv":[3,1,4,2],"rotation":90,"texture":"#3"},"up":{"uv":[4,1,3,0],"texture":"#3"},"down":{"uv":[3,1,4,0],"rotation":180,"texture":"#3"}}},{"from":[20,6,2.5],"to":[22,8,6.5],"rotation":{"angle":0,"axis":"y","origin":[0,16,32]},"faces":{"north":{"uv":[0,3,1,2],"rotation":180,"texture":"#3"},"east":{"uv":[2,2,3,0],"rotation":270,"texture":"#3"},"south":{"uv":[0,3,1,2],"texture":"#3"},"west":{"uv":[1,2,2,0],"rotation":90,"texture":"#3"},"up":{"uv":[0,0,1,2],"texture":"#3"},"down":{"uv":[1,0,0,2],"rotation":180,"texture":"#3"}}},{"from":[22,6,4.5],"to":[24,8,6.5],"rotation":{"angle":0,"axis":"y","origin":[0,16,32]},"faces":{"north":{"uv":[2,2,1,3],"rotation":180,"texture":"#3"},"east":{"uv":[2,3,3,2],"rotation":270,"texture":"#3"},"south":{"uv":[2,2,1,3],"texture":"#3"},"west":{"uv":[2,3,3,2],"rotation":90,"texture":"#3"},"up":{"uv":[4,1,5,2],"texture":"#3"},"down":{"uv":[5,1,4,2],"rotation":180,"texture":"#3"}}},{"from":[20,6,8.5],"to":[22,8,12.5],"rotation":{"angle":0,"axis":"y","origin":[0,16,16]},"faces":{"north":{"uv":[0,2,1,3],"rotation":180,"texture":"#3"},"east":{"uv":[2,0,3,2],"rotation":270,"texture":"#3"},"south":{"uv":[0,2,1,3],"texture":"#3"},"west":{"uv":[1,0,2,2],"rotation":90,"texture":"#3"},"up":{"uv":[0,2,1,0],"texture":"#3"},"down":{"uv":[1,2,0,0],"rotation":180,"texture":"#3"}}},{"from":[22,6,8.5],"to":[24,8,10.5],"rotation":{"angle":0,"axis":"y","origin":[0,16,16]},"faces":{"north":{"uv":[2,3,1,2],"rotation":180,"texture":"#3"},"east":{"uv":[2,2,3,3],"rotation":270,"texture":"#3"},"south":{"uv":[2,3,1,2],"texture":"#3"},"west":{"uv":[2,2,3,3],"rotation":90,"texture":"#3"},"up":{"uv":[4,2,5,1],"texture":"#3"},"down":{"uv":[5,2,4,1],"rotation":180,"texture":"#3"}}},{"from":[17,6,6.5],"to":[22,8,8.5],"rotation":{"angle":0,"axis":"y","origin":[0,16,16]},"faces":{"north":{"uv":[5.5,4,3,3],"rotation":180,"texture":"#3"},"east":{"uv":[5,0,6,1],"rotation":270,"texture":"#3"},"south":{"uv":[5.5,4,3,3],"texture":"#3"},"west":{"uv":[5,0,6,1],"rotation":90,"texture":"#3"},"up":{"uv":[3,3,5.5,2],"texture":"#3"},"down":{"uv":[5.5,3,3,2],"rotation":180,"texture":"#3"}}},{"from":[1.12485,6.5,-4.45387],"to":[8.12485,8.5,-2.45387],"rotation":{"angle":0,"axis":"y","origin":[3.9,7.75,-4.97951]},"faces":{"north":{"uv":[4,2,7.5,1],"texture":"#0"},"east":{"uv":[7.5,1,8.5,2],"rotation":270,"texture":"#0"},"south":{"uv":[4,2,7.5,3],"rotation":180,"texture":"#0"},"west":{"uv":[7.5,0,8.5,1],"rotation":90,"texture":"#0"},"up":{"uv":[4,0,7.5,1],"rotation":180,"texture":"#0"},"down":{"uv":[7.5,0,4,1],"texture":"#0"}}},{"from":[0.4,6.6,-3.5],"to":[2.4,8.4,-1.5],"rotation":{"angle":-22.5,"axis":"y","origin":[3.9,7.75,-4.97951]},"faces":{"north":{"uv":[1,5,2,4],"texture":"#0"},"east":{"uv":[0,5,1,6],"rotation":270,"texture":"#0"},"south":{"uv":[1,5,2,6],"rotation":180,"texture":"#0"},"west":{"uv":[0,5,1,6],"rotation":90,"texture":"#0"},"up":{"uv":[0,4,1,5],"rotation":180,"texture":"#0"},"down":{"uv":[1,4,0,5],"texture":"#0"}}},{"from":[1.10851,6.5,-2.48615],"to":[2.10851,8.5,-0.48615],"rotation":{"angle":-45,"axis":"y","origin":[3.9,7.75,-4.97951]},"faces":{"north":{"uv":[4.5,6,5,5],"texture":"#0"},"east":{"uv":[5,5,6,6],"rotation":270,"texture":"#0"},"south":{"uv":[4,5,4.5,6],"rotation":180,"texture":"#0"},"west":{"uv":[5,5,6,6],"rotation":90,"texture":"#0"},"up":{"uv":[7.5,2,8,3],"rotation":180,"texture":"#0"},"down":{"uv":[8,2,7.5,3],"texture":"#0"}}},{"from":[-1.42104,6.6,-7.73542],"to":[0.57896,8.4,-5.73542],"rotation":{"angle":22.5,"axis":"y","origin":[3.9,7.75,-4.97951]},"faces":{"north":{"uv":[2,5,3,6],"rotation":90,"texture":"#0"},"east":{"uv":[3,5,4,4],"texture":"#0"},"south":{"uv":[2,5,3,6],"rotation":270,"texture":"#0"},"west":{"uv":[3,5,4,6],"rotation":180,"texture":"#0"},"up":{"uv":[3,5,2,4],"rotation":90,"texture":"#0"},"down":{"uv":[2,5,3,4],"rotation":90,"texture":"#0"}}},{"from":[-2.01268,6.5,-6.47611],"to":[-0.01268,8.5,-5.47611],"rotation":{"angle":0,"axis":"y","origin":[3.9,7.75,-4.97951]},"faces":{"north":{"uv":[7,5,6,4],"rotation":270,"texture":"#0"},"east":{"uv":[7,3,6.5,4],"rotation":180,"texture":"#0"},"south":{"uv":[7,5,6,4],"rotation":90,"texture":"#0"},"west":{"uv":[6.5,4,6,3],"texture":"#0"},"up":{"uv":[7,3,7.5,4],"rotation":270,"texture":"#0"},"down":{"uv":[7.5,3,7,4],"rotation":270,"texture":"#0"}}},{"from":[-2.2,6.6,-6],"to":[-0.2,8.4,-4],"rotation":{"angle":-22.5,"axis":"y","origin":[3.9,7.75,-4.97951]},"faces":{"north":{"uv":[5,5,4,4],"rotation":270,"texture":"#0"},"east":{"uv":[6,3,5,4],"rotation":180,"texture":"#0"},"south":{"uv":[5,5,4,4],"rotation":90,"texture":"#0"},"west":{"uv":[6,5,5,4],"texture":"#0"},"up":{"uv":[4,3,5,4],"rotation":270,"texture":"#0"},"down":{"uv":[5,3,4,4],"rotation":270,"texture":"#0"}}},{"from":[-2.08562,6.5,-4.59493],"to":[-0.08562,8.5,-3.59493],"rotation":{"angle":-45,"axis":"y","origin":[3.9,7.75,-4.97951]},"faces":{"north":{"uv":[7,6,6,5],"rotation":270,"texture":"#0"},"east":{"uv":[13,3,12.5,4],"rotation":180,"texture":"#0"},"south":{"uv":[7,6,6,5],"rotation":90,"texture":"#0"},"west":{"uv":[9.5,4,9,3],"texture":"#0"},"up":{"uv":[7,5,7.5,6],"rotation":270,"texture":"#0"},"down":{"uv":[7.5,5,7,6],"rotation":270,"texture":"#0"}}},{"from":[1.16891,6.6,-10.38517],"to":[3.16891,8.4,-8.38517],"rotation":{"angle":22.5,"axis":"y","origin":[3.9,7.75,-4.97951]},"faces":{"north":{"uv":[14,6.5,13,5.5],"texture":"#0"},"east":{"uv":[15,6.5,14,5.5],"rotation":270,"texture":"#0"},"south":{"uv":[14,4.5,13,5.5],"rotation":180,"texture":"#0"},"west":{"uv":[15,6.5,14,5.5],"rotation":90,"texture":"#0"},"up":{"uv":[15,5.5,14,4.5],"rotation":180,"texture":"#0"},"down":{"uv":[15,5.5,14,4.5],"texture":"#0"}}},{"from":[1.12232,6.5,-9.60675],"to":[2.12232,8.5,-7.60675],"rotation":{"angle":0,"axis":"y","origin":[3.9,7.75,-4.97951]},"faces":{"north":{"uv":[7.5,5,8,6],"rotation":180,"texture":"#0"},"east":{"uv":[8.5,0,9.5,1],"rotation":90,"texture":"#0"},"south":{"uv":[8,6,8.5,5],"texture":"#0"},"west":{"uv":[8.5,0,9.5,1],"rotation":270,"texture":"#0"},"up":{"uv":[8.5,4,9,5],"texture":"#0"},"down":{"uv":[9,4,8.5,5],"rotation":180,"texture":"#0"}}},{"from":[-1,8,-10],"to":[13,8,-2],"rotation":{"angle":-22.5,"axis":"y","origin":[3.9,7.75,-4.97951]},"faces":{"north":{"uv":[0,7,0,0],"rotation":90,"texture":"#9"},"east":{"uv":[3.5,0,0,0],"texture":"#9"},"south":{"uv":[0,7,0,0],"rotation":270,"texture":"#9"},"west":{"uv":[3.5,0,0,0],"rotation":180,"texture":"#9"},"up":{"uv":[12,15,4,1],"rotation":270,"texture":"#9"},"down":{"uv":[4,15,12,1],"rotation":270,"texture":"#9"}}},{"from":[8,6.6,-6.1],"to":[10,8.4,-4.1],"rotation":{"angle":-22.5,"axis":"y","origin":[3.9,7.75,-4.97951]},"faces":{"north":{"uv":[3,3,4,2],"texture":"#0"},"east":{"uv":[2,3,3,4],"rotation":270,"texture":"#0"},"south":{"uv":[3,3,4,4],"rotation":180,"texture":"#0"},"west":{"uv":[2,3,3,4],"rotation":90,"texture":"#0"},"up":{"uv":[3,2,2,3],"rotation":180,"texture":"#0"},"down":{"uv":[2,2,3,3],"texture":"#0"}}},{"from":[3,5,5],"to":[17,8,10],"faces":{"north":{"uv":[9,4,16,5.5],"texture":"#6"},"east":{"uv":[13.5,5.5,16,7],"texture":"#6"},"south":{"uv":[9,4,16,5.5],"texture":"#6"},"west":{"uv":[13.5,5.5,16,7],"texture":"#6"},"up":{"uv":[9,1.5,16,4],"texture":"#6"},"down":{"uv":[9,1.5,16,4],"texture":"#6"}}},{"from":[-1,8,17],"to":[13,8,25],"rotation":{"angle":22.5,"axis":"y","origin":[3.9,7.75,19.97951]},"faces":{"north":{"uv":[0,0,0,7],"rotation":270,"texture":"#9"},"east":{"uv":[0,0,3.5,0],"texture":"#9"},"south":{"uv":[0,0,0,7],"rotation":90,"texture":"#9"},"west":{"uv":[0,0,3.5,0],"rotation":180,"texture":"#9"},"up":{"uv":[4,15,12,1],"rotation":270,"texture":"#9"},"down":{"uv":[12,15,4,1],"rotation":270,"texture":"#9"}}},{"from":[8,5.5,-6],"to":[9,9.5,-5],"rotation":{"angle":-22.5,"axis":"y","origin":[10,7.5,-4.5]},"faces":{"north":{"uv":[11,0.5,11.5,2.5],"texture":"#0"},"east":{"uv":[12,2,11.5,0],"texture":"#0"},"south":{"uv":[11,0.5,11.5,2.5],"rotation":180,"texture":"#0"},"west":{"uv":[12,2,11.5,0],"rotation":180,"texture":"#0"},"up":{"uv":[11.5,0.5,11,0],"rotation":180,"texture":"#0"},"down":{"uv":[11.5,0.5,11,0],"texture":"#0"}}},{"from":[8.5,9.5,-6],"to":[9,10,-5],"rotation":{"angle":-22.5,"axis":"y","origin":[10,7.5,-4.5]},"faces":{"north":{"uv":[7,7.5,7.25,7.75],"rotation":270,"texture":"#0"},"east":{"uv":[6,7.75,5.5,7.5],"texture":"#0"},"south":{"uv":[7,7.5,7.25,7.75],"rotation":270,"texture":"#0"},"west":{"uv":[7,7.75,6.5,7.5],"rotation":180,"texture":"#0"},"up":{"uv":[6.5,7.75,6,7.5],"rotation":270,"texture":"#0"},"down":{"uv":[6,7.75,5.5,7.5],"rotation":90,"texture":"#0"}}},{"from":[8.5,5,-6],"to":[9,5.5,-5],"rotation":{"angle":-22.5,"axis":"y","origin":[10,7.5,-4.5]},"faces":{"north":{"uv":[9.25,4,9.5,4.25],"rotation":270,"texture":"#0"},"east":{"uv":[12,2.5,11.75,2],"rotation":270,"texture":"#0"},"south":{"uv":[9.25,4,9.5,4.25],"rotation":270,"texture":"#0"},"west":{"uv":[12,2.5,11.75,2],"rotation":90,"texture":"#0"},"up":{"uv":[11.75,2.5,11.5,2],"rotation":180,"texture":"#0"},"down":{"uv":[11.75,2.5,11.5,2],"texture":"#0"}}},{"from":[9,4.5,-6],"to":[13,5.5,-5],"rotation":{"angle":-22.5,"axis":"y","origin":[10,7.5,-4.5]},"faces":{"north":{"uv":[14,2,13.5,0],"rotation":270,"texture":"#2"},"east":{"uv":[14,2.5,13.5,2],"rotation":270,"texture":"#2"},"south":{"uv":[14,2,13.5,0],"rotation":270,"texture":"#2"},"west":{"uv":[14,2.5,13.5,2],"rotation":90,"texture":"#2"},"up":{"uv":[16,2.5,14,2],"rotation":180,"texture":"#2"},"down":{"uv":[16,2.5,14,2],"texture":"#2"}}},{"from":[13,5,-6],"to":[13.5,5.5,-5],"rotation":{"angle":-22.5,"axis":"y","origin":[10,7.5,-4.5]},"faces":{"north":{"uv":[9.25,4.25,9.5,4],"rotation":270,"texture":"#0"},"east":{"uv":[11.75,2.5,12,2],"rotation":270,"texture":"#0"},"south":{"uv":[9.25,4.25,9.5,4],"rotation":270,"texture":"#0"},"west":{"uv":[11.75,2.5,12,2],"rotation":90,"texture":"#0"},"up":{"uv":[11.5,2.5,11.75,2],"rotation":180,"texture":"#0"},"down":{"uv":[11.5,2.5,11.75,2],"texture":"#0"}}},{"from":[13,9.5,-6],"to":[13.5,10,-5],"rotation":{"angle":-22.5,"axis":"y","origin":[10,7.5,-4.5]},"faces":{"north":{"uv":[7,7.75,7.25,7.5],"rotation":270,"texture":"#0"},"east":{"uv":[7,7.5,6.5,7.75],"texture":"#0"},"south":{"uv":[7,7.75,7.25,7.5],"rotation":270,"texture":"#0"},"west":{"uv":[6,7.5,5.5,7.75],"rotation":180,"texture":"#0"},"up":{"uv":[6.5,7.5,6,7.75],"rotation":270,"texture":"#0"},"down":{"uv":[6,7.5,5.5,7.75],"rotation":90,"texture":"#0"}}},{"from":[9,9.5,-6],"to":[13,10.5,-5],"rotation":{"angle":-22.5,"axis":"y","origin":[10,7.5,-4.5]},"faces":{"north":{"uv":[13.5,2,14,0],"rotation":270,"texture":"#2"},"east":{"uv":[13.5,2.5,14,2],"rotation":270,"texture":"#2"},"south":{"uv":[13.5,2,14,0],"rotation":270,"texture":"#2"},"west":{"uv":[13.5,2.5,14,2],"rotation":90,"texture":"#2"},"up":{"uv":[14,2.5,16,2],"rotation":180,"texture":"#2"},"down":{"uv":[14,2.5,16,2],"texture":"#2"}}},{"from":[13,5.5,-6],"to":[14,9.5,-5],"rotation":{"angle":-22.5,"axis":"y","origin":[10,7.5,-4.5]},"faces":{"north":{"uv":[11.5,0.5,11,2.5],"texture":"#0"},"east":{"uv":[12,0,11.5,2],"texture":"#0"},"south":{"uv":[11.5,0.5,11,2.5],"rotation":180,"texture":"#0"},"west":{"uv":[12,0,11.5,2],"rotation":180,"texture":"#0"},"up":{"uv":[11,0.5,11.5,0],"rotation":180,"texture":"#0"},"down":{"uv":[11,0.5,11.5,0],"texture":"#0"}}},{"from":[9,5.5,-6],"to":[13,9.5,-5],"rotation":{"angle":-22.5,"axis":"y","origin":[10,7.5,-4.5]},"faces":{"north":{"uv":[16,0,14,2],"texture":"#2"},"east":{"uv":[14,0,13.5,2],"texture":"#2"},"south":{"uv":[16,0,14,2],"rotation":180,"texture":"#2"},"west":{"uv":[14,0,13.5,2],"rotation":180,"texture":"#2"},"up":{"uv":[14,2.5,16,2],"rotation":180,"texture":"#2"},"down":{"uv":[14,2.5,16,2],"texture":"#2"}}},{"from":[8,5.5,20],"to":[9,9.5,21],"rotation":{"angle":22.5,"axis":"y","origin":[10,7.5,20.5]},"faces":{"north":{"uv":[11.5,0.5,11,2.5],"rotation":180,"texture":"#0"},"east":{"uv":[11.5,2,12,0],"texture":"#0"},"south":{"uv":[11.5,0.5,11,2.5],"texture":"#0"},"west":{"uv":[11.5,2,12,0],"rotation":180,"texture":"#0"},"up":{"uv":[11.5,0,11,0.5],"rotation":180,"texture":"#0"},"down":{"uv":[11.5,0,11,0.5],"texture":"#0"}}},{"from":[8.5,9.5,20],"to":[9,10,21],"rotation":{"angle":22.5,"axis":"y","origin":[10,7.5,20.5]},"faces":{"north":{"uv":[7,7.75,7.25,7.5],"rotation":270,"texture":"#0"},"east":{"uv":[5.5,7.75,6,7.5],"texture":"#0"},"south":{"uv":[7,7.75,7.25,7.5],"rotation":270,"texture":"#0"},"west":{"uv":[6.5,7.75,7,7.5],"rotation":180,"texture":"#0"},"up":{"uv":[6,7.75,6.5,7.5],"rotation":270,"texture":"#0"},"down":{"uv":[5.5,7.75,6,7.5],"rotation":90,"texture":"#0"}}},{"from":[8.5,5,20],"to":[9,5.5,21],"rotation":{"angle":22.5,"axis":"y","origin":[10,7.5,20.5]},"faces":{"north":{"uv":[9.25,4.25,9.5,4],"rotation":270,"texture":"#0"},"east":{"uv":[12,2,11.75,2.5],"rotation":270,"texture":"#0"},"south":{"uv":[9.25,4.25,9.5,4],"rotation":270,"texture":"#0"},"west":{"uv":[12,2,11.75,2.5],"rotation":90,"texture":"#0"},"up":{"uv":[11.75,2,11.5,2.5],"rotation":180,"texture":"#0"},"down":{"uv":[11.75,2,11.5,2.5],"texture":"#0"}}},{"from":[9,4.5,20],"to":[13,5.5,21],"rotation":{"angle":22.5,"axis":"y","origin":[10,7.5,20.5]},"faces":{"north":{"uv":[14,0,13.5,2],"rotation":270,"texture":"#2"},"east":{"uv":[14,2,13.5,2.5],"rotation":270,"texture":"#2"},"south":{"uv":[14,0,13.5,2],"rotation":270,"texture":"#2"},"west":{"uv":[14,2,13.5,2.5],"rotation":90,"texture":"#2"},"up":{"uv":[16,2,14,2.5],"rotation":180,"texture":"#2"},"down":{"uv":[16,2,14,2.5],"texture":"#2"}}},{"from":[13,5,20],"to":[13.5,5.5,21],"rotation":{"angle":22.5,"axis":"y","origin":[10,7.5,20.5]},"faces":{"north":{"uv":[9.25,4,9.5,4.25],"rotation":270,"texture":"#0"},"east":{"uv":[11.75,2,12,2.5],"rotation":270,"texture":"#0"},"south":{"uv":[9.25,4,9.5,4.25],"rotation":270,"texture":"#0"},"west":{"uv":[11.75,2,12,2.5],"rotation":90,"texture":"#0"},"up":{"uv":[11.5,2,11.75,2.5],"rotation":180,"texture":"#0"},"down":{"uv":[11.5,2,11.75,2.5],"texture":"#0"}}},{"from":[13,9.5,20],"to":[13.5,10,21],"rotation":{"angle":22.5,"axis":"y","origin":[10,7.5,20.5]},"faces":{"north":{"uv":[7,7.5,7.25,7.75],"rotation":270,"texture":"#0"},"east":{"uv":[6.5,7.5,7,7.75],"texture":"#0"},"south":{"uv":[7,7.5,7.25,7.75],"rotation":270,"texture":"#0"},"west":{"uv":[5.5,7.5,6,7.75],"rotation":180,"texture":"#0"},"up":{"uv":[6,7.5,6.5,7.75],"rotation":270,"texture":"#0"},"down":{"uv":[5.5,7.5,6,7.75],"rotation":90,"texture":"#0"}}},{"from":[9,9.5,20],"to":[13,10.5,21],"rotation":{"angle":22.5,"axis":"y","origin":[10,7.5,20.5]},"faces":{"north":{"uv":[13.5,0,14,2],"rotation":270,"texture":"#2"},"east":{"uv":[13.5,2,14,2.5],"rotation":270,"texture":"#2"},"south":{"uv":[13.5,0,14,2],"rotation":270,"texture":"#2"},"west":{"uv":[13.5,2,14,2.5],"rotation":90,"texture":"#2"},"up":{"uv":[14,2,16,2.5],"rotation":180,"texture":"#2"},"down":{"uv":[14,2,16,2.5],"texture":"#2"}}},{"from":[13,5.5,20],"to":[14,9.5,21],"rotation":{"angle":22.5,"axis":"y","origin":[10,7.5,20.5]},"faces":{"north":{"uv":[11,0.5,11.5,2.5],"rotation":180,"texture":"#0"},"east":{"uv":[11.5,0,12,2],"texture":"#0"},"south":{"uv":[11,0.5,11.5,2.5],"texture":"#0"},"west":{"uv":[11.5,0,12,2],"rotation":180,"texture":"#0"},"up":{"uv":[11,0,11.5,0.5],"rotation":180,"texture":"#0"},"down":{"uv":[11,0,11.5,0.5],"texture":"#0"}}},{"from":[9,5.5,20],"to":[13,9.5,21],"rotation":{"angle":22.5,"axis":"y","origin":[10,7.5,20.5]},"faces":{"north":{"uv":[14,0,16,2],"rotation":180,"texture":"#2"},"east":{"uv":[13.5,0,14,2],"texture":"#2"},"south":{"uv":[14,0,16,2],"texture":"#2"},"west":{"uv":[13.5,0,14,2],"rotation":180,"texture":"#2"},"up":{"uv":[14,2,16,2.5],"rotation":180,"texture":"#2"},"down":{"uv":[14,2,16,2.5],"texture":"#2"}}},{"from":[11.26302,6.3,-5.03134],"to":[13.26302,8.7,-2.03134],"rotation":{"angle":22.5,"axis":"y","origin":[14.70125,7.5,0]},"faces":{"north":{"uv":[8.5,12.5,10,13.5],"rotation":270,"texture":"#4"},"east":{"uv":[7.5,13.5,9,15],"rotation":90,"texture":"#4"},"south":{"uv":[8.5,12.5,10,13.5],"rotation":270,"texture":"#4"},"west":{"uv":[7.5,13.5,9,15],"rotation":90,"texture":"#4"},"up":{"uv":[8.5,11.5,10,12.5],"rotation":270,"texture":"#4"},"down":{"uv":[8.5,11.5,10,12.5],"rotation":270,"texture":"#4"}}},{"from":[11.42935,6.2,-3.97073],"to":[13.42935,8.8,-0.97073],"rotation":{"angle":0,"axis":"y","origin":[14.70125,7.5,0]},"faces":{"north":{"uv":[10,12.5,11.5,13.5],"rotation":90,"texture":"#4"},"east":{"uv":[10,13.5,11.5,15],"rotation":90,"texture":"#4"},"south":{"uv":[10,12.5,11.5,13.5],"rotation":270,"texture":"#4"},"west":{"uv":[10,13.5,11.5,15],"rotation":90,"texture":"#4"},"up":{"uv":[10,15,9,13.5],"rotation":180,"texture":"#4"},"down":{"uv":[10,13.5,9,15],"rotation":180,"texture":"#4"}}},{"from":[11.98931,6.1,-3.05786],"to":[13.98931,8.9,-0.05786],"rotation":{"angle":-22.5,"axis":"y","origin":[14.70125,7.5,0]},"faces":{"north":{"uv":[10,11.5,11.5,12.5],"rotation":90,"texture":"#4"},"east":{"uv":[10,10,11.5,11.5],"rotation":90,"texture":"#4"},"south":{"uv":[10,11.5,11.5,12.5],"rotation":270,"texture":"#4"},"west":{"uv":[10,10,11.5,11.5],"rotation":90,"texture":"#4"},"up":{"uv":[10,11.5,9,10],"rotation":180,"texture":"#4"},"down":{"uv":[10,10,9,11.5],"rotation":180,"texture":"#4"}}},{"from":[14.10251,5.9,-2],"to":[17.10251,9.1,0],"rotation":{"angle":45,"axis":"y","origin":[14.70125,7.5,0]},"faces":{"north":{"uv":[8.5,8,10,9.5],"rotation":90,"texture":"#4"},"east":{"uv":[8,7,9.5,8],"rotation":90,"texture":"#4"},"south":{"uv":[8.5,8,10,9.5],"rotation":90,"texture":"#4"},"west":{"uv":[9.5,7,11,8],"rotation":270,"texture":"#4"},"up":{"uv":[9.5,7,11,8],"texture":"#4"},"down":{"uv":[11,7,9.5,8],"rotation":180,"texture":"#4"}}},{"from":[16.73259,6.2,1.43824],"to":[19.73259,8.8,3.43824],"rotation":{"angle":-22.5,"axis":"y","origin":[14.70125,7.5,0]},"faces":{"north":{"uv":[7.5,15,9,13.5],"rotation":90,"texture":"#4"},"east":{"uv":[8.5,13.5,10,12.5],"rotation":270,"texture":"#4"},"south":{"uv":[7.5,15,9,13.5],"rotation":90,"texture":"#4"},"west":{"uv":[8.5,13.5,10,12.5],"rotation":270,"texture":"#4"},"up":{"uv":[8.5,12.5,10,11.5],"texture":"#4"},"down":{"uv":[8.5,12.5,10,11.5],"rotation":180,"texture":"#4"}}},{"from":[15.67199,6.1,1.27191],"to":[18.67199,8.9,3.27191],"rotation":{"angle":0,"axis":"y","origin":[14.70125,7.5,0]},"faces":{"north":{"uv":[10,15,11.5,13.5],"rotation":90,"texture":"#4"},"east":{"uv":[10,13.5,11.5,12.5],"rotation":90,"texture":"#4"},"south":{"uv":[10,15,11.5,13.5],"rotation":90,"texture":"#4"},"west":{"uv":[10,13.5,11.5,12.5],"rotation":270,"texture":"#4"},"up":{"uv":[10,13.5,9,15],"rotation":90,"texture":"#4"},"down":{"uv":[10,15,9,13.5],"rotation":270,"texture":"#4"}}},{"from":[14.75912,6,0.71194],"to":[17.75912,9,2.71194],"rotation":{"angle":22.5,"axis":"y","origin":[14.70125,7.5,0]},"faces":{"north":{"uv":[10,11.5,11.5,10],"rotation":90,"texture":"#4"},"east":{"uv":[10,12.5,11.5,11.5],"rotation":90,"texture":"#4"},"south":{"uv":[10,11.5,11.5,10],"rotation":90,"texture":"#4"},"west":{"uv":[10,12.5,11.5,11.5],"rotation":270,"texture":"#4"},"up":{"uv":[10,10,9,11.5],"rotation":90,"texture":"#4"},"down":{"uv":[10,11.5,9,10],"rotation":270,"texture":"#4"}}},{"from":[14.10251,5.9,0],"to":[17.10251,9.1,2],"rotation":{"angle":45,"axis":"y","origin":[14.70125,7.5,0]},"faces":{"north":{"uv":[8.5,9.5,10,8],"rotation":90,"texture":"#4"},"east":{"uv":[8,8,9.5,7],"rotation":90,"texture":"#4"},"south":{"uv":[8.5,9.5,10,8],"rotation":90,"texture":"#4"},"west":{"uv":[9.5,8,11,7],"rotation":270,"texture":"#4"},"up":{"uv":[9.5,8,11,7],"texture":"#4"},"down":{"uv":[11,8,9.5,7],"rotation":180,"texture":"#4"}}},{"from":[9,5.5,-9.9],"to":[10,9.5,-5.9],"rotation":{"angle":-45,"axis":"y","origin":[4,7.5,-5.9]},"faces":{"north":{"uv":[5,11,7,10.5],"rotation":270,"texture":"#3"},"east":{"uv":[5,13,7,11],"rotation":270,"texture":"#3"},"south":{"uv":[5,11,7,10.5],"rotation":90,"texture":"#3"},"west":{"uv":[5,13,7,11],"rotation":270,"texture":"#3"},"up":{"uv":[7,10,5,10.5],"rotation":270,"texture":"#3"},"down":{"uv":[7,10,5,10.5],"rotation":270,"texture":"#3"}}},{"from":[10,6.5,-6.9],"to":[14,8.5,-5.9],"rotation":{"angle":-45,"axis":"y","origin":[4,7.5,-5.9]},"faces":{"north":{"uv":[8,11.5,7,9.5],"rotation":270,"texture":"#3"},"east":{"uv":[7,9,8,9.5],"rotation":270,"texture":"#3"},"south":{"uv":[8,11.5,7,9.5],"rotation":90,"texture":"#3"},"west":{"uv":[7,9,8,9.5],"rotation":270,"texture":"#3"},"up":{"uv":[8,9.5,8.5,11.5],"rotation":270,"texture":"#3"},"down":{"uv":[8,9.5,8.5,11.5],"rotation":270,"texture":"#3"}}},{"from":[10,5.5,-8.8],"to":[19,9.5,-7],"rotation":{"angle":-45,"axis":"y","origin":[4,7.5,-5.9]},"faces":{"north":{"uv":[0,11,2,6.5],"rotation":270,"texture":"#3"},"east":{"uv":[0,6.5,2,5.5],"rotation":270,"texture":"#3"},"south":{"uv":[0,11,2,6.5],"rotation":90,"texture":"#3"},"west":{"uv":[0,6.5,2,5.5],"rotation":270,"texture":"#3"},"up":{"uv":[3,6.5,2,11],"rotation":270,"texture":"#3"},"down":{"uv":[3,6.5,2,11],"rotation":270,"texture":"#3"}}},{"from":[8,6.6,19.1],"to":[10,8.4,21.1],"rotation":{"angle":22.5,"axis":"y","origin":[3.9,7.75,19.97951]},"faces":{"north":{"uv":[4,3,3,4],"rotation":180,"texture":"#0"},"east":{"uv":[2,4,3,3],"rotation":270,"texture":"#0"},"south":{"uv":[4,3,3,2],"texture":"#0"},"west":{"uv":[2,4,3,3],"rotation":90,"texture":"#0"},"up":{"uv":[3,3,2,2],"rotation":180,"texture":"#0"},"down":{"uv":[2,3,3,2],"texture":"#0"}}},{"from":[1.12232,6.5,22.60675],"to":[2.12232,8.5,24.60675],"rotation":{"angle":0,"axis":"y","origin":[3.9,7.75,19.97951]},"faces":{"north":{"uv":[8.5,6,8,5],"texture":"#0"},"east":{"uv":[8.5,1,9.5,0],"rotation":90,"texture":"#0"},"south":{"uv":[8,5,7.5,6],"rotation":180,"texture":"#0"},"west":{"uv":[8.5,1,9.5,0],"rotation":270,"texture":"#0"},"up":{"uv":[8.5,5,9,4],"texture":"#0"},"down":{"uv":[9,5,8.5,4],"rotation":180,"texture":"#0"}}},{"from":[1.16891,6.6,23.38517],"to":[3.16891,8.4,25.38517],"rotation":{"angle":-22.5,"axis":"y","origin":[3.9,7.75,19.97951]},"faces":{"north":{"uv":[13,4.5,14,5.5],"rotation":180,"texture":"#0"},"east":{"uv":[15,5.5,14,6.5],"rotation":270,"texture":"#0"},"south":{"uv":[13,6.5,14,5.5],"texture":"#0"},"west":{"uv":[15,5.5,14,6.5],"rotation":90,"texture":"#0"},"up":{"uv":[15,4.5,14,5.5],"rotation":180,"texture":"#0"},"down":{"uv":[15,4.5,14,5.5],"texture":"#0"}}},{"from":[-2.08562,6.5,18.59493],"to":[-0.08562,8.5,19.59493],"rotation":{"angle":45,"axis":"y","origin":[3.9,7.75,19.97951]},"faces":{"north":{"uv":[7,5,6,6],"rotation":90,"texture":"#0"},"east":{"uv":[12.5,3,13,4],"rotation":180,"texture":"#0"},"south":{"uv":[7,5,6,6],"rotation":270,"texture":"#0"},"west":{"uv":[9,4,9.5,3],"texture":"#0"},"up":{"uv":[7.5,5,7,6],"rotation":270,"texture":"#0"},"down":{"uv":[7,5,7.5,6],"rotation":270,"texture":"#0"}}},{"from":[-2.2,6.6,19],"to":[-0.2,8.4,21],"rotation":{"angle":22.5,"axis":"y","origin":[3.9,7.75,19.97951]},"faces":{"north":{"uv":[5,4,4,5],"rotation":90,"texture":"#0"},"east":{"uv":[5,3,6,4],"rotation":180,"texture":"#0"},"south":{"uv":[5,4,4,5],"rotation":270,"texture":"#0"},"west":{"uv":[5,5,6,4],"texture":"#0"},"up":{"uv":[5,3,4,4],"rotation":270,"texture":"#0"},"down":{"uv":[4,3,5,4],"rotation":270,"texture":"#0"}}},{"from":[-2.01268,6.5,20.47611],"to":[-0.01268,8.5,21.47611],"rotation":{"angle":0,"axis":"y","origin":[3.9,7.75,19.97951]},"faces":{"north":{"uv":[7,4,6,5],"rotation":90,"texture":"#0"},"east":{"uv":[6.5,3,7,4],"rotation":180,"texture":"#0"},"south":{"uv":[7,4,6,5],"rotation":270,"texture":"#0"},"west":{"uv":[6,4,6.5,3],"texture":"#0"},"up":{"uv":[7.5,3,7,4],"rotation":270,"texture":"#0"},"down":{"uv":[7,3,7.5,4],"rotation":270,"texture":"#0"}}},{"from":[-1.42104,6.6,20.73542],"to":[0.57896,8.4,22.73542],"rotation":{"angle":-22.5,"axis":"y","origin":[3.9,7.75,19.97951]},"faces":{"north":{"uv":[2,6,3,5],"rotation":270,"texture":"#0"},"east":{"uv":[4,5,3,4],"texture":"#0"},"south":{"uv":[2,6,3,5],"rotation":90,"texture":"#0"},"west":{"uv":[4,5,3,6],"rotation":180,"texture":"#0"},"up":{"uv":[2,5,3,4],"rotation":90,"texture":"#0"},"down":{"uv":[3,5,2,4],"rotation":90,"texture":"#0"}}},{"from":[1.10851,6.5,15.48615],"to":[2.10851,8.5,17.48615],"rotation":{"angle":45,"axis":"y","origin":[3.9,7.75,19.97951]},"faces":{"north":{"uv":[4.5,5,4,6],"rotation":180,"texture":"#0"},"east":{"uv":[5,6,6,5],"rotation":270,"texture":"#0"},"south":{"uv":[5,6,4.5,5],"texture":"#0"},"west":{"uv":[5,6,6,5],"rotation":90,"texture":"#0"},"up":{"uv":[7.5,3,8,2],"rotation":180,"texture":"#0"},"down":{"uv":[8,3,7.5,2],"texture":"#0"}}},{"from":[0.4,6.6,16.5],"to":[2.4,8.4,18.5],"rotation":{"angle":22.5,"axis":"y","origin":[3.9,7.75,19.97951]},"faces":{"north":{"uv":[2,5,1,6],"rotation":180,"texture":"#0"},"east":{"uv":[0,6,1,5],"rotation":270,"texture":"#0"},"south":{"uv":[2,5,1,4],"texture":"#0"},"west":{"uv":[0,6,1,5],"rotation":90,"texture":"#0"},"up":{"uv":[0,5,1,4],"rotation":180,"texture":"#0"},"down":{"uv":[1,5,0,4],"texture":"#0"}}},{"from":[1.12485,6.5,17.45387],"to":[8.12485,8.5,19.45387],"rotation":{"angle":0,"axis":"y","origin":[3.9,7.75,19.97951]},"faces":{"north":{"uv":[7.5,2,4,3],"rotation":180,"texture":"#0"},"east":{"uv":[7.5,2,8.5,1],"rotation":270,"texture":"#0"},"south":{"uv":[7.5,2,4,1],"texture":"#0"},"west":{"uv":[7.5,1,8.5,0],"rotation":90,"texture":"#0"},"up":{"uv":[4,1,7.5,0],"rotation":180,"texture":"#0"},"down":{"uv":[7.5,1,4,0],"texture":"#0"}}},{"from":[11.26302,6.3,17.03134],"to":[13.26302,8.7,20.03134],"rotation":{"angle":-22.5,"axis":"y","origin":[14.70125,7.5,15]},"faces":{"north":{"uv":[8.5,13.5,10,12.5],"rotation":270,"texture":"#4"},"east":{"uv":[7.5,15,9,13.5],"rotation":90,"texture":"#4"},"south":{"uv":[8.5,13.5,10,12.5],"rotation":270,"texture":"#4"},"west":{"uv":[7.5,15,9,13.5],"rotation":90,"texture":"#4"},"up":{"uv":[10,11.5,8.5,12.5],"rotation":270,"texture":"#4"},"down":{"uv":[10,11.5,8.5,12.5],"rotation":270,"texture":"#4"}}},{"from":[11.42935,6.2,15.97073],"to":[13.42935,8.8,18.97073],"rotation":{"angle":0,"axis":"y","origin":[14.70125,7.5,15]},"faces":{"north":{"uv":[10,13.5,11.5,12.5],"rotation":270,"texture":"#4"},"east":{"uv":[10,15,11.5,13.5],"rotation":90,"texture":"#4"},"south":{"uv":[10,13.5,11.5,12.5],"rotation":90,"texture":"#4"},"west":{"uv":[10,15,11.5,13.5],"rotation":90,"texture":"#4"},"up":{"uv":[10,13.5,9,15],"rotation":180,"texture":"#4"},"down":{"uv":[10,15,9,13.5],"rotation":180,"texture":"#4"}}},{"from":[11.98931,6.1,15.05786],"to":[13.98931,8.9,18.05786],"rotation":{"angle":22.5,"axis":"y","origin":[14.70125,7.5,15]},"faces":{"north":{"uv":[10,12.5,11.5,11.5],"rotation":270,"texture":"#4"},"east":{"uv":[10,11.5,11.5,10],"rotation":90,"texture":"#4"},"south":{"uv":[10,12.5,11.5,11.5],"rotation":90,"texture":"#4"},"west":{"uv":[10,11.5,11.5,10],"rotation":90,"texture":"#4"},"up":{"uv":[10,10,9,11.5],"rotation":180,"texture":"#4"},"down":{"uv":[10,11.5,9,10],"rotation":180,"texture":"#4"}}},{"from":[14.10251,5.9,15],"to":[17.10251,9.1,17],"rotation":{"angle":-45,"axis":"y","origin":[14.70125,7.5,15]},"faces":{"north":{"uv":[8.5,9.5,10,8],"rotation":90,"texture":"#4"},"east":{"uv":[8,8,9.5,7],"rotation":90,"texture":"#4"},"south":{"uv":[8.5,9.5,10,8],"rotation":90,"texture":"#4"},"west":{"uv":[9.5,8,11,7],"rotation":270,"texture":"#4"},"up":{"uv":[9.5,8,11,7],"texture":"#4"},"down":{"uv":[11,8,9.5,7],"rotation":180,"texture":"#4"}}},{"from":[16.73259,6.2,11.56176],"to":[19.73259,8.8,13.56176],"rotation":{"angle":22.5,"axis":"y","origin":[14.70125,7.5,15]},"faces":{"north":{"uv":[7.5,13.5,9,15],"rotation":90,"texture":"#4"},"east":{"uv":[8.5,12.5,10,13.5],"rotation":270,"texture":"#4"},"south":{"uv":[7.5,13.5,9,15],"rotation":90,"texture":"#4"},"west":{"uv":[8.5,12.5,10,13.5],"rotation":270,"texture":"#4"},"up":{"uv":[8.5,11.5,10,12.5],"texture":"#4"},"down":{"uv":[8.5,11.5,10,12.5],"rotation":180,"texture":"#4"}}},{"from":[15.67199,6.1,11.72809],"to":[18.67199,8.9,13.72809],"rotation":{"angle":0,"axis":"y","origin":[14.70125,7.5,15]},"faces":{"north":{"uv":[10,13.5,11.5,15],"rotation":90,"texture":"#4"},"east":{"uv":[10,12.5,11.5,13.5],"rotation":90,"texture":"#4"},"south":{"uv":[10,13.5,11.5,15],"rotation":90,"texture":"#4"},"west":{"uv":[10,12.5,11.5,13.5],"rotation":270,"texture":"#4"},"up":{"uv":[9,13.5,10,15],"rotation":90,"texture":"#4"},"down":{"uv":[9,15,10,13.5],"rotation":270,"texture":"#4"}}},{"from":[14.75912,6,12.28806],"to":[17.75912,9,14.28806],"rotation":{"angle":-22.5,"axis":"y","origin":[14.70125,7.5,15]},"faces":{"north":{"uv":[10,10,11.5,11.5],"rotation":90,"texture":"#4"},"east":{"uv":[10,11.5,11.5,12.5],"rotation":90,"texture":"#4"},"south":{"uv":[10,10,11.5,11.5],"rotation":90,"texture":"#4"},"west":{"uv":[10,11.5,11.5,12.5],"rotation":270,"texture":"#4"},"up":{"uv":[9,10,10,11.5],"rotation":90,"texture":"#4"},"down":{"uv":[9,11.5,10,10],"rotation":270,"texture":"#4"}}},{"from":[14.10251,5.9,13],"to":[17.10251,9.1,15],"rotation":{"angle":-45,"axis":"y","origin":[14.70125,7.5,15]},"faces":{"north":{"uv":[8.5,8,10,9.5],"rotation":90,"texture":"#4"},"east":{"uv":[8,7,9.5,8],"rotation":90,"texture":"#4"},"south":{"uv":[8.5,8,10,9.5],"rotation":90,"texture":"#4"},"west":{"uv":[9.5,7,11,8],"rotation":270,"texture":"#4"},"up":{"uv":[9.5,7,11,8],"texture":"#4"},"down":{"uv":[11,7,9.5,8],"rotation":180,"texture":"#4"}}},{"from":[9,5.5,20.9],"to":[10,9.5,24.9],"rotation":{"angle":45,"axis":"y","origin":[4,7.5,20.9]},"faces":{"north":{"uv":[5,10.5,7,11],"rotation":90,"texture":"#3"},"east":{"uv":[5,11,7,13],"rotation":270,"texture":"#3"},"south":{"uv":[5,10.5,7,11],"rotation":270,"texture":"#3"},"west":{"uv":[5,11,7,13],"rotation":270,"texture":"#3"},"up":{"uv":[5,10,7,10.5],"rotation":270,"texture":"#3"},"down":{"uv":[5,10,7,10.5],"rotation":270,"texture":"#3"}}},{"from":[10,6.5,20.9],"to":[14,8.5,21.9],"rotation":{"angle":45,"axis":"y","origin":[4,7.5,20.9]},"faces":{"north":{"uv":[8,9.5,7,11.5],"rotation":90,"texture":"#3"},"east":{"uv":[7,9.5,8,9],"rotation":270,"texture":"#3"},"south":{"uv":[8,9.5,7,11.5],"rotation":270,"texture":"#3"},"west":{"uv":[7,9.5,8,9],"rotation":270,"texture":"#3"},"up":{"uv":[8.5,9.5,8,11.5],"rotation":270,"texture":"#3"},"down":{"uv":[8.5,9.5,8,11.5],"rotation":270,"texture":"#3"}}},{"from":[10,5.5,22],"to":[19,9.5,23.8],"rotation":{"angle":45,"axis":"y","origin":[4,7.5,20.9]},"faces":{"north":{"uv":[0,6.5,2,11],"rotation":90,"texture":"#3"},"east":{"uv":[0,5.5,2,6.5],"rotation":270,"texture":"#3"},"south":{"uv":[0,6.5,2,11],"rotation":270,"texture":"#3"},"west":{"uv":[0,5.5,2,6.5],"rotation":270,"texture":"#3"},"up":{"uv":[2,6.5,3,11],"rotation":270,"texture":"#3"},"down":{"uv":[2,6.5,3,11],"rotation":270,"texture":"#3"}}},{"from":[-9.8,-1.9,9.6],"to":[-5.8,2.1,11.6],"rotation":{"angle":-45,"axis":"z","origin":[0,0,15.6]},"faces":{"north":{"uv":[2,14,0,16],"texture":"#0"},"east":{"uv":[2,14,3,16],"texture":"#0"},"south":{"uv":[2,14,0,16],"texture":"#0"},"west":{"uv":[3,14,2,16],"texture":"#0"},"up":{"uv":[0,13,2,14],"texture":"#0"},"down":{"uv":[0,14,2,13],"texture":"#0"}}},{"from":[-9.8,-1.9,3.6],"to":[-5.8,2.1,5.6],"rotation":{"angle":-45,"axis":"z","origin":[0,0,-0.4]},"faces":{"north":{"uv":[0,14,2,16],"texture":"#0"},"east":{"uv":[3,14,2,16],"texture":"#0"},"south":{"uv":[0,14,2,16],"texture":"#0"},"west":{"uv":[2,14,3,16],"texture":"#0"},"up":{"uv":[0,14,2,13],"texture":"#0"},"down":{"uv":[0,13,2,14],"texture":"#0"}}},{"from":[-3.75779,4,4.62043],"to":[4.24221,8.2,12.62043],"rotation":{"angle":-45,"axis":"y","origin":[1.24221,6.1,7.62043]},"faces":{"north":{"uv":[7,12,9,16],"rotation":270,"texture":"#2"},"east":{"uv":[7,12,9,16],"rotation":270,"texture":"#2"},"south":{"uv":[7,8,9,12],"rotation":90,"texture":"#2"},"west":{"uv":[7,8,9,12],"rotation":270,"texture":"#2"},"up":{"uv":[4,4,12,12],"texture":"#8"},"down":{"uv":[4,4,12,12],"rotation":90,"texture":"#8"}}},{"from":[1.7,12,10],"to":[2.7,14,12],"rotation":{"angle":22.5,"axis":"z","origin":[1.1,13.5,10.5]},"faces":{"north":{"uv":[8.5,5,9,4],"rotation":180,"texture":"#0"},"east":{"uv":[8.5,1,9.5,0],"rotation":180,"texture":"#0"},"south":{"uv":[9,5,8.5,4],"rotation":180,"texture":"#0"},"west":{"uv":[8.5,1,9.5,0],"rotation":180,"texture":"#0"},"up":{"uv":[8,5,7.5,6],"rotation":180,"texture":"#0"},"down":{"uv":[8.5,6,8,5],"rotation":180,"texture":"#0"}}},{"from":[0.1,12.6,10.1],"to":[2.1,14.6,11.9],"rotation":{"angle":-45,"axis":"z","origin":[0.4,12.8,10.5]},"faces":{"north":{"uv":[15,4.5,14,5.5],"rotation":90,"texture":"#0"},"east":{"uv":[13,4.5,14,5.5],"rotation":270,"texture":"#0"},"south":{"uv":[15,4.5,14,5.5],"rotation":270,"texture":"#0"},"west":{"uv":[13,6.5,14,5.5],"rotation":270,"texture":"#0"},"up":{"uv":[15,5.5,14,6.5],"rotation":270,"texture":"#0"},"down":{"uv":[15,5.5,14,6.5],"rotation":270,"texture":"#0"}}},{"from":[0.1,11.8,10],"to":[2.1,12.8,12],"rotation":{"angle":-22.5,"axis":"z","origin":[0.4,12.8,10.5]},"faces":{"north":{"uv":[7.5,5,7,6],"rotation":90,"texture":"#0"},"east":{"uv":[12.5,3,13,4],"rotation":270,"texture":"#0"},"south":{"uv":[7,5,7.5,6],"rotation":270,"texture":"#0"},"west":{"uv":[9,4,9.5,3],"rotation":270,"texture":"#0"},"up":{"uv":[7,5,6,6],"rotation":270,"texture":"#0"},"down":{"uv":[7,5,6,6],"rotation":270,"texture":"#0"}}},{"from":[-0.3,10,10.1],"to":[1.7,12,11.9],"rotation":{"angle":0,"axis":"y","origin":[3.2,8.6,11]},"faces":{"north":{"uv":[5,3,4,4],"rotation":90,"texture":"#0"},"east":{"uv":[5,3,6,4],"rotation":270,"texture":"#0"},"south":{"uv":[4,3,5,4],"rotation":270,"texture":"#0"},"west":{"uv":[5,5,6,4],"rotation":270,"texture":"#0"},"up":{"uv":[5,4,4,5],"rotation":270,"texture":"#0"},"down":{"uv":[5,4,4,5],"rotation":270,"texture":"#0"}}},{"from":[0.6,10.3,10],"to":[2.6,11.3,12],"rotation":{"angle":22.5,"axis":"z","origin":[3.2,8.6,11]},"faces":{"north":{"uv":[7.5,3,7,4],"rotation":90,"texture":"#0"},"east":{"uv":[6.5,3,7,4],"rotation":270,"texture":"#0"},"south":{"uv":[7,3,7.5,4],"rotation":270,"texture":"#0"},"west":{"uv":[6,4,6.5,3],"rotation":270,"texture":"#0"},"up":{"uv":[7,4,6,5],"rotation":270,"texture":"#0"},"down":{"uv":[7,4,6,5],"rotation":270,"texture":"#0"}}},{"from":[0.6,6.8,10.1],"to":[2.6,8.8,11.9],"rotation":{"angle":-45,"axis":"z","origin":[3.2,8.6,11]},"faces":{"north":{"uv":[2,5,3,4],"texture":"#0"},"east":{"uv":[2,6,3,5],"texture":"#0"},"south":{"uv":[3,5,2,4],"texture":"#0"},"west":{"uv":[2,6,3,5],"texture":"#0"},"up":{"uv":[4,5,3,4],"texture":"#0"},"down":{"uv":[4,5,3,6],"texture":"#0"}}},{"from":[1.9,7.3,10],"to":[2.9,9.3,12],"rotation":{"angle":-22.5,"axis":"z","origin":[3.2,8.6,11]},"faces":{"north":{"uv":[7.5,3,8,2],"texture":"#0"},"east":{"uv":[5,6,6,5],"texture":"#0"},"south":{"uv":[8,3,7.5,2],"texture":"#0"},"west":{"uv":[5,6,6,5],"texture":"#0"},"up":{"uv":[5,6,4.5,5],"texture":"#0"},"down":{"uv":[4.5,5,4,6],"texture":"#0"}}},{"from":[2.3,7.5,10.1],"to":[4.3,9.5,11.9],"rotation":{"angle":0,"axis":"y","origin":[3.2,8.6,11]},"faces":{"north":{"uv":[0,5,1,4],"texture":"#0"},"east":{"uv":[0,6,1,5],"texture":"#0"},"south":{"uv":[1,5,0,4],"texture":"#0"},"west":{"uv":[0,6,1,5],"texture":"#0"},"up":{"uv":[2,5,1,4],"texture":"#0"},"down":{"uv":[2,5,1,6],"texture":"#0"}}},{"from":[4.1,11.9,10],"to":[11.1,13.9,12],"rotation":{"angle":22.5,"axis":"z","origin":[15,10,11]},"faces":{"north":{"uv":[4,1,7.5,0],"texture":"#0"},"east":{"uv":[7.5,2,8.5,1],"texture":"#0"},"south":{"uv":[7.5,1,4,0],"texture":"#0"},"west":{"uv":[7.5,1,8.5,0],"texture":"#0"},"up":{"uv":[7.5,2,4,1],"texture":"#0"},"down":{"uv":[7.5,2,4,3],"texture":"#0"}}},{"from":[9.9,10.1,10.1],"to":[11.9,12.1,11.9],"rotation":{"angle":0,"axis":"y","origin":[15,10,11]},"faces":{"north":{"uv":[3,3,2,2],"texture":"#0"},"east":{"uv":[2,4,3,3],"texture":"#0"},"south":{"uv":[2,3,3,2],"texture":"#0"},"west":{"uv":[2,4,3,3],"texture":"#0"},"up":{"uv":[4,3,3,2],"texture":"#0"},"down":{"uv":[4,3,3,4],"texture":"#0"}}},{"from":[11.3,8.7,10],"to":[13.3,10.7,12],"rotation":{"angle":-22.5,"axis":"z","origin":[15,10,11]},"faces":{"north":{"uv":[1,3,0,2],"texture":"#0"},"east":{"uv":[0,4,1,3],"texture":"#0"},"south":{"uv":[0,3,1,2],"texture":"#0"},"west":{"uv":[0,4,1,3],"texture":"#0"},"up":{"uv":[2,3,1,2],"texture":"#0"},"down":{"uv":[2,3,1,4],"texture":"#0"}}},{"from":[13.2,8,10.1],"to":[15.2,10,11.9],"rotation":{"angle":-45,"axis":"z","origin":[15,10,11]},"faces":{"north":{"uv":[3,1,2,0],"texture":"#0"},"east":{"uv":[2,2,3,1],"texture":"#0"},"south":{"uv":[2,1,3,0],"texture":"#0"},"west":{"uv":[2,2,3,1],"texture":"#0"},"up":{"uv":[4,1,3,0],"texture":"#0"},"down":{"uv":[4,1,3,2],"texture":"#0"}}},{"from":[13.1,7.8,10],"to":[15.1,9.8,12],"rotation":{"angle":22.5,"axis":"z","origin":[15,10,11]},"faces":{"north":{"uv":[0,0,1,1],"rotation":90,"texture":"#0"},"east":{"uv":[1,0,2,1],"rotation":270,"texture":"#0"},"south":{"uv":[1,0,0,1],"rotation":270,"texture":"#0"},"west":{"uv":[1,2,2,1],"rotation":270,"texture":"#0"},"up":{"uv":[1,1,0,2],"rotation":270,"texture":"#0"},"down":{"uv":[1,1,0,2],"rotation":270,"texture":"#0"}}},{"from":[1.7,12,3],"to":[2.7,14,5],"rotation":{"angle":22.5,"axis":"z","origin":[1.1,13.5,3.5]},"faces":{"north":{"uv":[8.5,5,9,4],"rotation":180,"texture":"#0"},"east":{"uv":[8.5,1,9.5,0],"rotation":180,"texture":"#0"},"south":{"uv":[9,5,8.5,4],"rotation":180,"texture":"#0"},"west":{"uv":[8.5,1,9.5,0],"rotation":180,"texture":"#0"},"up":{"uv":[8,5,7.5,6],"rotation":180,"texture":"#0"},"down":{"uv":[8.5,6,8,5],"rotation":180,"texture":"#0"}}},{"from":[0.1,12.6,3.1],"to":[2.1,14.6,4.9],"rotation":{"angle":-45,"axis":"z","origin":[0.4,12.8,3.5]},"faces":{"north":{"uv":[15,4.5,14,5.5],"rotation":90,"texture":"#0"},"east":{"uv":[13,4.5,14,5.5],"rotation":270,"texture":"#0"},"south":{"uv":[15,4.5,14,5.5],"rotation":270,"texture":"#0"},"west":{"uv":[13,6.5,14,5.5],"rotation":270,"texture":"#0"},"up":{"uv":[15,5.5,14,6.5],"rotation":270,"texture":"#0"},"down":{"uv":[15,5.5,14,6.5],"rotation":270,"texture":"#0"}}},{"from":[0.1,11.8,3],"to":[2.1,12.8,5],"rotation":{"angle":-22.5,"axis":"z","origin":[0.4,12.8,3.5]},"faces":{"north":{"uv":[7.5,5,7,6],"rotation":90,"texture":"#0"},"east":{"uv":[12.5,3,13,4],"rotation":270,"texture":"#0"},"south":{"uv":[7,5,7.5,6],"rotation":270,"texture":"#0"},"west":{"uv":[9,4,9.5,3],"rotation":270,"texture":"#0"},"up":{"uv":[7,5,6,6],"rotation":270,"texture":"#0"},"down":{"uv":[7,5,6,6],"rotation":270,"texture":"#0"}}},{"from":[-0.3,10,3.1],"to":[1.7,12,4.9],"rotation":{"angle":0,"axis":"y","origin":[3.2,8.6,4]},"faces":{"north":{"uv":[5,3,4,4],"rotation":90,"texture":"#0"},"east":{"uv":[5,3,6,4],"rotation":270,"texture":"#0"},"south":{"uv":[4,3,5,4],"rotation":270,"texture":"#0"},"west":{"uv":[5,5,6,4],"rotation":270,"texture":"#0"},"up":{"uv":[5,4,4,5],"rotation":270,"texture":"#0"},"down":{"uv":[5,4,4,5],"rotation":270,"texture":"#0"}}},{"from":[0.6,10.3,3],"to":[2.6,11.3,5],"rotation":{"angle":22.5,"axis":"z","origin":[3.2,8.6,4]},"faces":{"north":{"uv":[7.5,3,7,4],"rotation":90,"texture":"#0"},"east":{"uv":[6.5,3,7,4],"rotation":270,"texture":"#0"},"south":{"uv":[7,3,7.5,4],"rotation":270,"texture":"#0"},"west":{"uv":[6,4,6.5,3],"rotation":270,"texture":"#0"},"up":{"uv":[7,4,6,5],"rotation":270,"texture":"#0"},"down":{"uv":[7,4,6,5],"rotation":270,"texture":"#0"}}},{"from":[0.6,6.8,3.1],"to":[2.6,8.8,4.9],"rotation":{"angle":-45,"axis":"z","origin":[3.2,8.6,4]},"faces":{"north":{"uv":[2,5,3,4],"texture":"#0"},"east":{"uv":[2,6,3,5],"texture":"#0"},"south":{"uv":[3,5,2,4],"texture":"#0"},"west":{"uv":[2,6,3,5],"texture":"#0"},"up":{"uv":[4,5,3,4],"texture":"#0"},"down":{"uv":[4,5,3,6],"texture":"#0"}}},{"from":[1.9,7.3,3],"to":[2.9,9.3,5],"rotation":{"angle":-22.5,"axis":"z","origin":[3.2,8.6,4]},"faces":{"north":{"uv":[7.5,3,8,2],"texture":"#0"},"east":{"uv":[5,6,6,5],"texture":"#0"},"south":{"uv":[8,3,7.5,2],"texture":"#0"},"west":{"uv":[5,6,6,5],"texture":"#0"},"up":{"uv":[5,6,4.5,5],"texture":"#0"},"down":{"uv":[4.5,5,4,6],"texture":"#0"}}},{"from":[2.3,7.5,3.1],"to":[4.3,9.5,4.9],"rotation":{"angle":0,"axis":"y","origin":[3.2,8.6,4]},"faces":{"north":{"uv":[0,5,1,4],"texture":"#0"},"east":{"uv":[0,6,1,5],"texture":"#0"},"south":{"uv":[1,5,0,4],"texture":"#0"},"west":{"uv":[0,6,1,5],"texture":"#0"},"up":{"uv":[2,5,1,4],"texture":"#0"},"down":{"uv":[2,5,1,6],"texture":"#0"}}},{"from":[4.1,11.9,3],"to":[11.1,13.9,5],"rotation":{"angle":22.5,"axis":"z","origin":[15,10,4]},"faces":{"north":{"uv":[4,1,7.5,0],"texture":"#0"},"east":{"uv":[7.5,2,8.5,1],"texture":"#0"},"south":{"uv":[7.5,1,4,0],"texture":"#0"},"west":{"uv":[7.5,1,8.5,0],"texture":"#0"},"up":{"uv":[7.5,2,4,1],"texture":"#0"},"down":{"uv":[7.5,2,4,3],"texture":"#0"}}},{"from":[9.9,10.1,3.1],"to":[11.9,12.1,4.9],"rotation":{"angle":0,"axis":"y","origin":[15,10,4]},"faces":{"north":{"uv":[3,3,2,2],"texture":"#0"},"east":{"uv":[2,4,3,3],"texture":"#0"},"south":{"uv":[2,3,3,2],"texture":"#0"},"west":{"uv":[2,4,3,3],"texture":"#0"},"up":{"uv":[4,3,3,2],"texture":"#0"},"down":{"uv":[4,3,3,4],"texture":"#0"}}},{"from":[11.3,8.7,3],"to":[13.3,10.7,5],"rotation":{"angle":-22.5,"axis":"z","origin":[15,10,4]},"faces":{"north":{"uv":[1,3,0,2],"texture":"#0"},"east":{"uv":[0,4,1,3],"texture":"#0"},"south":{"uv":[0,3,1,2],"texture":"#0"},"west":{"uv":[0,4,1,3],"texture":"#0"},"up":{"uv":[2,3,1,2],"texture":"#0"},"down":{"uv":[2,3,1,4],"texture":"#0"}}},{"from":[13.2,8,3.1],"to":[15.2,10,4.9],"rotation":{"angle":-45,"axis":"z","origin":[15,10,4]},"faces":{"north":{"uv":[3,1,2,0],"texture":"#0"},"east":{"uv":[2,2,3,1],"texture":"#0"},"south":{"uv":[2,1,3,0],"texture":"#0"},"west":{"uv":[2,2,3,1],"texture":"#0"},"up":{"uv":[4,1,3,0],"texture":"#0"},"down":{"uv":[4,1,3,2],"texture":"#0"}}},{"from":[13.1,7.8,3],"to":[15.1,9.8,5],"rotation":{"angle":22.5,"axis":"z","origin":[15,10,4]},"faces":{"north":{"uv":[0,0,1,1],"rotation":90,"texture":"#0"},"east":{"uv":[1,0,2,1],"rotation":270,"texture":"#0"},"south":{"uv":[1,0,0,1],"rotation":270,"texture":"#0"},"west":{"uv":[1,2,2,1],"rotation":270,"texture":"#0"},"up":{"uv":[1,1,0,2],"rotation":270,"texture":"#0"},"down":{"uv":[1,1,0,2],"rotation":270,"texture":"#0"}}},{"from":[-7,2,5.6],"to":[-3,7,9.6],"rotation":{"angle":0,"axis":"y","origin":[-4.27825,1.51845,7.9]},"faces":{"north":{"uv":[14,9,16,11.5],"texture":"#6"},"east":{"uv":[12,9,14,11.5],"texture":"#6"},"south":{"uv":[14,9,16,11.5],"texture":"#6"},"west":{"uv":[12,9,14,11.5],"texture":"#6"},"up":{"uv":[16,7,14,9],"texture":"#6"},"down":{"uv":[16,7,14,9],"texture":"#6"}}},{"from":[-6.54883,-1.24022,6.1],"to":[-3.54883,0.75978,9.9],"rotation":{"angle":22.5,"axis":"z","origin":[-4.27825,1.51845,7.9]},"faces":{"north":{"uv":[6,10,5,11.5],"rotation":90,"texture":"#6"},"east":{"uv":[6,9.5,7,11.5],"rotation":90,"texture":"#6"},"south":{"uv":[5,10,6,11.5],"rotation":270,"texture":"#6"},"west":{"uv":[6,9.5,7,11.5],"rotation":90,"texture":"#6"},"up":{"uv":[5,11.5,7,13],"rotation":270,"texture":"#6"},"down":{"uv":[5,11.5,7,13],"rotation":270,"texture":"#6"}}},{"from":[-7.37617,-2.10018,5.8],"to":[-4.37617,-0.10018,10.2],"rotation":{"angle":45,"axis":"z","origin":[-4.27825,1.51845,7.9]},"faces":{"north":{"uv":[13,7.5,14,9],"rotation":90,"texture":"#6"},"east":{"uv":[9.25,9,11.5,8],"rotation":180,"texture":"#6"},"south":{"uv":[14,7.5,13,9],"rotation":270,"texture":"#6"},"west":{"uv":[9.25,8,11.5,9],"texture":"#6"},"up":{"uv":[9,9.5,10.5,11.75],"rotation":180,"texture":"#6"},"down":{"uv":[13,9,11.5,6.75],"texture":"#6"}}},{"from":[-8,0,4.8],"to":[-2,1,10.8],"rotation":{"angle":0,"axis":"y","origin":[-4.27825,1.51845,7.9]},"faces":{"north":{"uv":[4.5,13,5,10],"rotation":90,"texture":"#6"},"east":{"uv":[4,13,4.5,10],"rotation":90,"texture":"#6"},"south":{"uv":[4.5,13,5,10],"rotation":90,"texture":"#6"},"west":{"uv":[4,13,4.5,10],"rotation":90,"texture":"#6"},"up":{"uv":[7,16,4,13],"rotation":90,"texture":"#6"},"down":{"uv":[10,13,7,16],"rotation":270,"texture":"#6"}}},{"from":[-7.5,1,5.3],"to":[-2.5,2,10.3],"rotation":{"angle":0,"axis":"y","origin":[-4.27825,1.51845,7.9]},"faces":{"north":{"uv":[13,14,13.5,11.5],"rotation":90,"texture":"#6"},"east":{"uv":[13.5,14,14,11.5],"rotation":90,"texture":"#6"},"south":{"uv":[13,14,13.5,11.5],"rotation":90,"texture":"#6"},"west":{"uv":[13.5,14,14,11.5],"rotation":90,"texture":"#6"},"up":{"uv":[13,14,10.5,11.5],"rotation":90,"texture":"#6"},"down":{"uv":[13,11.5,10.5,14],"rotation":270,"texture":"#6"}}},{"from":[4,8.05,4.3],"to":[10,8.05,10.3],"rotation":{"angle":0,"axis":"y","origin":[10.5,8,7.3]},"faces":{"north":{"uv":[0,0,0,3],"rotation":90,"texture":"#0"},"east":{"uv":[0,0,3,0],"rotation":180,"texture":"#0"},"south":{"uv":[0,0,0,3],"rotation":270,"texture":"#0"},"west":{"uv":[0,0,3,0],"texture":"#0"},"up":{"uv":[13,11.5,16,14.5],"rotation":270,"texture":"#0"},"down":{"uv":[13,11.5,16,14.5],"rotation":270,"texture":"#0"}}},{"from":[11,8.05,4.3],"to":[17,8.05,10.3],"rotation":{"angle":0,"axis":"y","origin":[10.5,8,7.3]},"faces":{"north":{"uv":[0,0,0,3],"rotation":90,"texture":"#0"},"east":{"uv":[0,0,3,0],"rotation":180,"texture":"#0"},"south":{"uv":[0,0,0,3],"rotation":270,"texture":"#0"},"west":{"uv":[0,0,3,0],"texture":"#0"},"up":{"uv":[13,11.5,16,14.5],"rotation":270,"texture":"#0"},"down":{"uv":[13,11.5,16,14.5],"rotation":270,"texture":"#0"}}}],"gui_light":"front","display":{"thirdperson_righthand":{"rotation":[0,90,0],"translation":[0,3,1.75],"scale":[0.62461,0.62461,0.62461]},"thirdperson_lefthand":{"rotation":[0,-90,0],"translation":[0,3,1.75],"scale":[0.62461,0.62461,0.62461]},"firstperson_righthand":{"rotation":[0,90,0],"translation":[0,4.75,0.25],"scale":[0.39844,0.39844,0.39844]},"firstperson_lefthand":{"rotation":[0,-90,0],"translation":[0,4.75,0.25],"scale":[0.39844,0.39844,0.39844]},"ground":{"translation":[0,7.5,0],"scale":[0.5,0.5,0.5]},"gui":{"rotation":[52.17,44.17,3.11],"translation":[1,0.75,-2],"scale":[0.46875,0.46875,0.46875]},"head":{"rotation":[-135.5,0,0],"translation":[0,-19.75,1.25],"scale":[0,0,0]},"fixed":{"rotation":[-90,-90,0],"translation":[0,4,-4.75],"scale":[1.4,1.4,1.4]}}}