{"credit":"MadewithBlockbench","texture_size":[32,32],"textures":{"0":"outsourced:events/patty/set2/texture1","1":"outsourced:events/patty/set2/texture2","2":"outsourced:events/patty/set2/texture3","3":"outsourced:events/patty/set2/texture4","8":"outsourced:events/patty/set2/texture9","9":"outsourced:events/patty/set2/greenpower","10":"outsourced:events/patty/set2/symbol","particle":"outsourced:events/patty/set2/texture1"},"elements":[{"from":[10,-2.05,7.05],"to":[11,-0.05,9.05],"rotation":{"angle":0,"axis":"y","origin":[8,-2.3,8.05]},"faces":{"north":{"uv":[12.5,7,12,6],"texture":"#0"},"east":{"uv":[12,7,11,6],"texture":"#0"},"south":{"uv":[12,7,12.5,6],"texture":"#0"},"west":{"uv":[12,7,11,6],"texture":"#0"},"up":{"uv":[12.5,6,13,7],"texture":"#0"},"down":{"uv":[12.5,6,13,7],"texture":"#0"}}},{"from":[12,-6.05,7.05],"to":[13,-3.05,9.05],"rotation":{"angle":0,"axis":"y","origin":[8,-2.3,8.05]},"faces":{"north":{"uv":[6.5,16,7,14.5],"texture":"#0"},"east":{"uv":[7,13.5,5.5,14.5],"rotation":90,"texture":"#0"},"south":{"uv":[6.5,14.5,7,16],"rotation":180,"texture":"#0"},"west":{"uv":[7,13.5,5.5,14.5],"rotation":90,"texture":"#0"},"up":{"uv":[9,13,8.5,14],"texture":"#0"},"down":{"uv":[8.5,13,8,14],"texture":"#0"}}},{"from":[10,-7.05,7.05],"to":[12,-4.05,9.05],"rotation":{"angle":0,"axis":"y","origin":[8,-2.3,8.05]},"faces":{"north":{"uv":[9.5,16,8,15],"rotation":90,"texture":"#0"},"east":{"uv":[8,16,7,14.5],"texture":"#0"},"south":{"uv":[9.5,15,8,16],"rotation":90,"texture":"#0"},"west":{"uv":[9.5,15,8,14],"rotation":90,"texture":"#0"},"up":{"uv":[7,13.5,8,14.5],"texture":"#0"},"down":{"uv":[7,13.5,8,14.5],"texture":"#0"}}},{"from":[7,-4.05,6.05],"to":[9,1.95,10.05],"rotation":{"angle":0,"axis":"y","origin":[8,-2.3,8.05]},"faces":{"north":{"uv":[15,10.5,16,7.5],"texture":"#0"},"east":{"uv":[13,10.5,15,7.5],"texture":"#0"},"south":{"uv":[15,10.5,16,7.5],"texture":"#0"},"west":{"uv":[13,10.5,15,7.5],"texture":"#0"},"up":{"uv":[15,6.5,13,7.5],"rotation":90,"texture":"#0"},"down":{"uv":[15,6.5,13,7.5],"rotation":270,"texture":"#0"}}},{"from":[10,-4.05,7.05],"to":[12,-2.05,9.05],"rotation":{"angle":0,"axis":"y","origin":[8,-2.3,8.05]},"faces":{"north":{"uv":[7.5,11.5,6.5,10.5],"texture":"#1"},"east":{"uv":[6.5,11.5,5.5,10.5],"texture":"#1"},"south":{"uv":[7.5,10.5,6.5,11.5],"rotation":180,"texture":"#1"},"west":{"uv":[6.5,12.5,5.5,11.5],"texture":"#1"},"up":{"uv":[6.5,9.5,5.5,10.5],"rotation":180,"texture":"#1"},"down":{"uv":[6.5,11.5,7.5,12.5],"texture":"#1"}}},{"from":[6,-6.05,7.05],"to":[10,-4.05,9.05],"rotation":{"angle":0,"axis":"y","origin":[8,-2.3,8.05]},"faces":{"north":{"uv":[11,5,13,4],"texture":"#0"},"east":{"uv":[11,4,12,3],"texture":"#0"},"south":{"uv":[11,5,13,4],"texture":"#0"},"west":{"uv":[11,4,12,3],"texture":"#0"},"up":{"uv":[13,5,11,6],"texture":"#0"},"down":{"uv":[13,5,11,6],"texture":"#0"}}},{"from":[7.05,-14,7.05],"to":[9.05,-6,9.05],"rotation":{"angle":0,"axis":"y","origin":[16.05,-10,4.05]},"faces":{"north":{"uv":[9,12.5,13,13.5],"rotation":90,"texture":"#0"},"east":{"uv":[9,11.5,13,12.5],"rotation":90,"texture":"#0"},"south":{"uv":[9,12.5,13,13.5],"rotation":90,"texture":"#0"},"west":{"uv":[9,11.5,13,12.5],"rotation":90,"texture":"#0"},"up":{"uv":[0,7,1,8],"rotation":90,"texture":"#0"},"down":{"uv":[0,7,1,8],"rotation":270,"texture":"#0"}}},{"from":[4,-4.05,7.05],"to":[6,-2.05,9.05],"rotation":{"angle":0,"axis":"y","origin":[8,-2.3,8.05]},"faces":{"north":{"uv":[6.5,11.5,7.5,10.5],"texture":"#1"},"east":{"uv":[5.5,12.5,6.5,11.5],"texture":"#1"},"south":{"uv":[6.5,10.5,7.5,11.5],"rotation":180,"texture":"#1"},"west":{"uv":[5.5,11.5,6.5,10.5],"texture":"#1"},"up":{"uv":[5.5,9.5,6.5,10.5],"rotation":180,"texture":"#1"},"down":{"uv":[7.5,11.5,6.5,12.5],"texture":"#1"}}},{"from":[4,-7.05,7.05],"to":[6,-4.05,9.05],"rotation":{"angle":0,"axis":"y","origin":[8,-2.3,8.05]},"faces":{"north":{"uv":[9.5,15,8,16],"rotation":90,"texture":"#0"},"east":{"uv":[9.5,14,8,15],"rotation":90,"texture":"#0"},"south":{"uv":[9.5,16,8,15],"rotation":90,"texture":"#0"},"west":{"uv":[7,16,8,14.5],"texture":"#0"},"up":{"uv":[8,13.5,7,14.5],"texture":"#0"},"down":{"uv":[8,13.5,7,14.5],"texture":"#0"}}},{"from":[3,-6.05,7.05],"to":[4,-3.05,9.05],"rotation":{"angle":0,"axis":"y","origin":[8,-2.3,8.05]},"faces":{"north":{"uv":[7,16,6.5,14.5],"texture":"#0"},"east":{"uv":[7,14.5,5.5,13.5],"rotation":90,"texture":"#0"},"south":{"uv":[7,14.5,6.5,16],"rotation":180,"texture":"#0"},"west":{"uv":[7,14.5,5.5,13.5],"rotation":90,"texture":"#0"},"up":{"uv":[8.5,13,9,14],"texture":"#0"},"down":{"uv":[8,13,8.5,14],"texture":"#0"}}},{"from":[5,-2.05,7.05],"to":[6,-0.05,9.05],"rotation":{"angle":0,"axis":"y","origin":[8,-2.3,8.05]},"faces":{"north":{"uv":[12,7,12.5,6],"texture":"#0"},"east":{"uv":[11,7,12,6],"texture":"#0"},"south":{"uv":[12.5,7,12,6],"texture":"#0"},"west":{"uv":[11,7,12,6],"texture":"#0"},"up":{"uv":[13,6,12.5,7],"texture":"#0"},"down":{"uv":[13,6,12.5,7],"texture":"#0"}}},{"from":[7,-2.05,10.05],"to":[9,-0.05,11.05],"rotation":{"angle":0,"axis":"y","origin":[8,-2.3,8.05]},"faces":{"north":{"uv":[12,7,11,6],"texture":"#0"},"east":{"uv":[12.5,7,12,6],"texture":"#0"},"south":{"uv":[12,7,11,6],"texture":"#0"},"west":{"uv":[12,7,12.5,6],"texture":"#0"},"up":{"uv":[12.5,6,13,7],"rotation":90,"texture":"#0"},"down":{"uv":[12.5,6,13,7],"rotation":270,"texture":"#0"}}},{"from":[7,-6.05,12.05],"to":[9,-3.05,13.05],"rotation":{"angle":0,"axis":"y","origin":[8,-2.3,8.05]},"faces":{"north":{"uv":[7,13.5,5.5,14.5],"rotation":90,"texture":"#0"},"east":{"uv":[6.5,16,7,14.5],"texture":"#0"},"south":{"uv":[7,13.5,5.5,14.5],"rotation":90,"texture":"#0"},"west":{"uv":[6.5,14.5,7,16],"rotation":180,"texture":"#0"},"up":{"uv":[9,13,8.5,14],"rotation":90,"texture":"#0"},"down":{"uv":[8.5,13,8,14],"rotation":270,"texture":"#0"}}},{"from":[7,-7.05,10.05],"to":[9,-4.05,12.05],"rotation":{"angle":0,"axis":"y","origin":[8,-2.3,8.05]},"faces":{"north":{"uv":[9.5,15,8,14],"rotation":90,"texture":"#0"},"east":{"uv":[9.5,16,8,15],"rotation":90,"texture":"#0"},"south":{"uv":[8,16,7,14.5],"texture":"#0"},"west":{"uv":[9.5,15,8,16],"rotation":90,"texture":"#0"},"up":{"uv":[7,13.5,8,14.5],"rotation":90,"texture":"#0"},"down":{"uv":[7,13.5,8,14.5],"rotation":270,"texture":"#0"}}},{"from":[6,-4.05,7.05],"to":[10,1.95,9.05],"rotation":{"angle":0,"axis":"y","origin":[8,-2.3,8.05]},"faces":{"north":{"uv":[13,10.5,15,7.5],"texture":"#0"},"east":{"uv":[15,10.5,16,7.5],"texture":"#0"},"south":{"uv":[13,10.5,15,7.5],"texture":"#0"},"west":{"uv":[15,10.5,16,7.5],"texture":"#0"},"up":{"uv":[15,6.5,13,7.5],"rotation":180,"texture":"#0"},"down":{"uv":[15,6.5,13,7.5],"rotation":180,"texture":"#0"}}},{"from":[7,-4.05,10.05],"to":[9,-2.05,12.05],"rotation":{"angle":0,"axis":"y","origin":[8,-2.3,8.05]},"faces":{"north":{"uv":[6.5,12.5,5.5,11.5],"texture":"#1"},"east":{"uv":[7.5,11.5,6.5,10.5],"texture":"#1"},"south":{"uv":[6.5,11.5,5.5,10.5],"texture":"#1"},"west":{"uv":[7.5,10.5,6.5,11.5],"rotation":180,"texture":"#1"},"up":{"uv":[6.5,9.5,5.5,10.5],"rotation":270,"texture":"#1"},"down":{"uv":[6.5,11.5,7.5,12.5],"rotation":270,"texture":"#1"}}},{"from":[7,-2.05,5.05],"to":[9,-0.05,6.05],"rotation":{"angle":0,"axis":"y","origin":[8,-2.3,8.05]},"faces":{"north":{"uv":[11,7,12,6],"texture":"#0"},"east":{"uv":[12,7,12.5,6],"texture":"#0"},"south":{"uv":[11,7,12,6],"texture":"#0"},"west":{"uv":[12.5,7,12,6],"texture":"#0"},"up":{"uv":[13,6,12.5,7],"rotation":90,"texture":"#0"},"down":{"uv":[13,6,12.5,7],"rotation":270,"texture":"#0"}}},{"from":[7,-6.05,3.05],"to":[9,-3.05,4.05],"rotation":{"angle":0,"axis":"y","origin":[8,-2.3,8.05]},"faces":{"north":{"uv":[7,14.5,5.5,13.5],"rotation":90,"texture":"#0"},"east":{"uv":[7,16,6.5,14.5],"texture":"#0"},"south":{"uv":[7,14.5,5.5,13.5],"rotation":90,"texture":"#0"},"west":{"uv":[7,14.5,6.5,16],"rotation":180,"texture":"#0"},"up":{"uv":[8.5,13,9,14],"rotation":90,"texture":"#0"},"down":{"uv":[8,13,8.5,14],"rotation":270,"texture":"#0"}}},{"from":[7,-7.05,4.05],"to":[9,-4.05,6.05],"rotation":{"angle":0,"axis":"y","origin":[8,-2.3,8.05]},"faces":{"north":{"uv":[7,16,8,14.5],"texture":"#0"},"east":{"uv":[9.5,15,8,16],"rotation":90,"texture":"#0"},"south":{"uv":[9.5,14,8,15],"rotation":90,"texture":"#0"},"west":{"uv":[9.5,16,8,15],"rotation":90,"texture":"#0"},"up":{"uv":[8,13.5,7,14.5],"rotation":90,"texture":"#0"},"down":{"uv":[8,13.5,7,14.5],"rotation":270,"texture":"#0"}}},{"from":[7,-4.05,4.05],"to":[9,-2.05,6.05],"rotation":{"angle":0,"axis":"y","origin":[8,-2.3,8.05]},"faces":{"north":{"uv":[5.5,11.5,6.5,10.5],"texture":"#1"},"east":{"uv":[6.5,11.5,7.5,10.5],"texture":"#1"},"south":{"uv":[5.5,12.5,6.5,11.5],"texture":"#1"},"west":{"uv":[6.5,10.5,7.5,11.5],"rotation":180,"texture":"#1"},"up":{"uv":[5.5,9.5,6.5,10.5],"rotation":270,"texture":"#1"},"down":{"uv":[7.5,11.5,6.5,12.5],"rotation":270,"texture":"#1"}}},{"from":[7,-6.05,6.05],"to":[9,-4.05,10.05],"rotation":{"angle":0,"axis":"y","origin":[8,-2.3,8.05]},"faces":{"north":{"uv":[11,4,12,3],"texture":"#0"},"east":{"uv":[11,5,13,4],"texture":"#0"},"south":{"uv":[11,4,12,3],"texture":"#0"},"west":{"uv":[11,5,13,4],"texture":"#0"},"up":{"uv":[13,5,11,6],"rotation":90,"texture":"#0"},"down":{"uv":[13,5,11,6],"rotation":270,"texture":"#0"}}},{"from":[4,-16,8],"to":[8,-12,8],"rotation":{"angle":0,"axis":"y","origin":[8,-14,8]},"faces":{"north":{"uv":[2,5,0,3],"texture":"#3"},"east":{"uv":[0,3,0,0],"texture":"#3"},"south":{"uv":[0,5,2,3],"texture":"#3"},"west":{"uv":[0,3,0,0],"texture":"#3"},"up":{"uv":[0,0,2.5,0],"texture":"#3"},"down":{"uv":[0,0,2.5,0],"texture":"#3"}}},{"from":[8,-16,8],"to":[12,-12,8],"rotation":{"angle":0,"axis":"y","origin":[8,-14,8]},"faces":{"north":{"uv":[0,5,2,3],"texture":"#3"},"east":{"uv":[0,3,0,0],"texture":"#3"},"south":{"uv":[2,5,0,3],"texture":"#3"},"west":{"uv":[0,3,0,0],"texture":"#3"},"up":{"uv":[2.5,0,0,0],"texture":"#3"},"down":{"uv":[2.5,0,0,0],"texture":"#3"}}},{"from":[6.9,5,6],"to":[9.1,14,10],"rotation":{"angle":0,"axis":"y","origin":[16.05,0,0.05]},"faces":{"north":{"uv":[3,6.5,2,11],"texture":"#3"},"east":{"uv":[0,6.5,2,11],"texture":"#3"},"south":{"uv":[2,6.5,3,11],"texture":"#3"},"west":{"uv":[0,6.5,2,11],"texture":"#3"},"up":{"uv":[0,5.5,2,6.5],"rotation":90,"texture":"#3"},"down":{"uv":[0,5.5,2,6.5],"rotation":270,"texture":"#3"}}},{"from":[6.05,10,7.05],"to":[7.05,14,9.05],"rotation":{"angle":0,"axis":"y","origin":[16.05,0,0.05]},"faces":{"north":{"uv":[8,9.5,8.5,11.5],"texture":"#3"},"east":{"uv":[7,9.5,8,11.5],"texture":"#3"},"south":{"uv":[8.5,9.5,8,11.5],"texture":"#3"},"west":{"uv":[7,9.5,8,11.5],"texture":"#3"},"up":{"uv":[7,9,8,9.5],"rotation":90,"texture":"#3"},"down":{"uv":[7,9,8,9.5],"rotation":270,"texture":"#3"}}},{"from":[6,14,6],"to":[10,15,10],"rotation":{"angle":0,"axis":"y","origin":[16.05,0,0.05]},"faces":{"north":{"uv":[5,10,7,10.5],"texture":"#3"},"east":{"uv":[5,10.5,7,11],"texture":"#3"},"south":{"uv":[5,10,7,10.5],"texture":"#3"},"west":{"uv":[5,10.5,7,11],"texture":"#3"},"up":{"uv":[5,11,7,13],"rotation":90,"texture":"#3"},"down":{"uv":[5,11,7,13],"rotation":270,"texture":"#3"}}},{"from":[9.05,10,7.05],"to":[10.05,14,9.05],"rotation":{"angle":0,"axis":"y","origin":[0.05,0,0.05]},"faces":{"north":{"uv":[8.5,9.5,8,11.5],"texture":"#3"},"east":{"uv":[8,9.5,7,11.5],"texture":"#3"},"south":{"uv":[8,9.5,8.5,11.5],"texture":"#3"},"west":{"uv":[8,9.5,7,11.5],"texture":"#3"},"up":{"uv":[7,9.5,8,9],"rotation":90,"texture":"#3"},"down":{"uv":[7,9.5,8,9],"rotation":270,"texture":"#3"}}},{"from":[5.9,1.4,2.3],"to":[10.1,9.4,10.3],"rotation":{"angle":45,"axis":"x","origin":[11,1.7,3.3]},"faces":{"north":{"uv":[9,8,7,12],"rotation":180,"texture":"#2"},"east":{"uv":[4,4,12,12],"texture":"#10"},"south":{"uv":[7,12,9,16],"rotation":180,"texture":"#2"},"west":{"uv":[4,4,12,12],"rotation":270,"texture":"#10"},"up":{"uv":[7,8,9,12],"rotation":180,"texture":"#2"},"down":{"uv":[7,12,9,16],"rotation":180,"texture":"#2"}}},{"from":[7,1.9,5.2],"to":[9,3.9,7.2],"rotation":{"angle":22.5,"axis":"x","origin":[8,2,5]},"faces":{"north":{"uv":[0,1,1,2],"texture":"#0"},"east":{"uv":[1,0,0,1],"texture":"#0"},"south":{"uv":[0,1,1,2],"texture":"#0"},"west":{"uv":[0,0,1,1],"texture":"#0"},"up":{"uv":[2,2,1,1],"rotation":90,"texture":"#0"},"down":{"uv":[2,0,1,1],"rotation":270,"texture":"#0"}}},{"from":[7.1,1.8,5],"to":[8.9,3.8,7],"rotation":{"angle":-45,"axis":"x","origin":[8,2,5]},"faces":{"north":{"uv":[4,0,3,1],"rotation":90,"texture":"#0"},"east":{"uv":[3,0,2,1],"rotation":270,"texture":"#0"},"south":{"uv":[4,2,3,1],"rotation":90,"texture":"#0"},"west":{"uv":[2,0,3,1],"rotation":90,"texture":"#0"},"up":{"uv":[2,1,3,2],"rotation":180,"texture":"#0"},"down":{"uv":[2,1,3,2],"texture":"#0"}}},{"from":[7,3.7,4.3],"to":[9,5.7,6.3],"rotation":{"angle":-22.5,"axis":"x","origin":[8,2,5]},"faces":{"north":{"uv":[2,2,1,3],"rotation":90,"texture":"#0"},"east":{"uv":[1,2,0,3],"rotation":270,"texture":"#0"},"south":{"uv":[2,4,1,3],"rotation":90,"texture":"#0"},"west":{"uv":[0,2,1,3],"rotation":90,"texture":"#0"},"up":{"uv":[0,3,1,4],"rotation":180,"texture":"#0"},"down":{"uv":[0,3,1,4],"texture":"#0"}}},{"from":[7.1,5.1,2.9],"to":[8.9,7.1,4.9],"rotation":{"angle":0,"axis":"y","origin":[8,2,5]},"faces":{"north":{"uv":[4,2,3,3],"rotation":90,"texture":"#0"},"east":{"uv":[3,2,2,3],"rotation":270,"texture":"#0"},"south":{"uv":[4,4,3,3],"rotation":90,"texture":"#0"},"west":{"uv":[2,2,3,3],"rotation":90,"texture":"#0"},"up":{"uv":[2,3,3,4],"rotation":180,"texture":"#0"},"down":{"uv":[2,3,3,4],"texture":"#0"}}},{"from":[7,5.9,1.1],"to":[9,12.9,3.1],"rotation":{"angle":22.5,"axis":"x","origin":[8,2,5]},"faces":{"north":{"uv":[7.5,1,4,2],"rotation":90,"texture":"#0"},"east":{"uv":[4,0,7.5,1],"rotation":270,"texture":"#0"},"south":{"uv":[7.5,3,4,2],"rotation":90,"texture":"#0"},"west":{"uv":[7.5,0,4,1],"rotation":90,"texture":"#0"},"up":{"uv":[7.5,0,8.5,1],"rotation":180,"texture":"#0"},"down":{"uv":[7.5,1,8.5,2],"texture":"#0"}}},{"from":[7.1,12.7,5.5],"to":[8.9,14.7,7.5],"rotation":{"angle":0,"axis":"y","origin":[8,13.8,6.4]},"faces":{"north":{"uv":[2,4,1,5],"rotation":90,"texture":"#0"},"east":{"uv":[0,4,1,5],"rotation":270,"texture":"#0"},"south":{"uv":[2,6,1,5],"rotation":90,"texture":"#0"},"west":{"uv":[1,4,0,5],"rotation":90,"texture":"#0"},"up":{"uv":[0,5,1,6],"rotation":180,"texture":"#0"},"down":{"uv":[0,5,1,6],"texture":"#0"}}},{"from":[7,14.1,5.7],"to":[9,15.1,7.7],"rotation":{"angle":-22.5,"axis":"x","origin":[8,13.8,6.4]},"faces":{"north":{"uv":[5,5,4.5,6],"rotation":90,"texture":"#0"},"east":{"uv":[7.5,2,8,3],"rotation":270,"texture":"#0"},"south":{"uv":[4.5,6,4,5],"rotation":90,"texture":"#0"},"west":{"uv":[8,2,7.5,3],"rotation":90,"texture":"#0"},"up":{"uv":[5,5,6,6],"rotation":180,"texture":"#0"},"down":{"uv":[5,5,6,6],"texture":"#0"}}},{"from":[7.1,14.4,6.2],"to":[8.9,16.4,8.2],"rotation":{"angle":-45,"axis":"x","origin":[8,13.8,6.4]},"faces":{"north":{"uv":[4,4,3,5],"rotation":90,"texture":"#0"},"east":{"uv":[2,4,3,5],"rotation":270,"texture":"#0"},"south":{"uv":[4,6,3,5],"rotation":90,"texture":"#0"},"west":{"uv":[3,4,2,5],"rotation":90,"texture":"#0"},"up":{"uv":[2,5,3,6],"rotation":180,"texture":"#0"},"down":{"uv":[2,5,3,6],"texture":"#0"}}},{"from":[7,14.4,3.7],"to":[9,16.4,4.7],"rotation":{"angle":22.5,"axis":"x","origin":[8,13.8,6.4]},"faces":{"north":{"uv":[6,4,7,5],"texture":"#0"},"east":{"uv":[7,3,7.5,4],"texture":"#0"},"south":{"uv":[6,4,7,5],"texture":"#0"},"west":{"uv":[7.5,3,7,4],"texture":"#0"},"up":{"uv":[6.5,4,6,3],"rotation":90,"texture":"#0"},"down":{"uv":[7,3,6.5,4],"rotation":270,"texture":"#0"}}},{"from":[7.1,15.3,3],"to":[8.9,17.3,5],"rotation":{"angle":0,"axis":"y","origin":[8,13.8,6.4]},"faces":{"north":{"uv":[4,4,5,5],"texture":"#0"},"east":{"uv":[4,3,5,4],"texture":"#0"},"south":{"uv":[4,4,5,5],"texture":"#0"},"west":{"uv":[5,3,4,4],"texture":"#0"},"up":{"uv":[6,5,5,4],"rotation":90,"texture":"#0"},"down":{"uv":[6,3,5,4],"rotation":270,"texture":"#0"}}},{"from":[7,14.9,2.2],"to":[9,16.9,3.2],"rotation":{"angle":-22.5,"axis":"x","origin":[8.5,16.6,2.2]},"faces":{"north":{"uv":[6,5,7,6],"texture":"#0"},"east":{"uv":[7,5,7.5,6],"texture":"#0"},"south":{"uv":[6,5,7,6],"texture":"#0"},"west":{"uv":[7.5,5,7,6],"texture":"#0"},"up":{"uv":[9.5,4,9,3],"rotation":90,"texture":"#0"},"down":{"uv":[13,3,12.5,4],"rotation":270,"texture":"#0"}}},{"from":[7.1,14.9,0.4],"to":[8.9,16.9,2.4],"rotation":{"angle":-45,"axis":"x","origin":[8.5,16.6,2.2]},"faces":{"north":{"uv":[14,5.5,15,6.5],"texture":"#0"},"east":{"uv":[14,4.5,15,5.5],"texture":"#0"},"south":{"uv":[14,5.5,15,6.5],"texture":"#0"},"west":{"uv":[14,4.5,15,5.5],"texture":"#0"},"up":{"uv":[14,6.5,13,5.5],"rotation":90,"texture":"#0"},"down":{"uv":[14,4.5,13,5.5],"rotation":270,"texture":"#0"}}},{"from":[7,14.3,1],"to":[9,15.3,3],"rotation":{"angle":22.5,"axis":"x","origin":[8.5,15.9,1.5]},"faces":{"north":{"uv":[8,6,7.5,5],"rotation":270,"texture":"#0"},"east":{"uv":[8.5,4,9,5],"rotation":90,"texture":"#0"},"south":{"uv":[8.5,5,8,6],"rotation":270,"texture":"#0"},"west":{"uv":[9,4,8.5,5],"rotation":270,"texture":"#0"},"up":{"uv":[8.5,0,9.5,1],"texture":"#0"},"down":{"uv":[8.5,0,9.5,1],"rotation":180,"texture":"#0"}}},{"from":[7.5,13,5],"to":[8.5,20,11],"rotation":{"angle":0,"axis":"y","origin":[1,-6,0]},"faces":{"north":{"uv":[9.5,0,10,3.5],"texture":"#8"},"east":{"uv":[13,0,16,3.5],"texture":"#8"},"south":{"uv":[10,0,9.5,3.5],"texture":"#8"},"west":{"uv":[10,0,13,3.5],"texture":"#8"},"up":{"uv":[9,0,9.5,3],"texture":"#8"},"down":{"uv":[9,0,9.5,3],"texture":"#8"}}},{"from":[8.5,20,5.1],"to":[9.5,22,10.9],"rotation":{"angle":-22.5,"axis":"z","origin":[8,22.5,8]},"faces":{"north":{"uv":[10,4.5,9.5,3.5],"texture":"#8"},"east":{"uv":[13,3.5,16,4.5],"texture":"#8"},"south":{"uv":[9.5,4.5,10,3.5],"texture":"#8"},"west":{"uv":[10,3.5,13,4.5],"texture":"#8"},"up":{"uv":[9,0,9.5,3],"texture":"#8"},"down":{"uv":[9,0,9.5,3],"texture":"#8"}}},{"from":[8.7,22.2,5.2],"to":[9.7,23.2,10.8],"rotation":{"angle":-45,"axis":"z","origin":[8,22.5,8]},"faces":{"north":{"uv":[9.5,3,9,3.5],"texture":"#8"},"east":{"uv":[13,5,16,5.5],"texture":"#8"},"south":{"uv":[9,3,9.5,3.5],"texture":"#8"},"west":{"uv":[13,4.5,16,5],"texture":"#8"},"up":{"uv":[8.5,0,9,3],"texture":"#8"},"down":{"uv":[8.5,0,9,3],"texture":"#8"}}},{"from":[8.9,21.1,5.3],"to":[9.9,22.1,10.7],"rotation":{"angle":22.5,"axis":"z","origin":[8,22.5,8]},"faces":{"north":{"uv":[9,3,8.5,3.5],"rotation":270,"texture":"#8"},"east":{"uv":[8,0,8.5,3],"rotation":90,"texture":"#8"},"south":{"uv":[8.5,3,9,3.5],"rotation":90,"texture":"#8"},"west":{"uv":[8,0,8.5,3],"rotation":90,"texture":"#8"},"up":{"uv":[10,4.5,13,5],"rotation":90,"texture":"#8"},"down":{"uv":[10,5,13,5.5],"rotation":90,"texture":"#8"}}},{"from":[9.9,21.9,5.4],"to":[11.9,22.9,10.6],"rotation":{"angle":0,"axis":"y","origin":[8,22.5,8]},"faces":{"north":{"uv":[13,5.5,12.5,6.5],"rotation":270,"texture":"#8"},"east":{"uv":[15.5,7.5,16,10.5],"rotation":90,"texture":"#8"},"south":{"uv":[12.5,5.5,13,6.5],"rotation":90,"texture":"#8"},"west":{"uv":[15.5,7.5,16,10.5],"rotation":90,"texture":"#8"},"up":{"uv":[13,5.5,16,6.5],"rotation":90,"texture":"#8"},"down":{"uv":[13,6.5,16,7.5],"rotation":90,"texture":"#8"}}},{"from":[7,5,8],"to":[13,22,8],"rotation":{"angle":0,"axis":"y","origin":[16,0,0]},"faces":{"north":{"uv":[0,9,8.5,12],"rotation":90,"texture":"#0"},"east":{"uv":[0,0,0,8.5],"texture":"#0"},"south":{"uv":[0,12,8.5,9],"rotation":90,"texture":"#0"},"west":{"uv":[0,0,0,8.5],"texture":"#0"},"up":{"uv":[3,0,0,0],"texture":"#0"},"down":{"uv":[3,0,0,0],"texture":"#0"}}},{"from":[7,1.9,8.8],"to":[9,3.9,10.8],"rotation":{"angle":-22.5,"axis":"x","origin":[8,2,11]},"faces":{"north":{"uv":[1,1,0,2],"texture":"#0"},"east":{"uv":[0,0,1,1],"texture":"#0"},"south":{"uv":[1,1,0,2],"texture":"#0"},"west":{"uv":[1,0,0,1],"texture":"#0"},"up":{"uv":[1,2,2,1],"rotation":90,"texture":"#0"},"down":{"uv":[1,0,2,1],"rotation":270,"texture":"#0"}}},{"from":[7.1,1.8,9],"to":[8.9,3.8,11],"rotation":{"angle":45,"axis":"x","origin":[8,2,11]},"faces":{"north":{"uv":[4,1,3,2],"rotation":90,"texture":"#0"},"east":{"uv":[3,1,2,0],"rotation":270,"texture":"#0"},"south":{"uv":[4,1,3,0],"rotation":90,"texture":"#0"},"west":{"uv":[2,1,3,0],"rotation":90,"texture":"#0"},"up":{"uv":[2,2,3,1],"rotation":180,"texture":"#0"},"down":{"uv":[2,2,3,1],"texture":"#0"}}},{"from":[7,3.7,9.7],"to":[9,5.7,11.7],"rotation":{"angle":22.5,"axis":"x","origin":[8,2,11]},"faces":{"north":{"uv":[2,3,1,4],"rotation":90,"texture":"#0"},"east":{"uv":[1,3,0,2],"rotation":270,"texture":"#0"},"south":{"uv":[2,3,1,2],"rotation":90,"texture":"#0"},"west":{"uv":[0,3,1,2],"rotation":90,"texture":"#0"},"up":{"uv":[0,4,1,3],"rotation":180,"texture":"#0"},"down":{"uv":[0,4,1,3],"texture":"#0"}}},{"from":[7.1,5.1,11.1],"to":[8.9,7.1,13.1],"rotation":{"angle":0,"axis":"y","origin":[8,2,11]},"faces":{"north":{"uv":[4,3,3,4],"rotation":90,"texture":"#0"},"east":{"uv":[3,3,2,2],"rotation":270,"texture":"#0"},"south":{"uv":[4,3,3,2],"rotation":90,"texture":"#0"},"west":{"uv":[2,3,3,2],"rotation":90,"texture":"#0"},"up":{"uv":[2,4,3,3],"rotation":180,"texture":"#0"},"down":{"uv":[2,4,3,3],"texture":"#0"}}},{"from":[7,5.9,12.9],"to":[9,12.9,14.9],"rotation":{"angle":-22.5,"axis":"x","origin":[8,2,11]},"faces":{"north":{"uv":[7.5,2,4,3],"rotation":90,"texture":"#0"},"east":{"uv":[4,1,7.5,0],"rotation":270,"texture":"#0"},"south":{"uv":[7.5,2,4,1],"rotation":90,"texture":"#0"},"west":{"uv":[7.5,1,4,0],"rotation":90,"texture":"#0"},"up":{"uv":[7.5,1,8.5,0],"rotation":180,"texture":"#0"},"down":{"uv":[7.5,2,8.5,1],"texture":"#0"}}},{"from":[7.1,12.7,8.5],"to":[8.9,14.7,10.5],"rotation":{"angle":0,"axis":"y","origin":[8,13.8,9.6]},"faces":{"north":{"uv":[2,5,1,6],"rotation":90,"texture":"#0"},"east":{"uv":[0,5,1,4],"rotation":270,"texture":"#0"},"south":{"uv":[2,5,1,4],"rotation":90,"texture":"#0"},"west":{"uv":[1,5,0,4],"rotation":90,"texture":"#0"},"up":{"uv":[0,6,1,5],"rotation":180,"texture":"#0"},"down":{"uv":[0,6,1,5],"texture":"#0"}}},{"from":[7,14.1,8.3],"to":[9,15.1,10.3],"rotation":{"angle":22.5,"axis":"x","origin":[8,13.8,9.6]},"faces":{"north":{"uv":[4.5,5,4,6],"rotation":90,"texture":"#0"},"east":{"uv":[7.5,3,8,2],"rotation":270,"texture":"#0"},"south":{"uv":[5,6,4.5,5],"rotation":90,"texture":"#0"},"west":{"uv":[8,3,7.5,2],"rotation":90,"texture":"#0"},"up":{"uv":[5,6,6,5],"rotation":180,"texture":"#0"},"down":{"uv":[5,6,6,5],"texture":"#0"}}},{"from":[7.1,14.4,7.8],"to":[8.9,16.4,9.8],"rotation":{"angle":45,"axis":"x","origin":[8,13.8,9.6]},"faces":{"north":{"uv":[4,5,3,6],"rotation":90,"texture":"#0"},"east":{"uv":[2,5,3,4],"rotation":270,"texture":"#0"},"south":{"uv":[4,5,3,4],"rotation":90,"texture":"#0"},"west":{"uv":[3,5,2,4],"rotation":90,"texture":"#0"},"up":{"uv":[2,6,3,5],"rotation":180,"texture":"#0"},"down":{"uv":[2,6,3,5],"texture":"#0"}}},{"from":[7,14.4,11.3],"to":[9,16.4,12.3],"rotation":{"angle":-22.5,"axis":"x","origin":[8,13.8,9.6]},"faces":{"north":{"uv":[7,4,6,5],"texture":"#0"},"east":{"uv":[7.5,3,7,4],"texture":"#0"},"south":{"uv":[7,4,6,5],"texture":"#0"},"west":{"uv":[7,3,7.5,4],"texture":"#0"},"up":{"uv":[6,4,6.5,3],"rotation":90,"texture":"#0"},"down":{"uv":[6.5,3,7,4],"rotation":270,"texture":"#0"}}},{"from":[7.1,15.3,11],"to":[8.9,17.3,13],"rotation":{"angle":0,"axis":"y","origin":[8,13.8,9.6]},"faces":{"north":{"uv":[5,4,4,5],"texture":"#0"},"east":{"uv":[5,3,4,4],"texture":"#0"},"south":{"uv":[5,4,4,5],"texture":"#0"},"west":{"uv":[4,3,5,4],"texture":"#0"},"up":{"uv":[5,5,6,4],"rotation":90,"texture":"#0"},"down":{"uv":[5,3,6,4],"rotation":270,"texture":"#0"}}},{"from":[7,14.9,12.8],"to":[9,16.9,13.8],"rotation":{"angle":22.5,"axis":"x","origin":[8.5,16.6,13.8]},"faces":{"north":{"uv":[7,5,6,6],"texture":"#0"},"east":{"uv":[7.5,5,7,6],"texture":"#0"},"south":{"uv":[7,5,6,6],"texture":"#0"},"west":{"uv":[7,5,7.5,6],"texture":"#0"},"up":{"uv":[9,4,9.5,3],"rotation":90,"texture":"#0"},"down":{"uv":[12.5,3,13,4],"rotation":270,"texture":"#0"}}},{"from":[7.1,14.9,13.6],"to":[8.9,16.9,15.6],"rotation":{"angle":45,"axis":"x","origin":[8.5,16.6,13.8]},"faces":{"north":{"uv":[15,5.5,14,6.5],"texture":"#0"},"east":{"uv":[15,4.5,14,5.5],"texture":"#0"},"south":{"uv":[15,5.5,14,6.5],"texture":"#0"},"west":{"uv":[15,4.5,14,5.5],"texture":"#0"},"up":{"uv":[13,6.5,14,5.5],"rotation":90,"texture":"#0"},"down":{"uv":[13,4.5,14,5.5],"rotation":270,"texture":"#0"}}},{"from":[7,14.3,13],"to":[9,15.3,15],"rotation":{"angle":-22.5,"axis":"x","origin":[8.5,15.9,14.5]},"faces":{"north":{"uv":[8.5,6,8,5],"rotation":270,"texture":"#0"},"east":{"uv":[8.5,5,9,4],"rotation":90,"texture":"#0"},"south":{"uv":[8,5,7.5,6],"rotation":270,"texture":"#0"},"west":{"uv":[9,5,8.5,4],"rotation":270,"texture":"#0"},"up":{"uv":[8.5,1,9.5,0],"texture":"#0"},"down":{"uv":[8.5,1,9.5,0],"rotation":180,"texture":"#0"}}},{"from":[-1,6,7.9],"to":[7,14,7.9],"rotation":{"angle":0,"axis":"y","origin":[0,16,0]},"faces":{"north":{"uv":[16,8,8,0],"texture":"#9"},"east":{"uv":[0,8,0,0],"texture":"#9"},"south":{"uv":[8,8,16,0],"texture":"#9"},"west":{"uv":[0,8,0,0],"texture":"#9"},"up":{"uv":[0,0,8,0],"texture":"#9"},"down":{"uv":[0,0,8,0],"texture":"#9"}}}],"gui_light":"front","display":{"thirdperson_righthand":{"rotation":[0,90,0],"translation":[0,7,2],"scale":[0.55,0.55,0.55]},"thirdperson_lefthand":{"rotation":[0,-90,0],"translation":[0,7,2],"scale":[0.55,0.55,0.55]},"firstperson_righthand":{"rotation":[0,90,0],"translation":[1.5,7,0.5],"scale":[0.38672,0.38672,0.38672]},"firstperson_lefthand":{"rotation":[0,-90,0],"translation":[1.5,7,0.5],"scale":[0.38672,0.38672,0.38672]},"ground":{"rotation":[0,0,45],"translation":[0,10,0],"scale":[0.45,0.45,0.45]},"gui":{"rotation":[0,0,-45],"translation":[1.5,2,-2],"scale":[0.46305,0.46305,0.46305]},"head":{"rotation":[-135.5,0,0],"translation":[0,-19.75,1.25],"scale":[0,0,0]},"fixed":{"rotation":[0,90,0],"translation":[0,5,-2.75],"scale":[1.4,1.4,1.4]}}}