{"credit":"MadewithBlockbench","texture_size":[32,32],"textures":{"0":"outsourced:events/patty/set2/texture1","2":"outsourced:events/patty/set2/texture3","3":"outsourced:events/patty/set2/texture4","5":"outsourced:events/patty/set2/texture6","6":"outsourced:events/patty/set2/texture7","9":"outsourced:events/patty/set2/symbol","particle":"outsourced:events/patty/set2/texture1"},"elements":[{"from":[-5.75,8.7,10.95],"to":[2.25,16.7,15.15],"rotation":{"angle":-45,"axis":"z","origin":[3.25,1.7,5.05]},"faces":{"north":{"uv":[4,4,12,12],"texture":"#9"},"east":{"uv":[7,12,9,16],"rotation":180,"texture":"#2"},"south":{"uv":[4,4,12,12],"rotation":270,"texture":"#9"},"west":{"uv":[7,8,9,12],"rotation":180,"texture":"#2"},"up":{"uv":[7,8,9,12],"rotation":90,"texture":"#2"},"down":{"uv":[7,12,9,16],"rotation":270,"texture":"#2"}}},{"from":[5.5,5,11],"to":[9.5,21,15],"rotation":{"angle":0,"axis":"y","origin":[7.5,10.5,8.2]},"faces":{"north":{"uv":[2,16,0,8],"rotation":180,"texture":"#6"},"east":{"uv":[4,16,2,8],"rotation":180,"texture":"#6"},"south":{"uv":[2,16,0,8],"rotation":180,"texture":"#6"},"west":{"uv":[4,16,2,8],"rotation":180,"texture":"#6"},"up":{"uv":[14,14,16,16],"rotation":90,"texture":"#6"},"down":{"uv":[14,12,16,14],"rotation":270,"texture":"#6"}}},{"from":[8.8,5.9,12],"to":[10.8,7.9,14],"rotation":{"angle":22.5,"axis":"z","origin":[11,6,13]},"faces":{"north":{"uv":[0,0,1,1],"texture":"#0"},"east":{"uv":[1,1,0,2],"texture":"#0"},"south":{"uv":[1,0,0,1],"texture":"#0"},"west":{"uv":[1,1,0,2],"texture":"#0"},"up":{"uv":[1,2,2,1],"texture":"#0"},"down":{"uv":[1,0,2,1],"texture":"#0"}}},{"from":[9,5.8,12.1],"to":[11,7.8,13.9],"rotation":{"angle":-45,"axis":"z","origin":[11,6,13]},"faces":{"north":{"uv":[3,1,2,0],"rotation":270,"texture":"#0"},"east":{"uv":[4,1,3,0],"rotation":90,"texture":"#0"},"south":{"uv":[2,1,3,0],"rotation":90,"texture":"#0"},"west":{"uv":[4,1,3,2],"rotation":90,"texture":"#0"},"up":{"uv":[2,2,3,1],"rotation":90,"texture":"#0"},"down":{"uv":[2,2,3,1],"rotation":90,"texture":"#0"}}},{"from":[9.7,7.7,12],"to":[11.7,9.7,14],"rotation":{"angle":-22.5,"axis":"z","origin":[11,6,13]},"faces":{"north":{"uv":[1,3,0,2],"rotation":270,"texture":"#0"},"east":{"uv":[2,3,1,2],"rotation":90,"texture":"#0"},"south":{"uv":[0,3,1,2],"rotation":90,"texture":"#0"},"west":{"uv":[2,3,1,4],"rotation":90,"texture":"#0"},"up":{"uv":[0,4,1,3],"rotation":90,"texture":"#0"},"down":{"uv":[0,4,1,3],"rotation":90,"texture":"#0"}}},{"from":[11.1,9.1,12.1],"to":[13.1,11.1,13.9],"rotation":{"angle":0,"axis":"y","origin":[11,6,13]},"faces":{"north":{"uv":[3,3,2,2],"rotation":270,"texture":"#0"},"east":{"uv":[4,3,3,2],"rotation":90,"texture":"#0"},"south":{"uv":[2,3,3,2],"rotation":90,"texture":"#0"},"west":{"uv":[4,3,3,4],"rotation":90,"texture":"#0"},"up":{"uv":[2,4,3,3],"rotation":90,"texture":"#0"},"down":{"uv":[2,4,3,3],"rotation":90,"texture":"#0"}}},{"from":[12.9,9.9,12],"to":[14.9,16.9,14],"rotation":{"angle":22.5,"axis":"z","origin":[11,6,13]},"faces":{"north":{"uv":[4,1,7.5,0],"rotation":270,"texture":"#0"},"east":{"uv":[7.5,2,4,1],"rotation":90,"texture":"#0"},"south":{"uv":[7.5,1,4,0],"rotation":90,"texture":"#0"},"west":{"uv":[7.5,2,4,3],"rotation":90,"texture":"#0"},"up":{"uv":[7.5,1,8.5,0],"rotation":90,"texture":"#0"},"down":{"uv":[7.5,2,8.5,1],"rotation":90,"texture":"#0"}}},{"from":[8.5,16.7,12.1],"to":[10.5,18.7,13.9],"rotation":{"angle":0,"axis":"y","origin":[9.6,17.8,13]},"faces":{"north":{"uv":[0,5,1,4],"rotation":270,"texture":"#0"},"east":{"uv":[2,5,1,4],"rotation":90,"texture":"#0"},"south":{"uv":[1,5,0,4],"rotation":90,"texture":"#0"},"west":{"uv":[2,5,1,6],"rotation":90,"texture":"#0"},"up":{"uv":[0,6,1,5],"rotation":90,"texture":"#0"},"down":{"uv":[0,6,1,5],"rotation":90,"texture":"#0"}}},{"from":[8.3,18.1,12],"to":[10.3,19.1,14],"rotation":{"angle":-22.5,"axis":"z","origin":[9.6,17.8,13]},"faces":{"north":{"uv":[7.5,3,8,2],"rotation":270,"texture":"#0"},"east":{"uv":[5,6,4.5,5],"rotation":90,"texture":"#0"},"south":{"uv":[8,3,7.5,2],"rotation":90,"texture":"#0"},"west":{"uv":[4.5,5,4,6],"rotation":90,"texture":"#0"},"up":{"uv":[5,6,6,5],"rotation":90,"texture":"#0"},"down":{"uv":[5,6,6,5],"rotation":90,"texture":"#0"}}},{"from":[7.8,18.4,12.1],"to":[9.8,20.4,13.9],"rotation":{"angle":-45,"axis":"z","origin":[9.6,17.8,13]},"faces":{"north":{"uv":[2,5,3,4],"rotation":270,"texture":"#0"},"east":{"uv":[4,5,3,4],"rotation":90,"texture":"#0"},"south":{"uv":[3,5,2,4],"rotation":90,"texture":"#0"},"west":{"uv":[4,5,3,6],"rotation":90,"texture":"#0"},"up":{"uv":[2,6,3,5],"rotation":90,"texture":"#0"},"down":{"uv":[2,6,3,5],"rotation":90,"texture":"#0"}}},{"from":[11.3,18.4,12],"to":[12.3,20.4,14],"rotation":{"angle":22.5,"axis":"z","origin":[9.6,17.8,13]},"faces":{"north":{"uv":[7.5,3,7,4],"texture":"#0"},"east":{"uv":[7,4,6,5],"texture":"#0"},"south":{"uv":[7,3,7.5,4],"texture":"#0"},"west":{"uv":[7,4,6,5],"texture":"#0"},"up":{"uv":[6,4,6.5,3],"texture":"#0"},"down":{"uv":[6.5,3,7,4],"texture":"#0"}}},{"from":[11,19.3,12.1],"to":[13,21.3,13.9],"rotation":{"angle":0,"axis":"y","origin":[9.6,17.8,13]},"faces":{"north":{"uv":[5,3,4,4],"texture":"#0"},"east":{"uv":[5,4,4,5],"texture":"#0"},"south":{"uv":[4,3,5,4],"texture":"#0"},"west":{"uv":[5,4,4,5],"texture":"#0"},"up":{"uv":[5,5,6,4],"texture":"#0"},"down":{"uv":[5,3,6,4],"texture":"#0"}}},{"from":[12.8,18.9,12],"to":[13.8,20.9,14],"rotation":{"angle":-22.5,"axis":"z","origin":[13.8,20.6,12.5]},"faces":{"north":{"uv":[7.5,5,7,6],"texture":"#0"},"east":{"uv":[7,5,6,6],"texture":"#0"},"south":{"uv":[7,5,7.5,6],"texture":"#0"},"west":{"uv":[7,5,6,6],"texture":"#0"},"up":{"uv":[9,4,9.5,3],"texture":"#0"},"down":{"uv":[12.5,3,13,4],"texture":"#0"}}},{"from":[13.6,18.9,12.1],"to":[15.6,20.9,13.9],"rotation":{"angle":-45,"axis":"z","origin":[13.8,20.6,12.5]},"faces":{"north":{"uv":[15,4.5,14,5.5],"texture":"#0"},"east":{"uv":[15,5.5,14,6.5],"texture":"#0"},"south":{"uv":[15,4.5,14,5.5],"texture":"#0"},"west":{"uv":[15,5.5,14,6.5],"texture":"#0"},"up":{"uv":[13,6.5,14,5.5],"texture":"#0"},"down":{"uv":[13,4.5,14,5.5],"texture":"#0"}}},{"from":[13,18.3,12],"to":[15,19.3,14],"rotation":{"angle":22.5,"axis":"z","origin":[14.5,19.9,12.5]},"faces":{"north":{"uv":[8.5,5,9,4],"rotation":90,"texture":"#0"},"east":{"uv":[8,5,7.5,6],"rotation":270,"texture":"#0"},"south":{"uv":[9,5,8.5,4],"rotation":270,"texture":"#0"},"west":{"uv":[8.5,6,8,5],"rotation":270,"texture":"#0"},"up":{"uv":[8.5,1,9.5,0],"rotation":270,"texture":"#0"},"down":{"uv":[8.5,1,9.5,0],"rotation":270,"texture":"#0"}}},{"from":[4.2,5.9,12],"to":[6.2,7.9,14],"rotation":{"angle":-22.5,"axis":"z","origin":[4,6,13]},"faces":{"north":{"uv":[1,0,0,1],"texture":"#0"},"east":{"uv":[0,1,1,2],"texture":"#0"},"south":{"uv":[0,0,1,1],"texture":"#0"},"west":{"uv":[0,1,1,2],"texture":"#0"},"up":{"uv":[2,2,1,1],"texture":"#0"},"down":{"uv":[2,0,1,1],"texture":"#0"}}},{"from":[4,5.8,12.1],"to":[6,7.8,13.9],"rotation":{"angle":45,"axis":"z","origin":[4,6,13]},"faces":{"north":{"uv":[3,0,2,1],"rotation":270,"texture":"#0"},"east":{"uv":[4,2,3,1],"rotation":90,"texture":"#0"},"south":{"uv":[2,0,3,1],"rotation":90,"texture":"#0"},"west":{"uv":[4,0,3,1],"rotation":90,"texture":"#0"},"up":{"uv":[2,1,3,2],"rotation":90,"texture":"#0"},"down":{"uv":[2,1,3,2],"rotation":90,"texture":"#0"}}},{"from":[3.3,7.7,12],"to":[5.3,9.7,14],"rotation":{"angle":22.5,"axis":"z","origin":[4,6,13]},"faces":{"north":{"uv":[1,2,0,3],"rotation":270,"texture":"#0"},"east":{"uv":[2,4,1,3],"rotation":90,"texture":"#0"},"south":{"uv":[0,2,1,3],"rotation":90,"texture":"#0"},"west":{"uv":[2,2,1,3],"rotation":90,"texture":"#0"},"up":{"uv":[0,3,1,4],"rotation":90,"texture":"#0"},"down":{"uv":[0,3,1,4],"rotation":90,"texture":"#0"}}},{"from":[1.9,9.1,12.1],"to":[3.9,11.1,13.9],"rotation":{"angle":0,"axis":"y","origin":[4,6,13]},"faces":{"north":{"uv":[3,2,2,3],"rotation":270,"texture":"#0"},"east":{"uv":[4,4,3,3],"rotation":90,"texture":"#0"},"south":{"uv":[2,2,3,3],"rotation":90,"texture":"#0"},"west":{"uv":[4,2,3,3],"rotation":90,"texture":"#0"},"up":{"uv":[2,3,3,4],"rotation":90,"texture":"#0"},"down":{"uv":[2,3,3,4],"rotation":90,"texture":"#0"}}},{"from":[0.1,9.9,12],"to":[2.1,16.9,14],"rotation":{"angle":-22.5,"axis":"z","origin":[4,6,13]},"faces":{"north":{"uv":[4,0,7.5,1],"rotation":270,"texture":"#0"},"east":{"uv":[7.5,3,4,2],"rotation":90,"texture":"#0"},"south":{"uv":[7.5,0,4,1],"rotation":90,"texture":"#0"},"west":{"uv":[7.5,1,4,2],"rotation":90,"texture":"#0"},"up":{"uv":[7.5,0,8.5,1],"rotation":90,"texture":"#0"},"down":{"uv":[7.5,1,8.5,2],"rotation":90,"texture":"#0"}}},{"from":[4.5,16.7,12.1],"to":[6.5,18.7,13.9],"rotation":{"angle":0,"axis":"y","origin":[5.4,17.8,13]},"faces":{"north":{"uv":[0,4,1,5],"rotation":270,"texture":"#0"},"east":{"uv":[2,6,1,5],"rotation":90,"texture":"#0"},"south":{"uv":[1,4,0,5],"rotation":90,"texture":"#0"},"west":{"uv":[2,4,1,5],"rotation":90,"texture":"#0"},"up":{"uv":[0,5,1,6],"rotation":90,"texture":"#0"},"down":{"uv":[0,5,1,6],"rotation":90,"texture":"#0"}}},{"from":[4.7,18.1,12],"to":[6.7,19.1,14],"rotation":{"angle":22.5,"axis":"z","origin":[5.4,17.8,13]},"faces":{"north":{"uv":[7.5,2,8,3],"rotation":270,"texture":"#0"},"east":{"uv":[4.5,6,4,5],"rotation":90,"texture":"#0"},"south":{"uv":[8,2,7.5,3],"rotation":90,"texture":"#0"},"west":{"uv":[5,5,4.5,6],"rotation":90,"texture":"#0"},"up":{"uv":[5,5,6,6],"rotation":90,"texture":"#0"},"down":{"uv":[5,5,6,6],"rotation":90,"texture":"#0"}}},{"from":[5.2,18.4,12.1],"to":[7.2,20.4,13.9],"rotation":{"angle":45,"axis":"z","origin":[5.4,17.8,13]},"faces":{"north":{"uv":[2,4,3,5],"rotation":270,"texture":"#0"},"east":{"uv":[4,6,3,5],"rotation":90,"texture":"#0"},"south":{"uv":[3,4,2,5],"rotation":90,"texture":"#0"},"west":{"uv":[4,4,3,5],"rotation":90,"texture":"#0"},"up":{"uv":[2,5,3,6],"rotation":90,"texture":"#0"},"down":{"uv":[2,5,3,6],"rotation":90,"texture":"#0"}}},{"from":[2.7,18.4,12],"to":[3.7,20.4,14],"rotation":{"angle":-22.5,"axis":"z","origin":[5.4,17.8,13]},"faces":{"north":{"uv":[7,3,7.5,4],"texture":"#0"},"east":{"uv":[6,4,7,5],"texture":"#0"},"south":{"uv":[7.5,3,7,4],"texture":"#0"},"west":{"uv":[6,4,7,5],"texture":"#0"},"up":{"uv":[6.5,4,6,3],"texture":"#0"},"down":{"uv":[7,3,6.5,4],"texture":"#0"}}},{"from":[2,19.3,12.1],"to":[4,21.3,13.9],"rotation":{"angle":0,"axis":"y","origin":[5.4,17.8,13]},"faces":{"north":{"uv":[4,3,5,4],"texture":"#0"},"east":{"uv":[4,4,5,5],"texture":"#0"},"south":{"uv":[5,3,4,4],"texture":"#0"},"west":{"uv":[4,4,5,5],"texture":"#0"},"up":{"uv":[6,5,5,4],"texture":"#0"},"down":{"uv":[6,3,5,4],"texture":"#0"}}},{"from":[1.2,18.9,12],"to":[2.2,20.9,14],"rotation":{"angle":22.5,"axis":"z","origin":[1.2,20.6,12.5]},"faces":{"north":{"uv":[7,5,7.5,6],"texture":"#0"},"east":{"uv":[6,5,7,6],"texture":"#0"},"south":{"uv":[7.5,5,7,6],"texture":"#0"},"west":{"uv":[6,5,7,6],"texture":"#0"},"up":{"uv":[9.5,4,9,3],"texture":"#0"},"down":{"uv":[13,3,12.5,4],"texture":"#0"}}},{"from":[-0.6,18.9,12.1],"to":[1.4,20.9,13.9],"rotation":{"angle":45,"axis":"z","origin":[1.2,20.6,12.5]},"faces":{"north":{"uv":[14,4.5,15,5.5],"texture":"#0"},"east":{"uv":[14,5.5,15,6.5],"texture":"#0"},"south":{"uv":[14,4.5,15,5.5],"texture":"#0"},"west":{"uv":[14,5.5,15,6.5],"texture":"#0"},"up":{"uv":[14,6.5,13,5.5],"texture":"#0"},"down":{"uv":[14,4.5,13,5.5],"texture":"#0"}}},{"from":[0,18.3,12],"to":[2,19.3,14],"rotation":{"angle":-22.5,"axis":"z","origin":[0.5,19.9,12.5]},"faces":{"north":{"uv":[8.5,4,9,5],"rotation":90,"texture":"#0"},"east":{"uv":[8.5,5,8,6],"rotation":270,"texture":"#0"},"south":{"uv":[9,4,8.5,5],"rotation":270,"texture":"#0"},"west":{"uv":[8,6,7.5,5],"rotation":270,"texture":"#0"},"up":{"uv":[8.5,0,9.5,1],"rotation":270,"texture":"#0"},"down":{"uv":[8.5,0,9.5,1],"rotation":270,"texture":"#0"}}},{"from":[6.5,0,12],"to":[8.5,5,14],"rotation":{"angle":0,"axis":"y","origin":[0,16,16]},"faces":{"north":{"uv":[3,3,5.5,2],"rotation":90,"texture":"#3"},"east":{"uv":[5.5,4,3,3],"rotation":90,"texture":"#3"},"south":{"uv":[5.5,3,3,2],"rotation":270,"texture":"#3"},"west":{"uv":[5.5,4,3,3],"rotation":90,"texture":"#3"},"up":{"uv":[5,0,6,1],"rotation":90,"texture":"#3"},"down":{"uv":[5,0,6,1],"rotation":90,"texture":"#3"}}},{"from":[8.5,-2,12],"to":[10.5,0,14],"rotation":{"angle":0,"axis":"y","origin":[0,16,16]},"faces":{"north":{"uv":[4,2,5,1],"rotation":90,"texture":"#3"},"east":{"uv":[2,3,1,2],"rotation":90,"texture":"#3"},"south":{"uv":[5,2,4,1],"rotation":270,"texture":"#3"},"west":{"uv":[2,3,1,2],"rotation":90,"texture":"#3"},"up":{"uv":[2,2,3,3],"rotation":90,"texture":"#3"},"down":{"uv":[2,2,3,3],"rotation":90,"texture":"#3"}}},{"from":[8.5,0,12],"to":[12.5,2,14],"rotation":{"angle":0,"axis":"y","origin":[0,16,16]},"faces":{"north":{"uv":[0,2,1,0],"rotation":90,"texture":"#3"},"east":{"uv":[0,2,1,3],"rotation":90,"texture":"#3"},"south":{"uv":[1,2,0,0],"rotation":270,"texture":"#3"},"west":{"uv":[0,2,1,3],"rotation":90,"texture":"#3"},"up":{"uv":[1,0,2,2],"rotation":90,"texture":"#3"},"down":{"uv":[2,0,3,2],"rotation":90,"texture":"#3"}}},{"from":[8.5,2,12],"to":[10.5,4,14],"rotation":{"angle":0,"axis":"y","origin":[0,16,16]},"faces":{"north":{"uv":[4,1,3,0],"rotation":90,"texture":"#3"},"east":{"uv":[5,1,4,0],"rotation":90,"texture":"#3"},"south":{"uv":[3,1,4,0],"rotation":270,"texture":"#3"},"west":{"uv":[5,1,4,0],"rotation":90,"texture":"#3"},"up":{"uv":[3,1,4,2],"rotation":90,"texture":"#3"},"down":{"uv":[3,1,4,2],"rotation":90,"texture":"#3"}}},{"from":[4.5,-2,12],"to":[6.5,0,14],"rotation":{"angle":0,"axis":"y","origin":[16,16,16]},"faces":{"north":{"uv":[4,1,5,2],"rotation":90,"texture":"#3"},"east":{"uv":[2,2,1,3],"rotation":90,"texture":"#3"},"south":{"uv":[5,1,4,2],"rotation":270,"texture":"#3"},"west":{"uv":[2,2,1,3],"rotation":90,"texture":"#3"},"up":{"uv":[2,3,3,2],"rotation":90,"texture":"#3"},"down":{"uv":[2,3,3,2],"rotation":90,"texture":"#3"}}},{"from":[2.5,0,12],"to":[6.5,2,14],"rotation":{"angle":0,"axis":"y","origin":[16,16,16]},"faces":{"north":{"uv":[0,0,1,2],"rotation":90,"texture":"#3"},"east":{"uv":[0,3,1,2],"rotation":90,"texture":"#3"},"south":{"uv":[1,0,0,2],"rotation":270,"texture":"#3"},"west":{"uv":[0,3,1,2],"rotation":90,"texture":"#3"},"up":{"uv":[1,2,2,0],"rotation":90,"texture":"#3"},"down":{"uv":[2,2,3,0],"rotation":90,"texture":"#3"}}},{"from":[4.5,2,12],"to":[6.5,4,14],"rotation":{"angle":0,"axis":"y","origin":[16,16,16]},"faces":{"north":{"uv":[4,0,3,1],"rotation":90,"texture":"#3"},"east":{"uv":[5,0,4,1],"rotation":90,"texture":"#3"},"south":{"uv":[3,0,4,1],"rotation":270,"texture":"#3"},"west":{"uv":[5,0,4,1],"rotation":90,"texture":"#3"},"up":{"uv":[3,2,4,1],"rotation":90,"texture":"#3"},"down":{"uv":[3,2,4,1],"rotation":90,"texture":"#3"}}},{"from":[0,2,13],"to":[6,19,13],"rotation":{"angle":0,"axis":"y","origin":[0,0,16]},"faces":{"north":{"uv":[0,12,8.5,9],"rotation":90,"texture":"#0"},"east":{"uv":[0,0,0,8.5],"texture":"#0"},"south":{"uv":[0,9,8.5,12],"rotation":90,"texture":"#0"},"west":{"uv":[0,0,0,8.5],"texture":"#0"},"up":{"uv":[3,0,0,0],"rotation":180,"texture":"#0"},"down":{"uv":[3,0,0,0],"rotation":180,"texture":"#0"}}},{"from":[9,2,13],"to":[15,19,13],"rotation":{"angle":0,"axis":"y","origin":[16,0,16]},"faces":{"north":{"uv":[0,9,8.5,12],"rotation":90,"texture":"#0"},"east":{"uv":[0,0,0,8.5],"texture":"#0"},"south":{"uv":[0,12,8.5,9],"rotation":90,"texture":"#0"},"west":{"uv":[0,0,0,8.5],"texture":"#0"},"up":{"uv":[0,0,3,0],"rotation":180,"texture":"#0"},"down":{"uv":[0,0,3,0],"rotation":180,"texture":"#0"}}},{"from":[0.5,18,13],"to":[10.5,28,13],"rotation":{"angle":-45,"axis":"z","origin":[7.71716,21.01005,13]},"faces":{"north":{"uv":[8.5,11,13.5,16],"texture":"#5"},"east":{"uv":[0,0,0,5],"texture":"#5"},"south":{"uv":[13.5,11,8.5,16],"texture":"#5"},"west":{"uv":[0,0,0,5],"texture":"#5"},"up":{"uv":[0,0,5,0],"texture":"#5"},"down":{"uv":[0,0,5,0],"texture":"#5"}}}],"gui_light":"front","display":{"thirdperson_righthand":{"rotation":[67.5,0,0],"translation":[0.5,3.25,-0.75],"scale":[0.52617,0.52617,0.52617]},"thirdperson_lefthand":{"rotation":[67.5,0,-40.14],"translation":[-7.5,-3.75,4.25],"scale":[0.80938,0.80938,0.80938]},"firstperson_righthand":{"translation":[-0.25,3.25,-0.25],"scale":[0.4043,0.4043,0.4043]},"firstperson_lefthand":{"rotation":[-173,-79.6,177.91],"translation":[0.5,4.25,-0.25],"scale":[0,0,0]},"ground":{"rotation":[0,0,45],"translation":[0,9.5,-2.25],"scale":[0.65313,0.65313,0.65313]},"gui":{"translation":[0.25,-3,-2],"scale":[0.45133,0.45133,0.45133]},"head":{"rotation":[-135.5,0,0],"translation":[0,-19.75,1.25],"scale":[0,0,0]},"fixed":{"translation":[0,-2,-9.75],"scale":[1.4,1.4,1.4]}}}