{"credit":"MadewithBlockbench","texture_size":[32,32],"textures":{"0":"outsourced:events/patty/set2/texture1","1":"outsourced:events/patty/set2/texture2","2":"outsourced:events/patty/set2/texture3","3":"outsourced:events/patty/set2/texture4","4":"outsourced:events/patty/set2/greenpower","8":"outsourced:events/patty/set2/texture9","9":"outsourced:events/patty/set2/symbol","particle":"outsourced:events/patty/set2/texture1"},"elements":[{"from":[5.9,1.4,2.3],"to":[10.1,9.4,10.3],"rotation":{"angle":45,"axis":"x","origin":[11,1.7,3.3]},"faces":{"north":{"uv":[7,8,9,12],"rotation":180,"texture":"#2"},"east":{"uv":[4,12,12,4],"rotation":270,"texture":"#9"},"south":{"uv":[7,12,9,16],"rotation":180,"texture":"#2"},"west":{"uv":[4,4,12,12],"rotation":270,"texture":"#9"},"up":{"uv":[7,8,9,12],"rotation":180,"texture":"#2"},"down":{"uv":[9,16,7,12],"rotation":180,"texture":"#2"}}},{"from":[10,-2.05,7.05],"to":[11,-0.05,9.05],"rotation":{"angle":0,"axis":"y","origin":[8,-2.3,8.05]},"faces":{"north":{"uv":[12.5,7,12,6],"texture":"#0"},"east":{"uv":[12,7,11,6],"texture":"#0"},"south":{"uv":[12,7,12.5,6],"texture":"#0"},"west":{"uv":[12,7,11,6],"texture":"#0"},"up":{"uv":[12.5,6,13,7],"texture":"#0"},"down":{"uv":[12.5,6,13,7],"texture":"#0"}}},{"from":[12,-6.05,7.05],"to":[13,-3.05,9.05],"rotation":{"angle":0,"axis":"y","origin":[8,-2.3,8.05]},"faces":{"north":{"uv":[6.5,16,7,14.5],"texture":"#0"},"east":{"uv":[7,13.5,5.5,14.5],"rotation":90,"texture":"#0"},"south":{"uv":[6.5,14.5,7,16],"rotation":180,"texture":"#0"},"west":{"uv":[7,13.5,5.5,14.5],"rotation":90,"texture":"#0"},"up":{"uv":[9,13,8.5,14],"texture":"#0"},"down":{"uv":[8.5,13,8,14],"texture":"#0"}}},{"from":[10,-7.05,7.05],"to":[12,-4.05,9.05],"rotation":{"angle":0,"axis":"y","origin":[8,-2.3,8.05]},"faces":{"north":{"uv":[9.5,16,8,15],"rotation":90,"texture":"#0"},"east":{"uv":[8,16,7,14.5],"texture":"#0"},"south":{"uv":[9.5,15,8,16],"rotation":90,"texture":"#0"},"west":{"uv":[9.5,15,8,14],"rotation":90,"texture":"#0"},"up":{"uv":[7,13.5,8,14.5],"texture":"#0"},"down":{"uv":[7,13.5,8,14.5],"texture":"#0"}}},{"from":[7,-4.05,6.05],"to":[9,1.95,10.05],"rotation":{"angle":0,"axis":"y","origin":[8,-2.3,8.05]},"faces":{"north":{"uv":[15,10.5,16,7.5],"texture":"#0"},"east":{"uv":[13,10.5,15,7.5],"texture":"#0"},"south":{"uv":[15,10.5,16,7.5],"texture":"#0"},"west":{"uv":[13,10.5,15,7.5],"texture":"#0"},"up":{"uv":[15,6.5,13,7.5],"rotation":90,"texture":"#0"},"down":{"uv":[15,6.5,13,7.5],"rotation":270,"texture":"#0"}}},{"from":[10,-4.05,7.05],"to":[12,-2.05,9.05],"rotation":{"angle":0,"axis":"y","origin":[8,-2.3,8.05]},"faces":{"north":{"uv":[7.5,11.5,6.5,10.5],"texture":"#1"},"east":{"uv":[6.5,11.5,5.5,10.5],"texture":"#1"},"south":{"uv":[7.5,10.5,6.5,11.5],"rotation":180,"texture":"#1"},"west":{"uv":[6.5,12.5,5.5,11.5],"texture":"#1"},"up":{"uv":[6.5,9.5,5.5,10.5],"rotation":180,"texture":"#1"},"down":{"uv":[6.5,11.5,7.5,12.5],"texture":"#1"}}},{"from":[6,-6.05,7.05],"to":[10,-4.05,9.05],"rotation":{"angle":0,"axis":"y","origin":[8,-2.3,8.05]},"faces":{"north":{"uv":[11,5,13,4],"texture":"#0"},"east":{"uv":[11,4,12,3],"texture":"#0"},"south":{"uv":[11,5,13,4],"texture":"#0"},"west":{"uv":[11,4,12,3],"texture":"#0"},"up":{"uv":[13,5,11,6],"texture":"#0"},"down":{"uv":[13,5,11,6],"texture":"#0"}}},{"from":[7.05,-14,7.05],"to":[9.05,-6,9.05],"rotation":{"angle":0,"axis":"y","origin":[16.05,-10,4.05]},"faces":{"north":{"uv":[9,12.5,13,13.5],"rotation":90,"texture":"#0"},"east":{"uv":[9,11.5,13,12.5],"rotation":90,"texture":"#0"},"south":{"uv":[9,12.5,13,13.5],"rotation":90,"texture":"#0"},"west":{"uv":[9,11.5,13,12.5],"rotation":90,"texture":"#0"},"up":{"uv":[0,7,1,8],"rotation":90,"texture":"#0"},"down":{"uv":[0,7,1,8],"rotation":270,"texture":"#0"}}},{"from":[4,-4.05,7.05],"to":[6,-2.05,9.05],"rotation":{"angle":0,"axis":"y","origin":[8,-2.3,8.05]},"faces":{"north":{"uv":[6.5,11.5,7.5,10.5],"texture":"#1"},"east":{"uv":[5.5,12.5,6.5,11.5],"texture":"#1"},"south":{"uv":[6.5,10.5,7.5,11.5],"rotation":180,"texture":"#1"},"west":{"uv":[5.5,11.5,6.5,10.5],"texture":"#1"},"up":{"uv":[5.5,9.5,6.5,10.5],"rotation":180,"texture":"#1"},"down":{"uv":[7.5,11.5,6.5,12.5],"texture":"#1"}}},{"from":[4,-7.05,7.05],"to":[6,-4.05,9.05],"rotation":{"angle":0,"axis":"y","origin":[8,-2.3,8.05]},"faces":{"north":{"uv":[9.5,15,8,16],"rotation":90,"texture":"#0"},"east":{"uv":[9.5,14,8,15],"rotation":90,"texture":"#0"},"south":{"uv":[9.5,16,8,15],"rotation":90,"texture":"#0"},"west":{"uv":[7,16,8,14.5],"texture":"#0"},"up":{"uv":[8,13.5,7,14.5],"texture":"#0"},"down":{"uv":[8,13.5,7,14.5],"texture":"#0"}}},{"from":[3,-6.05,7.05],"to":[4,-3.05,9.05],"rotation":{"angle":0,"axis":"y","origin":[8,-2.3,8.05]},"faces":{"north":{"uv":[7,16,6.5,14.5],"texture":"#0"},"east":{"uv":[7,14.5,5.5,13.5],"rotation":90,"texture":"#0"},"south":{"uv":[7,14.5,6.5,16],"rotation":180,"texture":"#0"},"west":{"uv":[7,14.5,5.5,13.5],"rotation":90,"texture":"#0"},"up":{"uv":[8.5,13,9,14],"texture":"#0"},"down":{"uv":[8,13,8.5,14],"texture":"#0"}}},{"from":[5,-2.05,7.05],"to":[6,-0.05,9.05],"rotation":{"angle":0,"axis":"y","origin":[8,-2.3,8.05]},"faces":{"north":{"uv":[12,7,12.5,6],"texture":"#0"},"east":{"uv":[11,7,12,6],"texture":"#0"},"south":{"uv":[12.5,7,12,6],"texture":"#0"},"west":{"uv":[11,7,12,6],"texture":"#0"},"up":{"uv":[13,6,12.5,7],"texture":"#0"},"down":{"uv":[13,6,12.5,7],"texture":"#0"}}},{"from":[7,-2.05,10.05],"to":[9,-0.05,11.05],"rotation":{"angle":0,"axis":"y","origin":[8,-2.3,8.05]},"faces":{"north":{"uv":[12,7,11,6],"texture":"#0"},"east":{"uv":[12.5,7,12,6],"texture":"#0"},"south":{"uv":[12,7,11,6],"texture":"#0"},"west":{"uv":[12,7,12.5,6],"texture":"#0"},"up":{"uv":[12.5,6,13,7],"rotation":90,"texture":"#0"},"down":{"uv":[12.5,6,13,7],"rotation":270,"texture":"#0"}}},{"from":[7,-6.05,12.05],"to":[9,-3.05,13.05],"rotation":{"angle":0,"axis":"y","origin":[8,-2.3,8.05]},"faces":{"north":{"uv":[7,13.5,5.5,14.5],"rotation":90,"texture":"#0"},"east":{"uv":[6.5,16,7,14.5],"texture":"#0"},"south":{"uv":[7,13.5,5.5,14.5],"rotation":90,"texture":"#0"},"west":{"uv":[6.5,14.5,7,16],"rotation":180,"texture":"#0"},"up":{"uv":[9,13,8.5,14],"rotation":90,"texture":"#0"},"down":{"uv":[8.5,13,8,14],"rotation":270,"texture":"#0"}}},{"from":[7,-7.05,10.05],"to":[9,-4.05,12.05],"rotation":{"angle":0,"axis":"y","origin":[8,-2.3,8.05]},"faces":{"north":{"uv":[9.5,15,8,14],"rotation":90,"texture":"#0"},"east":{"uv":[9.5,16,8,15],"rotation":90,"texture":"#0"},"south":{"uv":[8,16,7,14.5],"texture":"#0"},"west":{"uv":[9.5,15,8,16],"rotation":90,"texture":"#0"},"up":{"uv":[7,13.5,8,14.5],"rotation":90,"texture":"#0"},"down":{"uv":[7,13.5,8,14.5],"rotation":270,"texture":"#0"}}},{"from":[6,-4.05,7.05],"to":[10,1.95,9.05],"rotation":{"angle":0,"axis":"y","origin":[8,-2.3,8.05]},"faces":{"north":{"uv":[13,10.5,15,7.5],"texture":"#0"},"east":{"uv":[15,10.5,16,7.5],"texture":"#0"},"south":{"uv":[13,10.5,15,7.5],"texture":"#0"},"west":{"uv":[15,10.5,16,7.5],"texture":"#0"},"up":{"uv":[15,6.5,13,7.5],"rotation":180,"texture":"#0"},"down":{"uv":[15,6.5,13,7.5],"rotation":180,"texture":"#0"}}},{"from":[7,-4.05,10.05],"to":[9,-2.05,12.05],"rotation":{"angle":0,"axis":"y","origin":[8,-2.3,8.05]},"faces":{"north":{"uv":[6.5,12.5,5.5,11.5],"texture":"#1"},"east":{"uv":[7.5,11.5,6.5,10.5],"texture":"#1"},"south":{"uv":[6.5,11.5,5.5,10.5],"texture":"#1"},"west":{"uv":[7.5,10.5,6.5,11.5],"rotation":180,"texture":"#1"},"up":{"uv":[6.5,9.5,5.5,10.5],"rotation":270,"texture":"#1"},"down":{"uv":[6.5,11.5,7.5,12.5],"rotation":270,"texture":"#1"}}},{"from":[7,-2.05,5.05],"to":[9,-0.05,6.05],"rotation":{"angle":0,"axis":"y","origin":[8,-2.3,8.05]},"faces":{"north":{"uv":[11,7,12,6],"texture":"#0"},"east":{"uv":[12,7,12.5,6],"texture":"#0"},"south":{"uv":[11,7,12,6],"texture":"#0"},"west":{"uv":[12.5,7,12,6],"texture":"#0"},"up":{"uv":[13,6,12.5,7],"rotation":90,"texture":"#0"},"down":{"uv":[13,6,12.5,7],"rotation":270,"texture":"#0"}}},{"from":[7,-6.05,3.05],"to":[9,-3.05,4.05],"rotation":{"angle":0,"axis":"y","origin":[8,-2.3,8.05]},"faces":{"north":{"uv":[7,14.5,5.5,13.5],"rotation":90,"texture":"#0"},"east":{"uv":[7,16,6.5,14.5],"texture":"#0"},"south":{"uv":[7,14.5,5.5,13.5],"rotation":90,"texture":"#0"},"west":{"uv":[7,14.5,6.5,16],"rotation":180,"texture":"#0"},"up":{"uv":[8.5,13,9,14],"rotation":90,"texture":"#0"},"down":{"uv":[8,13,8.5,14],"rotation":270,"texture":"#0"}}},{"from":[7,-7.05,4.05],"to":[9,-4.05,6.05],"rotation":{"angle":0,"axis":"y","origin":[8,-2.3,8.05]},"faces":{"north":{"uv":[7,16,8,14.5],"texture":"#0"},"east":{"uv":[9.5,15,8,16],"rotation":90,"texture":"#0"},"south":{"uv":[9.5,14,8,15],"rotation":90,"texture":"#0"},"west":{"uv":[9.5,16,8,15],"rotation":90,"texture":"#0"},"up":{"uv":[8,13.5,7,14.5],"rotation":90,"texture":"#0"},"down":{"uv":[8,13.5,7,14.5],"rotation":270,"texture":"#0"}}},{"from":[7,-4.05,4.05],"to":[9,-2.05,6.05],"rotation":{"angle":0,"axis":"y","origin":[8,-2.3,8.05]},"faces":{"north":{"uv":[5.5,11.5,6.5,10.5],"texture":"#1"},"east":{"uv":[6.5,11.5,7.5,10.5],"texture":"#1"},"south":{"uv":[5.5,12.5,6.5,11.5],"texture":"#1"},"west":{"uv":[6.5,10.5,7.5,11.5],"rotation":180,"texture":"#1"},"up":{"uv":[5.5,9.5,6.5,10.5],"rotation":270,"texture":"#1"},"down":{"uv":[7.5,11.5,6.5,12.5],"rotation":270,"texture":"#1"}}},{"from":[7,-6.05,6.05],"to":[9,-4.05,10.05],"rotation":{"angle":0,"axis":"y","origin":[8,-2.3,8.05]},"faces":{"north":{"uv":[11,4,12,3],"texture":"#0"},"east":{"uv":[11,5,13,4],"texture":"#0"},"south":{"uv":[11,4,12,3],"texture":"#0"},"west":{"uv":[11,5,13,4],"texture":"#0"},"up":{"uv":[13,5,11,6],"rotation":90,"texture":"#0"},"down":{"uv":[13,5,11,6],"rotation":270,"texture":"#0"}}},{"from":[4,-16,8],"to":[8,-12,8],"rotation":{"angle":0,"axis":"y","origin":[8,-14,8]},"faces":{"north":{"uv":[2,5,0,3],"texture":"#3"},"east":{"uv":[0,3,0,0],"texture":"#3"},"south":{"uv":[0,5,2,3],"texture":"#3"},"west":{"uv":[0,3,0,0],"texture":"#3"},"up":{"uv":[0,0,2.5,0],"texture":"#3"},"down":{"uv":[0,0,2.5,0],"texture":"#3"}}},{"from":[8,-16,8],"to":[12,-12,8],"rotation":{"angle":0,"axis":"y","origin":[8,-14,8]},"faces":{"north":{"uv":[0,5,2,3],"texture":"#3"},"east":{"uv":[0,3,0,0],"texture":"#3"},"south":{"uv":[2,5,0,3],"texture":"#3"},"west":{"uv":[0,3,0,0],"texture":"#3"},"up":{"uv":[2.5,0,0,0],"texture":"#3"},"down":{"uv":[2.5,0,0,0],"texture":"#3"}}},{"from":[7.05,5,6.05],"to":[9.05,14,10.05],"rotation":{"angle":0,"axis":"y","origin":[16.05,0,0.05]},"faces":{"north":{"uv":[2,6.5,3,11],"texture":"#3"},"east":{"uv":[0,6.5,2,11],"texture":"#3"},"south":{"uv":[2,6.5,3,11],"texture":"#3"},"west":{"uv":[0,6.5,2,11],"texture":"#3"},"up":{"uv":[0,5.5,2,6.5],"rotation":90,"texture":"#3"},"down":{"uv":[0,5.5,2,6.5],"rotation":270,"texture":"#3"}}},{"from":[6.05,10,7.05],"to":[7.05,14,9.05],"rotation":{"angle":0,"axis":"y","origin":[16.05,0,0.05]},"faces":{"north":{"uv":[8,9.5,8.5,11.5],"texture":"#3"},"east":{"uv":[7,9.5,8,11.5],"texture":"#3"},"south":{"uv":[8,9.5,8.5,11.5],"texture":"#3"},"west":{"uv":[7,9.5,8,11.5],"texture":"#3"},"up":{"uv":[7,9,8,9.5],"rotation":90,"texture":"#3"},"down":{"uv":[7,9,8,9.5],"rotation":270,"texture":"#3"}}},{"from":[6.05,14,6.05],"to":[10.05,15,10.05],"rotation":{"angle":0,"axis":"y","origin":[16.05,0,0.05]},"faces":{"north":{"uv":[5,10,7,10.5],"texture":"#3"},"east":{"uv":[5,10.5,7,11],"texture":"#3"},"south":{"uv":[5,10,7,10.5],"texture":"#3"},"west":{"uv":[5,10.5,7,11],"texture":"#3"},"up":{"uv":[5,11,7,13],"rotation":90,"texture":"#3"},"down":{"uv":[5,11,7,13],"rotation":270,"texture":"#3"}}},{"from":[9.05,10,7.05],"to":[10.05,14,9.05],"rotation":{"angle":0,"axis":"y","origin":[0.05,0,0.05]},"faces":{"north":{"uv":[8.5,9.5,8,11.5],"texture":"#3"},"east":{"uv":[8,9.5,7,11.5],"texture":"#3"},"south":{"uv":[8.5,9.5,8,11.5],"texture":"#3"},"west":{"uv":[8,9.5,7,11.5],"texture":"#3"},"up":{"uv":[7,9.5,8,9],"rotation":90,"texture":"#3"},"down":{"uv":[7,9.5,8,9],"rotation":270,"texture":"#3"}}},{"from":[8.9,15,5],"to":[9.9,25,11],"faces":{"north":{"uv":[0,0,0.5,5],"texture":"#8"},"east":{"uv":[5.25,3,8.25,8],"texture":"#8"},"south":{"uv":[0,0,0.5,5],"texture":"#8"},"west":{"uv":[2.25,3,5.25,8],"texture":"#8"},"up":{"uv":[0,0,0.5,3],"texture":"#8"},"down":{"uv":[0,0,0.5,3],"texture":"#8"}}},{"from":[9.8,5.9,7],"to":[11.8,7.9,9],"rotation":{"angle":22.5,"axis":"z","origin":[12,6,8]},"faces":{"north":{"uv":[0,0,1,1],"texture":"#0"},"east":{"uv":[1,1,0,2],"texture":"#0"},"south":{"uv":[1,0,0,1],"texture":"#0"},"west":{"uv":[1,1,0,2],"texture":"#0"},"up":{"uv":[1,2,2,1],"texture":"#0"},"down":{"uv":[1,0,2,1],"texture":"#0"}}},{"from":[10,5.8,7.1],"to":[12,7.8,8.9],"rotation":{"angle":-45,"axis":"z","origin":[12,6,8]},"faces":{"north":{"uv":[3,1,2,0],"rotation":270,"texture":"#0"},"east":{"uv":[4,1,3,0],"rotation":90,"texture":"#0"},"south":{"uv":[2,1,3,0],"rotation":90,"texture":"#0"},"west":{"uv":[4,1,3,2],"rotation":90,"texture":"#0"},"up":{"uv":[2,2,3,1],"rotation":90,"texture":"#0"},"down":{"uv":[2,2,3,1],"rotation":90,"texture":"#0"}}},{"from":[10.7,7.7,7],"to":[12.7,9.7,9],"rotation":{"angle":-22.5,"axis":"z","origin":[12,6,8]},"faces":{"north":{"uv":[1,3,0,2],"rotation":270,"texture":"#0"},"east":{"uv":[2,3,1,2],"rotation":90,"texture":"#0"},"south":{"uv":[0,3,1,2],"rotation":90,"texture":"#0"},"west":{"uv":[2,3,1,4],"rotation":90,"texture":"#0"},"up":{"uv":[0,4,1,3],"rotation":90,"texture":"#0"},"down":{"uv":[0,4,1,3],"rotation":90,"texture":"#0"}}},{"from":[12.1,9.1,7.1],"to":[14.1,11.1,8.9],"rotation":{"angle":0,"axis":"y","origin":[12,6,8]},"faces":{"north":{"uv":[3,3,2,2],"rotation":270,"texture":"#0"},"east":{"uv":[4,3,3,2],"rotation":90,"texture":"#0"},"south":{"uv":[2,3,3,2],"rotation":90,"texture":"#0"},"west":{"uv":[4,3,3,4],"rotation":90,"texture":"#0"},"up":{"uv":[2,4,3,3],"rotation":90,"texture":"#0"},"down":{"uv":[2,4,3,3],"rotation":90,"texture":"#0"}}},{"from":[13.9,9.9,7],"to":[15.9,16.9,9],"rotation":{"angle":22.5,"axis":"z","origin":[12,6,8]},"faces":{"north":{"uv":[4,1,7.5,0],"rotation":270,"texture":"#0"},"east":{"uv":[7.5,2,4,1],"rotation":90,"texture":"#0"},"south":{"uv":[7.5,1,4,0],"rotation":90,"texture":"#0"},"west":{"uv":[7.5,2,4,3],"rotation":90,"texture":"#0"},"up":{"uv":[7.5,1,8.5,0],"rotation":90,"texture":"#0"},"down":{"uv":[7.5,2,8.5,1],"rotation":90,"texture":"#0"}}},{"from":[9.5,16.7,7.1],"to":[11.5,18.7,8.9],"rotation":{"angle":0,"axis":"y","origin":[10.6,17.8,8]},"faces":{"north":{"uv":[0,5,1,4],"rotation":270,"texture":"#0"},"east":{"uv":[2,5,1,4],"rotation":90,"texture":"#0"},"south":{"uv":[1,5,0,4],"rotation":90,"texture":"#0"},"west":{"uv":[2,5,1,6],"rotation":90,"texture":"#0"},"up":{"uv":[0,6,1,5],"rotation":90,"texture":"#0"},"down":{"uv":[0,6,1,5],"rotation":90,"texture":"#0"}}},{"from":[9.3,18.1,7],"to":[11.3,19.1,9],"rotation":{"angle":-22.5,"axis":"z","origin":[10.6,17.8,8]},"faces":{"north":{"uv":[7.5,3,8,2],"rotation":270,"texture":"#0"},"east":{"uv":[5,6,4.5,5],"rotation":90,"texture":"#0"},"south":{"uv":[8,3,7.5,2],"rotation":90,"texture":"#0"},"west":{"uv":[4.5,5,4,6],"rotation":90,"texture":"#0"},"up":{"uv":[5,6,6,5],"rotation":90,"texture":"#0"},"down":{"uv":[5,6,6,5],"rotation":90,"texture":"#0"}}},{"from":[8.8,18.4,7.1],"to":[10.8,20.4,8.9],"rotation":{"angle":-45,"axis":"z","origin":[10.6,17.8,8]},"faces":{"north":{"uv":[2,5,3,4],"rotation":270,"texture":"#0"},"east":{"uv":[4,5,3,4],"rotation":90,"texture":"#0"},"south":{"uv":[3,5,2,4],"rotation":90,"texture":"#0"},"west":{"uv":[4,5,3,6],"rotation":90,"texture":"#0"},"up":{"uv":[2,6,3,5],"rotation":90,"texture":"#0"},"down":{"uv":[2,6,3,5],"rotation":90,"texture":"#0"}}},{"from":[12.3,18.4,7],"to":[13.3,20.4,9],"rotation":{"angle":22.5,"axis":"z","origin":[10.6,17.8,8]},"faces":{"north":{"uv":[7.5,3,7,4],"texture":"#0"},"east":{"uv":[7,4,6,5],"texture":"#0"},"south":{"uv":[7,3,7.5,4],"texture":"#0"},"west":{"uv":[7,4,6,5],"texture":"#0"},"up":{"uv":[6,4,6.5,3],"texture":"#0"},"down":{"uv":[6.5,3,7,4],"texture":"#0"}}},{"from":[12,19.3,7.1],"to":[14,21.3,8.9],"rotation":{"angle":0,"axis":"y","origin":[10.6,17.8,8]},"faces":{"north":{"uv":[5,3,4,4],"texture":"#0"},"east":{"uv":[5,4,4,5],"texture":"#0"},"south":{"uv":[4,3,5,4],"texture":"#0"},"west":{"uv":[5,4,4,5],"texture":"#0"},"up":{"uv":[5,5,6,4],"texture":"#0"},"down":{"uv":[5,3,6,4],"texture":"#0"}}},{"from":[13.8,18.9,7],"to":[14.8,20.9,9],"rotation":{"angle":-22.5,"axis":"z","origin":[14.8,20.6,7.5]},"faces":{"north":{"uv":[7.5,5,7,6],"texture":"#0"},"east":{"uv":[7,5,6,6],"texture":"#0"},"south":{"uv":[7,5,7.5,6],"texture":"#0"},"west":{"uv":[7,5,6,6],"texture":"#0"},"up":{"uv":[9,4,9.5,3],"texture":"#0"},"down":{"uv":[12.5,3,13,4],"texture":"#0"}}},{"from":[14.6,18.9,7.1],"to":[16.6,20.9,8.9],"rotation":{"angle":-45,"axis":"z","origin":[14.8,20.6,7.5]},"faces":{"north":{"uv":[15,4.5,14,5.5],"texture":"#0"},"east":{"uv":[15,5.5,14,6.5],"texture":"#0"},"south":{"uv":[15,4.5,14,5.5],"texture":"#0"},"west":{"uv":[15,5.5,14,6.5],"texture":"#0"},"up":{"uv":[13,6.5,14,5.5],"texture":"#0"},"down":{"uv":[13,4.5,14,5.5],"texture":"#0"}}},{"from":[14,18.3,7],"to":[16,19.3,9],"rotation":{"angle":22.5,"axis":"z","origin":[15.5,19.9,7.5]},"faces":{"north":{"uv":[8.5,5,9,4],"rotation":90,"texture":"#0"},"east":{"uv":[8,5,7.5,6],"rotation":270,"texture":"#0"},"south":{"uv":[9,5,8.5,4],"rotation":270,"texture":"#0"},"west":{"uv":[8.5,6,8,5],"rotation":270,"texture":"#0"},"up":{"uv":[8.5,1,9.5,0],"rotation":270,"texture":"#0"},"down":{"uv":[8.5,1,9.5,0],"rotation":270,"texture":"#0"}}},{"from":[6.9,14,3],"to":[9.9,17,4],"rotation":{"angle":-22.5,"axis":"x","origin":[7.9,19,5.5]},"faces":{"north":{"uv":[3,0,4.5,1.5],"texture":"#8"},"east":{"uv":[4.5,0,5,1.5],"texture":"#8"},"south":{"uv":[4.5,0,3,1.5],"texture":"#8"},"west":{"uv":[5,0,5.5,1.5],"texture":"#8"},"up":{"uv":[3,1.5,4.5,2],"texture":"#8"},"down":{"uv":[3,1.5,4.5,2],"texture":"#8"}}},{"from":[7.8,15.9,4.1],"to":[9.4,19.9,4.9],"rotation":{"angle":-22.5,"axis":"z","origin":[8.9,18.5,4.5]},"faces":{"north":{"uv":[2.55,0,1.75,2],"texture":"#8"},"east":{"uv":[3,0,2.5,2],"texture":"#8"},"south":{"uv":[2.55,0,1.75,2],"texture":"#8"},"west":{"uv":[3,0,2.5,2],"texture":"#8"},"up":{"uv":[1.75,2.5,2.55,2],"texture":"#8"},"down":{"uv":[1.75,2.5,2.55,2],"texture":"#8"}}},{"from":[8.4,16.1,4],"to":[9.9,25,5],"rotation":{"angle":0,"axis":"y","origin":[7.9,19,5.5]},"faces":{"north":{"uv":[1.75,0,1,4.5],"texture":"#8"},"east":{"uv":[1,0,0.5,4.5],"texture":"#8"},"south":{"uv":[1.75,0,1,4.5],"texture":"#8"},"west":{"uv":[1,4.5,0.5,9],"texture":"#8"},"up":{"uv":[1,5,1.75,4.5],"texture":"#8"},"down":{"uv":[1,5,1.75,4.5],"texture":"#8"}}},{"from":[6.9,14,12],"to":[9.9,17,13],"rotation":{"angle":22.5,"axis":"x","origin":[7.9,19,10.5]},"faces":{"north":{"uv":[3,0,4.5,1.5],"texture":"#8"},"east":{"uv":[5,0,4.5,1.5],"texture":"#8"},"south":{"uv":[4.5,0,3,1.5],"texture":"#8"},"west":{"uv":[5.5,0,5,1.5],"texture":"#8"},"up":{"uv":[3,2,4.5,1.5],"texture":"#8"},"down":{"uv":[3,2,4.5,1.5],"texture":"#8"}}},{"from":[7.8,15.9,11.1],"to":[9.4,19.9,11.9],"rotation":{"angle":-22.5,"axis":"z","origin":[8.9,18.5,11.5]},"faces":{"north":{"uv":[1.75,0,2.55,2],"texture":"#8"},"east":{"uv":[2.5,0,3,2],"texture":"#8"},"south":{"uv":[1.75,0,2.55,2],"texture":"#8"},"west":{"uv":[2.5,0,3,2],"texture":"#8"},"up":{"uv":[1.75,2,2.55,2.5],"texture":"#8"},"down":{"uv":[1.75,2,2.55,2.5],"texture":"#8"}}},{"from":[8.4,16.1,11],"to":[9.9,25,12],"rotation":{"angle":0,"axis":"y","origin":[7.9,19,10.5]},"faces":{"north":{"uv":[1,0,1.75,4.5],"texture":"#8"},"east":{"uv":[0.5,0,1,4.5],"texture":"#8"},"south":{"uv":[1,0,1.75,4.5],"texture":"#8"},"west":{"uv":[0.5,4.5,1,9],"texture":"#8"},"up":{"uv":[1,4.5,1.75,5],"texture":"#8"},"down":{"uv":[1,4.5,1.75,5],"texture":"#8"}}},{"from":[7,5,9],"to":[9,10,11],"rotation":{"angle":0,"axis":"y","origin":[0,0,16]},"faces":{"north":{"uv":[5.5,3,3,2],"rotation":90,"texture":"#3"},"east":{"uv":[3,4,5.5,3],"rotation":90,"texture":"#3"},"south":{"uv":[3,3,5.5,2],"rotation":270,"texture":"#3"},"west":{"uv":[3,4,5.5,3],"rotation":90,"texture":"#3"},"up":{"uv":[6,0,5,1],"rotation":90,"texture":"#3"},"down":{"uv":[6,0,5,1],"rotation":90,"texture":"#3"}}},{"from":[9,10,9],"to":[11,12,11],"rotation":{"angle":0,"axis":"y","origin":[0,0,16]},"faces":{"north":{"uv":[5,2,4,1],"rotation":90,"texture":"#3"},"east":{"uv":[1,3,2,2],"rotation":90,"texture":"#3"},"south":{"uv":[4,2,5,1],"rotation":270,"texture":"#3"},"west":{"uv":[1,3,2,2],"rotation":90,"texture":"#3"},"up":{"uv":[3,2,2,3],"rotation":90,"texture":"#3"},"down":{"uv":[3,2,2,3],"rotation":90,"texture":"#3"}}},{"from":[9,8,9],"to":[13,10,11],"rotation":{"angle":0,"axis":"y","origin":[0,0,16]},"faces":{"north":{"uv":[1,2,0,0],"rotation":90,"texture":"#3"},"east":{"uv":[1,2,0,3],"rotation":90,"texture":"#3"},"south":{"uv":[0,2,1,0],"rotation":270,"texture":"#3"},"west":{"uv":[1,2,0,3],"rotation":90,"texture":"#3"},"up":{"uv":[3,0,2,2],"rotation":90,"texture":"#3"},"down":{"uv":[2,0,1,2],"rotation":90,"texture":"#3"}}},{"from":[9,6,9],"to":[11,8,11],"rotation":{"angle":0,"axis":"y","origin":[0,0,16]},"faces":{"north":{"uv":[3,1,4,0],"rotation":90,"texture":"#3"},"east":{"uv":[4,1,5,0],"rotation":90,"texture":"#3"},"south":{"uv":[4,1,3,0],"rotation":270,"texture":"#3"},"west":{"uv":[4,1,5,0],"rotation":90,"texture":"#3"},"up":{"uv":[4,1,3,2],"rotation":90,"texture":"#3"},"down":{"uv":[4,1,3,2],"rotation":90,"texture":"#3"}}},{"from":[5,10,9],"to":[7,12,11],"rotation":{"angle":0,"axis":"y","origin":[16,0,16]},"faces":{"north":{"uv":[5,1,4,2],"rotation":90,"texture":"#3"},"east":{"uv":[1,2,2,3],"rotation":90,"texture":"#3"},"south":{"uv":[4,1,5,2],"rotation":270,"texture":"#3"},"west":{"uv":[1,2,2,3],"rotation":90,"texture":"#3"},"up":{"uv":[3,3,2,2],"rotation":90,"texture":"#3"},"down":{"uv":[3,3,2,2],"rotation":90,"texture":"#3"}}},{"from":[3,8,9],"to":[7,10,11],"rotation":{"angle":0,"axis":"y","origin":[16,0,16]},"faces":{"north":{"uv":[1,0,0,2],"rotation":90,"texture":"#3"},"east":{"uv":[1,3,0,2],"rotation":90,"texture":"#3"},"south":{"uv":[0,0,1,2],"rotation":270,"texture":"#3"},"west":{"uv":[1,3,0,2],"rotation":90,"texture":"#3"},"up":{"uv":[3,2,2,0],"rotation":90,"texture":"#3"},"down":{"uv":[2,2,1,0],"rotation":90,"texture":"#3"}}},{"from":[5,6,9],"to":[7,8,11],"rotation":{"angle":0,"axis":"y","origin":[16,0,16]},"faces":{"north":{"uv":[3,0,4,1],"rotation":90,"texture":"#3"},"east":{"uv":[4,0,5,1],"rotation":90,"texture":"#3"},"south":{"uv":[4,0,3,1],"rotation":270,"texture":"#3"},"west":{"uv":[4,0,5,1],"rotation":90,"texture":"#3"},"up":{"uv":[4,2,3,1],"rotation":90,"texture":"#3"},"down":{"uv":[4,2,3,1],"rotation":90,"texture":"#3"}}},{"from":[7,5,5],"to":[9,10,7],"faces":{"north":{"uv":[3,2,5.5,3],"rotation":270,"texture":"#3"},"east":{"uv":[3,3,5.5,4],"rotation":90,"texture":"#3"},"south":{"uv":[5.5,2,3,3],"rotation":90,"texture":"#3"},"west":{"uv":[3,3,5.5,4],"rotation":90,"texture":"#3"},"up":{"uv":[5,0,6,1],"rotation":90,"texture":"#3"},"down":{"uv":[5,0,6,1],"rotation":90,"texture":"#3"}}},{"from":[9,10,5],"to":[11,12,7],"faces":{"north":{"uv":[4,1,5,2],"rotation":270,"texture":"#3"},"east":{"uv":[1,2,2,3],"rotation":90,"texture":"#3"},"south":{"uv":[5,1,4,2],"rotation":90,"texture":"#3"},"west":{"uv":[1,2,2,3],"rotation":90,"texture":"#3"},"up":{"uv":[2,2,3,3],"rotation":90,"texture":"#3"},"down":{"uv":[2,2,3,3],"rotation":90,"texture":"#3"}}},{"from":[9,8,5],"to":[13,10,7],"faces":{"north":{"uv":[0,0,1,2],"rotation":270,"texture":"#3"},"east":{"uv":[1,3,0,2],"rotation":90,"texture":"#3"},"south":{"uv":[1,0,0,2],"rotation":90,"texture":"#3"},"west":{"uv":[1,3,0,2],"rotation":90,"texture":"#3"},"up":{"uv":[2,0,3,2],"rotation":90,"texture":"#3"},"down":{"uv":[1,0,2,2],"rotation":90,"texture":"#3"}}},{"from":[9,6,5],"to":[11,8,7],"faces":{"north":{"uv":[4,0,3,1],"rotation":270,"texture":"#3"},"east":{"uv":[4,0,5,1],"rotation":90,"texture":"#3"},"south":{"uv":[3,0,4,1],"rotation":90,"texture":"#3"},"west":{"uv":[4,0,5,1],"rotation":90,"texture":"#3"},"up":{"uv":[3,1,4,2],"rotation":90,"texture":"#3"},"down":{"uv":[3,1,4,2],"rotation":90,"texture":"#3"}}},{"from":[5,10,5],"to":[7,12,7],"rotation":{"angle":0,"axis":"y","origin":[16,0,0]},"faces":{"north":{"uv":[4,2,5,1],"rotation":270,"texture":"#3"},"east":{"uv":[1,3,2,2],"rotation":90,"texture":"#3"},"south":{"uv":[5,2,4,1],"rotation":90,"texture":"#3"},"west":{"uv":[1,3,2,2],"rotation":90,"texture":"#3"},"up":{"uv":[2,3,3,2],"rotation":90,"texture":"#3"},"down":{"uv":[2,3,3,2],"rotation":90,"texture":"#3"}}},{"from":[3,8,5],"to":[7,10,7],"rotation":{"angle":0,"axis":"y","origin":[16,0,0]},"faces":{"north":{"uv":[0,2,1,0],"rotation":270,"texture":"#3"},"east":{"uv":[1,2,0,3],"rotation":90,"texture":"#3"},"south":{"uv":[1,2,0,0],"rotation":90,"texture":"#3"},"west":{"uv":[1,2,0,3],"rotation":90,"texture":"#3"},"up":{"uv":[2,2,3,0],"rotation":90,"texture":"#3"},"down":{"uv":[1,2,2,0],"rotation":90,"texture":"#3"}}},{"from":[5,6,5],"to":[7,8,7],"rotation":{"angle":0,"axis":"y","origin":[16,0,0]},"faces":{"north":{"uv":[4,1,3,0],"rotation":270,"texture":"#3"},"east":{"uv":[4,1,5,0],"rotation":90,"texture":"#3"},"south":{"uv":[3,1,4,0],"rotation":90,"texture":"#3"},"west":{"uv":[4,1,5,0],"rotation":90,"texture":"#3"},"up":{"uv":[3,2,4,1],"rotation":90,"texture":"#3"},"down":{"uv":[3,2,4,1],"rotation":90,"texture":"#3"}}},{"from":[0,10,7.9],"to":[8,18,7.9],"rotation":{"angle":0,"axis":"y","origin":[0,19,0]},"faces":{"north":{"uv":[16,8,8,0],"texture":"#4"},"east":{"uv":[0,8,0,0],"texture":"#4"},"south":{"uv":[8,8,16,0],"texture":"#4"},"west":{"uv":[0,8,0,0],"texture":"#4"},"up":{"uv":[0,0,8,0],"texture":"#4"},"down":{"uv":[0,0,8,0],"texture":"#4"}}}],"gui_light":"front","display":{"thirdperson_righthand":{"rotation":[0,90,0],"translation":[0,7,2],"scale":[0.55,0.55,0.55]},"thirdperson_lefthand":{"rotation":[0,90,0],"translation":[0,7,2],"scale":[0.55,0.55,0.55]},"firstperson_righthand":{"rotation":[0,90,0],"translation":[1.5,7,0.5],"scale":[0.38672,0.38672,0.38672]},"firstperson_lefthand":{"rotation":[0,-90,0],"translation":[1.5,7,0.5],"scale":[0.38672,0.38672,0.38672]},"ground":{"rotation":[0,0,45],"translation":[0,10,0],"scale":[0.45,0.45,0.45]},"gui":{"rotation":[0,0,-45],"translation":[1.25,1.5,-2],"scale":[0.45523,0.45523,0.45523]},"head":{"rotation":[-135.5,0,0],"translation":[0,-19.75,1.25],"scale":[0,0,0]},"fixed":{"rotation":[0,-90,0],"translation":[0,5,-3],"scale":[1.4,1.4,1.4]}}}