{"credit":"MadewithBlockbench","texture_size":[32,32],"textures":{"4":"outsourced:events/patty/set2/greenpower","5":"outsourced:events/patty/set2/texture1","6":"outsourced:events/patty/set2/texture2","7":"outsourced:events/patty/set2/texture3","8":"outsourced:events/patty/set2/texture4","12":"outsourced:events/patty/set2/texture9","13":"outsourced:events/patty/set2/symbol","particle":"outsourced:events/patty/set2/texture1"},"elements":[{"from":[10,-2.05,7.05],"to":[11,-0.05,9.05],"rotation":{"angle":0,"axis":"y","origin":[8,-2.3,8.05]},"faces":{"north":{"uv":[12.5,7,12,6],"texture":"#5"},"east":{"uv":[12,7,11,6],"texture":"#5"},"south":{"uv":[12,7,12.5,6],"texture":"#5"},"west":{"uv":[12,7,11,6],"texture":"#5"},"up":{"uv":[12.5,6,13,7],"texture":"#5"},"down":{"uv":[12.5,6,13,7],"texture":"#5"}}},{"from":[12,-6.05,7.05],"to":[13,-3.05,9.05],"rotation":{"angle":0,"axis":"y","origin":[8,-2.3,8.05]},"faces":{"north":{"uv":[6.5,16,7,14.5],"texture":"#5"},"east":{"uv":[7,13.5,5.5,14.5],"rotation":90,"texture":"#5"},"south":{"uv":[6.5,14.5,7,16],"rotation":180,"texture":"#5"},"west":{"uv":[7,13.5,5.5,14.5],"rotation":90,"texture":"#5"},"up":{"uv":[9,13,8.5,14],"texture":"#5"},"down":{"uv":[8.5,13,8,14],"texture":"#5"}}},{"from":[10,-7.05,7.05],"to":[12,-4.05,9.05],"rotation":{"angle":0,"axis":"y","origin":[8,-2.3,8.05]},"faces":{"north":{"uv":[9.5,16,8,15],"rotation":90,"texture":"#5"},"east":{"uv":[8,16,7,14.5],"texture":"#5"},"south":{"uv":[9.5,15,8,16],"rotation":90,"texture":"#5"},"west":{"uv":[9.5,15,8,14],"rotation":90,"texture":"#5"},"up":{"uv":[7,13.5,8,14.5],"texture":"#5"},"down":{"uv":[7,13.5,8,14.5],"texture":"#5"}}},{"from":[6,-4.05,7.05],"to":[10,1.95,9.05],"rotation":{"angle":0,"axis":"y","origin":[8,-2.3,8.05]},"faces":{"north":{"uv":[13,10.5,15,7.5],"texture":"#5"},"east":{"uv":[15,10.5,16,7.5],"texture":"#5"},"south":{"uv":[13,10.5,15,7.5],"texture":"#5"},"west":{"uv":[15,10.5,16,7.5],"texture":"#5"},"up":{"uv":[15,6.5,13,7.5],"texture":"#5"},"down":{"uv":[15,6.5,13,7.5],"texture":"#5"}}},{"from":[10,-4.05,7.05],"to":[12,-2.05,9.05],"rotation":{"angle":0,"axis":"y","origin":[8,-2.3,8.05]},"faces":{"north":{"uv":[7.5,11.5,6.5,10.5],"texture":"#6"},"east":{"uv":[6.5,11.5,5.5,10.5],"texture":"#6"},"south":{"uv":[7.5,10.5,6.5,11.5],"rotation":180,"texture":"#6"},"west":{"uv":[6.5,12.5,5.5,11.5],"texture":"#6"},"up":{"uv":[6.5,9.5,5.5,10.5],"rotation":180,"texture":"#6"},"down":{"uv":[6.5,11.5,7.5,12.5],"texture":"#6"}}},{"from":[6,-6.05,7.05],"to":[10,-4.05,9.05],"rotation":{"angle":0,"axis":"y","origin":[8,-2.3,8.05]},"faces":{"north":{"uv":[11,5,13,4],"texture":"#5"},"east":{"uv":[11,4,12,3],"texture":"#5"},"south":{"uv":[11,5,13,4],"texture":"#5"},"west":{"uv":[11,4,12,3],"texture":"#5"},"up":{"uv":[13,5,11,6],"texture":"#5"},"down":{"uv":[13,5,11,6],"texture":"#5"}}},{"from":[2.25,1.4,5.95],"to":[10.25,9.4,10.15],"rotation":{"angle":-45,"axis":"z","origin":[3.25,1.7,5.05]},"faces":{"north":{"uv":[4,4,12,12],"texture":"#13"},"east":{"uv":[7,12,9,16],"rotation":180,"texture":"#7"},"south":{"uv":[4,4,12,12],"rotation":270,"texture":"#13"},"west":{"uv":[7,8,9,12],"rotation":180,"texture":"#7"},"up":{"uv":[7,8,9,12],"rotation":90,"texture":"#7"},"down":{"uv":[7,12,9,16],"rotation":270,"texture":"#7"}}},{"from":[7.05,-14,7.05],"to":[9.05,-6,9.05],"rotation":{"angle":0,"axis":"y","origin":[16.05,-10,4.05]},"faces":{"north":{"uv":[9,12.5,13,13.5],"rotation":90,"texture":"#5"},"east":{"uv":[9,11.5,13,12.5],"rotation":90,"texture":"#5"},"south":{"uv":[9,12.5,13,13.5],"rotation":90,"texture":"#5"},"west":{"uv":[9,11.5,13,12.5],"rotation":90,"texture":"#5"},"up":{"uv":[0,7,1,8],"rotation":90,"texture":"#5"},"down":{"uv":[0,7,1,8],"rotation":270,"texture":"#5"}}},{"from":[4,-4.05,7.05],"to":[6,-2.05,9.05],"rotation":{"angle":0,"axis":"y","origin":[8,-2.3,8.05]},"faces":{"north":{"uv":[6.5,11.5,7.5,10.5],"texture":"#6"},"east":{"uv":[5.5,12.5,6.5,11.5],"texture":"#6"},"south":{"uv":[6.5,10.5,7.5,11.5],"rotation":180,"texture":"#6"},"west":{"uv":[5.5,11.5,6.5,10.5],"texture":"#6"},"up":{"uv":[5.5,9.5,6.5,10.5],"rotation":180,"texture":"#6"},"down":{"uv":[7.5,11.5,6.5,12.5],"texture":"#6"}}},{"from":[4,-7.05,7.05],"to":[6,-4.05,9.05],"rotation":{"angle":0,"axis":"y","origin":[8,-2.3,8.05]},"faces":{"north":{"uv":[9.5,15,8,16],"rotation":90,"texture":"#5"},"east":{"uv":[9.5,14,8,15],"rotation":90,"texture":"#5"},"south":{"uv":[9.5,16,8,15],"rotation":90,"texture":"#5"},"west":{"uv":[7,16,8,14.5],"texture":"#5"},"up":{"uv":[8,13.5,7,14.5],"texture":"#5"},"down":{"uv":[8,13.5,7,14.5],"texture":"#5"}}},{"from":[3,-6.05,7.05],"to":[4,-3.05,9.05],"rotation":{"angle":0,"axis":"y","origin":[8,-2.3,8.05]},"faces":{"north":{"uv":[7,16,6.5,14.5],"texture":"#5"},"east":{"uv":[7,14.5,5.5,13.5],"rotation":90,"texture":"#5"},"south":{"uv":[7,14.5,6.5,16],"rotation":180,"texture":"#5"},"west":{"uv":[7,14.5,5.5,13.5],"rotation":90,"texture":"#5"},"up":{"uv":[8.5,13,9,14],"texture":"#5"},"down":{"uv":[8,13,8.5,14],"texture":"#5"}}},{"from":[5,-2.05,7.05],"to":[6,-0.05,9.05],"rotation":{"angle":0,"axis":"y","origin":[8,-2.3,8.05]},"faces":{"north":{"uv":[12,7,12.5,6],"texture":"#5"},"east":{"uv":[11,7,12,6],"texture":"#5"},"south":{"uv":[12.5,7,12,6],"texture":"#5"},"west":{"uv":[11,7,12,6],"texture":"#5"},"up":{"uv":[13,6,12.5,7],"texture":"#5"},"down":{"uv":[13,6,12.5,7],"texture":"#5"}}},{"from":[-1,1,7],"to":[4,3,9],"faces":{"north":{"uv":[3,2,5.5,3],"texture":"#8"},"east":{"uv":[5,0,6,1],"texture":"#8"},"south":{"uv":[5.5,2,3,3],"texture":"#8"},"west":{"uv":[5,0,6,1],"texture":"#8"},"up":{"uv":[3,3,5.5,4],"texture":"#8"},"down":{"uv":[3,3,5.5,4],"texture":"#8"}}},{"from":[-3,3,7],"to":[-1,5,9],"faces":{"north":{"uv":[4,1,5,2],"texture":"#8"},"east":{"uv":[2,2,3,3],"texture":"#8"},"south":{"uv":[5,1,4,2],"texture":"#8"},"west":{"uv":[2,2,3,3],"texture":"#8"},"up":{"uv":[1,2,2,3],"texture":"#8"},"down":{"uv":[1,2,2,3],"texture":"#8"}}},{"from":[-1,3,7],"to":[1,7,9],"faces":{"north":{"uv":[0,0,1,2],"texture":"#8"},"east":{"uv":[1,0,2,2],"texture":"#8"},"south":{"uv":[1,0,0,2],"texture":"#8"},"west":{"uv":[2,0,3,2],"texture":"#8"},"up":{"uv":[1,3,0,2],"texture":"#8"},"down":{"uv":[1,3,0,2],"texture":"#8"}}},{"from":[1,3,7],"to":[3,5,9],"faces":{"north":{"uv":[4,0,3,1],"texture":"#8"},"east":{"uv":[3,1,4,2],"texture":"#8"},"south":{"uv":[3,0,4,1],"texture":"#8"},"west":{"uv":[3,1,4,2],"texture":"#8"},"up":{"uv":[4,0,5,1],"texture":"#8"},"down":{"uv":[4,0,5,1],"texture":"#8"}}},{"from":[1,-1,7],"to":[3,1,9],"rotation":{"angle":0,"axis":"y","origin":[0,16,0]},"faces":{"north":{"uv":[4,1,3,0],"texture":"#8"},"east":{"uv":[3,2,4,1],"texture":"#8"},"south":{"uv":[3,1,4,0],"texture":"#8"},"west":{"uv":[3,2,4,1],"texture":"#8"},"up":{"uv":[4,1,5,0],"texture":"#8"},"down":{"uv":[4,1,5,0],"texture":"#8"}}},{"from":[-1,-3,7],"to":[1,1,9],"rotation":{"angle":0,"axis":"y","origin":[0,16,0]},"faces":{"north":{"uv":[0,2,1,0],"texture":"#8"},"east":{"uv":[1,2,2,0],"texture":"#8"},"south":{"uv":[1,2,0,0],"texture":"#8"},"west":{"uv":[2,2,3,0],"texture":"#8"},"up":{"uv":[1,2,0,3],"texture":"#8"},"down":{"uv":[1,2,0,3],"texture":"#8"}}},{"from":[-3,-1,7],"to":[-1,1,9],"rotation":{"angle":0,"axis":"y","origin":[0,16,0]},"faces":{"north":{"uv":[4,2,5,1],"texture":"#8"},"east":{"uv":[2,3,3,2],"texture":"#8"},"south":{"uv":[5,2,4,1],"texture":"#8"},"west":{"uv":[2,3,3,2],"texture":"#8"},"up":{"uv":[1,3,2,2],"texture":"#8"},"down":{"uv":[1,3,2,2],"texture":"#8"}}},{"from":[12,1,7],"to":[17,3,9],"rotation":{"angle":0,"axis":"y","origin":[16,0,0]},"faces":{"north":{"uv":[5.5,2,3,3],"texture":"#8"},"east":{"uv":[6,0,5,1],"texture":"#8"},"south":{"uv":[3,2,5.5,3],"texture":"#8"},"west":{"uv":[6,0,5,1],"texture":"#8"},"up":{"uv":[5.5,3,3,4],"texture":"#8"},"down":{"uv":[5.5,3,3,4],"texture":"#8"}}},{"from":[17,3,7],"to":[19,5,9],"rotation":{"angle":0,"axis":"y","origin":[16,0,0]},"faces":{"north":{"uv":[5,1,4,2],"texture":"#8"},"east":{"uv":[3,2,2,3],"texture":"#8"},"south":{"uv":[4,1,5,2],"texture":"#8"},"west":{"uv":[3,2,2,3],"texture":"#8"},"up":{"uv":[2,2,1,3],"texture":"#8"},"down":{"uv":[2,2,1,3],"texture":"#8"}}},{"from":[15,3,7],"to":[17,7,9],"rotation":{"angle":0,"axis":"y","origin":[16,0,0]},"faces":{"north":{"uv":[1,0,0,2],"texture":"#8"},"east":{"uv":[3,0,2,2],"texture":"#8"},"south":{"uv":[0,0,1,2],"texture":"#8"},"west":{"uv":[2,0,1,2],"texture":"#8"},"up":{"uv":[0,3,1,2],"texture":"#8"},"down":{"uv":[0,3,1,2],"texture":"#8"}}},{"from":[13,3,7],"to":[15,5,9],"rotation":{"angle":0,"axis":"y","origin":[16,0,0]},"faces":{"north":{"uv":[3,0,4,1],"texture":"#8"},"east":{"uv":[4,1,3,2],"texture":"#8"},"south":{"uv":[4,0,3,1],"texture":"#8"},"west":{"uv":[4,1,3,2],"texture":"#8"},"up":{"uv":[5,0,4,1],"texture":"#8"},"down":{"uv":[5,0,4,1],"texture":"#8"}}},{"from":[17,-1,7],"to":[19,1,9],"rotation":{"angle":0,"axis":"y","origin":[16,16,0]},"faces":{"north":{"uv":[5,2,4,1],"texture":"#8"},"east":{"uv":[3,3,2,2],"texture":"#8"},"south":{"uv":[4,2,5,1],"texture":"#8"},"west":{"uv":[3,3,2,2],"texture":"#8"},"up":{"uv":[2,3,1,2],"texture":"#8"},"down":{"uv":[2,3,1,2],"texture":"#8"}}},{"from":[15,-3,7],"to":[17,1,9],"rotation":{"angle":0,"axis":"y","origin":[16,16,0]},"faces":{"north":{"uv":[1,2,0,0],"texture":"#8"},"east":{"uv":[3,2,2,0],"texture":"#8"},"south":{"uv":[0,2,1,0],"texture":"#8"},"west":{"uv":[2,2,1,0],"texture":"#8"},"up":{"uv":[0,2,1,3],"texture":"#8"},"down":{"uv":[0,2,1,3],"texture":"#8"}}},{"from":[13,-1,7],"to":[15,1,9],"rotation":{"angle":0,"axis":"y","origin":[16,16,0]},"faces":{"north":{"uv":[3,1,4,0],"texture":"#8"},"east":{"uv":[4,2,3,1],"texture":"#8"},"south":{"uv":[4,1,3,0],"texture":"#8"},"west":{"uv":[4,2,3,1],"texture":"#8"},"up":{"uv":[5,1,4,0],"texture":"#8"},"down":{"uv":[5,1,4,0],"texture":"#8"}}},{"from":[10,3.8,7.1],"to":[12,5.8,8.9],"rotation":{"angle":-45,"axis":"z","origin":[12,4,8]},"faces":{"north":{"uv":[3,1,2,0],"rotation":270,"texture":"#5"},"east":{"uv":[4,1,3,0],"rotation":90,"texture":"#5"},"south":{"uv":[2,1,3,0],"rotation":90,"texture":"#5"},"west":{"uv":[4,1,3,2],"rotation":90,"texture":"#5"},"up":{"uv":[2,2,3,1],"rotation":90,"texture":"#5"},"down":{"uv":[2,2,3,1],"rotation":90,"texture":"#5"}}},{"from":[10.7,5.7,7],"to":[12.7,7.7,9],"rotation":{"angle":-22.5,"axis":"z","origin":[12,4,8]},"faces":{"north":{"uv":[1,3,0,2],"rotation":270,"texture":"#5"},"east":{"uv":[2,3,1,2],"rotation":90,"texture":"#5"},"south":{"uv":[0,3,1,2],"rotation":90,"texture":"#5"},"west":{"uv":[2,3,1,4],"rotation":90,"texture":"#5"},"up":{"uv":[0,4,1,3],"rotation":90,"texture":"#5"},"down":{"uv":[0,4,1,3],"rotation":90,"texture":"#5"}}},{"from":[12.1,7.1,7.1],"to":[14.1,9.1,8.9],"rotation":{"angle":0,"axis":"y","origin":[12,4,8]},"faces":{"north":{"uv":[3,3,2,2],"rotation":270,"texture":"#5"},"east":{"uv":[4,3,3,2],"rotation":90,"texture":"#5"},"south":{"uv":[2,3,3,2],"rotation":90,"texture":"#5"},"west":{"uv":[4,3,3,4],"rotation":90,"texture":"#5"},"up":{"uv":[2,4,3,3],"rotation":90,"texture":"#5"},"down":{"uv":[2,4,3,3],"rotation":90,"texture":"#5"}}},{"from":[13.9,7.9,7],"to":[15.9,14.9,9],"rotation":{"angle":22.5,"axis":"z","origin":[12,4,8]},"faces":{"north":{"uv":[4,1,7.5,0],"rotation":270,"texture":"#5"},"east":{"uv":[7.5,2,4,1],"rotation":90,"texture":"#5"},"south":{"uv":[7.5,1,4,0],"rotation":90,"texture":"#5"},"west":{"uv":[7.5,2,4,3],"rotation":90,"texture":"#5"},"up":{"uv":[7.5,1,8.5,0],"rotation":90,"texture":"#5"},"down":{"uv":[7.5,2,8.5,1],"rotation":90,"texture":"#5"}}},{"from":[9.5,14.7,7.1],"to":[11.5,16.7,8.9],"rotation":{"angle":0,"axis":"y","origin":[10.6,15.8,8]},"faces":{"north":{"uv":[0,5,1,4],"rotation":270,"texture":"#5"},"east":{"uv":[2,5,1,4],"rotation":90,"texture":"#5"},"south":{"uv":[1,5,0,4],"rotation":90,"texture":"#5"},"west":{"uv":[2,5,1,6],"rotation":90,"texture":"#5"},"up":{"uv":[0,6,1,5],"rotation":90,"texture":"#5"},"down":{"uv":[0,6,1,5],"rotation":90,"texture":"#5"}}},{"from":[9.3,16.1,7],"to":[11.3,17.1,9],"rotation":{"angle":-22.5,"axis":"z","origin":[10.6,15.8,8]},"faces":{"north":{"uv":[7.5,3,8,2],"rotation":270,"texture":"#5"},"east":{"uv":[5,6,4.5,5],"rotation":90,"texture":"#5"},"south":{"uv":[8,3,7.5,2],"rotation":90,"texture":"#5"},"west":{"uv":[4.5,5,4,6],"rotation":90,"texture":"#5"},"up":{"uv":[5,6,6,5],"rotation":90,"texture":"#5"},"down":{"uv":[5,6,6,5],"rotation":90,"texture":"#5"}}},{"from":[8.8,16.4,7.1],"to":[10.8,18.4,8.9],"rotation":{"angle":-45,"axis":"z","origin":[10.6,15.8,8]},"faces":{"north":{"uv":[2,5,3,4],"rotation":270,"texture":"#5"},"east":{"uv":[4,5,3,4],"rotation":90,"texture":"#5"},"south":{"uv":[3,5,2,4],"rotation":90,"texture":"#5"},"west":{"uv":[4,5,3,6],"rotation":90,"texture":"#5"},"up":{"uv":[2,6,3,5],"rotation":90,"texture":"#5"},"down":{"uv":[2,6,3,5],"rotation":90,"texture":"#5"}}},{"from":[12.3,16.4,7],"to":[13.3,18.4,9],"rotation":{"angle":22.5,"axis":"z","origin":[10.6,15.8,8]},"faces":{"north":{"uv":[7.5,3,7,4],"texture":"#5"},"east":{"uv":[7,4,6,5],"texture":"#5"},"south":{"uv":[7,3,7.5,4],"texture":"#5"},"west":{"uv":[7,4,6,5],"texture":"#5"},"up":{"uv":[6,4,6.5,3],"texture":"#5"},"down":{"uv":[6.5,3,7,4],"texture":"#5"}}},{"from":[12,17.3,7.1],"to":[14,19.3,8.9],"rotation":{"angle":0,"axis":"y","origin":[10.6,15.8,8]},"faces":{"north":{"uv":[5,3,4,4],"texture":"#5"},"east":{"uv":[5,4,4,5],"texture":"#5"},"south":{"uv":[4,3,5,4],"texture":"#5"},"west":{"uv":[5,4,4,5],"texture":"#5"},"up":{"uv":[5,5,6,4],"texture":"#5"},"down":{"uv":[5,3,6,4],"texture":"#5"}}},{"from":[13.8,16.9,7],"to":[14.8,18.9,9],"rotation":{"angle":-22.5,"axis":"z","origin":[14.8,18.6,7.5]},"faces":{"north":{"uv":[7.5,5,7,6],"texture":"#5"},"east":{"uv":[7,5,6,6],"texture":"#5"},"south":{"uv":[7,5,7.5,6],"texture":"#5"},"west":{"uv":[7,5,6,6],"texture":"#5"},"up":{"uv":[9,4,9.5,3],"texture":"#5"},"down":{"uv":[12.5,3,13,4],"texture":"#5"}}},{"from":[14.6,16.9,7.1],"to":[16.6,18.9,8.9],"rotation":{"angle":-45,"axis":"z","origin":[14.8,18.6,7.5]},"faces":{"north":{"uv":[15,4.5,14,5.5],"texture":"#5"},"east":{"uv":[15,5.5,14,6.5],"texture":"#5"},"south":{"uv":[15,4.5,14,5.5],"texture":"#5"},"west":{"uv":[15,5.5,14,6.5],"texture":"#5"},"up":{"uv":[13,6.5,14,5.5],"texture":"#5"},"down":{"uv":[13,4.5,14,5.5],"texture":"#5"}}},{"from":[14,16.3,7],"to":[16,17.3,9],"rotation":{"angle":22.5,"axis":"z","origin":[15.5,17.9,7.5]},"faces":{"north":{"uv":[8.5,5,9,4],"rotation":90,"texture":"#5"},"east":{"uv":[8,5,7.5,6],"rotation":270,"texture":"#5"},"south":{"uv":[9,5,8.5,4],"rotation":270,"texture":"#5"},"west":{"uv":[8.5,6,8,5],"rotation":270,"texture":"#5"},"up":{"uv":[8.5,1,9.5,0],"rotation":270,"texture":"#5"},"down":{"uv":[8.5,1,9.5,0],"rotation":270,"texture":"#5"}}},{"from":[4,3.8,7.1],"to":[6,5.8,8.9],"rotation":{"angle":45,"axis":"z","origin":[4,4,8]},"faces":{"north":{"uv":[3,0,2,1],"rotation":270,"texture":"#5"},"east":{"uv":[4,2,3,1],"rotation":90,"texture":"#5"},"south":{"uv":[2,0,3,1],"rotation":90,"texture":"#5"},"west":{"uv":[4,0,3,1],"rotation":90,"texture":"#5"},"up":{"uv":[2,1,3,2],"rotation":90,"texture":"#5"},"down":{"uv":[2,1,3,2],"rotation":90,"texture":"#5"}}},{"from":[3.3,5.7,7],"to":[5.3,7.7,9],"rotation":{"angle":22.5,"axis":"z","origin":[4,4,8]},"faces":{"north":{"uv":[1,2,0,3],"rotation":270,"texture":"#5"},"east":{"uv":[2,4,1,3],"rotation":90,"texture":"#5"},"south":{"uv":[0,2,1,3],"rotation":90,"texture":"#5"},"west":{"uv":[2,2,1,3],"rotation":90,"texture":"#5"},"up":{"uv":[0,3,1,4],"rotation":90,"texture":"#5"},"down":{"uv":[0,3,1,4],"rotation":90,"texture":"#5"}}},{"from":[1.9,7.1,7.1],"to":[3.9,9.1,8.9],"rotation":{"angle":0,"axis":"y","origin":[4,4,8]},"faces":{"north":{"uv":[3,2,2,3],"rotation":270,"texture":"#5"},"east":{"uv":[4,4,3,3],"rotation":90,"texture":"#5"},"south":{"uv":[2,2,3,3],"rotation":90,"texture":"#5"},"west":{"uv":[4,2,3,3],"rotation":90,"texture":"#5"},"up":{"uv":[2,3,3,4],"rotation":90,"texture":"#5"},"down":{"uv":[2,3,3,4],"rotation":90,"texture":"#5"}}},{"from":[0.1,7.9,7],"to":[2.1,14.9,9],"rotation":{"angle":-22.5,"axis":"z","origin":[4,4,8]},"faces":{"north":{"uv":[4,0,7.5,1],"rotation":270,"texture":"#5"},"east":{"uv":[7.5,3,4,2],"rotation":90,"texture":"#5"},"south":{"uv":[7.5,0,4,1],"rotation":90,"texture":"#5"},"west":{"uv":[7.5,1,4,2],"rotation":90,"texture":"#5"},"up":{"uv":[7.5,0,8.5,1],"rotation":90,"texture":"#5"},"down":{"uv":[7.5,1,8.5,2],"rotation":90,"texture":"#5"}}},{"from":[4.5,14.7,7.1],"to":[6.5,16.7,8.9],"rotation":{"angle":0,"axis":"y","origin":[5.4,15.8,8]},"faces":{"north":{"uv":[0,4,1,5],"rotation":270,"texture":"#5"},"east":{"uv":[2,6,1,5],"rotation":90,"texture":"#5"},"south":{"uv":[1,4,0,5],"rotation":90,"texture":"#5"},"west":{"uv":[2,4,1,5],"rotation":90,"texture":"#5"},"up":{"uv":[0,5,1,6],"rotation":90,"texture":"#5"},"down":{"uv":[0,5,1,6],"rotation":90,"texture":"#5"}}},{"from":[4.7,16.1,7],"to":[6.7,17.1,9],"rotation":{"angle":22.5,"axis":"z","origin":[5.4,15.8,8]},"faces":{"north":{"uv":[7.5,2,8,3],"rotation":270,"texture":"#5"},"east":{"uv":[4.5,6,4,5],"rotation":90,"texture":"#5"},"south":{"uv":[8,2,7.5,3],"rotation":90,"texture":"#5"},"west":{"uv":[5,5,4.5,6],"rotation":90,"texture":"#5"},"up":{"uv":[5,5,6,6],"rotation":90,"texture":"#5"},"down":{"uv":[5,5,6,6],"rotation":90,"texture":"#5"}}},{"from":[5.2,16.4,7.1],"to":[7.2,18.4,8.9],"rotation":{"angle":45,"axis":"z","origin":[5.4,15.8,8]},"faces":{"north":{"uv":[2,4,3,5],"rotation":270,"texture":"#5"},"east":{"uv":[4,6,3,5],"rotation":90,"texture":"#5"},"south":{"uv":[3,4,2,5],"rotation":90,"texture":"#5"},"west":{"uv":[4,4,3,5],"rotation":90,"texture":"#5"},"up":{"uv":[2,5,3,6],"rotation":90,"texture":"#5"},"down":{"uv":[2,5,3,6],"rotation":90,"texture":"#5"}}},{"from":[2.7,16.4,7],"to":[3.7,18.4,9],"rotation":{"angle":-22.5,"axis":"z","origin":[5.4,15.8,8]},"faces":{"north":{"uv":[7,3,7.5,4],"texture":"#5"},"east":{"uv":[6,4,7,5],"texture":"#5"},"south":{"uv":[7.5,3,7,4],"texture":"#5"},"west":{"uv":[6,4,7,5],"texture":"#5"},"up":{"uv":[6.5,4,6,3],"texture":"#5"},"down":{"uv":[7,3,6.5,4],"texture":"#5"}}},{"from":[2,17.3,7.1],"to":[4,19.3,8.9],"rotation":{"angle":0,"axis":"y","origin":[5.4,15.8,8]},"faces":{"north":{"uv":[4,3,5,4],"texture":"#5"},"east":{"uv":[4,4,5,5],"texture":"#5"},"south":{"uv":[5,3,4,4],"texture":"#5"},"west":{"uv":[4,4,5,5],"texture":"#5"},"up":{"uv":[6,5,5,4],"texture":"#5"},"down":{"uv":[6,3,5,4],"texture":"#5"}}},{"from":[1.2,16.9,7],"to":[2.2,18.9,9],"rotation":{"angle":22.5,"axis":"z","origin":[1.2,18.6,7.5]},"faces":{"north":{"uv":[7,5,7.5,6],"texture":"#5"},"east":{"uv":[6,5,7,6],"texture":"#5"},"south":{"uv":[7.5,5,7,6],"texture":"#5"},"west":{"uv":[6,5,7,6],"texture":"#5"},"up":{"uv":[9.5,4,9,3],"texture":"#5"},"down":{"uv":[13,3,12.5,4],"texture":"#5"}}},{"from":[-0.6,16.9,7.1],"to":[1.4,18.9,8.9],"rotation":{"angle":45,"axis":"z","origin":[1.2,18.6,7.5]},"faces":{"north":{"uv":[14,4.5,15,5.5],"texture":"#5"},"east":{"uv":[14,5.5,15,6.5],"texture":"#5"},"south":{"uv":[14,4.5,15,5.5],"texture":"#5"},"west":{"uv":[14,5.5,15,6.5],"texture":"#5"},"up":{"uv":[14,6.5,13,5.5],"texture":"#5"},"down":{"uv":[14,4.5,13,5.5],"texture":"#5"}}},{"from":[0,16.3,7],"to":[2,17.3,9],"rotation":{"angle":-22.5,"axis":"z","origin":[0.5,17.9,7.5]},"faces":{"north":{"uv":[8.5,4,9,5],"rotation":90,"texture":"#5"},"east":{"uv":[8.5,5,8,6],"rotation":270,"texture":"#5"},"south":{"uv":[9,4,8.5,5],"rotation":270,"texture":"#5"},"west":{"uv":[8,6,7.5,5],"rotation":270,"texture":"#5"},"up":{"uv":[8.5,0,9.5,1],"rotation":270,"texture":"#5"},"down":{"uv":[8.5,0,9.5,1],"rotation":270,"texture":"#5"}}},{"from":[-1,20,4.9],"to":[7,28,4.9],"rotation":{"angle":-45,"axis":"y","origin":[5,22,4.9]},"faces":{"north":{"uv":[16,0,8,8],"texture":"#4"},"east":{"uv":[0,0,0,8],"texture":"#4"},"south":{"uv":[8,0,16,8],"texture":"#4"},"west":{"uv":[0,0,0,8],"texture":"#4"},"up":{"uv":[0,0,8,0],"texture":"#4"},"down":{"uv":[0,0,8,0],"texture":"#4"}}},{"from":[7,-2.05,10.05],"to":[9,-0.05,11.05],"rotation":{"angle":0,"axis":"y","origin":[8,-2.3,8.05]},"faces":{"north":{"uv":[12,7,11,6],"texture":"#5"},"east":{"uv":[12.5,7,12,6],"texture":"#5"},"south":{"uv":[12,7,11,6],"texture":"#5"},"west":{"uv":[12,7,12.5,6],"texture":"#5"},"up":{"uv":[12.5,6,13,7],"rotation":90,"texture":"#5"},"down":{"uv":[12.5,6,13,7],"rotation":270,"texture":"#5"}}},{"from":[7,-6.05,12.05],"to":[9,-3.05,13.05],"rotation":{"angle":0,"axis":"y","origin":[8,-2.3,8.05]},"faces":{"north":{"uv":[7,13.5,5.5,14.5],"rotation":90,"texture":"#5"},"east":{"uv":[6.5,16,7,14.5],"texture":"#5"},"south":{"uv":[7,13.5,5.5,14.5],"rotation":90,"texture":"#5"},"west":{"uv":[6.5,14.5,7,16],"rotation":180,"texture":"#5"},"up":{"uv":[9,13,8.5,14],"rotation":90,"texture":"#5"},"down":{"uv":[8.5,13,8,14],"rotation":270,"texture":"#5"}}},{"from":[7,-7.05,10.05],"to":[9,-4.05,12.05],"rotation":{"angle":0,"axis":"y","origin":[8,-2.3,8.05]},"faces":{"north":{"uv":[9.5,15,8,14],"rotation":90,"texture":"#5"},"east":{"uv":[9.5,16,8,15],"rotation":90,"texture":"#5"},"south":{"uv":[8,16,7,14.5],"texture":"#5"},"west":{"uv":[9.5,15,8,16],"rotation":90,"texture":"#5"},"up":{"uv":[7,13.5,8,14.5],"rotation":90,"texture":"#5"},"down":{"uv":[7,13.5,8,14.5],"rotation":270,"texture":"#5"}}},{"from":[7,-4.05,6.05],"to":[9,1.95,10.05],"rotation":{"angle":0,"axis":"y","origin":[8,-2.3,8.05]},"faces":{"north":{"uv":[15,10.5,16,7.5],"texture":"#5"},"east":{"uv":[13,10.5,15,7.5],"texture":"#5"},"south":{"uv":[15,10.5,16,7.5],"texture":"#5"},"west":{"uv":[13,10.5,15,7.5],"texture":"#5"},"up":{"uv":[15,6.5,13,7.5],"rotation":90,"texture":"#5"},"down":{"uv":[15,6.5,13,7.5],"rotation":270,"texture":"#5"}}},{"from":[7,-4.05,10.05],"to":[9,-2.05,12.05],"rotation":{"angle":0,"axis":"y","origin":[8,-2.3,8.05]},"faces":{"north":{"uv":[6.5,12.5,5.5,11.5],"texture":"#6"},"east":{"uv":[7.5,11.5,6.5,10.5],"texture":"#6"},"south":{"uv":[6.5,11.5,5.5,10.5],"texture":"#6"},"west":{"uv":[7.5,10.5,6.5,11.5],"rotation":180,"texture":"#6"},"up":{"uv":[6.5,9.5,5.5,10.5],"rotation":270,"texture":"#6"},"down":{"uv":[6.5,11.5,7.5,12.5],"rotation":270,"texture":"#6"}}},{"from":[7,-2.05,5.05],"to":[9,-0.05,6.05],"rotation":{"angle":0,"axis":"y","origin":[8,-2.3,8.05]},"faces":{"north":{"uv":[11,7,12,6],"texture":"#5"},"east":{"uv":[12,7,12.5,6],"texture":"#5"},"south":{"uv":[11,7,12,6],"texture":"#5"},"west":{"uv":[12.5,7,12,6],"texture":"#5"},"up":{"uv":[13,6,12.5,7],"rotation":90,"texture":"#5"},"down":{"uv":[13,6,12.5,7],"rotation":270,"texture":"#5"}}},{"from":[7,-6.05,3.05],"to":[9,-3.05,4.05],"rotation":{"angle":0,"axis":"y","origin":[8,-2.3,8.05]},"faces":{"north":{"uv":[7,14.5,5.5,13.5],"rotation":90,"texture":"#5"},"east":{"uv":[7,16,6.5,14.5],"texture":"#5"},"south":{"uv":[7,14.5,5.5,13.5],"rotation":90,"texture":"#5"},"west":{"uv":[7,14.5,6.5,16],"rotation":180,"texture":"#5"},"up":{"uv":[8.5,13,9,14],"rotation":90,"texture":"#5"},"down":{"uv":[8,13,8.5,14],"rotation":270,"texture":"#5"}}},{"from":[7,-7.05,4.05],"to":[9,-4.05,6.05],"rotation":{"angle":0,"axis":"y","origin":[8,-2.3,8.05]},"faces":{"north":{"uv":[7,16,8,14.5],"texture":"#5"},"east":{"uv":[9.5,15,8,16],"rotation":90,"texture":"#5"},"south":{"uv":[9.5,14,8,15],"rotation":90,"texture":"#5"},"west":{"uv":[9.5,16,8,15],"rotation":90,"texture":"#5"},"up":{"uv":[8,13.5,7,14.5],"rotation":90,"texture":"#5"},"down":{"uv":[8,13.5,7,14.5],"rotation":270,"texture":"#5"}}},{"from":[7,-4.05,4.05],"to":[9,-2.05,6.05],"rotation":{"angle":0,"axis":"y","origin":[8,-2.3,8.05]},"faces":{"north":{"uv":[5.5,11.5,6.5,10.5],"texture":"#6"},"east":{"uv":[6.5,11.5,7.5,10.5],"texture":"#6"},"south":{"uv":[5.5,12.5,6.5,11.5],"texture":"#6"},"west":{"uv":[6.5,10.5,7.5,11.5],"rotation":180,"texture":"#6"},"up":{"uv":[5.5,9.5,6.5,10.5],"rotation":270,"texture":"#6"},"down":{"uv":[7.5,11.5,6.5,12.5],"rotation":270,"texture":"#6"}}},{"from":[7,-6.05,6.05],"to":[9,-4.05,10.05],"rotation":{"angle":0,"axis":"y","origin":[8,-2.3,8.05]},"faces":{"north":{"uv":[11,4,12,3],"texture":"#5"},"east":{"uv":[11,5,13,4],"texture":"#5"},"south":{"uv":[11,4,12,3],"texture":"#5"},"west":{"uv":[11,5,13,4],"texture":"#5"},"up":{"uv":[13,5,11,6],"rotation":90,"texture":"#5"},"down":{"uv":[13,5,11,6],"rotation":270,"texture":"#5"}}},{"from":[4,-16,8],"to":[8,-12,8],"rotation":{"angle":0,"axis":"y","origin":[8,-14,8]},"faces":{"north":{"uv":[2,5,0,3],"texture":"#8"},"east":{"uv":[0,3,0,0],"texture":"#8"},"south":{"uv":[0,5,2,3],"texture":"#8"},"west":{"uv":[0,3,0,0],"texture":"#8"},"up":{"uv":[0,0,2.5,0],"texture":"#8"},"down":{"uv":[0,0,2.5,0],"texture":"#8"}}},{"from":[8,-16,8],"to":[12,-12,8],"rotation":{"angle":0,"axis":"y","origin":[8,-14,8]},"faces":{"north":{"uv":[0,5,2,3],"texture":"#8"},"east":{"uv":[0,3,0,0],"texture":"#8"},"south":{"uv":[2,5,0,3],"texture":"#8"},"west":{"uv":[0,3,0,0],"texture":"#8"},"up":{"uv":[2.5,0,0,0],"texture":"#8"},"down":{"uv":[2.5,0,0,0],"texture":"#8"}}},{"from":[7,16.3,13],"to":[9,17.3,15],"rotation":{"angle":-22.5,"axis":"x","origin":[8.5,17.9,14.5]},"faces":{"north":{"uv":[8.5,6,8,5],"rotation":270,"texture":"#5"},"east":{"uv":[8.5,5,9,4],"rotation":90,"texture":"#5"},"south":{"uv":[8,5,7.5,6],"rotation":270,"texture":"#5"},"west":{"uv":[9,5,8.5,4],"rotation":270,"texture":"#5"},"up":{"uv":[8.5,1,9.5,0],"texture":"#5"},"down":{"uv":[8.5,1,9.5,0],"rotation":180,"texture":"#5"}}},{"from":[7.1,16.9,13.6],"to":[8.9,18.9,15.6],"rotation":{"angle":45,"axis":"x","origin":[8.5,18.6,13.8]},"faces":{"north":{"uv":[15,5.5,14,6.5],"texture":"#5"},"east":{"uv":[15,4.5,14,5.5],"texture":"#5"},"south":{"uv":[15,5.5,14,6.5],"texture":"#5"},"west":{"uv":[15,4.5,14,5.5],"texture":"#5"},"up":{"uv":[13,6.5,14,5.5],"rotation":90,"texture":"#5"},"down":{"uv":[13,4.5,14,5.5],"rotation":270,"texture":"#5"}}},{"from":[7,16.9,12.8],"to":[9,18.9,13.8],"rotation":{"angle":22.5,"axis":"x","origin":[8.5,18.6,13.8]},"faces":{"north":{"uv":[7,5,6,6],"texture":"#5"},"east":{"uv":[7.5,5,7,6],"texture":"#5"},"south":{"uv":[7,5,6,6],"texture":"#5"},"west":{"uv":[7,5,7.5,6],"texture":"#5"},"up":{"uv":[9,4,9.5,3],"rotation":90,"texture":"#5"},"down":{"uv":[12.5,3,13,4],"rotation":270,"texture":"#5"}}},{"from":[7.1,17.3,11],"to":[8.9,19.3,13],"rotation":{"angle":0,"axis":"y","origin":[8,15.8,9.6]},"faces":{"north":{"uv":[5,4,4,5],"texture":"#5"},"east":{"uv":[5,3,4,4],"texture":"#5"},"south":{"uv":[5,4,4,5],"texture":"#5"},"west":{"uv":[4,3,5,4],"texture":"#5"},"up":{"uv":[5,5,6,4],"rotation":90,"texture":"#5"},"down":{"uv":[5,3,6,4],"rotation":270,"texture":"#5"}}},{"from":[7,16.4,11.3],"to":[9,18.4,12.3],"rotation":{"angle":-22.5,"axis":"x","origin":[8,15.8,9.6]},"faces":{"north":{"uv":[7,4,6,5],"texture":"#5"},"east":{"uv":[7.5,3,7,4],"texture":"#5"},"south":{"uv":[7,4,6,5],"texture":"#5"},"west":{"uv":[7,3,7.5,4],"texture":"#5"},"up":{"uv":[6,4,6.5,3],"rotation":90,"texture":"#5"},"down":{"uv":[6.5,3,7,4],"rotation":270,"texture":"#5"}}},{"from":[7.1,16.4,7.8],"to":[8.9,18.4,9.8],"rotation":{"angle":45,"axis":"x","origin":[8,15.8,9.6]},"faces":{"north":{"uv":[4,5,3,6],"rotation":90,"texture":"#5"},"east":{"uv":[2,5,3,4],"rotation":270,"texture":"#5"},"south":{"uv":[4,5,3,4],"rotation":90,"texture":"#5"},"west":{"uv":[3,5,2,4],"rotation":90,"texture":"#5"},"up":{"uv":[2,6,3,5],"rotation":180,"texture":"#5"},"down":{"uv":[2,6,3,5],"texture":"#5"}}},{"from":[7,16.1,8.3],"to":[9,17.1,10.3],"rotation":{"angle":22.5,"axis":"x","origin":[8,15.8,9.6]},"faces":{"north":{"uv":[4.5,5,4,6],"rotation":90,"texture":"#5"},"east":{"uv":[7.5,3,8,2],"rotation":270,"texture":"#5"},"south":{"uv":[5,6,4.5,5],"rotation":90,"texture":"#5"},"west":{"uv":[8,3,7.5,2],"rotation":90,"texture":"#5"},"up":{"uv":[5,6,6,5],"rotation":180,"texture":"#5"},"down":{"uv":[5,6,6,5],"texture":"#5"}}},{"from":[7.1,14.7,8.5],"to":[8.9,16.7,10.5],"rotation":{"angle":0,"axis":"y","origin":[8,15.8,9.6]},"faces":{"north":{"uv":[2,5,1,6],"rotation":90,"texture":"#5"},"east":{"uv":[0,5,1,4],"rotation":270,"texture":"#5"},"south":{"uv":[2,5,1,4],"rotation":90,"texture":"#5"},"west":{"uv":[1,5,0,4],"rotation":90,"texture":"#5"},"up":{"uv":[0,6,1,5],"rotation":180,"texture":"#5"},"down":{"uv":[0,6,1,5],"texture":"#5"}}},{"from":[7,7.9,12.9],"to":[9,14.9,14.9],"rotation":{"angle":-22.5,"axis":"x","origin":[8,4,11]},"faces":{"north":{"uv":[7.5,2,4,3],"rotation":90,"texture":"#5"},"east":{"uv":[4,1,7.5,0],"rotation":270,"texture":"#5"},"south":{"uv":[7.5,2,4,1],"rotation":90,"texture":"#5"},"west":{"uv":[7.5,1,4,0],"rotation":90,"texture":"#5"},"up":{"uv":[7.5,1,8.5,0],"rotation":180,"texture":"#5"},"down":{"uv":[7.5,2,8.5,1],"texture":"#5"}}},{"from":[7.1,7.1,11.1],"to":[8.9,9.1,13.1],"rotation":{"angle":0,"axis":"y","origin":[8,4,11]},"faces":{"north":{"uv":[4,3,3,4],"rotation":90,"texture":"#5"},"east":{"uv":[3,3,2,2],"rotation":270,"texture":"#5"},"south":{"uv":[4,3,3,2],"rotation":90,"texture":"#5"},"west":{"uv":[2,3,3,2],"rotation":90,"texture":"#5"},"up":{"uv":[2,4,3,3],"rotation":180,"texture":"#5"},"down":{"uv":[2,4,3,3],"texture":"#5"}}},{"from":[7,5.7,9.7],"to":[9,7.7,11.7],"rotation":{"angle":22.5,"axis":"x","origin":[8,4,11]},"faces":{"north":{"uv":[2,3,1,4],"rotation":90,"texture":"#5"},"east":{"uv":[1,3,0,2],"rotation":270,"texture":"#5"},"south":{"uv":[2,3,1,2],"rotation":90,"texture":"#5"},"west":{"uv":[0,3,1,2],"rotation":90,"texture":"#5"},"up":{"uv":[0,4,1,3],"rotation":180,"texture":"#5"},"down":{"uv":[0,4,1,3],"texture":"#5"}}},{"from":[7.1,3.8,9],"to":[8.9,5.8,11],"rotation":{"angle":45,"axis":"x","origin":[8,4,11]},"faces":{"north":{"uv":[4,1,3,2],"rotation":90,"texture":"#5"},"east":{"uv":[3,1,2,0],"rotation":270,"texture":"#5"},"south":{"uv":[4,1,3,0],"rotation":90,"texture":"#5"},"west":{"uv":[2,1,3,0],"rotation":90,"texture":"#5"},"up":{"uv":[2,2,3,1],"rotation":180,"texture":"#5"},"down":{"uv":[2,2,3,1],"texture":"#5"}}},{"from":[7,16.3,1],"to":[9,17.3,3],"rotation":{"angle":22.5,"axis":"x","origin":[8.5,17.9,1.5]},"faces":{"north":{"uv":[8,6,7.5,5],"rotation":270,"texture":"#5"},"east":{"uv":[8.5,4,9,5],"rotation":90,"texture":"#5"},"south":{"uv":[8.5,5,8,6],"rotation":270,"texture":"#5"},"west":{"uv":[9,4,8.5,5],"rotation":270,"texture":"#5"},"up":{"uv":[8.5,0,9.5,1],"texture":"#5"},"down":{"uv":[8.5,0,9.5,1],"rotation":180,"texture":"#5"}}},{"from":[7.1,16.9,0.4],"to":[8.9,18.9,2.4],"rotation":{"angle":-45,"axis":"x","origin":[8.5,18.6,2.2]},"faces":{"north":{"uv":[14,5.5,15,6.5],"texture":"#5"},"east":{"uv":[14,4.5,15,5.5],"texture":"#5"},"south":{"uv":[14,5.5,15,6.5],"texture":"#5"},"west":{"uv":[14,4.5,15,5.5],"texture":"#5"},"up":{"uv":[14,6.5,13,5.5],"rotation":90,"texture":"#5"},"down":{"uv":[14,4.5,13,5.5],"rotation":270,"texture":"#5"}}},{"from":[7,16.9,2.2],"to":[9,18.9,3.2],"rotation":{"angle":-22.5,"axis":"x","origin":[8.5,18.6,2.2]},"faces":{"north":{"uv":[6,5,7,6],"texture":"#5"},"east":{"uv":[7,5,7.5,6],"texture":"#5"},"south":{"uv":[6,5,7,6],"texture":"#5"},"west":{"uv":[7.5,5,7,6],"texture":"#5"},"up":{"uv":[9.5,4,9,3],"rotation":90,"texture":"#5"},"down":{"uv":[13,3,12.5,4],"rotation":270,"texture":"#5"}}},{"from":[7.1,17.3,3],"to":[8.9,19.3,5],"rotation":{"angle":0,"axis":"y","origin":[8,15.8,6.4]},"faces":{"north":{"uv":[4,4,5,5],"texture":"#5"},"east":{"uv":[4,3,5,4],"texture":"#5"},"south":{"uv":[4,4,5,5],"texture":"#5"},"west":{"uv":[5,3,4,4],"texture":"#5"},"up":{"uv":[6,5,5,4],"rotation":90,"texture":"#5"},"down":{"uv":[6,3,5,4],"rotation":270,"texture":"#5"}}},{"from":[7,16.4,3.7],"to":[9,18.4,4.7],"rotation":{"angle":22.5,"axis":"x","origin":[8,15.8,6.4]},"faces":{"north":{"uv":[6,4,7,5],"texture":"#5"},"east":{"uv":[7,3,7.5,4],"texture":"#5"},"south":{"uv":[6,4,7,5],"texture":"#5"},"west":{"uv":[7.5,3,7,4],"texture":"#5"},"up":{"uv":[6.5,4,6,3],"rotation":90,"texture":"#5"},"down":{"uv":[7,3,6.5,4],"rotation":270,"texture":"#5"}}},{"from":[7.1,16.4,6.2],"to":[8.9,18.4,8.2],"rotation":{"angle":-45,"axis":"x","origin":[8,15.8,6.4]},"faces":{"north":{"uv":[4,4,3,5],"rotation":90,"texture":"#5"},"east":{"uv":[2,4,3,5],"rotation":270,"texture":"#5"},"south":{"uv":[4,6,3,5],"rotation":90,"texture":"#5"},"west":{"uv":[3,4,2,5],"rotation":90,"texture":"#5"},"up":{"uv":[2,5,3,6],"rotation":180,"texture":"#5"},"down":{"uv":[2,5,3,6],"texture":"#5"}}},{"from":[7,16.1,5.7],"to":[9,17.1,7.7],"rotation":{"angle":-22.5,"axis":"x","origin":[8,15.8,6.4]},"faces":{"north":{"uv":[5,5,4.5,6],"rotation":90,"texture":"#5"},"east":{"uv":[7.5,2,8,3],"rotation":270,"texture":"#5"},"south":{"uv":[4.5,6,4,5],"rotation":90,"texture":"#5"},"west":{"uv":[8,2,7.5,3],"rotation":90,"texture":"#5"},"up":{"uv":[5,5,6,6],"rotation":180,"texture":"#5"},"down":{"uv":[5,5,6,6],"texture":"#5"}}},{"from":[7.1,14.7,5.5],"to":[8.9,16.7,7.5],"rotation":{"angle":0,"axis":"y","origin":[8,15.8,6.4]},"faces":{"north":{"uv":[2,4,1,5],"rotation":90,"texture":"#5"},"east":{"uv":[0,4,1,5],"rotation":270,"texture":"#5"},"south":{"uv":[2,6,1,5],"rotation":90,"texture":"#5"},"west":{"uv":[1,4,0,5],"rotation":90,"texture":"#5"},"up":{"uv":[0,5,1,6],"rotation":180,"texture":"#5"},"down":{"uv":[0,5,1,6],"texture":"#5"}}},{"from":[7,7.9,1.1],"to":[9,14.9,3.1],"rotation":{"angle":22.5,"axis":"x","origin":[8,4,5]},"faces":{"north":{"uv":[7.5,1,4,2],"rotation":90,"texture":"#5"},"east":{"uv":[4,0,7.5,1],"rotation":270,"texture":"#5"},"south":{"uv":[7.5,3,4,2],"rotation":90,"texture":"#5"},"west":{"uv":[7.5,0,4,1],"rotation":90,"texture":"#5"},"up":{"uv":[7.5,0,8.5,1],"rotation":180,"texture":"#5"},"down":{"uv":[7.5,1,8.5,2],"texture":"#5"}}},{"from":[7.1,7.1,2.9],"to":[8.9,9.1,4.9],"rotation":{"angle":0,"axis":"y","origin":[8,4,5]},"faces":{"north":{"uv":[4,2,3,3],"rotation":90,"texture":"#5"},"east":{"uv":[3,2,2,3],"rotation":270,"texture":"#5"},"south":{"uv":[4,4,3,3],"rotation":90,"texture":"#5"},"west":{"uv":[2,2,3,3],"rotation":90,"texture":"#5"},"up":{"uv":[2,3,3,4],"rotation":180,"texture":"#5"},"down":{"uv":[2,3,3,4],"texture":"#5"}}},{"from":[7,5.7,4.3],"to":[9,7.7,6.3],"rotation":{"angle":-22.5,"axis":"x","origin":[8,4,5]},"faces":{"north":{"uv":[2,2,1,3],"rotation":90,"texture":"#5"},"east":{"uv":[1,2,0,3],"rotation":270,"texture":"#5"},"south":{"uv":[2,4,1,3],"rotation":90,"texture":"#5"},"west":{"uv":[0,2,1,3],"rotation":90,"texture":"#5"},"up":{"uv":[0,3,1,4],"rotation":180,"texture":"#5"},"down":{"uv":[0,3,1,4],"texture":"#5"}}},{"from":[7.1,3.8,5],"to":[8.9,5.8,7],"rotation":{"angle":-45,"axis":"x","origin":[8,4,5]},"faces":{"north":{"uv":[4,0,3,1],"rotation":90,"texture":"#5"},"east":{"uv":[3,0,2,1],"rotation":270,"texture":"#5"},"south":{"uv":[4,2,3,1],"rotation":90,"texture":"#5"},"west":{"uv":[2,0,3,1],"rotation":90,"texture":"#5"},"up":{"uv":[2,1,3,2],"rotation":180,"texture":"#5"},"down":{"uv":[2,1,3,2],"texture":"#5"}}},{"from":[5.5,20,5.5],"to":[10.5,25,10.5],"faces":{"north":{"uv":[6.5,13.5,9,16],"texture":"#12"},"east":{"uv":[6.5,13.5,9,16],"texture":"#12"},"south":{"uv":[6.5,13.5,9,16],"texture":"#12"},"west":{"uv":[6.5,13.5,9,16],"texture":"#12"},"up":{"uv":[9,13.5,11.5,16],"texture":"#12"},"down":{"uv":[6.5,11,9,13.5],"texture":"#12"}}},{"from":[3.3,19.7,7],"to":[6.8,23.2,9],"rotation":{"angle":45,"axis":"z","origin":[4,22.5,9.5]},"faces":{"north":{"uv":[8.75,7.25,10.5,9],"rotation":90,"texture":"#12"},"east":{"uv":[8.75,6.25,10.5,7.25],"rotation":270,"texture":"#12"},"south":{"uv":[10.5,7.25,8.75,9],"rotation":270,"texture":"#12"},"west":{"uv":[8.75,6.25,10.5,7.25],"rotation":270,"texture":"#12"},"up":{"uv":[6.25,8.5,8,9.5],"rotation":180,"texture":"#12"},"down":{"uv":[6.25,8.5,8,9.5],"rotation":180,"texture":"#12"}}},{"from":[6.5,25,6.5],"to":[9.5,26,9.5],"faces":{"north":{"uv":[8,10.5,9.5,11],"texture":"#12"},"east":{"uv":[8,9,9.5,9.5],"texture":"#12"},"south":{"uv":[8,9.5,9.5,10],"texture":"#12"},"west":{"uv":[8,10,9.5,10.5],"texture":"#12"},"up":{"uv":[6.5,9.5,8,11],"texture":"#12"},"down":{"uv":[6.5,9.5,8,11],"texture":"#12"}}},{"from":[6.5,19,6.5],"to":[9.5,20,9.5],"rotation":{"angle":0,"axis":"y","origin":[0,16,0]},"faces":{"north":{"uv":[4.5,11.5,6,11],"texture":"#12"},"east":{"uv":[4.5,10,6,9.5],"texture":"#12"},"south":{"uv":[4.5,10.5,6,10],"texture":"#12"},"west":{"uv":[4.5,11,6,10.5],"texture":"#12"},"up":{"uv":[3,11.5,4.5,10],"texture":"#12"},"down":{"uv":[3,11.5,4.5,10],"texture":"#12"}}},{"from":[9.2,19.7,7],"to":[12.7,23.2,9],"rotation":{"angle":-45,"axis":"z","origin":[12,22.5,9.5]},"faces":{"north":{"uv":[8.75,9,10.5,7.25],"rotation":90,"texture":"#12"},"east":{"uv":[8.75,7.25,10.5,6.25],"rotation":270,"texture":"#12"},"south":{"uv":[10.5,9,8.75,7.25],"rotation":270,"texture":"#12"},"west":{"uv":[8.75,7.25,10.5,6.25],"rotation":270,"texture":"#12"},"up":{"uv":[8,8.5,6.25,9.5],"rotation":180,"texture":"#12"},"down":{"uv":[8,8.5,6.25,9.5],"rotation":180,"texture":"#12"}}},{"from":[7,22.52843,4.47157],"to":[9,26.02843,7.97157],"rotation":{"angle":-45,"axis":"x","origin":[8,22.5,8]},"faces":{"north":{"uv":[8.75,6.25,10.5,7.25],"rotation":270,"texture":"#12"},"east":{"uv":[8.75,7.25,10.5,9],"rotation":90,"texture":"#12"},"south":{"uv":[8.75,6.25,10.5,7.25],"rotation":270,"texture":"#12"},"west":{"uv":[10.5,7.25,8.75,9],"rotation":270,"texture":"#12"},"up":{"uv":[6.25,8.5,8,9.5],"rotation":270,"texture":"#12"},"down":{"uv":[6.25,8.5,8,9.5],"rotation":90,"texture":"#12"}}},{"from":[7,22.52843,8.02843],"to":[9,26.02843,11.52843],"rotation":{"angle":45,"axis":"x","origin":[8,22.5,8]},"faces":{"north":{"uv":[8.75,7.25,10.5,6.25],"rotation":270,"texture":"#12"},"east":{"uv":[8.75,9,10.5,7.25],"rotation":90,"texture":"#12"},"south":{"uv":[8.75,7.25,10.5,6.25],"rotation":270,"texture":"#12"},"west":{"uv":[10.5,9,8.75,7.25],"rotation":270,"texture":"#12"},"up":{"uv":[8,8.5,6.25,9.5],"rotation":270,"texture":"#12"},"down":{"uv":[8,8.5,6.25,9.5],"rotation":90,"texture":"#12"}}},{"from":[9,20,4.9],"to":[17,28,4.9],"rotation":{"angle":45,"axis":"y","origin":[11,22,4.9]},"faces":{"north":{"uv":[8,0,16,8],"texture":"#4"},"east":{"uv":[0,0,0,8],"texture":"#4"},"south":{"uv":[16,0,8,8],"texture":"#4"},"west":{"uv":[0,0,0,8],"texture":"#4"},"up":{"uv":[8,0,0,0],"texture":"#4"},"down":{"uv":[8,0,0,0],"texture":"#4"}}},{"from":[9,20,11.1],"to":[17,28,11.1],"rotation":{"angle":-45,"axis":"y","origin":[11,22,11.1]},"faces":{"north":{"uv":[8,0,16,8],"texture":"#4"},"east":{"uv":[0,0,0,8],"texture":"#4"},"south":{"uv":[16,0,8,8],"texture":"#4"},"west":{"uv":[0,0,0,8],"texture":"#4"},"up":{"uv":[8,0,0,0],"texture":"#4"},"down":{"uv":[8,0,0,0],"texture":"#4"}}},{"from":[-1,20,11.1],"to":[7,28,11.1],"rotation":{"angle":45,"axis":"y","origin":[5,22,11.1]},"faces":{"north":{"uv":[16,0,8,8],"texture":"#4"},"east":{"uv":[0,0,0,8],"texture":"#4"},"south":{"uv":[8,0,16,8],"texture":"#4"},"west":{"uv":[0,0,0,8],"texture":"#4"},"up":{"uv":[0,0,8,0],"texture":"#4"},"down":{"uv":[0,0,8,0],"texture":"#4"}}}],"gui_light":"front","display":{"thirdperson_righthand":{"rotation":[0,90,0],"translation":[0,7,2],"scale":[0.55,0.55,0.55]},"thirdperson_lefthand":{"rotation":[0,90,0],"translation":[0,7,2],"scale":[0.55,0.55,0.55]},"firstperson_righthand":{"rotation":[0,90,0],"translation":[1.5,7,0.5],"scale":[0.38672,0.38672,0.38672]},"firstperson_lefthand":{"rotation":[0,-90,0],"translation":[1.5,7,0.5],"scale":[0.38672,0.38672,0.38672]},"ground":{"rotation":[0,0,45],"translation":[0,10,0],"scale":[0.45,0.45,0.45]},"gui":{"rotation":[0,0,-45],"translation":[1,1,-2],"scale":[0.4357,0.4357,0.4357]},"head":{"rotation":[-135.5,0,0],"translation":[0,-19.75,1.25],"scale":[0,0,0]},"fixed":{"translation":[0,5,-2.75],"scale":[1.4,1.4,1.4]}}}