{"textures":{"0":"modelengine:entity/nocsy_cat2"},"elements":[{"from":[7.142857,7.000343,6.9714284],"to":[8.857143,8.1432,8.685715],"rotation":{"angle":0.0,"axis":"y","origin":[10.571428,5.171771,5.771428]},"faces":{"east":{"uv":[8.25,11.5,7.5,12.0],"rotation":0,"texture":"#0","tintindex":0},"south":{"uv":[7.25,11.5,6.5,12.0],"rotation":0,"texture":"#0","tintindex":0},"north":{"uv":[12.25,3.0,11.5,3.5],"rotation":0,"texture":"#0","tintindex":0},"west":{"uv":[12.25,3.75,11.5,4.25],"rotation":0,"texture":"#0","tintindex":0},"up":{"uv":[8.25,11.25,9.0,10.5],"rotation":0,"texture":"#0","tintindex":0},"down":{"uv":[9.25,10.5,10.0,11.25],"rotation":0,"texture":"#0","tintindex":0}}}],"display":{"head":{"translation":[0.0,-6.4,0.0],"scale":[4.0,4.0,4.0]}}}