{"textures":{"0":"modelengine:entity/nocsy_cat2"},"elements":[{"from":[4.7403827,7.363572,7.9717064],"to":[8.168954,10.792144,8.014564],"rotation":{"angle":22.5,"axis":"z","origin":[5.997525,9.077858,7.9717064]},"faces":{"east":{"uv":[2.0,10.75,2.25,12.25],"rotation":0,"texture":"#0","tintindex":0},"south":{"uv":[6.0,0.0,7.5,1.5],"rotation":0,"texture":"#0","tintindex":0},"north":{"uv":[1.75,5.5,3.25,7.0],"rotation":0,"texture":"#0","tintindex":0},"west":{"uv":[3.5,10.75,3.75,12.25],"rotation":0,"texture":"#0","tintindex":0},"up":{"uv":[12.0,8.25,10.5,8.0],"rotation":0,"texture":"#0","tintindex":0},"down":{"uv":[12.25,7.0,10.75,7.25],"rotation":0,"texture":"#0","tintindex":0}}},{"from":[7.863016,7.363572,7.9717064],"to":[11.291588,10.792144,8.014564],"rotation":{"angle":-22.5,"axis":"z","origin":[10.034445,9.077858,7.9717064]},"faces":{"east":{"uv":[4.0,10.75,4.25,12.25],"rotation":0,"texture":"#0","tintindex":0},"south":{"uv":[6.0,3.5,7.5,5.0],"rotation":0,"texture":"#0","tintindex":0},"north":{"uv":[6.0,1.75,7.5,3.25],"rotation":0,"texture":"#0","tintindex":0},"west":{"uv":[10.25,10.75,10.5,12.25],"rotation":0,"texture":"#0","tintindex":0},"up":{"uv":[12.25,7.75,10.75,7.5],"rotation":0,"texture":"#0","tintindex":0},"down":{"uv":[12.25,10.75,10.75,11.0],"rotation":0,"texture":"#0","tintindex":0}}}],"display":{"head":{"translation":[0.0,-6.4,0.0],"scale":[4.0,4.0,4.0]}}}