{"textures":{"0":"modelengine:entity/nocsy_cat2"},"elements":[{"from":[7.4,6.572625,7.3973956],"to":[8.942857,8.686912,8.940253],"rotation":{"angle":0.0,"axis":"y","origin":[8.171429,7.142857,8.0]},"faces":{"east":{"uv":[9.5,2.5,10.25,3.5],"rotation":0,"texture":"#0","tintindex":0},"south":{"uv":[3.5,9.5,4.25,10.5],"rotation":0,"texture":"#0","tintindex":0},"north":{"uv":[9.5,1.25,10.25,2.25],"rotation":0,"texture":"#0","tintindex":0},"west":{"uv":[9.5,3.75,10.25,4.75],"rotation":0,"texture":"#0","tintindex":0},"up":{"uv":[11.25,0.75,10.5,0.0],"rotation":0,"texture":"#0","tintindex":0},"down":{"uv":[11.25,1.0,10.5,1.75],"rotation":0,"texture":"#0","tintindex":0}}}],"display":{"head":{"translation":[0.0,-6.4,0.0],"scale":[4.0,4.0,4.0]}}}