{
	"credit": "Made with Blockbench",
	"textures": {
		"white": "pokeball/yellow",
		"black": "pokeball/black",
		"vanilla": "pokeball/white-grey",
		"red_xd": "pokeball/red"
	},
	"elements": [
		{
			"from": [6.50015, 0.49973, 5.99942],
			"to": [11.50015, 2.49973, 10.99942],
			"faces": {
				"north": {"uv": [0, 0, 16, 16], "texture": "#black"},
				"east": {"uv": [0, 0, 16, 16], "texture": "#black"},
				"south": {"uv": [0, 0, 16, 16], "texture": "#black"},
				"west": {"uv": [0, 0, 16, 16], "texture": "#black"},
				"up": {"uv": [0, 0, 16, 16], "texture": "#black"},
				"down": {"uv": [0, 0, 16, 16], "texture": "#black"}
			}
		},
		{
			"from": [6.50042, 2.99966, 5.9993],
			"to": [11.50042, 4.99966, 10.9993],
			"faces": {
				"north": {"uv": [4.5, 14, 9.5, 15.5], "texture": "#black"},
				"east": {"uv": [5, 14, 10, 15.5], "texture": "#black"},
				"south": {"uv": [6.5, 14, 11.5, 15.5], "texture": "#black"},
				"west": {"uv": [6, 14, 11, 15.5], "texture": "#black"},
				"up": {"uv": [6.5, 6, 11.5, 11], "texture": "#black"},
				"down": {"uv": [6.5, 5, 11.5, 10], "texture": "#black"}
			}
		},
		{
			"from": [6.99949, 0.99964, 5.5005],
			"to": [10.99949, 2.49964, 6.0005],
			"faces": {
				"north": {"uv": [0, 0, 16, 16], "texture": "#black"},
				"east": {"uv": [0, 0, 16, 16], "texture": "#black"},
				"south": {"uv": [0, 0, 16, 16], "texture": "#black"},
				"west": {"uv": [0, 0, 16, 16], "texture": "#black"},
				"up": {"uv": [0, 0, 16, 16], "texture": "#black"},
				"down": {"uv": [0, 0, 16, 16], "texture": "#black"}
			}
		},
		{
			"from": [7.00134, 0.99988, 11.00023],
			"to": [11.00134, 2.49988, 11.50023],
			"faces": {
				"north": {"uv": [4.5, 14, 9.5, 15.5], "texture": "#black"},
				"east": {"uv": [5, 14, 10, 15.5], "texture": "#black"},
				"south": {"uv": [6.5, 14, 11.5, 15.5], "texture": "#black"},
				"west": {"uv": [6, 14, 11, 15.5], "texture": "#black"},
				"up": {"uv": [6.5, 6, 11.5, 11], "texture": "#black"},
				"down": {"uv": [6.5, 5, 11.5, 10], "texture": "#black"}
			}
		},
		{
			"from": [6.99923, 2.99989, 5.49922],
			"to": [10.99922, 4.49989, 5.99922],
			"faces": {
				"north": {"uv": [4.5, 14, 9.5, 15.5], "texture": "#black"},
				"east": {"uv": [5, 14, 10, 15.5], "texture": "#black"},
				"south": {"uv": [6.5, 14, 11.5, 15.5], "texture": "#black"},
				"west": {"uv": [6, 14, 11, 15.5], "texture": "#black"},
				"up": {"uv": [6.5, 6, 11.5, 11], "texture": "#black"},
				"down": {"uv": [6.5, 5, 11.5, 10], "texture": "#black"}
			}
		},
		{
			"from": [6.99989, 2.99951, 10.99894],
			"to": [10.99988, 4.49951, 11.49894],
			"faces": {
				"north": {"uv": [4.5, 14, 9.5, 15.5], "texture": "#black"},
				"east": {"uv": [5, 14, 10, 15.5], "texture": "#black"},
				"south": {"uv": [6.5, 14, 11.5, 15.5], "texture": "#black"},
				"west": {"uv": [6, 14, 11, 15.5], "texture": "#black"},
				"up": {"uv": [6.5, 6, 11.5, 11], "texture": "#black"},
				"down": {"uv": [6.5, 5, 11.5, 10], "texture": "#black"}
			}
		},
		{
			"from": [7.00045, 5.00039, 6.50092],
			"to": [11.00045, 5.50039, 10.50092],
			"faces": {
				"north": {"uv": [4.5, 14, 9.5, 15.5], "texture": "#black"},
				"east": {"uv": [5, 14, 10, 15.5], "texture": "#black"},
				"south": {"uv": [6.5, 14, 11.5, 15.5], "texture": "#black"},
				"west": {"uv": [6, 14, 11, 15.5], "texture": "#black"},
				"up": {"uv": [6.5, 6, 11.5, 11], "texture": "#black"},
				"down": {"uv": [6.5, 5, 11.5, 10], "texture": "#black"}
			}
		},
		{
			"from": [6.99947, 0.00076, 6.49977],
			"to": [10.99947, 0.50076, 10.49977],
			"faces": {
				"north": {"uv": [0, 0, 16, 16], "texture": "#black"},
				"east": {"uv": [0, 0, 16, 16], "texture": "#black"},
				"south": {"uv": [0, 0, 16, 16], "texture": "#black"},
				"west": {"uv": [0, 0, 16, 16], "texture": "#black"},
				"up": {"uv": [0, 0, 16, 16], "texture": "#black"},
				"down": {"uv": [0, 0, 16, 16], "texture": "#black"}
			}
		},
		{
			"from": [5.99911, 0.99939, 6.50069],
			"to": [6.49911, 2.49939, 10.50069],
			"faces": {
				"north": {"uv": [0, 0, 16, 16], "texture": "#black"},
				"east": {"uv": [0, 0, 16, 16], "texture": "#black"},
				"south": {"uv": [0, 0, 16, 16], "texture": "#black"},
				"west": {"uv": [0, 0, 16, 16], "texture": "#black"},
				"up": {"uv": [0, 0, 16, 16], "rotation": 90, "texture": "#black"},
				"down": {"uv": [0, 0, 16, 16], "rotation": 270, "texture": "#black"}
			}
		},
		{
			"from": [7.0003, 2.9998, 6.49971],
			"to": [7.5003, 4.4998, 10.49971],
			"faces": {
				"north": {"uv": [4.5, 14, 9.5, 15.5], "texture": "#white"},
				"east": {"uv": [5, 14, 10, 15.5], "texture": "#white"},
				"south": {"uv": [6.5, 14, 11.5, 15.5], "texture": "#white"},
				"west": {"uv": [6, 14, 11, 15.5], "texture": "#white"},
				"up": {"uv": [6.5, 6, 11.5, 11], "texture": "#white"},
				"down": {"uv": [6.5, 5, 11.5, 10], "texture": "#white"}
			}
		},
		{
			"from": [11.49843, 1.00108, 6.4996],
			"to": [11.99843, 2.50108, 10.4996],
			"faces": {
				"north": {"uv": [0, 0, 16, 16], "texture": "#black"},
				"east": {"uv": [0, 0, 16, 16], "texture": "#black"},
				"south": {"uv": [0, 0, 16, 16], "texture": "#black"},
				"west": {"uv": [0, 0, 16, 16], "texture": "#black"},
				"up": {"uv": [0, 0, 16, 16], "texture": "#black"},
				"down": {"uv": [0, 0, 16, 16], "texture": "#black"}
			}
		},
		{
			"from": [11.49832, 3.00054, 6.49948],
			"to": [11.99832, 4.50054, 10.49948],
			"faces": {
				"north": {"uv": [4.5, 14, 9.5, 15.5], "texture": "#black"},
				"east": {"uv": [5, 14, 10, 15.5], "texture": "#black"},
				"south": {"uv": [6.5, 14, 11.5, 15.5], "texture": "#black"},
				"west": {"uv": [6, 14, 11, 15.5], "texture": "#black"},
				"up": {"uv": [6.5, 6, 11.5, 11], "texture": "#black"},
				"down": {"uv": [6.5, 5, 11.5, 10], "texture": "#black"}
			}
		},
		{
			"from": [6.49978, 2.50045, 6.5003],
			"to": [11.49978, 3.00045, 10.5003],
			"faces": {
				"north": {"uv": [0, 0, 16, 16], "texture": "#white"},
				"east": {"uv": [0, 0, 16, 16], "texture": "#white"},
				"south": {"uv": [0, 0, 16, 16], "texture": "#white"},
				"west": {"uv": [0, 0, 16, 16], "texture": "#white"},
				"up": {"uv": [0, 0, 16, 16], "texture": "#white"},
				"down": {"uv": [0, 0, 16, 16], "texture": "#white"}
			}
		},
		{
			"from": [6.99945, 2.50045, 6.00045],
			"to": [10.99945, 3.00045, 11.00045],
			"faces": {
				"north": {"uv": [0, 0, 16, 16], "texture": "#white"},
				"east": {"uv": [0, 0, 16, 16], "texture": "#white"},
				"south": {"uv": [0, 0, 16, 16], "texture": "#white"},
				"west": {"uv": [0, 0, 16, 16], "texture": "#white"},
				"up": {"uv": [0, 0, 16, 16], "texture": "#white"},
				"down": {"uv": [0, 0, 16, 16], "texture": "#white"}
			}
		},
		{
			"from": [6.0012, 3.00156, 6.49941],
			"to": [6.5012, 4.50156, 10.49941],
			"faces": {
				"north": {"uv": [4.5, 14, 9.5, 15.5], "texture": "#black"},
				"east": {"uv": [5, 14, 10, 15.5], "texture": "#black"},
				"south": {"uv": [6.5, 14, 11.5, 15.5], "texture": "#black"},
				"west": {"uv": [6, 14, 11, 15.5], "texture": "#black"},
				"up": {"uv": [6.5, 6, 11.5, 11], "texture": "#black"},
				"down": {"uv": [6.5, 5, 11.5, 10], "texture": "#black"}
			}
		},
		{
			"from": [7.99969, 1.74931, 5.24876],
			"to": [9.99969, 3.74931, 6.24876],
			"faces": {
				"north": {"uv": [0, 0, 16, 16], "texture": "#white"},
				"east": {"uv": [0, 0, 16, 16], "texture": "#white"},
				"south": {"uv": [0, 0, 16, 16], "texture": "#white"},
				"west": {"uv": [0, 0, 16, 16], "texture": "#white"},
				"up": {"uv": [0, 0, 16, 16], "texture": "#white"},
				"down": {"uv": [0, 0, 16, 16], "texture": "#white"}
			}
		},
		{
			"from": [8.24932, 2.00063, 5.00003],
			"to": [9.74932, 3.50063, 5.50003],
			"faces": {
				"north": {"uv": [0, 0, 16, 16], "texture": "#white"},
				"east": {"uv": [0, 0, 16, 16], "texture": "#white"},
				"south": {"uv": [0, 0, 16, 16], "texture": "#white"},
				"west": {"uv": [0, 0, 16, 16], "texture": "#white"},
				"up": {"uv": [0, 0, 16, 16], "texture": "#white"},
				"down": {"uv": [0, 0, 16, 16], "texture": "#white"}
			}
		},
		{
			"name": "Cube18",
			"from": [6.37509, 2.99973, 5.99948],
			"to": [6.87509, 3.49973, 10.99948],
			"faces": {
				"north": {"uv": [11, 12.5, 11.5, 13], "texture": "#vanilla"},
				"east": {"uv": [5, 12.5, 10, 13], "texture": "#vanilla"},
				"south": {"uv": [4.5, 12.5, 5, 13], "texture": "#vanilla"},
				"west": {"uv": [6, 12.5, 11, 13], "texture": "#vanilla"},
				"up": {"uv": [4.5, 6, 5, 11], "texture": "#vanilla"},
				"down": {"uv": [4.5, 5, 5, 10], "texture": "#vanilla"}
			}
		},
		{
			"name": "Cube18",
			"from": [5.87428, 2.99912, 6.49978],
			"to": [6.37428, 3.49912, 10.49978],
			"faces": {
				"north": {"uv": [11, 12.5, 11.5, 13], "texture": "#vanilla"},
				"east": {"uv": [5, 12.5, 10, 13], "texture": "#vanilla"},
				"south": {"uv": [4.5, 12.5, 5, 13], "texture": "#vanilla"},
				"west": {"uv": [6, 12.5, 11, 13], "texture": "#vanilla"},
				"up": {"uv": [4.5, 6, 5, 11], "texture": "#vanilla"},
				"down": {"uv": [4.5, 5, 5, 10], "texture": "#vanilla"}
			}
		},
		{
			"name": "Cube18",
			"from": [6.50035, 2.99957, 5.8748],
			"to": [11.50035, 3.49957, 6.3748],
			"faces": {
				"north": {"uv": [5, 12.5, 10, 13], "texture": "#vanilla"},
				"east": {"uv": [4.5, 12.5, 5, 13], "texture": "#vanilla"},
				"south": {"uv": [6, 12.5, 11, 13], "texture": "#vanilla"},
				"west": {"uv": [11, 12.5, 11.5, 13], "texture": "#vanilla"},
				"up": {"uv": [4.5, 6, 5, 11], "rotation": 270, "texture": "#vanilla"},
				"down": {"uv": [4.5, 5, 5, 10], "rotation": 90, "texture": "#vanilla"}
			}
		},
		{
			"name": "Cube18",
			"from": [6.99951, 2.99911, 5.37447],
			"to": [10.99951, 3.49911, 5.87447],
			"faces": {
				"north": {"uv": [5, 12.5, 10, 13], "texture": "#vanilla"},
				"east": {"uv": [4.5, 12.5, 5, 13], "texture": "#vanilla"},
				"south": {"uv": [6, 12.5, 11, 13], "texture": "#vanilla"},
				"west": {"uv": [11, 12.5, 11.5, 13], "texture": "#vanilla"},
				"up": {"uv": [4.5, 6, 5, 11], "rotation": 270, "texture": "#vanilla"},
				"down": {"uv": [4.5, 5, 5, 10], "rotation": 90, "texture": "#vanilla"}
			}
		},
		{
			"name": "Cube18",
			"from": [6.87518, 3.00029, 5.50084],
			"to": [7.37518, 3.50029, 11.50084],
			"faces": {
				"north": {"uv": [11, 12.5, 11.5, 13], "texture": "#vanilla"},
				"east": {"uv": [5, 12.5, 10, 13], "texture": "#vanilla"},
				"south": {"uv": [4.5, 12.5, 5, 13], "texture": "#vanilla"},
				"west": {"uv": [6, 12.5, 11, 13], "texture": "#vanilla"},
				"up": {"uv": [4.5, 6, 5, 11], "texture": "#vanilla"},
				"down": {"uv": [4.5, 5, 5, 10], "texture": "#vanilla"}
			}
		},
		{
			"name": "Cube18",
			"from": [11.62577, 3.00086, 6.49966],
			"to": [12.12577, 3.50086, 10.49966],
			"faces": {
				"north": {"uv": [11, 12.5, 11.5, 13], "texture": "#vanilla"},
				"east": {"uv": [5, 12.5, 10, 13], "texture": "#vanilla"},
				"south": {"uv": [4.5, 12.5, 5, 13], "texture": "#vanilla"},
				"west": {"uv": [6, 12.5, 11, 13], "texture": "#vanilla"},
				"up": {"uv": [4.5, 6, 5, 11], "texture": "#vanilla"},
				"down": {"uv": [4.5, 5, 5, 10], "texture": "#vanilla"}
			}
		},
		{
			"name": "Cube18",
			"from": [10.62417, 3.0002, 5.49929],
			"to": [11.12417, 3.5002, 11.49929],
			"faces": {
				"north": {"uv": [11, 12.5, 11.5, 13], "texture": "#vanilla"},
				"east": {"uv": [5, 12.5, 10, 13], "texture": "#vanilla"},
				"south": {"uv": [4.5, 12.5, 5, 13], "texture": "#vanilla"},
				"west": {"uv": [6, 12.5, 11, 13], "texture": "#vanilla"},
				"up": {"uv": [4.5, 6, 5, 11], "texture": "#vanilla"},
				"down": {"uv": [4.5, 5, 5, 10], "texture": "#vanilla"}
			}
		},
		{
			"name": "Cube18",
			"from": [11.12436, 2.99925, 5.99963],
			"to": [11.62436, 3.49925, 10.99963],
			"faces": {
				"north": {"uv": [11, 12.5, 11.5, 13], "texture": "#vanilla"},
				"east": {"uv": [5, 12.5, 10, 13], "texture": "#vanilla"},
				"south": {"uv": [4.5, 12.5, 5, 13], "texture": "#vanilla"},
				"west": {"uv": [6, 12.5, 11, 13], "texture": "#vanilla"},
				"up": {"uv": [4.5, 6, 5, 11], "texture": "#vanilla"},
				"down": {"uv": [4.5, 5, 5, 10], "texture": "#vanilla"}
			}
		},
		{
			"name": "Cube18",
			"from": [6.50005, 2.99979, 10.62578],
			"to": [11.50005, 3.49979, 11.12578],
			"faces": {
				"north": {"uv": [5, 12.5, 10, 13], "texture": "#vanilla"},
				"east": {"uv": [4.5, 12.5, 5, 13], "texture": "#vanilla"},
				"south": {"uv": [6, 12.5, 11, 13], "texture": "#vanilla"},
				"west": {"uv": [11, 12.5, 11.5, 13], "texture": "#vanilla"},
				"up": {"uv": [4.5, 6, 5, 11], "rotation": 270, "texture": "#vanilla"},
				"down": {"uv": [4.5, 5, 5, 10], "rotation": 90, "texture": "#vanilla"}
			}
		},
		{
			"name": "Cube18",
			"from": [7.00039, 2.99915, 11.12599],
			"to": [11.00039, 3.49915, 11.62599],
			"faces": {
				"north": {"uv": [5, 12.5, 10, 13], "texture": "#vanilla"},
				"east": {"uv": [4.5, 12.5, 5, 13], "texture": "#vanilla"},
				"south": {"uv": [6, 12.5, 11, 13], "texture": "#vanilla"},
				"west": {"uv": [11, 12.5, 11.5, 13], "texture": "#vanilla"},
				"up": {"uv": [4.5, 6, 5, 11], "rotation": 270, "texture": "#vanilla"},
				"down": {"uv": [4.5, 5, 5, 10], "rotation": 90, "texture": "#vanilla"}
			}
		},
		{
			"name": "Cube18",
			"from": [5.99953, 2.99913, 6.37427],
			"to": [11.99953, 3.49913, 6.87427],
			"faces": {
				"north": {"uv": [5, 12.5, 10, 13], "texture": "#vanilla"},
				"east": {"uv": [4.5, 12.5, 5, 13], "texture": "#vanilla"},
				"south": {"uv": [6, 12.5, 11, 13], "texture": "#vanilla"},
				"west": {"uv": [11, 12.5, 11.5, 13], "texture": "#vanilla"},
				"up": {"uv": [4.5, 6, 5, 11], "rotation": 270, "texture": "#vanilla"},
				"down": {"uv": [4.5, 5, 5, 10], "rotation": 90, "texture": "#vanilla"}
			}
		},
		{
			"name": "Cube18",
			"from": [6.00022, 3.00073, 10.12477],
			"to": [12.00022, 3.50073, 10.62477],
			"faces": {
				"north": {"uv": [5, 12.5, 10, 13], "texture": "#vanilla"},
				"east": {"uv": [4.5, 12.5, 5, 13], "texture": "#vanilla"},
				"south": {"uv": [6, 12.5, 11, 13], "texture": "#vanilla"},
				"west": {"uv": [11, 12.5, 11.5, 13], "texture": "#vanilla"},
				"up": {"uv": [4.5, 6, 5, 11], "rotation": 270, "texture": "#vanilla"},
				"down": {"uv": [4.5, 5, 5, 10], "rotation": 90, "texture": "#vanilla"}
			}
		},
		{
			"name": "Cube18",
			"from": [6.75052, 4.75055, 6.24976],
			"to": [11.25052, 5.25055, 10.74976],
			"faces": {
				"north": {"uv": [11, 12.5, 11.5, 13], "texture": "#red_xd"},
				"east": {"uv": [5, 12.5, 10, 13], "texture": "#red_xd"},
				"south": {"uv": [4.5, 12.5, 5, 13], "texture": "#red_xd"},
				"west": {"uv": [6, 12.5, 11, 13], "texture": "#red_xd"},
				"up": {"uv": [4.5, 6, 5, 11], "texture": "#red_xd"},
				"down": {"uv": [4.5, 5, 5, 10], "texture": "#red_xd"}
			}
		},
		{
			"name": "Cube18",
			"from": [5.99922, 1.99926, 10.1252],
			"to": [11.99922, 2.49926, 10.6252],
			"faces": {
				"north": {"uv": [5, 12.5, 10, 13], "texture": "#vanilla"},
				"east": {"uv": [4.5, 12.5, 5, 13], "texture": "#vanilla"},
				"south": {"uv": [6, 12.5, 11, 13], "texture": "#vanilla"},
				"west": {"uv": [11, 12.5, 11.5, 13], "texture": "#vanilla"},
				"up": {"uv": [4.5, 6, 5, 11], "rotation": 270, "texture": "#vanilla"},
				"down": {"uv": [4.5, 5, 5, 10], "rotation": 90, "texture": "#vanilla"}
			}
		},
		{
			"name": "Cube18",
			"from": [6.37508, 1.99936, 6.00008],
			"to": [6.87508, 2.49936, 11.00008],
			"faces": {
				"north": {"uv": [11, 12.5, 11.5, 13], "texture": "#vanilla"},
				"east": {"uv": [5, 12.5, 10, 13], "texture": "#vanilla"},
				"south": {"uv": [4.5, 12.5, 5, 13], "texture": "#vanilla"},
				"west": {"uv": [6, 12.5, 11, 13], "texture": "#vanilla"},
				"up": {"uv": [4.5, 6, 5, 11], "texture": "#vanilla"},
				"down": {"uv": [4.5, 5, 5, 10], "texture": "#vanilla"}
			}
		},
		{
			"name": "Cube18",
			"from": [5.87505, 1.99934, 6.49912],
			"to": [6.37505, 2.49934, 10.49912],
			"faces": {
				"north": {"uv": [11, 12.5, 11.5, 13], "texture": "#vanilla"},
				"east": {"uv": [5, 12.5, 10, 13], "texture": "#vanilla"},
				"south": {"uv": [4.5, 12.5, 5, 13], "texture": "#vanilla"},
				"west": {"uv": [6, 12.5, 11, 13], "texture": "#vanilla"},
				"up": {"uv": [4.5, 6, 5, 11], "texture": "#vanilla"},
				"down": {"uv": [4.5, 5, 5, 10], "texture": "#vanilla"}
			}
		},
		{
			"name": "Cube18",
			"from": [6.50045, 2.00017, 5.87502],
			"to": [11.50045, 2.50017, 6.37502],
			"faces": {
				"north": {"uv": [5, 12.5, 10, 13], "texture": "#vanilla"},
				"east": {"uv": [4.5, 12.5, 5, 13], "texture": "#vanilla"},
				"south": {"uv": [6, 12.5, 11, 13], "texture": "#vanilla"},
				"west": {"uv": [11, 12.5, 11.5, 13], "texture": "#vanilla"},
				"up": {"uv": [4.5, 6, 5, 11], "rotation": 270, "texture": "#vanilla"},
				"down": {"uv": [4.5, 5, 5, 10], "rotation": 90, "texture": "#vanilla"}
			}
		},
		{
			"name": "Cube18",
			"from": [7.00054, 1.99938, 5.37408],
			"to": [11.00054, 2.49938, 5.87408],
			"faces": {
				"north": {"uv": [5, 12.5, 10, 13], "texture": "#vanilla"},
				"east": {"uv": [4.5, 12.5, 5, 13], "texture": "#vanilla"},
				"south": {"uv": [6, 12.5, 11, 13], "texture": "#vanilla"},
				"west": {"uv": [11, 12.5, 11.5, 13], "texture": "#vanilla"},
				"up": {"uv": [4.5, 6, 5, 11], "rotation": 270, "texture": "#vanilla"},
				"down": {"uv": [4.5, 5, 5, 10], "rotation": 90, "texture": "#vanilla"}
			}
		},
		{
			"name": "Cube18",
			"from": [6.87505, 1.99967, 5.4998],
			"to": [7.37505, 2.49967, 11.4998],
			"faces": {
				"north": {"uv": [11, 12.5, 11.5, 13], "texture": "#vanilla"},
				"east": {"uv": [5, 12.5, 10, 13], "texture": "#vanilla"},
				"south": {"uv": [4.5, 12.5, 5, 13], "texture": "#vanilla"},
				"west": {"uv": [6, 12.5, 11, 13], "texture": "#vanilla"},
				"up": {"uv": [4.5, 6, 5, 11], "texture": "#vanilla"},
				"down": {"uv": [4.5, 5, 5, 10], "texture": "#vanilla"}
			}
		},
		{
			"name": "Cube18",
			"from": [11.62438, 1.99996, 6.50082],
			"to": [12.12438, 2.49996, 10.50082],
			"faces": {
				"north": {"uv": [11, 12.5, 11.5, 13], "texture": "#vanilla"},
				"east": {"uv": [5, 12.5, 10, 13], "texture": "#vanilla"},
				"south": {"uv": [4.5, 12.5, 5, 13], "texture": "#vanilla"},
				"west": {"uv": [6, 12.5, 11, 13], "texture": "#vanilla"},
				"up": {"uv": [4.5, 6, 5, 11], "texture": "#vanilla"},
				"down": {"uv": [4.5, 5, 5, 10], "texture": "#vanilla"}
			}
		},
		{
			"name": "Cube18",
			"from": [10.62552, 2.00057, 5.49984],
			"to": [11.12552, 2.50057, 11.49984],
			"faces": {
				"north": {"uv": [11, 12.5, 11.5, 13], "texture": "#vanilla"},
				"east": {"uv": [5, 12.5, 10, 13], "texture": "#vanilla"},
				"south": {"uv": [4.5, 12.5, 5, 13], "texture": "#vanilla"},
				"west": {"uv": [6, 12.5, 11, 13], "texture": "#vanilla"},
				"up": {"uv": [4.5, 6, 5, 11], "texture": "#vanilla"},
				"down": {"uv": [4.5, 5, 5, 10], "texture": "#vanilla"}
			}
		},
		{
			"name": "Cube18",
			"from": [11.12456, 2.00007, 6.00029],
			"to": [11.62456, 2.50007, 11.00029],
			"faces": {
				"north": {"uv": [11, 12.5, 11.5, 13], "texture": "#vanilla"},
				"east": {"uv": [5, 12.5, 10, 13], "texture": "#vanilla"},
				"south": {"uv": [4.5, 12.5, 5, 13], "texture": "#vanilla"},
				"west": {"uv": [6, 12.5, 11, 13], "texture": "#vanilla"},
				"up": {"uv": [4.5, 6, 5, 11], "texture": "#vanilla"},
				"down": {"uv": [4.5, 5, 5, 10], "texture": "#vanilla"}
			}
		},
		{
			"name": "Cube18",
			"from": [6.49971, 1.99976, 10.62599],
			"to": [11.49971, 2.49976, 11.12599],
			"faces": {
				"north": {"uv": [5, 12.5, 10, 13], "texture": "#vanilla"},
				"east": {"uv": [4.5, 12.5, 5, 13], "texture": "#vanilla"},
				"south": {"uv": [6, 12.5, 11, 13], "texture": "#vanilla"},
				"west": {"uv": [11, 12.5, 11.5, 13], "texture": "#vanilla"},
				"up": {"uv": [4.5, 6, 5, 11], "rotation": 270, "texture": "#vanilla"},
				"down": {"uv": [4.5, 5, 5, 10], "rotation": 90, "texture": "#vanilla"}
			}
		},
		{
			"name": "Cube18",
			"from": [7.00045, 2.0002, 11.12439],
			"to": [11.00045, 2.5002, 11.62439],
			"faces": {
				"north": {"uv": [5, 12.5, 10, 13], "texture": "#vanilla"},
				"east": {"uv": [4.5, 12.5, 5, 13], "texture": "#vanilla"},
				"south": {"uv": [6, 12.5, 11, 13], "texture": "#vanilla"},
				"west": {"uv": [11, 12.5, 11.5, 13], "texture": "#vanilla"},
				"up": {"uv": [4.5, 6, 5, 11], "rotation": 270, "texture": "#vanilla"},
				"down": {"uv": [4.5, 5, 5, 10], "rotation": 90, "texture": "#vanilla"}
			}
		},
		{
			"name": "Cube18",
			"from": [5.99961, 2.00095, 6.37469],
			"to": [11.99961, 2.50095, 6.87469],
			"faces": {
				"north": {"uv": [5, 12.5, 10, 13], "texture": "#vanilla"},
				"east": {"uv": [4.5, 12.5, 5, 13], "texture": "#vanilla"},
				"south": {"uv": [6, 12.5, 11, 13], "texture": "#vanilla"},
				"west": {"uv": [11, 12.5, 11.5, 13], "texture": "#vanilla"},
				"up": {"uv": [4.5, 6, 5, 11], "rotation": 270, "texture": "#vanilla"},
				"down": {"uv": [4.5, 5, 5, 10], "rotation": 90, "texture": "#vanilla"}
			}
		},
		{
			"name": "Cube18",
			"from": [7.75067, 3.50049, 5.37445],
			"to": [10.25067, 4.00049, 5.87445],
			"faces": {
				"north": {"uv": [5, 12.5, 10, 13], "texture": "#vanilla"},
				"east": {"uv": [4.5, 12.5, 5, 13], "texture": "#vanilla"},
				"south": {"uv": [6, 12.5, 11, 13], "texture": "#vanilla"},
				"west": {"uv": [11, 12.5, 11.5, 13], "texture": "#vanilla"},
				"up": {"uv": [4.5, 6, 5, 11], "rotation": 270, "texture": "#vanilla"},
				"down": {"uv": [4.5, 5, 5, 10], "rotation": 90, "texture": "#vanilla"}
			}
		},
		{
			"name": "Cube18",
			"from": [7.75026, 1.50086, 5.37569],
			"to": [10.25026, 2.00086, 5.87569],
			"faces": {
				"north": {"uv": [5, 12.5, 10, 13], "texture": "#vanilla"},
				"east": {"uv": [4.5, 12.5, 5, 13], "texture": "#vanilla"},
				"south": {"uv": [6, 12.5, 11, 13], "texture": "#vanilla"},
				"west": {"uv": [11, 12.5, 11.5, 13], "texture": "#vanilla"},
				"up": {"uv": [4.5, 6, 5, 11], "rotation": 270, "texture": "#vanilla"},
				"down": {"uv": [4.5, 5, 5, 10], "rotation": 90, "texture": "#vanilla"}
			}
		},
		{
			"name": "Cube18",
			"from": [6.87434, 5.24954, 6.37577],
			"to": [11.12434, 5.37454, 10.62577],
			"faces": {
				"north": {"uv": [11, 12.5, 11.5, 13], "texture": "#vanilla"},
				"east": {"uv": [5, 12.5, 10, 13], "texture": "#vanilla"},
				"south": {"uv": [4.5, 12.5, 5, 13], "texture": "#vanilla"},
				"west": {"uv": [6, 12.5, 11, 13], "texture": "#vanilla"},
				"up": {"uv": [4.5, 6, 5, 11], "texture": "#vanilla"},
				"down": {"uv": [4.5, 5, 5, 10], "texture": "#vanilla"}
			}
		},
		{
			"name": "Cube18",
			"from": [6.62519, 4.99928, 6.12484],
			"to": [11.37519, 5.12428, 10.87484],
			"faces": {
				"north": {"uv": [11, 12.5, 11.5, 13], "texture": "#vanilla"},
				"east": {"uv": [5, 12.5, 10, 13], "texture": "#vanilla"},
				"south": {"uv": [4.5, 12.5, 5, 13], "texture": "#vanilla"},
				"west": {"uv": [6, 12.5, 11, 13], "texture": "#vanilla"},
				"up": {"uv": [4.5, 6, 5, 11], "texture": "#vanilla"},
				"down": {"uv": [4.5, 5, 5, 10], "texture": "#vanilla"}
			}
		}
	],
	"gui_light": "front",
	"display": {
		"thirdperson_righthand": {
			"translation": [-1, 4.8695, 0]
		},
		"thirdperson_lefthand": {
			"translation": [1, 4.8695, 0]
		},
		"firstperson_righthand": {
			"rotation": [0, -90, 25],
			"translation": [0.4343, 7.05, -0.261],
			"scale": [0.68, 0.68, 0.68]
		},
		"firstperson_lefthand": {
			"rotation": [0, -90, 25],
			"translation": [1.13, 7.3739, 1.13],
			"scale": [0.68, 0.68, 0.68]
		},
		"ground": {
			"translation": [0, 3.4, 0]
		},
		"gui": {
			"rotation": [19.5, -155.5, 0],
			"translation": [2.25, 9.55, 15],
			"scale": [1.99141, 1.99141, 1.99141]
		},
		"fixed": {
			"translation": [-2.369, 12.3, 0],
			"scale": [2.3, 2.3, 2.3]
		}
	}
}