{"textures":{"0":"modelengine:entity/nocsy_drakonin_baby2"},"elements":[{"from":[7.0556846,7.5342283,6.4201617],"to":[10.827113,8.448514,7.3344474],"rotation":{"angle":-22.5,"axis":"y","origin":[8.655684,7.9913716,8.020162]},"faces":{"east":{"uv":[6.625,10.0,6.875,10.25],"rotation":0,"texture":"#0","tintindex":0},"south":{"uv":[7.0,2.0,7.875,2.25],"rotation":0,"texture":"#0","tintindex":0},"north":{"uv":[6.875,6.125,7.75,6.375],"rotation":0,"texture":"#0","tintindex":0},"west":{"uv":[7.0,10.0,7.25,10.25],"rotation":0,"texture":"#0","tintindex":0},"up":{"uv":[3.25,7.25,2.375,7.0],"rotation":0,"texture":"#0","tintindex":0},"down":{"uv":[7.875,2.375,7.0,2.625],"rotation":0,"texture":"#0","tintindex":0}}},{"from":[6.6556845,7.1342287,6.077305],"to":[8.141398,8.619943,7.563019],"rotation":{"angle":-22.5,"axis":"y","origin":[8.655684,7.9913716,8.020162]},"faces":{"east":{"uv":[8.375,6.75,8.75,7.125],"rotation":0,"texture":"#0","tintindex":0},"south":{"uv":[6.875,8.375,7.25,8.75],"rotation":0,"texture":"#0","tintindex":0},"north":{"uv":[6.375,8.375,6.75,8.75],"rotation":0,"texture":"#0","tintindex":0},"west":{"uv":[8.375,7.25,8.75,7.625],"rotation":0,"texture":"#0","tintindex":0},"up":{"uv":[7.75,8.75,7.375,8.375],"rotation":0,"texture":"#0","tintindex":0},"down":{"uv":[8.75,7.75,8.375,8.125],"rotation":0,"texture":"#0","tintindex":0}}},{"from":[6.427113,7.705657,3.1058755],"to":[9.284256,7.705657,6.5344477],"rotation":{"angle":0.0,"axis":"y","origin":[8.655684,7.9913716,8.020162]},"faces":{"east":{"uv":[1.375,6.375,2.125,6.375],"rotation":0,"texture":"#0","tintindex":0},"south":{"uv":[7.0,4.375,7.625,4.375],"rotation":0,"texture":"#0","tintindex":0},"north":{"uv":[0.625,6.375,1.25,6.375],"rotation":0,"texture":"#0","tintindex":0},"west":{"uv":[7.875,6.375,8.625,6.375],"rotation":0,"texture":"#0","tintindex":0},"up":{"uv":[6.125,0.75,5.5,0.0],"rotation":0,"texture":"#0","tintindex":0},"down":{"uv":[6.125,0.875,5.5,1.625],"rotation":0,"texture":"#0","tintindex":0}}},{"from":[7.998542,7.9342284,6.8773046],"to":[15.998542,7.9913716,17.734447],"rotation":{"angle":0.0,"axis":"y","origin":[8.655684,7.9913716,8.020162]},"faces":{"east":{"uv":[0.625,6.5,3.0,6.625],"rotation":0,"texture":"#0","tintindex":0},"south":{"uv":[7.0,3.0,8.75,3.125],"rotation":0,"texture":"#0","tintindex":0},"north":{"uv":[7.0,2.75,8.75,2.875],"rotation":0,"texture":"#0","tintindex":0},"west":{"uv":[6.25,6.5,8.625,6.625],"rotation":0,"texture":"#0","tintindex":0},"up":{"uv":[1.75,2.375,0.0,0.0],"rotation":0,"texture":"#0","tintindex":0},"down":{"uv":[3.625,0.0,1.875,2.375],"rotation":0,"texture":"#0","tintindex":0}}},{"from":[10.304848,7.5913715,8.740897],"to":[13.390562,8.391372,9.540897],"rotation":{"angle":-45.0,"axis":"y","origin":[12.419133,7.9913716,9.140898]},"faces":{"east":{"uv":[7.375,10.0,7.625,10.25],"rotation":0,"texture":"#0","tintindex":0},"south":{"uv":[6.125,7.375,6.875,7.625],"rotation":0,"texture":"#0","tintindex":0},"north":{"uv":[4.375,7.0,5.125,7.25],"rotation":0,"texture":"#0","tintindex":0},"west":{"uv":[7.75,10.0,8.0,10.25],"rotation":0,"texture":"#0","tintindex":0},"up":{"uv":[7.75,7.625,7.0,7.375],"rotation":0,"texture":"#0","tintindex":0},"down":{"uv":[8.25,1.25,7.5,1.5],"rotation":0,"texture":"#0","tintindex":0}}},{"from":[12.36199,7.6485143,9.712326],"to":[13.047705,8.3342285,12.112327],"rotation":{"angle":22.5,"axis":"y","origin":[12.419133,7.9913716,9.140898]},"faces":{"east":{"uv":[8.0,2.5,8.5,2.625],"rotation":0,"texture":"#0","tintindex":0},"south":{"uv":[7.5,5.875,7.625,6.0],"rotation":0,"texture":"#0","tintindex":0},"north":{"uv":[6.0,5.75,6.125,5.875],"rotation":0,"texture":"#0","tintindex":0},"west":{"uv":[10.0,5.0,10.5,5.125],"rotation":0,"texture":"#0","tintindex":0},"up":{"uv":[3.0,10.25,2.875,9.75],"rotation":0,"texture":"#0","tintindex":0},"down":{"uv":[1.375,10.0,1.25,10.5],"rotation":0,"texture":"#0","tintindex":0}}}],"display":{"head":{"translation":[0.0,-6.4,0.0],"scale":[4.0,4.0,4.0]}}}