{"textures":{"0":"modelengine:entity/forest_element_pet"},"elements":[{"from":[8.095048,-10.530203,5.9171624],"to":[8.095048,2.6126552,12.202877],"rotation":{"angle":0.0,"axis":"y","origin":[4.809333,3.4697986,7.6314483]},"faces":{"east":{"uv":[7.8,0.0,10.0,4.6],"rotation":0,"texture":"#0","tintindex":0},"south":{"uv":[0.0,0.0,0.0,4.6],"rotation":0,"texture":"#0","tintindex":0},"north":{"uv":[0.0,0.0,0.0,4.6],"rotation":0,"texture":"#0","tintindex":0},"west":{"uv":[7.8,4.6,10.0,9.2],"rotation":0,"texture":"#0","tintindex":0},"up":{"uv":[0.0,2.2,0.0,0.0],"rotation":0,"texture":"#0","tintindex":0},"down":{"uv":[0.0,0.0,0.0,2.2],"rotation":0,"texture":"#0","tintindex":0}}},{"from":[7.5241904,2.6126552,5.9171624],"to":[8.095619,8.3269415,10.488591],"rotation":{"angle":0.0,"axis":"y","origin":[4.8099046,3.4697986,5.9171624]},"faces":{"east":{"uv":[10.0,4.0,11.6,6.0],"rotation":0,"texture":"#0","tintindex":0},"south":{"uv":[0.6,13.8,0.8,15.8],"rotation":0,"texture":"#0","tintindex":0},"north":{"uv":[0.4,13.8,0.6,15.8],"rotation":0,"texture":"#0","tintindex":0},"west":{"uv":[10.0,6.0,11.6,8.0],"rotation":0,"texture":"#0","tintindex":0},"up":{"uv":[2.0,15.4,1.8,13.8],"rotation":0,"texture":"#0","tintindex":0},"down":{"uv":[2.2,13.8,2.0,15.4],"rotation":0,"texture":"#0","tintindex":0}}},{"from":[8.095048,2.6126552,10.488591],"to":[8.095048,8.3269415,12.202877],"rotation":{"angle":0.0,"axis":"y","origin":[4.809333,3.4697986,12.202877]},"faces":{"east":{"uv":[2.8,13.2,3.4,15.2],"rotation":0,"texture":"#0","tintindex":0},"south":{"uv":[0.0,0.0,0.0,2.0],"rotation":0,"texture":"#0","tintindex":0},"north":{"uv":[0.0,0.0,0.0,2.0],"rotation":0,"texture":"#0","tintindex":0},"west":{"uv":[3.4,13.2,4.0,15.2],"rotation":0,"texture":"#0","tintindex":0},"up":{"uv":[0.0,0.6,0.0,0.0],"rotation":0,"texture":"#0","tintindex":0},"down":{"uv":[0.0,0.0,0.0,0.6],"rotation":0,"texture":"#0","tintindex":0}}}],"display":{"head":{"translation":[0.0,-6.4,0.0],"scale":[4.0,4.0,4.0]}}}