{"textures":{"0":"bil:item/filament/model/umbreon_backpack.ajmodel/umbreon_backpack","particle":"bil:item/filament/model/umbreon_backpack.ajmodel/umbreon_backpack"},"elements":[{"from":[9.6,8.0,12.0],"to":[19.2,18.4,18.4],"faces":{"up":{"texture":"#0","tintindex":0,"uv":[11.0,10.75,8.5,8.75]},"west":{"texture":"#0","tintindex":0,"uv":[8.5,8.75,10.75,10.75]},"east":{"texture":"#0","tintindex":0,"uv":[8.5,8.75,10.75,10.75]},"south":{"texture":"#0","tintindex":0,"uv":[8.5,8.75,11.0,10.75]},"down":{"texture":"#0","tintindex":0,"uv":[13.5,8.75,11.0,10.75]},"north":{"texture":"#0","tintindex":0,"uv":[8.5,8.75,11.0,10.75]}},"rotation":{"axis":"y","angle":0.0,"origin":[8.0,-4.799999,8.0]}},{"from":[19.2,8.0,12.799999],"to":[20.0,11.2,17.6],"faces":{"up":{"texture":"#0","tintindex":0,"uv":[14.5,15.0,15.25,13.75]},"west":{"texture":"#0","tintindex":0,"uv":[0.0,0.0,0.0,0.0]},"east":{"texture":"#0","tintindex":0,"uv":[16.0,12.75,14.5,13.75]},"south":{"texture":"#0","tintindex":0,"uv":[14.5,13.75,13.75,14.75]},"down":{"texture":"#0","tintindex":0,"uv":[11.25,9.75,11.5,11.25]},"north":{"texture":"#0","tintindex":0,"uv":[14.5,12.75,13.75,13.75]}},"rotation":{"axis":"y","angle":0.0,"origin":[20.8,-4.799999,8.0]}},{"from":[8.8,8.0,12.799999],"to":[9.6,11.2,17.6],"faces":{"up":{"texture":"#0","tintindex":0,"uv":[15.25,15.0,14.5,13.75]},"west":{"texture":"#0","tintindex":0,"uv":[14.5,12.75,16.0,13.75]},"east":{"texture":"#0","tintindex":0,"uv":[0.0,0.0,0.0,0.0]},"south":{"texture":"#0","tintindex":0,"uv":[13.75,13.75,14.5,14.75]},"down":{"texture":"#0","tintindex":0,"uv":[11.5,9.75,11.25,11.25]},"north":{"texture":"#0","tintindex":0,"uv":[13.75,12.75,14.5,13.75]}},"rotation":{"axis":"y","angle":0.0,"origin":[8.0,-4.799999,8.0]}},{"from":[16.4,10.4,22.0],"to":[18.8,18.4,22.8],"faces":{"up":{"texture":"#0","tintindex":0,"uv":[0.0,0.0,0.0,0.0]},"west":{"texture":"#0","tintindex":0,"uv":[11.75,8.75,11.5,11.25]},"east":{"texture":"#0","tintindex":0,"uv":[12.75,8.75,12.5,11.25]},"south":{"texture":"#0","tintindex":0,"uv":[13.5,8.75,12.75,11.25]},"down":{"texture":"#0","tintindex":0,"uv":[0.0,0.0,0.0,0.0]},"north":{"texture":"#0","tintindex":0,"uv":[12.5,8.75,11.75,11.25]}},"rotation":{"axis":"y","angle":0.0,"origin":[18.4,17.6,14.4]}},{"from":[10.0,18.4,18.0],"to":[12.4,19.2,22.8],"faces":{"up":{"texture":"#0","tintindex":0,"uv":[12.75,10.25,12.0,8.75]},"west":{"texture":"#0","tintindex":0,"uv":[11.5,10.75,13.0,11.0]},"east":{"texture":"#0","tintindex":0,"uv":[11.5,10.25,13.0,10.5]},"south":{"texture":"#0","tintindex":0,"uv":[11.0,8.75,11.75,9.0]},"down":{"texture":"#0","tintindex":0,"uv":[13.5,8.75,12.75,10.25]},"north":{"texture":"#0","tintindex":0,"uv":[0.0,0.0,0.0,0.0]}},"rotation":{"axis":"y","angle":0.0,"origin":[10.4,17.6,14.4]}},{"from":[10.0,9.6,18.0],"to":[12.4,10.4,22.8],"faces":{"up":{"texture":"#0","tintindex":0,"uv":[12.75,10.25,12.0,8.75]},"west":{"texture":"#0","tintindex":0,"uv":[11.75,10.25,13.25,10.5]},"east":{"texture":"#0","tintindex":0,"uv":[11.0,9.25,12.5,9.5]},"south":{"texture":"#0","tintindex":0,"uv":[11.75,10.75,12.5,11.0]},"down":{"texture":"#0","tintindex":0,"uv":[13.5,8.75,12.75,10.25]},"north":{"texture":"#0","tintindex":0,"uv":[0.0,0.0,0.0,0.0]}},"rotation":{"axis":"y","angle":0.0,"origin":[8.0,-4.799999,8.0]}},{"from":[10.0,10.4,22.0],"to":[12.4,18.4,22.8],"faces":{"up":{"texture":"#0","tintindex":0,"uv":[0.0,0.0,0.0,0.0]},"west":{"texture":"#0","tintindex":0,"uv":[12.5,8.75,12.75,11.25]},"east":{"texture":"#0","tintindex":0,"uv":[11.5,8.75,11.75,11.25]},"south":{"texture":"#0","tintindex":0,"uv":[12.75,8.75,13.5,11.25]},"down":{"texture":"#0","tintindex":0,"uv":[0.0,0.0,0.0,0.0]},"north":{"texture":"#0","tintindex":0,"uv":[11.75,8.75,12.5,11.25]}},"rotation":{"axis":"y","angle":0.0,"origin":[10.4,17.6,14.4]}},{"from":[16.4,9.6,18.0],"to":[18.8,10.4,22.8],"faces":{"up":{"texture":"#0","tintindex":0,"uv":[12.0,10.25,12.75,8.75]},"west":{"texture":"#0","tintindex":0,"uv":[12.5,9.25,11.0,9.5]},"east":{"texture":"#0","tintindex":0,"uv":[13.25,10.25,11.75,10.5]},"south":{"texture":"#0","tintindex":0,"uv":[12.5,10.75,11.75,11.0]},"down":{"texture":"#0","tintindex":0,"uv":[12.75,8.75,13.5,10.25]},"north":{"texture":"#0","tintindex":0,"uv":[0.0,0.0,0.0,0.0]}},"rotation":{"axis":"y","angle":0.0,"origin":[20.8,-4.799999,8.0]}},{"from":[16.4,18.4,18.0],"to":[18.8,19.2,22.8],"faces":{"up":{"texture":"#0","tintindex":0,"uv":[12.0,10.25,12.75,8.75]},"west":{"texture":"#0","tintindex":0,"uv":[13.0,10.25,11.5,10.5]},"east":{"texture":"#0","tintindex":0,"uv":[13.0,10.75,11.5,11.0]},"south":{"texture":"#0","tintindex":0,"uv":[11.75,8.75,11.0,9.0]},"down":{"texture":"#0","tintindex":0,"uv":[12.75,8.75,13.5,10.25]},"north":{"texture":"#0","tintindex":0,"uv":[0.0,0.0,0.0,0.0]}},"rotation":{"axis":"y","angle":0.0,"origin":[18.4,17.6,14.4]}},{"from":[10.4,18.4,12.0],"to":[18.4,19.2,18.4],"faces":{"up":{"texture":"#0","tintindex":0,"uv":[8.5,11.25,11.0,9.25]},"west":{"texture":"#0","tintindex":0,"uv":[15.5,12.0,13.5,12.25]},"east":{"texture":"#0","tintindex":0,"uv":[10.75,9.0,8.75,9.25]},"south":{"texture":"#0","tintindex":0,"uv":[15.75,11.5,13.25,11.75]},"down":{"texture":"#0","tintindex":0,"uv":[0.0,0.0,0.0,0.0]},"north":{"texture":"#0","tintindex":0,"uv":[0.0,0.0,0.0,0.0]}},"rotation":{"axis":"y","angle":0.0,"origin":[8.0,-4.799999,8.0]}},{"from":[10.4,14.4,11.2],"to":[18.4,19.2,12.0],"faces":{"up":{"texture":"#0","tintindex":0,"uv":[8.5,11.25,11.0,11.0]},"west":{"texture":"#0","tintindex":0,"uv":[8.5,11.25,8.25,12.75]},"east":{"texture":"#0","tintindex":0,"uv":[11.25,11.25,11.0,12.75]},"south":{"texture":"#0","tintindex":0,"uv":[0.0,0.0,0.0,0.0]},"down":{"texture":"#0","tintindex":0,"uv":[8.5,9.25,11.0,9.5]},"north":{"texture":"#0","tintindex":0,"uv":[11.0,11.25,8.5,12.75]}},"rotation":{"axis":"y","angle":0.0,"origin":[8.0,-4.799999,8.0]}},{"from":[10.4,8.0,10.4],"to":[18.4,12.8,12.0],"faces":{"up":{"texture":"#0","tintindex":0,"uv":[13.5,11.25,16.0,10.5]},"west":{"texture":"#0","tintindex":0,"uv":[14.75,8.75,14.0,10.25]},"east":{"texture":"#0","tintindex":0,"uv":[15.5,8.75,14.75,10.25]},"south":{"texture":"#0","tintindex":0,"uv":[0.0,0.0,0.0,0.0]},"down":{"texture":"#0","tintindex":0,"uv":[11.0,14.5,13.5,15.0]},"north":{"texture":"#0","tintindex":0,"uv":[13.5,13.0,11.0,14.5]}},"rotation":{"axis":"y","angle":0.0,"origin":[8.0,-4.799999,8.0]}},{"from":[12.0,14.8,10.4],"to":[16.8,16.4,11.2],"faces":{"up":{"texture":"#0","tintindex":0,"uv":[14.25,6.25,12.75,6.0]},"west":{"texture":"#0","tintindex":0,"uv":[14.0,6.75,14.25,7.25]},"east":{"texture":"#0","tintindex":0,"uv":[12.25,6.75,12.5,7.25]},"south":{"texture":"#0","tintindex":0,"uv":[14.25,6.75,15.75,7.25]},"down":{"texture":"#0","tintindex":0,"uv":[15.5,6.5,14.0,6.75]},"north":{"texture":"#0","tintindex":0,"uv":[12.5,6.75,14.0,7.25]}},"rotation":{"axis":"y","angle":0.0,"origin":[14.4,-2.3999996,18.4]}},{"from":[14.0,15.608,10.392],"to":[14.8,16.408,10.392],"faces":{"up":{"texture":"#0","tintindex":0,"uv":[13.25,6.5,13.5,6.5]},"west":{"texture":"#0","tintindex":0,"uv":[13.25,6.5,13.25,6.75]},"east":{"texture":"#0","tintindex":0,"uv":[13.5,6.5,13.5,6.75]},"south":{"texture":"#0","tintindex":0,"uv":[13.75,6.5,13.5,6.75]},"down":{"texture":"#0","tintindex":0,"uv":[13.5,6.5,13.75,6.5]},"north":{"texture":"#0","tintindex":0,"uv":[13.5,6.5,13.25,6.75]}},"rotation":{"axis":"y","angle":0.0,"origin":[14.4,-2.3999996,18.4]}},{"from":[16.257309,15.64971,13.168171],"to":[20.25731,26.04971,13.168171],"faces":{"up":{"texture":"#0","tintindex":0,"uv":[8.5,5.0,9.75,5.0]},"west":{"texture":"#0","tintindex":0,"uv":[8.5,5.0,8.5,8.25]},"east":{"texture":"#0","tintindex":0,"uv":[9.75,5.0,9.75,8.25]},"south":{"texture":"#0","tintindex":0,"uv":[11.0,5.0,9.75,8.25]},"down":{"texture":"#0","tintindex":0,"uv":[9.75,5.0,11.0,5.0]},"north":{"texture":"#0","tintindex":0,"uv":[9.75,5.0,8.5,8.25]}},"rotation":{"axis":"y","angle":0.0,"origin":[18.4,17.6,14.4]}},{"from":[17.04,16.40218,13.206961],"to":[20.24,18.00218,14.806959],"faces":{"up":{"texture":"#0","tintindex":0,"uv":[10.5,7.0,9.25,7.5]},"west":{"texture":"#0","tintindex":0,"uv":[10.75,6.75,10.0,7.75]},"east":{"texture":"#0","tintindex":0,"uv":[9.25,6.75,8.75,7.5]},"south":{"texture":"#0","tintindex":0,"uv":[10.75,5.5,9.75,6.25]},"down":{"texture":"#0","tintindex":0,"uv":[10.25,7.0,9.0,7.5]},"north":{"texture":"#0","tintindex":0,"uv":[9.75,6.75,8.5,7.5]}},"rotation":{"axis":"y","angle":0.0,"origin":[18.4,17.6,14.4]}},{"from":[16.24,18.00218,13.206961],"to":[20.24,23.60218,14.806959],"faces":{"up":{"texture":"#0","tintindex":0,"uv":[10.5,7.0,9.25,7.5]},"west":{"texture":"#0","tintindex":0,"uv":[9.75,5.75,9.25,7.5]},"east":{"texture":"#0","tintindex":0,"uv":[9.25,5.75,8.75,7.5]},"south":{"texture":"#0","tintindex":0,"uv":[9.75,5.75,8.5,7.5]},"down":{"texture":"#0","tintindex":0,"uv":[10.25,7.0,9.0,7.5]},"north":{"texture":"#0","tintindex":0,"uv":[9.75,5.75,8.5,7.5]}},"rotation":{"axis":"y","angle":0.0,"origin":[18.4,17.6,14.4]}},{"from":[17.04,23.60218,13.206961],"to":[20.24,24.40218,14.806959],"faces":{"up":{"texture":"#0","tintindex":0,"uv":[11.0,6.75,10.0,7.25]},"west":{"texture":"#0","tintindex":0,"uv":[10.75,7.0,10.25,7.25]},"east":{"texture":"#0","tintindex":0,"uv":[10.75,7.0,10.25,7.25]},"south":{"texture":"#0","tintindex":0,"uv":[9.5,6.75,8.5,7.0]},"down":{"texture":"#0","tintindex":0,"uv":[11.0,7.25,10.0,7.75]},"north":{"texture":"#0","tintindex":0,"uv":[9.5,7.0,8.5,7.25]}},"rotation":{"axis":"y","angle":0.0,"origin":[18.4,17.6,14.4]}},{"from":[15.84,20.40218,12.806959],"to":[20.64,22.00218,15.206961],"faces":{"up":{"texture":"#0","tintindex":0,"uv":[11.0,6.25,8.5,6.75]},"west":{"texture":"#0","tintindex":0,"uv":[11.0,6.25,10.25,6.75]},"east":{"texture":"#0","tintindex":0,"uv":[11.0,6.25,10.25,6.75]},"south":{"texture":"#0","tintindex":0,"uv":[10.0,6.25,8.5,6.75]},"down":{"texture":"#0","tintindex":0,"uv":[11.0,6.25,8.5,6.75]},"north":{"texture":"#0","tintindex":0,"uv":[10.0,6.25,8.5,6.75]}},"rotation":{"axis":"y","angle":0.0,"origin":[18.4,17.6,14.4]}},{"from":[10.16,24.40218,13.206961],"to":[11.76,25.20218,14.806959],"faces":{"up":{"texture":"#0","tintindex":0,"uv":[10.25,7.0,10.75,7.5]},"west":{"texture":"#0","tintindex":0,"uv":[10.25,7.0,10.75,7.25]},"east":{"texture":"#0","tintindex":0,"uv":[10.25,7.0,10.75,7.25]},"south":{"texture":"#0","tintindex":0,"uv":[8.5,6.75,9.0,7.0]},"down":{"texture":"#0","tintindex":0,"uv":[10.25,7.0,10.75,7.5]},"north":{"texture":"#0","tintindex":0,"uv":[8.5,7.0,9.0,7.25]}},"rotation":{"axis":"y","angle":0.0,"origin":[10.4,17.6,14.4]}},{"from":[10.16,25.20218,13.206961],"to":[10.96,26.00218,14.806959],"faces":{"up":{"texture":"#0","tintindex":0,"uv":[9.0,5.5,9.25,6.0]},"west":{"texture":"#0","tintindex":0,"uv":[10.25,5.75,10.75,6.0]},"east":{"texture":"#0","tintindex":0,"uv":[10.25,5.75,10.75,6.0]},"south":{"texture":"#0","tintindex":0,"uv":[8.5,6.75,8.75,7.0]},"down":{"texture":"#0","tintindex":0,"uv":[8.75,5.5,9.0,6.0]},"north":{"texture":"#0","tintindex":0,"uv":[8.5,7.0,8.75,7.25]}},"rotation":{"axis":"y","angle":0.0,"origin":[10.4,17.6,14.4]}},{"from":[8.559999,23.60218,13.206961],"to":[11.76,24.40218,14.806959],"faces":{"up":{"texture":"#0","tintindex":0,"uv":[10.0,6.75,11.0,7.25]},"west":{"texture":"#0","tintindex":0,"uv":[10.25,7.0,10.75,7.25]},"east":{"texture":"#0","tintindex":0,"uv":[10.25,7.0,10.75,7.25]},"south":{"texture":"#0","tintindex":0,"uv":[8.5,6.75,9.5,7.0]},"down":{"texture":"#0","tintindex":0,"uv":[10.0,7.25,11.0,7.75]},"north":{"texture":"#0","tintindex":0,"uv":[8.5,7.0,9.5,7.25]}},"rotation":{"axis":"y","angle":0.0,"origin":[10.4,17.6,14.4]}},{"from":[8.559999,18.00218,13.206961],"to":[12.56,23.60218,14.806959],"faces":{"up":{"texture":"#0","tintindex":0,"uv":[9.25,7.0,10.5,7.5]},"west":{"texture":"#0","tintindex":0,"uv":[8.75,5.75,9.25,7.5]},"east":{"texture":"#0","tintindex":0,"uv":[9.25,5.75,9.75,7.5]},"south":{"texture":"#0","tintindex":0,"uv":[8.5,5.75,9.75,7.5]},"down":{"texture":"#0","tintindex":0,"uv":[9.0,7.0,10.25,7.5]},"north":{"texture":"#0","tintindex":0,"uv":[8.5,5.75,9.75,7.5]}},"rotation":{"axis":"y","angle":0.0,"origin":[10.4,17.6,14.4]}},{"from":[8.559999,16.40218,13.206961],"to":[11.76,18.00218,14.806959],"faces":{"up":{"texture":"#0","tintindex":0,"uv":[9.25,7.0,10.5,7.5]},"west":{"texture":"#0","tintindex":0,"uv":[8.75,6.75,9.25,7.5]},"east":{"texture":"#0","tintindex":0,"uv":[10.0,6.75,10.75,7.75]},"south":{"texture":"#0","tintindex":0,"uv":[9.75,5.5,10.75,6.25]},"down":{"texture":"#0","tintindex":0,"uv":[9.0,7.0,10.25,7.5]},"north":{"texture":"#0","tintindex":0,"uv":[8.5,6.75,9.75,7.5]}},"rotation":{"axis":"y","angle":0.0,"origin":[10.4,17.6,14.4]}},{"from":[8.54269,15.64971,13.168171],"to":[12.54269,26.04971,13.168171],"faces":{"up":{"texture":"#0","tintindex":0,"uv":[9.75,5.0,8.5,5.0]},"west":{"texture":"#0","tintindex":0,"uv":[9.75,5.0,9.75,8.25]},"east":{"texture":"#0","tintindex":0,"uv":[8.5,5.0,8.5,8.25]},"south":{"texture":"#0","tintindex":0,"uv":[9.75,5.0,11.0,8.25]},"down":{"texture":"#0","tintindex":0,"uv":[11.0,5.0,9.75,5.0]},"north":{"texture":"#0","tintindex":0,"uv":[8.5,5.0,9.75,8.25]}},"rotation":{"axis":"y","angle":0.0,"origin":[10.4,17.6,14.4]}},{"from":[8.16,20.40218,12.806959],"to":[12.96,22.00218,15.206961],"faces":{"up":{"texture":"#0","tintindex":0,"uv":[8.5,6.25,11.0,6.75]},"west":{"texture":"#0","tintindex":0,"uv":[10.25,6.25,11.0,6.75]},"east":{"texture":"#0","tintindex":0,"uv":[10.25,6.25,11.0,6.75]},"south":{"texture":"#0","tintindex":0,"uv":[8.5,6.25,10.0,6.75]},"down":{"texture":"#0","tintindex":0,"uv":[8.5,6.25,11.0,6.75]},"north":{"texture":"#0","tintindex":0,"uv":[8.5,6.25,10.0,6.75]}},"rotation":{"axis":"y","angle":0.0,"origin":[10.4,17.6,14.4]}},{"from":[17.84,25.20218,13.206961],"to":[18.64,26.00218,14.806959],"faces":{"up":{"texture":"#0","tintindex":0,"uv":[9.25,5.5,9.0,6.0]},"west":{"texture":"#0","tintindex":0,"uv":[10.75,5.75,10.25,6.0]},"east":{"texture":"#0","tintindex":0,"uv":[10.75,5.75,10.25,6.0]},"south":{"texture":"#0","tintindex":0,"uv":[8.75,6.75,8.5,7.0]},"down":{"texture":"#0","tintindex":0,"uv":[9.0,5.5,8.75,6.0]},"north":{"texture":"#0","tintindex":0,"uv":[8.75,7.0,8.5,7.25]}},"rotation":{"axis":"y","angle":0.0,"origin":[18.4,17.6,14.4]}},{"from":[17.04,24.40218,13.206961],"to":[18.64,25.20218,14.806959],"faces":{"up":{"texture":"#0","tintindex":0,"uv":[10.75,7.0,10.25,7.5]},"west":{"texture":"#0","tintindex":0,"uv":[10.75,7.0,10.25,7.25]},"east":{"texture":"#0","tintindex":0,"uv":[10.75,7.0,10.25,7.25]},"south":{"texture":"#0","tintindex":0,"uv":[9.0,6.75,8.5,7.0]},"down":{"texture":"#0","tintindex":0,"uv":[10.75,7.0,10.25,7.5]},"north":{"texture":"#0","tintindex":0,"uv":[9.0,7.0,8.5,7.25]}},"rotation":{"axis":"y","angle":0.0,"origin":[18.4,17.6,14.4]}}],"display":{"head":{"rotation":[0.0,180.0,0.0]}}}