{"textures":{"0":"modelengine:entity/nocsy_drakonin5"},"elements":[{"from":[6.0,5.1918335,7.1870265],"to":[10.0,9.1918335,11.187027],"rotation":{"angle":22.5,"axis":"x","origin":[7.142857,6.7367954,10.716557]},"faces":{"east":{"uv":[6.75,2.0,7.1875,2.4375],"rotation":0,"texture":"#0","tintindex":0},"south":{"uv":[6.75,2.5,7.1875,2.9375],"rotation":0,"texture":"#0","tintindex":0},"north":{"uv":[6.75,1.5,7.1875,1.9375],"rotation":0,"texture":"#0","tintindex":0},"west":{"uv":[2.75,6.75,3.1875,7.1875],"rotation":0,"texture":"#0","tintindex":0},"up":{"uv":[3.6875,7.1875,3.25,6.75],"rotation":0,"texture":"#0","tintindex":0},"down":{"uv":[7.1875,4.4375,6.75,4.875],"rotation":0,"texture":"#0","tintindex":0}}},{"from":[10.057143,7.648977,8.329884],"to":[12.342857,7.648977,12.901312],"rotation":{"angle":-22.5,"axis":"z","origin":[10.571428,8.048977,10.615598]},"faces":{"east":{"uv":[11.0625,10.25,11.5625,10.25],"rotation":0,"texture":"#0","tintindex":0},"south":{"uv":[3.3125,8.25,3.5625,8.25],"rotation":0,"texture":"#0","tintindex":0},"north":{"uv":[3.3125,8.1875,3.5625,8.1875],"rotation":0,"texture":"#0","tintindex":0},"west":{"uv":[11.125,1.5625,11.625,1.5625],"rotation":0,"texture":"#0","tintindex":0},"up":{"uv":[1.375,8.625,1.125,8.125],"rotation":0,"texture":"#0","tintindex":0},"down":{"uv":[1.6875,8.125,1.4375,8.625],"rotation":0,"texture":"#0","tintindex":0}}},{"from":[3.6571426,7.648977,8.329884],"to":[5.942857,7.648977,12.901312],"rotation":{"angle":22.5,"axis":"z","origin":[5.428571,8.048977,10.615598]},"faces":{"east":{"uv":[11.125,1.625,11.625,1.625],"rotation":0,"texture":"#0","tintindex":0},"south":{"uv":[11.125,1.6875,11.375,1.6875],"rotation":0,"texture":"#0","tintindex":0},"north":{"uv":[10.5625,10.3125,10.8125,10.3125],"rotation":0,"texture":"#0","tintindex":0},"west":{"uv":[11.125,4.0,11.625,4.0],"rotation":0,"texture":"#0","tintindex":0},"up":{"uv":[2.0,8.625,1.75,8.125],"rotation":0,"texture":"#0","tintindex":0},"down":{"uv":[8.375,1.8125,8.125,2.3125],"rotation":0,"texture":"#0","tintindex":0}}}],"display":{"head":{"translation":[0.0,-6.4,0.0],"scale":[4.0,4.0,4.0]}}}