{"textures":{"0":"modelengine:entity/nocsy_drakonin5"},"elements":[{"from":[5.714286,3.871461,6.7742376],"to":[10.285714,8.44289,9.63138],"rotation":{"angle":22.5,"axis":"x","origin":[6.857143,5.932515,12.033907]},"faces":{"east":{"uv":[5.875,7.1875,6.1875,7.6875],"rotation":0,"texture":"#0","tintindex":0},"south":{"uv":[6.0625,6.125,6.5625,6.625],"rotation":0,"texture":"#0","tintindex":0},"north":{"uv":[5.5,6.125,6.0,6.625],"rotation":0,"texture":"#0","tintindex":0},"west":{"uv":[7.25,0.375,7.5625,0.875],"rotation":0,"texture":"#0","tintindex":0},"up":{"uv":[7.75,1.25,7.25,0.9375],"rotation":0,"texture":"#0","tintindex":0},"down":{"uv":[7.75,1.3125,7.25,1.625],"rotation":0,"texture":"#0","tintindex":0}}}],"display":{"head":{"translation":[0.0,-6.4,0.0],"scale":[4.0,4.0,4.0]}}}