{"credit":"Made with Blockbench","textures":{"main":"cosmetics:adventurer_backpack"},"elements":[{"from":[4,0,3],"to":[9,12,13],"faces":{"north":{"uv":[2.5,2.5,3.75,5.5],"texture":"#main"},"east":{"uv":[0,2.5,2.5,5.5],"texture":"#main"},"south":{"uv":[6.25,2.5,7.5,5.5],"texture":"#main"},"west":{"uv":[3.75,2.5,6.25,5.5],"texture":"#main"},"up":{"uv":[3.75,2.5,2.5,0],"texture":"#main"},"down":{"uv":[5,0,3.75,2.5],"texture":"#main"}}},{"from":[4.5,12,2],"to":[8.5,16,14],"faces":{"north":{"uv":[10.5,3,11.5,4],"texture":"#main"},"east":{"uv":[7.5,3,10.5,4],"texture":"#main"},"south":{"uv":[14.5,3,15.5,4],"texture":"#main"},"west":{"uv":[11.5,3,14.5,4],"texture":"#main"},"up":{"uv":[11.5,3,10.5,0],"texture":"#main"},"down":{"uv":[12.5,0,11.5,3],"texture":"#main"}}},{"from":[5.5,15,5],"to":[6.5,18,6],"faces":{"north":{"uv":[0.25,13.25,0.5,14],"texture":"#main"},"east":{"uv":[0,13.25,0.25,14],"texture":"#main"},"south":{"uv":[0.75,13.25,1,14],"texture":"#main"},"west":{"uv":[0.5,13.25,0.75,14],"texture":"#main"},"up":{"uv":[0.5,13.25,0.25,13],"texture":"#main"},"down":{"uv":[0.75,13,0.5,13.25],"texture":"#main"}}},{"from":[5.5,15,10],"to":[6.5,18,11],"faces":{"north":{"uv":[4.25,12,4.5,12.75],"texture":"#main"},"east":{"uv":[4,12,4.25,12.75],"texture":"#main"},"south":{"uv":[4.75,12,5,12.75],"texture":"#main"},"west":{"uv":[4.5,12,4.75,12.75],"texture":"#main"},"up":{"uv":[4.5,12,4.25,11.75],"texture":"#main"},"down":{"uv":[4.75,11.75,4.5,12],"texture":"#main"}}},{"from":[5.5,17,6],"to":[6.5,18,10],"faces":{"north":{"uv":[5,11.5,5.25,11.75],"texture":"#main"},"east":{"uv":[4,11.5,5,11.75],"texture":"#main"},"south":{"uv":[6.25,11.5,6.5,11.75],"texture":"#main"},"west":{"uv":[5.25,11.5,6.25,11.75],"texture":"#main"},"up":{"uv":[5.25,11.5,5,10.5],"texture":"#main"},"down":{"uv":[5.5,10.5,5.25,11.5],"texture":"#main"}}},{"from":[8.5,-2,10],"to":[9.5,13,11],"faces":{"north":{"uv":[5.25,6.75,5.5,10.5],"texture":"#main"},"east":{"uv":[5,6.75,5.25,10.5],"texture":"#main"},"south":{"uv":[5.75,6.75,6,10.5],"texture":"#main"},"west":{"uv":[5.5,6.75,5.75,10.5],"texture":"#main"},"up":{"uv":[5.5,6.75,5.25,6.5],"texture":"#main"},"down":{"uv":[5.75,6.5,5.5,6.75],"texture":"#main"}}},{"from":[8.5,-2,5],"to":[9.5,13,6],"faces":{"north":{"uv":[4.25,6.75,4.5,10.5],"texture":"#main"},"east":{"uv":[4,6.75,4.25,10.5],"texture":"#main"},"south":{"uv":[4.75,6.75,5,10.5],"texture":"#main"},"west":{"uv":[4.5,6.75,4.75,10.5],"texture":"#main"},"up":{"uv":[4.5,6.75,4.25,6.5],"texture":"#main"},"down":{"uv":[4.75,6.5,4.5,6.75],"texture":"#main"}}},{"from":[-2,10,3],"to":[4,12,5],"faces":{"north":{"uv":[0.5,7,2,7.5],"texture":"#main"},"east":{"uv":[0,7,0.5,7.5],"texture":"#main"},"south":{"uv":[2.5,7,4,7.5],"texture":"#main"},"west":{"uv":[2,7,2.5,7.5],"texture":"#main"},"up":{"uv":[2,7,0.5,6.5],"texture":"#main"},"down":{"uv":[3.5,6.5,2,7],"texture":"#main"}}},{"from":[-2,10,11],"to":[4,12,13],"faces":{"north":{"uv":[8.5,6,10,6.5],"texture":"#main"},"east":{"uv":[8,6,8.5,6.5],"texture":"#main"},"south":{"uv":[10.5,6,12,6.5],"texture":"#main"},"west":{"uv":[10,6,10.5,6.5],"texture":"#main"},"up":{"uv":[10,6,8.5,5.5],"texture":"#main"},"down":{"uv":[11.5,5.5,10,6],"texture":"#main"}}},{"from":[-2,0,11],"to":[4,2,13],"faces":{"north":{"uv":[4.5,6,6,6.5],"texture":"#main"},"east":{"uv":[4,6,4.5,6.5],"texture":"#main"},"south":{"uv":[6.5,6,8,6.5],"texture":"#main"},"west":{"uv":[6,6,6.5,6.5],"texture":"#main"},"up":{"uv":[6,6,4.5,5.5],"texture":"#main"},"down":{"uv":[7.5,5.5,6,6],"texture":"#main"}}},{"from":[-2,0,3],"to":[4,2,5],"faces":{"north":{"uv":[0.5,6,2,6.5],"texture":"#main"},"east":{"uv":[0,6,0.5,6.5],"texture":"#main"},"south":{"uv":[2.5,6,4,6.5],"texture":"#main"},"west":{"uv":[2,6,2.5,6.5],"texture":"#main"},"up":{"uv":[2,6,0.5,5.5],"texture":"#main"},"down":{"uv":[3.5,5.5,2,6],"texture":"#main"}}},{"from":[-2,2,3],"to":[0,10,5],"faces":{"north":{"uv":[0.5,11,1,13],"texture":"#main"},"east":{"uv":[0,11,0.5,13],"texture":"#main"},"south":{"uv":[1.5,11,2,13],"texture":"#main"},"west":{"uv":[1,11,1.5,13],"texture":"#main"},"up":{"uv":[1,11,0.5,10.5],"texture":"#main"},"down":{"uv":[1.5,10.5,1,11],"texture":"#main"}}},{"from":[-2,2,11],"to":[0,10,13],"faces":{"north":{"uv":[2.5,11,3,13],"texture":"#main"},"east":{"uv":[2,11,2.5,13],"texture":"#main"},"south":{"uv":[3.5,11,4,13],"texture":"#main"},"west":{"uv":[3,11,3.5,13],"texture":"#main"},"up":{"uv":[3,11,2.5,10.5],"texture":"#main"},"down":{"uv":[3.5,10.5,3,11],"texture":"#main"}}}],"display":{"thirdperson_righthand":{"scale":[0.0001,0.0001,0.0001]},"thirdperson_lefthand":{"rotation":[68,90,0],"translation":[-6,-8,11],"scale":[0.86281,0.89,0.81]},"firstperson_righthand":{"scale":[0.0001,0.0001,0.0001]},"firstperson_lefthand":{"scale":[0.0001,0.0001,0.0001]},"gui":{"rotation":[30,-121,0],"translation":[-0.5,-0.716,0],"scale":[0.7,0.7,0.7]},"head":{"rotation":[0,-90,0],"translation":[0,-45.25,9.27],"scale":[1.5,1.5,1.5]}}}