{"credit":"Made with Blockbench","textures":{"0":"pokemon/beedrill","particle":"pokemon/beedrill"},"elements":[{"from":[12,5,12.375],"to":[22,25,12.475],"rotation":{"angle":-22.5,"axis":"y","origin":[11,8,5.375]},"faces":{"north":{"uv":[10,10.75,12.5,15.75],"texture":"#0"},"south":{"uv":[12.75,10.75,15.25,15.75],"texture":"#0"}}},{"from":[-3,5,17],"to":[7,25,17.1],"rotation":{"angle":22.5,"axis":"y","origin":[-4,8,10]},"faces":{"north":{"uv":[12.5,10.75,10,15.75],"texture":"#0"},"south":{"uv":[15.25,10.75,12.75,15.75],"texture":"#0"}}}],"display":{"thirdperson_righthand":{"scale":[0.0001,0.0001,0.0001]},"thirdperson_lefthand":{"rotation":[75,0,0],"translation":[-5.1,-3.425,2.9218],"scale":[0.9,0.9,0.9]},"firstperson_righthand":{"scale":[0,0,0]},"firstperson_lefthand":{"scale":[0,0,0]},"ground":{"scale":[0.0001,0.0001,0.0001]},"gui":{"rotation":[30,135,0],"translation":[-3,-6,0],"scale":[0.7,0.7,0.7]},"head":{"translation":[-1.5,-55.25,-3],"scale":[1.5,1.5,1.5]}}}