{"credit":"Made with Blockbench","textures":{"0":"pokemon/dragonite","particle":"pokemon/dragonite"},"elements":[{"from":[-6,15,17.25],"to":[8,27,17.35],"rotation":{"angle":22.5,"axis":"y","origin":[-6,15,17.25]},"faces":{"north":{"uv":[0,10.75,3.5,13.75],"texture":"#0"},"south":{"uv":[3.75,10.75,7.25,13.75],"texture":"#0"}}},{"from":[9.125,15,11.875],"to":[23.125,27,11.975],"rotation":{"angle":-22.5,"axis":"y","origin":[9.125,15,11.875]},"faces":{"north":{"uv":[3.75,10.75,7.25,13.75],"texture":"#0"},"south":{"uv":[0,10.75,3.5,13.75],"texture":"#0"}}}],"display":{"thirdperson_righthand":{"translation":[0,-5.564,-2.781],"scale":[0.7,0.7,0.7]},"thirdperson_lefthand":{"rotation":[60,0,0],"translation":[-6.199,-4.7,-1.252],"scale":[1.3,1.3,1.3]},"firstperson_righthand":{"scale":[0.0001,0.0001,0.0001]},"firstperson_lefthand":{"scale":[0.0001,0.0001,0.0001]},"gui":{"rotation":[14,143,-1],"translation":[-3.291,-9.042,0],"scale":[0.6,0.6,0.6]},"head":{"translation":[0,-60.25,-4.48],"scale":[2,2,2]}}}