{"textures":{"0":"minecraft:pokemon/weepinbell"},"elements":[{"from":[3,3,4],"to":[12,12,19],"rotation":{"origin":[6,6,9],"axis":"x","angle":-22.5},"faces":{"down":{"uv":[8,0,11.75,2.25],"texture":"#0"},"up":{"uv":[0,2.75,3.75,5],"texture":"#0","rotation":90},"north":{"uv":[4,2.75,6.25,5],"texture":"#0"},"south":{"uv":[6.5,2.75,8.75,5],"texture":"#0"},"west":{"uv":[0,0,3.75,2.25],"texture":"#0"},"east":{"uv":[4,0,7.75,2.25],"texture":"#0","rotation":180}}},{"from":[6.0054,11.7248,17.8682],"to":[9.0054,14.7248,24.8682],"rotation":{"origin":[6.005442,11.72477,22.8682],"axis":"x","angle":-22.5},"faces":{"down":{"uv":[7.5,5.5,8.25,7.25],"texture":"#0"},"up":{"uv":[7.5,5.5,8.25,7.25],"texture":"#0"},"south":{"uv":[7.5,5.5,8.25,6],"texture":"#0"},"west":{"uv":[7.5,5.5,8.25,7.25],"texture":"#0","rotation":90},"east":{"uv":[7.5,5.5,8.25,7.25],"texture":"#0","rotation":90}}},{"from":[-6,5,11],"to":[3,14,11.1],"faces":{"north":{"uv":[1.75,5.5,3.75,7.75],"texture":"#0"},"south":{"uv":[4.5,5.5,6.5,7.75],"texture":"#0"}}},{"from":[12,5,11],"to":[21,14,11.1],"faces":{"north":{"uv":[4.5,5.5,6.5,7.75],"texture":"#0"},"south":{"uv":[1.75,5.5,3.75,7.75],"texture":"#0"}}}],"display":{"thirdperson_righthand":{"translation":[-0.2,0.6956,0.6956],"scale":[0.5,0.5,0.5]},"thirdperson_lefthand":{"translation":[-0.2,0.6956,0.6956],"scale":[0.5,0.5,0.5]},"firstperson_righthand":{"rotation":[5,125,-14],"translation":[2.0869,2.0868,-0.695],"scale":[0.5,0.5,0.5]},"firstperson_lefthand":{"rotation":[5,125,-14],"translation":[2.0869,2.0868,-0.695],"scale":[0.5,0.5,0.5]},"gui":{"rotation":[14,143,-1],"translation":[-1.5,-0.695,0],"scale":[0.7,0.7,0.7]},"head":{"rotation":[-19,0,0],"translation":[0.6956,6.2217,1.3913],"scale":[1.7608,2.5867,1.4391]},"ground":{"scale":[0.5,0.5,0.5]}}}