{"credit":"Made with Blockbench","texture_size":[64,64],"textures":{"0":"magiccosmetics:item/flamos_head","particle":"magiccosmetics:item/flamos_head"},"elements":[{"name":"head","from":[3.5,6.525,3.5],"to":[12.5,15.5,12.5],"rotation":{"angle":0,"axis":"y","origin":[8,11,8]},"faces":{"north":{"uv":[0,0,2.25,2.25],"texture":"#0"},"east":{"uv":[0,2.5,2.25,4.75],"texture":"#0"},"south":{"uv":[2.5,0,4.75,2.25],"texture":"#0"},"west":{"uv":[2.5,2.5,4.75,4.75],"texture":"#0"},"up":{"uv":[2.25,7.25,0,5],"texture":"#0"},"down":{"uv":[7.25,0,5,2.25],"texture":"#0"}}},{"name":"head","from":[3,6.5,2.5],"to":[13,12.5,8.5],"rotation":{"angle":0,"axis":"y","origin":[8.5,11,8]},"faces":{"north":{"uv":[2.5,5,5,6.5],"texture":"#0"},"east":{"uv":[0,7.5,1.5,9],"texture":"#0"},"south":{"uv":[5,2.5,7.5,4],"texture":"#0"},"west":{"uv":[7.75,1.75,9.25,3.25],"texture":"#0"},"up":{"uv":[7.75,5.75,5.25,4.25],"texture":"#0"},"down":{"uv":[7.75,6,5.25,7.5],"texture":"#0"}}},{"name":"head","from":[3,8.5,8.5],"to":[13,14.5,10.5],"rotation":{"angle":0,"axis":"y","origin":[8.5,11,8]},"faces":{"north":{"uv":[2.5,6.75,5,8.25],"texture":"#0"},"east":{"uv":[1.75,7.5,2.25,9],"texture":"#0"},"south":{"uv":[7.5,0,10,1.5],"texture":"#0"},"west":{"uv":[8,7.5,8.5,9],"texture":"#0"},"up":{"uv":[10.5,5,8,4.5],"texture":"#0"},"down":{"uv":[10.5,5.25,8,5.75],"texture":"#0"}}},{"name":"head","from":[3,10.5,10.5],"to":[13,12.5,13],"rotation":{"angle":0,"axis":"y","origin":[8.5,11,8]},"faces":{"north":{"uv":[8,6,10.5,6.5],"texture":"#0"},"east":{"uv":[9.5,2.75,10.25,3.25],"texture":"#0"},"south":{"uv":[8,6.75,10.5,7.25],"texture":"#0"},"west":{"uv":[11.5,3.5,12.25,4],"texture":"#0"},"up":{"uv":[7.75,8.5,5.25,7.75],"texture":"#0"},"down":{"uv":[10.5,3.5,8,4.25],"texture":"#0"}}},{"name":"head","from":[7,9.5,12],"to":[9,13.5,13.5],"rotation":{"angle":0,"axis":"y","origin":[8.5,11,8]},"faces":{"north":{"uv":[10.5,1,11,2],"texture":"#0"},"east":{"uv":[2,10.5,2.5,11.5],"texture":"#0"},"south":{"uv":[10.5,2.25,11,3.25],"texture":"#0"},"west":{"uv":[2.75,10.5,3.25,11.5],"texture":"#0"},"up":{"uv":[1.75,11.75,1.25,11.25],"texture":"#0"},"down":{"uv":[12,4.25,11.5,4.75],"texture":"#0"}}},{"name":"head","from":[4.5,12.5,2.5],"to":[11.5,13.5,3.5],"rotation":{"angle":0,"axis":"y","origin":[8,11,8]},"faces":{"north":{"uv":[11.25,3,13,3.25],"texture":"#0"},"east":{"uv":[7.5,8.75,7.75,9],"texture":"#0"},"south":{"uv":[11.25,9.25,13,9.5],"texture":"#0"},"west":{"uv":[7,9.75,7.25,10],"texture":"#0"},"up":{"uv":[13,10,11.25,9.75],"texture":"#0"},"down":{"uv":[13,10.25,11.25,10.5],"texture":"#0"}}},{"name":"head","from":[1.14645,13.14645,6.5],"to":[4.14645,16.14645,9.5],"rotation":{"angle":45,"axis":"z","origin":[3.14645,15.64645,8]},"faces":{"north":{"uv":[2.5,8.5,3.25,9.25],"texture":"#0"},"east":{"uv":[3.5,8.5,4.25,9.25],"texture":"#0"},"south":{"uv":[4.5,8.75,5.25,9.5],"texture":"#0"},"west":{"uv":[5.5,8.75,6.25,9.5],"texture":"#0"},"up":{"uv":[7.25,9.5,6.5,8.75],"texture":"#0"},"down":{"uv":[9.5,7.5,8.75,8.25],"texture":"#0"}}},{"name":"head","from":[1.46447,14.62132,7],"to":[3.46447,18.62132,9],"rotation":{"angle":0,"axis":"z","origin":[1.92785,18.12392,8]},"faces":{"north":{"uv":[8,10.5,8.5,11.5],"texture":"#0"},"east":{"uv":[8.75,10.5,9.25,11.5],"texture":"#0"},"south":{"uv":[9.5,10.5,10,11.5],"texture":"#0"},"west":{"uv":[10.5,9.5,11,10.5],"texture":"#0"},"up":{"uv":[12,5.5,11.5,5],"texture":"#0"},"down":{"uv":[12,5.75,11.5,6.25],"texture":"#0"}}},{"name":"head","from":[2.11091,17.56586,7.5],"to":[3.11091,21.56586,8.5],"rotation":{"angle":45,"axis":"z","origin":[1.92785,18.12392,8]},"faces":{"north":{"uv":[11.5,6.5,11.75,7.5],"texture":"#0"},"east":{"uv":[10.25,11.5,10.5,12.5],"texture":"#0"},"south":{"uv":[10.75,11.5,11,12.5],"texture":"#0"},"west":{"uv":[11.5,10.75,11.75,11.75],"texture":"#0"},"up":{"uv":[6.75,11,6.5,10.75],"texture":"#0"},"down":{"uv":[12.5,6,12.25,6.25],"texture":"#0"}}},{"name":"head","from":[11.85355,13.14645,6.5],"to":[14.85355,16.14645,9.5],"rotation":{"angle":-45,"axis":"z","origin":[12.85355,15.64645,8]},"faces":{"north":{"uv":[8.75,8.5,9.5,9.25],"texture":"#0"},"east":{"uv":[0,9.25,0.75,10],"texture":"#0"},"south":{"uv":[1,9.25,1.75,10],"texture":"#0"},"west":{"uv":[7.5,9.25,8.25,10],"texture":"#0"},"up":{"uv":[10.25,2.5,9.5,1.75],"texture":"#0"},"down":{"uv":[2.75,9.5,2,10.25],"texture":"#0"}}},{"name":"head","from":[12.53553,14.62132,7],"to":[14.53553,18.62132,9],"rotation":{"angle":0,"axis":"z","origin":[14.07215,18.12392,8]},"faces":{"north":{"uv":[3.5,10.75,4,11.75],"texture":"#0"},"east":{"uv":[10.75,3.5,11.25,4.5],"texture":"#0"},"south":{"uv":[4.25,10.75,4.75,11.75],"texture":"#0"},"west":{"uv":[10.75,4.75,11.25,5.75],"texture":"#0"},"up":{"uv":[12,8.25,11.5,7.75],"texture":"#0"},"down":{"uv":[2.5,11.75,2,12.25],"texture":"#0"}}},{"name":"head","from":[12.88909,17.56586,7.5],"to":[13.88909,21.56586,8.5],"rotation":{"angle":-45,"axis":"z","origin":[14.07215,18.12392,8]},"faces":{"north":{"uv":[2.75,11.75,3,12.75],"texture":"#0"},"east":{"uv":[7.75,11.75,8,12.75],"texture":"#0"},"south":{"uv":[8.25,11.75,8.5,12.75],"texture":"#0"},"west":{"uv":[8.75,11.75,9,12.75],"texture":"#0"},"up":{"uv":[12.5,8,12.25,7.75],"texture":"#0"},"down":{"uv":[12.75,1.25,12.5,1.5],"texture":"#0"}}},{"name":"head","from":[7,13.37132,2.517],"to":[9,17.37132,4.517],"rotation":{"angle":-22.5,"axis":"x","origin":[8,16.39093,4]},"faces":{"north":{"uv":[5,10.75,5.5,11.75],"texture":"#0"},"east":{"uv":[5.75,10.75,6.25,11.75],"texture":"#0"},"south":{"uv":[10.75,6,11.25,7],"texture":"#0"},"west":{"uv":[10.75,7.25,11.25,8.25],"texture":"#0"},"up":{"uv":[9.75,12.25,9.25,11.75],"texture":"#0"},"down":{"uv":[0.5,12,0,12.5],"texture":"#0"}}},{"name":"head","from":[7.5,15.45343,3.12056],"to":[8.5,19.45343,4.12056],"rotation":{"angle":22.5,"axis":"x","origin":[8,16.39093,4]},"faces":{"north":{"uv":[0.75,12,1,13],"texture":"#0"},"east":{"uv":[1.25,12,1.5,13],"texture":"#0"},"south":{"uv":[3.25,12,3.5,13],"texture":"#0"},"west":{"uv":[3.75,12,4,13],"texture":"#0"},"up":{"uv":[2,12.75,1.75,12.5],"texture":"#0"},"down":{"uv":[12.75,1.75,12.5,2],"texture":"#0"}}},{"name":"head","from":[2.36091,3.51777,4.5],"to":[5.36091,6.51777,7.5],"rotation":{"angle":45,"axis":"z","origin":[1.4519,5.94454,6]},"faces":{"north":{"uv":[3,9.5,3.75,10.25],"texture":"#0"},"east":{"uv":[8.5,9.5,9.25,10.25],"texture":"#0"},"south":{"uv":[9.5,9.5,10.25,10.25],"texture":"#0"},"west":{"uv":[4,9.75,4.75,10.5],"texture":"#0"},"up":{"uv":[5.75,10.5,5,9.75],"texture":"#0"},"down":{"uv":[6.75,9.75,6,10.5],"texture":"#0"}}},{"name":"head","from":[-0.72487,4.95711,4],"to":[3.27513,6.95711,6],"rotation":{"angle":-45,"axis":"y","origin":[1.4519,5.94454,6]},"faces":{"north":{"uv":[10.75,8.5,11.75,9],"texture":"#0"},"east":{"uv":[4.25,12,4.75,12.5],"texture":"#0"},"south":{"uv":[10.25,10.75,11.25,11.25],"texture":"#0"},"west":{"uv":[5,12,5.5,12.5],"texture":"#0"},"up":{"uv":[1,11.75,0,11.25],"texture":"#0"},"down":{"uv":[12.25,0,11.25,0.5],"texture":"#0"}}},{"name":"head","from":[0.26992,5.88388,0],"to":[1.26992,6.88388,4],"rotation":{"angle":22.5,"axis":"x","origin":[-1.23008,4.88388,3]},"faces":{"north":{"uv":[2.25,12.5,2.5,12.75],"texture":"#0"},"east":{"uv":[5.75,12,6.75,12.25],"texture":"#0"},"south":{"uv":[12.5,2.25,12.75,2.5],"texture":"#0"},"west":{"uv":[12,6.5,13,6.75],"texture":"#0"},"up":{"uv":[7.25,13,7,12],"texture":"#0"},"down":{"uv":[12.25,10.75,12,11.75],"texture":"#0"}}},{"name":"head","from":[10.63909,3.51777,4.5],"to":[13.63909,6.51777,7.5],"rotation":{"angle":-45,"axis":"z","origin":[14.5481,5.94454,6]},"faces":{"north":{"uv":[9.75,7.5,10.5,8.25],"texture":"#0"},"east":{"uv":[9.75,8.5,10.5,9.25],"texture":"#0"},"south":{"uv":[0,10.25,0.75,11],"texture":"#0"},"west":{"uv":[10.25,0,11,0.75],"texture":"#0"},"up":{"uv":[1.75,11,1,10.25],"texture":"#0"},"down":{"uv":[7.75,10.25,7,11],"texture":"#0"}}},{"name":"head","from":[12.72487,4.95711,4],"to":[16.72487,6.95711,6],"rotation":{"angle":45,"axis":"y","origin":[14.5481,5.94454,6]},"faces":{"north":{"uv":[11.25,0.75,12.25,1.25],"texture":"#0"},"east":{"uv":[12,7,12.5,7.5],"texture":"#0"},"south":{"uv":[11.25,1.5,12.25,2],"texture":"#0"},"west":{"uv":[12,8.5,12.5,9],"texture":"#0"},"up":{"uv":[12.25,2.75,11.25,2.25],"texture":"#0"},"down":{"uv":[7.5,11.25,6.5,11.75],"texture":"#0"}}},{"name":"head","from":[14.73008,5.88388,0],"to":[15.73008,6.88388,4],"rotation":{"angle":22.5,"axis":"x","origin":[17.23008,4.88388,3]},"faces":{"north":{"uv":[12.5,3.5,12.75,3.75],"texture":"#0"},"east":{"uv":[11.25,12,12.25,12.25],"texture":"#0"},"south":{"uv":[5.75,12.5,6,12.75],"texture":"#0"},"west":{"uv":[12.25,4.25,13.25,4.5],"texture":"#0"},"up":{"uv":[12.5,5.75,12.25,4.75],"texture":"#0"},"down":{"uv":[12.75,0,12.5,1],"texture":"#0"}}}],"gui_light":"front","display":{"thirdperson_righthand":{"scale":[0.7,0.7,0.7]},"thirdperson_lefthand":{"scale":[0.7,0.7,0.7]},"firstperson_righthand":{"scale":[0.7,0.7,0.7]},"firstperson_lefthand":{"scale":[0.7,0.7,0.7]},"ground":{"scale":[0.7,0.7,0.7]},"gui":{"rotation":[0,-180,0],"translation":[0.25,-3.5,0],"scale":[0.7,0.7,0.7]},"head":{"translation":[0,-5,0],"scale":[1.65,1.65,1.65]},"fixed":{"translation":[0,-2.75,0],"scale":[0.8,0.8,0.8]}}}