{"credit":"Made by ArtsByKev, https://artsbykev.net - Minecraft Content Creator: https://youtube.com/artsbykev - Tweet at: https://twitter.com/teamartsbykev","texture_size":[64,64],"textures":{"1":"magiccosmetics:item/steampunk_helm","2":"magiccosmetics:item/steam_cogs","3":"magiccosmetics:item/smoke-steam_spark_oil_vfx_artsbykev"},"elements":[{"name":"cogwheel","from":[0.8,3.03073,21.05448],"to":[0.8,7.03073,25.05448],"rotation":{"angle":-22.5,"axis":"x","origin":[7.975,7.49879,11.72491]},"faces":{"north":{"uv":[0,0,0,1],"texture":"#2"},"east":{"uv":[2.5,6,1.5,7],"texture":"#2"},"south":{"uv":[0,0,0,1],"texture":"#2"},"west":{"uv":[1.5,6,2.5,7],"texture":"#2"},"up":{"uv":[0,1,0,0],"texture":"#2"},"down":{"uv":[0,0,0,1],"texture":"#2"}}},{"name":"cogwheel","from":[0.3,2.9815,1.28884],"to":[0.3,6.9815,5.28884],"rotation":{"angle":22.5,"axis":"x","origin":[7.975,7.49879,11.72491]},"faces":{"north":{"uv":[0,0,0,1],"texture":"#2"},"east":{"uv":[2,7,1,8],"texture":"#2"},"south":{"uv":[0,0,0,1],"texture":"#2"},"west":{"uv":[1,7,2,8],"texture":"#2"},"up":{"uv":[0,1,0,0],"texture":"#2"},"down":{"uv":[0,0,0,1],"texture":"#2"}}},{"name":"cogwheel","from":[0.9,7.3305,21.41686],"to":[0.9,13.3305,27.41686],"rotation":{"angle":22.5,"axis":"x","origin":[7.975,7.49879,11.72491]},"faces":{"north":{"uv":[0,0,0,1.5],"texture":"#2"},"east":{"uv":[3,0,1.5,1.5],"texture":"#2"},"south":{"uv":[0,0,0,1.5],"texture":"#2"},"west":{"uv":[1.5,0,3,1.5],"texture":"#2"},"up":{"uv":[0,1.5,0,0],"texture":"#2"},"down":{"uv":[0,0,0,1.5],"texture":"#2"}}},{"name":"cogwheel","from":[0.4,7.30866,5.46194],"to":[0.4,13.30866,11.46194],"rotation":{"angle":-22.5,"axis":"x","origin":[7.975,7.49879,11.72491]},"faces":{"north":{"uv":[0,0,0,1.5],"texture":"#2"},"east":{"uv":[1.5,0,0,1.5],"texture":"#2"},"south":{"uv":[0,0,0,1.5],"texture":"#2"},"west":{"uv":[0,0,1.5,1.5],"texture":"#2"},"up":{"uv":[0,1.5,0,0],"texture":"#2"},"down":{"uv":[0,0,0,1.5],"texture":"#2"}}},{"name":"cogwheel","from":[0.4,8.34345,6.78561],"to":[0.4,14.34345,12.78561],"rotation":{"angle":-45,"axis":"x","origin":[7.975,7.49879,11.72491]},"faces":{"north":{"uv":[0,0,0,1.5],"texture":"#2"},"east":{"uv":[1.5,1.5,0,3],"texture":"#2"},"south":{"uv":[0,0,0,1.5],"texture":"#2"},"west":{"uv":[0,1.5,1.5,3],"texture":"#2"},"up":{"uv":[0,1.5,0,0],"texture":"#2"},"down":{"uv":[0,0,0,1.5],"texture":"#2"}}},{"name":"cogwheel","from":[0.4,4.1784,4.43077],"to":[0.4,10.1784,10.43077],"rotation":{"angle":22.5,"axis":"x","origin":[7.975,7.49879,11.72491]},"faces":{"north":{"uv":[0,0,0,1.5],"texture":"#2"},"east":{"uv":[1.5,3,0,4.5],"texture":"#2"},"south":{"uv":[0,0,0,1.5],"texture":"#2"},"west":{"uv":[0,3,1.5,4.5],"texture":"#2"},"up":{"uv":[0,1.5,0,0],"texture":"#2"},"down":{"uv":[0,0,0,1.5],"texture":"#2"}}},{"name":"cogwheel","from":[0.4,5.84609,4.63503],"to":[0.4,11.84609,10.63503],"rotation":{"angle":0,"axis":"y","origin":[7.975,7.49879,11.72491]},"faces":{"north":{"uv":[0,0,0,1.5],"texture":"#2"},"east":{"uv":[1.5,4.5,0,6],"texture":"#2"},"south":{"uv":[0,0,0,1.5],"texture":"#2"},"west":{"uv":[0,4.5,1.5,6],"texture":"#2"},"up":{"uv":[0,1.5,0,0],"texture":"#2"},"down":{"uv":[0,0,0,1.5],"texture":"#2"}}},{"name":"cogwheel","from":[-2.56488,8.84609,-1.85009],"to":[3.43512,14.84609,-1.85009],"rotation":{"angle":0,"axis":"y","origin":[0.43512,11.84609,-1.85009]},"faces":{"north":{"uv":[1.5,4.5,0,6],"texture":"#2"},"east":{"uv":[0,0,0,1.5],"texture":"#2"},"south":{"uv":[0,4.5,1.5,6],"texture":"#2"},"west":{"uv":[0,0,0,1.5],"texture":"#2"},"up":{"uv":[0,0,0,1.5],"rotation":90,"texture":"#2"},"down":{"uv":[0,1.5,0,0],"rotation":270,"texture":"#2"}}},{"name":"cogwheel","from":[-2.56488,8.84609,-1.85009],"to":[3.43512,14.84609,-1.85009],"rotation":{"angle":-22.5,"axis":"z","origin":[0.43512,11.84609,-1.85009]},"faces":{"north":{"uv":[1.5,3,0,4.5],"texture":"#2"},"east":{"uv":[0,0,0,1.5],"texture":"#2"},"south":{"uv":[0,3,1.5,4.5],"texture":"#2"},"west":{"uv":[0,0,0,1.5],"texture":"#2"},"up":{"uv":[0,0,0,1.5],"rotation":90,"texture":"#2"},"down":{"uv":[0,1.5,0,0],"rotation":270,"texture":"#2"}}},{"name":"cogwheel","from":[-2.56488,8.84609,-1.85009],"to":[3.43512,14.84609,-1.85009],"rotation":{"angle":45,"axis":"z","origin":[0.43512,11.84609,-1.85009]},"faces":{"north":{"uv":[1.5,1.5,0,3],"texture":"#2"},"east":{"uv":[0,0,0,1.5],"texture":"#2"},"south":{"uv":[0,1.5,1.5,3],"texture":"#2"},"west":{"uv":[0,0,0,1.5],"texture":"#2"},"up":{"uv":[0,0,0,1.5],"rotation":90,"texture":"#2"},"down":{"uv":[0,1.5,0,0],"rotation":270,"texture":"#2"}}},{"name":"cogwheel","from":[-2.56488,8.84609,-1.85009],"to":[3.43512,14.84609,-1.85009],"rotation":{"angle":22.5,"axis":"z","origin":[0.43512,11.84609,-1.85009]},"faces":{"north":{"uv":[1.5,0,0,1.5],"texture":"#2"},"east":{"uv":[0,0,0,1.5],"texture":"#2"},"south":{"uv":[0,0,1.5,1.5],"texture":"#2"},"west":{"uv":[0,0,0,1.5],"texture":"#2"},"up":{"uv":[0,0,0,1.5],"rotation":90,"texture":"#2"},"down":{"uv":[0,1.5,0,0],"rotation":270,"texture":"#2"}}},{"name":"cogwheel","from":[15,1.86251,9.22442],"to":[21,7.86251,9.22442],"rotation":{"angle":0,"axis":"y","origin":[18,4.86251,9.22442]},"faces":{"north":{"uv":[0,4.5,1.5,6],"texture":"#2"},"east":{"uv":[0,0,0,1.5],"texture":"#2"},"south":{"uv":[1.5,4.5,0,6],"texture":"#2"},"west":{"uv":[0,0,0,1.5],"texture":"#2"},"up":{"uv":[0,1.5,0,0],"rotation":90,"texture":"#2"},"down":{"uv":[0,0,0,1.5],"rotation":270,"texture":"#2"}}},{"name":"cogwheel","from":[15,1.86251,9.22442],"to":[21,7.86251,9.22442],"rotation":{"angle":-22.5,"axis":"z","origin":[18,4.86251,9.22442]},"faces":{"north":{"uv":[0,3,1.5,4.5],"texture":"#2"},"east":{"uv":[0,0,0,1.5],"texture":"#2"},"south":{"uv":[1.5,3,0,4.5],"texture":"#2"},"west":{"uv":[0,0,0,1.5],"texture":"#2"},"up":{"uv":[0,1.5,0,0],"rotation":90,"texture":"#2"},"down":{"uv":[0,0,0,1.5],"rotation":270,"texture":"#2"}}},{"name":"cogwheel","from":[15,1.86251,9.22442],"to":[21,7.86251,9.22442],"rotation":{"angle":-45,"axis":"z","origin":[18,4.86251,9.22442]},"faces":{"north":{"uv":[0,1.5,1.5,3],"texture":"#2"},"east":{"uv":[0,0,0,1.5],"texture":"#2"},"south":{"uv":[1.5,1.5,0,3],"texture":"#2"},"west":{"uv":[0,0,0,1.5],"texture":"#2"},"up":{"uv":[0,1.5,0,0],"rotation":90,"texture":"#2"},"down":{"uv":[0,0,0,1.5],"rotation":270,"texture":"#2"}}},{"name":"cogwheel","from":[15,1.86251,9.22442],"to":[21,7.86251,9.22442],"rotation":{"angle":22.5,"axis":"z","origin":[18,4.86251,9.22442]},"faces":{"north":{"uv":[0,0,1.5,1.5],"rotation":270,"texture":"#2"},"east":{"uv":[0,1.5,0,0],"rotation":180,"texture":"#2"},"south":{"uv":[1.5,0,0,1.5],"rotation":90,"texture":"#2"},"west":{"uv":[0,0,0,1.5],"texture":"#2"},"up":{"uv":[0,0,0,1.5],"rotation":90,"texture":"#2"},"down":{"uv":[0,0,0,1.5],"rotation":90,"texture":"#2"}}},{"name":"cogwheel","from":[16.6,6.8829,-1.76876],"to":[16.6,10.8829,2.23124],"rotation":{"angle":0,"axis":"y","origin":[7.975,7.49879,12.72491]},"faces":{"north":{"uv":[0,0,0,1],"texture":"#2"},"east":{"uv":[6,4.75,7,5.75],"texture":"#2"},"south":{"uv":[0,0,0,1],"texture":"#2"},"west":{"uv":[7,4.75,6,5.75],"texture":"#2"},"up":{"uv":[0,1,0,0],"texture":"#2"},"down":{"uv":[0,0,0,1],"texture":"#2"}}},{"name":"cogwheel","from":[16.6,1.99642,-1.34741],"to":[16.6,5.99642,2.65259],"rotation":{"angle":22.5,"axis":"x","origin":[7.975,7.49879,12.72491]},"faces":{"north":{"uv":[0,0,0,1],"texture":"#2"},"east":{"uv":[6,3.75,7,4.75],"texture":"#2"},"south":{"uv":[0,0,0,1],"texture":"#2"},"west":{"uv":[7,3.75,6,4.75],"texture":"#2"},"up":{"uv":[0,1,0,0],"texture":"#2"},"down":{"uv":[0,0,0,1],"texture":"#2"}}},{"name":"cogwheel","from":[16.6,15.31186,2.86926],"to":[16.6,19.31186,6.86926],"rotation":{"angle":-45,"axis":"x","origin":[7.975,7.49879,12.72491]},"faces":{"north":{"uv":[0,0,0,1],"texture":"#2"},"east":{"uv":[6,2.75,7,3.75],"texture":"#2"},"south":{"uv":[0,0,0,1],"texture":"#2"},"west":{"uv":[7,2.75,6,3.75],"texture":"#2"},"up":{"uv":[0,1,0,0],"texture":"#2"},"down":{"uv":[0,0,0,1],"texture":"#2"}}},{"name":"cogwheel","from":[16.6,11.55866,-0.28806],"to":[16.6,15.55866,3.71194],"rotation":{"angle":-22.5,"axis":"x","origin":[7.975,7.49879,12.72491]},"faces":{"north":{"uv":[0,0,0,1],"texture":"#2"},"east":{"uv":[6,1.75,7,2.75],"texture":"#2"},"south":{"uv":[0,0,0,1],"texture":"#2"},"west":{"uv":[7,1.75,6,2.75],"texture":"#2"},"up":{"uv":[0,1,0,0],"texture":"#2"},"down":{"uv":[0,0,0,1],"texture":"#2"}}},{"name":"cogwheel","from":[0.8,7.55424,21.13655],"to":[0.8,11.55424,25.13655],"rotation":{"angle":0,"axis":"y","origin":[7.975,7.49879,11.72491]},"faces":{"north":{"uv":[0,0,0,1],"texture":"#2"},"east":{"uv":[5.5,6,4.5,7],"texture":"#2"},"south":{"uv":[0,0,0,1],"texture":"#2"},"west":{"uv":[4.5,6,5.5,7],"texture":"#2"},"up":{"uv":[0,1,0,0],"texture":"#2"},"down":{"uv":[0,0,0,1],"texture":"#2"}}},{"name":"cogwheel","from":[0.8,11.76483,19.48131],"to":[0.8,15.76483,23.48131],"rotation":{"angle":22.5,"axis":"x","origin":[7.975,7.49879,11.72491]},"faces":{"north":{"uv":[0,0,0,1],"texture":"#2"},"east":{"uv":[4.5,6,3.5,7],"texture":"#2"},"south":{"uv":[0,0,0,1],"texture":"#2"},"west":{"uv":[3.5,6,4.5,7],"texture":"#2"},"up":{"uv":[0,1,0,0],"texture":"#2"},"down":{"uv":[0,0,0,1],"texture":"#2"}}},{"name":"cogwheel","from":[0.8,-1.11704,19.24758],"to":[0.8,2.88296,23.24758],"rotation":{"angle":-45,"axis":"x","origin":[7.975,7.49879,11.72491]},"faces":{"north":{"uv":[0,0,0,1],"texture":"#2"},"east":{"uv":[3.5,6,2.5,7],"texture":"#2"},"south":{"uv":[0,0,0,1],"texture":"#2"},"west":{"uv":[2.5,6,3.5,7],"texture":"#2"},"up":{"uv":[0,1,0,0],"texture":"#2"},"down":{"uv":[0,0,0,1],"texture":"#2"}}},{"name":"cogwheel","from":[0.3,9.684,1.97971],"to":[0.3,13.684,5.97971],"rotation":{"angle":-22.5,"axis":"x","origin":[7.975,7.49879,11.72491]},"faces":{"north":{"uv":[0,0,0,1],"texture":"#2"},"east":{"uv":[4,7,3,8],"texture":"#2"},"south":{"uv":[0,0,0,1],"texture":"#2"},"west":{"uv":[3,7,4,8],"texture":"#2"},"up":{"uv":[0,1,0,0],"texture":"#2"},"down":{"uv":[0,0,0,1],"texture":"#2"}}},{"name":"cogwheel","from":[0.3,6.40146,0.96767],"to":[0.3,10.40146,4.96767],"rotation":{"angle":0,"axis":"y","origin":[7.975,7.49879,11.72491]},"faces":{"north":{"uv":[0,0,0,1],"texture":"#2"},"east":{"uv":[3,7,2,8],"texture":"#2"},"south":{"uv":[0,0,0,1],"texture":"#2"},"west":{"uv":[2,7,3,8],"texture":"#2"},"up":{"uv":[0,1,0,0],"texture":"#2"},"down":{"uv":[0,0,0,1],"texture":"#2"}}},{"name":"cogwheel","from":[0.3,12.32938,4.17089],"to":[0.3,16.32938,8.17089],"rotation":{"angle":-45,"axis":"x","origin":[7.975,7.49879,11.72491]},"faces":{"north":{"uv":[0,0,0,1],"texture":"#2"},"east":{"uv":[5,7,4,8],"texture":"#2"},"south":{"uv":[0,0,0,1],"texture":"#2"},"west":{"uv":[4,7,5,8],"texture":"#2"},"up":{"uv":[0,1,0,0],"texture":"#2"},"down":{"uv":[0,0,0,1],"texture":"#2"}}},{"name":"cogwheel","from":[13.55,3.75183,22.2658],"to":[13.55,7.75183,26.2658],"rotation":{"angle":-45,"axis":"x","origin":[7.975,7.49879,11.72491]},"faces":{"north":{"uv":[0,0,0,1],"texture":"#2"},"east":{"uv":[7,1.75,8,2.75],"texture":"#2"},"south":{"uv":[0,0,0,1],"texture":"#2"},"west":{"uv":[8,1.75,7,2.75],"texture":"#2"},"up":{"uv":[0,1,0,0],"texture":"#2"},"down":{"uv":[0,0,0,1],"texture":"#2"}}},{"name":"cogwheel","from":[13.55,16.41653,16.13808],"to":[13.55,20.41653,20.13808],"rotation":{"angle":22.5,"axis":"x","origin":[7.975,7.49879,11.72491]},"faces":{"north":{"uv":[0,0,0,1],"texture":"#2"},"east":{"uv":[7,2.75,8,3.75],"texture":"#2"},"south":{"uv":[0,0,0,1],"texture":"#2"},"west":{"uv":[8,2.75,7,3.75],"texture":"#2"},"up":{"uv":[0,1,0,0],"texture":"#2"},"down":{"uv":[0,0,0,1],"texture":"#2"}}},{"name":"cogwheel","from":[13.55,13.13125,19.82795],"to":[13.55,17.13125,23.82795],"rotation":{"angle":0,"axis":"y","origin":[7.975,7.49879,11.72491]},"faces":{"north":{"uv":[0,0,0,1],"texture":"#2"},"east":{"uv":[7,3.75,8,4.75],"texture":"#2"},"south":{"uv":[0,0,0,1],"texture":"#2"},"west":{"uv":[8,3.75,7,4.75],"texture":"#2"},"up":{"uv":[0,1,0,0],"texture":"#2"},"down":{"uv":[0,0,0,1],"texture":"#2"}}},{"name":"cogwheel","from":[13.55,8.684,21.97971],"to":[13.55,12.684,25.97971],"rotation":{"angle":-22.5,"axis":"x","origin":[7.975,7.49879,11.72491]},"faces":{"north":{"uv":[0,0,0,1],"rotation":180,"texture":"#2"},"east":{"uv":[7,4.75,8,5.75],"rotation":270,"texture":"#2"},"south":{"uv":[0,1,0,0],"texture":"#2"},"west":{"uv":[8,4.75,7,5.75],"rotation":90,"texture":"#2"},"up":{"uv":[0,0,0,1],"rotation":180,"texture":"#2"},"down":{"uv":[0,0,0,1],"texture":"#2"}}},{"name":"cogwheel","from":[-4,2.68863,9.2071],"to":[0,6.68863,9.2071],"rotation":{"angle":0,"axis":"y","origin":[-2,4.68863,8.8571]},"faces":{"north":{"uv":[8,4.75,7,5.75],"texture":"#2"},"east":{"uv":[0,0,0,1],"texture":"#2"},"south":{"uv":[7,4.75,8,5.75],"texture":"#2"},"west":{"uv":[0,0,0,1],"texture":"#2"},"up":{"uv":[0,1,0,0],"rotation":90,"texture":"#2"},"down":{"uv":[0,0,0,1],"rotation":270,"texture":"#2"}}},{"name":"cogwheel","from":[-4,2.68863,9.2071],"to":[0,6.68863,9.2071],"rotation":{"angle":22.5,"axis":"z","origin":[-2,4.68863,8.8571]},"faces":{"north":{"uv":[8,3.75,7,4.75],"texture":"#2"},"east":{"uv":[0,0,0,1],"texture":"#2"},"south":{"uv":[7,3.75,8,4.75],"texture":"#2"},"west":{"uv":[0,0,0,1],"texture":"#2"},"up":{"uv":[0,1,0,0],"rotation":90,"texture":"#2"},"down":{"uv":[0,0,0,1],"rotation":270,"texture":"#2"}}},{"name":"cogwheel","from":[-4,2.68863,9.2071],"to":[0,6.68863,9.2071],"rotation":{"angle":45,"axis":"z","origin":[-2,4.68863,8.8571]},"faces":{"north":{"uv":[8,2.75,7,3.75],"texture":"#2"},"east":{"uv":[0,0,0,1],"texture":"#2"},"south":{"uv":[7,2.75,8,3.75],"texture":"#2"},"west":{"uv":[0,0,0,1],"texture":"#2"},"up":{"uv":[0,1,0,0],"rotation":90,"texture":"#2"},"down":{"uv":[0,0,0,1],"rotation":270,"texture":"#2"}}},{"name":"cogwheel","from":[-4,2.68863,9.2071],"to":[0,6.68863,9.2071],"rotation":{"angle":-22.5,"axis":"z","origin":[-2,4.68863,8.8571]},"faces":{"north":{"uv":[8,1.75,7,2.75],"rotation":90,"texture":"#2"},"east":{"uv":[0,0,0,1],"rotation":180,"texture":"#2"},"south":{"uv":[7,1.75,8,2.75],"rotation":270,"texture":"#2"},"west":{"uv":[0,1,0,0],"texture":"#2"},"up":{"uv":[0,0,0,1],"rotation":270,"texture":"#2"},"down":{"uv":[0,0,0,1],"rotation":270,"texture":"#2"}}},{"name":"cogwheel","from":[13.5,6.78863,-1.5429],"to":[17.5,10.78863,-1.5429],"rotation":{"angle":22.5,"axis":"z","origin":[15.5,8.78863,-1.8929]},"faces":{"north":{"uv":[8,2.75,7,1.75],"rotation":90,"texture":"#2"},"east":{"uv":[0,1,0,0],"texture":"#2"},"south":{"uv":[7,2.75,8,1.75],"rotation":270,"texture":"#2"},"west":{"uv":[0,0,0,1],"rotation":180,"texture":"#2"},"up":{"uv":[0,1,0,0],"rotation":270,"texture":"#2"},"down":{"uv":[0,1,0,0],"rotation":270,"texture":"#2"}}},{"name":"cogwheel","from":[13.5,6.78863,-1.5429],"to":[17.5,10.78863,-1.5429],"rotation":{"angle":-45,"axis":"z","origin":[15.5,8.78863,-1.8929]},"faces":{"north":{"uv":[7,2.75,8,3.75],"texture":"#2"},"east":{"uv":[0,0,0,1],"texture":"#2"},"south":{"uv":[8,2.75,7,3.75],"texture":"#2"},"west":{"uv":[0,0,0,1],"texture":"#2"},"up":{"uv":[0,0,0,1],"rotation":90,"texture":"#2"},"down":{"uv":[0,1,0,0],"rotation":270,"texture":"#2"}}},{"name":"cogwheel","from":[13.5,6.78863,-1.5429],"to":[17.5,10.78863,-1.5429],"rotation":{"angle":-22.5,"axis":"z","origin":[15.5,8.78863,-1.8929]},"faces":{"north":{"uv":[7,3.75,8,4.75],"texture":"#2"},"east":{"uv":[0,0,0,1],"texture":"#2"},"south":{"uv":[8,3.75,7,4.75],"texture":"#2"},"west":{"uv":[0,0,0,1],"texture":"#2"},"up":{"uv":[0,0,0,1],"rotation":90,"texture":"#2"},"down":{"uv":[0,1,0,0],"rotation":270,"texture":"#2"}}},{"name":"cogwheel","from":[13.5,6.78863,-1.5429],"to":[17.5,10.78863,-1.5429],"rotation":{"angle":0,"axis":"y","origin":[15.5,8.78863,-1.8929]},"faces":{"north":{"uv":[7,4.75,8,5.75],"texture":"#2"},"east":{"uv":[0,0,0,1],"texture":"#2"},"south":{"uv":[8,4.75,7,5.75],"texture":"#2"},"west":{"uv":[0,0,0,1],"texture":"#2"},"up":{"uv":[0,0,0,1],"rotation":90,"texture":"#2"},"down":{"uv":[0,1,0,0],"rotation":270,"texture":"#2"}}},{"name":"cogwheel","from":[1.6,9.78863,-2.3571],"to":[5.6,13.78863,-2.3571],"rotation":{"angle":0,"axis":"y","origin":[3.6,11.78863,-2.0071]},"faces":{"north":{"uv":[8,4.75,7,5.75],"texture":"#2"},"east":{"uv":[0,0,0,1],"texture":"#2"},"south":{"uv":[7,4.75,8,5.75],"texture":"#2"},"west":{"uv":[0,0,0,1],"texture":"#2"},"up":{"uv":[0,0,0,1],"rotation":270,"texture":"#2"},"down":{"uv":[0,1,0,0],"rotation":90,"texture":"#2"}}},{"name":"cogwheel","from":[1.6,9.78863,-2.3571],"to":[5.6,13.78863,-2.3571],"rotation":{"angle":22.5,"axis":"z","origin":[3.6,11.78863,-2.0071]},"faces":{"north":{"uv":[8,3.75,7,4.75],"texture":"#2"},"east":{"uv":[0,0,0,1],"texture":"#2"},"south":{"uv":[7,3.75,8,4.75],"texture":"#2"},"west":{"uv":[0,0,0,1],"texture":"#2"},"up":{"uv":[0,0,0,1],"rotation":270,"texture":"#2"},"down":{"uv":[0,1,0,0],"rotation":90,"texture":"#2"}}},{"name":"cogwheel","from":[1.6,9.78863,-2.3571],"to":[5.6,13.78863,-2.3571],"rotation":{"angle":45,"axis":"z","origin":[3.6,11.78863,-2.0071]},"faces":{"north":{"uv":[8,2.75,7,3.75],"texture":"#2"},"east":{"uv":[0,0,0,1],"texture":"#2"},"south":{"uv":[7,2.75,8,3.75],"texture":"#2"},"west":{"uv":[0,0,0,1],"texture":"#2"},"up":{"uv":[0,0,0,1],"rotation":270,"texture":"#2"},"down":{"uv":[0,1,0,0],"rotation":90,"texture":"#2"}}},{"name":"cogwheel","from":[1.6,9.78863,-2.3571],"to":[5.6,13.78863,-2.3571],"rotation":{"angle":-22.5,"axis":"z","origin":[3.6,11.78863,-2.0071]},"faces":{"north":{"uv":[7,2.75,8,1.75],"rotation":270,"texture":"#2"},"east":{"uv":[0,0,0,1],"rotation":180,"texture":"#2"},"south":{"uv":[8,2.75,7,1.75],"rotation":90,"texture":"#2"},"west":{"uv":[0,1,0,0],"texture":"#2"},"up":{"uv":[0,1,0,0],"rotation":90,"texture":"#2"},"down":{"uv":[0,1,0,0],"rotation":90,"texture":"#2"}}},{"name":"cogwheel","from":[0.9,-6.1434,16.19806],"to":[0.9,-0.1434,22.19806],"rotation":{"angle":-45,"axis":"x","origin":[7.975,7.49879,11.72491]},"faces":{"north":{"uv":[0,0,0,1.5],"texture":"#2"},"east":{"uv":[3,4.5,1.5,6],"texture":"#2"},"south":{"uv":[0,0,0,1.5],"texture":"#2"},"west":{"uv":[1.5,4.5,3,6],"texture":"#2"},"up":{"uv":[0,1.5,0,0],"texture":"#2"},"down":{"uv":[0,0,0,1.5],"texture":"#2"}}},{"name":"cogwheel","from":[0.9,-2.47346,19.70179],"to":[0.9,3.52654,25.70179],"rotation":{"angle":-22.5,"axis":"x","origin":[7.975,7.49879,11.72491]},"faces":{"north":{"uv":[0,0,0,1.5],"texture":"#2"},"east":{"uv":[3,3,1.5,4.5],"texture":"#2"},"south":{"uv":[0,0,0,1.5],"texture":"#2"},"west":{"uv":[1.5,3,3,4.5],"texture":"#2"},"up":{"uv":[0,1.5,0,0],"texture":"#2"},"down":{"uv":[0,0,0,1.5],"texture":"#2"}}},{"name":"cogwheel","from":[0.9,2.25795,21.53439],"to":[0.9,8.25795,27.53439],"rotation":{"angle":0,"axis":"y","origin":[7.975,7.49879,11.72491]},"faces":{"north":{"uv":[0,0,0,1.5],"texture":"#2"},"east":{"uv":[3,1.5,1.5,3],"texture":"#2"},"south":{"uv":[0,0,0,1.5],"texture":"#2"},"west":{"uv":[1.5,1.5,3,3],"texture":"#2"},"up":{"uv":[0,1.5,0,0],"texture":"#2"},"down":{"uv":[0,0,0,1.5],"texture":"#2"}}},{"name":"cogwheel","from":[7.9,-3.30892,19.80752],"to":[7.9,2.69108,25.80752],"rotation":{"angle":-45,"axis":"x","origin":[7.975,7.49879,11.72491]},"faces":{"north":{"uv":[0,0,0,1.5],"texture":"#2"},"east":{"uv":[3,4.5,1.5,6],"texture":"#2"},"south":{"uv":[0,0,0,1.5],"texture":"#2"},"west":{"uv":[1.5,4.5,3,6],"texture":"#2"},"up":{"uv":[0,1.5,0,0],"texture":"#2"},"down":{"uv":[0,0,0,1.5],"texture":"#2"}}},{"name":"cogwheel","from":[7.9,1.52654,21.95179],"to":[7.9,7.52654,27.95179],"rotation":{"angle":-22.5,"axis":"x","origin":[7.975,7.49879,11.72491]},"faces":{"north":{"uv":[0,0,0,1.5],"texture":"#2"},"east":{"uv":[3,3,1.5,4.5],"texture":"#2"},"south":{"uv":[0,0,0,1.5],"texture":"#2"},"west":{"uv":[1.5,3,3,4.5],"texture":"#2"},"up":{"uv":[0,1.5,0,0],"texture":"#2"},"down":{"uv":[0,0,0,1.5],"texture":"#2"}}},{"name":"cogwheel","from":[7.9,6.8145,22.08238],"to":[7.9,12.8145,28.08238],"rotation":{"angle":0,"axis":"y","origin":[7.975,7.49879,11.72491]},"faces":{"north":{"uv":[0,0,0,1.5],"texture":"#2"},"east":{"uv":[3,1.5,1.5,3],"texture":"#2"},"south":{"uv":[0,0,0,1.5],"texture":"#2"},"west":{"uv":[1.5,1.5,3,3],"texture":"#2"},"up":{"uv":[0,1.5,0,0],"texture":"#2"},"down":{"uv":[0,0,0,1.5],"texture":"#2"}}},{"name":"cogwheel","from":[7.9,11.74991,20.17942],"to":[7.9,17.74991,26.17942],"rotation":{"angle":22.5,"axis":"x","origin":[7.975,7.49879,11.72491]},"faces":{"north":{"uv":[0,0,0,1.5],"texture":"#2"},"east":{"uv":[3,0,1.5,1.5],"texture":"#2"},"south":{"uv":[0,0,0,1.5],"texture":"#2"},"west":{"uv":[1.5,0,3,1.5],"texture":"#2"},"up":{"uv":[0,1.5,0,0],"texture":"#2"},"down":{"uv":[0,0,0,1.5],"texture":"#2"}}},{"name":"head","from":[1,0,1],"to":[1,14,15],"rotation":{"angle":-22.5,"axis":"x","origin":[7.975,7.49879,11.72491]},"faces":{"north":{"uv":[0,2,1.75,3.75],"texture":"#1"},"east":{"uv":[1.75,2,3.5,3.75],"texture":"#1"},"south":{"uv":[3.5,2,5.25,3.75],"texture":"#1"},"west":{"uv":[0,3.75,1.75,5.5],"texture":"#1"},"up":{"uv":[5.5,1.75,3.75,0],"texture":"#1"},"down":{"uv":[3.5,3.75,1.75,5.5],"texture":"#1"}}},{"name":"head","from":[1,0,1],"to":[15,14,15],"rotation":{"angle":-22.5,"axis":"x","origin":[7.975,7.49879,11.72491]},"faces":{"south":{"uv":[3.5,2,5.25,3.75],"texture":"#1"},"up":{"uv":[5.5,1.75,3.75,0],"texture":"#1"},"down":{"uv":[3.5,3.75,1.75,5.5],"texture":"#1"}}},{"name":"head","from":[1,0,1],"to":[15,14,1],"rotation":{"angle":-22.5,"axis":"x","origin":[7.975,7.49879,11.72491]},"faces":{"north":{"uv":[0,2,1.75,3.75],"texture":"#1"},"east":{"uv":[1.75,2,3.5,3.75],"texture":"#1"},"south":{"uv":[0,2,1.75,3.75],"texture":"#1"},"west":{"uv":[0,3.75,1.75,5.5],"texture":"#1"},"up":{"uv":[5.5,1.75,3.75,0],"texture":"#1"},"down":{"uv":[3.5,3.75,1.75,5.5],"texture":"#1"}}},{"name":"head","from":[15,0,1],"to":[15,14,15],"rotation":{"angle":-22.5,"axis":"x","origin":[7.975,7.49879,11.72491]},"faces":{"north":{"uv":[0,2,1.75,3.75],"texture":"#1"},"east":{"uv":[1.75,2,3.5,3.75],"texture":"#1"},"south":{"uv":[3.5,2,5.25,3.75],"texture":"#1"},"west":{"uv":[0,3.75,1.75,5.5],"texture":"#1"},"up":{"uv":[5.5,1.75,3.75,0],"texture":"#1"},"down":{"uv":[3.5,3.75,1.75,5.5],"texture":"#1"}}},{"from":[0.5,7.34609,-0.36497],"to":[15.5,10.34609,15.63503],"rotation":{"angle":0,"axis":"y","origin":[7.975,7.49879,11.72491]},"faces":{"north":{"uv":[8,3.375,9.875,3.75],"texture":"#1"},"east":{"uv":[7.875,0.75,9.875,1.125],"texture":"#1"},"south":{"uv":[8,3.75,9.875,4.125],"texture":"#1"},"west":{"uv":[7.875,1.125,9.875,1.5],"texture":"#1"},"up":{"uv":[1.875,2,0,0],"texture":"#1"},"down":{"uv":[3.75,0,1.875,2],"texture":"#1"}}},{"from":[9.5,5.84609,-3.36497],"to":[15.5,11.84609,-1.36497],"rotation":{"angle":0,"axis":"y","origin":[12.5,8.84609,-2.36497]},"faces":{"north":{"uv":[2.875,8.375,3.625,9.125],"texture":"#1"},"east":{"uv":[1.625,8.375,1.875,9.125],"texture":"#1"},"south":{"uv":[3.625,8.375,4.375,9.125],"texture":"#1"},"west":{"uv":[1.375,9.625,1.625,10.375],"texture":"#1"},"up":{"uv":[4.5,2,3.75,1.75],"texture":"#1"},"down":{"uv":[5.25,1.75,4.5,2],"texture":"#1"}}},{"from":[0.5,5.84609,-3.36497],"to":[6.5,11.84609,-1.36497],"rotation":{"angle":0,"axis":"y","origin":[3.5,8.84609,-2.36497]},"faces":{"north":{"uv":[3.625,8.375,2.875,9.125],"texture":"#1"},"east":{"uv":[1.625,9.625,1.375,10.375],"texture":"#1"},"south":{"uv":[4.375,8.375,3.625,9.125],"texture":"#1"},"west":{"uv":[1.875,8.375,1.625,9.125],"texture":"#1"},"up":{"uv":[3.75,2,4.5,1.75],"texture":"#1"},"down":{"uv":[4.5,1.75,5.25,2],"texture":"#1"}}},{"from":[-0.5,5.84609,-1.36497],"to":[16.5,11.84609,-0.36497],"rotation":{"angle":0,"axis":"y","origin":[7.975,7.49879,11.72491]},"faces":{"north":{"uv":[5.25,2.75,7.375,3.5],"texture":"#1"},"east":{"uv":[9.75,9.875,9.875,10.625],"texture":"#1"},"south":{"uv":[5.25,5.125,7.375,5.875],"texture":"#1"},"west":{"uv":[6.25,10.125,6.375,10.875],"texture":"#1"},"up":{"uv":[10.625,0.75,8.5,0.625],"texture":"#1"},"down":{"uv":[11,3.25,8.875,3.375],"texture":"#1"}}},{"from":[7,5.84609,-2.36497],"to":[9,7.84609,-1.36497],"rotation":{"angle":0,"axis":"y","origin":[7.975,7.49879,11.72491]},"faces":{"north":{"uv":[6.25,3.5,6.5,3.75],"texture":"#1"},"east":{"uv":[2.875,8,3,8.25],"texture":"#1"},"south":{"uv":[8,4.125,8.25,4.375],"texture":"#1"},"west":{"uv":[4.375,8.375,4.5,8.625],"texture":"#1"},"up":{"uv":[7.25,2.75,7,2.625],"texture":"#1"},"down":{"uv":[8.125,2,7.875,2.125],"texture":"#1"}}},{"name":"rim","from":[-0.5,5.84609,-0.36497],"to":[16.5,11.84609,1.63503],"rotation":{"angle":0,"axis":"y","origin":[7.975,7.49879,11.72491]},"faces":{"north":{"uv":[0,5.5,2.125,6.25],"texture":"#1"},"east":{"uv":[6.625,9.625,6.375,10.375],"texture":"#1"},"west":{"uv":[6.375,9.625,6.625,10.375],"texture":"#1"},"up":{"uv":[10.375,5.125,8.25,4.875],"texture":"#1"},"down":{"uv":[10.625,0,8.5,0.25],"texture":"#1"}}},{"name":"frame","from":[2.26,10.85609,-6.35497],"to":[4.74,11.83609,-3.37497],"rotation":{"angle":-45,"axis":"z","origin":[3.5,8.84609,-4.11497]},"faces":{"north":{"uv":[5.9375,10,6.3125,10.125],"texture":"#1"},"east":{"uv":[4.875,6.125,5.25,6.375],"texture":"#1"},"south":{"uv":[7.875,9.625,8.375,10.125],"texture":"#1"},"west":{"uv":[7,2.125,7.375,2.375],"texture":"#1"},"up":{"uv":[10.25,3.75,10,3.375],"texture":"#1"},"down":{"uv":[10.25,3.75,10,4.125],"texture":"#1"}}},{"name":"frame","from":[2.25,10.84609,-6.36497],"to":[4.75,11.84609,-3.36497],"rotation":{"angle":0,"axis":"y","origin":[3.5,8.84609,-4.11497]},"faces":{"north":{"uv":[5.9375,10,6.3125,10.125],"texture":"#1"},"east":{"uv":[4.875,6.125,5.25,6.375],"texture":"#1"},"south":{"uv":[7.875,9.625,8.375,10.125],"texture":"#1"},"west":{"uv":[7,2.125,7.375,2.375],"texture":"#1"},"up":{"uv":[10.25,3.75,10,3.375],"texture":"#1"},"down":{"uv":[10.25,3.75,10,4.125],"texture":"#1"}}},{"name":"frame","from":[0.5,7.59609,-6.36497],"to":[1.5,10.09609,-3.36497],"rotation":{"angle":0,"axis":"y","origin":[3.5,8.84609,-4.11497]},"faces":{"north":{"uv":[5.9375,10,6.3125,10.125],"rotation":90,"texture":"#1"},"east":{"uv":[10.25,3.75,10,4.125],"rotation":270,"texture":"#1"},"south":{"uv":[7.875,9.625,8.375,10.125],"rotation":270,"texture":"#1"},"west":{"uv":[10.25,3.75,10,3.375],"rotation":270,"texture":"#1"},"up":{"uv":[4.875,6.125,5.25,6.375],"rotation":270,"texture":"#1"},"down":{"uv":[7,2.125,7.375,2.375],"rotation":270,"texture":"#1"}}},{"name":"frame","from":[2.26,10.85609,-6.35497],"to":[4.74,11.83609,-3.37497],"rotation":{"angle":45,"axis":"z","origin":[3.5,8.84609,-4.11497]},"faces":{"north":{"uv":[5.9375,10,6.3125,10.125],"texture":"#1"},"east":{"uv":[4.875,6.125,5.25,6.375],"texture":"#1"},"south":{"uv":[7.875,9.625,8.375,10.125],"texture":"#1"},"west":{"uv":[7,2.125,7.375,2.375],"texture":"#1"},"up":{"uv":[10.25,3.75,10,3.375],"texture":"#1"},"down":{"uv":[10.25,3.75,10,4.125],"texture":"#1"}}},{"name":"frame","from":[2.25,5.84609,-6.36497],"to":[4.75,6.84609,-3.36497],"rotation":{"angle":0,"axis":"y","origin":[3.5,8.84609,-4.11497]},"faces":{"north":{"uv":[5.9375,10,6.3125,10.125],"rotation":180,"texture":"#1"},"east":{"uv":[7,2.125,7.375,2.375],"rotation":180,"texture":"#1"},"south":{"uv":[7.875,9.625,8.375,10.125],"rotation":180,"texture":"#1"},"west":{"uv":[4.875,6.125,5.25,6.375],"rotation":180,"texture":"#1"},"up":{"uv":[10.25,3.75,10,4.125],"rotation":180,"texture":"#1"},"down":{"uv":[10.25,3.75,10,3.375],"rotation":180,"texture":"#1"}}},{"name":"frame","from":[2.26,5.85609,-6.35497],"to":[4.74,6.83609,-3.37497],"rotation":{"angle":-45,"axis":"z","origin":[3.5,8.84609,-4.11497]},"faces":{"north":{"uv":[5.9375,10,6.3125,10.125],"rotation":180,"texture":"#1"},"east":{"uv":[7,2.125,7.375,2.375],"rotation":180,"texture":"#1"},"south":{"uv":[7.875,9.625,8.375,10.125],"rotation":180,"texture":"#1"},"west":{"uv":[4.875,6.125,5.25,6.375],"rotation":180,"texture":"#1"},"up":{"uv":[10.25,3.75,10,4.125],"rotation":180,"texture":"#1"},"down":{"uv":[10.25,3.75,10,3.375],"rotation":180,"texture":"#1"}}},{"name":"frame","from":[5.5,7.59609,-6.36497],"to":[6.5,10.09609,-3.36497],"rotation":{"angle":0,"axis":"y","origin":[3.5,8.84609,-4.11497]},"faces":{"north":{"uv":[5.9375,10,6.3125,10.125],"rotation":270,"texture":"#1"},"east":{"uv":[10.25,3.75,10,3.375],"rotation":90,"texture":"#1"},"south":{"uv":[7.875,9.625,8.375,10.125],"rotation":90,"texture":"#1"},"west":{"uv":[10.25,3.75,10,4.125],"rotation":90,"texture":"#1"},"up":{"uv":[7,2.125,7.375,2.375],"rotation":90,"texture":"#1"},"down":{"uv":[4.875,6.125,5.25,6.375],"rotation":90,"texture":"#1"}}},{"name":"frame","from":[2.26,5.85609,-6.35497],"to":[4.74,6.83609,-3.37497],"rotation":{"angle":45,"axis":"z","origin":[3.5,8.84609,-4.11497]},"faces":{"north":{"uv":[5.9375,10,6.3125,10.125],"rotation":180,"texture":"#1"},"east":{"uv":[7,2.125,7.375,2.375],"rotation":180,"texture":"#1"},"south":{"uv":[7.875,9.625,8.375,10.125],"rotation":180,"texture":"#1"},"west":{"uv":[4.875,6.125,5.25,6.375],"rotation":180,"texture":"#1"},"up":{"uv":[10.25,3.75,10,4.125],"rotation":180,"texture":"#1"},"down":{"uv":[10.25,3.75,10,3.375],"rotation":180,"texture":"#1"}}},{"name":"frame","from":[4.11405,12.55441,-8.10497],"to":[5.09405,15.03441,-7.12497],"rotation":{"angle":0,"axis":"y","origin":[2.1,13.79036,-6.12201]},"faces":{"north":{"uv":[5.9375,10,6.3125,10.125],"rotation":270,"texture":"#1"},"east":{"uv":[10.25,3.75,10,3.625],"rotation":90,"texture":"#1"},"south":{"uv":[7.875,9.625,8.1875,9.75],"rotation":90,"texture":"#1"},"west":{"uv":[10.25,3.75,10,3.875],"rotation":90,"texture":"#1"},"up":{"uv":[7,2.125,7.375,2.375],"rotation":90,"texture":"#1"},"down":{"uv":[4.875,6.125,5.25,6.375],"rotation":90,"texture":"#1"}}},{"name":"frame","from":[4.1,12.54609,-8.11497],"to":[5.1,15.04609,-7.11497],"rotation":{"angle":-45,"axis":"z","origin":[2.1,13.79036,-6.12201]},"faces":{"north":{"uv":[5.9375,10,6.3125,10.125],"rotation":270,"texture":"#1"},"east":{"uv":[10.25,3.75,10,3.625],"rotation":90,"texture":"#1"},"south":{"uv":[7.875,9.625,8.1875,9.75],"rotation":90,"texture":"#1"},"west":{"uv":[10.25,3.75,10,3.875],"rotation":90,"texture":"#1"},"up":{"uv":[7,2.125,7.375,2.375],"rotation":90,"texture":"#1"},"down":{"uv":[4.875,6.125,5.25,6.375],"rotation":90,"texture":"#1"}}},{"name":"frame","from":[0.86405,10.80441,-8.10497],"to":[3.34405,11.78441,-7.12497],"rotation":{"angle":0,"axis":"y","origin":[2.1,13.79036,-6.12201]},"faces":{"north":{"uv":[5.9375,10,6.3125,10.125],"rotation":180,"texture":"#1"},"east":{"uv":[7,2.125,7.375,2.375],"rotation":180,"texture":"#1"},"south":{"uv":[7.875,9.625,8.1875,9.75],"rotation":180,"texture":"#1"},"west":{"uv":[4.875,6.125,5.25,6.375],"rotation":180,"texture":"#1"},"up":{"uv":[10.25,3.75,10,3.875],"rotation":180,"texture":"#1"},"down":{"uv":[10.25,3.75,10,3.625],"rotation":180,"texture":"#1"}}},{"name":"frame","from":[0.85,10.79609,-8.11497],"to":[3.35,11.79609,-7.11497],"rotation":{"angle":-45,"axis":"z","origin":[2.1,13.79036,-6.12201]},"faces":{"north":{"uv":[5.9375,10,6.3125,10.125],"rotation":180,"texture":"#1"},"east":{"uv":[7,2.125,7.375,2.375],"rotation":180,"texture":"#1"},"south":{"uv":[7.875,9.625,8.1875,9.75],"rotation":180,"texture":"#1"},"west":{"uv":[4.875,6.125,5.25,6.375],"rotation":180,"texture":"#1"},"up":{"uv":[10.25,3.75,10,3.875],"rotation":180,"texture":"#1"},"down":{"uv":[10.25,3.75,10,3.625],"rotation":180,"texture":"#1"}}},{"name":"frame","from":[-0.88595,12.55441,-8.10497],"to":[0.09405,15.03441,-7.12497],"rotation":{"angle":0,"axis":"y","origin":[2.1,13.79036,-6.12201]},"faces":{"north":{"uv":[5.9375,10,6.3125,10.125],"rotation":90,"texture":"#1"},"east":{"uv":[10.25,3.75,10,3.875],"rotation":270,"texture":"#1"},"south":{"uv":[7.875,9.625,8.1875,9.75],"rotation":270,"texture":"#1"},"west":{"uv":[10.25,3.75,10,3.625],"rotation":270,"texture":"#1"},"up":{"uv":[4.875,6.125,5.25,6.375],"rotation":270,"texture":"#1"},"down":{"uv":[7,2.125,7.375,2.375],"rotation":270,"texture":"#1"}}},{"name":"frame","from":[0.86405,15.80441,-8.10497],"to":[3.34405,16.78441,-7.12497],"rotation":{"angle":0,"axis":"y","origin":[2.1,13.79036,-6.12201]},"faces":{"north":{"uv":[5.9375,10,6.3125,10.125],"texture":"#1"},"east":{"uv":[4.875,6.125,5.25,6.125],"texture":"#1"},"south":{"uv":[7.875,9.625,8.1875,9.75],"texture":"#1"},"west":{"uv":[7,2.375,7.375,2.375],"texture":"#1"},"up":{"uv":[10.25,3.75,10,3.625],"texture":"#1"},"down":{"uv":[10.25,3.75,10,3.875],"texture":"#1"}}},{"name":"frame","from":[-0.9,12.54609,-8.11497],"to":[0.1,15.04609,-7.11497],"rotation":{"angle":-45,"axis":"z","origin":[2.1,13.79036,-6.12201]},"faces":{"north":{"uv":[5.9375,10,6.3125,10.125],"rotation":90,"texture":"#1"},"east":{"uv":[10.25,3.75,10,3.875],"rotation":270,"texture":"#1"},"south":{"uv":[7.875,9.625,8.1875,9.75],"rotation":270,"texture":"#1"},"west":{"uv":[10.25,3.75,10,3.625],"rotation":270,"texture":"#1"},"up":{"uv":[4.875,6.375,5.25,6.375],"rotation":270,"texture":"#1"},"down":{"uv":[7,2.125,7.375,2.125],"rotation":270,"texture":"#1"}}},{"name":"frame","from":[0.85,15.79609,-8.11497],"to":[3.35,16.79609,-7.11497],"rotation":{"angle":-45,"axis":"z","origin":[2.1,13.79036,-6.12201]},"faces":{"north":{"uv":[5.9375,10,6.3125,10.125],"texture":"#1"},"east":{"uv":[4.875,6.125,5.25,6.375],"texture":"#1"},"south":{"uv":[7.875,9.625,8.1875,9.75],"texture":"#1"},"west":{"uv":[7,2.125,7.375,2.375],"texture":"#1"},"up":{"uv":[10.25,3.75,10,3.625],"texture":"#1"},"down":{"uv":[10.25,3.75,10,3.875],"texture":"#1"}}},{"name":"frame","from":[9.5,7.59609,-6.36497],"to":[10.5,10.09609,-3.36497],"rotation":{"angle":0,"axis":"y","origin":[12.5,8.84609,-4.11497]},"faces":{"north":{"uv":[5.9375,10,6.3125,10.125],"rotation":90,"texture":"#1"},"east":{"uv":[10.25,3.75,10,4.125],"rotation":270,"texture":"#1"},"south":{"uv":[7.875,9.625,8.375,10.125],"rotation":270,"texture":"#1"},"west":{"uv":[10.25,3.75,10,3.375],"rotation":270,"texture":"#1"},"up":{"uv":[4.875,6.125,5.25,6.375],"rotation":270,"texture":"#1"},"down":{"uv":[7,2.125,7.375,2.375],"rotation":270,"texture":"#1"}}},{"name":"frame","from":[11.25,5.84609,-6.36497],"to":[13.75,6.84609,-3.36497],"rotation":{"angle":0,"axis":"y","origin":[12.5,8.84609,-4.11497]},"faces":{"north":{"uv":[5.9375,10,6.3125,10.125],"rotation":180,"texture":"#1"},"east":{"uv":[7,2.125,7.375,2.375],"rotation":180,"texture":"#1"},"south":{"uv":[7.875,9.625,8.375,10.125],"rotation":180,"texture":"#1"},"west":{"uv":[4.875,6.125,5.25,6.375],"rotation":180,"texture":"#1"},"up":{"uv":[10.25,3.75,10,4.125],"rotation":180,"texture":"#1"},"down":{"uv":[10.25,3.75,10,3.375],"rotation":180,"texture":"#1"}}},{"name":"frame","from":[14.5,7.59609,-6.36497],"to":[15.5,10.09609,-3.36497],"rotation":{"angle":0,"axis":"y","origin":[12.5,8.84609,-4.11497]},"faces":{"north":{"uv":[5.9375,10,6.3125,10.125],"rotation":270,"texture":"#1"},"east":{"uv":[10.25,3.75,10,3.375],"rotation":90,"texture":"#1"},"south":{"uv":[7.875,9.625,8.375,10.125],"rotation":90,"texture":"#1"},"west":{"uv":[10.25,3.75,10,4.125],"rotation":90,"texture":"#1"},"up":{"uv":[7,2.125,7.375,2.375],"rotation":90,"texture":"#1"},"down":{"uv":[4.875,6.125,5.25,6.375],"rotation":90,"texture":"#1"}}},{"name":"frame","from":[11.25,10.84609,-6.36497],"to":[13.75,11.84609,-3.36497],"rotation":{"angle":0,"axis":"y","origin":[12.5,8.84609,-4.11497]},"faces":{"north":{"uv":[5.9375,10,6.3125,10.125],"texture":"#1"},"east":{"uv":[4.875,6.125,5.25,6.375],"texture":"#1"},"south":{"uv":[7.875,9.625,8.375,10.125],"texture":"#1"},"west":{"uv":[7,2.125,7.375,2.375],"texture":"#1"},"up":{"uv":[10.25,3.75,10,3.375],"texture":"#1"},"down":{"uv":[10.25,3.75,10,4.125],"texture":"#1"}}},{"name":"frame","from":[11.26,10.85609,-6.35497],"to":[13.74,11.83609,-3.37497],"rotation":{"angle":45,"axis":"z","origin":[12.5,8.84609,-4.11497]},"faces":{"north":{"uv":[5.9375,10,6.3125,10.125],"texture":"#1"},"east":{"uv":[4.875,6.125,5.25,6.375],"texture":"#1"},"south":{"uv":[7.875,9.625,8.375,10.125],"texture":"#1"},"west":{"uv":[7,2.125,7.375,2.375],"texture":"#1"},"up":{"uv":[10.25,3.75,10,3.375],"texture":"#1"},"down":{"uv":[10.25,3.75,10,4.125],"texture":"#1"}}},{"name":"frame","from":[11.26,10.85609,-6.35497],"to":[13.74,11.83609,-3.37497],"rotation":{"angle":-45,"axis":"z","origin":[12.5,8.84609,-4.11497]},"faces":{"north":{"uv":[5.9375,10,6.3125,10.125],"texture":"#1"},"east":{"uv":[4.875,6.125,5.25,6.375],"texture":"#1"},"south":{"uv":[7.875,9.625,8.375,10.125],"texture":"#1"},"west":{"uv":[7,2.125,7.375,2.375],"texture":"#1"},"up":{"uv":[10.25,3.75,10,3.375],"texture":"#1"},"down":{"uv":[10.25,3.75,10,4.125],"texture":"#1"}}},{"name":"frame","from":[11.26,5.85609,-6.35497],"to":[13.74,6.83609,-3.37497],"rotation":{"angle":45,"axis":"z","origin":[12.5,8.84609,-4.11497]},"faces":{"north":{"uv":[5.9375,10,6.3125,10.125],"rotation":180,"texture":"#1"},"east":{"uv":[7,2.125,7.375,2.375],"rotation":180,"texture":"#1"},"south":{"uv":[7.875,9.625,8.375,10.125],"rotation":180,"texture":"#1"},"west":{"uv":[4.875,6.125,5.25,6.375],"rotation":180,"texture":"#1"},"up":{"uv":[10.25,3.75,10,4.125],"rotation":180,"texture":"#1"},"down":{"uv":[10.25,3.75,10,3.375],"rotation":180,"texture":"#1"}}},{"name":"frame","from":[11.26,5.85609,-6.35497],"to":[13.74,6.83609,-3.37497],"rotation":{"angle":-45,"axis":"z","origin":[12.5,8.84609,-4.11497]},"faces":{"north":{"uv":[5.9375,10,6.3125,10.125],"rotation":180,"texture":"#1"},"east":{"uv":[7,2.125,7.375,2.375],"rotation":180,"texture":"#1"},"south":{"uv":[7.875,9.625,8.375,10.125],"rotation":180,"texture":"#1"},"west":{"uv":[4.875,6.125,5.25,6.375],"rotation":180,"texture":"#1"},"up":{"uv":[10.25,3.75,10,4.125],"rotation":180,"texture":"#1"},"down":{"uv":[10.25,3.75,10,3.375],"rotation":180,"texture":"#1"}}},{"name":"exhaust_cover","from":[8.8,17.88559,21.32228],"to":[12.2,26.28559,24.72228],"rotation":{"angle":0,"axis":"y","origin":[7.975,7.49879,11.72491]},"faces":{"north":{"uv":[2.375,9.375,2.75,10.375],"texture":"#1"},"east":{"uv":[1.625,9.375,2,10.375],"texture":"#1"},"south":{"uv":[2.375,9.375,2.75,10.375],"texture":"#1"},"west":{"uv":[2.375,9.375,2.75,10.375],"texture":"#1"},"up":{"uv":[5.875,10.5,5.5,10.125],"texture":"#1"},"down":{"uv":[6.25,10.125,5.875,10.5],"texture":"#1"}}},{"from":[0,-1,14],"to":[16,5,16],"rotation":{"angle":-22.5,"axis":"x","origin":[7.975,7.49879,11.72491]},"faces":{"north":{"uv":[5.25,5.875,7.25,6.625],"texture":"#1"},"east":{"uv":[3.75,9.75,4,10.5],"texture":"#1"},"south":{"uv":[0,6.25,2,7],"texture":"#1"},"west":{"uv":[3.75,9.75,4,10.5],"texture":"#1"},"up":{"uv":[10.625,7.25,8.625,7],"texture":"#1"},"down":{"uv":[10.625,7.25,8.625,7.5],"texture":"#1"}}},{"from":[2,-5,13],"to":[14,6,17],"rotation":{"angle":-22.5,"axis":"x","origin":[7.975,7.49879,11.72491]},"faces":{"north":{"uv":[3.5,3.75,5,5.125],"texture":"#1"},"east":{"uv":[1.875,8,2.375,9.375],"texture":"#1"},"south":{"uv":[5,3.75,6.5,5.125],"texture":"#1"},"west":{"uv":[2.375,8,2.875,9.375],"texture":"#1"},"up":{"uv":[7,1.75,5.5,1.25],"texture":"#1"},"down":{"uv":[9.375,1.5,7.875,2],"texture":"#1"}}},{"from":[1,-6.06728,15.81538],"to":[15,1.93272,21.81538],"rotation":{"angle":-45,"axis":"x","origin":[7.975,7.49879,11.72491]},"faces":{"north":{"uv":[3.5,5.125,5.25,6.125],"texture":"#1"},"east":{"uv":[7.875,6.625,8.625,7.625],"texture":"#1"},"south":{"uv":[5.25,1.75,7,2.75],"texture":"#1"},"west":{"uv":[7.875,7.625,8.625,8.625],"texture":"#1"},"up":{"uv":[8.25,5.125,6.5,4.375],"texture":"#1"},"down":{"uv":[8.5,0,6.75,0.75],"texture":"#1"}}},{"from":[13,2.8,19],"to":[14,10.8,24],"rotation":{"angle":-22.5,"axis":"x","origin":[7.975,7.49879,11.72491]},"faces":{"north":{"uv":[1.875,7,2,8],"texture":"#1"},"east":{"uv":[0,8.25,0.625,9.25],"texture":"#1"},"south":{"uv":[4,9.75,4.125,10.75],"texture":"#1"},"west":{"uv":[8.25,2.375,8.875,3.375],"texture":"#1"},"up":{"uv":[4.625,10.875,4.5,10.25],"texture":"#1"},"down":{"uv":[4.75,10.25,4.625,10.875],"texture":"#1"}}},{"from":[14,14.33092,16.71685],"to":[15,16.33092,18.71685],"rotation":{"angle":22.5,"axis":"x","origin":[7.975,7.49879,11.72491]},"faces":{"north":{"uv":[7.875,10,7.75,9.75],"rotation":180,"texture":"#1"},"east":{"uv":[1.625,9.125,1.875,9.375],"rotation":90,"texture":"#1"},"south":{"uv":[3.75,10.375,3.625,10.625],"texture":"#1"},"west":{"uv":[9.75,6,10,6.25],"rotation":270,"texture":"#1"},"up":{"uv":[6.625,9.625,6.75,9.875],"texture":"#1"},"down":{"uv":[2.75,9.375,2.875,9.625],"rotation":180,"texture":"#1"}}},{"from":[15,8.3,21],"to":[17,9.3,22],"rotation":{"angle":-22.5,"axis":"x","origin":[7.975,7.49879,11.72491]},"faces":{"north":{"uv":[0.625,8.25,0.875,8.375],"texture":"#1"},"east":{"uv":[7.25,2.625,7.375,2.75],"texture":"#1"},"south":{"uv":[8.625,8.5,8.875,8.625],"texture":"#1"},"west":{"uv":[8.125,2,8.25,2.125],"texture":"#1"},"up":{"uv":[10.625,4.5,10.375,4.375],"texture":"#1"},"down":{"uv":[10.625,4.5,10.375,4.625],"texture":"#1"}}},{"from":[16,9.3,21],"to":[17,11.3,22],"rotation":{"angle":-22.5,"axis":"x","origin":[7.975,7.49879,11.72491]},"faces":{"north":{"uv":[10.375,4.875,10.5,5.125],"texture":"#1"},"east":{"uv":[10.375,5.625,10.5,5.875],"texture":"#1"},"south":{"uv":[10.375,5.875,10.5,6.125],"texture":"#1"},"west":{"uv":[10.375,6.125,10.5,6.375],"texture":"#1"},"up":{"uv":[1,8.375,0.875,8.25],"texture":"#1"},"down":{"uv":[3,8.25,2.875,8.375],"texture":"#1"}}},{"from":[1.6,10.78463,-5.12905],"to":[3.6,11.78463,-4.12905],"rotation":{"angle":-45,"axis":"z","origin":[2.1,13.79036,-6.12201]},"faces":{"north":{"uv":[10.375,4.5,10.625,4.375],"rotation":180,"texture":"#1"},"east":{"uv":[8.25,2,8.125,2.125],"rotation":90,"texture":"#1"},"south":{"uv":[10.375,4.5,10.625,4.625],"texture":"#1"},"west":{"uv":[7.375,2.625,7.25,2.75],"rotation":270,"texture":"#1"},"up":{"uv":[8.875,8.5,8.625,8.625],"texture":"#1"},"down":{"uv":[0.875,8.25,0.625,8.375],"rotation":180,"texture":"#1"}}},{"from":[1.6,10.78463,-7.12905],"to":[2.6,11.78463,-5.12905],"rotation":{"angle":-45,"axis":"z","origin":[2.1,13.79036,-6.12201]},"faces":{"north":{"uv":[0.875,8.375,1,8.25],"rotation":180,"texture":"#1"},"east":{"uv":[10.5,6.125,10.375,6.375],"rotation":90,"texture":"#1"},"south":{"uv":[2.875,8.25,3,8.375],"texture":"#1"},"west":{"uv":[10.5,5.625,10.375,5.875],"rotation":270,"texture":"#1"},"up":{"uv":[10.5,5.875,10.375,6.125],"texture":"#1"},"down":{"uv":[10.5,4.875,10.375,5.125],"rotation":180,"texture":"#1"}}},{"from":[15.5,11.3,20.5],"to":[17.5,15.3,22.5],"rotation":{"angle":-22.5,"axis":"x","origin":[7.975,7.49879,11.72491]},"faces":{"north":{"uv":[8.625,10.125,8.875,10.625],"texture":"#1"},"east":{"uv":[8.625,10.125,8.875,10.625],"texture":"#1"},"south":{"uv":[8.625,10.125,8.875,10.625],"texture":"#1"},"west":{"uv":[8.625,10.125,8.875,10.625],"texture":"#1"},"up":{"uv":[10,8.125,9.75,7.875],"texture":"#1"},"down":{"uv":[10.625,1.875,10.375,2.125],"texture":"#1"}}},{"from":[12,16.275,20.5],"to":[14,22.275,22.5],"rotation":{"angle":-22.5,"axis":"x","origin":[7.975,7.49879,11.72491]},"faces":{"north":{"uv":[9.875,9.625,10.125,10.375],"texture":"#1"},"east":{"uv":[9.875,9.625,10.125,10.375],"texture":"#1"},"south":{"uv":[9.875,9.625,10.125,10.375],"texture":"#1"},"west":{"uv":[9.875,9.625,10.125,10.375],"texture":"#1"},"up":{"uv":[2.25,10.625,2,10.375],"texture":"#1"},"down":{"uv":[10.625,2.125,10.375,2.375],"texture":"#1"}}},{"from":[9.5,17.84878,13.19899],"to":[11.5,19.84878,15.19899],"rotation":{"angle":22.5,"axis":"x","origin":[7.975,7.49879,11.72491]},"faces":{"north":{"uv":[3.375,10.625,3.125,10.375],"rotation":180,"texture":"#1"},"east":{"uv":[10.375,2.375,10.625,2.625],"rotation":90,"texture":"#1"},"south":{"uv":[3.625,10.375,3.375,10.625],"texture":"#1"},"west":{"uv":[10.375,2.625,10.625,2.875],"rotation":270,"texture":"#1"},"up":{"uv":[2.5,10.375,2.75,10.625],"texture":"#1"},"down":{"uv":[2.25,10.375,2.5,10.625],"rotation":180,"texture":"#1"}}},{"from":[11.5,13.275,21],"to":[13.5,14.275,22],"rotation":{"angle":-22.5,"axis":"x","origin":[7.975,7.49879,11.72491]},"faces":{"north":{"uv":[10.375,4.625,10.625,4.75],"texture":"#1"},"east":{"uv":[4.375,8.625,4.5,8.75],"texture":"#1"},"south":{"uv":[6.375,10.375,6.625,10.5],"texture":"#1"},"west":{"uv":[2.75,9.625,2.875,9.75],"texture":"#1"},"up":{"uv":[10.625,6.5,10.375,6.375],"texture":"#1"},"down":{"uv":[10.625,6.5,10.375,6.625],"texture":"#1"}}},{"from":[12.5,14.275,21],"to":[13.5,16.275,22],"rotation":{"angle":-22.5,"axis":"x","origin":[7.975,7.49879,11.72491]},"faces":{"north":{"uv":[10.375,7.5,10.5,7.75],"texture":"#1"},"east":{"uv":[10.375,7.75,10.5,8],"texture":"#1"},"south":{"uv":[10.375,8,10.5,8.25],"texture":"#1"},"west":{"uv":[10.375,9.125,10.5,9.375],"texture":"#1"},"up":{"uv":[6.75,10,6.625,9.875],"texture":"#1"},"down":{"uv":[7.875,10,7.75,10.125],"texture":"#1"}}},{"from":[2.5,13.275,21],"to":[4.5,14.275,22],"rotation":{"angle":-22.5,"axis":"x","origin":[7.975,7.49879,11.72491]},"faces":{"north":{"uv":[10.375,6.625,10.625,6.75],"texture":"#1"},"east":{"uv":[10,8.375,10.125,8.5],"texture":"#1"},"south":{"uv":[10.375,8.25,10.625,8.375],"texture":"#1"},"west":{"uv":[10.375,9.625,10.5,9.75],"texture":"#1"},"up":{"uv":[10.625,9.5,10.375,9.375],"texture":"#1"},"down":{"uv":[10.625,9.5,10.375,9.625],"texture":"#1"}}},{"from":[-1.5,12.775,20.5],"to":[2.5,14.775,22.5],"rotation":{"angle":-22.5,"axis":"x","origin":[7.975,7.49879,11.72491]},"faces":{"north":{"uv":[5.25,3.5,5.75,3.75],"texture":"#1"},"east":{"uv":[10.375,3.375,10.625,3.625],"texture":"#1"},"south":{"uv":[5.75,3.5,6.25,3.75],"texture":"#1"},"west":{"uv":[10.375,3.625,10.625,3.875],"texture":"#1"},"up":{"uv":[5.375,9,4.875,8.75],"texture":"#1"},"down":{"uv":[9.375,5.5,8.875,5.75],"texture":"#1"}}},{"from":[3,1.8,18],"to":[13,11.8,25],"rotation":{"angle":-22.5,"axis":"x","origin":[7.975,7.49879,11.72491]},"faces":{"north":{"uv":[5.5,0,6.75,1.25],"texture":"#1"},"east":{"uv":[7.375,2.125,8.25,3.375],"texture":"#1"},"south":{"uv":[2.125,5.5,3.375,6.75],"texture":"#1"},"west":{"uv":[4.5,7.5,5.375,8.75],"texture":"#1"},"up":{"uv":[6.625,8.375,5.375,7.5],"texture":"#1"},"down":{"uv":[7.875,7.5,6.625,8.375],"texture":"#1"}}},{"from":[8.75,28.08559,21.27228],"to":[12.25,29.08559,24.77228],"rotation":{"angle":0,"axis":"y","origin":[7.975,7.49879,11.72491]},"faces":{"north":{"uv":[10.375,3.875,10.8125,4],"texture":"#1"},"east":{"uv":[10.375,4,10.8125,4.125],"texture":"#1"},"south":{"uv":[10.375,4.125,10.8125,4.25],"texture":"#1"},"west":{"uv":[10.375,4.25,10.8125,4.375],"texture":"#1"},"up":{"uv":[10.3125,1.1875,9.875,0.75],"texture":"#1"},"down":{"uv":[10.3125,2.375,9.875,2.8125],"texture":"#1"}}},{"from":[8.5,26.08559,21.02228],"to":[12.5,28.08559,25.02228],"rotation":{"angle":0,"axis":"y","origin":[7.975,7.49879,11.72491]},"faces":{"north":{"uv":[9.75,4.625,10.25,4.875],"texture":"#1"},"east":{"uv":[9.875,1.25,10.375,1.5],"texture":"#1"},"south":{"uv":[10,6.75,10.5,7],"texture":"#1"},"west":{"uv":[10.125,10.125,10.625,10.375],"texture":"#1"},"up":{"uv":[8.875,10.125,8.375,9.625],"texture":"#1"},"down":{"uv":[3.25,9.75,2.75,10.25],"texture":"#1"}}},{"from":[8.5,10.08559,21.02228],"to":[12.5,18.08559,25.02228],"rotation":{"angle":0,"axis":"y","origin":[7.975,7.49879,11.72491]},"faces":{"north":{"uv":[8.625,7.5,9.125,8.5],"texture":"#1"},"east":{"uv":[7.875,8.625,8.375,9.625],"texture":"#1"},"south":{"uv":[8.375,8.625,8.875,9.625],"texture":"#1"},"west":{"uv":[4.375,8.75,4.875,9.75],"texture":"#1"},"up":{"uv":[3.75,10.25,3.25,9.75],"texture":"#1"},"down":{"uv":[10.25,4.125,9.75,4.625],"texture":"#1"}}},{"from":[3.5,10.08559,21.02228],"to":[7.5,18.08559,25.02228],"rotation":{"angle":0,"axis":"y","origin":[7.975,7.49879,11.72491]},"faces":{"north":{"uv":[8.625,7.5,9.125,8.5],"texture":"#1"},"east":{"uv":[7.875,8.625,8.375,9.625],"texture":"#1"},"south":{"uv":[8.375,8.625,8.875,9.625],"texture":"#1"},"west":{"uv":[4.375,8.75,4.875,9.75],"texture":"#1"},"up":{"uv":[3.75,10.25,3.25,9.75],"texture":"#1"},"down":{"uv":[10.25,4.125,9.75,4.625],"texture":"#1"}}},{"name":"exhaust_cover","from":[3.8,17.88559,21.32228],"to":[7.2,26.28559,24.72228],"rotation":{"angle":0,"axis":"y","origin":[7.975,7.49879,11.72491]},"faces":{"north":{"uv":[2.375,9.375,2.75,10.375],"texture":"#1"},"east":{"uv":[1.625,9.375,2,10.375],"texture":"#1"},"south":{"uv":[2.375,9.375,2.75,10.375],"texture":"#1"},"west":{"uv":[2.375,9.375,2.75,10.375],"texture":"#1"},"up":{"uv":[5.875,10.5,5.5,10.125],"texture":"#1"},"down":{"uv":[6.25,10.125,5.875,10.5],"texture":"#1"}}},{"from":[3.5,26.08559,21.02228],"to":[7.5,28.08559,25.02228],"rotation":{"angle":0,"axis":"y","origin":[7.975,7.49879,11.72491]},"faces":{"north":{"uv":[9.75,4.625,10.25,4.875],"texture":"#1"},"east":{"uv":[9.875,1.25,10.375,1.5],"texture":"#1"},"south":{"uv":[10,6.75,10.5,7],"texture":"#1"},"west":{"uv":[10.125,10.125,10.625,10.375],"texture":"#1"},"up":{"uv":[8.875,10.125,8.375,9.625],"texture":"#1"},"down":{"uv":[3.25,9.75,2.75,10.25],"texture":"#1"}}},{"from":[3.75,28.08559,21.27228],"to":[7.25,29.08559,24.77228],"rotation":{"angle":0,"axis":"y","origin":[7.975,7.49879,11.72491]},"faces":{"north":{"uv":[10.375,3.875,10.8125,4],"texture":"#1"},"east":{"uv":[10.375,4,10.8125,4.125],"texture":"#1"},"south":{"uv":[10.375,4.125,10.8125,4.25],"texture":"#1"},"west":{"uv":[10.375,4.25,10.8125,4.375],"texture":"#1"},"up":{"uv":[10.3125,1.1875,9.875,0.75],"texture":"#1"},"down":{"uv":[10.3125,2.375,9.875,2.8125],"texture":"#1"}}},{"from":[4,18.08559,21.52228],"to":[7,26.08559,24.52228],"rotation":{"angle":0,"axis":"y","origin":[7.975,7.49879,11.72491]},"faces":{"north":{"uv":[9.5,8.875,9.875,9.875],"texture":"#1"},"east":{"uv":[9.5,8.875,9.875,9.875],"texture":"#1"},"south":{"uv":[1,9.625,1.375,10.625],"texture":"#1"},"west":{"uv":[1,9.625,1.375,10.625],"texture":"#1"},"up":{"uv":[7.5,10.5,7.125,10.125],"texture":"#1"},"down":{"uv":[7.875,10.125,7.5,10.5],"texture":"#1"}}},{"from":[9,18.08559,21.52228],"to":[12,26.08559,24.52228],"rotation":{"angle":0,"axis":"y","origin":[7.975,7.49879,11.72491]},"faces":{"north":{"uv":[9.5,8.875,9.875,9.875],"texture":"#1"},"east":{"uv":[9.5,8.875,9.875,9.875],"texture":"#1"},"south":{"uv":[1,9.625,1.375,10.625],"texture":"#1"},"west":{"uv":[1,9.625,1.375,10.625],"texture":"#1"},"up":{"uv":[7.5,10.5,7.125,10.125],"texture":"#1"},"down":{"uv":[7.875,10.125,7.5,10.5],"texture":"#1"}}},{"from":[4.5,17.84878,13.19899],"to":[6.5,19.84878,15.19899],"rotation":{"angle":22.5,"axis":"x","origin":[7.975,7.49879,11.72491]},"faces":{"north":{"uv":[3.125,10.625,3.375,10.375],"rotation":180,"texture":"#1"},"east":{"uv":[10.625,2.625,10.375,2.875],"rotation":90,"texture":"#1"},"south":{"uv":[3.375,10.375,3.625,10.625],"texture":"#1"},"west":{"uv":[10.625,2.375,10.375,2.625],"rotation":270,"texture":"#1"},"up":{"uv":[2.75,10.375,2.5,10.625],"texture":"#1"},"down":{"uv":[2.5,10.375,2.25,10.625],"rotation":180,"texture":"#1"}}},{"from":[6.5,13.8,20.5],"to":[9.5,15.8,23.5],"rotation":{"angle":-22.5,"axis":"x","origin":[7.975,7.49879,11.72491]},"faces":{"north":{"uv":[3,6.75,3.375,7],"texture":"#1"},"east":{"uv":[9.375,5.5,9.75,5.75],"texture":"#1"},"south":{"uv":[0,10.25,0.375,10.5],"texture":"#1"},"west":{"uv":[10.25,1.5,10.625,1.75],"texture":"#1"},"up":{"uv":[8.25,10.5,7.875,10.125],"texture":"#1"},"down":{"uv":[8.625,10.125,8.25,10.5],"texture":"#1"}}},{"from":[5.5,10.8,19.5],"to":[10.5,13.8,24.5],"rotation":{"angle":-22.5,"axis":"x","origin":[7.975,7.49879,11.72491]},"faces":{"north":{"uv":[7.125,9.75,7.75,10.125],"texture":"#1"},"east":{"uv":[9.75,7.5,10.375,7.875],"texture":"#1"},"south":{"uv":[0,9.875,0.625,10.25],"texture":"#1"},"west":{"uv":[9.875,0.25,10.5,0.625],"texture":"#1"},"up":{"uv":[3.5,9.75,2.875,9.125],"texture":"#1"},"down":{"uv":[4.125,9.125,3.5,9.75],"texture":"#1"}}},{"from":[3,-9.06728,11.81538],"to":[13,-6.06728,14.81538],"rotation":{"angle":-45,"axis":"x","origin":[7.975,7.49879,11.72491]},"faces":{"north":{"uv":[8.75,6.25,10,6.625],"texture":"#1"},"east":{"uv":[10.125,8.375,10.5,8.75],"texture":"#1"},"south":{"uv":[8.875,2.875,10.125,3.25],"texture":"#1"},"west":{"uv":[10.125,8.75,10.5,9.125],"texture":"#1"},"up":{"uv":[10.125,5.5,8.875,5.125],"texture":"#1"},"down":{"uv":[10.125,8.5,8.875,8.875],"texture":"#1"}}},{"from":[11,-11.06728,18.81538],"to":[12,-6.06728,19.81538],"rotation":{"angle":-45,"axis":"x","origin":[7.975,7.49879,11.72491]},"faces":{"north":{"uv":[4.75,10.25,4.875,10.875],"texture":"#1"},"east":{"uv":[10.25,5.625,10.375,6.25],"texture":"#1"},"south":{"uv":[10.375,0.75,10.5,1.375],"texture":"#1"},"west":{"uv":[1.375,10.375,1.5,11],"texture":"#1"},"up":{"uv":[10.5,9.875,10.375,9.75],"texture":"#1"},"down":{"uv":[10,10.375,9.875,10.5],"texture":"#1"}}},{"from":[11,-11.06728,12.81538],"to":[12,-10.06728,18.81538],"rotation":{"angle":-45,"axis":"x","origin":[7.975,7.49879,11.72491]},"faces":{"north":{"uv":[10.375,9.875,10.5,10],"texture":"#1"},"east":{"uv":[7.375,5.75,8.125,5.875],"texture":"#1"},"south":{"uv":[10,10.375,10.125,10.5],"texture":"#1"},"west":{"uv":[10.25,1.75,11,1.875],"texture":"#1"},"up":{"uv":[0.5,11,0.375,10.25],"texture":"#1"},"down":{"uv":[0.625,10.25,0.5,11],"texture":"#1"}}},{"from":[11,-10.06728,12.81538],"to":[12,-9.06728,13.81538],"rotation":{"angle":-45,"axis":"x","origin":[7.975,7.49879,11.72491]},"faces":{"north":{"uv":[10.375,10,10.5,10.125],"texture":"#1"},"east":{"uv":[10.125,10.375,10.25,10.5],"texture":"#1"},"south":{"uv":[10.25,10.375,10.375,10.5],"texture":"#1"},"west":{"uv":[10.375,10.375,10.5,10.5],"texture":"#1"},"up":{"uv":[0.125,10.625,0,10.5],"texture":"#1"},"down":{"uv":[0.25,10.5,0.125,10.625],"texture":"#1"}}},{"from":[4,-10.06728,12.81538],"to":[5,-9.06728,13.81538],"rotation":{"angle":-45,"axis":"x","origin":[7.975,7.49879,11.72491]},"faces":{"north":{"uv":[10.5,10,10.375,10.125],"texture":"#1"},"east":{"uv":[10.5,10.375,10.375,10.5],"texture":"#1"},"south":{"uv":[10.375,10.375,10.25,10.5],"texture":"#1"},"west":{"uv":[10.25,10.375,10.125,10.5],"texture":"#1"},"up":{"uv":[0,10.625,0.125,10.5],"texture":"#1"},"down":{"uv":[0.125,10.5,0.25,10.625],"texture":"#1"}}},{"from":[4,-11.06728,12.81538],"to":[5,-10.06728,18.81538],"rotation":{"angle":-45,"axis":"x","origin":[7.975,7.49879,11.72491]},"faces":{"north":{"uv":[10.5,9.875,10.375,10],"texture":"#1"},"east":{"uv":[11,1.75,10.25,1.875],"texture":"#1"},"south":{"uv":[10.125,10.375,10,10.5],"texture":"#1"},"west":{"uv":[8.125,5.75,7.375,5.875],"texture":"#1"},"up":{"uv":[0.375,11,0.5,10.25],"texture":"#1"},"down":{"uv":[0.5,10.25,0.625,11],"texture":"#1"}}},{"from":[4,-11.06728,18.81538],"to":[5,-6.06728,19.81538],"rotation":{"angle":-45,"axis":"x","origin":[7.975,7.49879,11.72491]},"faces":{"north":{"uv":[4.875,10.25,4.75,10.875],"texture":"#1"},"east":{"uv":[1.5,10.375,1.375,11],"texture":"#1"},"south":{"uv":[10.5,0.75,10.375,1.375],"texture":"#1"},"west":{"uv":[10.375,5.625,10.25,6.25],"texture":"#1"},"up":{"uv":[10.375,9.875,10.5,9.75],"texture":"#1"},"down":{"uv":[9.875,10.375,10,10.5],"texture":"#1"}}},{"from":[5,17.69005,20.74687],"to":[6,18.69005,25.74687],"rotation":{"angle":22.5,"axis":"x","origin":[7.975,7.49879,11.72491]},"faces":{"north":{"uv":[10.375,9.875,10.5,9.75],"rotation":180,"texture":"#1"},"east":{"uv":[1.5,10.375,1.375,11],"rotation":90,"texture":"#1"},"south":{"uv":[9.875,10.375,10,10.5],"texture":"#1"},"west":{"uv":[10.375,5.625,10.25,6.25],"rotation":270,"texture":"#1"},"up":{"uv":[10.5,0.75,10.375,1.375],"texture":"#1"},"down":{"uv":[4.875,10.25,4.75,10.875],"rotation":180,"texture":"#1"}}},{"from":[5,11.69005,24.74687],"to":[6,17.69005,25.74687],"rotation":{"angle":22.5,"axis":"x","origin":[7.975,7.49879,11.72491]},"faces":{"north":{"uv":[0.375,11,0.5,10.25],"rotation":180,"texture":"#1"},"east":{"uv":[11,1.75,10.25,1.875],"rotation":90,"texture":"#1"},"south":{"uv":[0.5,10.25,0.625,11],"texture":"#1"},"west":{"uv":[8.125,5.75,7.375,5.875],"rotation":270,"texture":"#1"},"up":{"uv":[10.125,10.375,10,10.5],"texture":"#1"},"down":{"uv":[10.5,9.875,10.375,10],"rotation":180,"texture":"#1"}}},{"from":[10,17.69005,20.74687],"to":[11,18.69005,25.74687],"rotation":{"angle":22.5,"axis":"x","origin":[7.975,7.49879,11.72491]},"faces":{"north":{"uv":[10.375,9.875,10.5,9.75],"rotation":180,"texture":"#1"},"east":{"uv":[1.5,10.375,1.375,11],"rotation":90,"texture":"#1"},"south":{"uv":[9.875,10.375,10,10.5],"texture":"#1"},"west":{"uv":[10.375,5.625,10.25,6.25],"rotation":270,"texture":"#1"},"up":{"uv":[10.5,0.75,10.375,1.375],"texture":"#1"},"down":{"uv":[4.875,10.25,4.75,10.875],"rotation":180,"texture":"#1"}}},{"from":[10,11.69005,24.74687],"to":[11,17.69005,25.74687],"rotation":{"angle":22.5,"axis":"x","origin":[7.975,7.49879,11.72491]},"faces":{"north":{"uv":[0.375,11,0.5,10.25],"rotation":180,"texture":"#1"},"east":{"uv":[11,1.75,10.25,1.875],"rotation":90,"texture":"#1"},"south":{"uv":[0.5,10.25,0.625,11],"texture":"#1"},"west":{"uv":[8.125,5.75,7.375,5.875],"rotation":270,"texture":"#1"},"up":{"uv":[10.125,10.375,10,10.5],"texture":"#1"},"down":{"uv":[10.5,9.875,10.375,10],"rotation":180,"texture":"#1"}}},{"from":[4,-6.06728,11.81538],"to":[12,3.93272,15.81538],"rotation":{"angle":-45,"axis":"x","origin":[7.975,7.49879,11.72491]},"faces":{"north":{"uv":[2,6.75,3,8],"texture":"#1"},"east":{"uv":[0.625,8.375,1.125,9.625],"texture":"#1"},"south":{"uv":[0,7,1,8.25],"texture":"#1"},"west":{"uv":[1.125,8.375,1.625,9.625],"texture":"#1"},"up":{"uv":[9.75,6.25,8.75,5.75],"texture":"#1"},"down":{"uv":[9.875,2.375,8.875,2.875],"texture":"#1"}}},{"from":[15,-1,2],"to":[17,5,14],"rotation":{"angle":-22.5,"axis":"x","origin":[7.975,7.49879,11.72491]},"faces":{"north":{"uv":[6.875,10,7.125,10.75],"texture":"#1"},"east":{"uv":[3,7,4.5,7.75],"texture":"#1"},"south":{"uv":[4.875,10.125,5.125,10.875],"texture":"#1"},"west":{"uv":[7.25,5.875,8.75,6.625],"texture":"#1"},"up":{"uv":[4.375,10.625,4.125,9.125],"texture":"#1"},"down":{"uv":[9.5,9.5,9.25,11],"texture":"#1"}}},{"from":[15,2,6],"to":[18,6,10],"rotation":{"angle":-22.5,"axis":"x","origin":[7.975,7.49879,11.72491]},"faces":{"north":{"uv":[4.5,7,4.875,7.5],"texture":"#1"},"east":{"uv":[4.375,9.75,4.875,10.25],"texture":"#1"},"south":{"uv":[10,1.875,10.375,2.375],"texture":"#1"},"west":{"uv":[9.75,5.5,10.25,6],"texture":"#1"},"up":{"uv":[10.375,8.375,10,7.875],"texture":"#1"},"down":{"uv":[5.5,10.125,5.125,10.625],"texture":"#1"}}},{"from":[-2,2,6],"to":[1,6,10],"rotation":{"angle":-22.5,"axis":"x","origin":[7.975,7.49879,11.72491]},"faces":{"north":{"uv":[4.875,7,4.5,7.5],"texture":"#1"},"east":{"uv":[10.25,5.5,9.75,6],"texture":"#1"},"south":{"uv":[10.375,1.875,10,2.375],"texture":"#1"},"west":{"uv":[4.875,9.75,4.375,10.25],"texture":"#1"},"up":{"uv":[10,8.375,10.375,7.875],"texture":"#1"},"down":{"uv":[5.125,10.125,5.5,10.625],"texture":"#1"}}},{"from":[-1,-1,2],"to":[1,5,14],"rotation":{"angle":-22.5,"axis":"x","origin":[7.975,7.49879,11.72491]},"faces":{"north":{"uv":[7.125,10,6.875,10.75],"texture":"#1"},"east":{"uv":[8.75,5.875,7.25,6.625],"texture":"#1"},"south":{"uv":[5.125,10.125,4.875,10.875],"texture":"#1"},"west":{"uv":[4.5,7,3,7.75],"texture":"#1"},"up":{"uv":[4.125,10.625,4.375,9.125],"texture":"#1"},"down":{"uv":[9.25,9.5,9.5,11],"texture":"#1"}}},{"name":"guard","from":[8.72875,-3,-1.00054],"to":[15.72875,2,-1.00054],"rotation":{"angle":-22.5,"axis":"x","origin":[7.975,7.49879,11.72491]},"faces":{"north":{"uv":[5.375,8.375,6.25,9],"texture":"#1"},"east":{"uv":[0,0,0,0.625],"texture":"#1"},"south":{"uv":[6.25,8.375,5.375,9],"texture":"#1"},"west":{"uv":[0,0,0,0.625],"texture":"#1"},"up":{"uv":[0,0,0.875,0],"texture":"#1"},"down":{"uv":[0,0,0.875,0],"texture":"#1"}}},{"name":"guard","from":[15.67849,-3,-1.00079],"to":[15.67849,2,3.99921],"rotation":{"angle":-22.5,"axis":"x","origin":[7.975,7.49879,11.72491]},"faces":{"north":{"uv":[0,0,0,0.625],"texture":"#1"},"east":{"uv":[9.125,7.5,9.75,8.125],"texture":"#1"},"south":{"uv":[0,0,0,0.625],"texture":"#1"},"west":{"uv":[9.75,7.5,9.125,8.125],"texture":"#1"},"up":{"uv":[0,0.625,0,0],"texture":"#1"},"down":{"uv":[0,0,0,0.625],"texture":"#1"}}},{"name":"guard","from":[0.27125,-3,-1.00054],"to":[7.27125,2,-1.00054],"rotation":{"angle":-22.5,"axis":"x","origin":[8.025,7.49879,11.72491]},"faces":{"north":{"uv":[6.25,8.375,5.375,9],"texture":"#1"},"east":{"uv":[0,0,0,0.625],"texture":"#1"},"south":{"uv":[5.375,8.375,6.25,9],"texture":"#1"},"west":{"uv":[0,0,0,0.625],"texture":"#1"},"up":{"uv":[0.875,0,0,0],"texture":"#1"},"down":{"uv":[0.875,0,0,0],"texture":"#1"}}},{"name":"guard","from":[0.32151,-3,-1.00079],"to":[0.32151,2,3.99921],"rotation":{"angle":-22.5,"axis":"x","origin":[8.025,7.49879,11.72491]},"faces":{"north":{"uv":[0,0,0,0.625],"texture":"#1"},"east":{"uv":[9.125,7.5,9.75,8.125],"texture":"#1"},"south":{"uv":[0,0,0,0.625],"texture":"#1"},"west":{"uv":[9.75,7.5,9.125,8.125],"texture":"#1"},"up":{"uv":[0,0.625,0,0],"texture":"#1"},"down":{"uv":[0,0,0,0.625],"texture":"#1"}}},{"from":[3,4.65,1.15],"to":[13,11.15,14.15],"rotation":{"angle":-22.5,"axis":"x","origin":[8,10.15,1.15]},"faces":{"east":{"uv":[13.875,0,12.25,0.8125],"texture":"#1"},"south":{"uv":[12.25,0,11,0.8125],"texture":"#1"},"west":{"uv":[12.25,0,13.875,0.8125],"texture":"#1"},"up":{"uv":[12.25,0.8125,13.5,2.4375],"texture":"#1"},"down":{"uv":[11,0.8125,12.25,2.4375],"texture":"#1"}}},{"from":[4,7.16576,1.33173],"to":[12,11.16576,10.33173],"rotation":{"angle":-45,"axis":"x","origin":[8,11.3,1.15]},"faces":{"east":{"uv":[14.875,2.125,16,2.625],"texture":"#1"},"south":{"uv":[15,0,16,0.5],"texture":"#1"},"west":{"uv":[14.875,1.625,16,2.125],"texture":"#1"},"up":{"uv":[15,0.5,16,1.625],"texture":"#1"}}},{"name":"frame","from":[3.71124,12.8016,-9.70838],"to":[4.49524,14.7856,-7.92438],"rotation":{"angle":0,"axis":"y","origin":[2.1,13.79036,-7.12201]},"faces":{"north":{"uv":[5.9375,10,6.3125,10.125],"rotation":270,"texture":"#1"},"east":{"uv":[10.25,3.75,10,3.625],"rotation":90,"texture":"#1"},"south":{"uv":[7.875,9.625,8.1875,9.75],"rotation":90,"texture":"#1"},"west":{"uv":[10.25,3.75,10,3.875],"rotation":90,"texture":"#1"},"up":{"uv":[7,2.125,7.375,2.375],"rotation":90,"texture":"#1"},"down":{"uv":[4.875,6.125,5.25,6.375],"rotation":90,"texture":"#1"}}},{"name":"frame","from":[3.7,12.79494,-9.71638],"to":[4.5,14.79494,-7.91638],"rotation":{"angle":-45,"axis":"z","origin":[2.1,13.79036,-7.12201]},"faces":{"north":{"uv":[5.9375,10,6.3125,10.125],"rotation":270,"texture":"#1"},"east":{"uv":[10.25,3.75,10,3.625],"rotation":90,"texture":"#1"},"south":{"uv":[7.875,9.625,8.1875,9.75],"rotation":90,"texture":"#1"},"west":{"uv":[10.25,3.75,10,3.875],"rotation":90,"texture":"#1"},"up":{"uv":[7,2.125,7.375,2.375],"rotation":90,"texture":"#1"},"down":{"uv":[4.875,6.125,5.25,6.375],"rotation":90,"texture":"#1"}}},{"name":"frame","from":[1.1,15.39494,-9.71638],"to":[3.1,16.19494,-7.91638],"rotation":{"angle":-45,"axis":"z","origin":[2.1,13.79036,-7.12201]},"faces":{"north":{"uv":[5.9375,10,6.3125,10.125],"texture":"#1"},"east":{"uv":[4.875,6.125,5.25,6.375],"texture":"#1"},"south":{"uv":[7.875,9.625,8.1875,9.75],"texture":"#1"},"west":{"uv":[7,2.125,7.375,2.375],"texture":"#1"},"up":{"uv":[10.25,3.75,10,3.625],"texture":"#1"},"down":{"uv":[10.25,3.75,10,3.875],"texture":"#1"}}},{"name":"frame","from":[1.11124,15.4016,-9.70838],"to":[3.09524,16.1856,-7.92438],"rotation":{"angle":0,"axis":"y","origin":[2.1,13.79036,-7.12201]},"faces":{"north":{"uv":[5.9375,10,6.3125,10.125],"texture":"#1"},"east":{"uv":[4.875,6.125,5.25,6.125],"texture":"#1"},"south":{"uv":[7.875,9.625,8.1875,9.75],"texture":"#1"},"west":{"uv":[7,2.375,7.375,2.375],"texture":"#1"},"up":{"uv":[10.25,3.75,10,3.625],"texture":"#1"},"down":{"uv":[10.25,3.75,10,3.875],"texture":"#1"}}},{"name":"frame","from":[-0.3,12.79494,-9.71638],"to":[0.5,14.79494,-7.91638],"rotation":{"angle":-45,"axis":"z","origin":[2.1,13.79036,-7.12201]},"faces":{"north":{"uv":[5.9375,10,6.3125,10.125],"rotation":90,"texture":"#1"},"east":{"uv":[10.25,3.75,10,3.875],"rotation":270,"texture":"#1"},"south":{"uv":[7.875,9.625,8.1875,9.75],"rotation":270,"texture":"#1"},"west":{"uv":[10.25,3.75,10,3.625],"rotation":270,"texture":"#1"},"up":{"uv":[4.875,6.375,5.25,6.375],"rotation":270,"texture":"#1"},"down":{"uv":[7,2.125,7.375,2.125],"rotation":270,"texture":"#1"}}},{"name":"frame","from":[-0.28876,12.8016,-9.70838],"to":[0.49524,14.7856,-7.92438],"rotation":{"angle":0,"axis":"y","origin":[2.1,13.79036,-7.12201]},"faces":{"north":{"uv":[5.9375,10,6.3125,10.125],"rotation":90,"texture":"#1"},"east":{"uv":[10.25,3.75,10,3.875],"rotation":270,"texture":"#1"},"south":{"uv":[7.875,9.625,8.1875,9.75],"rotation":270,"texture":"#1"},"west":{"uv":[10.25,3.75,10,3.625],"rotation":270,"texture":"#1"},"up":{"uv":[4.875,6.125,5.25,6.375],"rotation":270,"texture":"#1"},"down":{"uv":[7,2.125,7.375,2.375],"rotation":270,"texture":"#1"}}},{"name":"frame","from":[1.1,11.39494,-9.71638],"to":[3.1,12.19494,-7.91638],"rotation":{"angle":-45,"axis":"z","origin":[2.1,13.79036,-7.12201]},"faces":{"north":{"uv":[5.9375,10,6.3125,10.125],"rotation":180,"texture":"#1"},"east":{"uv":[7,2.125,7.375,2.375],"rotation":180,"texture":"#1"},"south":{"uv":[7.875,9.625,8.1875,9.75],"rotation":180,"texture":"#1"},"west":{"uv":[4.875,6.125,5.25,6.375],"rotation":180,"texture":"#1"},"up":{"uv":[10.25,3.75,10,3.875],"rotation":180,"texture":"#1"},"down":{"uv":[10.25,3.75,10,3.625],"rotation":180,"texture":"#1"}}},{"name":"frame","from":[1.11124,11.4016,-9.70838],"to":[3.09524,12.1856,-7.92438],"rotation":{"angle":0,"axis":"y","origin":[2.1,13.79036,-7.12201]},"faces":{"north":{"uv":[5.9375,10,6.3125,10.125],"rotation":180,"texture":"#1"},"east":{"uv":[7,2.125,7.375,2.375],"rotation":180,"texture":"#1"},"south":{"uv":[7.875,9.625,8.1875,9.75],"rotation":180,"texture":"#1"},"west":{"uv":[4.875,6.125,5.25,6.375],"rotation":180,"texture":"#1"},"up":{"uv":[10.25,3.75,10,3.875],"rotation":180,"texture":"#1"},"down":{"uv":[10.25,3.75,10,3.625],"rotation":180,"texture":"#1"}}},{"from":[4.5,9,26.5],"to":[12.5,17,26.5],"rotation":{"angle":-22.5,"axis":"x","origin":[8.5,13,26.5]},"faces":{"north":{"uv":[12,0,16,4],"texture":"#3"},"east":{"uv":[0,0,0,2],"texture":"#missing"},"south":{"uv":[16,0,12,4],"texture":"#3"},"west":{"uv":[0,0,0,2],"texture":"#missing"},"up":{"uv":[0,0,2,0],"texture":"#missing"},"down":{"uv":[0,0,2,0],"texture":"#missing"}}},{"from":[-7,4,23.75],"to":[1,12,23.75],"rotation":{"angle":45,"axis":"y","origin":[1,4,23.75]},"faces":{"north":{"uv":[0,8,4,12],"texture":"#3"},"east":{"uv":[0,0,0,2],"texture":"#missing"},"south":{"uv":[4,8,0,12],"texture":"#3"},"west":{"uv":[0,0,0,2],"texture":"#missing"},"up":{"uv":[0,0,2,0],"rotation":180,"texture":"#missing"},"down":{"uv":[0,0,2,0],"rotation":180,"texture":"#missing"}}},{"from":[16.5,5,-1.25],"to":[24.5,13,-1.25],"rotation":{"angle":-22.5,"axis":"y","origin":[16.5,5,-1.25]},"faces":{"north":{"uv":[4,8,0,12],"texture":"#3"},"east":{"uv":[0,0,0,2],"texture":"#missing"},"south":{"uv":[0,8,4,12],"texture":"#3"},"west":{"uv":[0,0,0,2],"texture":"#missing"},"up":{"uv":[0,0,2,0],"texture":"#missing"},"down":{"uv":[0,0,2,0],"texture":"#missing"}}},{"from":[-9.25,4,9.5],"to":[-1.25,12,9.5],"rotation":{"angle":-22.5,"axis":"x","origin":[-1.25,4,9.5]},"faces":{"north":{"uv":[4,12,8,16],"texture":"#3"},"east":{"uv":[0,0,0,2],"texture":"#missing"},"south":{"uv":[8,12,4,16],"texture":"#3"},"west":{"uv":[0,0,0,2],"texture":"#missing"},"up":{"uv":[0,0,2,0],"texture":"#missing"},"down":{"uv":[0,0,2,0],"texture":"#missing"}}},{"from":[15.5,15.5,21],"to":[31.5,31.5,21],"rotation":{"angle":-22.5,"axis":"y","origin":[23.5,23.5,21]},"faces":{"north":{"uv":[8,8,16,16],"rotation":270,"texture":"#3"},"east":{"uv":[0,0,4,0],"rotation":90,"texture":"#missing"},"south":{"uv":[16,8,8,16],"rotation":90,"texture":"#3"},"west":{"uv":[0,0,4,0],"rotation":90,"texture":"#missing"},"up":{"uv":[0,0,0,4],"rotation":90,"texture":"#missing"},"down":{"uv":[0,0,0,4],"rotation":90,"texture":"#missing"}}},{"from":[-9.25,13.32608,18.42348],"to":[-1.25,21.32608,18.42348],"rotation":{"angle":0,"axis":"x","origin":[-5.25,17.32608,18.42348]},"faces":{"north":{"uv":[8,0,12,4],"texture":"#3"},"east":{"uv":[0,0,0,4],"texture":"#missing"},"south":{"uv":[12,0,8,4],"texture":"#3"},"west":{"uv":[0,0,0,4],"texture":"#missing"},"up":{"uv":[0,0,4,0],"texture":"#missing"},"down":{"uv":[0,0,4,0],"texture":"#missing"}}},{"from":[1.75,24,23.25],"to":[9.75,32,23.25],"rotation":{"angle":22.5,"axis":"y","origin":[5.75,24,23.25]},"faces":{"north":{"uv":[8,0,12,4],"rotation":270,"texture":"#3"},"east":{"uv":[0,0,2,0],"rotation":90,"texture":"#missing"},"south":{"uv":[12,0,8,4],"rotation":90,"texture":"#3"},"west":{"uv":[0,0,2,0],"rotation":90,"texture":"#missing"},"up":{"uv":[0,0,0,2],"rotation":90,"texture":"#missing"},"down":{"uv":[0,0,0,2],"rotation":90,"texture":"#missing"}}},{"from":[9.5,24,15.75],"to":[17.5,32,15.75],"rotation":{"angle":-45,"axis":"y","origin":[13.5,24,15.75]},"faces":{"north":{"uv":[8,4,12,8],"rotation":270,"texture":"#3"},"east":{"uv":[0,0,2,0],"rotation":90,"texture":"#missing"},"south":{"uv":[12,4,8,8],"rotation":90,"texture":"#3"},"west":{"uv":[0,0,2,0],"rotation":90,"texture":"#missing"},"up":{"uv":[0,0,0,2],"rotation":90,"texture":"#missing"},"down":{"uv":[0,0,0,2],"rotation":90,"texture":"#missing"}}},{"from":[6.25,24,23.25],"to":[14.25,32,23.25],"rotation":{"angle":-22.5,"axis":"y","origin":[10.25,24,23.25]},"faces":{"north":{"uv":[12,4,16,8],"rotation":270,"texture":"#3"},"east":{"uv":[0,0,2,0],"rotation":90,"texture":"#missing"},"south":{"uv":[16,4,12,8],"rotation":90,"texture":"#3"},"west":{"uv":[0,0,2,0],"rotation":90,"texture":"#missing"},"up":{"uv":[0,0,0,2],"rotation":90,"texture":"#missing"},"down":{"uv":[0,0,0,2],"rotation":90,"texture":"#missing"}}}],"display":{"thirdperson_righthand":{"rotation":[11,80,0],"translation":[0,0.75,-1.5],"scale":[0.5,0.5,0.5]},"thirdperson_lefthand":{"rotation":[11,80,0],"translation":[0,0.75,-1.5],"scale":[0.5,0.5,0.5]},"firstperson_righthand":{"rotation":[-4,-74,-22],"translation":[-0.25,4.25,0.5],"scale":[0.5,0.5,0.5]},"firstperson_lefthand":{"rotation":[-4,-74,-22],"translation":[-0.25,4.25,0.5],"scale":[0.5,0.5,0.5]},"ground":{"rotation":[-44,32,0],"translation":[0,6,0],"scale":[0.5,0.5,0.5]},"gui":{"rotation":[-32,-29,-52],"translation":[0.25,-0.5,0],"scale":[0.5,0.5,0.5]},"head":{"rotation":[22.5,0,0],"translation":[0,3.25,0.25],"scale":[0.95,0.95,0.95]},"fixed":{"rotation":[0,-180,0],"translation":[0,1,-5]}}}