{"textures":{"0":"modelengine:entity/walker_mech_odst"},"elements":[{"from":[7.428571,5.142857,-7.1428576],"to":[8.571428,6.285714,-6.000001],"rotation":{"angle":0.0,"axis":"y","origin":[8.0,5.142857,-6.5714293]},"faces":{"east":{"uv":[6.004,5.004,6.246,5.246],"rotation":0,"texture":"#0","tintindex":0},"south":{"uv":[6.004,5.004,6.246,5.246],"rotation":0,"texture":"#0","tintindex":0},"north":{"uv":[6.004,5.004,6.246,5.246],"rotation":0,"texture":"#0","tintindex":0},"west":{"uv":[6.004,5.004,6.246,5.246],"rotation":0,"texture":"#0","tintindex":0},"up":{"uv":[6.004,5.004,6.246,5.246],"rotation":0,"texture":"#0","tintindex":0},"down":{"uv":[6.004,5.004,6.246,5.246],"rotation":0,"texture":"#0","tintindex":0}}},{"from":[6.857143,6.285714,-7.714287],"to":[9.142858,7.428571,-5.4285717],"rotation":{"angle":45.0,"axis":"y","origin":[8.0,6.285714,-6.5714293]},"faces":{"east":{"uv":[14.504,6.129,14.996,6.371],"rotation":0,"texture":"#0","tintindex":0},"south":{"uv":[7.254,14.504,7.746,14.746],"rotation":0,"texture":"#0","tintindex":0},"north":{"uv":[5.004,14.504,5.496,14.746],"rotation":0,"texture":"#0","tintindex":0},"west":{"uv":[7.754,14.504,8.246,14.746],"rotation":0,"texture":"#0","tintindex":0},"up":{"uv":[13.746,13.371,13.254,12.879],"rotation":0,"texture":"#0","tintindex":0},"down":{"uv":[13.871,3.254,13.379,3.746],"rotation":0,"texture":"#0","tintindex":0}}},{"from":[6.285714,7.428571,-8.285715],"to":[9.714286,8.571428,-4.8571434],"rotation":{"angle":45.0,"axis":"y","origin":[8.0,7.428571,-6.5714293]},"faces":{"east":{"uv":[5.254,13.879,5.996,14.121],"rotation":0,"texture":"#0","tintindex":0},"south":{"uv":[13.879,8.754,14.621,8.996],"rotation":0,"texture":"#0","tintindex":0},"north":{"uv":[13.879,4.504,14.621,4.746],"rotation":0,"texture":"#0","tintindex":0},"west":{"uv":[13.879,9.004,14.621,9.246],"rotation":0,"texture":"#0","tintindex":0},"up":{"uv":[12.246,8.746,11.504,8.004],"rotation":0,"texture":"#0","tintindex":0},"down":{"uv":[12.371,11.379,11.629,12.121],"rotation":0,"texture":"#0","tintindex":0}}},{"from":[6.2914286,3.4342856,5.1485715],"to":[7.4228573,3.9942856,10.851429],"rotation":{"angle":-45.0,"axis":"z","origin":[6.857143,4.0,8.0]},"faces":{"east":{"uv":[14.254,8.004,15.496,8.121],"rotation":0,"texture":"#0","tintindex":0},"south":{"uv":[7.004,9.379,7.246,9.496],"rotation":0,"texture":"#0","tintindex":0},"north":{"uv":[8.504,6.379,8.746,6.496],"rotation":0,"texture":"#0","tintindex":0},"west":{"uv":[14.254,8.129,15.496,8.246],"rotation":0,"texture":"#0","tintindex":0},"up":{"uv":[0.746,14.246,0.504,13.004],"rotation":0,"texture":"#0","tintindex":0},"down":{"uv":[3.246,13.004,3.004,14.246],"rotation":0,"texture":"#0","tintindex":0}}},{"from":[8.577143,3.4342856,5.1485715],"to":[9.708571,3.9942856,10.851429],"rotation":{"angle":45.0,"axis":"z","origin":[9.142858,4.0,8.0]},"faces":{"east":{"uv":[15.496,8.129,14.254,8.246],"rotation":0,"texture":"#0","tintindex":0},"south":{"uv":[7.246,9.379,7.004,9.496],"rotation":0,"texture":"#0","tintindex":0},"north":{"uv":[8.746,6.379,8.504,6.496],"rotation":0,"texture":"#0","tintindex":0},"west":{"uv":[15.496,8.004,14.254,8.121],"rotation":0,"texture":"#0","tintindex":0},"up":{"uv":[0.504,14.246,0.746,13.004],"rotation":0,"texture":"#0","tintindex":0},"down":{"uv":[3.004,13.004,3.246,14.246],"rotation":0,"texture":"#0","tintindex":0}}},{"from":[1.1428566,8.0,-4.000001],"to":[14.857143,9.142858,20.0],"rotation":{"angle":0.0,"axis":"y","origin":[8.0,8.0,8.0]},"faces":{"east":{"uv":[9.004,2.254,14.246,2.496],"rotation":0,"texture":"#0","tintindex":0},"south":{"uv":[10.754,2.004,13.746,2.246],"rotation":0,"texture":"#0","tintindex":0},"north":{"uv":[10.379,7.754,13.371,7.996],"rotation":0,"texture":"#0","tintindex":0},"west":{"uv":[9.004,2.504,14.246,2.746],"rotation":0,"texture":"#0","tintindex":0},"up":{"uv":[2.996,5.246,0.004,0.004],"rotation":0,"texture":"#0","tintindex":0},"down":{"uv":[5.996,0.004,3.004,5.246],"rotation":0,"texture":"#0","tintindex":0}}},{"from":[2.2857141,9.142858,6.285714],"to":[13.714286,10.285714,19.428572],"rotation":{"angle":0.0,"axis":"y","origin":[8.0,9.142858,6.285714]},"faces":{"east":{"uv":[11.004,4.504,13.871,4.746],"rotation":0,"texture":"#0","tintindex":0},"south":{"uv":[11.254,4.754,13.746,4.996],"rotation":0,"texture":"#0","tintindex":0},"north":{"uv":[11.129,3.754,13.621,3.996],"rotation":0,"texture":"#0","tintindex":0},"west":{"uv":[11.129,1.004,13.996,1.246],"rotation":0,"texture":"#0","tintindex":0},"up":{"uv":[2.496,8.121,0.004,5.254],"rotation":0,"texture":"#0","tintindex":0},"down":{"uv":[4.996,5.254,2.504,8.121],"rotation":0,"texture":"#0","tintindex":0}}},{"from":[4.5714283,9.142858,14.857143],"to":[11.428572,11.428572,21.714287],"rotation":{"angle":0.0,"axis":"y","origin":[8.0,10.285714,14.857143]},"faces":{"east":{"uv":[11.129,0.004,12.621,0.496],"rotation":0,"texture":"#0","tintindex":0},"south":{"uv":[11.129,0.504,12.621,0.996],"rotation":0,"texture":"#0","tintindex":0},"north":{"uv":[11.004,4.004,12.496,4.496],"rotation":0,"texture":"#0","tintindex":0},"west":{"uv":[11.129,2.754,12.621,3.246],"rotation":0,"texture":"#0","tintindex":0},"up":{"uv":[8.746,7.996,7.254,6.504],"rotation":0,"texture":"#0","tintindex":0},"down":{"uv":[8.746,8.004,7.254,9.496],"rotation":0,"texture":"#0","tintindex":0}}},{"from":[5.142857,11.428572,15.428572],"to":[6.285714,22.857143,21.142857],"rotation":{"angle":0.0,"axis":"y","origin":[5.714286,11.428572,18.285715]},"faces":{"east":{"uv":[5.004,5.254,6.246,7.746],"rotation":0,"texture":"#0","tintindex":0},"south":{"uv":[5.004,10.879,5.246,13.371],"rotation":0,"texture":"#0","tintindex":0},"north":{"uv":[6.004,2.504,6.246,4.996],"rotation":0,"texture":"#0","tintindex":0},"west":{"uv":[6.004,0.004,7.246,2.496],"rotation":0,"texture":"#0","tintindex":0},"up":{"uv":[3.496,14.246,3.254,13.004],"rotation":0,"texture":"#0","tintindex":0},"down":{"uv":[3.746,13.004,3.504,14.246],"rotation":0,"texture":"#0","tintindex":0}}},{"from":[5.1485715,22.862858,18.29143],"to":[6.2799997,23.994286,20.565716],"rotation":{"angle":45.0,"axis":"x","origin":[5.714286,22.857143,19.428572]},"faces":{"east":{"uv":[14.629,2.754,15.121,2.996],"rotation":0,"texture":"#0","tintindex":0},"south":{"uv":[3.754,14.754,3.996,14.996],"rotation":0,"texture":"#0","tintindex":0},"north":{"uv":[3.504,14.754,3.746,14.996],"rotation":0,"texture":"#0","tintindex":0},"west":{"uv":[14.629,3.004,15.121,3.246],"rotation":0,"texture":"#0","tintindex":0},"up":{"uv":[9.621,14.996,9.379,14.504],"rotation":0,"texture":"#0","tintindex":0},"down":{"uv":[10.121,14.504,9.879,14.996],"rotation":0,"texture":"#0","tintindex":0}}},{"from":[5.142857,22.857143,17.142857],"to":[6.285714,24.57143,19.428572],"rotation":{"angle":0.0,"axis":"y","origin":[5.714286,22.857143,18.285715]},"faces":{"east":{"uv":[14.129,0.004,14.621,0.371],"rotation":0,"texture":"#0","tintindex":0},"south":{"uv":[1.504,14.754,1.746,15.121],"rotation":0,"texture":"#0","tintindex":0},"north":{"uv":[1.254,14.754,1.496,15.121],"rotation":0,"texture":"#0","tintindex":0},"west":{"uv":[5.254,14.129,5.746,14.496],"rotation":0,"texture":"#0","tintindex":0},"up":{"uv":[11.371,14.996,11.129,14.504],"rotation":0,"texture":"#0","tintindex":0},"down":{"uv":[0.246,14.629,0.004,15.121],"rotation":0,"texture":"#0","tintindex":0}}},{"from":[1.7142854,17.714287,5.714286],"to":[2.2857141,18.857143,11.428572],"rotation":{"angle":0.0,"axis":"y","origin":[7.428571,17.714287,5.714286]},"faces":{"east":{"uv":[7.004,13.004,8.246,13.246],"rotation":0,"texture":"#0","tintindex":0},"south":{"uv":[11.004,14.754,11.121,14.996],"rotation":0,"texture":"#0","tintindex":0},"north":{"uv":[10.879,14.754,10.996,14.996],"rotation":0,"texture":"#0","tintindex":0},"west":{"uv":[13.004,8.004,14.246,8.246],"rotation":0,"texture":"#0","tintindex":0},"up":{"uv":[1.996,15.121,1.879,13.879],"rotation":0,"texture":"#0","tintindex":0},"down":{"uv":[2.621,14.004,2.504,15.246],"rotation":0,"texture":"#0","tintindex":0}}},{"from":[1.7142854,9.142858,11.428572],"to":[2.2857141,18.857143,14.285715],"rotation":{"angle":0.0,"axis":"y","origin":[7.428571,17.714287,5.714286]},"faces":{"east":{"uv":[8.004,9.504,8.621,11.621],"rotation":0,"texture":"#0","tintindex":0},"south":{"uv":[13.129,12.629,13.246,14.746],"rotation":0,"texture":"#0","tintindex":0},"north":{"uv":[2.004,13.129,2.121,15.246],"rotation":0,"texture":"#0","tintindex":0},"west":{"uv":[9.754,5.879,10.371,7.996],"rotation":0,"texture":"#0","tintindex":0},"up":{"uv":[2.246,12.371,2.129,11.754],"rotation":0,"texture":"#0","tintindex":0},"down":{"uv":[10.621,14.629,10.504,15.246],"rotation":0,"texture":"#0","tintindex":0}}},{"from":[2.2857141,10.285714,13.142858],"to":[13.714286,14.285715,13.714286],"rotation":{"angle":0.0,"axis":"y","origin":[8.0,17.714287,6.285714]},"faces":{"east":{"uv":[10.004,8.879,10.121,9.746],"rotation":0,"texture":"#0","tintindex":0},"south":{"uv":[4.754,8.504,7.246,9.371],"rotation":0,"texture":"#0","tintindex":0},"north":{"uv":[8.504,4.004,10.996,4.871],"rotation":0,"texture":"#0","tintindex":0},"west":{"uv":[8.504,11.629,8.621,12.496],"rotation":0,"texture":"#0","tintindex":0},"up":{"uv":[14.871,7.746,12.379,7.629],"rotation":0,"texture":"#0","tintindex":0},"down":{"uv":[15.496,6.879,13.004,6.996],"rotation":0,"texture":"#0","tintindex":0}}},{"from":[2.2857141,14.285715,12.571428],"to":[13.714286,14.857143,14.285715],"rotation":{"angle":0.0,"axis":"y","origin":[8.0,16.57143,6.285714]},"faces":{"east":{"uv":[14.754,3.504,15.121,3.621],"rotation":0,"texture":"#0","tintindex":0},"south":{"uv":[13.004,8.379,15.496,8.496],"rotation":0,"texture":"#0","tintindex":0},"north":{"uv":[13.004,8.254,15.496,8.371],"rotation":0,"texture":"#0","tintindex":0},"west":{"uv":[4.254,14.754,4.621,14.871],"rotation":0,"texture":"#0","tintindex":0},"up":{"uv":[13.246,1.621,10.754,1.254],"rotation":0,"texture":"#0","tintindex":0},"down":{"uv":[13.246,1.629,10.754,1.996],"rotation":0,"texture":"#0","tintindex":0}}},{"from":[1.7142854,9.142858,18.857143],"to":[2.2857141,14.285715,20.0],"rotation":{"angle":0.0,"axis":"y","origin":[7.428571,17.714287,11.428572]},"faces":{"east":{"uv":[3.754,13.004,3.996,14.121],"rotation":0,"texture":"#0","tintindex":0},"south":{"uv":[9.754,14.004,9.871,15.121],"rotation":0,"texture":"#0","tintindex":0},"north":{"uv":[2.629,14.004,2.746,15.121],"rotation":0,"texture":"#0","tintindex":0},"west":{"uv":[8.254,13.004,8.496,14.121],"rotation":0,"texture":"#0","tintindex":0},"up":{"uv":[11.496,14.996,11.379,14.754],"rotation":0,"texture":"#0","tintindex":0},"down":{"uv":[11.621,14.754,11.504,14.996],"rotation":0,"texture":"#0","tintindex":0}}},{"from":[1.7142854,13.142858,14.285715],"to":[2.2857141,14.285715,18.857143],"rotation":{"angle":0.0,"axis":"y","origin":[7.428571,13.142858,11.428572]},"faces":{"east":{"uv":[13.504,10.004,14.496,10.246],"rotation":0,"texture":"#0","tintindex":0},"south":{"uv":[11.754,14.754,11.871,14.996],"rotation":0,"texture":"#0","tintindex":0},"north":{"uv":[11.629,14.754,11.746,14.996],"rotation":0,"texture":"#0","tintindex":0},"west":{"uv":[13.629,3.754,14.621,3.996],"rotation":0,"texture":"#0","tintindex":0},"up":{"uv":[9.746,15.496,9.629,14.504],"rotation":0,"texture":"#0","tintindex":0},"down":{"uv":[0.371,14.629,0.254,15.621],"rotation":0,"texture":"#0","tintindex":0}}},{"from":[1.1428566,14.285715,14.285715],"to":[2.8571424,14.857143,20.57143],"rotation":{"angle":0.0,"axis":"y","origin":[7.428571,13.714286,11.428572]},"faces":{"east":{"uv":[14.254,5.879,15.621,5.996],"rotation":0,"texture":"#0","tintindex":0},"south":{"uv":[4.629,14.754,4.996,14.871],"rotation":0,"texture":"#0","tintindex":0},"north":{"uv":[14.754,4.254,15.121,4.371],"rotation":0,"texture":"#0","tintindex":0},"west":{"uv":[14.254,6.754,15.621,6.871],"rotation":0,"texture":"#0","tintindex":0},"up":{"uv":[6.996,13.746,6.629,12.379],"rotation":0,"texture":"#0","tintindex":0},"down":{"uv":[2.496,12.504,2.129,13.871],"rotation":0,"texture":"#0","tintindex":0}}},{"from":[1.1428566,18.857143,5.142857],"to":[2.8571424,19.428572,14.857143],"rotation":{"angle":0.0,"axis":"y","origin":[7.428571,18.285715,2.2857141]},"faces":{"east":{"uv":[13.129,10.254,15.246,10.371],"rotation":0,"texture":"#0","tintindex":0},"south":{"uv":[14.754,5.004,15.121,5.121],"rotation":0,"texture":"#0","tintindex":0},"north":{"uv":[5.004,14.754,5.371,14.871],"rotation":0,"texture":"#0","tintindex":0},"west":{"uv":[13.254,1.254,15.371,1.371],"rotation":0,"texture":"#0","tintindex":0},"up":{"uv":[6.621,12.371,6.254,10.254],"rotation":0,"texture":"#0","tintindex":0},"down":{"uv":[6.996,10.254,6.629,12.371],"rotation":0,"texture":"#0","tintindex":0}}},{"from":[3.5714283,8.0,-6.5714293],"to":[12.428572,9.142858,-4.000001],"rotation":{"angle":0.0,"axis":"y","origin":[8.0,8.0,-4.000001]},"faces":{"east":{"uv":[14.379,7.754,14.9375,7.996],"rotation":0,"texture":"#0","tintindex":0},"south":{"uv":[12.629,0.754,14.5625,0.996],"rotation":0,"texture":"#0","tintindex":0},"north":{"uv":[12.629,3.004,14.5625,3.246],"rotation":0,"texture":"#0","tintindex":0},"west":{"uv":[14.379,13.754,14.9375,13.996],"rotation":0,"texture":"#0","tintindex":0},"up":{"uv":[12.3125,6.4375,10.379,5.879],"rotation":0,"texture":"#0","tintindex":0},"down":{"uv":[12.3125,6.504,10.379,7.0625],"rotation":0,"texture":"#0","tintindex":0}}},{"from":[4.0,8.0,-8.285715],"to":[12.0,14.285715,-7.714287],"rotation":{"angle":0.0,"axis":"y","origin":[8.0,8.0,-7.714287]},"faces":{"east":{"uv":[9.754,11.254,9.871,12.621],"rotation":0,"texture":"#0","tintindex":0},"south":{"uv":[7.254,1.379,8.996,2.746],"rotation":0,"texture":"#0","tintindex":0},"north":{"uv":[7.254,0.004,8.996,1.371],"rotation":0,"texture":"#0","tintindex":0},"west":{"uv":[1.754,13.879,1.871,15.246],"rotation":0,"texture":"#0","tintindex":0},"up":{"uv":[14.996,6.121,13.254,6.004],"rotation":0,"texture":"#0","tintindex":0},"down":{"uv":[14.996,7.504,13.254,7.621],"rotation":0,"texture":"#0","tintindex":0}}},{"from":[-1.7142859,8.0,-8.285715],"to":[4.0,14.285715,-8.285715],"rotation":{"angle":45.0,"axis":"y","origin":[4.0,8.0,-8.285715]},"faces":{"east":{"uv":[0.004,0.004,-0.004,1.371],"rotation":0,"texture":"#0","tintindex":0},"south":{"uv":[9.996,8.379,8.754,9.746],"rotation":0,"texture":"#0","tintindex":0},"north":{"uv":[8.754,8.379,9.996,9.746],"rotation":0,"texture":"#0","tintindex":0},"west":{"uv":[0.004,0.004,-0.004,1.371],"rotation":0,"texture":"#0","tintindex":0},"up":{"uv":[1.246,0.004,0.004,-0.004],"rotation":0,"texture":"#0","tintindex":0},"down":{"uv":[1.246,0.004,0.004,-0.004],"rotation":0,"texture":"#0","tintindex":0}}},{"from":[4.714286,8.142858,22.57143],"to":[5.5714283,9.0,23.714287],"rotation":{"angle":0.0,"axis":"y","origin":[8.571428,8.0,22.57143]},"faces":{"east":{"uv":[7.754,14.754,7.996,14.9375],"rotation":0,"texture":"#0","tintindex":0},"south":{"uv":[10.629,14.754,10.8125,14.9375],"rotation":0,"texture":"#0","tintindex":0},"north":{"uv":[14.754,10.379,14.9375,10.5625],"rotation":0,"texture":"#0","tintindex":0},"west":{"uv":[8.004,14.754,8.246,14.9375],"rotation":0,"texture":"#0","tintindex":0},"up":{"uv":[8.4375,14.996,8.254,14.754],"rotation":0,"texture":"#0","tintindex":0},"down":{"uv":[8.6875,14.754,8.504,14.996],"rotation":0,"texture":"#0","tintindex":0}}},{"from":[4.714286,8.142858,-7.714287],"to":[5.5714283,9.0,-6.5714293],"rotation":{"angle":0.0,"axis":"y","origin":[8.571428,8.0,-6.5714293]},"faces":{"east":{"uv":[7.996,14.754,7.754,14.9375],"rotation":0,"texture":"#0","tintindex":0},"south":{"uv":[14.9375,10.379,14.754,10.5625],"rotation":0,"texture":"#0","tintindex":0},"north":{"uv":[10.8125,14.754,10.629,14.9375],"rotation":0,"texture":"#0","tintindex":0},"west":{"uv":[8.246,14.754,8.004,14.9375],"rotation":0,"texture":"#0","tintindex":0},"up":{"uv":[8.4375,14.754,8.254,14.996],"rotation":0,"texture":"#0","tintindex":0},"down":{"uv":[8.6875,14.996,8.504,14.754],"rotation":0,"texture":"#0","tintindex":0}}},{"from":[10.428572,8.142858,-7.714287],"to":[11.285714,9.0,-6.5714293],"rotation":{"angle":0.0,"axis":"y","origin":[7.428571,8.0,-6.5714293]},"faces":{"east":{"uv":[8.004,14.754,8.246,14.9375],"rotation":0,"texture":"#0","tintindex":0},"south":{"uv":[14.754,10.379,14.9375,10.5625],"rotation":0,"texture":"#0","tintindex":0},"north":{"uv":[10.629,14.754,10.8125,14.9375],"rotation":0,"texture":"#0","tintindex":0},"west":{"uv":[7.754,14.754,7.996,14.9375],"rotation":0,"texture":"#0","tintindex":0},"up":{"uv":[8.254,14.754,8.4375,14.996],"rotation":0,"texture":"#0","tintindex":0},"down":{"uv":[8.504,14.996,8.6875,14.754],"rotation":0,"texture":"#0","tintindex":0}}},{"from":[10.428572,8.142858,22.57143],"to":[11.285714,9.0,23.714287],"rotation":{"angle":0.0,"axis":"y","origin":[7.428571,8.0,22.57143]},"faces":{"east":{"uv":[8.246,14.754,8.004,14.9375],"rotation":0,"texture":"#0","tintindex":0},"south":{"uv":[10.8125,14.754,10.629,14.9375],"rotation":0,"texture":"#0","tintindex":0},"north":{"uv":[14.9375,10.379,14.754,10.5625],"rotation":0,"texture":"#0","tintindex":0},"west":{"uv":[7.996,14.754,7.754,14.9375],"rotation":0,"texture":"#0","tintindex":0},"up":{"uv":[8.254,14.996,8.4375,14.754],"rotation":0,"texture":"#0","tintindex":0},"down":{"uv":[8.504,14.754,8.6875,14.996],"rotation":0,"texture":"#0","tintindex":0}}},{"from":[4.0,8.0,23.714287],"to":[12.0,12.0,24.285715],"rotation":{"angle":0.0,"axis":"y","origin":[8.0,8.0,23.714287]},"faces":{"east":{"uv":[9.129,14.629,9.246,15.496],"rotation":0,"texture":"#0","tintindex":0},"south":{"uv":[5.254,9.379,6.996,10.246],"rotation":0,"texture":"#0","tintindex":0},"north":{"uv":[9.004,1.379,10.746,2.246],"rotation":0,"texture":"#0","tintindex":0},"west":{"uv":[9.254,14.629,9.371,15.496],"rotation":0,"texture":"#0","tintindex":0},"up":{"uv":[15.496,2.246,13.754,2.129],"rotation":0,"texture":"#0","tintindex":0},"down":{"uv":[15.496,12.879,13.754,12.996],"rotation":0,"texture":"#0","tintindex":0}}},{"from":[-0.57142925,8.0,24.285715],"to":[4.0,14.857143,24.285715],"rotation":{"angle":-45.0,"axis":"y","origin":[4.0,8.0,24.285715]},"faces":{"east":{"uv":[0.004,0.004,-0.004,1.496],"rotation":0,"texture":"#0","tintindex":0},"south":{"uv":[0.004,9.629,0.996,11.121],"rotation":0,"texture":"#0","tintindex":0},"north":{"uv":[0.996,9.629,0.004,11.121],"rotation":0,"texture":"#0","tintindex":0},"west":{"uv":[0.004,0.004,-0.004,1.496],"rotation":0,"texture":"#0","tintindex":0},"up":{"uv":[0.996,0.004,0.004,-0.004],"rotation":0,"texture":"#0","tintindex":0},"down":{"uv":[0.996,0.004,0.004,-0.004],"rotation":0,"texture":"#0","tintindex":0}}},{"from":[4.5714283,13.142858,-8.285715],"to":[11.428572,17.714287,-7.714287],"rotation":{"angle":22.5,"axis":"x","origin":[8.0,13.142858,-8.285715]},"faces":{"east":{"uv":[2.754,14.629,2.871,15.621],"rotation":0,"texture":"#0","tintindex":0},"south":{"uv":[9.754,4.879,11.246,5.871],"rotation":0,"texture":"#0","tintindex":0},"north":{"uv":[1.004,9.629,2.496,10.621],"rotation":0,"texture":"#0","tintindex":0},"west":{"uv":[2.879,14.629,2.996,15.621],"rotation":0,"texture":"#0","tintindex":0},"up":{"uv":[6.246,8.496,4.754,8.379],"rotation":0,"texture":"#0","tintindex":0},"down":{"uv":[15.371,3.629,13.879,3.746],"rotation":0,"texture":"#0","tintindex":0}}},{"from":[4.5714283,17.14763,-6.0083733],"to":[11.428572,21.14763,-6.0083733],"rotation":{"angle":0.0,"axis":"y","origin":[8.0,17.14763,-6.0083733]},"faces":{"east":{"uv":[0.004,0.004,-0.004,0.871],"rotation":0,"texture":"#0","tintindex":0},"south":{"uv":[10.121,9.754,8.629,10.621],"rotation":0,"texture":"#0","tintindex":0},"north":{"uv":[8.629,9.754,10.121,10.621],"rotation":0,"texture":"#0","tintindex":0},"west":{"uv":[0.004,0.004,-0.004,0.871],"rotation":0,"texture":"#0","tintindex":0},"up":{"uv":[1.496,0.004,0.004,-0.004],"rotation":0,"texture":"#0","tintindex":0},"down":{"uv":[1.496,0.004,0.004,-0.004],"rotation":0,"texture":"#0","tintindex":0}}},{"from":[6.285714,20.576202,-7.151231],"to":[9.714286,22.861916,-5.436945],"rotation":{"angle":0.0,"axis":"y","origin":[8.0,20.576202,-6.0083733]},"faces":{"east":{"uv":[0.379,14.254,0.746,14.746],"rotation":0,"texture":"#0","tintindex":0},"south":{"uv":[10.129,12.879,10.871,13.371],"rotation":0,"texture":"#0","tintindex":0},"north":{"uv":[5.254,12.879,5.996,13.371],"rotation":0,"texture":"#0","tintindex":0},"west":{"uv":[14.254,2.254,14.621,2.746],"rotation":0,"texture":"#0","tintindex":0},"up":{"uv":[11.996,5.871,11.254,5.504],"rotation":0,"texture":"#0","tintindex":0},"down":{"uv":[11.621,13.129,10.879,13.496],"rotation":0,"texture":"#0","tintindex":0}}},{"from":[4.5714283,8.576201,-9.436945],"to":[6.857143,12.576202,-8.294088],"rotation":{"angle":0.0,"axis":"y","origin":[5.714286,8.576201,-8.865517]},"faces":{"east":{"uv":[13.996,13.004,13.754,13.871],"rotation":0,"texture":"#0","tintindex":0},"south":{"uv":[12.629,9.504,13.121,10.371],"rotation":0,"texture":"#0","tintindex":0},"north":{"uv":[9.379,12.629,9.871,13.496],"rotation":0,"texture":"#0","tintindex":0},"west":{"uv":[13.754,13.004,13.996,13.871],"rotation":0,"texture":"#0","tintindex":0},"up":{"uv":[15.121,3.996,14.629,3.754],"rotation":0,"texture":"#0","tintindex":0},"down":{"uv":[15.121,4.379,14.629,4.621],"rotation":0,"texture":"#0","tintindex":0}}},{"from":[6.857143,8.576201,-10.579802],"to":[6.857143,12.576202,-9.436945],"rotation":{"angle":0.0,"axis":"y","origin":[5.714286,8.576201,-10.008373]},"faces":{"east":{"uv":[0.879,13.879,1.121,14.746],"rotation":0,"texture":"#0","tintindex":0},"south":{"uv":[0.004,0.004,-0.004,0.871],"rotation":0,"texture":"#0","tintindex":0},"north":{"uv":[0.004,0.004,-0.004,0.871],"rotation":0,"texture":"#0","tintindex":0},"west":{"uv":[1.129,13.879,1.371,14.746],"rotation":0,"texture":"#0","tintindex":0},"up":{"uv":[0.004,0.246,-0.004,0.004],"rotation":0,"texture":"#0","tintindex":0},"down":{"uv":[0.004,0.004,-0.004,0.246],"rotation":0,"texture":"#0","tintindex":0}}},{"from":[4.5714283,8.576201,-10.579802],"to":[4.5714283,12.576202,-9.436945],"rotation":{"angle":0.0,"axis":"y","origin":[5.714286,8.576201,-10.008373]},"faces":{"east":{"uv":[1.371,13.879,1.129,14.746],"rotation":0,"texture":"#0","tintindex":0},"south":{"uv":[0.004,0.004,-0.004,0.871],"rotation":0,"texture":"#0","tintindex":0},"north":{"uv":[0.004,0.004,-0.004,0.871],"rotation":0,"texture":"#0","tintindex":0},"west":{"uv":[1.121,13.879,0.879,14.746],"rotation":0,"texture":"#0","tintindex":0},"up":{"uv":[0.004,0.246,-0.004,0.004],"rotation":0,"texture":"#0","tintindex":0},"down":{"uv":[0.004,0.004,-0.004,0.246],"rotation":0,"texture":"#0","tintindex":0}}},{"from":[4.5714283,12.576202,-10.579802],"to":[6.857143,12.576202,-9.436945],"rotation":{"angle":0.0,"axis":"y","origin":[5.714286,8.576201,-10.008373]},"faces":{"east":{"uv":[0.004,0.004,0.246,-0.004],"rotation":0,"texture":"#0","tintindex":0},"south":{"uv":[0.004,0.004,0.496,-0.004],"rotation":0,"texture":"#0","tintindex":0},"north":{"uv":[0.004,0.004,0.496,-0.004],"rotation":0,"texture":"#0","tintindex":0},"west":{"uv":[0.004,0.004,0.246,-0.004],"rotation":0,"texture":"#0","tintindex":0},"up":{"uv":[6.246,14.871,5.754,14.629],"rotation":0,"texture":"#0","tintindex":0},"down":{"uv":[6.746,14.629,6.254,14.871],"rotation":0,"texture":"#0","tintindex":0}}},{"from":[9.142858,8.576201,-9.436945],"to":[11.428572,12.576202,-8.294088],"rotation":{"angle":0.0,"axis":"y","origin":[10.285714,8.576201,-8.865517]},"faces":{"east":{"uv":[13.996,13.004,13.754,13.871],"rotation":0,"texture":"#0","tintindex":0},"south":{"uv":[13.121,9.504,12.629,10.371],"rotation":0,"texture":"#0","tintindex":0},"north":{"uv":[9.871,12.629,9.379,13.496],"rotation":0,"texture":"#0","tintindex":0},"west":{"uv":[13.754,13.004,13.996,13.871],"rotation":0,"texture":"#0","tintindex":0},"up":{"uv":[14.629,3.996,15.121,3.754],"rotation":0,"texture":"#0","tintindex":0},"down":{"uv":[14.629,4.379,15.121,4.621],"rotation":0,"texture":"#0","tintindex":0}}},{"from":[9.142858,8.576201,-10.579802],"to":[9.142858,12.576202,-9.436945],"rotation":{"angle":0.0,"axis":"y","origin":[10.285714,8.576201,-10.008373]},"faces":{"east":{"uv":[1.371,13.879,1.129,14.746],"rotation":0,"texture":"#0","tintindex":0},"south":{"uv":[0.004,0.004,-0.004,0.871],"rotation":0,"texture":"#0","tintindex":0},"north":{"uv":[0.004,0.004,-0.004,0.871],"rotation":0,"texture":"#0","tintindex":0},"west":{"uv":[1.121,13.879,0.879,14.746],"rotation":0,"texture":"#0","tintindex":0},"up":{"uv":[0.004,0.246,-0.004,0.004],"rotation":0,"texture":"#0","tintindex":0},"down":{"uv":[0.004,0.004,-0.004,0.246],"rotation":0,"texture":"#0","tintindex":0}}},{"from":[11.428572,8.576201,-10.579802],"to":[11.428572,12.576202,-9.436945],"rotation":{"angle":0.0,"axis":"y","origin":[10.285714,8.576201,-10.008373]},"faces":{"east":{"uv":[0.879,13.879,1.121,14.746],"rotation":0,"texture":"#0","tintindex":0},"south":{"uv":[0.004,0.004,-0.004,0.871],"rotation":0,"texture":"#0","tintindex":0},"north":{"uv":[0.004,0.004,-0.004,0.871],"rotation":0,"texture":"#0","tintindex":0},"west":{"uv":[1.129,13.879,1.371,14.746],"rotation":0,"texture":"#0","tintindex":0},"up":{"uv":[0.004,0.246,-0.004,0.004],"rotation":0,"texture":"#0","tintindex":0},"down":{"uv":[0.004,0.004,-0.004,0.246],"rotation":0,"texture":"#0","tintindex":0}}},{"from":[9.142858,12.576202,-10.579802],"to":[11.428572,12.576202,-9.436945],"rotation":{"angle":0.0,"axis":"y","origin":[10.285714,8.576201,-10.008373]},"faces":{"east":{"uv":[0.246,0.004,0.004,-0.004],"rotation":0,"texture":"#0","tintindex":0},"south":{"uv":[0.496,0.004,0.004,-0.004],"rotation":0,"texture":"#0","tintindex":0},"north":{"uv":[0.496,0.004,0.004,-0.004],"rotation":0,"texture":"#0","tintindex":0},"west":{"uv":[0.246,0.004,0.004,-0.004],"rotation":0,"texture":"#0","tintindex":0},"up":{"uv":[5.754,14.871,6.246,14.629],"rotation":0,"texture":"#0","tintindex":0},"down":{"uv":[6.254,14.629,6.746,14.871],"rotation":0,"texture":"#0","tintindex":0}}},{"from":[6.428571,9.142858,-6.000001],"to":[9.571428,10.285714,-2.8571434],"rotation":{"angle":0.0,"axis":"y","origin":[8.0,9.142858,-3.4285717]},"faces":{"east":{"uv":[7.254,14.254,7.9375,14.496],"rotation":0,"texture":"#0","tintindex":0},"south":{"uv":[7.254,14.254,7.9375,14.496],"rotation":0,"texture":"#0","tintindex":0},"north":{"uv":[8.004,14.254,8.6875,14.496],"rotation":0,"texture":"#0","tintindex":0},"west":{"uv":[7.254,14.254,7.9375,14.496],"rotation":0,"texture":"#0","tintindex":0},"up":{"uv":[4.6875,13.1875,4.004,12.504],"rotation":0,"texture":"#0","tintindex":0},"down":{"uv":[13.3125,8.754,12.629,9.4375],"rotation":0,"texture":"#0","tintindex":0}}},{"from":[7.428571,10.285714,-4.5714293],"to":[8.571428,14.857143,-3.4285717],"rotation":{"angle":22.5,"axis":"x","origin":[8.0,10.285714,-4.5714293]},"faces":{"east":{"uv":[8.004,13.254,8.246,14.246],"rotation":0,"texture":"#0","tintindex":0},"south":{"uv":[2.754,13.629,2.996,14.621],"rotation":0,"texture":"#0","tintindex":0},"north":{"uv":[4.504,13.254,4.746,14.246],"rotation":0,"texture":"#0","tintindex":0},"west":{"uv":[9.129,13.629,9.371,14.621],"rotation":0,"texture":"#0","tintindex":0},"up":{"uv":[4.246,14.996,4.004,14.754],"rotation":0,"texture":"#0","tintindex":0},"down":{"uv":[14.996,4.004,14.754,4.246],"rotation":0,"texture":"#0","tintindex":0}}},{"from":[5.714286,14.857143,-5.714287],"to":[10.285714,15.428572,-3.4285717],"rotation":{"angle":22.5,"axis":"x","origin":[8.0,10.285714,-4.5714293]},"faces":{"east":{"uv":[14.629,4.629,15.121,4.746],"rotation":0,"texture":"#0","tintindex":0},"south":{"uv":[14.379,5.379,15.371,5.496],"rotation":0,"texture":"#0","tintindex":0},"north":{"uv":[11.504,8.754,12.496,8.871],"rotation":0,"texture":"#0","tintindex":0},"west":{"uv":[14.629,9.129,15.121,9.246],"rotation":0,"texture":"#0","tintindex":0},"up":{"uv":[13.496,5.496,12.504,5.004],"rotation":0,"texture":"#0","tintindex":0},"down":{"uv":[13.621,0.004,12.629,0.496],"rotation":0,"texture":"#0","tintindex":0}}},{"from":[3.5714283,8.0,20.0],"to":[12.428572,9.142858,22.57143],"rotation":{"angle":0.0,"axis":"y","origin":[8.0,8.0,20.0]},"faces":{"east":{"uv":[14.379,14.004,14.9375,14.246],"rotation":0,"texture":"#0","tintindex":0},"south":{"uv":[12.629,3.004,14.5625,3.246],"rotation":0,"texture":"#0","tintindex":0},"north":{"uv":[12.629,2.754,14.5625,2.996],"rotation":0,"texture":"#0","tintindex":0},"west":{"uv":[14.379,14.254,14.9375,14.496],"rotation":0,"texture":"#0","tintindex":0},"up":{"uv":[12.3125,7.6875,10.379,7.129],"rotation":0,"texture":"#0","tintindex":0},"down":{"uv":[2.9375,10.629,1.004,11.1875],"rotation":0,"texture":"#0","tintindex":0}}},{"from":[1.1485715,8.005714,20.005714],"to":[4.565714,9.137143,23.422857],"rotation":{"angle":45.0,"axis":"y","origin":[1.1428566,8.0,20.0]},"faces":{"east":{"uv":[3.754,14.254,4.496,14.496],"rotation":0,"texture":"#0","tintindex":0},"south":{"uv":[4.504,14.254,5.246,14.496],"rotation":0,"texture":"#0","tintindex":0},"north":{"uv":[3.004,14.254,3.746,14.496],"rotation":0,"texture":"#0","tintindex":0},"west":{"uv":[14.254,5.504,14.996,5.746],"rotation":0,"texture":"#0","tintindex":0},"up":{"uv":[8.496,12.996,7.754,12.254],"rotation":0,"texture":"#0","tintindex":0},"down":{"uv":[12.996,8.004,12.254,8.746],"rotation":0,"texture":"#0","tintindex":0}}},{"from":[11.434286,8.005714,20.005714],"to":[14.851429,9.137143,23.422857],"rotation":{"angle":-45.0,"axis":"y","origin":[14.857143,8.0,20.0]},"faces":{"east":{"uv":[14.996,5.504,14.254,5.746],"rotation":0,"texture":"#0","tintindex":0},"south":{"uv":[5.246,14.254,4.504,14.496],"rotation":0,"texture":"#0","tintindex":0},"north":{"uv":[3.746,14.254,3.004,14.496],"rotation":0,"texture":"#0","tintindex":0},"west":{"uv":[4.496,14.254,3.754,14.496],"rotation":0,"texture":"#0","tintindex":0},"up":{"uv":[7.754,12.996,8.496,12.254],"rotation":0,"texture":"#0","tintindex":0},"down":{"uv":[12.254,8.004,12.996,8.746],"rotation":0,"texture":"#0","tintindex":0}}},{"from":[1.1485715,8.005714,-7.4228573],"to":[4.565714,9.137143,-4.0057154],"rotation":{"angle":-45.0,"axis":"y","origin":[1.1428566,8.0,-4.000001]},"faces":{"east":{"uv":[4.496,14.254,3.754,14.496],"rotation":0,"texture":"#0","tintindex":0},"south":{"uv":[3.746,14.254,3.004,14.496],"rotation":0,"texture":"#0","tintindex":0},"north":{"uv":[5.246,14.254,4.504,14.496],"rotation":0,"texture":"#0","tintindex":0},"west":{"uv":[14.996,5.504,14.254,5.746],"rotation":0,"texture":"#0","tintindex":0},"up":{"uv":[8.496,12.254,7.754,12.996],"rotation":0,"texture":"#0","tintindex":0},"down":{"uv":[12.996,8.746,12.254,8.004],"rotation":0,"texture":"#0","tintindex":0}}},{"from":[11.434286,8.005714,-7.4228573],"to":[14.851429,9.137143,-4.0057154],"rotation":{"angle":45.0,"axis":"y","origin":[14.857143,8.0,-4.000001]},"faces":{"east":{"uv":[14.254,5.504,14.996,5.746],"rotation":0,"texture":"#0","tintindex":0},"south":{"uv":[3.004,14.254,3.746,14.496],"rotation":0,"texture":"#0","tintindex":0},"north":{"uv":[4.504,14.254,5.246,14.496],"rotation":0,"texture":"#0","tintindex":0},"west":{"uv":[3.754,14.254,4.496,14.496],"rotation":0,"texture":"#0","tintindex":0},"up":{"uv":[7.754,12.254,8.496,12.996],"rotation":0,"texture":"#0","tintindex":0},"down":{"uv":[12.254,8.746,12.996,8.004],"rotation":0,"texture":"#0","tintindex":0}}},{"from":[4.5714283,9.142858,-2.285715],"to":[11.428572,11.428572,4.5714283],"rotation":{"angle":0.0,"axis":"y","origin":[8.0,9.142858,0.5714283]},"faces":{"east":{"uv":[11.129,8.879,12.621,9.371],"rotation":0,"texture":"#0","tintindex":0},"south":{"uv":[11.129,9.379,12.621,9.871],"rotation":0,"texture":"#0","tintindex":0},"north":{"uv":[11.129,3.254,12.621,3.746],"rotation":0,"texture":"#0","tintindex":0},"west":{"uv":[11.129,9.879,12.621,10.371],"rotation":0,"texture":"#0","tintindex":0},"up":{"uv":[1.496,9.621,0.004,8.129],"rotation":0,"texture":"#0","tintindex":0},"down":{"uv":[2.996,8.129,1.504,9.621],"rotation":0,"texture":"#0","tintindex":0}}},{"from":[5.142857,10.285714,2.2857141],"to":[10.857143,18.857143,4.5714283],"rotation":{"angle":22.5,"axis":"x","origin":[8.0,10.285714,3.4285712]},"faces":{"east":{"uv":[5.254,10.254,5.746,12.121],"rotation":0,"texture":"#0","tintindex":0},"south":{"uv":[7.254,4.629,8.496,6.496],"rotation":0,"texture":"#0","tintindex":0},"north":{"uv":[7.254,2.754,8.496,4.621],"rotation":0,"texture":"#0","tintindex":0},"west":{"uv":[5.754,10.254,6.246,12.121],"rotation":0,"texture":"#0","tintindex":0},"up":{"uv":[2.246,11.746,1.004,11.254],"rotation":0,"texture":"#0","tintindex":0},"down":{"uv":[12.496,5.004,11.254,5.496],"rotation":0,"texture":"#0","tintindex":0}}},{"from":[1.7199998,9.148571,1.1485715],"to":[2.2799997,19.994286,2.2799997],"rotation":{"angle":22.5,"axis":"x","origin":[2.2857141,9.142858,1.1428566]},"faces":{"east":{"uv":[2.754,11.254,2.996,13.621],"rotation":0,"texture":"#0","tintindex":0},"south":{"uv":[0.754,13.004,0.871,15.371],"rotation":0,"texture":"#0","tintindex":0},"north":{"uv":[9.004,12.504,9.121,14.871],"rotation":0,"texture":"#0","tintindex":0},"west":{"uv":[9.129,11.254,9.371,13.621],"rotation":0,"texture":"#0","tintindex":0},"up":{"uv":[11.996,14.996,11.879,14.754],"rotation":0,"texture":"#0","tintindex":0},"down":{"uv":[12.121,14.754,12.004,14.996],"rotation":0,"texture":"#0","tintindex":0}}},{"from":[12.0,8.0,-8.285715],"to":[17.714287,14.285715,-8.285715],"rotation":{"angle":-45.0,"axis":"y","origin":[12.0,8.0,-8.285715]},"faces":{"east":{"uv":[0.004,0.004,-0.004,1.371],"rotation":0,"texture":"#0","tintindex":0},"south":{"uv":[8.754,8.379,9.996,9.746],"rotation":0,"texture":"#0","tintindex":0},"north":{"uv":[9.996,8.379,8.754,9.746],"rotation":0,"texture":"#0","tintindex":0},"west":{"uv":[0.004,0.004,-0.004,1.371],"rotation":0,"texture":"#0","tintindex":0},"up":{"uv":[0.004,0.004,1.246,-0.004],"rotation":0,"texture":"#0","tintindex":0},"down":{"uv":[0.004,0.004,1.246,-0.004],"rotation":0,"texture":"#0","tintindex":0}}},{"from":[13.72,9.148571,1.1485715],"to":[14.280001,19.994286,2.2799997],"rotation":{"angle":22.5,"axis":"x","origin":[13.714286,9.142858,1.1428566]},"faces":{"east":{"uv":[9.371,11.254,9.129,13.621],"rotation":0,"texture":"#0","tintindex":0},"south":{"uv":[0.871,13.004,0.754,15.371],"rotation":0,"texture":"#0","tintindex":0},"north":{"uv":[9.121,12.504,9.004,14.871],"rotation":0,"texture":"#0","tintindex":0},"west":{"uv":[2.996,11.254,2.754,13.621],"rotation":0,"texture":"#0","tintindex":0},"up":{"uv":[11.879,14.996,11.996,14.754],"rotation":0,"texture":"#0","tintindex":0},"down":{"uv":[12.004,14.754,12.121,14.996],"rotation":0,"texture":"#0","tintindex":0}}},{"from":[13.142858,18.857143,5.142857],"to":[14.857143,19.428572,14.857143],"rotation":{"angle":0.0,"axis":"y","origin":[8.571428,18.285715,2.2857141]},"faces":{"east":{"uv":[15.371,1.254,13.254,1.371],"rotation":0,"texture":"#0","tintindex":0},"south":{"uv":[15.121,5.004,14.754,5.121],"rotation":0,"texture":"#0","tintindex":0},"north":{"uv":[5.371,14.754,5.004,14.871],"rotation":0,"texture":"#0","tintindex":0},"west":{"uv":[15.246,10.254,13.129,10.371],"rotation":0,"texture":"#0","tintindex":0},"up":{"uv":[6.254,12.371,6.621,10.254],"rotation":0,"texture":"#0","tintindex":0},"down":{"uv":[6.629,10.254,6.996,12.371],"rotation":0,"texture":"#0","tintindex":0}}},{"from":[13.714286,17.714287,5.714286],"to":[14.285715,18.857143,11.428572],"rotation":{"angle":0.0,"axis":"y","origin":[8.571428,17.714287,5.714286]},"faces":{"east":{"uv":[14.246,8.004,13.004,8.246],"rotation":0,"texture":"#0","tintindex":0},"south":{"uv":[11.121,14.754,11.004,14.996],"rotation":0,"texture":"#0","tintindex":0},"north":{"uv":[10.996,14.754,10.879,14.996],"rotation":0,"texture":"#0","tintindex":0},"west":{"uv":[8.246,13.004,7.004,13.246],"rotation":0,"texture":"#0","tintindex":0},"up":{"uv":[1.879,15.121,1.996,13.879],"rotation":0,"texture":"#0","tintindex":0},"down":{"uv":[2.504,14.004,2.621,15.246],"rotation":0,"texture":"#0","tintindex":0}}},{"from":[13.714286,9.142858,11.428572],"to":[14.285715,18.857143,14.285715],"rotation":{"angle":0.0,"axis":"y","origin":[8.571428,17.714287,5.714286]},"faces":{"east":{"uv":[10.371,5.879,9.754,7.996],"rotation":0,"texture":"#0","tintindex":0},"south":{"uv":[13.246,12.629,13.129,14.746],"rotation":0,"texture":"#0","tintindex":0},"north":{"uv":[2.121,13.129,2.004,15.246],"rotation":0,"texture":"#0","tintindex":0},"west":{"uv":[8.621,9.504,8.004,11.621],"rotation":0,"texture":"#0","tintindex":0},"up":{"uv":[2.129,12.371,2.246,11.754],"rotation":0,"texture":"#0","tintindex":0},"down":{"uv":[10.504,14.629,10.621,15.246],"rotation":0,"texture":"#0","tintindex":0}}},{"from":[13.142858,14.285715,14.285715],"to":[14.857143,14.857143,20.57143],"rotation":{"angle":0.0,"axis":"y","origin":[8.571428,13.714286,11.428572]},"faces":{"east":{"uv":[15.621,6.754,14.254,6.871],"rotation":0,"texture":"#0","tintindex":0},"south":{"uv":[4.996,14.754,4.629,14.871],"rotation":0,"texture":"#0","tintindex":0},"north":{"uv":[15.121,4.254,14.754,4.371],"rotation":0,"texture":"#0","tintindex":0},"west":{"uv":[15.621,5.879,14.254,5.996],"rotation":0,"texture":"#0","tintindex":0},"up":{"uv":[6.629,13.746,6.996,12.379],"rotation":0,"texture":"#0","tintindex":0},"down":{"uv":[2.129,12.504,2.496,13.871],"rotation":0,"texture":"#0","tintindex":0}}},{"from":[13.714286,13.142858,14.285715],"to":[14.285715,14.285715,18.857143],"rotation":{"angle":0.0,"axis":"y","origin":[8.571428,13.142858,11.428572]},"faces":{"east":{"uv":[14.621,3.754,13.629,3.996],"rotation":0,"texture":"#0","tintindex":0},"south":{"uv":[11.871,14.754,11.754,14.996],"rotation":0,"texture":"#0","tintindex":0},"north":{"uv":[11.746,14.754,11.629,14.996],"rotation":0,"texture":"#0","tintindex":0},"west":{"uv":[14.496,10.004,13.504,10.246],"rotation":0,"texture":"#0","tintindex":0},"up":{"uv":[9.629,15.496,9.746,14.504],"rotation":0,"texture":"#0","tintindex":0},"down":{"uv":[0.254,14.629,0.371,15.621],"rotation":0,"texture":"#0","tintindex":0}}},{"from":[13.714286,9.142858,18.857143],"to":[14.285715,14.285715,20.0],"rotation":{"angle":0.0,"axis":"y","origin":[8.571428,17.714287,11.428572]},"faces":{"east":{"uv":[8.496,13.004,8.254,14.121],"rotation":0,"texture":"#0","tintindex":0},"south":{"uv":[9.871,14.004,9.754,15.121],"rotation":0,"texture":"#0","tintindex":0},"north":{"uv":[2.746,14.004,2.629,15.121],"rotation":0,"texture":"#0","tintindex":0},"west":{"uv":[3.996,13.004,3.754,14.121],"rotation":0,"texture":"#0","tintindex":0},"up":{"uv":[11.379,14.996,11.496,14.754],"rotation":0,"texture":"#0","tintindex":0},"down":{"uv":[11.504,14.754,11.621,14.996],"rotation":0,"texture":"#0","tintindex":0}}},{"from":[12.0,8.0,24.285715],"to":[16.57143,14.857143,24.285715],"rotation":{"angle":45.0,"axis":"y","origin":[12.0,8.0,24.285715]},"faces":{"east":{"uv":[0.004,0.004,-0.004,1.496],"rotation":0,"texture":"#0","tintindex":0},"south":{"uv":[0.996,9.629,0.004,11.121],"rotation":0,"texture":"#0","tintindex":0},"north":{"uv":[0.004,9.629,0.996,11.121],"rotation":0,"texture":"#0","tintindex":0},"west":{"uv":[0.004,0.004,-0.004,1.496],"rotation":0,"texture":"#0","tintindex":0},"up":{"uv":[0.004,0.004,0.996,-0.004],"rotation":0,"texture":"#0","tintindex":0},"down":{"uv":[0.004,0.004,0.996,-0.004],"rotation":0,"texture":"#0","tintindex":0}}},{"from":[9.714286,11.428572,15.428572],"to":[10.857143,22.857143,21.142857],"rotation":{"angle":0.0,"axis":"y","origin":[10.285714,11.428572,18.285715]},"faces":{"east":{"uv":[7.246,0.004,6.004,2.496],"rotation":0,"texture":"#0","tintindex":0},"south":{"uv":[5.246,10.879,5.004,13.371],"rotation":0,"texture":"#0","tintindex":0},"north":{"uv":[6.246,2.504,6.004,4.996],"rotation":0,"texture":"#0","tintindex":0},"west":{"uv":[6.246,5.254,5.004,7.746],"rotation":0,"texture":"#0","tintindex":0},"up":{"uv":[3.254,14.246,3.496,13.004],"rotation":0,"texture":"#0","tintindex":0},"down":{"uv":[3.504,13.004,3.746,14.246],"rotation":0,"texture":"#0","tintindex":0}}},{"from":[9.714286,22.857143,17.142857],"to":[10.857143,24.57143,19.428572],"rotation":{"angle":0.0,"axis":"y","origin":[10.285714,22.857143,18.285715]},"faces":{"east":{"uv":[5.746,14.129,5.254,14.496],"rotation":0,"texture":"#0","tintindex":0},"south":{"uv":[1.746,14.754,1.504,15.121],"rotation":0,"texture":"#0","tintindex":0},"north":{"uv":[1.496,14.754,1.254,15.121],"rotation":0,"texture":"#0","tintindex":0},"west":{"uv":[14.621,0.004,14.129,0.371],"rotation":0,"texture":"#0","tintindex":0},"up":{"uv":[11.129,14.996,11.371,14.504],"rotation":0,"texture":"#0","tintindex":0},"down":{"uv":[0.004,14.629,0.246,15.121],"rotation":0,"texture":"#0","tintindex":0}}},{"from":[9.72,22.862858,18.29143],"to":[10.851429,23.994286,20.565716],"rotation":{"angle":45.0,"axis":"x","origin":[10.285714,22.857143,19.428572]},"faces":{"east":{"uv":[15.121,3.004,14.629,3.246],"rotation":0,"texture":"#0","tintindex":0},"south":{"uv":[3.996,14.754,3.754,14.996],"rotation":0,"texture":"#0","tintindex":0},"north":{"uv":[3.746,14.754,3.504,14.996],"rotation":0,"texture":"#0","tintindex":0},"west":{"uv":[15.121,2.754,14.629,2.996],"rotation":0,"texture":"#0","tintindex":0},"up":{"uv":[9.379,14.996,9.621,14.504],"rotation":0,"texture":"#0","tintindex":0},"down":{"uv":[9.879,14.504,10.121,14.996],"rotation":0,"texture":"#0","tintindex":0}}},{"from":[5.1485715,22.862858,16.005714],"to":[6.2799997,23.994286,18.28],"rotation":{"angle":-45.0,"axis":"x","origin":[5.714286,22.857143,17.142857]},"faces":{"east":{"uv":[15.121,2.754,14.629,2.996],"rotation":0,"texture":"#0","tintindex":0},"south":{"uv":[3.746,14.754,3.504,14.996],"rotation":0,"texture":"#0","tintindex":0},"north":{"uv":[3.996,14.754,3.754,14.996],"rotation":0,"texture":"#0","tintindex":0},"west":{"uv":[15.121,3.004,14.629,3.246],"rotation":0,"texture":"#0","tintindex":0},"up":{"uv":[9.621,14.504,9.379,14.996],"rotation":0,"texture":"#0","tintindex":0},"down":{"uv":[10.121,14.996,9.879,14.504],"rotation":0,"texture":"#0","tintindex":0}}},{"from":[9.72,22.862858,16.005714],"to":[10.851429,23.994286,18.28],"rotation":{"angle":-45.0,"axis":"x","origin":[10.285714,22.857143,17.142857]},"faces":{"east":{"uv":[14.629,3.004,15.121,3.246],"rotation":0,"texture":"#0","tintindex":0},"south":{"uv":[3.504,14.754,3.746,14.996],"rotation":0,"texture":"#0","tintindex":0},"north":{"uv":[3.754,14.754,3.996,14.996],"rotation":0,"texture":"#0","tintindex":0},"west":{"uv":[14.629,2.754,15.121,2.996],"rotation":0,"texture":"#0","tintindex":0},"up":{"uv":[9.379,14.504,9.621,14.996],"rotation":0,"texture":"#0","tintindex":0},"down":{"uv":[9.879,14.996,10.121,14.504],"rotation":0,"texture":"#0","tintindex":0}}},{"from":[6.857143,17.76733,5.4788632],"to":[9.142858,19.481617,7.7645774],"rotation":{"angle":0.0,"axis":"y","origin":[8.0,17.76733,6.6217203]},"faces":{"east":{"uv":[6.254,14.254,6.746,14.621],"rotation":0,"texture":"#0","tintindex":0},"south":{"uv":[14.254,6.379,14.746,6.746],"rotation":0,"texture":"#0","tintindex":0},"north":{"uv":[5.754,14.254,6.246,14.621],"rotation":0,"texture":"#0","tintindex":0},"west":{"uv":[6.754,14.254,7.246,14.621],"rotation":0,"texture":"#0","tintindex":0},"up":{"uv":[14.246,12.371,13.754,11.879],"rotation":0,"texture":"#0","tintindex":0},"down":{"uv":[14.246,12.379,13.754,12.871],"rotation":0,"texture":"#0","tintindex":0}}},{"from":[6.0057144,18.630188,4.913149],"to":[9.994286,22.61876,7.758863],"rotation":{"angle":45.0,"axis":"z","origin":[8.0,20.624474,6.6217203]},"faces":{"east":{"uv":[6.004,12.379,6.621,13.246],"rotation":0,"texture":"#0","tintindex":0},"south":{"uv":[3.879,10.879,4.746,11.746],"rotation":0,"texture":"#0","tintindex":0},"north":{"uv":[3.004,10.879,3.871,11.746],"rotation":0,"texture":"#0","tintindex":0},"west":{"uv":[12.379,6.129,12.996,6.996],"rotation":0,"texture":"#0","tintindex":0},"up":{"uv":[13.246,7.621,12.379,7.004],"rotation":0,"texture":"#0","tintindex":0},"down":{"uv":[13.246,11.379,12.379,11.996],"rotation":0,"texture":"#0","tintindex":0}}},{"from":[5.428571,6.857143,4.5714283],"to":[10.571428,8.0,11.428572],"rotation":{"angle":0.0,"axis":"y","origin":[8.0,8.0,8.0]},"faces":{"east":{"uv":[10.879,12.879,12.371,13.121],"rotation":0,"texture":"#0","tintindex":0},"south":{"uv":[11.0625,12.879,12.1875,13.121],"rotation":0,"texture":"#0","tintindex":0},"north":{"uv":[11.0625,12.879,12.1875,13.121],"rotation":0,"texture":"#0","tintindex":0},"west":{"uv":[13.004,6.129,14.496,6.371],"rotation":0,"texture":"#0","tintindex":0},"up":{"uv":[4.121,10.871,3.004,9.379],"rotation":0,"texture":"#0","tintindex":0},"down":{"uv":[5.246,9.379,4.129,10.871],"rotation":0,"texture":"#0","tintindex":0}}},{"from":[6.0,4.0,5.142857],"to":[10.0,6.857143,10.857143],"rotation":{"angle":0.0,"axis":"y","origin":[8.0,6.857143,8.0]},"faces":{"east":{"uv":[5.004,7.754,6.246,8.371],"rotation":0,"texture":"#0","tintindex":0},"south":{"uv":[12.379,12.004,13.246,12.621],"rotation":0,"texture":"#0","tintindex":0},"north":{"uv":[12.379,12.004,13.246,12.621],"rotation":0,"texture":"#0","tintindex":0},"west":{"uv":[8.629,10.629,9.871,11.246],"rotation":0,"texture":"#0","tintindex":0},"up":{"uv":[11.121,1.246,10.254,0.004],"rotation":0,"texture":"#0","tintindex":0},"down":{"uv":[11.121,2.754,10.254,3.996],"rotation":0,"texture":"#0","tintindex":0}}},{"from":[6.857143,3.142857,5.142857],"to":[9.142858,4.0,10.857143],"rotation":{"angle":0.0,"axis":"y","origin":[8.0,4.0,8.0]},"faces":{"east":{"uv":[13.754,1.879,14.996,2.0625],"rotation":0,"texture":"#0","tintindex":0},"south":{"uv":[14.754,1.004,15.246,1.1875],"rotation":0,"texture":"#0","tintindex":0},"north":{"uv":[14.754,1.004,15.246,1.1875],"rotation":0,"texture":"#0","tintindex":0},"west":{"uv":[13.754,4.754,14.996,4.9375],"rotation":0,"texture":"#0","tintindex":0},"up":{"uv":[2.746,12.496,2.254,11.254],"rotation":0,"texture":"#0","tintindex":0},"down":{"uv":[9.121,11.254,8.629,12.496],"rotation":0,"texture":"#0","tintindex":0}}}],"display":{"head":{"translation":[0.0,-6.4,0.0],"scale":[4.0,4.0,4.0]}}}