{"textures":{"0":"modelengine:entity/walker_mech_odst"},"elements":[{"from":[6.742857,6.742857,6.742857],"to":[9.257143,9.257143,9.257143],"rotation":{"angle":0.0,"axis":"y","origin":[8.0,8.0,8.0]},"faces":{"east":{"uv":[10.629,13.504,11.121,13.996],"rotation":0,"texture":"#0","tintindex":0},"south":{"uv":[10.629,13.504,11.121,13.996],"rotation":0,"texture":"#0","tintindex":0},"north":{"uv":[10.629,13.504,11.121,13.996],"rotation":0,"texture":"#0","tintindex":0},"west":{"uv":[10.629,13.504,11.121,13.996],"rotation":0,"texture":"#0","tintindex":0},"up":{"uv":[10.629,13.504,11.121,13.996],"rotation":0,"texture":"#0","tintindex":0},"down":{"uv":[10.629,13.504,11.121,13.996],"rotation":0,"texture":"#0","tintindex":0}}},{"from":[7.428571,7.0,0.0],"to":[8.571428,9.0,6.857143],"rotation":{"angle":0.0,"axis":"y","origin":[8.0,8.0,5.714286]},"faces":{"east":{"uv":[12.621,10.879,11.129,11.3125],"rotation":0,"texture":"#0","tintindex":0},"south":{"uv":[7.004,14.629,7.246,15.0625],"rotation":0,"texture":"#0","tintindex":0},"north":{"uv":[6.754,14.629,6.996,15.0625],"rotation":0,"texture":"#0","tintindex":0},"west":{"uv":[11.129,10.879,12.621,11.3125],"rotation":0,"texture":"#0","tintindex":0},"up":{"uv":[8.746,6.371,8.504,4.879],"rotation":0,"texture":"#0","tintindex":0},"down":{"uv":[2.746,12.504,2.504,13.996],"rotation":0,"texture":"#0","tintindex":0}}}],"display":{"head":{"translation":[0.0,-6.4,0.0],"scale":[4.0,4.0,4.0]}}}