{"textures":{"0":"modelengine:entity/walker_mech_odst"},"elements":[{"from":[6.857143,6.857143,6.857143],"to":[9.142858,9.142858,9.142858],"rotation":{"angle":0.0,"axis":"y","origin":[8.0,8.0,8.0]},"faces":{"east":{"uv":[10.629,13.504,11.121,13.996],"rotation":0,"texture":"#0","tintindex":0},"south":{"uv":[10.629,13.504,11.121,13.996],"rotation":0,"texture":"#0","tintindex":0},"north":{"uv":[10.629,13.504,11.121,13.996],"rotation":0,"texture":"#0","tintindex":0},"west":{"uv":[10.629,13.504,11.121,13.996],"rotation":0,"texture":"#0","tintindex":0},"up":{"uv":[10.629,13.504,11.121,13.996],"rotation":0,"texture":"#0","tintindex":0},"down":{"uv":[10.629,13.504,11.121,13.996],"rotation":0,"texture":"#0","tintindex":0}}},{"from":[7.142857,6.285714,6.285714],"to":[8.857143,9.714286,8.0],"rotation":{"angle":0.0,"axis":"y","origin":[8.0,8.0,8.0]},"faces":{"east":{"uv":[1.254,13.129,1.621,13.871],"rotation":0,"texture":"#0","tintindex":0},"south":{"uv":[1.629,13.129,1.996,13.871],"rotation":0,"texture":"#0","tintindex":0},"north":{"uv":[0.879,13.129,1.246,13.871],"rotation":0,"texture":"#0","tintindex":0},"west":{"uv":[13.129,9.504,13.496,10.246],"rotation":0,"texture":"#0","tintindex":0},"up":{"uv":[14.621,12.496,14.254,12.129],"rotation":0,"texture":"#0","tintindex":0},"down":{"uv":[14.621,12.504,14.254,12.871],"rotation":0,"texture":"#0","tintindex":0}}},{"from":[5.714286,-2.285715,5.142857],"to":[10.285714,11.428572,6.285714],"rotation":{"angle":0.0,"axis":"y","origin":[8.0,8.0,5.142857]},"faces":{"east":{"uv":[9.879,10.629,10.121,13.621],"rotation":0,"texture":"#0","tintindex":0},"south":{"uv":[6.254,5.504,7.246,8.496],"rotation":0,"texture":"#0","tintindex":0},"north":{"uv":[6.254,2.504,7.246,5.496],"rotation":0,"texture":"#0","tintindex":0},"west":{"uv":[4.754,10.879,4.996,13.871],"rotation":0,"texture":"#0","tintindex":0},"up":{"uv":[14.371,7.996,13.379,7.754],"rotation":0,"texture":"#0","tintindex":0},"down":{"uv":[14.371,9.254,13.379,9.496],"rotation":0,"texture":"#0","tintindex":0}}},{"from":[7.142857,-2.285715,6.285714],"to":[8.857143,-0.57142925,8.0],"rotation":{"angle":0.0,"axis":"y","origin":[8.0,-0.57142925,8.0]},"faces":{"east":{"uv":[11.379,14.379,11.746,14.746],"rotation":0,"texture":"#0","tintindex":0},"south":{"uv":[11.379,14.379,11.746,14.746],"rotation":0,"texture":"#0","tintindex":0},"north":{"uv":[11.379,14.379,11.746,14.746],"rotation":0,"texture":"#0","tintindex":0},"west":{"uv":[11.379,14.379,11.746,14.746],"rotation":0,"texture":"#0","tintindex":0},"up":{"uv":[11.379,14.379,11.746,14.746],"rotation":0,"texture":"#0","tintindex":0},"down":{"uv":[11.379,14.379,11.746,14.746],"rotation":0,"texture":"#0","tintindex":0}}},{"from":[7.1485715,-0.56571484,6.2914286],"to":[8.851429,1.708571,7.9942856],"rotation":{"angle":-45.0,"axis":"x","origin":[8.0,-0.57142925,8.0]},"faces":{"east":{"uv":[14.004,5.004,14.371,5.496],"rotation":0,"texture":"#0","tintindex":0},"south":{"uv":[9.379,14.004,9.746,14.496],"rotation":0,"texture":"#0","tintindex":0},"north":{"uv":[14.004,4.004,14.371,4.496],"rotation":0,"texture":"#0","tintindex":0},"west":{"uv":[14.004,9.504,14.371,9.996],"rotation":0,"texture":"#0","tintindex":0},"up":{"uv":[12.871,14.746,12.504,14.379],"rotation":0,"texture":"#0","tintindex":0},"down":{"uv":[14.746,13.004,14.379,13.371],"rotation":0,"texture":"#0","tintindex":0}}},{"from":[7.1485715,4.0057144,6.2914286],"to":[8.851429,6.2799997,7.9942856],"rotation":{"angle":45.0,"axis":"x","origin":[8.0,6.285714,8.0]},"faces":{"east":{"uv":[14.004,5.496,14.371,5.004],"rotation":0,"texture":"#0","tintindex":0},"south":{"uv":[9.379,14.496,9.746,14.004],"rotation":0,"texture":"#0","tintindex":0},"north":{"uv":[14.004,4.496,14.371,4.004],"rotation":0,"texture":"#0","tintindex":0},"west":{"uv":[14.004,9.996,14.371,9.504],"rotation":0,"texture":"#0","tintindex":0},"up":{"uv":[14.746,13.371,14.379,13.004],"rotation":0,"texture":"#0","tintindex":0},"down":{"uv":[12.871,14.379,12.504,14.746],"rotation":0,"texture":"#0","tintindex":0}}},{"from":[7.1485715,9.72,6.2914286],"to":[8.851429,11.994286,7.9942856],"rotation":{"angle":-45.0,"axis":"x","origin":[8.0,9.714286,8.0]},"faces":{"east":{"uv":[14.004,5.004,14.371,5.496],"rotation":0,"texture":"#0","tintindex":0},"south":{"uv":[9.379,14.004,9.746,14.496],"rotation":0,"texture":"#0","tintindex":0},"north":{"uv":[14.004,4.004,14.371,4.496],"rotation":0,"texture":"#0","tintindex":0},"west":{"uv":[14.004,9.504,14.371,9.996],"rotation":0,"texture":"#0","tintindex":0},"up":{"uv":[12.871,14.746,12.504,14.379],"rotation":0,"texture":"#0","tintindex":0},"down":{"uv":[14.746,13.004,14.379,13.371],"rotation":0,"texture":"#0","tintindex":0}}}],"display":{"head":{"translation":[0.0,-6.4,0.0],"scale":[4.0,4.0,4.0]}}}