{"textures":{"0":"modelengine:entity/walker_mech_odst"},"elements":[{"from":[7.142857,2.2857141,7.142857],"to":[8.857143,4.5714283,8.857143],"rotation":{"angle":0.0,"axis":"y","origin":[8.0,3.4285712,8.0]},"faces":{"east":{"uv":[14.004,13.504,14.371,13.996],"rotation":0,"texture":"#0","tintindex":0},"south":{"uv":[14.004,13.504,14.371,13.996],"rotation":0,"texture":"#0","tintindex":0},"north":{"uv":[14.004,13.504,14.371,13.996],"rotation":0,"texture":"#0","tintindex":0},"west":{"uv":[14.004,13.504,14.371,13.996],"rotation":0,"texture":"#0","tintindex":0},"up":{"uv":[13.254,14.379,13.621,14.746],"rotation":0,"texture":"#0","tintindex":0},"down":{"uv":[14.379,13.746,14.746,13.379],"rotation":0,"texture":"#0","tintindex":0}}},{"from":[6.857143,4.5714283,6.857143],"to":[9.142858,6.857143,9.142858],"rotation":{"angle":0.0,"axis":"y","origin":[8.0,5.714286,8.0]},"faces":{"east":{"uv":[6.504,13.754,6.996,14.246],"rotation":0,"texture":"#0","tintindex":0},"south":{"uv":[6.504,13.754,6.996,14.246],"rotation":0,"texture":"#0","tintindex":0},"north":{"uv":[6.504,13.754,6.996,14.246],"rotation":0,"texture":"#0","tintindex":0},"west":{"uv":[6.504,13.754,6.996,14.246],"rotation":0,"texture":"#0","tintindex":0},"up":{"uv":[7.004,13.754,7.496,14.246],"rotation":0,"texture":"#0","tintindex":0},"down":{"uv":[13.754,7.496,14.246,7.004],"rotation":0,"texture":"#0","tintindex":0}}},{"from":[6.857143,6.857143,5.142857],"to":[9.142858,8.0,10.857143],"rotation":{"angle":0.0,"axis":"y","origin":[8.0,8.0,8.0]},"faces":{"east":{"uv":[13.004,6.629,14.246,6.871],"rotation":0,"texture":"#0","tintindex":0},"south":{"uv":[10.629,14.504,11.121,14.746],"rotation":0,"texture":"#0","tintindex":0},"north":{"uv":[14.121,14.504,13.629,14.746],"rotation":0,"texture":"#0","tintindex":0},"west":{"uv":[13.004,6.379,14.246,6.621],"rotation":0,"texture":"#0","tintindex":0},"up":{"uv":[0.004,11.129,0.496,12.371],"rotation":0,"texture":"#0","tintindex":0},"down":{"uv":[0.504,12.371,0.996,11.129],"rotation":0,"texture":"#0","tintindex":0}}},{"from":[9.142858,6.857143,6.857143],"to":[10.857143,8.0,9.142858],"rotation":{"angle":0.0,"axis":"y","origin":[8.0,6.857143,8.0]},"faces":{"east":{"uv":[14.629,0.004,15.121,0.246],"rotation":0,"texture":"#0","tintindex":0},"south":{"uv":[0.379,14.754,0.746,14.996],"rotation":0,"texture":"#0","tintindex":0},"north":{"uv":[0.879,14.754,1.246,14.996],"rotation":0,"texture":"#0","tintindex":0},"west":{"uv":[14.129,14.504,14.621,14.746],"rotation":0,"texture":"#0","tintindex":0},"up":{"uv":[14.004,14.004,14.371,14.496],"rotation":0,"texture":"#0","tintindex":0},"down":{"uv":[0.004,14.621,0.371,14.129],"rotation":0,"texture":"#0","tintindex":0}}},{"from":[6.862857,6.862857,10.291429],"to":[9.137143,7.9942856,10.851429],"rotation":{"angle":45.0,"axis":"y","origin":[8.0,6.857143,8.0]},"faces":{"east":{"uv":[5.379,14.754,5.496,14.996],"rotation":0,"texture":"#0","tintindex":0},"south":{"uv":[14.629,0.504,15.121,0.746],"rotation":0,"texture":"#0","tintindex":0},"north":{"uv":[14.629,0.754,15.121,0.996],"rotation":0,"texture":"#0","tintindex":0},"west":{"uv":[8.629,9.504,8.746,9.746],"rotation":0,"texture":"#0","tintindex":0},"up":{"uv":[13.254,1.879,13.746,1.996],"rotation":0,"texture":"#0","tintindex":0},"down":{"uv":[14.629,0.371,15.121,0.254],"rotation":0,"texture":"#0","tintindex":0}}},{"from":[6.862857,6.862857,5.1485715],"to":[9.137143,7.9942856,5.7085714],"rotation":{"angle":-45.0,"axis":"y","origin":[8.0,6.857143,8.0]},"faces":{"east":{"uv":[5.496,14.754,5.379,14.996],"rotation":0,"texture":"#0","tintindex":0},"south":{"uv":[15.121,0.754,14.629,0.996],"rotation":0,"texture":"#0","tintindex":0},"north":{"uv":[14.629,0.504,15.121,0.746],"rotation":0,"texture":"#0","tintindex":0},"west":{"uv":[8.746,9.504,8.629,9.746],"rotation":0,"texture":"#0","tintindex":0},"up":{"uv":[13.254,1.996,13.746,1.879],"rotation":0,"texture":"#0","tintindex":0},"down":{"uv":[14.629,0.254,15.121,0.371],"rotation":0,"texture":"#0","tintindex":0}}},{"from":[6.862857,6.862857,5.1485715],"to":[9.137143,7.9942856,5.7085714],"rotation":{"angle":45.0,"axis":"y","origin":[8.0,6.857143,8.0]},"faces":{"east":{"uv":[8.629,9.504,8.746,9.746],"rotation":0,"texture":"#0","tintindex":0},"south":{"uv":[14.629,0.754,15.121,0.996],"rotation":0,"texture":"#0","tintindex":0},"north":{"uv":[14.629,0.504,15.121,0.746],"rotation":0,"texture":"#0","tintindex":0},"west":{"uv":[5.379,14.754,5.496,14.996],"rotation":0,"texture":"#0","tintindex":0},"up":{"uv":[13.746,1.996,13.254,1.879],"rotation":0,"texture":"#0","tintindex":0},"down":{"uv":[15.121,0.254,14.629,0.371],"rotation":0,"texture":"#0","tintindex":0}}},{"from":[6.862857,6.862857,10.291429],"to":[9.137143,7.9942856,10.851429],"rotation":{"angle":-45.0,"axis":"y","origin":[8.0,6.857143,8.0]},"faces":{"east":{"uv":[8.746,9.504,8.629,9.746],"rotation":0,"texture":"#0","tintindex":0},"south":{"uv":[15.121,0.504,14.629,0.746],"rotation":0,"texture":"#0","tintindex":0},"north":{"uv":[15.121,0.754,14.629,0.996],"rotation":0,"texture":"#0","tintindex":0},"west":{"uv":[5.496,14.754,5.379,14.996],"rotation":0,"texture":"#0","tintindex":0},"up":{"uv":[13.746,1.879,13.254,1.996],"rotation":0,"texture":"#0","tintindex":0},"down":{"uv":[15.121,0.371,14.629,0.254],"rotation":0,"texture":"#0","tintindex":0}}},{"from":[6.862857,5.72,9.148571],"to":[9.137143,7.9942856,10.280001],"rotation":{"angle":45.0,"axis":"x","origin":[8.0,6.857143,9.142858]},"faces":{"east":{"uv":[5.504,14.504,5.746,14.996],"rotation":0,"texture":"#0","tintindex":0},"south":{"uv":[7.504,13.754,7.996,14.246],"rotation":0,"texture":"#0","tintindex":0},"north":{"uv":[13.754,11.379,14.246,11.871],"rotation":0,"texture":"#0","tintindex":0},"west":{"uv":[12.879,14.379,13.121,14.871],"rotation":0,"texture":"#0","tintindex":0},"up":{"uv":[14.629,2.254,15.121,2.496],"rotation":0,"texture":"#0","tintindex":0},"down":{"uv":[14.629,2.746,15.121,2.504],"rotation":0,"texture":"#0","tintindex":0}}},{"from":[6.862857,5.72,5.72],"to":[9.137143,7.9942856,6.8514285],"rotation":{"angle":-45.0,"axis":"x","origin":[8.0,6.857143,6.857143]},"faces":{"east":{"uv":[5.746,14.504,5.504,14.996],"rotation":0,"texture":"#0","tintindex":0},"south":{"uv":[14.246,11.379,13.754,11.871],"rotation":0,"texture":"#0","tintindex":0},"north":{"uv":[7.996,13.754,7.504,14.246],"rotation":0,"texture":"#0","tintindex":0},"west":{"uv":[13.121,14.379,12.879,14.871],"rotation":0,"texture":"#0","tintindex":0},"up":{"uv":[14.629,2.496,15.121,2.254],"rotation":0,"texture":"#0","tintindex":0},"down":{"uv":[14.629,2.504,15.121,2.746],"rotation":0,"texture":"#0","tintindex":0}}},{"from":[8.434286,5.862857,6.862857],"to":[10.708571,6.9942856,9.137143],"rotation":{"angle":45.0,"axis":"z","origin":[9.571428,6.428571,8.0]},"faces":{"east":{"uv":[5.754,14.879,6.246,15.121],"rotation":0,"texture":"#0","tintindex":0},"south":{"uv":[7.504,13.754,7.996,13.996],"rotation":0,"texture":"#0","tintindex":0},"north":{"uv":[7.504,13.754,7.996,13.996],"rotation":0,"texture":"#0","tintindex":0},"west":{"uv":[13.129,14.754,13.621,14.996],"rotation":0,"texture":"#0","tintindex":0},"up":{"uv":[15.129,2.254,15.621,2.746],"rotation":0,"texture":"#0","tintindex":0},"down":{"uv":[15.129,2.746,15.621,2.254],"rotation":0,"texture":"#0","tintindex":0}}},{"from":[5.2914286,5.862857,6.862857],"to":[7.5657144,6.9942856,9.137143],"rotation":{"angle":-45.0,"axis":"z","origin":[6.428571,6.428571,8.0]},"faces":{"east":{"uv":[13.621,14.754,13.129,14.996],"rotation":0,"texture":"#0","tintindex":0},"south":{"uv":[7.996,13.754,7.504,13.996],"rotation":0,"texture":"#0","tintindex":0},"north":{"uv":[7.996,13.754,7.504,13.996],"rotation":0,"texture":"#0","tintindex":0},"west":{"uv":[6.246,14.879,5.754,15.121],"rotation":0,"texture":"#0","tintindex":0},"up":{"uv":[15.621,2.254,15.129,2.746],"rotation":0,"texture":"#0","tintindex":0},"down":{"uv":[15.621,2.746,15.129,2.254],"rotation":0,"texture":"#0","tintindex":0}}},{"from":[5.142857,6.857143,6.857143],"to":[6.857143,8.0,9.142858],"rotation":{"angle":0.0,"axis":"y","origin":[8.0,6.857143,8.0]},"faces":{"east":{"uv":[14.621,14.504,14.129,14.746],"rotation":0,"texture":"#0","tintindex":0},"south":{"uv":[0.746,14.754,0.379,14.996],"rotation":0,"texture":"#0","tintindex":0},"north":{"uv":[1.246,14.754,0.879,14.996],"rotation":0,"texture":"#0","tintindex":0},"west":{"uv":[14.629,0.004,15.121,0.246],"rotation":0,"texture":"#0","tintindex":0},"up":{"uv":[14.371,14.004,14.004,14.496],"rotation":0,"texture":"#0","tintindex":0},"down":{"uv":[0.371,14.621,0.004,14.129],"rotation":0,"texture":"#0","tintindex":0}}}],"display":{"head":{"translation":[0.0,-6.4,0.0],"scale":[4.0,4.0,4.0]}}}