{"credit":"MadebyPolygonMC","texture_size":[12,12],"textures":{"1":"evergreenset:crown"},"elements":[{"from":[10.5,7.125,4.5],"to":[11.5,8.125,11.5],"rotation":{"angle":0,"axis":"y","origin":[3.5,7.125,4.5]},"faces":{"north":{"uv":[9.33333,6.66667,10.66667,8],"texture":"#1"},"east":{"uv":[0,4,9.33333,5.33333],"texture":"#1"},"south":{"uv":[10.66667,10.66667,12,12],"texture":"#1"},"west":{"uv":[4,0,13.33333,1.33333],"texture":"#1"},"up":{"uv":[1.33333,14.66667,0,5.33333],"texture":"#1"},"down":{"uv":[2.66667,5.33333,1.33333,14.66667],"texture":"#1"}}},{"from":[4.5,7.125,4.5],"to":[5.5,8.125,11.5],"rotation":{"angle":0,"axis":"y","origin":[12.5,7.125,4.5]},"faces":{"north":{"uv":[10.66667,6.66667,9.33333,8],"texture":"#1"},"east":{"uv":[13.33333,0,4,1.33333],"texture":"#1"},"south":{"uv":[12,10.66667,10.66667,12],"texture":"#1"},"west":{"uv":[9.33333,4,0,5.33333],"texture":"#1"},"up":{"uv":[0,14.66667,1.33333,5.33333],"texture":"#1"},"down":{"uv":[1.33333,5.33333,2.66667,14.66667],"texture":"#1"}}},{"from":[9,8.125,5],"to":[11,10.125,5],"rotation":{"angle":0,"axis":"y","origin":[9.75,8.625,5]},"faces":{"north":{"uv":[5.33333,8,8,10.66667],"texture":"#1"},"east":{"uv":[0,0,0,2.66667],"texture":"#1"},"south":{"uv":[8,8,5.33333,10.66667],"texture":"#1"},"west":{"uv":[0,0,0,2.66667],"texture":"#1"},"up":{"uv":[2.66667,0,0,0],"texture":"#1"},"down":{"uv":[2.66667,0,0,0],"texture":"#1"}}},{"from":[10.999,8.125,5],"to":[10.999,10.125,7],"rotation":{"angle":0,"axis":"y","origin":[10.999,7.125,6]},"faces":{"north":{"uv":[0,0,0,2.66667],"texture":"#1"},"east":{"uv":[8,8,5.33333,10.66667],"texture":"#1"},"south":{"uv":[0,0,0,2.66667],"texture":"#1"},"west":{"uv":[5.33333,8,8,10.66667],"texture":"#1"},"up":{"uv":[2.66667,0,0,0],"rotation":270,"texture":"#1"},"down":{"uv":[2.66667,0,0,0],"rotation":90,"texture":"#1"}}},{"from":[9,5.625,5],"to":[11,7.125,5],"rotation":{"angle":0,"axis":"y","origin":[9.75,5.625,5]},"faces":{"north":{"uv":[9.33333,4,12,6],"texture":"#1"},"east":{"uv":[0,0,0,2],"texture":"#1"},"south":{"uv":[12,4,9.33333,6],"texture":"#1"},"west":{"uv":[0,0,0,2],"texture":"#1"},"up":{"uv":[2.66667,0,0,0],"texture":"#1"},"down":{"uv":[2.66667,0,0,0],"texture":"#1"}}},{"from":[10.999,5.625,5.001],"to":[10.999,7.125,7.001],"rotation":{"angle":0,"axis":"y","origin":[10.999,6.375,6.001]},"faces":{"north":{"uv":[0,0,0,2],"texture":"#1"},"east":{"uv":[12,4,9.33333,6],"texture":"#1"},"south":{"uv":[0,0,0,2],"texture":"#1"},"west":{"uv":[9.33333,4,12,6],"texture":"#1"},"up":{"uv":[2.66667,0,0,0],"rotation":270,"texture":"#1"},"down":{"uv":[2.66667,0,0,0],"rotation":90,"texture":"#1"}}},{"from":[5,5.625,5],"to":[7,7.125,5],"rotation":{"angle":0,"axis":"y","origin":[6.25,5.625,5]},"faces":{"north":{"uv":[12,4,9.33333,6],"texture":"#1"},"east":{"uv":[0,0,0,2],"texture":"#1"},"south":{"uv":[9.33333,4,12,6],"texture":"#1"},"west":{"uv":[0,0,0,2],"texture":"#1"},"up":{"uv":[0,0,2.66667,0],"texture":"#1"},"down":{"uv":[0,0,2.66667,0],"texture":"#1"}}},{"from":[5.001,5.625,5.001],"to":[5.001,7.125,7.001],"rotation":{"angle":0,"axis":"y","origin":[5.001,6.375,6.001]},"faces":{"north":{"uv":[0,0,0,2],"texture":"#1"},"east":{"uv":[12,4,9.33333,6],"texture":"#1"},"south":{"uv":[0,0,0,2],"texture":"#1"},"west":{"uv":[9.33333,4,12,6],"texture":"#1"},"up":{"uv":[2.66667,0,0,0],"rotation":270,"texture":"#1"},"down":{"uv":[2.66667,0,0,0],"rotation":90,"texture":"#1"}}},{"from":[5,8.125,5],"to":[7,10.125,5],"rotation":{"angle":0,"axis":"y","origin":[6.25,8.625,5]},"faces":{"north":{"uv":[8,8,5.33333,10.66667],"texture":"#1"},"east":{"uv":[0,0,0,2.66667],"texture":"#1"},"south":{"uv":[5.33333,8,8,10.66667],"texture":"#1"},"west":{"uv":[0,0,0,2.66667],"texture":"#1"},"up":{"uv":[0,0,2.66667,0],"texture":"#1"},"down":{"uv":[0,0,2.66667,0],"texture":"#1"}}},{"from":[5.001,8.125,5],"to":[5.001,10.125,7],"rotation":{"angle":0,"axis":"y","origin":[5.001,7.125,6]},"faces":{"north":{"uv":[0,0,0,2.66667],"texture":"#1"},"east":{"uv":[8,8,5.33333,10.66667],"texture":"#1"},"south":{"uv":[0,0,0,2.66667],"texture":"#1"},"west":{"uv":[5.33333,8,8,10.66667],"texture":"#1"},"up":{"uv":[2.66667,0,0,0],"rotation":270,"texture":"#1"},"down":{"uv":[2.66667,0,0,0],"rotation":90,"texture":"#1"}}},{"from":[5,5.625,11],"to":[7,7.125,11],"rotation":{"angle":0,"axis":"y","origin":[6.25,5.625,11]},"faces":{"north":{"uv":[12,4,9.33333,6],"texture":"#1"},"east":{"uv":[0,0,0,2],"texture":"#1"},"south":{"uv":[9.33333,4,12,6],"texture":"#1"},"west":{"uv":[0,0,0,2],"texture":"#1"},"up":{"uv":[0,0,2.66667,0],"texture":"#1"},"down":{"uv":[0,0,2.66667,0],"texture":"#1"}}},{"from":[5.001,5.625,8.999],"to":[5.001,7.125,10.999],"rotation":{"angle":0,"axis":"y","origin":[5.001,6.375,9.999]},"faces":{"north":{"uv":[0,0,0,2],"texture":"#1"},"east":{"uv":[9.33333,4,12,6],"texture":"#1"},"south":{"uv":[0,0,0,2],"texture":"#1"},"west":{"uv":[12,4,9.33333,6],"texture":"#1"},"up":{"uv":[0,0,2.66667,0],"rotation":270,"texture":"#1"},"down":{"uv":[0,0,2.66667,0],"rotation":90,"texture":"#1"}}},{"from":[5,8.125,11],"to":[7,10.125,11],"rotation":{"angle":0,"axis":"y","origin":[6.25,8.625,11]},"faces":{"north":{"uv":[8,8,5.33333,10.66667],"texture":"#1"},"east":{"uv":[0,0,0,2.66667],"texture":"#1"},"south":{"uv":[5.33333,8,8,10.66667],"texture":"#1"},"west":{"uv":[0,0,0,2.66667],"texture":"#1"},"up":{"uv":[0,0,2.66667,0],"texture":"#1"},"down":{"uv":[0,0,2.66667,0],"texture":"#1"}}},{"from":[5.001,8.125,9],"to":[5.001,10.125,11],"rotation":{"angle":0,"axis":"y","origin":[5.001,7.125,10]},"faces":{"north":{"uv":[0,0,0,2.66667],"texture":"#1"},"east":{"uv":[5.33333,8,8,10.66667],"texture":"#1"},"south":{"uv":[0,0,0,2.66667],"texture":"#1"},"west":{"uv":[8,8,5.33333,10.66667],"texture":"#1"},"up":{"uv":[0,0,2.66667,0],"rotation":270,"texture":"#1"},"down":{"uv":[0,0,2.66667,0],"rotation":90,"texture":"#1"}}},{"from":[10.999,8.125,9],"to":[10.999,10.125,11],"rotation":{"angle":0,"axis":"y","origin":[10.999,7.125,10]},"faces":{"north":{"uv":[0,0,0,2.66667],"texture":"#1"},"east":{"uv":[5.33333,8,8,10.66667],"texture":"#1"},"south":{"uv":[0,0,0,2.66667],"texture":"#1"},"west":{"uv":[8,8,5.33333,10.66667],"texture":"#1"},"up":{"uv":[0,0,2.66667,0],"rotation":270,"texture":"#1"},"down":{"uv":[0,0,2.66667,0],"rotation":90,"texture":"#1"}}},{"from":[9,8.125,11],"to":[11,10.125,11],"rotation":{"angle":0,"axis":"y","origin":[9.75,8.625,11]},"faces":{"north":{"uv":[5.33333,8,8,10.66667],"texture":"#1"},"east":{"uv":[0,0,0,2.66667],"texture":"#1"},"south":{"uv":[8,8,5.33333,10.66667],"texture":"#1"},"west":{"uv":[0,0,0,2.66667],"texture":"#1"},"up":{"uv":[2.66667,0,0,0],"texture":"#1"},"down":{"uv":[2.66667,0,0,0],"texture":"#1"}}},{"from":[9,5.625,11],"to":[11,7.125,11],"rotation":{"angle":0,"axis":"y","origin":[9.75,5.625,11]},"faces":{"north":{"uv":[9.33333,4,12,6],"texture":"#1"},"east":{"uv":[0,0,0,2],"texture":"#1"},"south":{"uv":[12,4,9.33333,6],"texture":"#1"},"west":{"uv":[0,0,0,2],"texture":"#1"},"up":{"uv":[2.66667,0,0,0],"texture":"#1"},"down":{"uv":[2.66667,0,0,0],"texture":"#1"}}},{"from":[10.999,5.625,8.999],"to":[10.999,7.125,10.999],"rotation":{"angle":0,"axis":"y","origin":[10.999,6.375,9.999]},"faces":{"north":{"uv":[0,0,0,2],"texture":"#1"},"east":{"uv":[9.33333,4,12,6],"texture":"#1"},"south":{"uv":[0,0,0,2],"texture":"#1"},"west":{"uv":[12,4,9.33333,6],"texture":"#1"},"up":{"uv":[0,0,2.66667,0],"rotation":270,"texture":"#1"},"down":{"uv":[0,0,2.66667,0],"rotation":90,"texture":"#1"}}},{"from":[6.65,8.125,4.75],"to":[9.35,11.125,4.75],"rotation":{"angle":0,"axis":"y","origin":[7.9,8.625,4.75]},"faces":{"north":{"uv":[0,0,3.66667,4],"texture":"#1"},"east":{"uv":[0,0,0,4],"texture":"#1"},"south":{"uv":[0,0,3.66667,4],"texture":"#1"},"west":{"uv":[0,0,0,4],"texture":"#1"},"up":{"uv":[3.66667,0,0,0],"texture":"#1"},"down":{"uv":[3.66667,0,0,0],"texture":"#1"}}},{"from":[6.65,8.125,11.25],"to":[9.35,11.125,11.25],"rotation":{"angle":0,"axis":"y","origin":[7.9,8.625,11.25]},"faces":{"north":{"uv":[3.66667,0,0,4],"texture":"#1"},"east":{"uv":[0,0,0,4],"texture":"#1"},"south":{"uv":[3.66667,0,0,4],"texture":"#1"},"west":{"uv":[0,0,0,4],"texture":"#1"},"up":{"uv":[3.66667,0,0,0],"texture":"#1"},"down":{"uv":[3.66667,0,0,0],"texture":"#1"}}},{"from":[11.25,8.125,6.65],"to":[11.25,11.125,9.35],"rotation":{"angle":0,"axis":"y","origin":[8,9.625,8]},"faces":{"north":{"uv":[0,0,0,4],"texture":"#1"},"east":{"uv":[3.66667,0,0,4],"texture":"#1"},"south":{"uv":[0,0,0,4],"texture":"#1"},"west":{"uv":[3.66667,0,0,4],"texture":"#1"},"up":{"uv":[3.66667,0,0,0],"rotation":270,"texture":"#1"},"down":{"uv":[3.66667,0,0,0],"rotation":90,"texture":"#1"}}},{"from":[4.75,8.125,6.65],"to":[4.75,11.125,9.35],"rotation":{"angle":0,"axis":"y","origin":[8,9.625,8]},"faces":{"north":{"uv":[0,0,0,4],"texture":"#1"},"east":{"uv":[0,0,3.66667,4],"texture":"#1"},"south":{"uv":[0,0,0,4],"texture":"#1"},"west":{"uv":[0,0,3.66667,4],"texture":"#1"},"up":{"uv":[3.66667,0,0,0],"rotation":270,"texture":"#1"},"down":{"uv":[3.66667,0,0,0],"rotation":90,"texture":"#1"}}},{"from":[5.5,7.125,4.5],"to":[10.5,8.125,5.5],"rotation":{"angle":0,"axis":"y","origin":[6.5,7.625,5]},"faces":{"north":{"uv":[4,1.33333,10.66667,2.66667],"texture":"#1"},"south":{"uv":[4,2.66667,10.66667,4],"texture":"#1"},"up":{"uv":[9.33333,6.66667,2.66667,5.33333],"texture":"#1"},"down":{"uv":[9.33333,6.66667,2.66667,8],"texture":"#1"}}},{"from":[5.5,7.125,10.5],"to":[10.5,8.125,11.5],"rotation":{"angle":0,"axis":"y","origin":[6.5,7.625,11]},"faces":{"north":{"uv":[10.66667,2.66667,4,4],"texture":"#1"},"south":{"uv":[10.66667,1.33333,4,2.66667],"texture":"#1"},"up":{"uv":[9.33333,5.33333,2.66667,6.66667],"texture":"#1"},"down":{"uv":[9.33333,8,2.66667,6.66667],"texture":"#1"}}},{"from":[7.375,8.125,5.25545],"to":[8.625,10.625,5.25545],"rotation":{"angle":0,"axis":"y","origin":[6.875,8.125,4.50545]},"faces":{"north":{"uv":[8,8,9.66667,11.33333],"texture":"#1"},"east":{"uv":[0,0,0,3.33333],"texture":"#1"},"south":{"uv":[9.66667,8,8,11.33333],"texture":"#1"},"west":{"uv":[0,0,0,3.33333],"texture":"#1"},"up":{"uv":[1.66667,0,0,0],"texture":"#1"},"down":{"uv":[1.66667,0,0,0],"texture":"#1"}}},{"from":[7.375,11.33181,5.96285],"to":[8.625,11.33181,10.03785],"rotation":{"angle":0,"axis":"x","origin":[8,11.33181,7.21285]},"faces":{"north":{"uv":[0,0,1.66667,0],"texture":"#1"},"east":{"uv":[0,0,5.33333,0],"texture":"#1"},"south":{"uv":[0,0,1.66667,0],"texture":"#1"},"west":{"uv":[0,0,5.33333,0],"texture":"#1"},"up":{"uv":[4.33333,13.33333,2.66667,8],"texture":"#1"},"down":{"uv":[4.33333,13.33333,2.66667,8],"texture":"#1"}}},{"from":[7.375,10.18637,6.31641],"to":[8.625,11.18637,6.31641],"rotation":{"angle":45,"axis":"x","origin":[8,11.68637,6.31641]},"faces":{"north":{"uv":[10.66667,9.33333,12.33333,10.66667],"texture":"#1"},"east":{"uv":[0,0,0,1.33333],"texture":"#1"},"south":{"uv":[10.66667,9.33333,12.33333,10.66667],"texture":"#1"},"west":{"uv":[0,0,0,1.33333],"texture":"#1"},"up":{"uv":[1.66667,0,0,0],"texture":"#1"},"down":{"uv":[1.66667,0,0,0],"texture":"#1"}}},{"from":[7.375,10.18637,9.68359],"to":[8.625,11.18637,9.68359],"rotation":{"angle":-45,"axis":"x","origin":[8,11.68637,9.68359]},"faces":{"north":{"uv":[12.33333,9.33333,10.66667,10.66667],"texture":"#1"},"east":{"uv":[0,0,0,1.33333],"texture":"#1"},"south":{"uv":[12.33333,9.33333,10.66667,10.66667],"texture":"#1"},"west":{"uv":[0,0,0,1.33333],"texture":"#1"},"up":{"uv":[1.66667,0,0,0],"texture":"#1"},"down":{"uv":[1.66667,0,0,0],"texture":"#1"}}},{"from":[7.375,8.125,10.74455],"to":[8.625,10.625,10.74455],"rotation":{"angle":0,"axis":"y","origin":[6.875,8.125,11.49455]},"faces":{"north":{"uv":[8,8,9.66667,11.33333],"texture":"#1"},"east":{"uv":[0,0,0,3.33333],"texture":"#1"},"south":{"uv":[9.66667,8,8,11.33333],"texture":"#1"},"west":{"uv":[0,0,0,3.33333],"texture":"#1"},"up":{"uv":[1.66667,0,0,0],"texture":"#1"},"down":{"uv":[1.66667,0,0,0],"texture":"#1"}}},{"from":[5.96215,11.33181,7.375],"to":[10.03715,11.33181,8.625],"rotation":{"angle":0,"axis":"x","origin":[8,10.35341,8]},"faces":{"north":{"uv":[0,0,5.33333,0],"texture":"#1"},"east":{"uv":[0,0,1.66667,0],"texture":"#1"},"south":{"uv":[0,0,5.33333,0],"texture":"#1"},"west":{"uv":[0,0,1.66667,0],"texture":"#1"},"up":{"uv":[4.33333,13.33333,2.66667,8],"rotation":90,"texture":"#1"},"down":{"uv":[4.33333,13.33333,2.66667,8],"rotation":270,"texture":"#1"}}},{"from":[10.13303,8.60547,7.375],"to":[10.13303,9.60547,8.625],"rotation":{"angle":45,"axis":"z","origin":[8,10.35341,8]},"faces":{"north":{"uv":[0,0,0,1.33333],"texture":"#1"},"east":{"uv":[10.66667,9.33333,12.33333,10.66667],"texture":"#1"},"south":{"uv":[0,0,0,1.33333],"texture":"#1"},"west":{"uv":[10.66667,9.33333,12.33333,10.66667],"texture":"#1"},"up":{"uv":[1.66667,0,0,0],"rotation":90,"texture":"#1"},"down":{"uv":[1.66667,0,0,0],"rotation":270,"texture":"#1"}}},{"from":[10.74455,8.125,7.375],"to":[10.74455,10.625,8.625],"rotation":{"angle":0,"axis":"y","origin":[8,10.35341,8]},"faces":{"north":{"uv":[0,0,0,3.33333],"texture":"#1"},"east":{"uv":[8,8,9.66667,11.33333],"texture":"#1"},"south":{"uv":[0,0,0,3.33333],"texture":"#1"},"west":{"uv":[9.66667,8,8,11.33333],"texture":"#1"},"up":{"uv":[1.66667,0,0,0],"rotation":90,"texture":"#1"},"down":{"uv":[1.66667,0,0,0],"rotation":270,"texture":"#1"}}},{"from":[5.86697,8.60547,7.375],"to":[5.86697,9.60547,8.625],"rotation":{"angle":-45,"axis":"z","origin":[8,10.35341,8]},"faces":{"north":{"uv":[0,0,0,1.33333],"texture":"#1"},"east":{"uv":[12.33333,9.33333,10.66667,10.66667],"texture":"#1"},"south":{"uv":[0,0,0,1.33333],"texture":"#1"},"west":{"uv":[12.33333,9.33333,10.66667,10.66667],"texture":"#1"},"up":{"uv":[1.66667,0,0,0],"rotation":90,"texture":"#1"},"down":{"uv":[1.66667,0,0,0],"rotation":270,"texture":"#1"}}},{"from":[5.25545,8.125,7.375],"to":[5.25545,10.625,8.625],"rotation":{"angle":0,"axis":"y","origin":[8,10.35341,8]},"faces":{"north":{"uv":[0,0,0,3.33333],"texture":"#1"},"east":{"uv":[8,8,9.66667,11.33333],"texture":"#1"},"south":{"uv":[0,0,0,3.33333],"texture":"#1"},"west":{"uv":[9.66667,8,8,11.33333],"texture":"#1"},"up":{"uv":[1.66667,0,0,0],"rotation":90,"texture":"#1"},"down":{"uv":[1.66667,0,0,0],"rotation":270,"texture":"#1"}}},{"from":[7.375,11.53281,8],"to":[8.625,13.53281,8],"rotation":{"angle":45,"axis":"y","origin":[8,12.53281,8]},"faces":{"north":{"uv":[10.66667,1.33333,12.33333,4],"texture":"#1"},"east":{"uv":[0,0,0,2.66667],"texture":"#1"},"south":{"uv":[10.66667,1.33333,12.33333,4],"texture":"#1"},"west":{"uv":[0,0,0,2.66667],"texture":"#1"},"up":{"uv":[1.66667,0,0,0],"texture":"#1"},"down":{"uv":[1.66667,0,0,0],"texture":"#1"}}},{"from":[7.375,11.53281,8],"to":[8.625,13.53281,8],"rotation":{"angle":-45,"axis":"y","origin":[8,12.53281,8]},"faces":{"north":{"uv":[10.66667,1.33333,12.33333,4],"texture":"#1"},"east":{"uv":[0,0,0,2.66667],"texture":"#1"},"south":{"uv":[10.66667,1.33333,12.33333,4],"texture":"#1"},"west":{"uv":[0,0,0,2.66667],"texture":"#1"},"up":{"uv":[1.66667,0,0,0],"texture":"#1"},"down":{"uv":[1.66667,0,0,0],"texture":"#1"}}},{"from":[7.25,11.075,7.25],"to":[8.75,11.575,8.75],"rotation":{"angle":0,"axis":"y","origin":[8,11.25,8]},"faces":{"north":{"uv":[12,4,14,4.66667],"texture":"#1"},"east":{"uv":[12,5.33333,14,6],"texture":"#1"},"south":{"uv":[8,12,10,12.66667],"texture":"#1"},"west":{"uv":[10.66667,12,12.66667,12.66667],"texture":"#1"},"up":{"uv":[7.33333,12.66667,5.33333,10.66667],"texture":"#1"},"down":{"uv":[12.66667,6.66667,10.66667,8.66667],"texture":"#1"}}}],"gui_light":"front","display":{"thirdperson_righthand":{"rotation":[58,0,0],"translation":[0,1.5,-0.75]},"thirdperson_lefthand":{"rotation":[58,0,0],"translation":[0,1.5,-0.75]},"firstperson_righthand":{"rotation":[20.75,0,0],"translation":[-2.5,3.25,2.25]},"firstperson_lefthand":{"rotation":[20.75,0,0],"translation":[-2.5,3.25,2.25]},"ground":{"translation":[0,4,0],"scale":[1.37695,1.37695,1.37695]},"gui":{"rotation":[35,45,0],"scale":[1.7168,1.7168,1.7168]},"head":{"translation":[0,3.75,0],"scale":[2.46289,2.46289,2.46289]},"fixed":{"rotation":[-90,0,0],"translation":[0,0,-5.75],"scale":[3.20508,3.20508,3.20508]}}}