{"credit":"MadebyPolygonMC","texture_size":[24,24],"textures":{"1":"evergreenset:staff","2":"evergreenset:animations/animations_2","particle":"evergreenset:staff"},"elements":[{"from":[7.3,2,7.3],"to":[8.7,2.5,8.7],"rotation":{"angle":0,"axis":"y","origin":[7.5,0,7.5]},"faces":{"north":{"uv":[4,12,5,12.33333],"texture":"#1"},"east":{"uv":[12,4,13,4.33333],"texture":"#1"},"south":{"uv":[12,4.66667,13,5],"texture":"#1"},"west":{"uv":[5.33333,12,6.33333,12.33333],"texture":"#1"},"up":{"uv":[5.66667,7.66667,4.66667,6.66667],"texture":"#1"},"down":{"uv":[7,6.66667,6,7.66667],"texture":"#1"}}},{"from":[7.3,6.25,7.3],"to":[8.7,6.75,8.7],"rotation":{"angle":0,"axis":"y","origin":[7.5,4.25,7.5]},"faces":{"north":{"uv":[12,5.33333,13,5.66667],"texture":"#1"},"east":{"uv":[12,6,13,6.33333],"texture":"#1"},"south":{"uv":[6.66667,12,7.66667,12.33333],"texture":"#1"},"west":{"uv":[12,6.66667,13,7],"texture":"#1"},"up":{"uv":[8.33333,2.33333,7.33333,1.33333],"texture":"#1"},"down":{"uv":[3,7.33333,2,8.33333],"texture":"#1"}}},{"from":[7.5,1,7.5],"to":[8.5,2,8.5],"rotation":{"angle":0,"axis":"y","origin":[7.5,0,7.5]},"faces":{"north":{"uv":[6.66667,6,7.33333,6.66667],"texture":"#1"},"east":{"uv":[7.33333,2.66667,8,3.33333],"texture":"#1"},"south":{"uv":[8,2.66667,8.66667,3.33333],"texture":"#1"},"west":{"uv":[10.66667,1.33333,11.33333,2],"texture":"#1"},"up":{"uv":[11.33333,10.66667,10.66667,10],"texture":"#1"},"down":{"uv":[11.33333,10.66667,10.66667,11.33333],"texture":"#1"}}},{"from":[7.5,2.5,7.5],"to":[8.5,3.5,8.5],"rotation":{"angle":0,"axis":"y","origin":[7.5,0,7.5]},"faces":{"north":{"uv":[0,11.33333,0.66667,12],"texture":"#1"},"east":{"uv":[11.33333,0,12,0.66667],"texture":"#1"},"south":{"uv":[0.66667,11.33333,1.33333,12],"texture":"#1"},"west":{"uv":[11.33333,0.66667,12,1.33333],"texture":"#1"},"up":{"uv":[12,2,11.33333,1.33333],"texture":"#1"},"down":{"uv":[12,2,11.33333,2.66667],"texture":"#1"}}},{"from":[7.5,5.25,7.5],"to":[8.5,6.25,8.5],"rotation":{"angle":0,"axis":"y","origin":[7.5,2.75,7.5]},"faces":{"north":{"uv":[2.66667,11.33333,3.33333,12],"texture":"#1"},"east":{"uv":[11.33333,2.66667,12,3.33333],"texture":"#1"},"south":{"uv":[3.33333,11.33333,4,12],"texture":"#1"},"west":{"uv":[11.33333,3.33333,12,4],"texture":"#1"},"up":{"uv":[12,4.66667,11.33333,4],"texture":"#1"},"down":{"uv":[5.33333,11.33333,4.66667,12],"texture":"#1"}}},{"from":[7.6,3.5,7.6],"to":[8.4,5.25,8.4],"rotation":{"angle":0,"axis":"y","origin":[7.5,1,7.5]},"faces":{"north":{"uv":[3.33333,7.33333,3.83333,8.5],"texture":"#1"},"east":{"uv":[10,8.66667,10.5,9.83333],"texture":"#1"},"south":{"uv":[10,10,10.5,11.16667],"texture":"#1"},"west":{"uv":[10.66667,0,11.16667,1.16667],"texture":"#1"}}},{"from":[7.4,11,7.4],"to":[8.6,11.5,8.6],"rotation":{"angle":0,"axis":"y","origin":[7.5,9,7.5]},"faces":{"north":{"uv":[13.33333,12.66667,14.16667,13],"texture":"#1"},"east":{"uv":[0,14,0.83333,14.33333],"texture":"#1"},"south":{"uv":[14,0,14.83333,0.33333],"texture":"#1"},"west":{"uv":[14,0.66667,14.83333,1],"texture":"#1"}}},{"from":[7.3,10.5,7.3],"to":[8.7,11,8.7],"rotation":{"angle":0,"axis":"y","origin":[7.5,8.5,7.5]},"faces":{"north":{"uv":[13.33333,9.33333,14.33333,9.66667],"texture":"#1"},"east":{"uv":[10,13.33333,11,13.66667],"texture":"#1"},"south":{"uv":[13.33333,10,14.33333,10.33333],"texture":"#1"},"west":{"uv":[13.33333,10.66667,14.33333,11],"texture":"#1"},"up":{"uv":[9.66667,5,8.66667,4],"texture":"#1"},"down":{"uv":[9.66667,5.33333,8.66667,6.33333],"texture":"#1"}}},{"from":[7.5,9.5,7.5],"to":[8.5,10.5,8.5],"rotation":{"angle":0,"axis":"y","origin":[7.5,7,7.5]},"faces":{"north":{"uv":[2,12,2.66667,12.66667],"texture":"#1"},"east":{"uv":[12,2,12.66667,2.66667],"texture":"#1"},"south":{"uv":[2.66667,12,3.33333,12.66667],"texture":"#1"},"west":{"uv":[12,2.66667,12.66667,3.33333],"texture":"#1"},"up":{"uv":[4,12.66667,3.33333,12],"texture":"#1"},"down":{"uv":[12.66667,3.33333,12,4],"texture":"#1"}}},{"from":[7.6,7.75,7.6],"to":[8.4,9.5,8.4],"rotation":{"angle":0,"axis":"y","origin":[7.5,5.25,7.5]},"faces":{"north":{"uv":[4,10.66667,4.5,11.83333],"texture":"#1"},"east":{"uv":[8.66667,10.66667,9.16667,11.83333],"texture":"#1"},"south":{"uv":[10.66667,8.66667,11.16667,9.83333],"texture":"#1"},"west":{"uv":[9.33333,10.66667,9.83333,11.83333],"texture":"#1"}}},{"from":[7.5,6.75,7.5],"to":[8.5,7.75,8.5],"rotation":{"angle":0,"axis":"y","origin":[7.5,4.25,7.5]},"faces":{"north":{"uv":[0,12,0.66667,12.66667],"texture":"#1"},"east":{"uv":[12,0,12.66667,0.66667],"texture":"#1"},"south":{"uv":[0.66667,12,1.33333,12.66667],"texture":"#1"},"west":{"uv":[12,0.66667,12.66667,1.33333],"texture":"#1"},"up":{"uv":[2,12.66667,1.33333,12],"texture":"#1"},"down":{"uv":[12.66667,1.33333,12,2],"texture":"#1"}}},{"from":[7.3,13,7.3],"to":[8.7,13.5,8.7],"rotation":{"angle":0,"axis":"y","origin":[7.5,11,7.5]},"faces":{"north":{"uv":[12,7.33333,13,7.66667],"texture":"#1"},"east":{"uv":[8,12,9,12.33333],"texture":"#1"},"south":{"uv":[12,8,13,8.33333],"texture":"#1"},"west":{"uv":[12,8.66667,13,9],"texture":"#1"},"up":{"uv":[8.33333,5,7.33333,4],"texture":"#1"},"down":{"uv":[8.33333,5.33333,7.33333,6.33333],"texture":"#1"}}},{"from":[7.3,11.5,7.3],"to":[8.7,12,8.7],"rotation":{"angle":0,"axis":"y","origin":[7.5,9.5,7.5]},"faces":{"north":{"uv":[9.33333,12,10.33333,12.33333],"texture":"#1"},"east":{"uv":[12,9.33333,13,9.66667],"texture":"#1"},"south":{"uv":[12,10,13,10.33333],"texture":"#1"},"west":{"uv":[10.66667,12,11.66667,12.33333],"texture":"#1"},"up":{"uv":[8.33333,7.66667,7.33333,6.66667],"texture":"#1"},"down":{"uv":[1,8,0,9],"texture":"#1"}}},{"from":[7.3,17.5,7.3],"to":[8.7,18,8.7],"rotation":{"angle":0,"axis":"y","origin":[7.5,15.5,7.5]},"faces":{"north":{"uv":[12,10.66667,13,11],"texture":"#1"},"east":{"uv":[12,11.33333,13,11.66667],"texture":"#1"},"south":{"uv":[12,12,13,12.33333],"texture":"#1"},"west":{"uv":[0,12.66667,1,13],"texture":"#1"},"up":{"uv":[5.66667,9,4.66667,8],"texture":"#1"},"down":{"uv":[7,8,6,9],"texture":"#1"}}},{"from":[7.4,18,7.4],"to":[8.6,18.5,8.6],"rotation":{"angle":0,"axis":"y","origin":[7.5,16,7.5]},"faces":{"north":{"uv":[11.33333,13.33333,12.16667,13.66667],"texture":"#1"},"east":{"uv":[13.33333,11.33333,14.16667,11.66667],"texture":"#1"},"south":{"uv":[13.33333,12,14.16667,12.33333],"texture":"#1"},"west":{"uv":[12.66667,13.33333,13.5,13.66667],"texture":"#1"}}},{"from":[7.5,12,7.5],"to":[8.5,13,8.5],"rotation":{"angle":0,"axis":"y","origin":[7.5,11,7.5]},"faces":{"north":{"uv":[11.33333,4.66667,12,5.33333],"texture":"#1"},"east":{"uv":[5.33333,11.33333,6,12],"texture":"#1"},"south":{"uv":[11.33333,5.33333,12,6],"texture":"#1"},"west":{"uv":[6,11.33333,6.66667,12],"texture":"#1"},"up":{"uv":[12,6.66667,11.33333,6],"texture":"#1"},"down":{"uv":[7.33333,11.33333,6.66667,12],"texture":"#1"}}},{"from":[7.39,0.265,7.39],"to":[8.61,1.485,8.61],"rotation":{"angle":-45,"axis":"x","origin":[8,0.875,8]},"faces":{"north":{"uv":[10,2,10.83333,2.83333],"texture":"#1"},"east":{"uv":[2.66667,10,3.5,10.83333],"texture":"#1"},"south":{"uv":[10,3.33333,10.83333,4.16667],"texture":"#1"},"west":{"uv":[10,4.66667,10.83333,5.5],"texture":"#1"},"up":{"uv":[10.83333,6.83333,10,6],"texture":"#1"},"down":{"uv":[10.83333,7.33333,10,8.16667],"texture":"#1"}}},{"from":[7.2,18.5,7],"to":[8.8,20,9],"rotation":{"angle":0,"axis":"y","origin":[7,18.5,7]},"faces":{"north":{"uv":[7.33333,8,8.33333,9],"texture":"#1"},"east":{"uv":[4,2.66667,5.33333,3.66667],"texture":"#1"},"south":{"uv":[8.66667,0,9.66667,1],"texture":"#1"},"west":{"uv":[4,4,5.33333,5],"texture":"#1"},"up":{"uv":[1,6.66667,0,5.33333],"texture":"#1"},"down":{"uv":[6.33333,0,5.33333,1.33333],"texture":"#1"}}},{"from":[7.205,18.01256,5.82322],"to":[8.795,19.51256,7.82322],"rotation":{"angle":-45,"axis":"x","origin":[8.005,18.76256,6.82322]},"faces":{"north":{"uv":[1.33333,8.66667,2.33333,9.66667],"texture":"#1"},"east":{"uv":[1.33333,5.33333,2.66667,6.33333],"texture":"#1"},"west":{"uv":[5.33333,1.33333,6.66667,2.33333],"texture":"#1"},"up":{"uv":[3.66667,6.66667,2.66667,5.33333],"texture":"#1"},"down":{"uv":[6.33333,2.66667,5.33333,4],"texture":"#1"}}},{"from":[7.205,18.01256,8.17678],"to":[8.795,19.51256,10.17678],"rotation":{"angle":45,"axis":"x","origin":[8.005,18.76256,9.17678]},"faces":{"east":{"uv":[4,5.33333,5.33333,6.33333],"texture":"#1"},"south":{"uv":[8.66667,1.33333,9.66667,2.33333],"texture":"#1"},"west":{"uv":[5.33333,4,6.66667,5],"texture":"#1"},"up":{"uv":[6.33333,6.66667,5.33333,5.33333],"texture":"#1"},"down":{"uv":[1,6.66667,0,8],"texture":"#1"}}},{"from":[7.5,19.05,4.55],"to":[8.5,20.05,7.05],"rotation":{"angle":0,"axis":"y","origin":[7.25,19.05,5.05]},"faces":{"north":{"uv":[11.33333,6.66667,12,7.33333],"texture":"#1"},"east":{"uv":[6.66667,0,8.33333,0.66667],"texture":"#1"},"south":{"uv":[7.33333,11.33333,8,12],"texture":"#1"},"west":{"uv":[6.66667,0.66667,8.33333,1.33333],"texture":"#1"},"up":{"uv":[2,8.33333,1.33333,6.66667],"texture":"#1"},"down":{"uv":[7.33333,1.33333,6.66667,3],"texture":"#1"}}},{"from":[7.5,20.05,6.3],"to":[8.5,21.05,7.05],"rotation":{"angle":0,"axis":"x","origin":[8,20.8,6.55]},"faces":{"north":{"uv":[11.33333,7.33333,12,8],"texture":"#1"},"east":{"uv":[12.66667,0,13.16667,0.66667],"texture":"#1"},"south":{"uv":[8,11.33333,8.66667,12],"texture":"#1"},"west":{"uv":[12.66667,0.66667,13.16667,1.33333],"texture":"#1"},"up":{"uv":[2,13.16667,1.33333,12.66667],"texture":"#1"},"down":{"uv":[13.33333,1.33333,12.66667,1.83333],"texture":"#1"}}},{"from":[7.505,20.60604,6.33858],"to":[8.495,21.35604,7.33858],"rotation":{"angle":-22.5,"axis":"x","origin":[8.005,21.10604,7.08858]},"faces":{"north":{"uv":[2,12.66667,2.66667,13.16667],"texture":"#1"},"east":{"uv":[12.66667,2,13.33333,2.5],"texture":"#1"},"south":{"uv":[2.66667,12.66667,3.33333,13.16667],"texture":"#1"},"west":{"uv":[12.66667,2.66667,13.33333,3.16667],"texture":"#1"},"up":{"uv":[12,8.66667,11.33333,8],"texture":"#1"},"down":{"uv":[12,8.66667,11.33333,9.33333],"texture":"#1"}}},{"from":[7.505,20.60604,8.66142],"to":[8.495,21.35604,9.66142],"rotation":{"angle":22.5,"axis":"x","origin":[8.005,21.10604,8.91142]},"faces":{"north":{"uv":[3.33333,12.66667,4,13.16667],"texture":"#1"},"east":{"uv":[12.66667,3.33333,13.33333,3.83333],"texture":"#1"},"south":{"uv":[4,12.66667,4.66667,13.16667],"texture":"#1"},"west":{"uv":[4.66667,12.66667,5.33333,13.16667],"texture":"#1"},"up":{"uv":[12,10,11.33333,9.33333],"texture":"#1"},"down":{"uv":[10.66667,11.33333,10,12],"texture":"#1"}}},{"from":[7.5,20.05,8.95],"to":[8.5,21.05,9.7],"rotation":{"angle":0,"axis":"x","origin":[8,20.8,9.45]},"faces":{"north":{"uv":[11.33333,10,12,10.66667],"texture":"#1"},"east":{"uv":[5.33333,12.66667,5.83333,13.33333],"texture":"#1"},"south":{"uv":[10.66667,11.33333,11.33333,12],"texture":"#1"},"west":{"uv":[6,12.66667,6.5,13.33333],"texture":"#1"},"up":{"uv":[7.33333,13.16667,6.66667,12.66667],"texture":"#1"},"down":{"uv":[8,12.66667,7.33333,13.16667],"texture":"#1"}}},{"from":[7.5,19.05,8.95],"to":[8.5,20.05,11.45],"rotation":{"angle":0,"axis":"y","origin":[7.25,19.05,10.95]},"faces":{"north":{"uv":[11.33333,10.66667,12,11.33333],"texture":"#1"},"east":{"uv":[2,6.66667,3.66667,7.33333],"texture":"#1"},"south":{"uv":[11.33333,11.33333,12,12],"texture":"#1"},"west":{"uv":[6.66667,3.33333,8.33333,4],"texture":"#1"},"up":{"uv":[4.66667,8.33333,4,6.66667],"texture":"#1"},"down":{"uv":[7.33333,4,6.66667,5.66667],"texture":"#1"}}},{"from":[7.605,17.33104,6.33858],"to":[8.395,18.08104,7.33858],"rotation":{"angle":-22.5,"axis":"x","origin":[8.005,17.83104,7.08858]},"faces":{"north":{"uv":[1.33333,14,1.83333,14.5],"texture":"#1"},"east":{"uv":[8,12.66667,8.66667,13.16667],"texture":"#1"},"south":{"uv":[14,1.33333,14.5,1.83333],"texture":"#1"},"west":{"uv":[8.66667,12.66667,9.33333,13.16667],"texture":"#1"},"up":{"uv":[9.83333,13.33333,9.33333,12.66667],"texture":"#1"},"down":{"uv":[10.5,12.66667,10,13.33333],"texture":"#1"}}},{"from":[7.6,15.275,6.3],"to":[8.4,17.775,7.05],"rotation":{"angle":0,"axis":"x","origin":[8,17.525,6.55]},"faces":{"north":{"uv":[4,8.66667,4.5,10.33333],"texture":"#1"},"east":{"uv":[8.66667,6.66667,9.16667,8.33333],"texture":"#1"},"south":{"uv":[8.66667,8.66667,9.16667,10.33333],"texture":"#1"},"west":{"uv":[0,9.33333,0.5,11],"texture":"#1"},"up":{"uv":[2.5,14.5,2,14],"texture":"#1"},"down":{"uv":[14.5,2,14,2.5],"texture":"#1"}}},{"from":[7.605,14.96896,6.33858],"to":[8.395,15.71896,7.33858],"rotation":{"angle":22.5,"axis":"x","origin":[8.005,15.21896,7.08858]},"faces":{"north":{"uv":[14,2.66667,14.5,3.16667],"texture":"#1"},"east":{"uv":[10.66667,12.66667,11.33333,13.16667],"texture":"#1"},"south":{"uv":[14,3.33333,14.5,3.83333],"texture":"#1"},"west":{"uv":[11.33333,12.66667,12,13.16667],"texture":"#1"},"up":{"uv":[12.5,13.33333,12,12.66667],"texture":"#1"},"down":{"uv":[13.16667,12.66667,12.66667,13.33333],"texture":"#1"}}},{"from":[7.605,14.96896,8.66142],"to":[8.395,15.71896,9.66142],"rotation":{"angle":-22.5,"axis":"x","origin":[8.005,15.21896,8.91142]},"faces":{"north":{"uv":[14,4,14.5,4.5],"texture":"#1"},"east":{"uv":[0,13.33333,0.66667,13.83333],"texture":"#1"},"south":{"uv":[4.66667,14,5.16667,14.5],"texture":"#1"},"west":{"uv":[13.33333,0,14,0.5],"texture":"#1"},"up":{"uv":[1.16667,14,0.66667,13.33333],"texture":"#1"},"down":{"uv":[13.83333,0.66667,13.33333,1.33333],"texture":"#1"}}},{"from":[7.605,17.33104,8.66142],"to":[8.395,18.08104,9.66142],"rotation":{"angle":22.5,"axis":"x","origin":[8.005,17.83104,8.91142]},"faces":{"north":{"uv":[14,4.66667,14.5,5.16667],"texture":"#1"},"east":{"uv":[1.33333,13.33333,2,13.83333],"texture":"#1"},"south":{"uv":[5.33333,14,5.83333,14.5],"texture":"#1"},"west":{"uv":[13.33333,1.33333,14,1.83333],"texture":"#1"},"up":{"uv":[2.5,14,2,13.33333],"texture":"#1"},"down":{"uv":[13.83333,2,13.33333,2.66667],"texture":"#1"}}},{"from":[7.6,15.275,8.95],"to":[8.4,17.775,9.7],"rotation":{"angle":0,"axis":"x","origin":[8,17.525,9.45]},"faces":{"north":{"uv":[0.66667,9.33333,1.16667,11],"texture":"#1"},"east":{"uv":[4.66667,9.33333,5.16667,11],"texture":"#1"},"south":{"uv":[5.33333,9.33333,5.83333,11],"texture":"#1"},"west":{"uv":[6,9.33333,6.5,11],"texture":"#1"},"up":{"uv":[14.5,5.83333,14,5.33333],"texture":"#1"},"down":{"uv":[6.5,14,6,14.5],"texture":"#1"}}},{"from":[7.605,23.33104,6.33858],"to":[8.395,24.08104,7.33858],"rotation":{"angle":-22.5,"axis":"x","origin":[8.005,23.83104,7.08858]},"faces":{"north":{"uv":[10,14,10.5,14.5],"texture":"#1"},"east":{"uv":[13.33333,8,14,8.5],"texture":"#1"},"south":{"uv":[10.66667,14,11.16667,14.5],"texture":"#1"},"west":{"uv":[8.66667,13.33333,9.33333,13.83333],"texture":"#1"},"up":{"uv":[13.83333,9.33333,13.33333,8.66667],"texture":"#1"},"down":{"uv":[9.83333,13.33333,9.33333,14],"texture":"#1"}}},{"from":[7.6,21.275,6.3],"to":[8.4,23.775,7.05],"rotation":{"angle":0,"axis":"x","origin":[8,23.525,6.55]},"faces":{"north":{"uv":[9.33333,8.66667,9.83333,10.33333],"texture":"#1"},"east":{"uv":[10,0,10.5,1.66667],"texture":"#1"},"south":{"uv":[1.33333,10,1.83333,11.66667],"texture":"#1"},"west":{"uv":[2,10,2.5,11.66667],"texture":"#1"},"up":{"uv":[14.5,9.16667,14,8.66667],"texture":"#1"},"down":{"uv":[9.83333,14,9.33333,14.5],"texture":"#1"}}},{"from":[7.605,20.96896,6.33858],"to":[8.395,21.71896,7.33858],"rotation":{"angle":22.5,"axis":"x","origin":[8.005,21.21896,7.08858]},"faces":{"north":{"uv":[14,8,14.5,8.5],"texture":"#1"},"east":{"uv":[13.33333,6.66667,14,7.16667],"texture":"#1"},"south":{"uv":[8.66667,14,9.16667,14.5],"texture":"#1"},"west":{"uv":[7.33333,13.33333,8,13.83333],"texture":"#1"},"up":{"uv":[13.83333,8,13.33333,7.33333],"texture":"#1"},"down":{"uv":[8.5,13.33333,8,14],"texture":"#1"}}},{"from":[7.6,21.275,8.95],"to":[8.4,23.775,9.7],"rotation":{"angle":0,"axis":"x","origin":[8,23.525,9.45]},"faces":{"north":{"uv":[6.66667,9.33333,7.16667,11],"texture":"#1"},"east":{"uv":[9.33333,6.66667,9.83333,8.33333],"texture":"#1"},"south":{"uv":[7.33333,9.33333,7.83333,11],"texture":"#1"},"west":{"uv":[8,9.33333,8.5,11],"texture":"#1"},"up":{"uv":[14.5,7.83333,14,7.33333],"texture":"#1"},"down":{"uv":[8.5,14,8,14.5],"texture":"#1"}}},{"from":[7.605,20.96896,8.66142],"to":[8.395,21.71896,9.66142],"rotation":{"angle":-22.5,"axis":"x","origin":[8.005,21.21896,8.91142]},"faces":{"north":{"uv":[14,6.66667,14.5,7.16667],"texture":"#1"},"east":{"uv":[13.33333,5.33333,14,5.83333],"texture":"#1"},"south":{"uv":[7.33333,14,7.83333,14.5],"texture":"#1"},"west":{"uv":[6,13.33333,6.66667,13.83333],"texture":"#1"},"up":{"uv":[13.83333,6.66667,13.33333,6],"texture":"#1"},"down":{"uv":[7.16667,13.33333,6.66667,14],"texture":"#1"}}},{"from":[7.605,23.33104,8.66142],"to":[8.395,24.08104,9.66142],"rotation":{"angle":22.5,"axis":"x","origin":[8.005,23.83104,8.91142]},"faces":{"north":{"uv":[14,6,14.5,6.5],"texture":"#1"},"east":{"uv":[13.33333,4,14,4.5],"texture":"#1"},"south":{"uv":[6.66667,14,7.16667,14.5],"texture":"#1"},"west":{"uv":[4.66667,13.33333,5.33333,13.83333],"texture":"#1"},"up":{"uv":[13.83333,5.33333,13.33333,4.66667],"texture":"#1"},"down":{"uv":[5.83333,13.33333,5.33333,14],"texture":"#1"}}},{"from":[8.09224,20.71959,7.605],"to":[9.09224,21.46959,8.395],"rotation":{"angle":22.5,"axis":"z","origin":[8,22.525,8]},"faces":{"north":{"uv":[7.33333,13.33333,8,13.83333],"texture":"#1"},"east":{"uv":[14,8,14.5,8.5],"texture":"#1"},"south":{"uv":[13.33333,6.66667,14,7.16667],"texture":"#1"},"west":{"uv":[8.66667,14,9.16667,14.5],"texture":"#1"},"up":{"uv":[13.83333,8,13.33333,7.33333],"rotation":90,"texture":"#1"},"down":{"uv":[8.5,13.33333,8,14],"rotation":270,"texture":"#1"}}},{"from":[8.95,21.275,7.6],"to":[9.7,23.775,8.4],"rotation":{"angle":0,"axis":"x","origin":[8,22.525,8]},"faces":{"north":{"uv":[2,10,2.5,11.66667],"texture":"#1"},"east":{"uv":[9.33333,8.66667,9.83333,10.33333],"texture":"#1"},"south":{"uv":[10,0,10.5,1.66667],"texture":"#1"},"west":{"uv":[1.33333,10,1.83333,11.66667],"texture":"#1"},"up":{"uv":[14.5,9.16667,14,8.66667],"rotation":90,"texture":"#1"},"down":{"uv":[9.83333,14,9.33333,14.5],"rotation":270,"texture":"#1"}}},{"from":[8.09224,23.58041,7.605],"to":[9.09224,24.33041,8.395],"rotation":{"angle":-22.5,"axis":"z","origin":[8,22.525,8]},"faces":{"north":{"uv":[8.66667,13.33333,9.33333,13.83333],"texture":"#1"},"east":{"uv":[10,14,10.5,14.5],"texture":"#1"},"south":{"uv":[13.33333,8,14,8.5],"texture":"#1"},"west":{"uv":[10.66667,14,11.16667,14.5],"texture":"#1"},"up":{"uv":[13.83333,9.33333,13.33333,8.66667],"rotation":90,"texture":"#1"},"down":{"uv":[9.83333,13.33333,9.33333,14],"rotation":270,"texture":"#1"}}},{"from":[6.90776,23.58041,7.605],"to":[7.90776,24.33041,8.395],"rotation":{"angle":22.5,"axis":"z","origin":[8,22.525,8]},"faces":{"north":{"uv":[4.66667,13.33333,5.33333,13.83333],"texture":"#1"},"east":{"uv":[14,6,14.5,6.5],"texture":"#1"},"south":{"uv":[13.33333,4,14,4.5],"texture":"#1"},"west":{"uv":[6.66667,14,7.16667,14.5],"texture":"#1"},"up":{"uv":[13.83333,5.33333,13.33333,4.66667],"rotation":90,"texture":"#1"},"down":{"uv":[5.83333,13.33333,5.33333,14],"rotation":270,"texture":"#1"}}},{"from":[6.3,21.275,7.6],"to":[7.05,23.775,8.4],"rotation":{"angle":0,"axis":"x","origin":[8,22.525,8]},"faces":{"north":{"uv":[8,9.33333,8.5,11],"texture":"#1"},"east":{"uv":[6.66667,9.33333,7.16667,11],"texture":"#1"},"south":{"uv":[9.33333,6.66667,9.83333,8.33333],"texture":"#1"},"west":{"uv":[7.33333,9.33333,7.83333,11],"texture":"#1"},"up":{"uv":[14.5,7.83333,14,7.33333],"rotation":90,"texture":"#1"},"down":{"uv":[8.5,14,8,14.5],"rotation":270,"texture":"#1"}}},{"from":[6.90776,20.71959,7.605],"to":[7.90776,21.46959,8.395],"rotation":{"angle":-22.5,"axis":"z","origin":[8,22.525,8]},"faces":{"north":{"uv":[6,13.33333,6.66667,13.83333],"texture":"#1"},"east":{"uv":[14,6.66667,14.5,7.16667],"texture":"#1"},"south":{"uv":[13.33333,5.33333,14,5.83333],"texture":"#1"},"west":{"uv":[7.33333,14,7.83333,14.5],"texture":"#1"},"up":{"uv":[13.83333,6.66667,13.33333,6],"rotation":90,"texture":"#1"},"down":{"uv":[7.16667,13.33333,6.66667,14],"rotation":270,"texture":"#1"}}},{"from":[7.7475,19.41154,7],"to":[8.2525,20.82954,8.418],"rotation":{"angle":-45,"axis":"x","origin":[7.9975,20.41154,8]},"faces":{"north":{"uv":[2.66667,13.33333,3,14.33333],"texture":"#1"},"east":{"uv":[2.66667,8.66667,3.66667,9.66667],"texture":"#1"},"south":{"uv":[13.33333,2.66667,13.66667,3.66667],"texture":"#1"},"west":{"uv":[8.66667,2.66667,9.66667,3.66667],"texture":"#1"},"up":{"uv":[3.66667,14.33333,3.33333,13.33333],"texture":"#1"},"down":{"uv":[4.33333,13.33333,4,14.33333],"texture":"#1"}}},{"from":[7.4,13.5,7.4],"to":[8.6,17.5,8.6],"rotation":{"angle":0,"axis":"y","origin":[6.8,14.75,6.8]},"faces":{"north":{"uv":[0,0,0.83333,2.66667],"texture":"#1"},"east":{"uv":[1.33333,0,2.16667,2.66667],"texture":"#1"},"south":{"uv":[0,2.66667,0.83333,5.33333],"texture":"#1"},"west":{"uv":[2.66667,0,3.5,2.66667],"texture":"#1"}}},{"from":[7,21.5,7],"to":[9,23.5,9],"rotation":{"angle":-45,"axis":"x","origin":[8,22.5,8]},"faces":{"north":{"uv":[1.33333,4,2.66667,5.33333],"texture":"#1"},"east":{"uv":[1.33333,4,2.66667,5.33333],"texture":"#1"},"south":{"uv":[1.33333,4,2.66667,5.33333],"texture":"#1"},"west":{"uv":[1.33333,4,2.66667,5.33333],"texture":"#1"},"up":{"uv":[1.33333,4,2.66667,5.33333],"texture":"#1"},"down":{"uv":[1.33333,4,2.66667,5.33333],"texture":"#1"}}},{"from":[4.5,19,8],"to":[11.5,26,8],"rotation":{"angle":45,"axis":"x","origin":[8,22.5,8]},"faces":{"north":{"uv":[0,0,14.00417,14.00417],"texture":"#2"},"east":{"uv":[0,0,0,4.66667],"texture":"#2"},"south":{"uv":[14.00417,0,0,14.00417],"texture":"#2"},"west":{"uv":[0,0,0,4.66667],"texture":"#2"},"up":{"uv":[4.66667,0,0,0],"texture":"#2"},"down":{"uv":[4.66667,0,0,0],"texture":"#2"}}},{"from":[4.5,22.5,4.5],"to":[11.5,22.5,11.5],"rotation":{"angle":45,"axis":"x","origin":[8,22.5,8]},"faces":{"north":{"uv":[4.66667,0,0,0],"texture":"#2"},"east":{"uv":[0,0,0,4.66667],"rotation":270,"texture":"#2"},"south":{"uv":[4.66667,0,0,0],"rotation":180,"texture":"#2"},"west":{"uv":[0,0,0,4.66667],"rotation":90,"texture":"#2"},"up":{"uv":[14.00417,0,0,14.00417],"rotation":180,"texture":"#2"},"down":{"uv":[0,0,14.00417,14.00417],"texture":"#2"}}}],"gui_light":"front","display":{"thirdperson_righthand":{"translation":[0,-2.5,1]},"thirdperson_lefthand":{"translation":[0,-2.5,1]},"firstperson_righthand":{"rotation":[-5,0,0],"translation":[-0.5,-2.25,0.5]},"firstperson_lefthand":{"rotation":[-5,0,0],"translation":[-0.5,-2.25,0.5]},"ground":{"translation":[0,9.25,0]},"gui":{"rotation":[90,-45,90],"translation":[3.25,-3.25,0],"scale":[0.96289,0.96289,0.96289]},"head":{"scale":[0,0,0]},"fixed":{"rotation":[0,90,0],"translation":[0,-7.25,-1.5],"scale":[2,2,2]}}}