{"textures":{"0":"modelengine:entity/nocsy_drakonin_tornado"},"elements":[{"from":[-0.57142925,6.790105,15.186355],"to":[16.57143,9.647247,15.186355],"rotation":{"angle":22.5,"axis":"x","origin":[7.142857,8.218677,7.472069]},"faces":{"east":{"uv":[2.25,9.5,2.25,10.125],"rotation":0,"texture":"#0","tintindex":0},"south":{"uv":[2.5,4.75,6.25,5.375],"rotation":0,"texture":"#0","tintindex":0},"north":{"uv":[4.5,2.5,8.25,3.125],"rotation":0,"texture":"#0","tintindex":0},"west":{"uv":[2.375,9.5,2.375,10.125],"rotation":0,"texture":"#0","tintindex":0},"up":{"uv":[12.75,6.125,9.0,6.125],"rotation":0,"texture":"#0","tintindex":0},"down":{"uv":[12.75,8.5,9.0,8.5],"rotation":0,"texture":"#0","tintindex":0}}},{"from":[16.57143,6.790105,0.90064],"to":[16.57143,9.647247,15.186355],"rotation":{"angle":22.5,"axis":"x","origin":[7.142857,8.218677,7.472069]},"faces":{"east":{"uv":[2.5,5.5,5.625,6.125],"rotation":0,"texture":"#0","tintindex":0},"south":{"uv":[2.625,9.5,2.625,10.125],"rotation":0,"texture":"#0","tintindex":0},"north":{"uv":[2.5,9.5,2.5,10.125],"rotation":0,"texture":"#0","tintindex":0},"west":{"uv":[5.75,5.5,8.875,6.125],"rotation":0,"texture":"#0","tintindex":0},"up":{"uv":[2.75,12.625,2.75,9.5],"rotation":0,"texture":"#0","tintindex":0},"down":{"uv":[2.875,9.5,2.875,12.625],"rotation":0,"texture":"#0","tintindex":0}}},{"from":[-0.57142925,6.790105,0.90064],"to":[16.57143,9.647247,0.90064],"rotation":{"angle":22.5,"axis":"x","origin":[7.142857,8.218677,7.472069]},"faces":{"east":{"uv":[3.0,9.5,3.0,10.125],"rotation":0,"texture":"#0","tintindex":0},"south":{"uv":[5.0,4.0,8.75,4.625],"rotation":0,"texture":"#0","tintindex":0},"north":{"uv":[5.0,3.25,8.75,3.875],"rotation":0,"texture":"#0","tintindex":0},"west":{"uv":[3.125,9.5,3.125,10.125],"rotation":0,"texture":"#0","tintindex":0},"up":{"uv":[12.75,8.625,9.0,8.625],"rotation":0,"texture":"#0","tintindex":0},"down":{"uv":[13.0,2.125,9.25,2.125],"rotation":0,"texture":"#0","tintindex":0}}},{"from":[-0.57142925,6.790105,0.90064],"to":[-0.57142925,9.647247,15.186355],"rotation":{"angle":22.5,"axis":"x","origin":[7.142857,8.218677,7.472069]},"faces":{"east":{"uv":[0.0,6.25,3.125,6.875],"rotation":0,"texture":"#0","tintindex":0},"south":{"uv":[3.375,9.5,3.375,10.125],"rotation":0,"texture":"#0","tintindex":0},"north":{"uv":[3.25,9.5,3.25,10.125],"rotation":0,"texture":"#0","tintindex":0},"west":{"uv":[3.25,6.25,6.375,6.875],"rotation":0,"texture":"#0","tintindex":0},"up":{"uv":[3.5,12.625,3.5,9.5],"rotation":0,"texture":"#0","tintindex":0},"down":{"uv":[3.625,9.5,3.625,12.625],"rotation":0,"texture":"#0","tintindex":0}}}],"display":{"head":{"translation":[0.0,-6.4,0.0],"scale":[4.0,4.0,4.0]}}}