{
	"credit": "Made with Blockbench",
	"textures": {
		"texture": "gui/backgrounds/battle_frame"
	},
	"elements": [
		{
			"from": [-16, -16, 15.9375],
			"to": [32, 32, 16],
			"faces": {
				"north": {"uv": [11, 16, 0, 5], "rotation": 180, "texture": "#texture"},
				"south": {"uv": [0, 5, 11, 16], "texture": "#texture"}
			}
		}
	],
	"gui_light": "front",
	"display": {
		"firstperson_lefthand": {
			"scale": [0.0001, 0.0001, 0.0001]
		},
		"gui": {
			"translation": [-72.5, 47, 5],
			"scale": [3.69, 3.75, 1]
		}
	}
}