{"textures":{"0":"cosmetics/gengar_backpack","particle":"cosmetics/gengar_backpack"},"elements":[{"from":[3,5,2],"to":[13,15,8],"faces":{"down":{"uv":[8.25,1.25,10.75,2.5],"texture":"#0"},"up":{"uv":[2.75,1,5.25,2.5],"texture":"#0"},"north":{"uv":[0,0,2.5,2.5],"texture":"#0"},"south":{"uv":[5.5,0,8,2.5],"texture":"#0"},"west":{"uv":[2.75,0,4.25,2.5],"texture":"#0"},"east":{"uv":[3.75,0,5.25,2.5],"texture":"#0"}}},{"from":[2,14,5],"to":[14,20,5.1],"faces":{"north":{"uv":[0,6,3,7.5],"texture":"#0"},"south":{"uv":[3.25,6,6.25,7.5],"texture":"#0"}}},{"from":[0,8,3],"to":[5,12,7],"rotation":{"origin":[2.5,10,5],"axis":"z","angle":45},"faces":{"down":{"uv":[0,4.25,1,5.5],"texture":"#0","rotation":270},"up":{"uv":[1.25,4.25,2.25,5.5],"texture":"#0","rotation":270},"north":{"uv":[3.75,4.25,4.75,5.5],"texture":"#0","rotation":270},"south":{"uv":[2.5,4.25,3.5,5.5],"texture":"#0","rotation":90},"west":{"uv":[2.5,2.75,3.5,3.75],"texture":"#0","rotation":90},"east":{"uv":[0,0,4,4],"texture":"#missing"}}},{"from":[11,8,3],"to":[16,12,7],"rotation":{"origin":[13.5,10,5],"axis":"z","angle":-45},"faces":{"down":{"uv":[0,4.25,1,5.5],"texture":"#0","rotation":270},"up":{"uv":[1.25,4.25,2.25,5.5],"texture":"#0","rotation":270},"north":{"uv":[2.5,4.25,3.5,5.5],"texture":"#0","rotation":90},"south":{"uv":[3.75,4.25,4.75,5.5],"texture":"#0","rotation":270},"west":{"uv":[0,0,4,4],"texture":"#missing"},"east":{"uv":[3.75,2.75,4.75,3.75],"texture":"#0","rotation":270}}},{"from":[3,1,4],"to":[7,5,8],"faces":{"down":{"uv":[2.5,2.75,3.5,3.75],"texture":"#0"},"up":{"uv":[0,0,4,4],"texture":"#missing"},"north":{"uv":[3.75,2.75,4.75,3.75],"texture":"#0"},"south":{"uv":[0,2.75,1,3.75],"texture":"#0"},"west":{"uv":[1.25,2.75,2.25,3.75],"texture":"#0"},"east":{"uv":[1.25,2.75,2.25,3.75],"texture":"#0"}}},{"from":[9,1,4],"to":[13,5,8],"faces":{"down":{"uv":[3.75,2.75,4.75,3.75],"texture":"#0"},"up":{"uv":[0,0,4,4],"texture":"#missing"},"north":{"uv":[2.5,2.75,3.5,3.75],"texture":"#0"},"south":{"uv":[0,2.75,1,3.75],"texture":"#0","rotation":180},"west":{"uv":[1.25,2.75,2.25,3.75],"texture":"#0"},"east":{"uv":[1.25,2.75,2.25,3.75],"texture":"#0"}}},{"from":[3,5,8],"to":[4,6,11],"faces":{"down":{"uv":[8.25,2,10,2.5],"texture":"#0"},"up":{"uv":[8.25,2,10,2.5],"texture":"#0"},"north":{"uv":[0,0,1,1],"texture":"#missing"},"south":{"uv":[8.25,2,10,2.5],"texture":"#0"},"west":{"uv":[8.25,2,10,2.5],"texture":"#0"},"east":{"uv":[8.25,2,10,2.5],"texture":"#0"}}},{"from":[3,14,8],"to":[4,15,11],"faces":{"down":{"uv":[8.25,2,10,2.5],"texture":"#0"},"up":{"uv":[8.25,2,10,2.5],"texture":"#0"},"north":{"uv":[0,0,1,1],"texture":"#missing"},"south":{"uv":[8.25,2,10,2.5],"texture":"#0"},"west":{"uv":[8.25,2,10,2.5],"texture":"#0"},"east":{"uv":[8.25,2,10,2.5],"texture":"#0"}}},{"from":[12,14,8],"to":[13,15,11],"faces":{"down":{"uv":[8.25,2,10,2.5],"texture":"#0"},"up":{"uv":[8.25,2,10,2.5],"texture":"#0"},"north":{"uv":[0,0,1,1],"texture":"#missing"},"south":{"uv":[8.25,2,10,2.5],"texture":"#0"},"west":{"uv":[8.25,2,10,2.5],"texture":"#0"},"east":{"uv":[8.25,2,10,2.5],"texture":"#0"}}},{"from":[12,5,8],"to":[13,6,11],"faces":{"down":{"uv":[8.25,2,10,2.5],"texture":"#0"},"up":{"uv":[8.25,2,10,2.5],"texture":"#0"},"north":{"uv":[0,0,1,1],"texture":"#missing"},"south":{"uv":[8.25,2,10,2.5],"texture":"#0"},"west":{"uv":[8.25,2,10,2.5],"texture":"#0"},"east":{"uv":[8.25,2,10,2.5],"texture":"#0"}}},{"from":[3,5,11],"to":[4,15,12],"faces":{"down":{"uv":[8.25,2,10,2.5],"texture":"#0"},"up":{"uv":[8.25,2,10,2.5],"texture":"#0"},"north":{"uv":[8.25,2,10,2.5],"texture":"#0"},"south":{"uv":[8.25,2,10,2.5],"texture":"#0"},"west":{"uv":[8.25,2,10,2.5],"texture":"#0"},"east":{"uv":[8.25,2,10,2.5],"texture":"#0"}}},{"from":[12,5,11],"to":[13,15,12],"faces":{"down":{"uv":[8.25,2,10,2.5],"texture":"#0"},"up":{"uv":[8.25,2,10,2.5],"texture":"#0"},"north":{"uv":[8.25,2,10,2.5],"texture":"#0"},"south":{"uv":[8.25,2,10,2.5],"texture":"#0"},"west":{"uv":[8.25,2,10,2.5],"texture":"#0"},"east":{"uv":[8.25,2,10,2.5],"texture":"#0"}}}],"display":{"thirdperson_righthand":{"scale":[0.0001,0.0001,0.0001]},"thirdperson_lefthand":{"rotation":[70,180,0],"translation":[-6,-4.8,6.9565],"scale":[0.9,0.9,0.9]},"firstperson_righthand":{"rotation":[0,-44,0],"translation":[0,0,-5.5],"scale":[0, 0, 0]},"firstperson_lefthand":{"rotation":[0,-44,0],"translation":[0,0,-5.5],"scale":[0, 0, 0]},"gui":{"rotation":[30,135,0],"translation":[1,-0.75,0],"scale":[0.75,0.75,0.75]},"head":{"rotation":[0,180,0],"translation":[0,-15.5,-33],"scale":[1.5,1.5,1.5]},"ground":{"scale":[0.0001,0.0001,0.0001]},"fixed":{"scale":[0.0001,0.0001,0.0001]}}}