{"credit":"MadewithBlockbench","textures":{"0":"cosmetics/mrmime_backpack","particle":"cosmetics/mrmime_backpack"},"elements":[{"from":[5,4,5],"to":[12,11,12],"faces":{"north":{"uv":[3.25,3.5,5,5.25],"texture":"#0"},"east":{"uv":[3.25,3.5,5,5.25],"texture":"#0"},"south":{"uv":[1.25,3.5,3,5.25],"texture":"#0"},"west":{"uv":[3.25,3.5,5,5.25],"texture":"#0"},"up":{"uv":[3.25,3.5,5,5.25],"texture":"#0"},"down":{"uv":[3.25,3.5,5,5.25],"texture":"#0"}}},{"from":[5.5,11,5.5],"to":[11.5,17,11.5],"faces":{"north":{"uv":[5.25,0,6.75,1.5],"texture":"#0"},"east":{"uv":[1.75,0,3.25,1.5],"texture":"#0"},"south":{"uv":[0,0,1.5,1.5],"texture":"#0"},"west":{"uv":[3.5,0,5,1.5],"texture":"#0"},"up":{"uv":[5.25,0,6.75,1.5],"texture":"#0"}}},{"from":[1,9,6.5],"to":[5,13,10.5],"faces":{"north":{"uv":[0,3.5,1,4.5],"texture":"#0"},"east":{"uv":[0,3.5,1,4.5],"texture":"#0"},"south":{"uv":[0,3.5,1,4.5],"texture":"#0"},"west":{"uv":[0,3.5,1,4.5],"texture":"#0"},"up":{"uv":[0,3.5,1,4.5],"rotation":270,"texture":"#0"},"down":{"uv":[0,3.5,1,4.5],"texture":"#0"}}},{"from":[12,9,6.5],"to":[16,13,10.5],"faces":{"north":{"uv":[0,3.5,1,4.5],"texture":"#0"},"east":{"uv":[0,3.5,1,4.5],"texture":"#0"},"south":{"uv":[0,3.5,1,4.5],"texture":"#0"},"west":{"uv":[0,3.5,1,4.5],"texture":"#0"},"up":{"uv":[0,3.5,1,4.5],"rotation":90,"texture":"#0"},"down":{"uv":[0,3.5,1,4.5],"rotation":90,"texture":"#0"}}},{"from":[10,2,6.5],"to":[13,5,9.5],"faces":{"north":{"uv":[0,4.75,0.75,5.5],"rotation":180,"texture":"#0"},"east":{"uv":[0,4.75,0.75,5.5],"rotation":180,"texture":"#0"},"south":{"uv":[0,4.75,0.75,5.5],"rotation":180,"texture":"#0"},"west":{"uv":[0,4.75,0.75,5.5],"rotation":180,"texture":"#0"},"up":{"uv":[0,4.75,0.75,5.5],"rotation":180,"texture":"#0"},"down":{"uv":[0,4.75,0.75,5.5],"rotation":180,"texture":"#0"}}},{"from":[4,2,6.5],"to":[7,5,9.5],"faces":{"north":{"uv":[0,4.75,0.75,5.5],"rotation":180,"texture":"#0"},"east":{"uv":[0,4.75,0.75,5.5],"rotation":270,"texture":"#0"},"south":{"uv":[0,4.75,0.75,5.5],"rotation":270,"texture":"#0"},"west":{"uv":[0,4.75,0.75,5.5],"rotation":180,"texture":"#0"},"up":{"uv":[0,4.75,0.75,5.5],"rotation":270,"texture":"#0"},"down":{"uv":[0,4.75,0.75,5.5],"rotation":270,"texture":"#0"}}},{"from":[4.5,-4,7],"to":[6.5,2,9],"faces":{"north":{"uv":[0.75,5.75,1.25,7.25],"texture":"#0"},"east":{"uv":[0.75,5.75,1.25,7.25],"texture":"#0"},"south":{"uv":[0,5.75,0.5,7.25],"texture":"#0"},"west":{"uv":[0.75,5.75,1.25,7.25],"texture":"#0"},"up":{"uv":[0,0,2,2],"texture":"#missing"},"down":{"uv":[0,0,2,2],"texture":"#missing"}}},{"from":[10.5,-4,7],"to":[12.5,2,9],"faces":{"north":{"uv":[0.75,5.75,1.25,7.25],"texture":"#0"},"east":{"uv":[0.75,5.75,1.25,7.25],"texture":"#0"},"south":{"uv":[0,5.75,0.5,7.25],"texture":"#0"},"west":{"uv":[0.75,5.75,1.25,7.25],"texture":"#0"}}},{"from":[10,-4.5,6.99],"to":[13,0.5,9.99],"faces":{"north":{"uv":[0,8.5,1.25,9.25],"rotation":270,"texture":"#0"},"east":{"uv":[0,8.5,1.25,9.25],"rotation":270,"texture":"#0"},"south":{"uv":[0,8.5,1.25,9.25],"rotation":270,"texture":"#0"},"west":{"uv":[0,8.5,1.25,9.25],"rotation":270,"texture":"#0"},"up":{"uv":[1,9.5,1.75,10.25],"rotation":180,"texture":"#0"},"down":{"uv":[0,9.5,0.75,10.25],"texture":"#0"}}},{"from":[4,-4.5,6.99],"to":[7,0.5,9.99],"faces":{"north":{"uv":[0,8.5,1.25,9.25],"rotation":270,"texture":"#0"},"east":{"uv":[0,8.5,1.25,9.25],"rotation":270,"texture":"#0"},"south":{"uv":[0,8.5,1.25,9.25],"rotation":270,"texture":"#0"},"west":{"uv":[0,8.5,1.25,9.25],"rotation":270,"texture":"#0"},"up":{"uv":[1,9.5,1.75,10.25],"rotation":180,"texture":"#0"},"down":{"uv":[0,9.5,0.75,10.25],"texture":"#0"}}},{"from":[11.5,-7.5,8],"to":[11.6,-2.5,13],"faces":{"east":{"uv":[3.5,8,4.75,9.25],"rotation":270,"texture":"#0"},"west":{"uv":[2,8,3.25,9.25],"rotation":90,"texture":"#0"}}},{"from":[5.5,-7.5,8],"to":[5.6,-2.5,13],"faces":{"east":{"uv":[3.5,8,4.75,9.25],"rotation":270,"texture":"#0"},"west":{"uv":[2,8,3.25,9.25],"rotation":90,"texture":"#0"}}},{"from":[13.0019,3.60782,7.57325],"to":[15.0019,9.60782,9.57325],"faces":{"north":{"uv":[0.75,5.75,1.25,7.25],"texture":"#0"},"east":{"uv":[0.75,5.75,1.25,7.25],"texture":"#0"},"south":{"uv":[0.75,5.75,1.25,7.25],"texture":"#0"},"west":{"uv":[0.75,5.75,1.25,7.25],"texture":"#0"},"down":{"uv":[3.75,0,4.75,0.5],"texture":"#0"}}},{"from":[10.99597,-0.87757,6.72273],"to":[16.99597,4.12243,6.72273],"rotation":{"angle":0,"axis":"x","origin":[13.99597,1.62243,0.72273],"rescale":true},"faces":{"north":{"uv":[9.25,1.5,10.75,2.75],"texture":"#0"},"east":{"uv":[0,0,0,5],"texture":"#missing"},"south":{"uv":[7.5,0,9,1.25],"texture":"#0"},"west":{"uv":[0,0,0,5],"texture":"#missing"},"up":{"uv":[0,0,6,0],"texture":"#missing"},"down":{"uv":[0,0,6,0],"texture":"#missing"}}},{"from":[2.0019,3.60782,7.57325],"to":[4.0019,9.60782,9.57325],"faces":{"north":{"uv":[0.75,5.75,1.25,7.25],"texture":"#0"},"east":{"uv":[0.75,5.75,1.25,7.25],"texture":"#0"},"south":{"uv":[0.75,5.75,1.25,7.25],"texture":"#0"},"west":{"uv":[0.75,5.75,1.25,7.25],"texture":"#0"},"down":{"uv":[3.75,0,4.75,0.5],"texture":"#0"}}},{"from":[-0.00403,-0.87757,6.72273],"to":[5.99597,4.12243,6.72273],"rotation":{"angle":0,"axis":"x","origin":[13.99597,1.62243,0.72273],"rescale":true},"faces":{"north":{"uv":[7.5,1.5,9,2.75],"texture":"#0"},"east":{"uv":[0,0,0,5],"texture":"#missing"},"south":{"uv":[9.25,0,10.75,1.25],"texture":"#0"},"west":{"uv":[0,0,0,5],"texture":"#missing"},"up":{"uv":[0,0,6,0],"texture":"#missing"},"down":{"uv":[0,0,6,0],"texture":"#missing"}}},{"from":[10.5,15,7.5],"to":[18.5,21,7.6],"faces":{"north":{"uv":[2.25,1.75,4.25,3.25],"texture":"#0"},"south":{"uv":[0,1.75,2,3.25],"texture":"#0"}}},{"from":[-0.5,15,7.5],"to":[7.5,21,7.6],"faces":{"north":{"uv":[0,1.75,2,3.25],"texture":"#0"},"south":{"uv":[2.25,1.75,4.25,3.25],"texture":"#0"}}},{"from":[3,4,-2],"to":[4,5,8],"faces":{"north":{"uv":[3.75,4.25,4.25,4.75],"texture":"#0"},"east":{"uv":[3.75,4.25,4.25,4.75],"texture":"#0"},"south":{"uv":[3.75,4.25,4.25,4.75],"texture":"#0"},"west":{"uv":[3.75,4.25,4.25,4.75],"texture":"#0"},"up":{"uv":[3.75,4.25,4.25,4.75],"texture":"#0"},"down":{"uv":[3.75,4.25,4.25,4.75],"texture":"#0"}}},{"from":[13,4,-2],"to":[14,5,8],"faces":{"north":{"uv":[3.75,4.25,4.25,4.75],"texture":"#0"},"east":{"uv":[3.75,4.25,4.25,4.75],"texture":"#0"},"south":{"uv":[3.75,4.25,4.25,4.75],"texture":"#0"},"west":{"uv":[3.75,4.25,4.25,4.75],"texture":"#0"},"up":{"uv":[3.75,4.25,4.25,4.75],"texture":"#0"},"down":{"uv":[3.75,4.25,4.25,4.75],"texture":"#0"}}},{"from":[13,10,-2],"to":[14,11,8],"faces":{"north":{"uv":[3.75,4.25,4.25,4.75],"texture":"#0"},"east":{"uv":[3.75,4.25,4.25,4.75],"texture":"#0"},"south":{"uv":[3.75,4.25,4.25,4.75],"texture":"#0"},"west":{"uv":[3.75,4.25,4.25,4.75],"texture":"#0"},"up":{"uv":[3.75,4.25,4.25,4.75],"texture":"#0"},"down":{"uv":[3.75,4.25,4.25,4.75],"texture":"#0"}}},{"from":[3,10,-2],"to":[4,11,8],"faces":{"north":{"uv":[3.75,4.25,4.25,4.75],"texture":"#0"},"east":{"uv":[3.75,4.25,4.25,4.75],"texture":"#0"},"south":{"uv":[3.75,4.25,4.25,4.75],"texture":"#0"},"west":{"uv":[3.75,4.25,4.25,4.75],"texture":"#0"},"up":{"uv":[3.75,4.25,4.25,4.75],"texture":"#0"},"down":{"uv":[3.75,4.25,4.25,4.75],"texture":"#0"}}},{"from":[3,5,-2],"to":[4,10,-1],"faces":{"north":{"uv":[3.75,4.25,4.25,4.75],"texture":"#0"},"east":{"uv":[3.75,4.25,4.25,4.75],"texture":"#0"},"south":{"uv":[3.75,4.25,4.25,4.75],"texture":"#0"},"west":{"uv":[3.75,4.25,4.25,4.75],"texture":"#0"},"up":{"uv":[3.75,4.25,4.25,4.75],"texture":"#0"},"down":{"uv":[3.75,4.25,4.25,4.75],"texture":"#0"}}},{"from":[13,5,-2],"to":[14,10,-1],"faces":{"north":{"uv":[3.75,4.25,4.25,4.75],"texture":"#0"},"east":{"uv":[3.75,4.25,4.25,4.75],"texture":"#0"},"south":{"uv":[3.75,4.25,4.25,4.75],"texture":"#0"},"west":{"uv":[3.75,4.25,4.25,4.75],"texture":"#0"},"up":{"uv":[3.75,4.25,4.25,4.75],"texture":"#0"},"down":{"uv":[3.75,4.25,4.25,4.75],"texture":"#0"}}}],"display":{"thirdperson_righthand":{"scale":[0.0001,0.0001,0.0001]},"thirdperson_lefthand":{"rotation":[70,0,0],"translation":[-5.5,-7,11],"scale":[0.75,0.75,0.75]},"firstperson_righthand":{"scale":[0,0,0]},"firstperson_lefthand":{"scale":[0,0,0]},"gui":{"rotation":[30,135,0],"translation":[-0.5,-3.5,0],"scale":[0.45,0.45,0.45]},"head":{"translation":[0.05,-19.53,-34],"scale":[1.15,1.15,1.15]},"ground":{"scale":[0.0001,0.0001,0.0001]},"fixed":{"scale":[0.0001,0.0001,0.0001]}}}