{"textures":{"0":"cosmetics/snorlax_backpack","particle":"cosmetics/snorlax_backpack"},"elements":[{"from":[4,19,5],"to":[12,27,13],"faces":{"down":{"uv":[0,0,8,8],"texture":"#missing"},"up":{"uv":[0,6.5,2,8.5],"texture":"#0"},"north":{"uv":[0,4.25,2,6.25],"texture":"#0"},"south":{"uv":[0,6.5,2,8.5],"texture":"#0"},"west":{"uv":[0,6.5,2,8.5],"texture":"#0"},"east":{"uv":[0,6.5,2,8.5],"texture":"#0"}}},{"from":[3,23,9],"to":[13,29,9.1],"faces":{"north":{"uv":[0,8.75,2.5,10.25],"texture":"#0"},"south":{"uv":[0,8.75,2.5,10.25],"texture":"#0"}}},{"from":[2,7,3],"to":[14,19,15],"faces":{"down":{"uv":[11.75,4.25,14.75,7.25],"texture":"#0"},"up":{"uv":[11.75,4.25,14.75,7.25],"texture":"#0"},"north":{"uv":[8.5,4.25,11.5,7.25],"texture":"#0"},"south":{"uv":[11.75,4.25,14.75,7.25],"texture":"#0"},"west":{"uv":[11.75,4.25,14.75,7.25],"texture":"#0"},"east":{"uv":[11.75,4.25,14.75,7.25],"texture":"#0"}}},{"from":[11,5,4],"to":[13,7,6],"faces":{"down":{"uv":[2.75,13.25,3.25,13.75],"texture":"#0"},"up":{"uv":[0,0,2,2],"texture":"#missing"},"north":{"uv":[2.75,13.25,3.25,13.75],"texture":"#0"},"south":{"uv":[2.75,13.25,3.25,13.75],"texture":"#0"},"west":{"uv":[2.75,13.25,3.25,13.75],"texture":"#0","rotation":180},"east":{"uv":[2.75,13.25,3.25,13.75],"texture":"#0"}}},{"from":[3,5,4],"to":[5,7,6],"faces":{"down":{"uv":[2.75,13.25,3.25,13.75],"texture":"#0"},"up":{"uv":[0,0,2,2],"texture":"#missing"},"north":{"uv":[2.75,13.25,3.25,13.75],"texture":"#0"},"south":{"uv":[2.75,13.25,3.25,13.75],"texture":"#0"},"west":{"uv":[2.75,13.25,3.25,13.75],"texture":"#0","rotation":180},"east":{"uv":[2.75,13.25,3.25,13.75],"texture":"#0"}}},{"from":[-1,10,6],"to":[2,17,9],"faces":{"down":{"uv":[6,12,6.75,12.5],"texture":"#0","rotation":180},"up":{"uv":[4.75,8.75,5.5,9.5],"texture":"#0"},"north":{"uv":[3.25,9.75,4,11.5],"texture":"#0"},"south":{"uv":[7.25,9.75,8,11.5],"texture":"#0"},"west":{"uv":[6,9.75,6.75,11.5],"texture":"#0"},"east":{"uv":[2.75,13.25,3.25,13.75],"texture":"#0"}}},{"from":[14,10,6],"to":[17,17,9],"faces":{"down":{"uv":[6,12,6.75,12.5],"texture":"#0","rotation":180},"up":{"uv":[4.75,8.75,5.5,9.5],"texture":"#0"},"north":{"uv":[3.25,9.75,4,11.5],"texture":"#0"},"south":{"uv":[7.25,9.75,8,11.5],"texture":"#0"},"west":{"uv":[6,9.75,6.75,11.5],"texture":"#0"},"east":{"uv":[5,9.75,5.75,11.5],"texture":"#0"}}},{"from":[4,7,15],"to":[5,8,19],"faces":{"down":{"uv":[5.25,6.25,6,6.75],"texture":"#0"},"up":{"uv":[5.25,6.25,6,6.75],"texture":"#0"},"north":{"uv":[5.25,6.25,6,6.75],"texture":"#0"},"south":{"uv":[5.25,6.25,6,6.75],"texture":"#0"},"west":{"uv":[5.25,6.25,6,6.75],"texture":"#0"},"east":{"uv":[5.25,6.25,6,6.75],"texture":"#0"}}},{"from":[4,18,15],"to":[5,19,19],"faces":{"down":{"uv":[5.25,6.25,6,6.75],"texture":"#0"},"up":{"uv":[5.25,6.25,6,6.75],"texture":"#0"},"north":{"uv":[5.25,6.25,6,6.75],"texture":"#0"},"south":{"uv":[5.25,6.25,6,6.75],"texture":"#0"},"west":{"uv":[5.25,6.25,6,6.75],"texture":"#0"},"east":{"uv":[5.25,6.25,6,6.75],"texture":"#0"}}},{"from":[4,7,19],"to":[5,19,20],"faces":{"down":{"uv":[5.25,6.25,6,6.75],"texture":"#0"},"up":{"uv":[5.25,6.25,6,6.75],"texture":"#0"},"north":{"uv":[5.25,6.25,6,6.75],"texture":"#0"},"south":{"uv":[5.25,6.25,6,6.75],"texture":"#0"},"west":{"uv":[5.25,6.25,6,6.75],"texture":"#0"},"east":{"uv":[5.25,6.25,6,6.75],"texture":"#0"}}},{"from":[11,7,15],"to":[12,8,19],"faces":{"down":{"uv":[5.25,6.25,6,6.75],"texture":"#0"},"up":{"uv":[5.25,6.25,6,6.75],"texture":"#0"},"north":{"uv":[5.25,6.25,6,6.75],"texture":"#0"},"south":{"uv":[5.25,6.25,6,6.75],"texture":"#0"},"west":{"uv":[5.25,6.25,6,6.75],"texture":"#0"},"east":{"uv":[5.25,6.25,6,6.75],"texture":"#0"}}},{"from":[11,7,19],"to":[12,19,20],"faces":{"down":{"uv":[5.25,6.25,6,6.75],"texture":"#0"},"up":{"uv":[5.25,6.25,6,6.75],"texture":"#0"},"north":{"uv":[5.25,6.25,6,6.75],"texture":"#0"},"south":{"uv":[5.25,6.25,6,6.75],"texture":"#0"},"west":{"uv":[5.25,6.25,6,6.75],"texture":"#0"},"east":{"uv":[5.25,6.25,6,6.75],"texture":"#0"}}},{"from":[11,18,15],"to":[12,19,19],"faces":{"down":{"uv":[5.25,6.25,6,6.75],"texture":"#0"},"up":{"uv":[5.25,6.25,6,6.75],"texture":"#0"},"north":{"uv":[5.25,6.25,6,6.75],"texture":"#0"},"south":{"uv":[5.25,6.25,6,6.75],"texture":"#0"},"west":{"uv":[5.25,6.25,6,6.75],"texture":"#0"},"east":{"uv":[5.25,6.25,6,6.75],"texture":"#0"}}}],"display":{"thirdperson_righthand":{"scale":[0.0001,0.0001,0.0001]},"thirdperson_lefthand":{"rotation":[70,180,0],"translation":[-6,-11,6.9565],"scale":[0.8,0.8,0.8]},"firstperson_righthand":{"scale":[0.0001,0.0001,0.0001]},"firstperson_lefthand":{"scale":[0.0001,0.0001,0.0001]},"gui":{"rotation":[30,135,0],"translation":[0,-4,0],"scale":[0.55,0.55,0.55]},"head":{"rotation":[0,180,0],"translation":[0.5,-19.5,-28],"scale":[1.25,1.25,1.25]},"ground":{"scale":[0.0001,0.0001,0.0001]},"fixed":{"scale":[0.0001,0.0001,0.0001]}}}