{"textures":{"0":"cosmetics/squirtle_backpag","particle":"cosmetics/squirtle_backpag"},"elements":[{"from":[2,4,6],"to":[13,16,12],"faces":{"down":{"uv":[0,0,3.5,1.5],"texture":"#0"},"up":{"uv":[0,0,3.5,1.5],"texture":"#0"},"north":{"uv":[0,0,3.5,3.75],"texture":"#0"},"south":{"uv":[0,0,11,10],"texture":"#missing"},"west":{"uv":[5.75,0,7.25,3.75],"texture":"#0"},"east":{"uv":[5.75,0,7.25,3.75],"texture":"#0"}}},{"from":[3,5,5],"to":[12,15,6],"faces":{"down":{"uv":[0.25,0,3.25,0.25],"texture":"#0"},"up":{"uv":[0.25,3.25,3.25,3.5],"texture":"#0"},"north":{"uv":[0.25,0.25,3.25,3.5],"texture":"#0"},"south":{"uv":[0,0,9,8],"texture":"#missing"},"west":{"uv":[3.25,0,3.5,3.75],"texture":"#0"},"east":{"uv":[3.25,0,3.5,3.75],"texture":"#0"}}},{"from":[1,3,11],"to":[14,17,13],"faces":{"down":{"uv":[4.25,4,8.25,4.5],"texture":"#0"},"up":{"uv":[4.25,4,8.25,8.25],"texture":"#0"},"north":{"uv":[4.25,4,8.25,8.25],"texture":"#0"},"south":{"uv":[4.25,4,8.25,8.25],"texture":"#0"},"west":{"uv":[7.75,4,8.25,8.25],"texture":"#0"},"east":{"uv":[7.75,4,8.25,8.25],"texture":"#0"}}},{"from":[2,4,13],"to":[13,16,14],"faces":{"down":{"uv":[0.25,7.75,3.75,8],"texture":"#0"},"up":{"uv":[0.25,4.25,3.75,4.5],"texture":"#0"},"north":{"uv":[0,0,9,8],"texture":"#missing"},"south":{"uv":[0.25,4.25,3.75,8],"texture":"#0"},"west":{"uv":[0,4.25,0.5,8],"texture":"#0"},"east":{"uv":[3.5,4.25,3.75,8],"texture":"#0"}}},{"from":[6,2,9],"to":[10,6,13],"faces":{"down":{"uv":[10,1.75,11,2.75],"texture":"#0"},"up":{"uv":[10,1.75,11,2.75],"texture":"#0"},"north":{"uv":[10,1.75,11,2.75],"texture":"#0"},"south":{"uv":[10,1.75,11,2.75],"texture":"#0"},"west":{"uv":[10,1.75,11,2.75],"texture":"#0"},"east":{"uv":[10,1.75,11,2.75],"texture":"#0"}}},{"from":[5,-3.51,10.5],"to":[11,3.49,16.5],"rotation":{"origin":[8,-0.01,13.5],"axis":"x","angle":-22.5},"faces":{"down":{"uv":[10.75,5.75,12.25,7.25],"texture":"#0"},"up":{"uv":[10.75,5.75,12.25,7.25],"texture":"#0","rotation":180},"north":{"uv":[8.75,5.75,10.5,7.25],"texture":"#0"},"south":{"uv":[8.75,5.75,10.5,7.25],"texture":"#0"},"west":{"uv":[10.75,4,12.5,5.5],"texture":"#0","rotation":90},"east":{"uv":[8.75,4,10.5,5.5],"texture":"#0","rotation":270}}},{"from":[3,6,0],"to":[4,7,11],"faces":{"down":{"uv":[11,4.25,11.25,4.5],"texture":"#0"},"up":{"uv":[11,4.25,11.25,4.5],"texture":"#0"},"north":{"uv":[11,4.25,11.25,4.5],"texture":"#0"},"south":{"uv":[11,4.25,11.25,4.5],"texture":"#0"},"west":{"uv":[11,4.25,11.25,4.5],"texture":"#0"},"east":{"uv":[11,4.25,11.25,4.5],"texture":"#0"}}},{"from":[3,14,0],"to":[4,15,11],"faces":{"down":{"uv":[11,4.25,11.25,4.5],"texture":"#0"},"up":{"uv":[11,4.25,11.25,4.5],"texture":"#0"},"north":{"uv":[11,4.25,11.25,4.5],"texture":"#0"},"south":{"uv":[11,4.25,11.25,4.5],"texture":"#0"},"west":{"uv":[11,4.25,11.25,4.5],"texture":"#0"},"east":{"uv":[11,4.25,11.25,4.5],"texture":"#0"}}},{"from":[11,14,0],"to":[12,15,11],"faces":{"down":{"uv":[11,4.25,11.25,4.5],"texture":"#0"},"up":{"uv":[11,4.25,11.25,4.5],"texture":"#0"},"north":{"uv":[11,4.25,11.25,4.5],"texture":"#0"},"south":{"uv":[11,4.25,11.25,4.5],"texture":"#0"},"west":{"uv":[11,4.25,11.25,4.5],"texture":"#0"},"east":{"uv":[11,4.25,11.25,4.5],"texture":"#0"}}},{"from":[11,6,0],"to":[12,7,11],"faces":{"down":{"uv":[11,4.25,11.25,4.5],"texture":"#0"},"up":{"uv":[11,4.25,11.25,4.5],"texture":"#0"},"north":{"uv":[11,4.25,11.25,4.5],"texture":"#0"},"south":{"uv":[11,4.25,11.25,4.5],"texture":"#0"},"west":{"uv":[11,4.25,11.25,4.5],"texture":"#0"},"east":{"uv":[11,4.25,11.25,4.5],"texture":"#0"}}},{"from":[11,7,0],"to":[12,14,1],"faces":{"down":{"uv":[11,4.25,11.25,4.5],"texture":"#0"},"up":{"uv":[11,4.25,11.25,4.5],"texture":"#0"},"north":{"uv":[11,4.25,11.25,4.5],"texture":"#0"},"south":{"uv":[11,4.25,11.25,4.5],"texture":"#0"},"west":{"uv":[11,4.25,11.25,4.5],"texture":"#0"},"east":{"uv":[11,4.25,11.25,4.5],"texture":"#0"}}},{"from":[3,7,0],"to":[4,14,1],"faces":{"down":{"uv":[11,4.25,11.25,4.5],"texture":"#0"},"up":{"uv":[11,4.25,11.25,4.5],"texture":"#0"},"north":{"uv":[11,4.25,11.25,4.5],"texture":"#0"},"south":{"uv":[11,4.25,11.25,4.5],"texture":"#0"},"west":{"uv":[11,4.25,11.25,4.5],"texture":"#0"},"east":{"uv":[11,4.25,11.25,4.5],"texture":"#0"}}}],"display":{"thirdperson_righthand":{"scale":[0.0001,0.0001,0.0001]},"thirdperson_lefthand":{"rotation":[70,0,0],"translation":[-6.45,-7.651,7.6521],"scale":[0.9,0.9,0.9]},"firstperson_righthand":{"scale":[0.0001,0.0001,0.0001]},"firstperson_lefthand":{"scale":[0.0001,0.0001,0.0001]},"gui":{"rotation":[30,135,0],"translation":[0,-0.5,0],"scale":[0.7,0.7,0.7]},"head":{"translation":[0.75,-17,-29],"scale":[1.5,1.5,1.5]},"ground":{"scale":[0.0001,0.0001,0.0001]},"fixed":{"scale":[0.0001,0.0001,0.0001]}}}