{
	"credit": "Made with Blockbench",
	"texture_size": [64, 64],
	"textures": {
		"0": "cosmetics/monocle",
		"particle": "cosmetics/tophat",
		"1_0": "cosmetics/tophat"
	},
	"elements": [
		{
			"from": [9, 4, 5],
			"to": [11, 5, 6],
			"faces": {
				"north": {"uv": [1, 0.75, 1.5, 1], "texture": "#0"},
				"east": {"uv": [0.25, 1.75, 0.5, 2], "texture": "#0"},
				"south": {"uv": [0.25, 1.25, 0.75, 1.5], "texture": "#0"},
				"west": {"uv": [0.5, 1.75, 0.75, 2], "texture": "#0"},
				"up": {"uv": [1, 1.25, 1.5, 1.5], "texture": "#0"},
				"down": {"uv": [0.25, 1.5, 0.75, 1.75], "texture": "#0"}
			}
		},
		{
			"from": [11, 1, 5],
			"to": [12, 4, 6],
			"faces": {
				"north": {"uv": [0.5, 0, 0.75, 0.75], "texture": "#0"},
				"east": {"uv": [0.75, 0.75, 1, 1.5], "texture": "#0"},
				"south": {"uv": [0.75, 0, 1, 0.75], "texture": "#0"},
				"west": {"uv": [0, 1.25, 0.25, 2], "texture": "#0"},
				"up": {"uv": [0.75, 1.75, 1, 2], "texture": "#0"},
				"down": {"uv": [1.75, 1, 2, 1.25], "texture": "#0"}
			}
		},
		{
			"from": [9, 7, 5],
			"to": [11, 8, 6],
			"faces": {
				"north": {"uv": [1, 1, 1.5, 1.25], "texture": "#0"},
				"east": {"uv": [0.25, 1, 0.5, 1.25], "texture": "#0"},
				"south": {"uv": [1, 0, 1.5, 0.25], "texture": "#0"},
				"west": {"uv": [0, 1.75, 0.25, 2], "texture": "#0"},
				"up": {"uv": [1, 0.25, 1.5, 0.5], "texture": "#0"},
				"down": {"uv": [1, 0.5, 1.5, 0.75], "texture": "#0"}
			}
		},
		{
			"from": [11, 5, 5],
			"to": [12, 7, 6],
			"faces": {
				"north": {"uv": [0.5, 0.75, 0.75, 1.25], "texture": "#0"},
				"east": {"uv": [0.75, 1.5, 1, 2], "texture": "#0"},
				"south": {"uv": [1, 1.5, 1.25, 2], "texture": "#0"},
				"west": {"uv": [1.5, 1, 1.75, 1.5], "texture": "#0"},
				"up": {"uv": [1.75, 0.75, 2, 1], "texture": "#0"},
				"down": {"uv": [1.75, 1, 2, 1.25], "texture": "#0"}
			}
		},
		{
			"from": [8, 5, 5],
			"to": [9, 7, 6],
			"faces": {
				"north": {"uv": [1.5, 1.5, 1.75, 2], "texture": "#0"},
				"east": {"uv": [1.5, 0, 1.75, 0.5], "texture": "#0"},
				"south": {"uv": [1.5, 0.5, 1.75, 1], "texture": "#0"},
				"west": {"uv": [1.5, 1, 1.75, 1.5], "texture": "#0"},
				"up": {"uv": [1.75, 1.75, 2, 2], "texture": "#0"},
				"down": {"uv": [1.75, 1, 2, 1.25], "texture": "#0"}
			}
		},
		{
			"from": [9, 5, 5],
			"to": [11, 7, 5],
			"faces": {
				"north": {"uv": [0, 0, 0.5, 0.5], "texture": "#0"},
				"east": {"uv": [0, 0, 0, 0.5], "texture": "#0"},
				"south": {"uv": [0, 0.5, 0.5, 1], "texture": "#0"},
				"west": {"uv": [0, 0, 0, 0.5], "texture": "#0"},
				"up": {"uv": [0, 0, 0.5, 0], "texture": "#0"},
				"down": {"uv": [0, 0, 0.5, 0], "texture": "#0"}
			}
		},
		{
			"from": [4, 11, 4],
			"to": [12, 12, 7],
			"rotation": {"angle": 0, "axis": "y", "origin": [8, 19, 10]},
			"faces": {
				"north": {"uv": [4, 3.5, 6, 3.75], "texture": "#1_0"},
				"east": {"uv": [9, 6, 9.75, 6.25], "texture": "#1_0"},
				"south": {"uv": [4, 3.75, 6, 4], "texture": "#1_0"},
				"west": {"uv": [9.5, 3, 10.25, 3.25], "texture": "#1_0"},
				"up": {"uv": [4, 2.75, 6, 3.5], "texture": "#1_0"},
				"down": {"uv": [8, 0, 10, 0.75], "texture": "#1_0"}
			}
		},
		{
			"from": [4, 11, 13],
			"to": [12, 12, 16],
			"rotation": {"angle": 0, "axis": "y", "origin": [8, 19, 10]},
			"faces": {
				"north": {"uv": [6, 5.5, 8, 5.75], "texture": "#1_0"},
				"east": {"uv": [9.5, 3.25, 10.25, 3.5], "texture": "#1_0"},
				"south": {"uv": [6, 5.75, 8, 6], "texture": "#1_0"},
				"west": {"uv": [9.5, 3.5, 10.25, 3.75], "texture": "#1_0"},
				"up": {"uv": [8, 0.75, 10, 1.5], "texture": "#1_0"},
				"down": {"uv": [8, 1.5, 10, 2.25], "texture": "#1_0"}
			}
		},
		{
			"from": [3, 11, 14],
			"to": [4, 12, 15],
			"rotation": {"angle": 0, "axis": "y", "origin": [8, 19, 10]},
			"faces": {
				"north": {"uv": [9.5, 4.75, 10, 5], "texture": "#1_0"},
				"east": {"uv": [9.5, 5, 10, 5.25], "texture": "#1_0"},
				"south": {"uv": [9.5, 5.25, 10, 5.5], "texture": "#1_0"},
				"west": {"uv": [9.5, 5.5, 10, 5.75], "texture": "#1_0"},
				"up": {"uv": [9, 2.5, 9.5, 3], "texture": "#1_0"},
				"down": {"uv": [9, 3, 9.5, 3.5], "texture": "#1_0"}
			}
		},
		{
			"from": [12, 11, 14],
			"to": [13, 12, 15],
			"rotation": {"angle": 0, "axis": "y", "origin": [8, 19, 10]},
			"faces": {
				"north": {"uv": [9.5, 5.75, 10, 6], "texture": "#1_0"},
				"east": {"uv": [4, 9.75, 4.5, 10], "texture": "#1_0"},
				"south": {"uv": [4.5, 9.75, 5, 10], "texture": "#1_0"},
				"west": {"uv": [5, 9.75, 5.5, 10], "texture": "#1_0"},
				"up": {"uv": [9, 3.5, 9.5, 4], "texture": "#1_0"},
				"down": {"uv": [9, 4, 9.5, 4.5], "texture": "#1_0"}
			}
		},
		{
			"from": [12, 11, 5],
			"to": [13, 12, 6],
			"rotation": {"angle": 0, "axis": "y", "origin": [8, 19, 10]},
			"faces": {
				"north": {"uv": [5.5, 9.75, 6, 10], "texture": "#1_0"},
				"east": {"uv": [9.75, 6, 10.25, 6.25], "texture": "#1_0"},
				"south": {"uv": [4, 10, 4.5, 10.25], "texture": "#1_0"},
				"west": {"uv": [4.5, 10, 5, 10.25], "texture": "#1_0"},
				"up": {"uv": [9, 4.5, 9.5, 5], "texture": "#1_0"},
				"down": {"uv": [9, 5, 9.5, 5.5], "texture": "#1_0"}
			}
		},
		{
			"from": [3, 11, 5],
			"to": [4, 12, 6],
			"rotation": {"angle": 0, "axis": "y", "origin": [8, 19, 10]},
			"faces": {
				"north": {"uv": [5, 10, 5.5, 10.25], "texture": "#1_0"},
				"east": {"uv": [5.5, 10, 6, 10.25], "texture": "#1_0"},
				"south": {"uv": [8, 10, 8.5, 10.25], "texture": "#1_0"},
				"west": {"uv": [8.5, 10, 9, 10.25], "texture": "#1_0"},
				"up": {"uv": [9, 5.5, 9.5, 6], "texture": "#1_0"},
				"down": {"uv": [9.5, 2.5, 10, 3], "texture": "#1_0"}
			}
		},
		{
			"from": [4, 12, 7],
			"to": [5, 19, 13],
			"rotation": {"angle": 0, "axis": "y", "origin": [8, 19, 10]},
			"faces": {
				"north": {"uv": [1.5, 8.75, 1.75, 11.5], "texture": "#1_0"},
				"east": {"uv": [4, 0, 6, 2.75], "texture": "#1_0"},
				"south": {"uv": [1.75, 8.75, 2, 11.5], "texture": "#1_0"},
				"west": {"uv": [2, 5, 4, 7.75], "texture": "#1_0"},
				"up": {"uv": [7.5, 8.75, 7.75, 10.75], "texture": "#1_0"},
				"down": {"uv": [7.75, 8.75, 8, 10.75], "texture": "#1_0"}
			}
		},
		{
			"from": [11, 12, 7],
			"to": [12, 19, 13],
			"rotation": {"angle": 0, "axis": "y", "origin": [8, 19, 10]},
			"faces": {
				"north": {"uv": [6, 8.75, 6.25, 11.5], "texture": "#1_0"},
				"east": {"uv": [0, 6, 2, 8.75], "texture": "#1_0"},
				"south": {"uv": [6.25, 8.75, 6.5, 11.5], "texture": "#1_0"},
				"west": {"uv": [6, 6, 8, 8.75], "texture": "#1_0"},
				"up": {"uv": [8.75, 2.25, 9, 4.25], "texture": "#1_0"},
				"down": {"uv": [8.75, 4.25, 9, 6.25], "texture": "#1_0"}
			}
		},
		{
			"from": [5, 12, 13],
			"to": [11, 19, 14],
			"rotation": {"angle": 0, "axis": "y", "origin": [8, 19, 10]},
			"faces": {
				"north": {"uv": [6, 0, 8, 2.75], "texture": "#1_0"},
				"east": {"uv": [6.5, 8.75, 6.75, 11.5], "texture": "#1_0"},
				"south": {"uv": [6, 2.75, 8, 5.5], "texture": "#1_0"},
				"west": {"uv": [6.75, 8.75, 7, 11.5], "texture": "#1_0"},
				"up": {"uv": [8, 7.25, 10, 7.5], "texture": "#1_0"},
				"down": {"uv": [8, 7.5, 10, 7.75], "texture": "#1_0"}
			}
		},
		{
			"from": [5, 12, 6],
			"to": [11, 19, 7],
			"rotation": {"angle": 0, "axis": "y", "origin": [8, 19, 10]},
			"faces": {
				"north": {"uv": [4, 7, 6, 9.75], "texture": "#1_0"},
				"east": {"uv": [7, 8.75, 7.25, 11.5], "texture": "#1_0"},
				"south": {"uv": [2, 7.75, 4, 10.5], "texture": "#1_0"},
				"west": {"uv": [7.25, 8.75, 7.5, 11.5], "texture": "#1_0"},
				"up": {"uv": [8, 7.75, 10, 8], "texture": "#1_0"},
				"down": {"uv": [9, 2.25, 11, 2.5], "texture": "#1_0"}
			}
		},
		{
			"from": [5, 11, 7],
			"to": [11, 19, 13],
			"rotation": {"angle": 0, "axis": "y", "origin": [8, 19, 10]},
			"faces": {
				"north": {"uv": [0, 0, 2, 3], "texture": "#1_0"},
				"east": {"uv": [2, 2, 4, 5], "texture": "#1_0"},
				"south": {"uv": [0, 3, 2, 6], "texture": "#1_0"},
				"west": {"uv": [4, 4, 6, 7], "texture": "#1_0"},
				"up": {"uv": [2, 0, 4, 2], "texture": "#1_0"},
				"down": {"uv": [8, 8, 10, 10], "texture": "#1_0"}
			}
		},
		{
			"from": [2, 11, 6],
			"to": [5, 12, 14],
			"rotation": {"angle": 0, "axis": "y", "origin": [8, 19, 10]},
			"faces": {
				"north": {"uv": [9.5, 3.75, 10.25, 4], "texture": "#1_0"},
				"east": {"uv": [8, 6.25, 10, 6.5], "texture": "#1_0"},
				"south": {"uv": [9.5, 4, 10.25, 4.25], "texture": "#1_0"},
				"west": {"uv": [8, 6.5, 10, 6.75], "texture": "#1_0"},
				"up": {"uv": [8, 2.25, 8.75, 4.25], "texture": "#1_0"},
				"down": {"uv": [8, 4.25, 8.75, 6.25], "texture": "#1_0"}
			}
		},
		{
			"from": [11, 11, 6],
			"to": [14, 12, 14],
			"rotation": {"angle": 0, "axis": "y", "origin": [8, 19, 10]},
			"faces": {
				"north": {"uv": [9.5, 4.25, 10.25, 4.5], "texture": "#1_0"},
				"east": {"uv": [8, 6.75, 10, 7], "texture": "#1_0"},
				"south": {"uv": [9.5, 4.5, 10.25, 4.75], "texture": "#1_0"},
				"west": {"uv": [8, 7, 10, 7.25], "texture": "#1_0"},
				"up": {"uv": [0, 8.75, 0.75, 10.75], "texture": "#1_0"},
				"down": {"uv": [0.75, 8.75, 1.5, 10.75], "texture": "#1_0"}
			}
		}
	],
	"display": {
		"head": {
			"translation": [0, 1.25, -3.5],
			"scale": [1.62695, 1.42578, 1.42578]
		}
	},
	"groups": [0, 1, 2, 3, 4, 5,
		{
			"name": "tophat",
			"origin": [8, 8, 8],
			"children": [6, 7, 8, 9, 10, 11, 12, 13, 14, 15, 16, 17, 18]
		}
	]
}