{"textures":{"0":"modelengine:entity/forzen_element_pet_skill2_vfx"},"elements":[{"from":[-5.714287,-5.714287,8.0],"to":[21.714287,21.714287,8.0],"rotation":{"angle":-45.0,"axis":"y","origin":[8.0,8.0,8.0]},"faces":{"east":{"uv":[0.0,0.0,0.0,1.7777778],"rotation":0,"texture":"#0","tintindex":0},"south":{"uv":[0.0,5.3333335,1.7777778,7.111111],"rotation":0,"texture":"#0","tintindex":0},"north":{"uv":[3.5555556,3.5555556,5.3333335,5.3333335],"rotation":0,"texture":"#0","tintindex":0},"west":{"uv":[0.0,0.0,0.0,1.7777778],"rotation":0,"texture":"#0","tintindex":0},"up":{"uv":[1.7777778,0.0,0.0,0.0],"rotation":0,"texture":"#0","tintindex":0},"down":{"uv":[1.7777778,0.0,0.0,0.0],"rotation":0,"texture":"#0","tintindex":0}}},{"from":[8.0,-5.714287,-5.714287],"to":[8.0,21.714287,21.714287],"rotation":{"angle":-45.0,"axis":"y","origin":[8.0,8.0,8.0]},"faces":{"east":{"uv":[5.3333335,0.0,7.111111,1.7777778],"rotation":0,"texture":"#0","tintindex":0},"south":{"uv":[0.0,0.0,0.0,1.7777778],"rotation":0,"texture":"#0","tintindex":0},"north":{"uv":[0.0,0.0,0.0,1.7777778],"rotation":0,"texture":"#0","tintindex":0},"west":{"uv":[1.7777778,5.3333335,3.5555556,7.111111],"rotation":0,"texture":"#0","tintindex":0},"up":{"uv":[0.0,1.7777778,0.0,0.0],"rotation":0,"texture":"#0","tintindex":0},"down":{"uv":[0.0,0.0,0.0,1.7777778],"rotation":0,"texture":"#0","tintindex":0}}}],"display":{"head":{"translation":[0.0,-6.4,0.0],"scale":[4.0,4.0,4.0]}}}