{"textures":{"0":"bil:item/filament/model/charizard_wings.ajmodel/charizard_wings","particle":"bil:item/filament/model/charizard_wings.ajmodel/charizard_wings"},"elements":[{"from":[15.695068,4.7713003,13.77313],"to":[24.304934,16.609867,13.77313],"faces":{"up":{"texture":"#0","tintindex":0,"uv":[2.0,0.0,0.0,0.0]},"west":{"texture":"#0","tintindex":0,"uv":[2.0,0.0,2.0,5.5]},"east":{"texture":"#0","tintindex":0,"uv":[0.0,0.0,0.0,5.5]},"south":{"texture":"#0","tintindex":0,"uv":[2.0,0.0,4.0,5.5]},"down":{"texture":"#0","tintindex":0,"uv":[4.0,0.0,2.0,0.0]},"north":{"texture":"#0","tintindex":0,"uv":[0.0,0.0,2.0,5.5]}},"rotation":{"axis":"y","angle":0.0,"origin":[16.07175,13.381166,13.919283]}},{"from":[12.84305,5.847533,10.152467],"to":[17.6861,18.762333,10.152467],"faces":{"up":{"texture":"#0","tintindex":0,"uv":[5.125,0.0,4.0,0.0]},"west":{"texture":"#0","tintindex":0,"uv":[5.125,0.0,5.125,6.0]},"east":{"texture":"#0","tintindex":0,"uv":[4.0,0.0,4.0,6.0]},"south":{"texture":"#0","tintindex":0,"uv":[5.125,0.0,6.25,6.0]},"down":{"texture":"#0","tintindex":0,"uv":[6.25,0.0,5.125,0.0]},"north":{"texture":"#0","tintindex":0,"uv":[4.0,0.0,5.125,6.0]}},"rotation":{"axis":"y","angle":-45.0,"origin":[12.304934,-0.60986614,9.614349]}},{"from":[6.9237666,5.847533,10.152467],"to":[11.766816,18.762333,10.152467],"faces":{"up":{"texture":"#0","tintindex":0,"uv":[9.5,0.0,10.625,0.0]},"west":{"texture":"#0","tintindex":0,"uv":[9.5,0.0,9.5,6.0]},"east":{"texture":"#0","tintindex":0,"uv":[10.625,0.0,10.625,6.0]},"south":{"texture":"#0","tintindex":0,"uv":[11.75,0.0,10.625,6.0]},"down":{"texture":"#0","tintindex":0,"uv":[10.625,0.0,11.75,0.0]},"north":{"texture":"#0","tintindex":0,"uv":[10.625,0.0,9.5,6.0]}},"rotation":{"axis":"y","angle":45.0,"origin":[12.304934,-0.60986614,9.614349]}},{"from":[0.3049326,4.7713003,13.773115],"to":[8.914798,16.609867,13.773115],"faces":{"up":{"texture":"#0","tintindex":0,"uv":[11.75,0.0,13.75,0.0]},"west":{"texture":"#0","tintindex":0,"uv":[11.75,0.0,11.75,5.5]},"east":{"texture":"#0","tintindex":0,"uv":[13.75,0.0,13.75,5.5]},"south":{"texture":"#0","tintindex":0,"uv":[15.75,0.0,13.75,5.5]},"down":{"texture":"#0","tintindex":0,"uv":[13.75,0.0,15.75,0.0]},"north":{"texture":"#0","tintindex":0,"uv":[13.75,0.0,11.75,5.5]}},"rotation":{"axis":"y","angle":0.0,"origin":[8.914798,13.381166,13.919283]}}],"display":{"head":{"rotation":[0.0,180.0,0.0]}}}