{"textures":{"0":"modelengine:entity/nocsy_drakonin_baby4"},"elements":[{"from":[6.5714283,7.640972,6.392003],"to":[9.428572,10.498116,9.249146],"rotation":{"angle":0.0,"axis":"y","origin":[8.302857,8.898342,7.846291]},"faces":{"east":{"uv":[6.25,5.875,6.875,6.5],"rotation":0,"texture":"#0","tintindex":0},"south":{"uv":[0.0,6.375,0.625,7.0],"rotation":0,"texture":"#0","tintindex":0},"north":{"uv":[6.25,3.0,6.875,3.625],"rotation":0,"texture":"#0","tintindex":0},"west":{"uv":[0.75,6.375,1.375,7.0],"rotation":0,"texture":"#0","tintindex":0},"up":{"uv":[2.125,7.0,1.5,6.375],"rotation":0,"texture":"#0","tintindex":0},"down":{"uv":[2.875,6.625,2.25,7.25],"rotation":0,"texture":"#0","tintindex":0}}},{"from":[6.0,7.298115,6.2205744],"to":[7.714286,11.869544,6.2205744],"rotation":{"angle":0.0,"axis":"y","origin":[7.1257143,9.126913,8.246291]},"faces":{"east":{"uv":[1.75,10.625,1.75,11.625],"rotation":0,"texture":"#0","tintindex":0},"south":{"uv":[5.125,6.75,4.75,7.75],"rotation":0,"texture":"#0","tintindex":0},"north":{"uv":[4.75,6.75,5.125,7.75],"rotation":0,"texture":"#0","tintindex":0},"west":{"uv":[6.375,10.625,6.375,11.625],"rotation":0,"texture":"#0","tintindex":0},"up":{"uv":[7.5,10.625,7.125,10.625],"rotation":0,"texture":"#0","tintindex":0},"down":{"uv":[8.0,10.625,7.625,10.625],"rotation":0,"texture":"#0","tintindex":0}}},{"from":[4.536765,7.298115,6.826666],"to":[6.2510514,11.869544,6.826666],"rotation":{"angle":45.0,"axis":"y","origin":[5.3939085,10.440972,6.826666]},"faces":{"east":{"uv":[6.5,10.625,6.5,11.625],"rotation":0,"texture":"#0","tintindex":0},"south":{"uv":[6.125,6.75,5.75,7.75],"rotation":0,"texture":"#0","tintindex":0},"north":{"uv":[5.75,6.75,6.125,7.75],"rotation":0,"texture":"#0","tintindex":0},"west":{"uv":[6.625,10.625,6.625,11.625],"rotation":0,"texture":"#0","tintindex":0},"up":{"uv":[9.125,10.625,8.75,10.625],"rotation":0,"texture":"#0","tintindex":0},"down":{"uv":[11.0,10.125,10.625,10.125],"rotation":0,"texture":"#0","tintindex":0}}},{"from":[8.285714,7.298115,6.2205744],"to":[10.0,11.869544,6.2205744],"rotation":{"angle":0.0,"axis":"y","origin":[8.874286,9.126913,8.246291]},"faces":{"east":{"uv":[6.375,10.625,6.375,11.625],"rotation":0,"texture":"#0","tintindex":0},"south":{"uv":[4.75,6.75,5.125,7.75],"rotation":0,"texture":"#0","tintindex":0},"north":{"uv":[5.125,6.75,4.75,7.75],"rotation":0,"texture":"#0","tintindex":0},"west":{"uv":[1.75,10.625,1.75,11.625],"rotation":0,"texture":"#0","tintindex":0},"up":{"uv":[7.125,10.625,7.5,10.625],"rotation":0,"texture":"#0","tintindex":0},"down":{"uv":[7.625,10.625,8.0,10.625],"rotation":0,"texture":"#0","tintindex":0}}},{"from":[9.748949,7.298115,6.826666],"to":[11.463235,11.869544,6.826666],"rotation":{"angle":-45.0,"axis":"y","origin":[10.6060915,10.440972,6.826666]},"faces":{"east":{"uv":[6.625,10.625,6.625,11.625],"rotation":0,"texture":"#0","tintindex":0},"south":{"uv":[5.75,6.75,6.125,7.75],"rotation":0,"texture":"#0","tintindex":0},"north":{"uv":[6.125,6.75,5.75,7.75],"rotation":0,"texture":"#0","tintindex":0},"west":{"uv":[6.5,10.625,6.5,11.625],"rotation":0,"texture":"#0","tintindex":0},"up":{"uv":[8.75,10.625,9.125,10.625],"rotation":0,"texture":"#0","tintindex":0},"down":{"uv":[10.625,10.125,11.0,10.125],"rotation":0,"texture":"#0","tintindex":0}}},{"from":[6.5714283,11.044278,6.2834783],"to":[9.428572,11.044278,7.997764],"rotation":{"angle":-22.5,"axis":"x","origin":[8.0,11.044278,7.71205]},"faces":{"east":{"uv":[10.625,10.375,11.0,10.375],"rotation":0,"texture":"#0","tintindex":0},"south":{"uv":[10.625,10.5,11.25,10.5],"rotation":0,"texture":"#0","tintindex":0},"north":{"uv":[10.625,10.25,11.25,10.25],"rotation":0,"texture":"#0","tintindex":0},"west":{"uv":[10.625,10.625,11.0,10.625],"rotation":0,"texture":"#0","tintindex":0},"up":{"uv":[8.0,5.375,7.375,5.0],"rotation":0,"texture":"#0","tintindex":0},"down":{"uv":[8.0,5.0,7.375,5.375],"rotation":0,"texture":"#0","tintindex":0}}},{"from":[6.5714283,10.139887,7.355547],"to":[9.428572,10.139887,9.069833],"rotation":{"angle":-45.0,"axis":"x","origin":[8.0,10.825602,7.1841187]},"faces":{"east":{"uv":[10.75,0.875,11.125,0.875],"rotation":0,"texture":"#0","tintindex":0},"south":{"uv":[10.75,1.0,11.375,1.0],"rotation":0,"texture":"#0","tintindex":0},"north":{"uv":[10.75,0.75,11.375,0.75],"rotation":0,"texture":"#0","tintindex":0},"west":{"uv":[10.75,1.125,11.125,1.125],"rotation":0,"texture":"#0","tintindex":0},"up":{"uv":[0.625,8.125,0.0,7.75],"rotation":0,"texture":"#0","tintindex":0},"down":{"uv":[0.625,7.75,0.0,8.125],"rotation":0,"texture":"#0","tintindex":0}}},{"from":[5.9159946,4.9173107,6.392003],"to":[5.9159946,7.203025,9.249146],"rotation":{"angle":-22.5,"axis":"z","origin":[7.344566,5.774453,7.8205748]},"faces":{"east":{"uv":[7.0,0.0,7.625,0.5],"rotation":0,"texture":"#0","tintindex":0},"south":{"uv":[8.125,10.625,8.125,11.125],"rotation":0,"texture":"#0","tintindex":0},"north":{"uv":[4.625,6.875,4.625,7.375],"rotation":0,"texture":"#0","tintindex":0},"west":{"uv":[7.0,0.625,7.625,1.125],"rotation":0,"texture":"#0","tintindex":0},"up":{"uv":[8.25,11.25,8.25,10.625],"rotation":0,"texture":"#0","tintindex":0},"down":{"uv":[9.25,10.625,9.25,11.25],"rotation":0,"texture":"#0","tintindex":0}}},{"from":[10.084005,4.9173107,6.392003],"to":[10.084005,7.203025,9.249146],"rotation":{"angle":22.5,"axis":"z","origin":[8.655434,5.774453,7.8205748]},"faces":{"east":{"uv":[7.0,1.25,7.625,1.75],"rotation":0,"texture":"#0","tintindex":0},"south":{"uv":[0.375,10.75,0.375,11.25],"rotation":0,"texture":"#0","tintindex":0},"north":{"uv":[9.375,10.625,9.375,11.125],"rotation":0,"texture":"#0","tintindex":0},"west":{"uv":[7.0,1.875,7.625,2.375],"rotation":0,"texture":"#0","tintindex":0},"up":{"uv":[0.5,11.375,0.5,10.75],"rotation":0,"texture":"#0","tintindex":0},"down":{"uv":[0.625,10.75,0.625,11.375],"rotation":0,"texture":"#0","tintindex":0}}},{"from":[6.5294285,8.040972,6.3040032],"to":[6.5294285,10.098115,6.875432],"rotation":{"angle":0.0,"axis":"y","origin":[8.0,9.012628,7.846291]},"faces":{"east":{"uv":[0.0,10.5,0.125,11.0],"rotation":0,"texture":"#0","tintindex":0},"south":{"uv":[2.0,10.75,2.0,11.25],"rotation":0,"texture":"#0","tintindex":0},"north":{"uv":[1.875,10.75,1.875,11.25],"rotation":0,"texture":"#0","tintindex":0},"west":{"uv":[2.75,10.5,2.875,11.0],"rotation":0,"texture":"#0","tintindex":0},"up":{"uv":[2.125,7.25,2.125,7.125],"rotation":0,"texture":"#0","tintindex":0},"down":{"uv":[7.25,4.375,7.25,4.5],"rotation":0,"texture":"#0","tintindex":0}}},{"from":[6.8145714,8.269544,6.2468605],"to":[7.443143,9.412401,6.2468605],"rotation":{"angle":0.0,"axis":"y","origin":[6.0936537,9.012628,7.6702304]},"faces":{"east":{"uv":[9.75,4.75,9.75,5.0],"rotation":0,"texture":"#0","tintindex":0},"south":{"uv":[10.625,2.375,10.75,2.625],"rotation":0,"texture":"#0","tintindex":0},"north":{"uv":[10.75,2.375,10.625,2.625],"rotation":0,"texture":"#0","tintindex":0},"west":{"uv":[4.0,9.875,4.0,10.125],"rotation":0,"texture":"#0","tintindex":0},"up":{"uv":[6.125,5.875,6.0,5.875],"rotation":0,"texture":"#0","tintindex":0},"down":{"uv":[9.0,8.0,8.875,8.0],"rotation":0,"texture":"#0","tintindex":0}}},{"from":[8.556857,8.269544,6.2468605],"to":[9.185429,9.412401,6.2468605],"rotation":{"angle":0.0,"axis":"y","origin":[9.906346,9.012628,7.6702304]},"faces":{"east":{"uv":[4.0,9.875,4.0,10.125],"rotation":0,"texture":"#0","tintindex":0},"south":{"uv":[10.75,2.375,10.625,2.625],"rotation":0,"texture":"#0","tintindex":0},"north":{"uv":[10.625,2.375,10.75,2.625],"rotation":0,"texture":"#0","tintindex":0},"west":{"uv":[9.75,4.75,9.75,5.0],"rotation":0,"texture":"#0","tintindex":0},"up":{"uv":[6.0,5.875,6.125,5.875],"rotation":0,"texture":"#0","tintindex":0},"down":{"uv":[8.875,8.0,9.0,8.0],"rotation":0,"texture":"#0","tintindex":0}}},{"from":[6.528857,8.040972,6.3040032],"to":[8.014571,10.098115,6.3040032],"rotation":{"angle":0.0,"axis":"y","origin":[6.4365106,9.012628,7.6702304]},"faces":{"east":{"uv":[2.125,10.75,2.125,11.25],"rotation":0,"texture":"#0","tintindex":0},"south":{"uv":[0.0,8.25,0.375,8.75],"rotation":0,"texture":"#0","tintindex":0},"north":{"uv":[7.75,8.125,8.125,8.625],"rotation":0,"texture":"#0","tintindex":0},"west":{"uv":[4.0,10.75,4.0,11.25],"rotation":0,"texture":"#0","tintindex":0},"up":{"uv":[11.125,1.25,10.75,1.25],"rotation":0,"texture":"#0","tintindex":0},"down":{"uv":[4.5,10.75,4.125,10.75],"rotation":0,"texture":"#0","tintindex":0}}},{"from":[6.928857,9.169543,6.2325745],"to":[7.1002855,9.340972,6.2325745],"rotation":{"angle":0.0,"axis":"y","origin":[6.0936537,9.012628,7.6702304]},"faces":{"east":{"uv":[7.25,4.625,7.25,4.75],"rotation":0,"texture":"#0","tintindex":0},"south":{"uv":[3.125,8.5,3.25,8.625],"rotation":0,"texture":"#0","tintindex":0},"north":{"uv":[0.5,8.25,0.625,8.375],"rotation":0,"texture":"#0","tintindex":0},"west":{"uv":[1.75,7.75,1.75,7.875],"rotation":0,"texture":"#0","tintindex":0},"up":{"uv":[9.375,5.75,9.25,5.75],"rotation":0,"texture":"#0","tintindex":0},"down":{"uv":[6.75,9.25,6.625,9.25],"rotation":0,"texture":"#0","tintindex":0}}},{"from":[8.871143,9.169543,6.2325745],"to":[9.042572,9.340972,6.2325745],"rotation":{"angle":0.0,"axis":"y","origin":[9.906346,9.012628,7.6702304]},"faces":{"east":{"uv":[7.875,7.375,7.875,7.5],"rotation":0,"texture":"#0","tintindex":0},"south":{"uv":[4.125,9.0,4.25,9.125],"rotation":0,"texture":"#0","tintindex":0},"north":{"uv":[3.625,8.75,3.75,8.875],"rotation":0,"texture":"#0","tintindex":0},"west":{"uv":[8.0,4.75,8.0,4.875],"rotation":0,"texture":"#0","tintindex":0},"up":{"uv":[9.375,7.125,9.25,7.125],"rotation":0,"texture":"#0","tintindex":0},"down":{"uv":[9.5,1.5,9.375,1.5],"rotation":0,"texture":"#0","tintindex":0}}},{"from":[7.985429,8.040972,6.3040032],"to":[9.471143,10.098115,6.3040032],"rotation":{"angle":0.0,"axis":"y","origin":[9.56349,9.012628,7.6702304]},"faces":{"east":{"uv":[5.5,10.75,5.5,11.25],"rotation":0,"texture":"#0","tintindex":0},"south":{"uv":[3.875,8.375,4.25,8.875],"rotation":0,"texture":"#0","tintindex":0},"north":{"uv":[8.25,8.125,8.625,8.625],"rotation":0,"texture":"#0","tintindex":0},"west":{"uv":[5.625,10.75,5.625,11.25],"rotation":0,"texture":"#0","tintindex":0},"up":{"uv":[7.5,10.75,7.125,10.75],"rotation":0,"texture":"#0","tintindex":0},"down":{"uv":[8.0,10.75,7.625,10.75],"rotation":0,"texture":"#0","tintindex":0}}},{"from":[9.4705715,8.040972,6.3040032],"to":[9.4705715,10.098115,6.875432],"rotation":{"angle":0.0,"axis":"y","origin":[8.0,9.012628,7.846291]},"faces":{"east":{"uv":[3.0,10.5,3.125,11.0],"rotation":0,"texture":"#0","tintindex":0},"south":{"uv":[5.875,10.75,5.875,11.25],"rotation":0,"texture":"#0","tintindex":0},"north":{"uv":[5.75,10.75,5.75,11.25],"rotation":0,"texture":"#0","tintindex":0},"west":{"uv":[3.25,10.5,3.375,11.0],"rotation":0,"texture":"#0","tintindex":0},"up":{"uv":[3.875,8.25,3.875,8.125],"rotation":0,"texture":"#0","tintindex":0},"down":{"uv":[6.125,9.0,6.125,9.125],"rotation":0,"texture":"#0","tintindex":0}}},{"from":[7.2,8.158391,5.515012],"to":[8.8,9.186963,6.543584],"rotation":{"angle":-22.5,"axis":"x","origin":[8.0,8.844106,5.9150124]},"faces":{"east":{"uv":[10.5,7.75,10.75,8.0],"rotation":0,"texture":"#0","tintindex":0},"south":{"uv":[10.0,8.625,10.375,8.875],"rotation":0,"texture":"#0","tintindex":0},"north":{"uv":[8.25,10.0,8.625,10.25],"rotation":0,"texture":"#0","tintindex":0},"west":{"uv":[10.5,8.625,10.75,8.875],"rotation":0,"texture":"#0","tintindex":0},"up":{"uv":[10.375,9.25,10.0,9.0],"rotation":0,"texture":"#0","tintindex":0},"down":{"uv":[10.375,9.375,10.0,9.625],"rotation":0,"texture":"#0","tintindex":0}}},{"from":[7.1857142,8.506555,5.2216005],"to":[7.1857142,8.849412,5.564458],"rotation":{"angle":22.5,"axis":"x","origin":[8.0,8.849412,6.135886]},"faces":{"east":{"uv":[10.5,9.0,10.75,9.25],"rotation":0,"texture":"#0","tintindex":0},"south":{"uv":[10.125,0.375,10.5,0.625],"rotation":0,"texture":"#0","tintindex":0},"north":{"uv":[11.0,9.75,11.0,9.875],"rotation":0,"texture":"#0","tintindex":0},"west":{"uv":[11.0,9.375,11.125,9.5],"rotation":0,"texture":"#0","tintindex":0},"up":{"uv":[10.5,2.375,10.125,2.125],"rotation":0,"texture":"#0","tintindex":0},"down":{"uv":[10.5,2.5,10.125,2.75],"rotation":0,"texture":"#0","tintindex":0}}},{"from":[8.814285,8.506555,5.2216005],"to":[8.814285,8.849412,5.564458],"rotation":{"angle":22.5,"axis":"x","origin":[8.0,8.849412,6.135886]},"faces":{"east":{"uv":[11.125,9.375,11.0,9.5],"rotation":0,"texture":"#0","tintindex":0},"south":{"uv":[10.5,0.375,10.125,0.625],"rotation":0,"texture":"#0","tintindex":0},"north":{"uv":[11.0,9.75,11.0,9.875],"rotation":0,"texture":"#0","tintindex":0},"west":{"uv":[10.75,9.0,10.5,9.25],"rotation":0,"texture":"#0","tintindex":0},"up":{"uv":[10.125,2.375,10.5,2.125],"rotation":0,"texture":"#0","tintindex":0},"down":{"uv":[10.125,2.5,10.5,2.75],"rotation":0,"texture":"#0","tintindex":0}}},{"from":[7.194286,7.9294114,5.1016006],"to":[8.805715,8.969412,6.1416006],"rotation":{"angle":22.5,"axis":"x","origin":[8.0,8.849412,6.135886]},"faces":{"east":{"uv":[10.5,9.0,10.75,9.25],"rotation":0,"texture":"#0","tintindex":0},"south":{"uv":[10.125,0.375,10.5,0.625],"rotation":0,"texture":"#0","tintindex":0},"north":{"uv":[10.0,9.75,10.375,10.0],"rotation":0,"texture":"#0","tintindex":0},"west":{"uv":[10.5,9.375,10.75,9.625],"rotation":0,"texture":"#0","tintindex":0},"up":{"uv":[10.5,2.375,10.125,2.125],"rotation":0,"texture":"#0","tintindex":0},"down":{"uv":[10.5,2.5,10.125,2.75],"rotation":0,"texture":"#0","tintindex":0}}},{"from":[8.721108,6.08796,4.967471],"to":[8.721108,7.8022456,6.681757],"rotation":{"angle":45.0,"axis":"x","origin":[8.0,8.030817,6.624614]},"faces":{"east":{"uv":[4.125,9.25,4.5,9.625],"rotation":0,"texture":"#0","tintindex":0},"south":{"uv":[2.625,10.875,2.625,11.25],"rotation":0,"texture":"#0","tintindex":0},"north":{"uv":[2.5,10.875,2.5,11.25],"rotation":0,"texture":"#0","tintindex":0},"west":{"uv":[4.625,9.25,5.0,9.625],"rotation":0,"texture":"#0","tintindex":0},"up":{"uv":[3.5,11.25,3.5,10.875],"rotation":0,"texture":"#0","tintindex":0},"down":{"uv":[3.625,10.875,3.625,11.25],"rotation":0,"texture":"#0","tintindex":0}}},{"from":[7.2788916,6.08796,4.967471],"to":[7.2788916,7.8022456,6.681757],"rotation":{"angle":45.0,"axis":"x","origin":[8.0,8.030817,6.624614]},"faces":{"east":{"uv":[9.25,4.75,9.625,5.125],"rotation":0,"texture":"#0","tintindex":0},"south":{"uv":[4.125,10.875,4.125,11.25],"rotation":0,"texture":"#0","tintindex":0},"north":{"uv":[3.75,10.875,3.75,11.25],"rotation":0,"texture":"#0","tintindex":0},"west":{"uv":[6.125,9.25,6.5,9.625],"rotation":0,"texture":"#0","tintindex":0},"up":{"uv":[4.25,11.25,4.25,10.875],"rotation":0,"texture":"#0","tintindex":0},"down":{"uv":[4.375,10.875,4.375,11.25],"rotation":0,"texture":"#0","tintindex":0}}},{"from":[7.428571,7.629334,5.2898445],"to":[8.571428,8.772191,7.0041304],"rotation":{"angle":0.0,"axis":"y","origin":[7.5942855,8.046704,6.193275]},"faces":{"east":{"uv":[10.125,2.875,10.5,3.125],"rotation":0,"texture":"#0","tintindex":0},"south":{"uv":[10.5,9.75,10.75,10.0],"rotation":0,"texture":"#0","tintindex":0},"north":{"uv":[9.5,10.5,9.75,10.75],"rotation":0,"texture":"#0","tintindex":0},"west":{"uv":[10.125,3.25,10.5,3.5],"rotation":0,"texture":"#0","tintindex":0},"up":{"uv":[1.75,10.5,1.5,10.125],"rotation":0,"texture":"#0","tintindex":0},"down":{"uv":[5.875,10.125,5.625,10.5],"rotation":0,"texture":"#0","tintindex":0}}}],"display":{"head":{"translation":[0.0,-6.4,0.0],"scale":[4.0,4.0,4.0]}}}