{"credit":"Made with Blockbench","texture_size":[64,64],"textures":{"0":"itemskin:item/abyssion_sword_shiny","particle":"itemskin:item/abyssion_sword_shiny"},"elements":[{"from":[7,0.5,3.18459],"to":[9,2.5,13.18459],"rotation":{"angle":0,"axis":"y","origin":[8,3.123,8]},"faces":{"north":{"uv":[8.5,5.25,9,5.75],"texture":"#0"},"east":{"uv":[6.5,0,9,0.5],"texture":"#0"},"south":{"uv":[8.5,4.5,9,5],"texture":"#0"},"west":{"uv":[6.5,0.75,9,1.25],"texture":"#0"},"up":{"uv":[9,2,6.5,1.5],"rotation":90,"texture":"#0"},"down":{"uv":[9,2.25,6.5,2.75],"rotation":270,"texture":"#0"}}},{"from":[7.4875,2.5,7.68459],"to":[8.5125,5.5,10.68459],"rotation":{"angle":0,"axis":"y","origin":[8,3.123,8]},"faces":{"north":{"uv":[7.5,8.5,7.75,9.25],"texture":"#0"},"east":{"uv":[7,7.5,7.75,8.25],"texture":"#0"},"south":{"uv":[5,8.5,5.25,9.25],"texture":"#0"},"west":{"uv":[0,8,0.75,8.75],"texture":"#0"},"up":{"uv":[9.25,8,8.5,7.75],"rotation":90,"texture":"#0"},"down":{"uv":[8.75,8.5,8,8.75],"rotation":270,"texture":"#0"}}},{"from":[7.5,3.09327,9.5685],"to":[8.5,8.09327,12.5685],"rotation":{"angle":22.5,"axis":"x","origin":[8,3.123,8]},"faces":{"north":{"uv":[3.5,8.5,3.75,9.75],"texture":"#0"},"east":{"uv":[7.5,3,8.25,4.25],"texture":"#0"},"south":{"uv":[8.5,3,8.75,4.25],"texture":"#0"},"west":{"uv":[7.5,4.5,8.25,5.75],"texture":"#0"},"up":{"uv":[9.75,3.75,9,3.5],"rotation":90,"texture":"#0"},"down":{"uv":[9.75,4,9,4.25],"rotation":270,"texture":"#0"}}},{"from":[7.5125,3.44999,12.6665],"to":[8.4875,6.44999,14.6665],"rotation":{"angle":-22.5,"axis":"x","origin":[8,3.123,8]},"faces":{"north":{"uv":[8,9,8.25,9.75],"texture":"#0"},"east":{"uv":[5.5,8,6,8.75],"texture":"#0"},"south":{"uv":[5.5,9,5.75,9.75],"texture":"#0"},"west":{"uv":[8,6,8.5,6.75],"texture":"#0"},"up":{"uv":[10,9,9.5,8.75],"rotation":90,"texture":"#0"},"down":{"uv":[9.75,9.5,9.25,9.75],"rotation":270,"texture":"#0"}}},{"from":[7.5,6.44999,13.6665],"to":[8.5,8.44999,14.6665],"rotation":{"angle":-22.5,"axis":"x","origin":[8,3.123,8]},"faces":{"north":{"uv":[9.75,2.25,10,2.75],"texture":"#0"},"east":{"uv":[9.75,0,10,0.5],"texture":"#0"},"south":{"uv":[9.75,0.75,10,1.25],"texture":"#0"},"west":{"uv":[9.75,1.5,10,2],"texture":"#0"},"up":{"uv":[10.25,4.25,10,4],"rotation":90,"texture":"#0"},"down":{"uv":[4.75,10,4.5,10.25],"rotation":270,"texture":"#0"}}},{"from":[7.5125,2.5,5.68459],"to":[8.4875,27.5,7.68459],"rotation":{"angle":0,"axis":"y","origin":[8,3.123,8]},"faces":{"north":{"uv":[3.5,2,3.75,8.25],"texture":"#0"},"east":{"uv":[0,0,0.5,6.25],"texture":"#0"},"south":{"uv":[3,2,3.25,8.25],"texture":"#0"},"west":{"uv":[0.75,0,1.25,6.25],"texture":"#0"},"up":{"uv":[10,8,9.5,7.75],"rotation":90,"texture":"#0"},"down":{"uv":[9,9.5,8.5,9.75],"rotation":270,"texture":"#0"}}},{"from":[7.4875,15.89447,-10.87438],"to":[8.5125,20.14447,-9.37438],"rotation":{"angle":45,"axis":"x","origin":[7.9875,3.123,8]},"faces":{"north":{"uv":[4.5,8.5,4.75,9.625],"texture":"#0"},"east":{"uv":[1.5,8,1.875,9.125],"texture":"#0"},"south":{"uv":[4,8.5,4.25,9.625],"texture":"#0"},"west":{"uv":[2.25,8,2.625,9.125],"texture":"#0"},"up":{"uv":[10.125,5.75,9.75,5.5],"rotation":90,"texture":"#0"},"down":{"uv":[10.125,6,9.75,6.25],"rotation":270,"texture":"#0"}}},{"from":[7.525,3.9429,7.94114],"to":[8.475,10.9429,10.94114],"rotation":{"angle":-22.5,"axis":"x","origin":[8.0125,3.123,8]},"faces":{"north":{"uv":[1,6.5,1.25,8.25],"texture":"#0"},"east":{"uv":[1.5,6,2.25,7.75],"texture":"#0"},"south":{"uv":[2.5,6,2.75,7.75],"texture":"#0"},"west":{"uv":[6,6,6.75,7.75],"texture":"#0"},"up":{"uv":[9.75,8.5,9,8.25],"rotation":90,"texture":"#0"},"down":{"uv":[9.25,9,8.5,9.25],"rotation":270,"texture":"#0"}}},{"from":[7.5,2.5,3.68459],"to":[8.5,25.5,5.68459],"rotation":{"angle":0,"axis":"y","origin":[8,3.123,8]},"faces":{"north":{"uv":[6,0,6.25,5.75],"texture":"#0"},"east":{"uv":[1.5,0,2,5.75],"texture":"#0"},"south":{"uv":[5.5,2,5.75,7.75],"texture":"#0"},"west":{"uv":[2.25,0,2.75,5.75],"texture":"#0"},"up":{"uv":[10.25,4.75,9.75,4.5],"rotation":90,"texture":"#0"},"down":{"uv":[10.25,5,9.75,5.25],"rotation":270,"texture":"#0"}}},{"from":[7.5375,5.75106,0.24555],"to":[8.4625,10.75106,3.24555],"rotation":{"angle":22.5,"axis":"x","origin":[8,3.123,8]},"faces":{"north":{"uv":[8,7,8.25,8.25],"texture":"#0"},"east":{"uv":[0,6.5,0.75,7.75],"texture":"#0"},"south":{"uv":[6.25,8,6.5,9.25],"texture":"#0"},"west":{"uv":[6.5,3,7.25,4.25],"texture":"#0"},"up":{"uv":[9.5,6.25,8.75,6],"rotation":90,"texture":"#0"},"down":{"uv":[9.5,6.5,8.75,6.75],"rotation":270,"texture":"#0"}}},{"from":[7.525,5.44267,4.4014],"to":[8.475,10.44267,7.4014],"rotation":{"angle":-22.5,"axis":"x","origin":[8,3.123,8]},"faces":{"north":{"uv":[3,8.5,3.25,9.75],"texture":"#0"},"east":{"uv":[6.5,4.5,7.25,5.75],"texture":"#0"},"south":{"uv":[1,8.5,1.25,9.75],"texture":"#0"},"west":{"uv":[7,6,7.75,7.25],"texture":"#0"},"up":{"uv":[0.75,9.25,0,9],"rotation":90,"texture":"#0"},"down":{"uv":[9.75,3,9,3.25],"rotation":270,"texture":"#0"}}},{"from":[8,-2.5,3.18459],"to":[8,0.5,13.18459],"rotation":{"angle":0,"axis":"y","origin":[8,3.123,8]},"faces":{"north":{"uv":[5.75,1,5.75,1.75],"texture":"#0"},"east":{"uv":[3,0,5.5,0.75],"texture":"#0"},"south":{"uv":[5.75,0,5.75,0.75],"texture":"#0"},"west":{"uv":[3,1,5.5,1.75],"texture":"#0"},"up":{"uv":[12,9.25,9.5,9.25],"rotation":90,"texture":"#0"},"down":{"uv":[12.25,7.5,9.75,7.5],"rotation":270,"texture":"#0"}}},{"from":[7,-11.5,7.18459],"to":[9,0.5,9.18459],"rotation":{"angle":0,"axis":"y","origin":[8,3.123,8]},"faces":{"north":{"uv":[4.75,5.25,5.25,8.25],"texture":"#0"},"east":{"uv":[4,2,4.5,5],"texture":"#0"},"south":{"uv":[4.75,2,5.25,5],"texture":"#0"},"west":{"uv":[4,5.25,4.5,8.25],"texture":"#0"},"up":{"uv":[7.25,9,6.75,8.5],"rotation":90,"texture":"#0"},"down":{"uv":[9,7,8.5,7.5],"rotation":270,"texture":"#0"}}},{"from":[7.5,-9.09664,17.23069],"to":[8.5,-7.09664,18.23069],"rotation":{"angle":45,"axis":"x","origin":[8,3.123,8]},"faces":{"north":{"uv":[9.25,2.25,9.5,2.75],"texture":"#0"},"east":{"uv":[9.25,0,9.5,0.5],"texture":"#0"},"south":{"uv":[9.25,0.75,9.5,1.25],"texture":"#0"},"west":{"uv":[9.25,1.5,9.5,2],"texture":"#0"},"up":{"uv":[10,6.75,9.75,6.5],"rotation":90,"texture":"#0"},"down":{"uv":[10,7,9.75,7.25],"rotation":270,"texture":"#0"}}},{"from":[7.5,-9.35768,-1.96964],"to":[8.5,-7.35768,-0.96964],"rotation":{"angle":-45,"axis":"x","origin":[8,3.123,8]},"faces":{"north":{"uv":[9.25,7,9.5,7.5],"texture":"#0"},"east":{"uv":[9.25,4.5,9.5,5],"texture":"#0"},"south":{"uv":[9.25,5.25,9.5,5.75],"texture":"#0"},"west":{"uv":[6.75,9.25,7,9.75],"texture":"#0"},"up":{"uv":[1.25,10.25,1,10],"rotation":90,"texture":"#0"},"down":{"uv":[3.25,10,3,10.25],"rotation":270,"texture":"#0"}}},{"from":[-2.10016,-9.22716,7.68459],"to":[-1.10016,-7.22716,8.68459],"rotation":{"angle":45,"axis":"z","origin":[8,3.123,8]},"faces":{"north":{"uv":[7.25,9.5,7.5,10],"texture":"#0"},"east":{"uv":[2.5,9.5,2.75,10],"texture":"#0"},"south":{"uv":[5,9.5,5.25,10],"texture":"#0"},"west":{"uv":[6,9.5,6.25,10],"texture":"#0"},"up":{"uv":[10.25,3.75,10,3.5],"rotation":90,"texture":"#0"},"down":{"uv":[4.25,10,4,10.25],"rotation":270,"texture":"#0"}}},{"from":[17.10016,-9.22716,7.68459],"to":[18.10016,-7.22716,8.68459],"rotation":{"angle":-45,"axis":"z","origin":[8,3.123,8]},"faces":{"north":{"uv":[2,9.5,2.25,10],"texture":"#0"},"east":{"uv":[0,9.5,0.25,10],"texture":"#0"},"south":{"uv":[0.5,9.5,0.75,10],"texture":"#0"},"west":{"uv":[1.5,9.5,1.75,10],"texture":"#0"},"up":{"uv":[10.25,3.25,10,3],"rotation":90,"texture":"#0"},"down":{"uv":[3.75,10,3.5,10.25],"rotation":270,"texture":"#0"}}}],"gui_light":"front","display":{"thirdperson_righthand":{"translation":[0,10.75,1.25]},"thirdperson_lefthand":{"translation":[0,10.75,1.25]},"firstperson_righthand":{"translation":[2,7.5,-1]},"firstperson_lefthand":{"translation":[2,7.5,-1]},"ground":{"rotation":[0,0,90]},"gui":{"rotation":[90,-135,90],"translation":[-0.25,0.25,-0.5],"scale":[0.5,0.5,0.5]},"fixed":{"rotation":[-90,45,90],"translation":[0.25,0.25,-0.5],"scale":[0.6,0.6,0.6]}}}