{"credit":"Designed by Vahlgoul with Blockbench || © V-Artistry. All rights reserved.","textures":{"particle":"itemskin:item/gfx_excalibur"},"elements":[{"from":[7.001,-0.15625,-13.06593],"to":[9.001,0.15625,19.18407],"rotation":{"angle":0,"axis":"y","origin":[8.001,0,-9.28468]},"faces":{"up":{"uv":[13,1,15,3],"texture":"#particle"},"down":{"uv":[13,1,15,3],"texture":"#particle"}}},{"from":[6.40941,-0.0625,-14.09919],"to":[6.90941,0.0625,19.75081],"rotation":{"angle":0,"axis":"y","origin":[7.40941,0.125,-11.24919]},"faces":{"east":{"uv":[1,1,3,3],"texture":"#particle"},"west":{"uv":[1,1,3,3],"texture":"#particle"},"up":{"uv":[1,1,3,3],"texture":"#particle"},"down":{"uv":[1,1,3,3],"texture":"#particle"}}},{"from":[6.5629,-0.0625,-14.87083],"to":[7.0629,0.0625,-13.67083],"rotation":{"angle":-22.5,"axis":"y","origin":[7.5629,0.125,-14.27083]},"faces":{"west":{"uv":[1,1,3,3],"texture":"#particle"},"up":{"uv":[1,1,3,3],"texture":"#particle"},"down":{"uv":[1,1,3,3],"texture":"#particle"}}},{"from":[7,-0.0625,-15.925],"to":[8.6,0.0625,-14.325],"rotation":{"angle":-45,"axis":"y","origin":[8,0.125,-14.925]},"faces":{"north":{"uv":[1,1,3,3],"texture":"#particle"},"west":{"uv":[1,1,3,3],"texture":"#particle"},"up":{"uv":[1,1,3,3],"texture":"#particle"},"down":{"uv":[1,1,3,3],"texture":"#particle"}}},{"from":[8.9371,-0.0625,-14.87083],"to":[9.4371,0.0625,-13.67083],"rotation":{"angle":22.5,"axis":"y","origin":[8.4371,0.125,-14.27083]},"faces":{"east":{"uv":[1,1,3,3],"texture":"#particle"},"up":{"uv":[1,1,3,3],"texture":"#particle"},"down":{"uv":[1,1,3,3],"texture":"#particle"}}},{"from":[9.09059,-0.0625,-14.09919],"to":[9.59059,0.0625,19.75081],"rotation":{"angle":0,"axis":"y","origin":[8.59059,0.125,-11.24919]},"faces":{"east":{"uv":[1,1,3,3],"texture":"#particle"},"west":{"uv":[1,1,3,3],"texture":"#particle"},"up":{"uv":[1,1,3,3],"texture":"#particle"},"down":{"uv":[1,1,3,3],"texture":"#particle"}}},{"from":[6.65981,-0.1875,-14.05015],"to":[7.09731,0.1875,19.74985],"rotation":{"angle":0,"axis":"y","origin":[7.40981,0.125,-11.25015]},"faces":{"north":{"uv":[5,1,7,3],"texture":"#particle"},"east":{"uv":[5,1,7,3],"texture":"#particle"},"south":{"uv":[5,1,7,3],"texture":"#particle"},"west":{"uv":[5,1,7,3],"texture":"#particle"},"up":{"uv":[5,1,7,3],"texture":"#particle"},"down":{"uv":[5,1,7,3],"texture":"#particle"}}},{"from":[6.81319,-0.1875,-14.82128],"to":[7.31319,0.1875,-13.72128],"rotation":{"angle":-22.5,"axis":"y","origin":[7.56319,0.125,-14.27128]},"faces":{"south":{"uv":[5,1,7,3],"texture":"#particle"},"west":{"uv":[5,1,7,3],"texture":"#particle"},"up":{"uv":[5,1,7,3],"texture":"#particle"},"down":{"uv":[5,1,7,3],"texture":"#particle"}}},{"from":[7.25,-0.1875,-15.675],"to":[8.55,0.1875,-14.375],"rotation":{"angle":-45,"axis":"y","origin":[8,0.125,-14.925]},"faces":{"north":{"uv":[5,1,7,3],"texture":"#particle"},"west":{"uv":[5,1,7,3],"texture":"#particle"},"up":{"uv":[5,1,7,3],"texture":"#particle"},"down":{"uv":[5,1,7,3],"texture":"#particle"}}},{"from":[8.68681,-0.1875,-14.82128],"to":[9.18681,0.1875,-13.72128],"rotation":{"angle":22.5,"axis":"y","origin":[8.43681,0.125,-14.27128]},"faces":{"east":{"uv":[5,1,7,3],"texture":"#particle"},"south":{"uv":[5,1,7,3],"texture":"#particle"},"up":{"uv":[5,1,7,3],"texture":"#particle"},"down":{"uv":[5,1,7,3],"texture":"#particle"}}},{"from":[8.90269,-0.1875,-14.05015],"to":[9.34019,0.1875,19.74985],"rotation":{"angle":0,"axis":"y","origin":[8.59019,0.125,-11.25015]},"faces":{"north":{"uv":[5,1,7,3],"texture":"#particle"},"east":{"uv":[5,1,7,3],"texture":"#particle"},"south":{"uv":[5,1,7,3],"texture":"#particle"},"west":{"uv":[5,1,7,3],"texture":"#particle"},"up":{"uv":[5,1,7,3],"texture":"#particle"},"down":{"uv":[5,1,7,3],"texture":"#particle"}}},{"from":[6.91021,-0.3125,-14.00112],"to":[7.78521,0.3125,1.99888],"rotation":{"angle":0,"axis":"y","origin":[7.41021,0.125,-11.25112]},"faces":{"east":{"uv":[9,1,11,3],"texture":"#particle"},"west":{"uv":[9,1,11,3],"texture":"#particle"},"up":{"uv":[9,1,11,3],"texture":"#particle"},"down":{"uv":[9,1,11,3],"texture":"#particle"}}},{"from":[6.91021,-0.3125,1.96763],"to":[7.12896,0.3125,19.74888],"rotation":{"angle":0,"axis":"y","origin":[7.41021,0.125,4.49888]},"faces":{"east":{"uv":[9,1,11,3],"texture":"#particle"},"south":{"uv":[9,1,11,3],"texture":"#particle"},"west":{"uv":[9,1,11,3],"texture":"#particle"},"up":{"uv":[9,1,11,3],"texture":"#particle"},"down":{"uv":[9,1,11,3],"texture":"#particle"}}},{"from":[7.06349,-0.3125,-14.77172],"to":[8.06349,0.3125,-13.77172],"rotation":{"angle":-22.5,"axis":"y","origin":[7.56349,0.125,-14.27172]},"faces":{"west":{"uv":[9,1,11,3],"texture":"#particle"},"up":{"uv":[9,1,11,3],"texture":"#particle"},"down":{"uv":[9,1,11,3],"texture":"#particle"}}},{"from":[7.5,-0.3125,-15.425],"to":[8.5,0.3125,-14.425],"rotation":{"angle":-45,"axis":"y","origin":[8,0.125,-14.925]},"faces":{"north":{"uv":[9,1,11,3],"texture":"#particle"},"west":{"uv":[9,1,11,3],"texture":"#particle"},"up":{"uv":[9,1,11,3],"texture":"#particle"},"down":{"uv":[9,1,11,3],"texture":"#particle"}}},{"from":[7.93651,-0.3125,-14.77172],"to":[8.93651,0.3125,-13.77172],"rotation":{"angle":22.5,"axis":"y","origin":[8.43651,0.125,-14.27172]},"faces":{"east":{"uv":[9,1,11,3],"texture":"#particle"},"up":{"uv":[9,1,11,3],"texture":"#particle"},"down":{"uv":[9,1,11,3],"texture":"#particle"}}},{"from":[8.21479,-0.3125,-14.00112],"to":[9.08979,0.3125,1.99888],"rotation":{"angle":0,"axis":"y","origin":[8.58979,0.125,-11.25112]},"faces":{"east":{"uv":[9,1,11,3],"texture":"#particle"},"west":{"uv":[9,1,11,3],"texture":"#particle"},"up":{"uv":[9,1,11,3],"texture":"#particle"},"down":{"uv":[9,1,11,3],"texture":"#particle"}}},{"from":[8.87104,-0.3125,1.96763],"to":[9.08979,0.3125,19.74888],"rotation":{"angle":0,"axis":"y","origin":[8.58979,0.125,4.49888]},"faces":{"east":{"uv":[9,1,11,3],"texture":"#particle"},"south":{"uv":[9,1,11,3],"texture":"#particle"},"west":{"uv":[9,1,11,3],"texture":"#particle"},"up":{"uv":[9,1,11,3],"texture":"#particle"},"down":{"uv":[9,1,11,3],"texture":"#particle"}}},{"from":[7.93651,-0.3125,-14.27172],"to":[8.68651,0.3125,-12.52172],"rotation":{"angle":22.5,"axis":"y","origin":[8.43651,0.125,-13.27172]},"faces":{"west":{"uv":[9,1,11,3],"texture":"#particle"},"up":{"uv":[9,1,11,3],"texture":"#particle"},"down":{"uv":[9,1,11,3],"texture":"#particle"}}},{"from":[7.31349,-0.3125,-14.27172],"to":[8.06349,0.3125,-12.52172],"rotation":{"angle":-22.5,"axis":"y","origin":[7.56349,0.125,-13.27172]},"faces":{"east":{"uv":[9,1,11,3],"texture":"#particle"},"up":{"uv":[9,1,11,3],"texture":"#particle"},"down":{"uv":[9,1,11,3],"texture":"#particle"}}},{"from":[7.6885,-0.3125,1.35355],"to":[8.501,0.3125,2.0723],"rotation":{"angle":-45,"axis":"y","origin":[8.001,0.15625,2.35355]},"faces":{"south":{"uv":[9,1,11,3],"texture":"#particle"},"up":{"uv":[9,1,11,3],"texture":"#particle"},"down":{"uv":[9,1,11,3],"texture":"#particle"}}},{"from":[8.46975,-0.3125,1.60355],"to":[8.751,0.3125,2.0723],"rotation":{"angle":-45,"axis":"y","origin":[8.001,0.15625,2.35355]},"faces":{"south":{"uv":[9,1,11,3],"texture":"#particle"},"up":{"uv":[9,1,11,3],"texture":"#particle"},"down":{"uv":[9,1,11,3],"texture":"#particle"}}},{"from":[8.71975,-0.3125,1.85355],"to":[9.001,0.3125,2.0723],"rotation":{"angle":-45,"axis":"y","origin":[8.001,0.15625,2.35355]},"faces":{"south":{"uv":[9,1,11,3],"texture":"#particle"},"up":{"uv":[9,1,11,3],"texture":"#particle"},"down":{"uv":[9,1,11,3],"texture":"#particle"}}},{"from":[7.001,-0.3125,1.35355],"to":[7.71975,0.3125,2.85355],"rotation":{"angle":-45,"axis":"y","origin":[8.001,0.15625,2.35355]},"faces":{"north":{"uv":[9,1,11,3],"texture":"#particle"},"east":{"uv":[9,1,11,3],"texture":"#particle"},"west":{"uv":[9,1,11,3],"texture":"#particle"},"up":{"uv":[9,1,11,3],"texture":"#particle"},"down":{"uv":[9,1,11,3],"texture":"#particle"}}},{"from":[7.251,-0.3125,2.8223],"to":[7.71975,0.3125,3.10355],"rotation":{"angle":-45,"axis":"y","origin":[8.001,0.15625,2.35355]},"faces":{"east":{"uv":[9,1,11,3],"texture":"#particle"},"up":{"uv":[9,1,11,3],"texture":"#particle"},"down":{"uv":[9,1,11,3],"texture":"#particle"}}},{"from":[7.501,-0.3125,3.0723],"to":[7.71975,0.3125,3.35355],"rotation":{"angle":-45,"axis":"y","origin":[8.001,0.15625,2.35355]},"faces":{"east":{"uv":[9,1,11,3],"texture":"#particle"},"up":{"uv":[9,1,11,3],"texture":"#particle"},"down":{"uv":[9,1,11,3],"texture":"#particle"}}},{"from":[7.09475,-0.3125,19.02903],"to":[8.90725,0.3125,19.74778],"rotation":{"angle":0,"axis":"y","origin":[8.001,0,2.02903]},"faces":{"north":{"uv":[9,1,11,3],"texture":"#particle"},"south":{"uv":[9,1,11,3],"texture":"#particle"},"up":{"uv":[9,1,11,3],"texture":"#particle"},"down":{"uv":[9,1,11,3],"texture":"#particle"}}},{"from":[7.16131,-0.3125,2.83969],"to":[8.84069,0.3125,19.00219],"rotation":{"angle":0,"axis":"y","origin":[7.75506,0,3.43344]},"faces":{"east":{"uv":[9,13,11,15],"texture":"#particle"},"south":{"uv":[9,13,11,15],"texture":"#particle"},"west":{"uv":[9,13,11,15],"texture":"#particle"},"up":{"uv":[9,13,11,15],"texture":"#particle"},"down":{"uv":[9,13,11,15],"texture":"#particle"}}},{"from":[7.751,-0.3125,2.10355],"to":[8.9385,0.3125,3.29105],"rotation":{"angle":-45,"axis":"y","origin":[8.001,0.15625,2.35355]},"faces":{"north":{"uv":[9,13,11,15],"texture":"#particle"},"west":{"uv":[9,13,11,15],"texture":"#particle"},"up":{"uv":[9,13,11,15],"texture":"#particle"},"down":{"uv":[9,13,11,15],"texture":"#particle"}}},{"from":[6,-0.6875,19.75],"to":[10,0.6875,21],"rotation":{"angle":0,"axis":"y","origin":[8,0,20.375]},"faces":{"north":{"uv":[13,13,15,15],"texture":"#particle"},"south":{"uv":[13,13,15,15],"texture":"#particle"},"up":{"uv":[13,13,15,15],"texture":"#particle"},"down":{"uv":[13,13,15,15],"texture":"#particle"}}},{"from":[6.32019,-0.17218,19.75],"to":[7.32019,0.45282,21],"rotation":{"angle":22.5,"axis":"z","origin":[5.57019,-0.23468,20.375]},"faces":{"north":{"uv":[13,13,15,15],"texture":"#particle"},"south":{"uv":[13,13,15,15],"texture":"#particle"},"up":{"uv":[13,13,15,15],"texture":"#particle"}}},{"from":[8.91847,0.27763,19.75],"to":[9.91847,0.90263,21],"rotation":{"angle":-22.5,"axis":"z","origin":[9.41847,0.59013,20.375]},"faces":{"north":{"uv":[13,13,15,15],"texture":"#particle"},"south":{"uv":[13,13,15,15],"texture":"#particle"},"up":{"uv":[13,13,15,15],"texture":"#particle"}}},{"from":[8.63104,0.24566,19.75],"to":[8.88104,0.99566,21],"rotation":{"angle":-45,"axis":"z","origin":[8.94354,0.49566,20.375]},"faces":{"north":{"uv":[13,13,15,15],"texture":"#particle"},"south":{"uv":[13,13,15,15],"texture":"#particle"},"west":{"uv":[13,13,15,15],"texture":"#particle"}}},{"from":[6.83235,-1.1876,19.75],"to":[7.08235,-0.4376,21],"rotation":{"angle":-45,"axis":"z","origin":[7.14485,-0.9376,20.375]},"faces":{"north":{"uv":[13,13,15,15],"texture":"#particle"},"east":{"uv":[13,13,15,15],"texture":"#particle"},"south":{"uv":[13,13,15,15],"texture":"#particle"}}},{"from":[7.67518,0.65283,19.75],"to":[7.92518,1.27783,21],"rotation":{"angle":45,"axis":"z","origin":[7.67518,-0.03467,20.375]},"faces":{"north":{"uv":[13,13,15,15],"texture":"#particle"},"east":{"uv":[13,13,15,15],"texture":"#particle"},"south":{"uv":[13,13,15,15],"texture":"#particle"}}},{"from":[9.56226,-0.86882,19.75],"to":[9.81226,-0.24382,21],"rotation":{"angle":45,"axis":"z","origin":[9.56226,-1.55632,20.375]},"faces":{"north":{"uv":[13,13,15,15],"texture":"#particle"},"south":{"uv":[13,13,15,15],"texture":"#particle"},"west":{"uv":[13,13,15,15],"texture":"#particle"},"down":{"uv":[13,13,15,15],"texture":"#particle"}}},{"from":[6.08153,-0.90263,19.75],"to":[7.08153,-0.27763,21],"rotation":{"angle":-22.5,"axis":"z","origin":[6.58153,-0.59013,20.375]},"faces":{"north":{"uv":[13,13,15,15],"texture":"#particle"},"south":{"uv":[13,13,15,15],"texture":"#particle"},"down":{"uv":[13,13,15,15],"texture":"#particle"}}},{"from":[9.25228,-1.83079,19.75],"to":[10.25228,-1.20579,21],"rotation":{"angle":22.5,"axis":"z","origin":[7.25228,-1.89329,20.375]},"faces":{"north":{"uv":[13,13,15,15],"texture":"#particle"},"south":{"uv":[13,13,15,15],"texture":"#particle"},"down":{"uv":[13,13,15,15],"texture":"#particle"}}},{"from":[9.58955,-0.6875,18.93654],"to":[10.33955,0.6875,20.18654],"rotation":{"angle":22.5,"axis":"y","origin":[11.83955,0,19.56154]},"faces":{"north":{"uv":[13,13,15,15],"texture":"#particle"},"east":{"uv":[13,13,15,15],"texture":"#particle"},"south":{"uv":[13,13,15,15],"texture":"#particle"},"up":{"uv":[13,13,15,15],"texture":"#particle"},"down":{"uv":[13,13,15,15],"texture":"#particle"}}},{"from":[12.83955,-0.6875,18.93654],"to":[13.08955,0.6875,20.18654],"rotation":{"angle":22.5,"axis":"y","origin":[11.83955,0,19.56154]},"faces":{"north":{"uv":[13,13,15,15],"texture":"#particle"},"east":{"uv":[13,13,15,15],"texture":"#particle"},"south":{"uv":[13,13,15,15],"texture":"#particle"},"west":{"uv":[13,13,15,15],"texture":"#particle"},"up":{"uv":[13,13,15,15],"texture":"#particle"},"down":{"uv":[13,13,15,15],"texture":"#particle"}}},{"from":[13.27705,-0.6875,18.93654],"to":[13.52705,0.6875,20.18654],"rotation":{"angle":22.5,"axis":"y","origin":[11.83955,0,19.56154]},"faces":{"north":{"uv":[13,13,15,15],"texture":"#particle"},"east":{"uv":[13,13,15,15],"texture":"#particle"},"south":{"uv":[13,13,15,15],"texture":"#particle"},"west":{"uv":[13,13,15,15],"texture":"#particle"},"up":{"uv":[13,13,15,15],"texture":"#particle"},"down":{"uv":[13,13,15,15],"texture":"#particle"}}},{"from":[13.71455,-0.6875,18.93654],"to":[14.21455,0.6875,20.18654],"rotation":{"angle":22.5,"axis":"y","origin":[11.83955,0,19.56154]},"faces":{"north":{"uv":[13,13,15,15],"texture":"#particle"},"east":{"uv":[13,13,15,15],"texture":"#particle"},"south":{"uv":[13,13,15,15],"texture":"#particle"},"west":{"uv":[13,13,15,15],"texture":"#particle"},"up":{"uv":[13,13,15,15],"texture":"#particle"},"down":{"uv":[13,13,15,15],"texture":"#particle"}}},{"from":[13.60966,-0.6875,18.23743],"to":[14.10966,0.6875,18.61868],"rotation":{"angle":-22.5,"axis":"y","origin":[14.1098,0,18.62117]},"faces":{"north":{"uv":[13,13,15,15],"texture":"#particle"},"up":{"uv":[13,13,15,15],"texture":"#particle"},"down":{"uv":[13,13,15,15],"texture":"#particle"}}},{"from":[1.89034,-0.6875,18.23742],"to":[2.39034,0.6875,18.61867],"rotation":{"angle":22.5,"axis":"y","origin":[1.8902,0,18.62116]},"faces":{"north":{"uv":[13,13,15,15],"texture":"#particle"},"up":{"uv":[13,13,15,15],"texture":"#particle"},"down":{"uv":[13,13,15,15],"texture":"#particle"}}},{"from":[13.9998,-0.6875,18.34972],"to":[14.38105,0.6875,18.89261],"rotation":{"angle":22.5,"axis":"y","origin":[14.1098,0,18.62117]},"faces":{"east":{"uv":[13,13,15,15],"texture":"#particle"},"up":{"uv":[13,13,15,15],"texture":"#particle"},"down":{"uv":[13,13,15,15],"texture":"#particle"}}},{"from":[1.61895,-0.6875,18.34972],"to":[2.0002,0.6875,18.89261],"rotation":{"angle":-22.5,"axis":"y","origin":[1.8902,0,18.62116]},"faces":{"west":{"uv":[13,13,15,15],"texture":"#particle"},"up":{"uv":[13,13,15,15],"texture":"#particle"},"down":{"uv":[13,13,15,15],"texture":"#particle"}}},{"from":[14.1123,-0.6875,18.6213],"to":[14.49355,0.6875,19.1213],"rotation":{"angle":-22.5,"axis":"y","origin":[14.1098,0,18.62117]},"faces":{"north":{"uv":[13,13,15,15],"texture":"#particle"},"east":{"uv":[13,13,15,15],"texture":"#particle"},"south":{"uv":[13,13,15,15],"texture":"#particle"},"up":{"uv":[13,13,15,15],"texture":"#particle"},"down":{"uv":[13,13,15,15],"texture":"#particle"}}},{"from":[1.50645,-0.6875,18.6213],"to":[1.8877,0.6875,19.1213],"rotation":{"angle":22.5,"axis":"y","origin":[1.8902,0,18.62116]},"faces":{"west":{"uv":[13,13,15,15],"texture":"#particle"},"up":{"uv":[13,13,15,15],"texture":"#particle"},"down":{"uv":[13,13,15,15],"texture":"#particle"}}},{"from":[11.40205,-0.6875,18.93654],"to":[12.65205,0.6875,20.18654],"rotation":{"angle":22.5,"axis":"y","origin":[11.83955,0,19.56154]},"faces":{"north":{"uv":[13,13,15,15],"texture":"#particle"},"east":{"uv":[13,13,15,15],"texture":"#particle"},"south":{"uv":[13,13,15,15],"texture":"#particle"},"west":{"uv":[13,13,15,15],"texture":"#particle"},"up":{"uv":[13,13,15,15],"texture":"#particle"},"down":{"uv":[13,13,15,15],"texture":"#particle"}}},{"from":[10.52705,-0.6875,18.93654],"to":[10.77705,0.6875,20.18654],"rotation":{"angle":22.5,"axis":"y","origin":[11.83955,0,19.56154]},"faces":{"north":{"uv":[13,13,15,15],"texture":"#particle"},"east":{"uv":[13,13,15,15],"texture":"#particle"},"south":{"uv":[13,13,15,15],"texture":"#particle"},"west":{"uv":[13,13,15,15],"texture":"#particle"},"up":{"uv":[13,13,15,15],"texture":"#particle"},"down":{"uv":[13,13,15,15],"texture":"#particle"}}},{"from":[10.96455,-0.6875,18.93654],"to":[11.21455,0.6875,20.18654],"rotation":{"angle":22.5,"axis":"y","origin":[11.83955,0,19.56154]},"faces":{"north":{"uv":[13,13,15,15],"texture":"#particle"},"east":{"uv":[13,13,15,15],"texture":"#particle"},"south":{"uv":[13,13,15,15],"texture":"#particle"},"west":{"uv":[13,13,15,15],"texture":"#particle"},"up":{"uv":[13,13,15,15],"texture":"#particle"},"down":{"uv":[13,13,15,15],"texture":"#particle"}}},{"from":[5.50821,-0.6875,19.7019],"to":[6.25821,0.6875,20.9519],"rotation":{"angle":-22.5,"axis":"y","origin":[6.00821,0,20.3269]},"faces":{"north":{"uv":[13,13,15,15],"texture":"#particle"},"south":{"uv":[13,13,15,15],"texture":"#particle"},"west":{"uv":[13,13,15,15],"texture":"#particle"},"up":{"uv":[13,13,15,15],"texture":"#particle"},"down":{"uv":[13,13,15,15],"texture":"#particle"}}},{"from":[2.75821,-0.6875,19.7019],"to":[3.00821,0.6875,20.9519],"rotation":{"angle":-22.5,"axis":"y","origin":[6.00821,0,20.3269]},"faces":{"north":{"uv":[13,13,15,15],"texture":"#particle"},"east":{"uv":[13,13,15,15],"texture":"#particle"},"south":{"uv":[13,13,15,15],"texture":"#particle"},"west":{"uv":[13,13,15,15],"texture":"#particle"},"up":{"uv":[13,13,15,15],"texture":"#particle"},"down":{"uv":[13,13,15,15],"texture":"#particle"}}},{"from":[2.32071,-0.6875,19.7019],"to":[2.57071,0.6875,20.9519],"rotation":{"angle":-22.5,"axis":"y","origin":[6.00821,0,20.3269]},"faces":{"north":{"uv":[13,13,15,15],"texture":"#particle"},"east":{"uv":[13,13,15,15],"texture":"#particle"},"south":{"uv":[13,13,15,15],"texture":"#particle"},"west":{"uv":[13,13,15,15],"texture":"#particle"},"up":{"uv":[13,13,15,15],"texture":"#particle"},"down":{"uv":[13,13,15,15],"texture":"#particle"}}},{"from":[1.63321,-0.6875,19.7019],"to":[2.13321,0.6875,20.9519],"rotation":{"angle":-22.5,"axis":"y","origin":[6.00821,0,20.3269]},"faces":{"north":{"uv":[13,13,15,15],"texture":"#particle"},"east":{"uv":[13,13,15,15],"texture":"#particle"},"south":{"uv":[13,13,15,15],"texture":"#particle"},"up":{"uv":[13,13,15,15],"texture":"#particle"},"down":{"uv":[13,13,15,15],"texture":"#particle"}}},{"from":[3.19571,-0.6875,19.7019],"to":[4.44571,0.6875,20.9519],"rotation":{"angle":-22.5,"axis":"y","origin":[6.00821,0,20.3269]},"faces":{"north":{"uv":[13,13,15,15],"texture":"#particle"},"east":{"uv":[13,13,15,15],"texture":"#particle"},"south":{"uv":[13,13,15,15],"texture":"#particle"},"west":{"uv":[13,13,15,15],"texture":"#particle"},"up":{"uv":[13,13,15,15],"texture":"#particle"},"down":{"uv":[13,13,15,15],"texture":"#particle"}}},{"from":[5.07071,-0.6875,19.7019],"to":[5.32071,0.6875,20.9519],"rotation":{"angle":-22.5,"axis":"y","origin":[6.00821,0,20.3269]},"faces":{"north":{"uv":[13,13,15,15],"texture":"#particle"},"east":{"uv":[13,13,15,15],"texture":"#particle"},"south":{"uv":[13,13,15,15],"texture":"#particle"},"west":{"uv":[13,13,15,15],"texture":"#particle"},"up":{"uv":[13,13,15,15],"texture":"#particle"},"down":{"uv":[13,13,15,15],"texture":"#particle"}}},{"from":[4.63321,-0.6875,19.7019],"to":[4.88321,0.6875,20.9519],"rotation":{"angle":-22.5,"axis":"y","origin":[6.00821,0,20.3269]},"faces":{"north":{"uv":[13,13,15,15],"texture":"#particle"},"east":{"uv":[13,13,15,15],"texture":"#particle"},"south":{"uv":[13,13,15,15],"texture":"#particle"},"west":{"uv":[13,13,15,15],"texture":"#particle"},"up":{"uv":[13,13,15,15],"texture":"#particle"},"down":{"uv":[13,13,15,15],"texture":"#particle"}}},{"from":[9.83955,-0.5625,19.06154],"to":[13.83955,0.5625,20.06154],"rotation":{"angle":22.5,"axis":"y","origin":[11.83955,0,19.56154]},"faces":{"north":{"uv":[9,13,11,15],"texture":"#particle"},"south":{"uv":[9,13,11,15],"texture":"#particle"},"up":{"uv":[9,13,11,15],"texture":"#particle"},"down":{"uv":[9,13,11,15],"texture":"#particle"}}},{"from":[2.00821,-0.5625,19.8269],"to":[6.00821,0.5625,20.8269],"rotation":{"angle":-22.5,"axis":"y","origin":[6.00821,0,20.3269]},"faces":{"north":{"uv":[9,13,11,15],"texture":"#particle"},"south":{"uv":[9,13,11,15],"texture":"#particle"},"up":{"uv":[9,13,11,15],"texture":"#particle"},"down":{"uv":[9,13,11,15],"texture":"#particle"}}},{"from":[7.25,-0.25,21.25],"to":[7.875,0.375,28.75],"rotation":{"angle":-45,"axis":"z","origin":[7.5,0,21.125]},"faces":{"west":{"uv":[1,13,3,15],"texture":"#particle"},"down":{"uv":[1,13,3,15],"texture":"#particle"}}},{"from":[7.58839,-0.44194,21.25],"to":[8.41161,0.44194,28.75],"rotation":{"angle":0,"axis":"z","origin":[7.83839,0.00806,21.125]},"faces":{"up":{"uv":[1,13,3,15],"texture":"#particle"},"down":{"uv":[1,13,3,15],"texture":"#particle"}}},{"from":[8.125,-0.375,21.25],"to":[8.75,0.25,28.75],"rotation":{"angle":-45,"axis":"z","origin":[8.5,0,21.125]},"faces":{"east":{"uv":[1,13,3,15],"texture":"#particle"},"up":{"uv":[1,13,3,15],"texture":"#particle"}}},{"from":[7.15625,-0.34375,20.75],"to":[7.9125,0.4125,21.5],"rotation":{"angle":-45,"axis":"z","origin":[7.5,0,21.125]},"faces":{"north":{"uv":[13,13,15,15],"texture":"#particle"},"south":{"uv":[13,13,15,15],"texture":"#particle"},"west":{"uv":[13,13,15,15],"texture":"#particle"},"down":{"uv":[13,13,15,15],"texture":"#particle"}}},{"from":[7.15625,-0.34375,22.25],"to":[7.9125,0.4125,22.75],"rotation":{"angle":-45,"axis":"z","origin":[7.5,0,22.375]},"faces":{"north":{"uv":[13,13,15,15],"texture":"#particle"},"south":{"uv":[13,13,15,15],"texture":"#particle"},"west":{"uv":[13,13,15,15],"texture":"#particle"},"down":{"uv":[13,13,15,15],"texture":"#particle"}}},{"from":[7.15625,-0.34375,23.5],"to":[7.9125,0.4125,24],"rotation":{"angle":-45,"axis":"z","origin":[7.5,0,23.625]},"faces":{"north":{"uv":[13,13,15,15],"texture":"#particle"},"south":{"uv":[13,13,15,15],"texture":"#particle"},"west":{"uv":[13,13,15,15],"texture":"#particle"},"down":{"uv":[13,13,15,15],"texture":"#particle"}}},{"from":[7.15625,-0.34375,24.75],"to":[7.9125,0.4125,25.25],"rotation":{"angle":-45,"axis":"z","origin":[7.5,0,24.875]},"faces":{"north":{"uv":[13,13,15,15],"texture":"#particle"},"south":{"uv":[13,13,15,15],"texture":"#particle"},"west":{"uv":[13,13,15,15],"texture":"#particle"},"down":{"uv":[13,13,15,15],"texture":"#particle"}}},{"from":[7.15625,-0.34375,26],"to":[7.9125,0.4125,26.5],"rotation":{"angle":-45,"axis":"z","origin":[7.5,0,26.125]},"faces":{"north":{"uv":[13,13,15,15],"texture":"#particle"},"south":{"uv":[13,13,15,15],"texture":"#particle"},"west":{"uv":[13,13,15,15],"texture":"#particle"},"down":{"uv":[13,13,15,15],"texture":"#particle"}}},{"from":[7.15625,-0.34375,27.25],"to":[7.9125,0.4125,27.75],"rotation":{"angle":-45,"axis":"z","origin":[7.5,0,27.375]},"faces":{"north":{"uv":[13,13,15,15],"texture":"#particle"},"south":{"uv":[13,13,15,15],"texture":"#particle"},"west":{"uv":[13,13,15,15],"texture":"#particle"},"down":{"uv":[13,13,15,15],"texture":"#particle"}}},{"from":[7.15625,-0.34375,28.5],"to":[7.9125,0.4125,29],"rotation":{"angle":-45,"axis":"z","origin":[7.5,0,28.625]},"faces":{"north":{"uv":[13,13,15,15],"texture":"#particle"},"south":{"uv":[13,13,15,15],"texture":"#particle"},"west":{"uv":[13,13,15,15],"texture":"#particle"},"down":{"uv":[13,13,15,15],"texture":"#particle"}}},{"from":[7.54861,-0.53475,20.75],"to":[8.45139,0.53475,21.5],"rotation":{"angle":0,"axis":"z","origin":[7.83611,0.009,21.125]},"faces":{"south":{"uv":[13,13,15,15],"texture":"#particle"},"up":{"uv":[13,13,15,15],"texture":"#particle"},"down":{"uv":[13,13,15,15],"texture":"#particle"}}},{"from":[7.54861,-0.53475,22.25],"to":[8.45139,0.53475,22.75],"rotation":{"angle":0,"axis":"z","origin":[7.83611,0.009,22.375]},"faces":{"north":{"uv":[13,13,15,15],"texture":"#particle"},"south":{"uv":[13,13,15,15],"texture":"#particle"},"up":{"uv":[13,13,15,15],"texture":"#particle"},"down":{"uv":[13,13,15,15],"texture":"#particle"}}},{"from":[7.54861,-0.53475,23.5],"to":[8.45139,0.53475,24],"rotation":{"angle":0,"axis":"z","origin":[7.83611,0.009,23.625]},"faces":{"north":{"uv":[13,13,15,15],"texture":"#particle"},"south":{"uv":[13,13,15,15],"texture":"#particle"},"up":{"uv":[13,13,15,15],"texture":"#particle"},"down":{"uv":[13,13,15,15],"texture":"#particle"}}},{"from":[7.54861,-0.53475,24.75],"to":[8.45139,0.53475,25.25],"rotation":{"angle":0,"axis":"z","origin":[7.83611,0.009,24.875]},"faces":{"north":{"uv":[13,13,15,15],"texture":"#particle"},"south":{"uv":[13,13,15,15],"texture":"#particle"},"up":{"uv":[13,13,15,15],"texture":"#particle"},"down":{"uv":[13,13,15,15],"texture":"#particle"}}},{"from":[7.54861,-0.53475,26],"to":[8.45139,0.53475,26.5],"rotation":{"angle":0,"axis":"z","origin":[7.83611,0.009,26.125]},"faces":{"north":{"uv":[13,13,15,15],"texture":"#particle"},"south":{"uv":[13,13,15,15],"texture":"#particle"},"up":{"uv":[13,13,15,15],"texture":"#particle"},"down":{"uv":[13,13,15,15],"texture":"#particle"}}},{"from":[7.54861,-0.53475,27.25],"to":[8.45139,0.53475,27.75],"rotation":{"angle":0,"axis":"z","origin":[7.83611,0.009,27.375]},"faces":{"north":{"uv":[13,13,15,15],"texture":"#particle"},"south":{"uv":[13,13,15,15],"texture":"#particle"},"up":{"uv":[13,13,15,15],"texture":"#particle"},"down":{"uv":[13,13,15,15],"texture":"#particle"}}},{"from":[7.54861,-0.53475,28.5],"to":[8.45139,0.53475,29],"rotation":{"angle":0,"axis":"z","origin":[7.83611,0.009,28.625]},"faces":{"north":{"uv":[13,13,15,15],"texture":"#particle"},"up":{"uv":[13,13,15,15],"texture":"#particle"},"down":{"uv":[13,13,15,15],"texture":"#particle"}}},{"from":[8.0875,-0.4125,20.75],"to":[8.84375,0.34375,21.5],"rotation":{"angle":-45,"axis":"z","origin":[8.5,0,21.125]},"faces":{"north":{"uv":[13,13,15,15],"texture":"#particle"},"east":{"uv":[13,13,15,15],"texture":"#particle"},"south":{"uv":[13,13,15,15],"texture":"#particle"},"up":{"uv":[13,13,15,15],"texture":"#particle"}}},{"from":[8.0875,-0.4125,22.25],"to":[8.84375,0.34375,22.75],"rotation":{"angle":-45,"axis":"z","origin":[8.5,0,22.375]},"faces":{"north":{"uv":[13,13,15,15],"texture":"#particle"},"east":{"uv":[13,13,15,15],"texture":"#particle"},"south":{"uv":[13,13,15,15],"texture":"#particle"},"up":{"uv":[13,13,15,15],"texture":"#particle"}}},{"from":[8.0875,-0.4125,23.5],"to":[8.84375,0.34375,24],"rotation":{"angle":-45,"axis":"z","origin":[8.5,0,23.625]},"faces":{"north":{"uv":[13,13,15,15],"texture":"#particle"},"east":{"uv":[13,13,15,15],"texture":"#particle"},"south":{"uv":[13,13,15,15],"texture":"#particle"},"up":{"uv":[13,13,15,15],"texture":"#particle"}}},{"from":[8.0875,-0.4125,24.75],"to":[8.84375,0.34375,25.25],"rotation":{"angle":-45,"axis":"z","origin":[8.5,0,24.875]},"faces":{"north":{"uv":[13,13,15,15],"texture":"#particle"},"east":{"uv":[13,13,15,15],"texture":"#particle"},"south":{"uv":[13,13,15,15],"texture":"#particle"},"up":{"uv":[13,13,15,15],"texture":"#particle"}}},{"from":[8.0875,-0.4125,26],"to":[8.84375,0.34375,26.5],"rotation":{"angle":-45,"axis":"z","origin":[8.5,0,26.125]},"faces":{"north":{"uv":[13,13,15,15],"texture":"#particle"},"east":{"uv":[13,13,15,15],"texture":"#particle"},"south":{"uv":[13,13,15,15],"texture":"#particle"},"up":{"uv":[13,13,15,15],"texture":"#particle"}}},{"from":[8.0875,-0.4125,27.25],"to":[8.84375,0.34375,27.75],"rotation":{"angle":-45,"axis":"z","origin":[8.5,0,27.375]},"faces":{"north":{"uv":[13,13,15,15],"texture":"#particle"},"east":{"uv":[13,13,15,15],"texture":"#particle"},"south":{"uv":[13,13,15,15],"texture":"#particle"},"up":{"uv":[13,13,15,15],"texture":"#particle"}}},{"from":[8.0875,-0.4125,28.5],"to":[8.84375,0.34375,29],"rotation":{"angle":-45,"axis":"z","origin":[8.5,0,28.625]},"faces":{"north":{"uv":[13,13,15,15],"texture":"#particle"},"east":{"uv":[13,13,15,15],"texture":"#particle"},"south":{"uv":[13,13,15,15],"texture":"#particle"},"up":{"uv":[13,13,15,15],"texture":"#particle"}}},{"from":[7.40625,-0.34375,3.375],"to":[8.59375,0.34375,3.5],"rotation":{"angle":0,"axis":"y","origin":[8,8,6.75]},"faces":{"north":{"uv":[13,13,15,15],"texture":"#particle"},"east":{"uv":[13,13,15,15],"texture":"#particle"},"south":{"uv":[13,13,15,15],"texture":"#particle"},"west":{"uv":[13,13,15,15],"texture":"#particle"},"up":{"uv":[13,13,15,15],"texture":"#particle"},"down":{"uv":[13,13,15,15],"texture":"#particle"}}},{"from":[8.06721,-0.34375,3.0931],"to":[8.19221,0.34375,3.5931],"rotation":{"angle":45,"axis":"y","origin":[8.12971,0,2.99935]},"faces":{"east":{"uv":[13,13,15,15],"texture":"#particle"},"west":{"uv":[13,13,15,15],"texture":"#particle"},"up":{"uv":[13,13,15,15],"texture":"#particle"},"down":{"uv":[13,13,15,15],"texture":"#particle"}}},{"from":[8.28818,-0.34375,3.0931],"to":[8.41318,0.34375,3.5931],"rotation":{"angle":-45,"axis":"y","origin":[8.35068,0,2.99935]},"faces":{"east":{"uv":[13,13,15,15],"texture":"#particle"},"west":{"uv":[13,13,15,15],"texture":"#particle"},"up":{"uv":[13,13,15,15],"texture":"#particle"},"down":{"uv":[13,13,15,15],"texture":"#particle"}}},{"from":[7.53688,-0.34375,2.8431],"to":[7.66188,0.34375,3.5931],"rotation":{"angle":45,"axis":"y","origin":[7.59938,0,2.99935]},"faces":{"north":{"uv":[13,13,15,15],"texture":"#particle"},"east":{"uv":[13,13,15,15],"texture":"#particle"},"west":{"uv":[13,13,15,15],"texture":"#particle"},"up":{"uv":[13,13,15,15],"texture":"#particle"},"down":{"uv":[13,13,15,15],"texture":"#particle"}}},{"from":[7.40625,-0.34375,4.10625],"to":[8.59375,0.34375,4.23125],"rotation":{"angle":0,"axis":"y","origin":[8,8,7.48125]},"faces":{"north":{"uv":[13,13,15,15],"texture":"#particle"},"east":{"uv":[13,13,15,15],"texture":"#particle"},"south":{"uv":[13,13,15,15],"texture":"#particle"},"west":{"uv":[13,13,15,15],"texture":"#particle"},"up":{"uv":[13,13,15,15],"texture":"#particle"},"down":{"uv":[13,13,15,15],"texture":"#particle"}}},{"from":[8.06721,-0.34375,3.82435],"to":[8.19221,0.34375,4.32435],"rotation":{"angle":45,"axis":"y","origin":[8.12971,0,3.7306]},"faces":{"north":{"uv":[13,13,15,15],"texture":"#particle"},"east":{"uv":[13,13,15,15],"texture":"#particle"},"west":{"uv":[13,13,15,15],"texture":"#particle"},"up":{"uv":[13,13,15,15],"texture":"#particle"},"down":{"uv":[13,13,15,15],"texture":"#particle"}}},{"from":[8.55335,-0.34375,4.21451],"to":[8.67835,0.34375,4.71451],"rotation":{"angle":-45,"axis":"y","origin":[8.61585,0,4.12076]},"faces":{"east":{"uv":[13,13,15,15],"texture":"#particle"},"south":{"uv":[13,13,15,15],"texture":"#particle"},"west":{"uv":[13,13,15,15],"texture":"#particle"},"up":{"uv":[13,13,15,15],"texture":"#particle"},"down":{"uv":[13,13,15,15],"texture":"#particle"}}},{"from":[7.40625,-0.34375,4.8375],"to":[8.3125,0.34375,4.9625],"rotation":{"angle":0,"axis":"y","origin":[8,8,7.4625]},"faces":{"north":{"uv":[13,13,15,15],"texture":"#particle"},"east":{"uv":[13,13,15,15],"texture":"#particle"},"south":{"uv":[13,13,15,15],"texture":"#particle"},"west":{"uv":[13,13,15,15],"texture":"#particle"},"up":{"uv":[13,13,15,15],"texture":"#particle"},"down":{"uv":[13,13,15,15],"texture":"#particle"}}},{"from":[8.2721,-0.34375,4.94576],"to":[8.3971,0.34375,5.69576],"rotation":{"angle":-45,"axis":"y","origin":[8.3346,0,4.85201]},"faces":{"east":{"uv":[13,13,15,15],"texture":"#particle"},"west":{"uv":[13,13,15,15],"texture":"#particle"},"up":{"uv":[13,13,15,15],"texture":"#particle"},"down":{"uv":[13,13,15,15],"texture":"#particle"}}},{"from":[7.69378,-0.34375,5.40444],"to":[8.60003,0.34375,5.52944],"rotation":{"angle":0,"axis":"y","origin":[8.28753,8,8.02944]},"faces":{"north":{"uv":[13,13,15,15],"texture":"#particle"},"east":{"uv":[13,13,15,15],"texture":"#particle"},"south":{"uv":[13,13,15,15],"texture":"#particle"},"west":{"uv":[13,13,15,15],"texture":"#particle"},"up":{"uv":[13,13,15,15],"texture":"#particle"},"down":{"uv":[13,13,15,15],"texture":"#particle"}}},{"from":[7.40625,-0.34375,5.78125],"to":[8.59375,0.34375,5.90625],"rotation":{"angle":0,"axis":"y","origin":[8,8,7.5]},"faces":{"north":{"uv":[13,13,15,15],"texture":"#particle"},"east":{"uv":[13,13,15,15],"texture":"#particle"},"south":{"uv":[13,13,15,15],"texture":"#particle"},"west":{"uv":[13,13,15,15],"texture":"#particle"},"up":{"uv":[13,13,15,15],"texture":"#particle"},"down":{"uv":[13,13,15,15],"texture":"#particle"}}},{"from":[7.32165,-0.34375,5.88951],"to":[7.44665,0.34375,6.88951],"rotation":{"angle":45,"axis":"y","origin":[7.38415,0,5.79576]},"faces":{"east":{"uv":[13,13,15,15],"texture":"#particle"},"south":{"uv":[13,13,15,15],"texture":"#particle"},"west":{"uv":[13,13,15,15],"texture":"#particle"},"up":{"uv":[13,13,15,15],"texture":"#particle"},"down":{"uv":[13,13,15,15],"texture":"#particle"}}},{"from":[7.40625,-0.34375,6.525],"to":[8.59375,0.34375,6.65],"rotation":{"angle":0,"axis":"y","origin":[8,8,7.49375]},"faces":{"north":{"uv":[13,13,15,15],"texture":"#particle"},"east":{"uv":[13,13,15,15],"texture":"#particle"},"south":{"uv":[13,13,15,15],"texture":"#particle"},"west":{"uv":[13,13,15,15],"texture":"#particle"},"up":{"uv":[13,13,15,15],"texture":"#particle"},"down":{"uv":[13,13,15,15],"texture":"#particle"}}},{"from":[7.89043,-0.34375,5.81632],"to":[8.01543,0.34375,6.81632],"rotation":{"angle":45,"axis":"y","origin":[7.95293,0,5.97257]},"faces":{"north":{"uv":[13,13,15,15],"texture":"#particle"},"east":{"uv":[13,13,15,15],"texture":"#particle"},"west":{"uv":[13,13,15,15],"texture":"#particle"},"up":{"uv":[13,13,15,15],"texture":"#particle"},"down":{"uv":[13,13,15,15],"texture":"#particle"}}},{"from":[7.40625,-0.34375,7.25625],"to":[8.59375,0.34375,7.38125],"rotation":{"angle":0,"axis":"y","origin":[8,8,10.63125]},"faces":{"north":{"uv":[13,13,15,15],"texture":"#particle"},"east":{"uv":[13,13,15,15],"texture":"#particle"},"south":{"uv":[13,13,15,15],"texture":"#particle"},"west":{"uv":[13,13,15,15],"texture":"#particle"},"up":{"uv":[13,13,15,15],"texture":"#particle"},"down":{"uv":[13,13,15,15],"texture":"#particle"}}},{"from":[8.55335,-0.34375,7.36451],"to":[8.67835,0.34375,7.86451],"rotation":{"angle":-45,"axis":"y","origin":[8.61585,0,7.27076]},"faces":{"east":{"uv":[13,13,15,15],"texture":"#particle"},"south":{"uv":[13,13,15,15],"texture":"#particle"},"west":{"uv":[13,13,15,15],"texture":"#particle"},"up":{"uv":[13,13,15,15],"texture":"#particle"},"down":{"uv":[13,13,15,15],"texture":"#particle"}}},{"from":[8.06721,-0.34375,6.97435],"to":[8.19221,0.34375,7.47435],"rotation":{"angle":45,"axis":"y","origin":[8.12971,0,6.8806]},"faces":{"north":{"uv":[13,13,15,15],"texture":"#particle"},"east":{"uv":[13,13,15,15],"texture":"#particle"},"west":{"uv":[13,13,15,15],"texture":"#particle"},"up":{"uv":[13,13,15,15],"texture":"#particle"},"down":{"uv":[13,13,15,15],"texture":"#particle"}}},{"from":[7.40625,-0.34375,7.9875],"to":[8.59375,0.34375,8.1125],"rotation":{"angle":0,"axis":"y","origin":[8,8,10.63125]},"faces":{"north":{"uv":[13,13,15,15],"texture":"#particle"},"east":{"uv":[13,13,15,15],"texture":"#particle"},"south":{"uv":[13,13,15,15],"texture":"#particle"},"west":{"uv":[13,13,15,15],"texture":"#particle"},"up":{"uv":[13,13,15,15],"texture":"#particle"},"down":{"uv":[13,13,15,15],"texture":"#particle"}}},{"from":[7.40625,-0.34375,8.2375],"to":[8.59375,0.34375,8.3625],"rotation":{"angle":0,"axis":"y","origin":[8,8,10.63125]},"faces":{"north":{"uv":[13,13,15,15],"texture":"#particle"},"east":{"uv":[13,13,15,15],"texture":"#particle"},"south":{"uv":[13,13,15,15],"texture":"#particle"},"west":{"uv":[13,13,15,15],"texture":"#particle"},"up":{"uv":[13,13,15,15],"texture":"#particle"},"down":{"uv":[13,13,15,15],"texture":"#particle"}}},{"from":[7.40625,-0.34375,8.96875],"to":[8.59375,0.34375,9.09375],"rotation":{"angle":0,"axis":"y","origin":[8,8,12.34375]},"faces":{"north":{"uv":[13,13,15,15],"texture":"#particle"},"east":{"uv":[13,13,15,15],"texture":"#particle"},"south":{"uv":[13,13,15,15],"texture":"#particle"},"west":{"uv":[13,13,15,15],"texture":"#particle"},"up":{"uv":[13,13,15,15],"texture":"#particle"},"down":{"uv":[13,13,15,15],"texture":"#particle"}}},{"from":[8.28818,-0.34375,8.68685],"to":[8.41318,0.34375,9.18685],"rotation":{"angle":-45,"axis":"y","origin":[8.35068,0,8.5931]},"faces":{"east":{"uv":[13,13,15,15],"texture":"#particle"},"west":{"uv":[13,13,15,15],"texture":"#particle"},"up":{"uv":[13,13,15,15],"texture":"#particle"},"down":{"uv":[13,13,15,15],"texture":"#particle"}}},{"from":[8.06721,-0.34375,8.68685],"to":[8.19221,0.34375,9.18685],"rotation":{"angle":45,"axis":"y","origin":[8.12971,0,8.5931]},"faces":{"east":{"uv":[13,13,15,15],"texture":"#particle"},"west":{"uv":[13,13,15,15],"texture":"#particle"},"up":{"uv":[13,13,15,15],"texture":"#particle"},"down":{"uv":[13,13,15,15],"texture":"#particle"}}},{"from":[7.40625,-0.34375,9.9625],"to":[8.59375,0.34375,10.0875],"rotation":{"angle":0,"axis":"y","origin":[8,8,13.3375]},"faces":{"north":{"uv":[13,13,15,15],"texture":"#particle"},"east":{"uv":[13,13,15,15],"texture":"#particle"},"south":{"uv":[13,13,15,15],"texture":"#particle"},"west":{"uv":[13,13,15,15],"texture":"#particle"},"up":{"uv":[13,13,15,15],"texture":"#particle"},"down":{"uv":[13,13,15,15],"texture":"#particle"}}},{"from":[8.06721,-0.34375,9.6806],"to":[8.19221,0.34375,10.1806],"rotation":{"angle":45,"axis":"y","origin":[8.12971,0,9.58685]},"faces":{"east":{"uv":[13,13,15,15],"texture":"#particle"},"west":{"uv":[13,13,15,15],"texture":"#particle"},"up":{"uv":[13,13,15,15],"texture":"#particle"},"down":{"uv":[13,13,15,15],"texture":"#particle"}}},{"from":[7.80779,-0.34375,9.6806],"to":[7.93279,0.34375,10.1806],"rotation":{"angle":-45,"axis":"y","origin":[7.87029,0,9.58685]},"faces":{"east":{"uv":[13,13,15,15],"texture":"#particle"},"west":{"uv":[13,13,15,15],"texture":"#particle"},"up":{"uv":[13,13,15,15],"texture":"#particle"},"down":{"uv":[13,13,15,15],"texture":"#particle"}}},{"from":[8.55335,-0.34375,9.41543],"to":[8.67835,0.34375,9.91543],"rotation":{"angle":-45,"axis":"y","origin":[8.61585,0,9.32168]},"faces":{"north":{"uv":[13,13,15,15],"texture":"#particle"},"east":{"uv":[13,13,15,15],"texture":"#particle"},"west":{"uv":[13,13,15,15],"texture":"#particle"},"up":{"uv":[13,13,15,15],"texture":"#particle"},"down":{"uv":[13,13,15,15],"texture":"#particle"}}},{"from":[7.32165,-0.34375,9.41543],"to":[7.44665,0.34375,9.91543],"rotation":{"angle":45,"axis":"y","origin":[7.38415,0,9.32168]},"faces":{"north":{"uv":[13,13,15,15],"texture":"#particle"},"east":{"uv":[13,13,15,15],"texture":"#particle"},"west":{"uv":[13,13,15,15],"texture":"#particle"},"up":{"uv":[13,13,15,15],"texture":"#particle"},"down":{"uv":[13,13,15,15],"texture":"#particle"}}},{"from":[7.40625,-0.34375,10.80625],"to":[8.59375,0.34375,10.93125],"rotation":{"angle":0,"axis":"y","origin":[8,8,12.93125]},"faces":{"north":{"uv":[13,13,15,15],"texture":"#particle"},"east":{"uv":[13,13,15,15],"texture":"#particle"},"south":{"uv":[13,13,15,15],"texture":"#particle"},"west":{"uv":[13,13,15,15],"texture":"#particle"},"up":{"uv":[13,13,15,15],"texture":"#particle"},"down":{"uv":[13,13,15,15],"texture":"#particle"}}},{"from":[7.39628,-0.34375,10.57427],"to":[8.61503,0.34375,10.69927],"rotation":{"angle":-22.5,"axis":"y","origin":[8.02128,0,10.63677]},"faces":{"north":{"uv":[13,13,15,15],"texture":"#particle"},"south":{"uv":[13,13,15,15],"texture":"#particle"},"west":{"uv":[13,13,15,15],"texture":"#particle"},"up":{"uv":[13,13,15,15],"texture":"#particle"},"down":{"uv":[13,13,15,15],"texture":"#particle"}}},{"from":[7.40625,-0.34375,11.1875],"to":[8.59375,0.34375,11.3125],"rotation":{"angle":0,"axis":"y","origin":[8,8,14.5625]},"faces":{"north":{"uv":[13,13,15,15],"texture":"#particle"},"east":{"uv":[13,13,15,15],"texture":"#particle"},"south":{"uv":[13,13,15,15],"texture":"#particle"},"west":{"uv":[13,13,15,15],"texture":"#particle"},"up":{"uv":[13,13,15,15],"texture":"#particle"},"down":{"uv":[13,13,15,15],"texture":"#particle"}}},{"from":[8.55335,-0.34375,11.29576],"to":[8.67835,0.34375,11.79576],"rotation":{"angle":-45,"axis":"y","origin":[8.61585,0,11.20201]},"faces":{"east":{"uv":[13,13,15,15],"texture":"#particle"},"west":{"uv":[13,13,15,15],"texture":"#particle"},"up":{"uv":[13,13,15,15],"texture":"#particle"},"down":{"uv":[13,13,15,15],"texture":"#particle"}}},{"from":[8.0221,-0.34375,11.89082],"to":[8.5221,0.34375,12.01582],"rotation":{"angle":-45,"axis":"y","origin":[8.61585,0,11.95332]},"faces":{"north":{"uv":[13,13,15,15],"texture":"#particle"},"south":{"uv":[13,13,15,15],"texture":"#particle"},"up":{"uv":[13,13,15,15],"texture":"#particle"},"down":{"uv":[13,13,15,15],"texture":"#particle"}}},{"from":[7.40625,-0.34375,11.84283],"to":[8.59375,0.34375,11.96783],"rotation":{"angle":0,"axis":"y","origin":[8,8,15.21783]},"faces":{"north":{"uv":[13,13,15,15],"texture":"#particle"},"east":{"uv":[13,13,15,15],"texture":"#particle"},"south":{"uv":[13,13,15,15],"texture":"#particle"},"west":{"uv":[13,13,15,15],"texture":"#particle"},"up":{"uv":[13,13,15,15],"texture":"#particle"},"down":{"uv":[13,13,15,15],"texture":"#particle"}}},{"from":[7.40625,-0.34375,12.87408],"to":[8.59375,0.34375,12.99908],"rotation":{"angle":0,"axis":"y","origin":[8,8,16.24908]},"faces":{"north":{"uv":[13,13,15,15],"texture":"#particle"},"east":{"uv":[13,13,15,15],"texture":"#particle"},"south":{"uv":[13,13,15,15],"texture":"#particle"},"west":{"uv":[13,13,15,15],"texture":"#particle"},"up":{"uv":[13,13,15,15],"texture":"#particle"},"down":{"uv":[13,13,15,15],"texture":"#particle"}}},{"from":[7.6471,-0.34375,12.92207],"to":[8.5221,0.34375,13.04707],"rotation":{"angle":-45,"axis":"y","origin":[8.61585,0,12.98457]},"faces":{"north":{"uv":[13,13,15,15],"texture":"#particle"},"south":{"uv":[13,13,15,15],"texture":"#particle"},"up":{"uv":[13,13,15,15],"texture":"#particle"},"down":{"uv":[13,13,15,15],"texture":"#particle"}}},{"from":[8.55335,-0.34375,12.32701],"to":[8.67835,0.34375,13.20201],"rotation":{"angle":-45,"axis":"y","origin":[8.61585,0,12.23326]},"faces":{"east":{"uv":[13,13,15,15],"texture":"#particle"},"west":{"uv":[13,13,15,15],"texture":"#particle"},"up":{"uv":[13,13,15,15],"texture":"#particle"},"down":{"uv":[13,13,15,15],"texture":"#particle"}}},{"from":[7.40625,-0.34375,12.21875],"to":[8.59375,0.34375,12.34375],"rotation":{"angle":0,"axis":"y","origin":[8,8,15.59375]},"faces":{"north":{"uv":[13,13,15,15],"texture":"#particle"},"east":{"uv":[13,13,15,15],"texture":"#particle"},"south":{"uv":[13,13,15,15],"texture":"#particle"},"west":{"uv":[13,13,15,15],"texture":"#particle"},"up":{"uv":[13,13,15,15],"texture":"#particle"},"down":{"uv":[13,13,15,15],"texture":"#particle"}}},{"from":[7.40625,-0.34375,13.90533],"to":[8.59375,0.34375,14.03033],"rotation":{"angle":0,"axis":"y","origin":[8,8,17.28033]},"faces":{"north":{"uv":[13,13,15,15],"texture":"#particle"},"east":{"uv":[13,13,15,15],"texture":"#particle"},"south":{"uv":[13,13,15,15],"texture":"#particle"},"west":{"uv":[13,13,15,15],"texture":"#particle"},"up":{"uv":[13,13,15,15],"texture":"#particle"},"down":{"uv":[13,13,15,15],"texture":"#particle"}}},{"from":[8.0221,-0.34375,13.95332],"to":[8.5221,0.34375,14.07832],"rotation":{"angle":-45,"axis":"y","origin":[8.61585,0,14.01582]},"faces":{"north":{"uv":[13,13,15,15],"texture":"#particle"},"south":{"uv":[13,13,15,15],"texture":"#particle"},"up":{"uv":[13,13,15,15],"texture":"#particle"},"down":{"uv":[13,13,15,15],"texture":"#particle"}}},{"from":[8.55335,-0.34375,13.35826],"to":[8.67835,0.34375,13.85826],"rotation":{"angle":-45,"axis":"y","origin":[8.61585,0,13.26451]},"faces":{"east":{"uv":[13,13,15,15],"texture":"#particle"},"west":{"uv":[13,13,15,15],"texture":"#particle"},"up":{"uv":[13,13,15,15],"texture":"#particle"},"down":{"uv":[13,13,15,15],"texture":"#particle"}}},{"from":[7.40625,-0.34375,13.25],"to":[8.59375,0.34375,13.375],"rotation":{"angle":0,"axis":"y","origin":[8,8,16.625]},"faces":{"north":{"uv":[13,13,15,15],"texture":"#particle"},"east":{"uv":[13,13,15,15],"texture":"#particle"},"south":{"uv":[13,13,15,15],"texture":"#particle"},"west":{"uv":[13,13,15,15],"texture":"#particle"},"up":{"uv":[13,13,15,15],"texture":"#particle"},"down":{"uv":[13,13,15,15],"texture":"#particle"}}},{"from":[7.40625,-0.34375,14.99283],"to":[8.59375,0.34375,15.11783],"rotation":{"angle":0,"axis":"y","origin":[8,8,17.36783]},"faces":{"north":{"uv":[13,13,15,15],"texture":"#particle"},"east":{"uv":[13,13,15,15],"texture":"#particle"},"south":{"uv":[13,13,15,15],"texture":"#particle"},"west":{"uv":[13,13,15,15],"texture":"#particle"},"up":{"uv":[13,13,15,15],"texture":"#particle"},"down":{"uv":[13,13,15,15],"texture":"#particle"}}},{"from":[7.80779,-0.34375,14.21093],"to":[7.93279,0.34375,15.21093],"rotation":{"angle":-45,"axis":"y","origin":[7.87029,0,14.61718]},"faces":{"north":{"uv":[13,13,15,15],"texture":"#particle"},"east":{"uv":[13,13,15,15],"texture":"#particle"},"west":{"uv":[13,13,15,15],"texture":"#particle"},"up":{"uv":[13,13,15,15],"texture":"#particle"},"down":{"uv":[13,13,15,15],"texture":"#particle"}}},{"from":[8.30779,-0.34375,14.71093],"to":[8.43279,0.34375,15.21093],"rotation":{"angle":-45,"axis":"y","origin":[8.37029,0,14.61718]},"faces":{"north":{"uv":[13,13,15,15],"texture":"#particle"},"east":{"uv":[13,13,15,15],"texture":"#particle"},"west":{"uv":[13,13,15,15],"texture":"#particle"},"up":{"uv":[13,13,15,15],"texture":"#particle"},"down":{"uv":[13,13,15,15],"texture":"#particle"}}},{"from":[7.40625,-0.34375,16.03033],"to":[8.59375,0.34375,16.15533],"rotation":{"angle":0,"axis":"y","origin":[8,8,19.40533]},"faces":{"north":{"uv":[13,13,15,15],"texture":"#particle"},"east":{"uv":[13,13,15,15],"texture":"#particle"},"south":{"uv":[13,13,15,15],"texture":"#particle"},"west":{"uv":[13,13,15,15],"texture":"#particle"},"up":{"uv":[13,13,15,15],"texture":"#particle"},"down":{"uv":[13,13,15,15],"texture":"#particle"}}},{"from":[7.40625,-0.34375,15.375],"to":[8.59375,0.34375,15.5],"rotation":{"angle":0,"axis":"y","origin":[8,8,18.75]},"faces":{"north":{"uv":[13,13,15,15],"texture":"#particle"},"east":{"uv":[13,13,15,15],"texture":"#particle"},"south":{"uv":[13,13,15,15],"texture":"#particle"},"west":{"uv":[13,13,15,15],"texture":"#particle"},"up":{"uv":[13,13,15,15],"texture":"#particle"},"down":{"uv":[13,13,15,15],"texture":"#particle"}}},{"from":[8.55335,-0.34375,15.48326],"to":[8.67835,0.34375,15.98326],"rotation":{"angle":-45,"axis":"y","origin":[8.61585,0,15.38951]},"faces":{"east":{"uv":[13,13,15,15],"texture":"#particle"},"west":{"uv":[13,13,15,15],"texture":"#particle"},"up":{"uv":[13,13,15,15],"texture":"#particle"},"down":{"uv":[13,13,15,15],"texture":"#particle"}}},{"from":[8.0221,-0.34375,16.07832],"to":[8.5221,0.34375,16.20332],"rotation":{"angle":-45,"axis":"y","origin":[8.61585,0,16.14082]},"faces":{"north":{"uv":[13,13,15,15],"texture":"#particle"},"south":{"uv":[13,13,15,15],"texture":"#particle"},"up":{"uv":[13,13,15,15],"texture":"#particle"},"down":{"uv":[13,13,15,15],"texture":"#particle"}}},{"from":[7.40625,-0.34375,17.15],"to":[8.59375,0.34375,17.275],"rotation":{"angle":0,"axis":"y","origin":[8,8,18.11875]},"faces":{"north":{"uv":[13,13,15,15],"texture":"#particle"},"east":{"uv":[13,13,15,15],"texture":"#particle"},"south":{"uv":[13,13,15,15],"texture":"#particle"},"west":{"uv":[13,13,15,15],"texture":"#particle"},"up":{"uv":[13,13,15,15],"texture":"#particle"},"down":{"uv":[13,13,15,15],"texture":"#particle"}}},{"from":[7.32165,-0.34375,16.51451],"to":[7.44665,0.34375,17.51451],"rotation":{"angle":45,"axis":"y","origin":[7.38415,0,16.42076]},"faces":{"east":{"uv":[13,13,15,15],"texture":"#particle"},"south":{"uv":[13,13,15,15],"texture":"#particle"},"west":{"uv":[13,13,15,15],"texture":"#particle"},"up":{"uv":[13,13,15,15],"texture":"#particle"},"down":{"uv":[13,13,15,15],"texture":"#particle"}}},{"from":[7.89043,-0.34375,16.44132],"to":[8.01543,0.34375,17.44132],"rotation":{"angle":45,"axis":"y","origin":[7.95293,0,16.59757]},"faces":{"north":{"uv":[13,13,15,15],"texture":"#particle"},"east":{"uv":[13,13,15,15],"texture":"#particle"},"west":{"uv":[13,13,15,15],"texture":"#particle"},"up":{"uv":[13,13,15,15],"texture":"#particle"},"down":{"uv":[13,13,15,15],"texture":"#particle"}}},{"from":[7.40625,-0.34375,16.40625],"to":[8.59375,0.34375,16.53125],"rotation":{"angle":0,"axis":"y","origin":[8,8,18.125]},"faces":{"north":{"uv":[13,13,15,15],"texture":"#particle"},"east":{"uv":[13,13,15,15],"texture":"#particle"},"south":{"uv":[13,13,15,15],"texture":"#particle"},"west":{"uv":[13,13,15,15],"texture":"#particle"},"up":{"uv":[13,13,15,15],"texture":"#particle"},"down":{"uv":[13,13,15,15],"texture":"#particle"}}},{"from":[7.66854,-0.34375,17.93101],"to":[8.66854,0.34375,18.05601],"rotation":{"angle":-45,"axis":"y","origin":[8.26229,0,17.99351]},"faces":{"north":{"uv":[13,13,15,15],"texture":"#particle"},"south":{"uv":[13,13,15,15],"texture":"#particle"},"west":{"uv":[13,13,15,15],"texture":"#particle"},"up":{"uv":[13,13,15,15],"texture":"#particle"},"down":{"uv":[13,13,15,15],"texture":"#particle"}}},{"from":[7.72346,-0.34375,17.79843],"to":[8.22346,0.34375,17.92343],"rotation":{"angle":-45,"axis":"y","origin":[7.62971,0,17.86093]},"faces":{"north":{"uv":[13,13,15,15],"texture":"#particle"},"south":{"uv":[13,13,15,15],"texture":"#particle"},"west":{"uv":[13,13,15,15],"texture":"#particle"},"up":{"uv":[13,13,15,15],"texture":"#particle"},"down":{"uv":[13,13,15,15],"texture":"#particle"}}},{"from":[7.40625,-0.34375,18.23658],"to":[8.59375,0.34375,18.36158],"rotation":{"angle":0,"axis":"y","origin":[8,8,17.36158]},"faces":{"north":{"uv":[13,13,15,15],"texture":"#particle"},"east":{"uv":[13,13,15,15],"texture":"#particle"},"south":{"uv":[13,13,15,15],"texture":"#particle"},"west":{"uv":[13,13,15,15],"texture":"#particle"},"up":{"uv":[13,13,15,15],"texture":"#particle"},"down":{"uv":[13,13,15,15],"texture":"#particle"}}},{"name":"octagon","from":[7.37868,-0.75,29],"to":[8.62132,0.75,29.5],"rotation":{"angle":45,"axis":"y","origin":[8,0,30.5]},"faces":{"north":{"uv":[13,13,15,15],"texture":"#particle"},"south":{"uv":[13,13,15,15],"texture":"#particle"},"up":{"uv":[13,13,15,15],"texture":"#particle"},"down":{"uv":[13,13,15,15],"texture":"#particle"}}},{"name":"octagon","from":[7.37868,-0.75,29],"to":[8.62132,0.75,29.5],"rotation":{"angle":0,"axis":"y","origin":[8,0,30.5]},"faces":{"north":{"uv":[13,13,15,15],"texture":"#particle"},"south":{"uv":[13,13,15,15],"texture":"#particle"},"up":{"uv":[13,13,15,15],"texture":"#particle"},"down":{"uv":[13,13,15,15],"texture":"#particle"}}},{"name":"octagon","from":[7.37868,-0.75,31.5],"to":[8.62132,0.75,32],"rotation":{"angle":45,"axis":"y","origin":[8,0,30.5]},"faces":{"north":{"uv":[13,13,15,15],"texture":"#particle"},"south":{"uv":[13,13,15,15],"texture":"#particle"},"up":{"uv":[13,13,15,15],"texture":"#particle"},"down":{"uv":[13,13,15,15],"texture":"#particle"}}},{"name":"octagon","from":[7.37868,-0.75,31.5],"to":[8.62132,0.75,32],"rotation":{"angle":0,"axis":"y","origin":[8,0,30.5]},"faces":{"north":{"uv":[13,13,15,15],"texture":"#particle"},"south":{"uv":[13,13,15,15],"texture":"#particle"},"up":{"uv":[13,13,15,15],"texture":"#particle"},"down":{"uv":[13,13,15,15],"texture":"#particle"}}},{"name":"octagon","from":[6.5,-0.75,29.87868],"to":[7,0.75,31.12132],"rotation":{"angle":45,"axis":"y","origin":[8,0,30.5]},"faces":{"east":{"uv":[13,13,15,15],"texture":"#particle"},"west":{"uv":[13,13,15,15],"texture":"#particle"},"up":{"uv":[13,13,15,15],"texture":"#particle"},"down":{"uv":[13,13,15,15],"texture":"#particle"}}},{"name":"octagon","from":[6.5,-0.75,29.87868],"to":[7,0.75,31.12132],"rotation":{"angle":0,"axis":"y","origin":[8,0,30.5]},"faces":{"east":{"uv":[13,13,15,15],"texture":"#particle"},"west":{"uv":[13,13,15,15],"texture":"#particle"},"up":{"uv":[13,13,15,15],"texture":"#particle"},"down":{"uv":[13,13,15,15],"texture":"#particle"}}},{"name":"octagon","from":[9,-0.75,29.87868],"to":[9.5,0.75,31.12132],"rotation":{"angle":45,"axis":"y","origin":[8,0,30.5]},"faces":{"east":{"uv":[13,13,15,15],"texture":"#particle"},"west":{"uv":[13,13,15,15],"texture":"#particle"},"up":{"uv":[13,13,15,15],"texture":"#particle"},"down":{"uv":[13,13,15,15],"texture":"#particle"}}},{"name":"octagon","from":[9,-0.75,29.87868],"to":[9.5,0.75,31.12132],"rotation":{"angle":0,"axis":"y","origin":[8,0,30.5]},"faces":{"east":{"uv":[13,13,15,15],"texture":"#particle"},"west":{"uv":[13,13,15,15],"texture":"#particle"},"up":{"uv":[13,13,15,15],"texture":"#particle"},"down":{"uv":[13,13,15,15],"texture":"#particle"}}},{"from":[6.96875,-0.5,29.46875],"to":[9.03125,0.5,31.53125],"faces":{"up":{"uv":[9,13,11,15],"texture":"#particle"},"down":{"uv":[9,13,11,15],"texture":"#particle"}}},{"from":[7.25,-0.75,30.3125],"to":[8.75,0.75,30.5],"rotation":{"angle":0,"axis":"y","origin":[8,8,7.9375]},"faces":{"north":{"uv":[13,13,15,15],"texture":"#particle"},"east":{"uv":[13,13,15,15],"texture":"#particle"},"west":{"uv":[13,13,15,15],"texture":"#particle"},"up":{"uv":[13,13,15,15],"texture":"#particle"},"down":{"uv":[13,13,15,15],"texture":"#particle"}}},{"from":[7.25,-0.75,30.0625],"to":[8.75,0.75,30.1875],"rotation":{"angle":0,"axis":"y","origin":[8,8,7.9375]},"faces":{"north":{"uv":[13,13,15,15],"texture":"#particle"},"east":{"uv":[13,13,15,15],"texture":"#particle"},"south":{"uv":[13,13,15,15],"texture":"#particle"},"west":{"uv":[13,13,15,15],"texture":"#particle"},"up":{"uv":[13,13,15,15],"texture":"#particle"},"down":{"uv":[13,13,15,15],"texture":"#particle"}}},{"from":[7.25,-0.75,30.4375],"to":[7.375,0.75,30.9375],"rotation":{"angle":0,"axis":"y","origin":[8,8,7.9375]},"faces":{"south":{"uv":[13,13,15,15],"texture":"#particle"},"west":{"uv":[13,13,15,15],"texture":"#particle"},"up":{"uv":[13,13,15,15],"texture":"#particle"},"down":{"uv":[13,13,15,15],"texture":"#particle"}}},{"from":[8.625,-0.75,30.4375],"to":[8.75,0.75,30.9375],"rotation":{"angle":0,"axis":"y","origin":[8,8,7.9375]},"faces":{"east":{"uv":[13,13,15,15],"texture":"#particle"},"south":{"uv":[13,13,15,15],"texture":"#particle"},"up":{"uv":[13,13,15,15],"texture":"#particle"},"down":{"uv":[13,13,15,15],"texture":"#particle"}}},{"from":[8.16875,-0.75,30.46875],"to":[8.29375,0.75,30.9375],"rotation":{"angle":0,"axis":"y","origin":[8.23125,8,7.9375]},"faces":{"south":{"uv":[13,13,15,15],"texture":"#particle"},"up":{"uv":[13,13,15,15],"texture":"#particle"},"down":{"uv":[13,13,15,15],"texture":"#particle"}}},{"from":[8.10625,-0.75,30.46875],"to":[8.35625,0.75,30.625],"rotation":{"angle":0,"axis":"y","origin":[8.23125,8,7.9375]},"faces":{"up":{"uv":[13,13,15,15],"texture":"#particle"},"down":{"uv":[13,13,15,15],"texture":"#particle"}}},{"from":[7.70625,-0.75,30.46875],"to":[7.83125,0.75,30.9375],"rotation":{"angle":0,"axis":"y","origin":[7.76875,8,7.9375]},"faces":{"south":{"uv":[13,13,15,15],"texture":"#particle"},"up":{"uv":[13,13,15,15],"texture":"#particle"},"down":{"uv":[13,13,15,15],"texture":"#particle"}}},{"from":[7.64375,-0.75,30.46875],"to":[7.89375,0.75,30.625],"rotation":{"angle":0,"axis":"y","origin":[7.76875,8,7.9375]},"faces":{"up":{"uv":[13,13,15,15],"texture":"#particle"},"down":{"uv":[13,13,15,15],"texture":"#particle"}}},{"from":[8.47198,-0.75,30.35571],"to":[8.59698,0.75,30.91821],"rotation":{"angle":22.5,"axis":"y","origin":[8.59698,0,30.54321]},"faces":{"west":{"uv":[13,13,15,15],"texture":"#particle"},"up":{"uv":[13,13,15,15],"texture":"#particle"},"down":{"uv":[13,13,15,15],"texture":"#particle"}}},{"from":[8.56573,-0.75,30.48071],"to":[8.65948,0.75,30.63696],"rotation":{"angle":22.5,"axis":"y","origin":[8.59698,0,30.54321]},"faces":{"up":{"uv":[13,13,15,15],"texture":"#particle"},"down":{"uv":[13,13,15,15],"texture":"#particle"}}},{"from":[8.01573,-0.75,30.35571],"to":[8.14073,0.75,30.91821],"rotation":{"angle":22.5,"axis":"y","origin":[8.14073,0,30.54321]},"faces":{"west":{"uv":[13,13,15,15],"texture":"#particle"},"up":{"uv":[13,13,15,15],"texture":"#particle"},"down":{"uv":[13,13,15,15],"texture":"#particle"}}},{"from":[7.55323,-0.75,30.35571],"to":[7.67823,0.75,30.91821],"rotation":{"angle":22.5,"axis":"y","origin":[7.67823,0,30.54321]},"faces":{"west":{"uv":[13,13,15,15],"texture":"#particle"},"up":{"uv":[13,13,15,15],"texture":"#particle"},"down":{"uv":[13,13,15,15],"texture":"#particle"}}},{"from":[7.40302,-0.75,30.35571],"to":[7.52802,0.75,30.91821],"rotation":{"angle":-22.5,"axis":"y","origin":[7.40302,0,30.54321]},"faces":{"east":{"uv":[13,13,15,15],"texture":"#particle"},"up":{"uv":[13,13,15,15],"texture":"#particle"},"down":{"uv":[13,13,15,15],"texture":"#particle"}}},{"from":[7.34052,-0.75,30.48071],"to":[7.43427,0.75,30.63696],"rotation":{"angle":-22.5,"axis":"y","origin":[7.40302,0,30.54321]},"faces":{"up":{"uv":[13,13,15,15],"texture":"#particle"},"down":{"uv":[13,13,15,15],"texture":"#particle"}}},{"from":[8.32177,-0.75,30.35571],"to":[8.44677,0.75,30.91821],"rotation":{"angle":-22.5,"axis":"y","origin":[8.32177,0,30.54321]},"faces":{"east":{"uv":[13,13,15,15],"texture":"#particle"},"up":{"uv":[13,13,15,15],"texture":"#particle"},"down":{"uv":[13,13,15,15],"texture":"#particle"}}},{"from":[7.85927,-0.75,30.35571],"to":[7.98427,0.75,30.91821],"rotation":{"angle":-22.5,"axis":"y","origin":[7.85927,0,30.54321]},"faces":{"east":{"uv":[13,13,15,15],"texture":"#particle"},"up":{"uv":[13,13,15,15],"texture":"#particle"},"down":{"uv":[13,13,15,15],"texture":"#particle"}}},{"from":[7.875,-0.625,21.125],"to":[8.125,0.625,21.375],"rotation":{"angle":-45,"axis":"y","origin":[8,0,21.25]},"faces":{"north":{"uv":[5,13,7,15],"texture":"#particle"},"east":{"uv":[5,13,7,15],"texture":"#particle"},"south":{"uv":[5,13,7,15],"texture":"#particle"},"west":{"uv":[5,13,7,15],"texture":"#particle"},"up":{"uv":[5,13,7,15],"texture":"#particle"},"down":{"uv":[5,13,7,15],"texture":"#particle"}}},{"from":[7.875,-0.625,22.375],"to":[8.125,0.625,22.625],"rotation":{"angle":-45,"axis":"y","origin":[8,0,22.5]},"faces":{"north":{"uv":[5,13,7,15],"texture":"#particle"},"east":{"uv":[5,13,7,15],"texture":"#particle"},"south":{"uv":[5,13,7,15],"texture":"#particle"},"west":{"uv":[5,13,7,15],"texture":"#particle"},"up":{"uv":[5,13,7,15],"texture":"#particle"},"down":{"uv":[5,13,7,15],"texture":"#particle"}}},{"from":[7.875,-0.625,23.625],"to":[8.125,0.625,23.875],"rotation":{"angle":-45,"axis":"y","origin":[8,0,23.75]},"faces":{"north":{"uv":[5,13,7,15],"texture":"#particle"},"east":{"uv":[5,13,7,15],"texture":"#particle"},"south":{"uv":[5,13,7,15],"texture":"#particle"},"west":{"uv":[5,13,7,15],"texture":"#particle"},"up":{"uv":[5,13,7,15],"texture":"#particle"},"down":{"uv":[5,13,7,15],"texture":"#particle"}}},{"from":[7.875,-0.625,24.875],"to":[8.125,0.625,25.125],"rotation":{"angle":-45,"axis":"y","origin":[8,0,25]},"faces":{"north":{"uv":[5,13,7,15],"texture":"#particle"},"east":{"uv":[5,13,7,15],"texture":"#particle"},"south":{"uv":[5,13,7,15],"texture":"#particle"},"west":{"uv":[5,13,7,15],"texture":"#particle"},"up":{"uv":[5,13,7,15],"texture":"#particle"},"down":{"uv":[5,13,7,15],"texture":"#particle"}}},{"from":[7.875,-0.625,26.125],"to":[8.125,0.625,26.375],"rotation":{"angle":-45,"axis":"y","origin":[8,0,26.25]},"faces":{"north":{"uv":[5,13,7,15],"texture":"#particle"},"east":{"uv":[5,13,7,15],"texture":"#particle"},"south":{"uv":[5,13,7,15],"texture":"#particle"},"west":{"uv":[5,13,7,15],"texture":"#particle"},"up":{"uv":[5,13,7,15],"texture":"#particle"},"down":{"uv":[5,13,7,15],"texture":"#particle"}}},{"from":[7.875,-0.625,27.375],"to":[8.125,0.625,27.625],"rotation":{"angle":-45,"axis":"y","origin":[8,0,27.5]},"faces":{"north":{"uv":[5,13,7,15],"texture":"#particle"},"east":{"uv":[5,13,7,15],"texture":"#particle"},"south":{"uv":[5,13,7,15],"texture":"#particle"},"west":{"uv":[5,13,7,15],"texture":"#particle"},"up":{"uv":[5,13,7,15],"texture":"#particle"},"down":{"uv":[5,13,7,15],"texture":"#particle"}}},{"from":[7.875,-0.625,28.625],"to":[8.125,0.625,28.875],"rotation":{"angle":-45,"axis":"y","origin":[8,0,28.75]},"faces":{"north":{"uv":[5,13,7,15],"texture":"#particle"},"east":{"uv":[5,13,7,15],"texture":"#particle"},"south":{"uv":[5,13,7,15],"texture":"#particle"},"west":{"uv":[5,13,7,15],"texture":"#particle"},"up":{"uv":[5,13,7,15],"texture":"#particle"},"down":{"uv":[5,13,7,15],"texture":"#particle"}}}],"display":{"thirdperson_righthand":{"rotation":[90,0,90],"translation":[-4.8,8.2,1.4],"scale":[0.6,0.6,0.6]},"thirdperson_lefthand":{"rotation":[90,0,-90],"translation":[4.8,7.45,1.4],"scale":[0.6,0.6,0.6]},"firstperson_righthand":{"rotation":[90,0,90],"translation":[0.5,8,-1],"scale":[0.5,0.5,0.6]},"firstperson_lefthand":{"rotation":[90,0,-90],"translation":[8.5,8,-1],"scale":[0.5,0.5,0.6]},"ground":{"rotation":[-75,-25,0],"translation":[-3,6.5,-0.5],"scale":[0.3,0.3,0.3]},"gui":{"rotation":[90,45,0],"translation":[-0.05,0.15,0],"scale":[0.44,0.44,0.44]},"head":{"rotation":[-90,40,180],"translation":[5,-15,12],"scale":[0.9,0.9,0.9]},"fixed":{"rotation":[-90,-135,0],"translation":[0,0,-5],"scale":[0.54,0.54,0.54]}}}