{
	"credit": "Made with Blockbench",
	"textures": {
		"0": "itemskin:item/null_bow_pulling_0",
		"1": "itemskin:item/null_arrow_shiny",
		"particle": "itemskin:item/null_bow_pulling_0"
	},
	"elements": [
		{
			"from": [7.3136, 1.98, 5.33566],
			"to": [8.6864, 9.02, 6.74366],
			"rotation": {"angle": 0, "axis": "y", "origin": [8, 5.5, 8.5]},
			"faces": {
				"north": {"uv": [6.375, 6.625, 6.625, 7.875], "texture": "#0"},
				"east": {"uv": [0, 6.75, 0.25, 8], "texture": "#0"},
				"south": {"uv": [0.375, 6.75, 0.625, 8], "texture": "#0"},
				"west": {"uv": [0.75, 6.75, 1, 8], "texture": "#0"},
				"up": {"uv": [4.625, 6.25, 4.375, 6], "texture": "#0"},
				"down": {"uv": [8.875, 3.875, 8.625, 4.125], "texture": "#0"}
			}
		},
		{
			"from": [7.12, 6.908, 5.15966],
			"to": [8.88, 7.612, 6.91966],
			"rotation": {"angle": 0, "axis": "y", "origin": [8, 5.5, 8.5]},
			"faces": {
				"north": {"uv": [7, 6.375, 7.3125, 6.5], "texture": "#0"},
				"east": {"uv": [8.75, 8.25, 9.0625, 8.375], "texture": "#0"},
				"south": {"uv": [9, 8.5, 9.3125, 8.625], "texture": "#0"},
				"west": {"uv": [9, 8.75, 9.3125, 8.875], "texture": "#0"},
				"up": {"uv": [8.6875, 0.8125, 8.375, 0.5], "texture": "#0"},
				"down": {"uv": [8.6875, 1, 8.375, 1.3125], "texture": "#0"}
			}
		},
		{
			"from": [7.296, 9.20074, 5.7293],
			"to": [8.704, 10.60874, 11.3613],
			"rotation": {"angle": -45, "axis": "x", "origin": [8, 5.5, 8.5]},
			"faces": {
				"north": {"uv": [8.625, 7.5, 8.875, 7.75], "texture": "#0"},
				"east": {"uv": [7.125, 2, 8.125, 2.25], "texture": "#0"},
				"south": {"uv": [8.75, 4.25, 9, 4.5], "texture": "#0"},
				"west": {"uv": [7.125, 2.375, 8.125, 2.625], "texture": "#0"},
				"up": {"uv": [7, 8.125, 6.75, 7.125], "texture": "#0"},
				"down": {"uv": [7.375, 7.125, 7.125, 8.125], "texture": "#0"}
			}
		},
		{
			"from": [8, 10.60874, 5.7293],
			"to": [8, 13.42474, 11.3613],
			"rotation": {"angle": -45, "axis": "x", "origin": [8, 5.5, 8.5]},
			"faces": {
				"north": {"uv": [4.75, 9.375, 4.75, 9.875], "texture": "#0"},
				"east": {"uv": [6, 1.5, 7, 2], "texture": "#0"},
				"south": {"uv": [4.875, 9.375, 4.875, 9.875], "texture": "#0"},
				"west": {"uv": [6, 2.125, 7, 2.625], "texture": "#0"},
				"up": {"uv": [5, 10.375, 5, 9.375], "texture": "#0"},
				"down": {"uv": [5.125, 9.375, 5.125, 10.375], "texture": "#0"}
			}
		},
		{
			"from": [7.472, 7.7201, 5.47985],
			"to": [8.528, 8.7761, 6.88785],
			"rotation": {"angle": 22.5, "axis": "x", "origin": [8, 5.5, 8.5]},
			"faces": {
				"north": {"uv": [9.25, 0.375, 9.4375, 0.5625], "texture": "#0"},
				"east": {"uv": [9, 1.875, 9.25, 2.0625], "texture": "#0"},
				"south": {"uv": [9.25, 0.75, 9.4375, 0.9375], "texture": "#0"},
				"west": {"uv": [9, 2.25, 9.25, 2.4375], "texture": "#0"},
				"up": {"uv": [9.1875, 2.875, 9, 2.625], "texture": "#0"},
				"down": {"uv": [9.1875, 3, 9, 3.25], "texture": "#0"}
			}
		},
		{
			"from": [7.648, 7.3061, 8.73551],
			"to": [8.352, 8.7141, 9.43951],
			"rotation": {"angle": -22.5, "axis": "x", "origin": [8, 5.5, 8.5]},
			"faces": {
				"north": {"uv": [3, 7.875, 3.125, 8.125], "texture": "#0"},
				"east": {"uv": [5.125, 8.125, 5.25, 8.375], "texture": "#0"},
				"south": {"uv": [3, 8.25, 3.125, 8.5], "texture": "#0"},
				"west": {"uv": [7.25, 8.25, 7.375, 8.5], "texture": "#0"},
				"up": {"uv": [7.25, 3.25, 7.125, 3.125], "texture": "#0"},
				"down": {"uv": [7.625, 6.375, 7.5, 6.5], "texture": "#0"}
			}
		},
		{
			"from": [7.648, 17.63856, 15.52823],
			"to": [8.352, 19.04656, 16.23223],
			"rotation": {"angle": -22.5, "axis": "x", "origin": [8, 5.5, 8.5]},
			"faces": {
				"north": {"uv": [7.25, 8.625, 7.375, 8.875], "texture": "#0"},
				"east": {"uv": [3.5, 9.25, 3.625, 9.5], "texture": "#0"},
				"south": {"uv": [9.125, 9.25, 9.25, 9.5], "texture": "#0"},
				"west": {"uv": [0.375, 9.375, 0.5, 9.625], "texture": "#0"},
				"up": {"uv": [6.625, 8.125, 6.5, 8], "texture": "#0"},
				"down": {"uv": [8.375, 2.875, 8.25, 3], "texture": "#0"}
			}
		},
		{
			"from": [7.472, 18.71391, 4.89022],
			"to": [8.528, 19.76991, 6.29822],
			"rotation": {"angle": 22.5, "axis": "x", "origin": [8, 5.5, 8.5]},
			"faces": {
				"north": {"uv": [1.125, 9.25, 1.3125, 9.4375], "texture": "#0"},
				"east": {"uv": [9, 3.375, 9.25, 3.5625], "texture": "#0"},
				"south": {"uv": [9.25, 1.125, 9.4375, 1.3125], "texture": "#0"},
				"west": {"uv": [3.75, 9, 4, 9.1875], "texture": "#0"},
				"up": {"uv": [9.1875, 4, 9, 3.75], "texture": "#0"},
				"down": {"uv": [4.3125, 9, 4.125, 9.25], "texture": "#0"}
			}
		},
		{
			"from": [7.12, 9.56117, 4.58457],
			"to": [8.88, 18.00917, 6.34457],
			"rotation": {"angle": 22.5, "axis": "x", "origin": [8, 5.5, 8.5]},
			"faces": {
				"north": {"uv": [3.375, 6, 3.6875, 7.5], "texture": "#0"},
				"east": {"uv": [6, 3.375, 6.3125, 4.875], "texture": "#0"},
				"south": {"uv": [3.875, 6, 4.1875, 7.5], "texture": "#0"},
				"west": {"uv": [6, 5, 6.3125, 6.5], "texture": "#0"},
				"up": {"uv": [8.3125, 6.1875, 8, 5.875], "texture": "#0"},
				"down": {"uv": [8.5625, 4.375, 8.25, 4.6875], "texture": "#0"}
			}
		},
		{
			"from": [4.656, 9.56117, 5.28857],
			"to": [7.12, 18.00917, 5.28857],
			"rotation": {"angle": 22.5, "axis": "x", "origin": [8, 5.5, 8.5]},
			"faces": {
				"north": {"uv": [4.75, 0, 5.1875, 1.5], "texture": "#0"},
				"east": {"uv": [5.25, 9.375, 5.25, 10.875], "texture": "#0"},
				"south": {"uv": [5.1875, 0, 4.75, 1.5], "texture": "#0"},
				"west": {"uv": [5.375, 9.375, 5.375, 10.875], "texture": "#0"},
				"up": {"uv": [9.6875, 5.75, 9.25, 5.75], "texture": "#0"},
				"down": {"uv": [9.8125, 3.875, 9.375, 3.875], "texture": "#0"}
			}
		},
		{
			"from": [8.88, 9.56117, 5.28857],
			"to": [11.344, 18.00917, 5.28857],
			"rotation": {"angle": 22.5, "axis": "x", "origin": [8, 5.5, 8.5]},
			"faces": {
				"north": {"uv": [5.1875, 0, 4.75, 1.5], "texture": "#0"},
				"east": {"uv": [5.375, 9.375, 5.375, 10.875], "texture": "#0"},
				"south": {"uv": [4.75, 0, 5.1875, 1.5], "texture": "#0"},
				"west": {"uv": [5.25, 9.375, 5.25, 10.875], "texture": "#0"},
				"up": {"uv": [9.25, 5.75, 9.6875, 5.75], "texture": "#0"},
				"down": {"uv": [9.375, 3.875, 9.8125, 3.875], "texture": "#0"}
			}
		},
		{
			"from": [7.472, 10.44117, 5.99257],
			"to": [8.528, 14.66517, 7.04857],
			"rotation": {"angle": 22.5, "axis": "x", "origin": [8, 5.5, 8.5]},
			"faces": {
				"north": {"uv": [8, 5, 8.1875, 5.75], "texture": "#0"},
				"east": {"uv": [6.125, 8, 6.3125, 8.75], "texture": "#0"},
				"south": {"uv": [0, 8.125, 0.1875, 8.875], "texture": "#0"},
				"west": {"uv": [0.375, 8.125, 0.5625, 8.875], "texture": "#0"},
				"up": {"uv": [6.5625, 9.3125, 6.375, 9.125], "texture": "#0"},
				"down": {"uv": [6.9375, 9.125, 6.75, 9.3125], "texture": "#0"}
			}
		},
		{
			"from": [7.472, 13.12926, 1.88272],
			"to": [8.528, 19.11326, 3.64272],
			"rotation": {"angle": 45, "axis": "x", "origin": [8, 5.5, 8.5]},
			"faces": {
				"north": {"uv": [1.5, 7.625, 1.6875, 8.6875], "texture": "#0"},
				"east": {"uv": [5.375, 6.5, 5.6875, 7.5625], "texture": "#0"},
				"south": {"uv": [1.875, 7.625, 2.0625, 8.6875], "texture": "#0"},
				"west": {"uv": [2.25, 6.625, 2.5625, 7.6875], "texture": "#0"},
				"up": {"uv": [9.0625, 5.6875, 8.875, 5.375], "texture": "#0"},
				"down": {"uv": [5.8125, 8.875, 5.625, 9.1875], "texture": "#0"}
			}
		},
		{
			"from": [7.1024, 15.35394, 14.57669],
			"to": [8.8976, 17.11394, 19.15269],
			"rotation": {"angle": -22.5, "axis": "x", "origin": [8, 5.5, 8.5]},
			"faces": {
				"north": {"uv": [8.25, 8, 8.5625, 8.3125], "texture": "#0"},
				"east": {"uv": [1.125, 6.75, 1.9375, 7.0625], "texture": "#0"},
				"south": {"uv": [8.375, 0, 8.6875, 0.3125], "texture": "#0"},
				"west": {"uv": [6.75, 6.625, 7.5625, 6.9375], "texture": "#0"},
				"up": {"uv": [7.3125, 4.1875, 7, 3.375], "texture": "#0"},
				"down": {"uv": [7.3125, 4.375, 7, 5.1875], "texture": "#0"}
			}
		},
		{
			"from": [7.472, 20.02432, 7.56514],
			"to": [8.528, 24.60032, 8.97314],
			"rotation": {"angle": 22.5, "axis": "x", "origin": [8, 5.5, 8.5]},
			"faces": {
				"north": {"uv": [5.75, 7.875, 5.9375, 8.6875], "texture": "#0"},
				"east": {"uv": [7.5, 7.125, 7.75, 7.9375], "texture": "#0"},
				"south": {"uv": [7.875, 7.125, 8.0625, 7.9375], "texture": "#0"},
				"west": {"uv": [7.625, 0, 7.875, 0.8125], "texture": "#0"},
				"up": {"uv": [0.5625, 9.25, 0.375, 9], "texture": "#0"},
				"down": {"uv": [0.9375, 9, 0.75, 9.25], "texture": "#0"}
			}
		},
		{
			"from": [7.472, 13.42807, 7.70313],
			"to": [8.528, 17.30007, 8.75913],
			"rotation": {"angle": 0, "axis": "x", "origin": [8, 5.5, 8.5]},
			"faces": {
				"north": {"uv": [7.875, 8.125, 8.0625, 8.8125], "texture": "#0"},
				"east": {"uv": [8.25, 2, 8.4375, 2.6875], "texture": "#0"},
				"south": {"uv": [2.25, 8.25, 2.4375, 8.9375], "texture": "#0"},
				"west": {"uv": [2.625, 8.25, 2.8125, 8.9375], "texture": "#0"},
				"up": {"uv": [9.3125, 7.9375, 9.125, 7.75], "texture": "#0"},
				"down": {"uv": [8.1875, 9.125, 8, 9.3125], "texture": "#0"}
			}
		},
		{
			"from": [7.4984, 13.66068, 15.97114],
			"to": [8.5016, 16.12468, 17.02714],
			"rotation": {"angle": -45, "axis": "x", "origin": [8, 5.5, 8.5]},
			"faces": {
				"north": {"uv": [4, 8.375, 4.1875, 8.8125], "texture": "#0"},
				"east": {"uv": [8.25, 8.5, 8.4375, 8.9375], "texture": "#0"},
				"south": {"uv": [1.125, 8.625, 1.3125, 9.0625], "texture": "#0"},
				"west": {"uv": [8.625, 2, 8.8125, 2.4375], "texture": "#0"},
				"up": {"uv": [8.5625, 9.3125, 8.375, 9.125], "texture": "#0"},
				"down": {"uv": [9.4375, 0, 9.25, 0.1875], "texture": "#0"}
			}
		},
		{
			"from": [7.2784, 6.15763, 0.404],
			"to": [8.7216, 7.56563, 3.924],
			"rotation": {"angle": 0, "axis": "x", "origin": [8, 5.5, 8.5]},
			"faces": {
				"north": {"uv": [8.75, 7.875, 9, 8.125], "texture": "#0"},
				"east": {"uv": [7.75, 6.375, 8.375, 6.625], "texture": "#0"},
				"south": {"uv": [8.875, 0, 9.125, 0.25], "texture": "#0"},
				"west": {"uv": [7.75, 6.75, 8.375, 7], "texture": "#0"},
				"up": {"uv": [4.25, 8.25, 4, 7.625], "texture": "#0"},
				"down": {"uv": [5.625, 7.75, 5.375, 8.375], "texture": "#0"}
			}
		},
		{
			"from": [7.296, 8.27803, 4.16298],
			"to": [8.704, 9.68603, 5.57098],
			"rotation": {"angle": -45, "axis": "x", "origin": [8, 5.5, 8.5]},
			"faces": {
				"north": {"uv": [8.875, 0.375, 9.125, 0.625], "texture": "#0"},
				"east": {"uv": [8.875, 0.75, 9.125, 1], "texture": "#0"},
				"south": {"uv": [8.875, 1.125, 9.125, 1.375], "texture": "#0"},
				"west": {"uv": [1.5, 8.875, 1.75, 9.125], "texture": "#0"},
				"up": {"uv": [9.125, 1.75, 8.875, 1.5], "texture": "#0"},
				"down": {"uv": [2.125, 8.875, 1.875, 9.125], "texture": "#0"}
			}
		},
		{
			"from": [8, 5.45363, -3.116],
			"to": [8, 8.97363, 2.516],
			"rotation": {"angle": 0, "axis": "x", "origin": [8, 5.5, 8.5]},
			"faces": {
				"north": {"uv": [3.25, 6.625, 3.25, 7.25], "texture": "#0"},
				"east": {"uv": [0, 6, 1, 6.625], "texture": "#0"},
				"south": {"uv": [4.375, 9.375, 4.375, 10], "texture": "#0"},
				"west": {"uv": [6, 0, 7, 0.625], "texture": "#0"},
				"up": {"uv": [4.5, 10.375, 4.5, 9.375], "texture": "#0"},
				"down": {"uv": [4.625, 9.375, 4.625, 10.375], "texture": "#0"}
			}
		},
		{
			"from": [8, -11.396, 9.464],
			"to": [8, 21.692, 22.136],
			"rotation": {"angle": 0, "axis": "x", "origin": [8, 5.5, 8.5]},
			"faces": {
				"north": {"uv": [7.125, 9.125, 7.125, 15], "texture": "#0"},
				"east": {"uv": [0, 0, 2.25, 5.875], "texture": "#0"},
				"south": {"uv": [4, 9.375, 4, 15.25], "texture": "#0"},
				"west": {"uv": [2.375, 0, 4.625, 5.875], "texture": "#0"},
				"up": {"uv": [4.125, 11.625, 4.125, 9.375], "texture": "#0"},
				"down": {"uv": [4.25, 9.375, 4.25, 11.625], "texture": "#0"}
			}
		},
		{
			"from": [8, 2.02637, -3.116],
			"to": [8, 5.54637, 2.516],
			"rotation": {"angle": 0, "axis": "x", "origin": [8, 5.5, 8.5]},
			"faces": {
				"north": {"uv": [3.25, 7.25, 3.25, 6.625], "texture": "#0"},
				"east": {"uv": [0, 6.625, 1, 6], "texture": "#0"},
				"south": {"uv": [4.375, 10, 4.375, 9.375], "texture": "#0"},
				"west": {"uv": [6, 0.625, 7, 0], "texture": "#0"},
				"up": {"uv": [4.625, 10.375, 4.625, 9.375], "texture": "#0"},
				"down": {"uv": [4.5, 9.375, 4.5, 10.375], "texture": "#0"}
			}
		},
		{
			"from": [7.296, 0.39126, 5.7293],
			"to": [8.704, 1.79926, 11.3613],
			"rotation": {"angle": 45, "axis": "x", "origin": [8, 5.5, 8.5]},
			"faces": {
				"north": {"uv": [8.625, 7.75, 8.875, 7.5], "texture": "#0"},
				"east": {"uv": [7.125, 2.25, 8.125, 2], "texture": "#0"},
				"south": {"uv": [8.75, 4.5, 9, 4.25], "texture": "#0"},
				"west": {"uv": [7.125, 2.625, 8.125, 2.375], "texture": "#0"},
				"up": {"uv": [7.375, 8.125, 7.125, 7.125], "texture": "#0"},
				"down": {"uv": [7, 7.125, 6.75, 8.125], "texture": "#0"}
			}
		},
		{
			"from": [7.2784, 3.43437, 0.404],
			"to": [8.7216, 4.84237, 3.924],
			"rotation": {"angle": 0, "axis": "x", "origin": [8, 5.5, 8.5]},
			"faces": {
				"north": {"uv": [8.75, 8.125, 9, 7.875], "texture": "#0"},
				"east": {"uv": [7.75, 6.625, 8.375, 6.375], "texture": "#0"},
				"south": {"uv": [8.875, 0.25, 9.125, 0], "texture": "#0"},
				"west": {"uv": [7.75, 7, 8.375, 6.75], "texture": "#0"},
				"up": {"uv": [5.625, 8.375, 5.375, 7.75], "texture": "#0"},
				"down": {"uv": [4.25, 7.625, 4, 8.25], "texture": "#0"}
			}
		},
		{
			"from": [7.12, -7.00917, 4.58457],
			"to": [8.88, 1.43883, 6.34457],
			"rotation": {"angle": -22.5, "axis": "x", "origin": [8, 5.5, 8.5]},
			"faces": {
				"north": {"uv": [3.375, 7.5, 3.6875, 6], "texture": "#0"},
				"east": {"uv": [6, 4.875, 6.3125, 3.375], "texture": "#0"},
				"south": {"uv": [3.875, 7.5, 4.1875, 6], "texture": "#0"},
				"west": {"uv": [6, 6.5, 6.3125, 5], "texture": "#0"},
				"up": {"uv": [8.5625, 4.6875, 8.25, 4.375], "texture": "#0"},
				"down": {"uv": [8.3125, 5.875, 8, 6.1875], "texture": "#0"}
			}
		},
		{
			"from": [7.1024, -6.11394, 14.57669],
			"to": [8.8976, -4.35394, 19.15269],
			"rotation": {"angle": 22.5, "axis": "x", "origin": [8, 5.5, 8.5]},
			"faces": {
				"north": {"uv": [8.25, 8.3125, 8.5625, 8], "texture": "#0"},
				"east": {"uv": [1.125, 7.0625, 1.9375, 6.75], "texture": "#0"},
				"south": {"uv": [8.375, 0.3125, 8.6875, 0], "texture": "#0"},
				"west": {"uv": [6.75, 6.9375, 7.5625, 6.625], "texture": "#0"},
				"up": {"uv": [7.3125, 5.1875, 7, 4.375], "texture": "#0"},
				"down": {"uv": [7.3125, 3.375, 7, 4.1875], "texture": "#0"}
			}
		},
		{
			"from": [7.472, -13.60032, 7.56514],
			"to": [8.528, -9.02432, 8.97314],
			"rotation": {"angle": -22.5, "axis": "x", "origin": [8, 5.5, 8.5]},
			"faces": {
				"north": {"uv": [5.75, 8.6875, 5.9375, 7.875], "texture": "#0"},
				"east": {"uv": [7.5, 7.9375, 7.75, 7.125], "texture": "#0"},
				"south": {"uv": [7.875, 7.9375, 8.0625, 7.125], "texture": "#0"},
				"west": {"uv": [7.625, 0.8125, 7.875, 0], "texture": "#0"},
				"up": {"uv": [0.9375, 9.25, 0.75, 9], "texture": "#0"},
				"down": {"uv": [0.5625, 9, 0.375, 9.25], "texture": "#0"}
			}
		},
		{
			"from": [7.472, -3.66517, 5.99257],
			"to": [8.528, 0.55883, 7.04857],
			"rotation": {"angle": -22.5, "axis": "x", "origin": [8, 5.5, 8.5]},
			"faces": {
				"north": {"uv": [8, 5.75, 8.1875, 5], "texture": "#0"},
				"east": {"uv": [6.125, 8.75, 6.3125, 8], "texture": "#0"},
				"south": {"uv": [0, 8.875, 0.1875, 8.125], "texture": "#0"},
				"west": {"uv": [0.375, 8.875, 0.5625, 8.125], "texture": "#0"},
				"up": {"uv": [6.9375, 9.3125, 6.75, 9.125], "texture": "#0"},
				"down": {"uv": [6.5625, 9.125, 6.375, 9.3125], "texture": "#0"}
			}
		},
		{
			"from": [7.472, -8.11326, 1.88272],
			"to": [8.528, -2.12926, 3.64272],
			"rotation": {"angle": -45, "axis": "x", "origin": [8, 5.5, 8.5]},
			"faces": {
				"north": {"uv": [1.5, 8.6875, 1.6875, 7.625], "texture": "#0"},
				"east": {"uv": [5.375, 7.5625, 5.6875, 6.5], "texture": "#0"},
				"south": {"uv": [1.875, 8.6875, 2.0625, 7.625], "texture": "#0"},
				"west": {"uv": [2.25, 7.6875, 2.5625, 6.625], "texture": "#0"},
				"up": {"uv": [5.8125, 9.1875, 5.625, 8.875], "texture": "#0"},
				"down": {"uv": [9.0625, 5.375, 8.875, 5.6875], "texture": "#0"}
			}
		},
		{
			"from": [7.472, -6.30007, 7.70313],
			"to": [8.528, -2.42807, 8.75913],
			"rotation": {"angle": 0, "axis": "x", "origin": [8, 5.5, 8.5]},
			"faces": {
				"north": {"uv": [7.875, 8.8125, 8.0625, 8.125], "texture": "#0"},
				"east": {"uv": [8.25, 2.6875, 8.4375, 2], "texture": "#0"},
				"south": {"uv": [2.25, 8.9375, 2.4375, 8.25], "texture": "#0"},
				"west": {"uv": [2.625, 8.9375, 2.8125, 8.25], "texture": "#0"},
				"up": {"uv": [8.1875, 9.3125, 8, 9.125], "texture": "#0"},
				"down": {"uv": [9.3125, 7.75, 9.125, 7.9375], "texture": "#0"}
			}
		},
		{
			"from": [7.4984, -5.12468, 15.97114],
			"to": [8.5016, -2.66068, 17.02714],
			"rotation": {"angle": 45, "axis": "x", "origin": [8, 5.5, 8.5]},
			"faces": {
				"north": {"uv": [4, 8.8125, 4.1875, 8.375], "texture": "#0"},
				"east": {"uv": [8.25, 8.9375, 8.4375, 8.5], "texture": "#0"},
				"south": {"uv": [1.125, 9.0625, 1.3125, 8.625], "texture": "#0"},
				"west": {"uv": [8.625, 2.4375, 8.8125, 2], "texture": "#0"},
				"up": {"uv": [9.4375, 0.1875, 9.25, 0], "texture": "#0"},
				"down": {"uv": [8.5625, 9.125, 8.375, 9.3125], "texture": "#0"}
			}
		},
		{
			"from": [7.472, 2.2239, 5.47985],
			"to": [8.528, 3.2799, 6.88785],
			"rotation": {"angle": -22.5, "axis": "x", "origin": [8, 5.5, 8.5]},
			"faces": {
				"north": {"uv": [9.25, 0.5625, 9.4375, 0.375], "texture": "#0"},
				"east": {"uv": [9, 2.0625, 9.25, 1.875], "texture": "#0"},
				"south": {"uv": [9.25, 0.9375, 9.4375, 0.75], "texture": "#0"},
				"west": {"uv": [9, 2.4375, 9.25, 2.25], "texture": "#0"},
				"up": {"uv": [9.1875, 3.25, 9, 3], "texture": "#0"},
				"down": {"uv": [9.1875, 2.625, 9, 2.875], "texture": "#0"}
			}
		},
		{
			"from": [7.648, 2.2859, 8.73551],
			"to": [8.352, 3.6939, 9.43951],
			"rotation": {"angle": 22.5, "axis": "x", "origin": [8, 5.5, 8.5]},
			"faces": {
				"north": {"uv": [3, 8.125, 3.125, 7.875], "texture": "#0"},
				"east": {"uv": [5.125, 8.375, 5.25, 8.125], "texture": "#0"},
				"south": {"uv": [3, 8.5, 3.125, 8.25], "texture": "#0"},
				"west": {"uv": [7.25, 8.5, 7.375, 8.25], "texture": "#0"},
				"up": {"uv": [7.625, 6.5, 7.5, 6.375], "texture": "#0"},
				"down": {"uv": [7.25, 3.125, 7.125, 3.25], "texture": "#0"}
			}
		},
		{
			"from": [7.472, -8.76991, 4.89022],
			"to": [8.528, -7.71391, 6.29822],
			"rotation": {"angle": -22.5, "axis": "x", "origin": [8, 5.5, 8.5]},
			"faces": {
				"north": {"uv": [1.125, 9.4375, 1.3125, 9.25], "texture": "#0"},
				"east": {"uv": [9, 3.5625, 9.25, 3.375], "texture": "#0"},
				"south": {"uv": [9.25, 1.3125, 9.4375, 1.125], "texture": "#0"},
				"west": {"uv": [3.75, 9.1875, 4, 9], "texture": "#0"},
				"up": {"uv": [4.3125, 9.25, 4.125, 9], "texture": "#0"},
				"down": {"uv": [9.1875, 3.75, 9, 4], "texture": "#0"}
			}
		},
		{
			"from": [7.648, -8.04656, 15.52823],
			"to": [8.352, -6.63856, 16.23223],
			"rotation": {"angle": 22.5, "axis": "x", "origin": [8, 5.5, 8.5]},
			"faces": {
				"north": {"uv": [7.25, 8.875, 7.375, 8.625], "texture": "#0"},
				"east": {"uv": [3.5, 9.5, 3.625, 9.25], "texture": "#0"},
				"south": {"uv": [9.125, 9.5, 9.25, 9.25], "texture": "#0"},
				"west": {"uv": [0.375, 9.625, 0.5, 9.375], "texture": "#0"},
				"up": {"uv": [8.375, 3, 8.25, 2.875], "texture": "#0"},
				"down": {"uv": [6.625, 8, 6.5, 8.125], "texture": "#0"}
			}
		},
		{
			"from": [8, -2.42474, 5.7293],
			"to": [8, 0.39126, 11.3613],
			"rotation": {"angle": 45, "axis": "x", "origin": [8, 5.5, 8.5]},
			"faces": {
				"north": {"uv": [4.75, 9.875, 4.75, 9.375], "texture": "#0"},
				"east": {"uv": [6, 2, 7, 1.5], "texture": "#0"},
				"south": {"uv": [4.875, 9.875, 4.875, 9.375], "texture": "#0"},
				"west": {"uv": [6, 2.625, 7, 2.125], "texture": "#0"},
				"up": {"uv": [5.125, 10.375, 5.125, 9.375], "texture": "#0"},
				"down": {"uv": [5, 9.375, 5, 10.375], "texture": "#0"}
			}
		},
		{
			"from": [7.12, 3.388, 5.15966],
			"to": [8.88, 4.092, 6.91966],
			"rotation": {"angle": 0, "axis": "y", "origin": [8, 5.5, 8.5]},
			"faces": {
				"north": {"uv": [7, 6.5, 7.3125, 6.375], "texture": "#0"},
				"east": {"uv": [8.75, 8.375, 9.0625, 8.25], "texture": "#0"},
				"south": {"uv": [9, 8.625, 9.3125, 8.5], "texture": "#0"},
				"west": {"uv": [9, 8.875, 9.3125, 8.75], "texture": "#0"},
				"up": {"uv": [8.6875, 1.3125, 8.375, 1], "texture": "#0"},
				"down": {"uv": [8.6875, 0.5, 8.375, 0.8125], "texture": "#0"}
			}
		},
		{
			"from": [4.656, -7.00917, 5.28857],
			"to": [7.12, 1.43883, 5.28857],
			"rotation": {"angle": -22.5, "axis": "x", "origin": [8, 5.5, 8.5]},
			"faces": {
				"north": {"uv": [4.75, 1.5, 5.1875, 0], "texture": "#0"},
				"east": {"uv": [5.25, 10.875, 5.25, 9.375], "texture": "#0"},
				"south": {"uv": [5.1875, 1.5, 4.75, 0], "texture": "#0"},
				"west": {"uv": [5.375, 10.875, 5.375, 9.375], "texture": "#0"},
				"up": {"uv": [9.8125, 3.875, 9.375, 3.875], "texture": "#0"},
				"down": {"uv": [9.6875, 5.75, 9.25, 5.75], "texture": "#0"}
			}
		},
		{
			"from": [8.88, -7.00917, 5.28857],
			"to": [11.344, 1.43883, 5.28857],
			"rotation": {"angle": -22.5, "axis": "x", "origin": [8, 5.5, 8.5]},
			"faces": {
				"north": {"uv": [5.1875, 1.5, 4.75, 0], "texture": "#0"},
				"east": {"uv": [5.375, 10.875, 5.375, 9.375], "texture": "#0"},
				"south": {"uv": [4.75, 1.5, 5.1875, 0], "texture": "#0"},
				"west": {"uv": [5.25, 10.875, 5.25, 9.375], "texture": "#0"},
				"up": {"uv": [9.375, 3.875, 9.8125, 3.875], "texture": "#0"},
				"down": {"uv": [9.25, 5.75, 9.6875, 5.75], "texture": "#0"}
			}
		},
		{
			"from": [7.67, 5.17, 3.23],
			"to": [8.33, 5.83, 15.77],
			"rotation": {"angle": 0, "axis": "y", "origin": [8, 8, 8]},
			"faces": {
				"north": {"uv": [3, 0.5, 3.25, 0.75], "texture": "#1"},
				"east": {"uv": [0, 3, 4.75, 3.25], "texture": "#1"},
				"south": {"uv": [3, 1, 3.25, 1.25], "texture": "#1"},
				"west": {"uv": [3, 0, 7.75, 0.25], "texture": "#1"},
				"up": {"uv": [0.25, 8.25, 0, 3.5], "texture": "#1"},
				"down": {"uv": [0.75, 3.5, 0.5, 8.25], "texture": "#1"}
			}
		},
		{
			"from": [7.67, 5.17, 0.69],
			"to": [8.33, 5.83, 3.23],
			"rotation": {"angle": 0, "axis": "y", "origin": [8, 8, 8]},
			"faces": {
				"north": {"uv": [3, 0, 3.125, 0.25], "texture": "#1"},
				"east": {"uv": [3, 0, 3.875, 0.25], "texture": "#1"},
				"south": {"uv": [3, 0, 3.875, 0.25], "texture": "#1"},
				"west": {"uv": [3, 0, 3.875, 0.25], "texture": "#1"},
				"up": {"uv": [0.25, 8.25, 0, 7.375], "texture": "#1"},
				"down": {"uv": [0.75, 7.375, 0.5, 8.25], "texture": "#1"}
			}
		},
		{
			"from": [8, 3.85, -1.09],
			"to": [8, 7.15, 1.55],
			"rotation": {"angle": 0, "axis": "y", "origin": [8, 8, 8]},
			"faces": {
				"north": {"uv": [1.25, 3.5, 1.25, 4.75], "texture": "#1"},
				"east": {"uv": [1.75, 0, 2.75, 1.25], "texture": "#1"},
				"south": {"uv": [1.5, 3.5, 1.5, 4.75], "texture": "#1"},
				"west": {"uv": [1.75, 1.5, 2.75, 2.75], "texture": "#1"},
				"up": {"uv": [1.75, 4.5, 1.75, 3.5], "texture": "#1"},
				"down": {"uv": [2, 3.5, 2, 4.5], "texture": "#1"}
			}
		},
		{
			"from": [6.35, 5.5, -1.09],
			"to": [9.65, 5.5, 1.55],
			"rotation": {"angle": 0, "axis": "y", "origin": [8, 8, 8]},
			"faces": {
				"north": {"uv": [1.25, 3.5, 1.25, 4.75], "rotation": 90, "texture": "#1"},
				"east": {"uv": [2, 3.5, 2, 4.5], "rotation": 270, "texture": "#1"},
				"south": {"uv": [1.5, 3.5, 1.5, 4.75], "rotation": 270, "texture": "#1"},
				"west": {"uv": [1.75, 4.5, 1.75, 3.5], "rotation": 270, "texture": "#1"},
				"up": {"uv": [1.75, 0, 2.75, 1.25], "rotation": 270, "texture": "#1"},
				"down": {"uv": [1.75, 1.5, 2.75, 2.75], "rotation": 270, "texture": "#1"}
			}
		},
		{
			"from": [8, 3.85, 13.79],
			"to": [8, 7.15, 17.75],
			"rotation": {"angle": 0, "axis": "y", "origin": [8, 8, 8]},
			"faces": {
				"north": {"uv": [3, 1.5, 3, 2.75], "texture": "#1"},
				"east": {"uv": [0, 0, 1.5, 1.25], "texture": "#1"},
				"south": {"uv": [3.25, 1.5, 3.25, 2.75], "texture": "#1"},
				"west": {"uv": [0, 1.5, 1.5, 2.75], "texture": "#1"},
				"up": {"uv": [3.5, 2, 3.5, 0.5], "texture": "#1"},
				"down": {"uv": [1, 3.5, 1, 5], "texture": "#1"}
			}
		},
		{
			"from": [6.35, 5.5, 13.79],
			"to": [9.65, 5.5, 17.75],
			"rotation": {"angle": 0, "axis": "y", "origin": [8, 8, 8]},
			"faces": {
				"north": {"uv": [3, 1.5, 3, 2.75], "rotation": 90, "texture": "#1"},
				"east": {"uv": [1, 3.5, 1, 5], "rotation": 270, "texture": "#1"},
				"south": {"uv": [3.25, 1.5, 3.25, 2.75], "rotation": 270, "texture": "#1"},
				"west": {"uv": [3.5, 2, 3.5, 0.5], "rotation": 270, "texture": "#1"},
				"up": {"uv": [0, 0, 1.5, 1.25], "rotation": 270, "texture": "#1"},
				"down": {"uv": [0, 1.5, 1.5, 2.75], "rotation": 270, "texture": "#1"}
			}
		}
	],
	"gui_light": "front",
	"display": {
		"thirdperson_righthand": {
			"translation": [0, 1, 3.75],
			"scale": [1.2, 1.2, 1.2]
		},
		"thirdperson_lefthand": {
			"translation": [0, 1, 3.75],
			"scale": [1.2, 1.2, 1.2]
		},
		"firstperson_righthand": {
			"rotation": [8, 22, 0],
			"translation": [0.5, 9.25, -0.5],
			"scale": [1.2, 1.2, 1.2]
		},
		"firstperson_lefthand": {
			"rotation": [8, 22, 0],
			"translation": [0.5, 9.25, -0.5],
			"scale": [1.2, 1.2, 1.2]
		},
		"ground": {
			"rotation": [0, 0, 90],
			"scale": [1.2, 1.2, 1.2]
		},
		"gui": {
			"rotation": [90, -135, 90],
			"translation": [3.75, -1.5, -0.5],
			"scale": [0.6, 0.6, 0.6]
		},
		"fixed": {
			"rotation": [90, 135, 90],
			"translation": [-1.5, -3.5, -0.5],
			"scale": [0.7, 0.7, 0.7]
		}
	},
	"groups": [
		0,
		1,
		2,
		3,
		4,
		5,
		6,
		7,
		8,
		9,
		10,
		11,
		12,
		13,
		14,
		15,
		16,
		17,
		18,
		19,
		20,
		21,
		22,
		23,
		24,
		25,
		26,
		27,
		28,
		29,
		30,
		31,
		32,
		33,
		34,
		35,
		36,
		37,
		38,
		{
			"name": "group",
			"origin": [8, 10.5, 19],
			"color": 0,
			"children": [39, 40, 41, 42, 43, 44]
		}
	]
}