{"credit":"Made by samus2002","texture_size":[128,128],"textures":{"0":"warrior_texture/warrior_sword_shiny","particle":"warrior_texture/warrior_sword_shiny"},"elements":[{"from":[7.5125,-7.625,7.5],"to":[8.5125,-0.625,8.5],"rotation":{"angle":0,"axis":"y","origin":[8.025,0.75,8]},"faces":{"north":{"uv":[1.625,5,1.875,6.75],"texture":"#0"},"east":{"uv":[0.5,5,0.75,6.75],"texture":"#0"},"south":{"uv":[0.875,5,1.125,6.75],"texture":"#0"},"west":{"uv":[1.25,5,1.5,6.75],"texture":"#0"},"up":{"uv":[3.375,6,3.125,5.75],"rotation":90,"texture":"#0"},"down":{"uv":[7.75,0,7.5,0.25],"rotation":270,"texture":"#0"}}},{"from":[8.0125,-10.625,7.5],"to":[8.0125,-7.625,8.5],"rotation":{"angle":0,"axis":"y","origin":[8.025,0.75,8]},"faces":{"north":{"uv":[6.125,7.5,6.125,8.25],"texture":"#0"},"east":{"uv":[6,6.625,6.25,7.375],"texture":"#0"},"south":{"uv":[6,7.5,6,8.25],"texture":"#0"},"west":{"uv":[6.25,6.625,6,7.375],"texture":"#0"},"up":{"uv":[7.125,6.5,6.875,6.5],"rotation":90,"texture":"#0"},"down":{"uv":[6.5,7.5,6.25,7.5],"rotation":270,"texture":"#0"}}},{"from":[7.2625,-5.625,7.25],"to":[8.7625,-5.125,8.75],"rotation":{"angle":0,"axis":"y","origin":[8.025,0.75,8]},"faces":{"north":{"uv":[5.5,7.5,5.875,7.625],"texture":"#0"},"east":{"uv":[7.375,6.875,7.75,7],"texture":"#0"},"south":{"uv":[2,7.5,2.375,7.625],"texture":"#0"},"west":{"uv":[4.5,7.5,4.875,7.625],"texture":"#0"},"up":{"uv":[7.125,7.5,6.75,7.125],"rotation":90,"texture":"#0"},"down":{"uv":[7.625,1.5,7.25,1.875],"rotation":270,"texture":"#0"}}},{"from":[7.2625,-2.25,7.25],"to":[8.7625,-1.25,8.75],"rotation":{"angle":0,"axis":"y","origin":[8.025,0.75,8]},"faces":{"north":{"uv":[7.375,6.5,7.75,6.75],"texture":"#0"},"east":{"uv":[5,7.375,5.375,7.625],"texture":"#0"},"south":{"uv":[7.375,5.75,7.75,6],"texture":"#0"},"west":{"uv":[7.375,6.125,7.75,6.375],"texture":"#0"},"up":{"uv":[7.625,4.625,7.25,4.25],"rotation":90,"texture":"#0"},"down":{"uv":[7.625,4.75,7.25,5.125],"rotation":270,"texture":"#0"}}},{"from":[7.2625,-0.625,4.25],"to":[8.7625,0.875,11.75],"rotation":{"angle":0,"axis":"y","origin":[8.025,0.75,8]},"faces":{"north":{"uv":[4.5,7,4.875,7.375],"texture":"#0"},"east":{"uv":[4.5,0,6.375,0.375],"texture":"#0"},"south":{"uv":[7,1,7.375,1.375],"texture":"#0"},"west":{"uv":[6.375,0,4.5,0.375],"texture":"#0"},"up":{"uv":[6.375,1.375,4.5,1],"rotation":90,"texture":"#0"},"down":{"uv":[6.375,1.5,4.5,1.875],"rotation":270,"texture":"#0"}}},{"from":[8.0375,-0.125,9.75],"to":[8.0375,2.375,13.75],"rotation":{"angle":0,"axis":"y","origin":[8.025,0.75,8]},"faces":{"north":{"uv":[6.25,7.625,6.25,8.25],"texture":"#0"},"east":{"uv":[4.5,2,5.5,2.625],"texture":"#0"},"south":{"uv":[6.625,7.5,6.625,8.125],"texture":"#0"},"west":{"uv":[5.5,2,4.5,2.625],"texture":"#0"},"up":{"uv":[8.625,7.375,7.625,7.375],"rotation":90,"texture":"#0"},"down":{"uv":[8.625,7.5,7.625,7.5],"rotation":270,"texture":"#0"}}},{"from":[7.25625,0.875,6.75],"to":[8.76875,3.375,9.25],"rotation":{"angle":0,"axis":"y","origin":[8.025,0.75,8]},"faces":{"north":{"uv":[6.5,0.75,6.875,1.375],"texture":"#0"},"east":{"uv":[2,5,2.625,5.625],"texture":"#0"},"south":{"uv":[6.5,0,6.875,0.625],"texture":"#0"},"west":{"uv":[2.625,5,2,5.625],"texture":"#0"},"up":{"uv":[7.125,1.875,6.5,1.5],"rotation":90,"texture":"#0"},"down":{"uv":[5.125,6.5,4.5,6.875],"rotation":270,"texture":"#0"}}},{"from":[7.0125,-0.7955,6.4545],"to":[9.0125,0.7045,7.9545],"rotation":{"angle":-45,"axis":"x","origin":[8.025,0.75,8]},"faces":{"north":{"uv":[1.125,6.875,1.625,7.25],"texture":"#0"},"east":{"uv":[7.25,2,7.625,2.375],"texture":"#0"},"south":{"uv":[0.5,6.875,1,7.25],"texture":"#0"},"west":{"uv":[7.625,2,7.25,2.375],"texture":"#0"},"up":{"uv":[2.125,7.375,1.75,6.875],"rotation":90,"texture":"#0"},"down":{"uv":[2.625,6.875,2.25,7.375],"rotation":270,"texture":"#0"}}},{"from":[7.26875,-0.29496,8.8647],"to":[8.75625,1.70504,10.8647],"rotation":{"angle":-22.5,"axis":"x","origin":[8.025,0.75,8]},"faces":{"north":{"uv":[6.75,2.625,7.125,3.125],"texture":"#0"},"east":{"uv":[5.625,6,6.125,6.5],"texture":"#0"},"south":{"uv":[6.75,2,7.125,2.5],"texture":"#0"},"west":{"uv":[2,6.25,2.5,6.75],"texture":"#0"},"up":{"uv":[7.25,3.625,6.75,3.25],"rotation":90,"texture":"#0"},"down":{"uv":[7.25,3.75,6.75,4.125],"rotation":270,"texture":"#0"}}},{"from":[7.26875,-0.29496,5.1353],"to":[8.75625,1.70504,7.1353],"rotation":{"angle":22.5,"axis":"x","origin":[8.025,0.75,8]},"faces":{"north":{"uv":[6.75,4.875,7.125,5.375],"texture":"#0"},"east":{"uv":[2.625,6.25,3.125,6.75],"texture":"#0"},"south":{"uv":[6.75,4.25,7.125,4.75],"texture":"#0"},"west":{"uv":[6.25,6,6.75,6.5],"texture":"#0"},"up":{"uv":[7.25,5.875,6.75,5.5],"rotation":90,"texture":"#0"},"down":{"uv":[7.25,6.625,6.75,7],"rotation":270,"texture":"#0"}}},{"from":[7.5125,2.11548,6.04444],"to":[8.5125,4.11548,7.04444],"rotation":{"angle":0,"axis":"z","origin":[8.025,0.75,8]},"faces":{"north":{"uv":[1.25,7.375,1.5,7.875],"texture":"#0"},"east":{"uv":[7.25,7.125,7.5,7.625],"texture":"#0"},"south":{"uv":[0.5,7.375,0.75,7.875],"texture":"#0"},"west":{"uv":[0.875,7.375,1.125,7.875],"texture":"#0"},"up":{"uv":[7.75,0.625,7.5,0.375],"rotation":90,"texture":"#0"},"down":{"uv":[7.75,0.75,7.5,1],"rotation":270,"texture":"#0"}}},{"from":[7.5125,2.11548,8.95556],"to":[8.5125,4.11548,9.95556],"rotation":{"angle":0,"axis":"z","origin":[8.025,0.75,8]},"faces":{"north":{"uv":[7.375,3.625,7.625,4.125],"texture":"#0"},"east":{"uv":[2.75,7.375,3,7.875],"texture":"#0"},"south":{"uv":[7.375,3,7.625,3.5],"texture":"#0"},"west":{"uv":[3.125,7.375,3.375,7.875],"texture":"#0"},"up":{"uv":[7.75,1.375,7.5,1.125],"rotation":90,"texture":"#0"},"down":{"uv":[1.875,7.5,1.625,7.75],"rotation":270,"texture":"#0"}}},{"from":[7.7625,2.875,6.25],"to":[8.2625,18.875,9.75],"rotation":{"angle":0,"axis":"y","origin":[8.025,0.75,8]},"faces":{"north":{"uv":[0.25,5,0.375,9],"texture":"#0"},"east":{"uv":[4.375,4.125,3.5,8.125],"texture":"#0"},"south":{"uv":[0,5,0.125,9],"texture":"#0"},"west":{"uv":[3.5,4.125,4.375,8.125],"texture":"#0"},"up":{"uv":[8.125,5.375,7.25,5.25],"rotation":90,"texture":"#0"},"down":{"uv":[8.25,5.5,7.375,5.625],"rotation":270,"texture":"#0"}}},{"from":[8.0125,2.875,4.75],"to":[8.0125,22.375,11.25],"rotation":{"angle":0,"axis":"y","origin":[8.025,0.75,8]},"faces":{"north":{"uv":[2.625,7.5,2.625,12.375],"texture":"#0"},"east":{"uv":[0,0,1.625,4.875],"texture":"#0"},"south":{"uv":[2.5,7.5,2.5,12.375],"texture":"#0"},"west":{"uv":[1.625,0,0,4.875],"texture":"#0"},"up":{"uv":[9.25,7.125,7.625,7.125],"rotation":90,"texture":"#0"},"down":{"uv":[9.25,7.25,7.625,7.25],"rotation":270,"texture":"#0"}}},{"from":[7.25625,-2.07481,7.38634],"to":[8.76875,-0.57481,11.38634],"rotation":{"angle":-22.5,"axis":"x","origin":[8.025,0.75,8]},"faces":{"north":{"uv":[6.875,6,7.25,6.375],"texture":"#0"},"east":{"uv":[4.5,5,5.5,5.375],"texture":"#0"},"south":{"uv":[2.75,6.875,3.125,7.25],"texture":"#0"},"west":{"uv":[4.5,5.5,5.5,5.875],"texture":"#0"},"up":{"uv":[6.625,2.375,5.625,2],"rotation":90,"texture":"#0"},"down":{"uv":[6.625,2.5,5.625,2.875],"rotation":270,"texture":"#0"}}},{"from":[8.0375,-0.125,2.25],"to":[8.0375,2.375,6.25],"rotation":{"angle":0,"axis":"y","origin":[8.025,0.75,8]},"faces":{"north":{"uv":[6.625,7.5,6.625,8.125],"texture":"#0"},"east":{"uv":[5.5,2,4.5,2.625],"texture":"#0"},"south":{"uv":[6.25,7.625,6.25,8.25],"texture":"#0"},"west":{"uv":[4.5,2,5.5,2.625],"texture":"#0"},"up":{"uv":[7.625,7.375,8.625,7.375],"rotation":90,"texture":"#0"},"down":{"uv":[7.625,7.5,8.625,7.5],"rotation":270,"texture":"#0"}}},{"from":[7.25625,-2.07481,4.61366],"to":[8.76875,-0.57481,8.61366],"rotation":{"angle":22.5,"axis":"x","origin":[8.025,0.75,8]},"faces":{"north":{"uv":[7,0.5,7.375,0.875],"texture":"#0"},"east":{"uv":[5.625,3,6.625,3.375],"texture":"#0"},"south":{"uv":[7,0,7.375,0.375],"texture":"#0"},"west":{"uv":[5.625,3.5,6.625,3.875],"texture":"#0"},"up":{"uv":[6.625,4.375,5.625,4],"rotation":90,"texture":"#0"},"down":{"uv":[6.625,4.5,5.625,4.875],"rotation":270,"texture":"#0"}}}],"gui_light":"front","display":{"thirdperson_righthand":{"translation":[-0.25,17.75,1.75],"scale":[1.7,1.7,1.7]},"thirdperson_lefthand":{"translation":[-0.25,17.75,1.75],"scale":[1.7,1.7,1.7]},"firstperson_righthand":{"translation":[-0.25,17.75,1.75],"scale":[1.7,1.7,1.7]},"firstperson_lefthand":{"translation":[-0.25,17.75,1.75],"scale":[1.7,1.7,1.7]},"ground":{"rotation":[0,0,90],"scale":[1.7,1.7,1.7]},"gui":{"rotation":[90,-135,90],"translation":[1,0.75,-0.5],"scale":[0.65,0.65,0.65]},"fixed":{"rotation":[90,-45,90],"translation":[-1.25,1,-0.5],"scale":[0.8,0.8,0.8]}}}