{"textures":{"0":"bil:item/filament/model/sylveon_backpack.ajmodel/sylveon_backpack","particle":"bil:item/filament/model/sylveon_backpack.ajmodel/sylveon_backpack"},"elements":[{"from":[9.6,8.0,12.0],"to":[19.2,18.4,18.4],"faces":{"up":{"texture":"#0","tintindex":0,"uv":[9.5,5.0,7.0,3.0]},"west":{"texture":"#0","tintindex":0,"uv":[7.0,3.0,9.25,5.0]},"east":{"texture":"#0","tintindex":0,"uv":[7.0,3.0,9.25,5.0]},"south":{"texture":"#0","tintindex":0,"uv":[7.0,3.0,9.5,5.0]},"down":{"texture":"#0","tintindex":0,"uv":[9.5,3.0,7.0,5.0]},"north":{"texture":"#0","tintindex":0,"uv":[7.0,3.0,9.5,5.0]}},"rotation":{"axis":"y","angle":0.0,"origin":[8.0,-4.799999,8.0]}},{"from":[19.2,8.0,12.799999],"to":[20.0,11.2,17.6],"faces":{"up":{"texture":"#0","tintindex":0,"uv":[3.5,9.75,4.25,8.5]},"west":{"texture":"#0","tintindex":0,"uv":[0.0,0.0,0.0,0.0]},"east":{"texture":"#0","tintindex":0,"uv":[1.5,8.5,0.0,9.5]},"south":{"texture":"#0","tintindex":0,"uv":[5.0,8.5,4.25,9.5]},"down":{"texture":"#0","tintindex":0,"uv":[5.0,8.5,5.25,10.0]},"north":{"texture":"#0","tintindex":0,"uv":[5.0,8.5,4.25,9.5]}},"rotation":{"axis":"y","angle":0.0,"origin":[20.8,-4.799999,8.0]}},{"from":[8.8,8.0,12.799999],"to":[9.6,11.2,17.6],"faces":{"up":{"texture":"#0","tintindex":0,"uv":[4.25,9.75,3.5,8.5]},"west":{"texture":"#0","tintindex":0,"uv":[0.0,8.5,1.5,9.5]},"east":{"texture":"#0","tintindex":0,"uv":[0.0,0.0,0.0,0.0]},"south":{"texture":"#0","tintindex":0,"uv":[4.25,8.5,5.0,9.5]},"down":{"texture":"#0","tintindex":0,"uv":[5.25,8.5,5.0,10.0]},"north":{"texture":"#0","tintindex":0,"uv":[4.25,8.5,5.0,9.5]}},"rotation":{"axis":"y","angle":0.0,"origin":[8.0,-4.799999,8.0]}},{"from":[16.4,10.4,22.0],"to":[18.8,18.4,22.8],"faces":{"up":{"texture":"#0","tintindex":0,"uv":[0.0,0.0,0.0,0.0]},"west":{"texture":"#0","tintindex":0,"uv":[2.0,8.75,1.75,11.25]},"east":{"texture":"#0","tintindex":0,"uv":[2.25,8.75,2.0,11.25]},"south":{"texture":"#0","tintindex":0,"uv":[2.75,8.5,2.0,11.0]},"down":{"texture":"#0","tintindex":0,"uv":[0.0,0.0,0.0,0.0]},"north":{"texture":"#0","tintindex":0,"uv":[2.5,8.5,1.75,11.0]}},"rotation":{"axis":"y","angle":0.0,"origin":[18.4,17.6,14.4]}},{"from":[16.4,9.6,18.0],"to":[18.8,10.4,22.8],"faces":{"up":{"texture":"#0","tintindex":0,"uv":[0.5,10.25,1.25,8.75]},"west":{"texture":"#0","tintindex":0,"uv":[2.5,8.5,1.0,8.75]},"east":{"texture":"#0","tintindex":0,"uv":[1.75,10.75,0.25,11.0]},"south":{"texture":"#0","tintindex":0,"uv":[2.0,8.75,1.25,9.0]},"down":{"texture":"#0","tintindex":0,"uv":[1.5,9.0,2.25,10.5]},"north":{"texture":"#0","tintindex":0,"uv":[0.0,0.0,0.0,0.0]}},"rotation":{"axis":"y","angle":0.0,"origin":[20.8,-4.799999,8.0]}},{"from":[16.4,18.4,18.0],"to":[18.8,19.2,22.8],"faces":{"up":{"texture":"#0","tintindex":0,"uv":[1.5,10.5,2.25,9.0]},"west":{"texture":"#0","tintindex":0,"uv":[2.0,9.25,0.5,9.5]},"east":{"texture":"#0","tintindex":0,"uv":[1.5,9.0,0.0,9.25]},"south":{"texture":"#0","tintindex":0,"uv":[0.75,9.75,0.0,10.0]},"down":{"texture":"#0","tintindex":0,"uv":[1.0,9.25,1.75,10.75]},"north":{"texture":"#0","tintindex":0,"uv":[0.0,0.0,0.0,0.0]}},"rotation":{"axis":"y","angle":0.0,"origin":[18.4,17.6,14.4]}},{"from":[10.0,10.4,22.0],"to":[12.4,18.4,22.8],"faces":{"up":{"texture":"#0","tintindex":0,"uv":[0.0,0.0,0.0,0.0]},"west":{"texture":"#0","tintindex":0,"uv":[2.0,8.75,2.25,11.25]},"east":{"texture":"#0","tintindex":0,"uv":[1.75,8.75,2.0,11.25]},"south":{"texture":"#0","tintindex":0,"uv":[2.0,8.5,2.75,11.0]},"down":{"texture":"#0","tintindex":0,"uv":[0.0,0.0,0.0,0.0]},"north":{"texture":"#0","tintindex":0,"uv":[1.75,8.5,2.5,11.0]}},"rotation":{"axis":"y","angle":0.0,"origin":[10.4,17.6,14.4]}},{"from":[10.0,9.6,18.0],"to":[12.4,10.4,22.8],"faces":{"up":{"texture":"#0","tintindex":0,"uv":[1.25,10.25,0.5,8.75]},"west":{"texture":"#0","tintindex":0,"uv":[0.25,10.75,1.75,11.0]},"east":{"texture":"#0","tintindex":0,"uv":[1.0,8.5,2.5,8.75]},"south":{"texture":"#0","tintindex":0,"uv":[1.25,8.75,2.0,9.0]},"down":{"texture":"#0","tintindex":0,"uv":[2.25,9.0,1.5,10.5]},"north":{"texture":"#0","tintindex":0,"uv":[0.0,0.0,0.0,0.0]}},"rotation":{"axis":"y","angle":0.0,"origin":[8.0,-4.799999,8.0]}},{"from":[10.0,18.4,18.0],"to":[12.4,19.2,22.8],"faces":{"up":{"texture":"#0","tintindex":0,"uv":[2.25,10.5,1.5,9.0]},"west":{"texture":"#0","tintindex":0,"uv":[0.0,9.0,1.5,9.25]},"east":{"texture":"#0","tintindex":0,"uv":[0.5,9.25,2.0,9.5]},"south":{"texture":"#0","tintindex":0,"uv":[0.0,9.75,0.75,10.0]},"down":{"texture":"#0","tintindex":0,"uv":[1.75,9.25,1.0,10.75]},"north":{"texture":"#0","tintindex":0,"uv":[0.0,0.0,0.0,0.0]}},"rotation":{"axis":"y","angle":0.0,"origin":[10.4,17.6,14.4]}},{"from":[10.4,18.4,12.0],"to":[18.4,19.2,18.4],"faces":{"up":{"texture":"#0","tintindex":0,"uv":[0.0,10.5,2.5,8.5]},"west":{"texture":"#0","tintindex":0,"uv":[3.5,9.5,1.5,9.75]},"east":{"texture":"#0","tintindex":0,"uv":[2.25,10.0,0.25,10.25]},"south":{"texture":"#0","tintindex":0,"uv":[2.5,9.0,0.0,8.5]},"down":{"texture":"#0","tintindex":0,"uv":[0.0,0.0,0.0,0.0]},"north":{"texture":"#0","tintindex":0,"uv":[0.0,0.0,0.0,0.0]}},"rotation":{"axis":"y","angle":0.0,"origin":[8.0,-4.799999,8.0]}},{"from":[10.4,14.4,11.2],"to":[18.4,19.2,12.0],"faces":{"up":{"texture":"#0","tintindex":0,"uv":[0.0,9.75,2.5,9.5]},"west":{"texture":"#0","tintindex":0,"uv":[4.0,6.75,3.75,8.25]},"east":{"texture":"#0","tintindex":0,"uv":[4.0,6.75,3.75,8.25]},"south":{"texture":"#0","tintindex":0,"uv":[0.0,0.0,0.0,0.0]},"down":{"texture":"#0","tintindex":0,"uv":[2.75,8.5,5.25,8.75]},"north":{"texture":"#0","tintindex":0,"uv":[3.5,7.0,1.0,8.5]}},"rotation":{"axis":"y","angle":0.0,"origin":[8.0,-4.799999,8.0]}},{"from":[10.4,8.0,10.4],"to":[18.4,12.8,12.0],"faces":{"up":{"texture":"#0","tintindex":0,"uv":[0.0,12.0,2.5,11.25]},"west":{"texture":"#0","tintindex":0,"uv":[3.5,10.5,2.75,12.0]},"east":{"texture":"#0","tintindex":0,"uv":[3.5,10.5,2.75,12.0]},"south":{"texture":"#0","tintindex":0,"uv":[0.0,0.0,0.0,0.0]},"down":{"texture":"#0","tintindex":0,"uv":[0.0,8.5,2.5,9.0]},"north":{"texture":"#0","tintindex":0,"uv":[2.5,8.5,0.0,10.0]}},"rotation":{"axis":"y","angle":0.0,"origin":[8.0,-4.799999,8.0]}},{"from":[15.824,17.344,13.688],"to":[22.232,18.056,15.1119995],"faces":{"up":{"texture":"#0","tintindex":0,"rotation":90,"uv":[2.5,5.5,3.0,7.0]},"west":{"texture":"#0","tintindex":0,"rotation":90,"uv":[2.75,5.5,3.0,6.0]},"east":{"texture":"#0","tintindex":0,"rotation":90,"uv":[3.25,6.0,2.75,6.5]},"south":{"texture":"#0","tintindex":0,"rotation":90,"uv":[2.25,5.5,2.5,7.0]},"down":{"texture":"#0","tintindex":0,"rotation":90,"uv":[2.25,5.25,2.75,6.75]},"north":{"texture":"#0","tintindex":0,"rotation":270,"uv":[2.5,5.25,2.75,6.75]}},"rotation":{"axis":"z","angle":45.0,"origin":[17.248001,19.48,13.688]}},{"from":[21.52,18.056,13.688],"to":[22.944,20.192,15.1119995],"faces":{"up":{"texture":"#0","tintindex":0,"rotation":90,"uv":[2.75,6.25,3.25,6.5]},"west":{"texture":"#0","tintindex":0,"rotation":90,"uv":[2.5,6.0,3.25,6.5]},"east":{"texture":"#0","tintindex":0,"rotation":90,"uv":[3.0,6.25,3.25,6.75]},"south":{"texture":"#0","tintindex":0,"rotation":90,"uv":[2.0,5.5,2.75,5.75]},"down":{"texture":"#0","tintindex":0,"rotation":90,"uv":[2.0,6.25,2.5,6.5]},"north":{"texture":"#0","tintindex":0,"rotation":270,"uv":[2.0,6.5,2.75,6.75]}},"rotation":{"axis":"z","angle":45.0,"origin":[17.248001,19.48,13.688]}},{"from":[22.944,18.056,13.688],"to":[23.656,19.48,15.1119995],"faces":{"up":{"texture":"#0","tintindex":0,"rotation":90,"uv":[2.75,6.25,3.25,6.5]},"west":{"texture":"#0","tintindex":0,"rotation":90,"uv":[2.5,6.0,3.25,6.5]},"east":{"texture":"#0","tintindex":0,"rotation":90,"uv":[3.0,6.25,3.25,6.75]},"south":{"texture":"#0","tintindex":0,"rotation":90,"uv":[2.0,5.5,2.75,5.75]},"down":{"texture":"#0","tintindex":0,"rotation":90,"uv":[2.0,6.25,2.5,6.5]},"north":{"texture":"#0","tintindex":0,"rotation":270,"uv":[2.0,6.5,2.75,6.75]}},"rotation":{"axis":"z","angle":45.0,"origin":[17.248001,19.48,13.688]}},{"from":[15.824,18.056,13.688],"to":[21.52,20.904,15.1119995],"faces":{"up":{"texture":"#0","tintindex":0,"rotation":90,"uv":[2.5,5.0,3.0,7.0]},"west":{"texture":"#0","tintindex":0,"rotation":90,"uv":[2.25,6.25,3.25,6.75]},"east":{"texture":"#0","tintindex":0,"rotation":90,"uv":[3.0,5.25,3.25,5.75]},"south":{"texture":"#0","tintindex":0,"rotation":90,"uv":[2.0,5.0,2.75,6.75]},"down":{"texture":"#0","tintindex":0,"rotation":90,"uv":[2.25,5.0,2.75,7.0]},"north":{"texture":"#0","tintindex":0,"rotation":270,"uv":[2.0,5.0,2.75,6.75]}},"rotation":{"axis":"z","angle":45.0,"origin":[17.248001,19.48,13.688]}},{"from":[15.12986,17.344,13.68088],"to":[23.67386,20.904,13.68088],"faces":{"up":{"texture":"#0","tintindex":0,"rotation":90,"uv":[9.5,9.75,9.5,12.75]},"west":{"texture":"#0","tintindex":0,"rotation":90,"uv":[10.75,9.75,12.0,9.75]},"east":{"texture":"#0","tintindex":0,"rotation":90,"uv":[9.5,9.75,10.75,9.75]},"south":{"texture":"#0","tintindex":0,"rotation":90,"uv":[8.5,10.0,7.25,12.75]},"down":{"texture":"#0","tintindex":0,"rotation":90,"uv":[10.75,9.75,10.75,12.75]},"north":{"texture":"#0","tintindex":0,"rotation":270,"uv":[7.25,10.0,6.0,12.75]}},"rotation":{"axis":"z","angle":45.0,"origin":[17.248001,19.48,13.688]}},{"from":[11.588,16.0,11.188],"to":[13.188,18.4,11.988001],"faces":{"up":{"texture":"#0","tintindex":0,"uv":[15.25,0.25,14.75,0.0]},"west":{"texture":"#0","tintindex":0,"uv":[15.25,0.25,15.5,1.0]},"east":{"texture":"#0","tintindex":0,"uv":[14.5,0.25,14.75,1.0]},"south":{"texture":"#0","tintindex":0,"uv":[15.5,0.25,16.0,1.0]},"down":{"texture":"#0","tintindex":0,"uv":[15.75,0.0,15.25,0.25]},"north":{"texture":"#0","tintindex":0,"uv":[14.75,0.25,15.25,1.0]}},"rotation":{"axis":"y","angle":0.0,"origin":[8.0,32.8,13.6]}},{"from":[15.612,16.0,11.188],"to":[17.212,18.4,11.988001],"faces":{"up":{"texture":"#0","tintindex":0,"uv":[14.75,0.25,15.25,0.0]},"west":{"texture":"#0","tintindex":0,"uv":[14.75,0.25,14.5,1.0]},"east":{"texture":"#0","tintindex":0,"uv":[15.5,0.25,15.25,1.0]},"south":{"texture":"#0","tintindex":0,"uv":[16.0,0.25,15.5,1.0]},"down":{"texture":"#0","tintindex":0,"uv":[15.25,0.0,15.75,0.25]},"north":{"texture":"#0","tintindex":0,"uv":[15.25,0.25,14.75,1.0]}},"rotation":{"axis":"y","angle":0.0,"origin":[8.0,32.8,13.6]}},{"from":[9.416,17.36186,13.68088],"to":[12.976,25.90586,13.68088],"faces":{"up":{"texture":"#0","tintindex":0,"uv":[10.75,9.75,9.5,9.75]},"west":{"texture":"#0","tintindex":0,"uv":[10.75,9.75,10.75,12.75]},"east":{"texture":"#0","tintindex":0,"uv":[9.5,9.75,9.5,12.75]},"south":{"texture":"#0","tintindex":0,"uv":[7.25,10.0,8.5,12.75]},"down":{"texture":"#0","tintindex":0,"uv":[12.0,9.75,10.75,9.75]},"north":{"texture":"#0","tintindex":0,"uv":[6.0,10.0,7.25,12.75]}},"rotation":{"axis":"z","angle":22.5,"origin":[11.552,19.48,13.688]}},{"from":[10.128,18.056,13.688],"to":[12.976,23.751999,15.1119995],"faces":{"up":{"texture":"#0","tintindex":0,"uv":[3.25,5.25,3.0,5.75]},"west":{"texture":"#0","tintindex":0,"uv":[2.75,5.0,2.25,7.0]},"east":{"texture":"#0","tintindex":0,"uv":[3.0,5.0,2.5,7.0]},"south":{"texture":"#0","tintindex":0,"uv":[2.75,5.0,2.0,6.75]},"down":{"texture":"#0","tintindex":0,"uv":[3.25,6.25,2.25,6.75]},"north":{"texture":"#0","tintindex":0,"uv":[2.75,5.0,2.0,6.75]}},"rotation":{"axis":"z","angle":22.5,"origin":[11.552,19.48,13.688]}},{"from":[9.416,18.056,13.688],"to":[10.128,24.464,15.1119995],"faces":{"up":{"texture":"#0","tintindex":0,"uv":[2.75,6.0,3.25,6.5]},"west":{"texture":"#0","tintindex":0,"uv":[2.75,5.25,2.25,6.75]},"east":{"texture":"#0","tintindex":0,"uv":[3.0,5.5,2.5,7.0]},"south":{"texture":"#0","tintindex":0,"uv":[2.5,5.5,2.25,7.0]},"down":{"texture":"#0","tintindex":0,"uv":[3.0,5.5,2.75,6.0]},"north":{"texture":"#0","tintindex":0,"uv":[2.75,5.25,2.5,6.75]}},"rotation":{"axis":"z","angle":22.5,"origin":[11.552,19.48,13.688]}},{"from":[10.128,23.751999,13.688],"to":[12.264,25.176,15.1119995],"faces":{"up":{"texture":"#0","tintindex":0,"uv":[3.25,6.25,3.0,6.75]},"west":{"texture":"#0","tintindex":0,"uv":[2.5,6.25,2.0,6.5]},"east":{"texture":"#0","tintindex":0,"uv":[3.25,6.25,2.75,6.5]},"south":{"texture":"#0","tintindex":0,"uv":[2.75,5.5,2.0,5.75]},"down":{"texture":"#0","tintindex":0,"uv":[3.25,6.0,2.5,6.5]},"north":{"texture":"#0","tintindex":0,"uv":[2.75,6.5,2.0,6.75]}},"rotation":{"axis":"z","angle":22.5,"origin":[11.552,19.48,13.688]}},{"from":[10.128,25.176,13.688],"to":[11.552,25.888,15.1119995],"faces":{"up":{"texture":"#0","tintindex":0,"uv":[3.25,6.25,3.0,6.75]},"west":{"texture":"#0","tintindex":0,"uv":[2.5,6.25,2.0,6.5]},"east":{"texture":"#0","tintindex":0,"uv":[3.25,6.25,2.75,6.5]},"south":{"texture":"#0","tintindex":0,"uv":[2.75,5.5,2.0,5.75]},"down":{"texture":"#0","tintindex":0,"uv":[3.25,6.0,2.5,6.5]},"north":{"texture":"#0","tintindex":0,"uv":[2.75,6.5,2.0,6.75]}},"rotation":{"axis":"z","angle":22.5,"origin":[11.552,19.48,13.688]}},{"from":[8.160231,18.58304,13.362129],"to":[13.85623,22.85504,13.362129],"faces":{"up":{"texture":"#0","tintindex":0,"uv":[10.25,5.0,8.25,5.0]},"west":{"texture":"#0","tintindex":0,"uv":[10.25,5.0,10.25,6.5]},"east":{"texture":"#0","tintindex":0,"uv":[8.25,5.0,8.25,6.5]},"south":{"texture":"#0","tintindex":0,"uv":[10.25,5.0,12.25,6.5]},"down":{"texture":"#0","tintindex":0,"uv":[12.25,5.0,10.25,5.0]},"north":{"texture":"#0","tintindex":0,"uv":[8.25,5.0,10.25,6.5]}},"rotation":{"axis":"z","angle":45.0,"origin":[10.84,20.192,13.688]}},{"from":[10.84,19.836,12.976],"to":[12.264,21.26,13.688],"faces":{"up":{"texture":"#0","tintindex":0,"uv":[1.5,2.75,1.0,2.5]},"west":{"texture":"#0","tintindex":0,"uv":[1.5,2.75,1.75,3.25]},"east":{"texture":"#0","tintindex":0,"uv":[0.75,2.75,1.0,3.25]},"south":{"texture":"#0","tintindex":0,"uv":[1.75,2.75,2.25,3.25]},"down":{"texture":"#0","tintindex":0,"uv":[2.0,2.5,1.5,2.75]},"north":{"texture":"#0","tintindex":0,"uv":[1.0,2.75,1.5,3.25]}},"rotation":{"axis":"z","angle":45.0,"origin":[10.84,19.48,13.688]}},{"from":[11.2,7.2431507,10.03386],"to":[17.6,12.04315,10.03386],"faces":{"up":{"texture":"#0","tintindex":0,"uv":[10.25,5.0,8.25,5.0]},"west":{"texture":"#0","tintindex":0,"uv":[10.25,5.0,10.25,6.5]},"east":{"texture":"#0","tintindex":0,"uv":[8.25,5.0,8.25,6.5]},"south":{"texture":"#0","tintindex":0,"uv":[10.25,5.0,12.25,6.5]},"down":{"texture":"#0","tintindex":0,"uv":[12.25,5.0,10.25,5.0]},"north":{"texture":"#0","tintindex":0,"uv":[8.25,5.0,10.25,6.5]}},"rotation":{"axis":"y","angle":0.0,"origin":[16.8,20.0,8.8]}},{"from":[13.6,8.885281,9.6],"to":[15.2,10.48528,10.4],"faces":{"up":{"texture":"#0","tintindex":0,"uv":[1.5,2.75,1.0,2.5]},"west":{"texture":"#0","tintindex":0,"uv":[1.5,2.75,1.75,3.25]},"east":{"texture":"#0","tintindex":0,"uv":[0.75,2.75,1.0,3.25]},"south":{"texture":"#0","tintindex":0,"uv":[1.75,2.75,2.25,3.25]},"down":{"texture":"#0","tintindex":0,"uv":[2.0,2.5,1.5,2.75]},"north":{"texture":"#0","tintindex":0,"uv":[1.0,2.75,1.5,3.25]}},"rotation":{"axis":"y","angle":0.0,"origin":[16.8,20.0,8.8]}},{"from":[12.0,14.8,10.4],"to":[16.8,16.4,11.2],"faces":{"up":{"texture":"#0","tintindex":0,"uv":[8.5,4.0,7.0,3.75]},"west":{"texture":"#0","tintindex":0,"uv":[8.5,4.0,8.75,4.5]},"east":{"texture":"#0","tintindex":0,"uv":[7.0,4.5,7.25,5.0]},"south":{"texture":"#0","tintindex":0,"uv":[8.75,4.0,10.25,4.5]},"down":{"texture":"#0","tintindex":0,"uv":[10.0,3.75,8.5,4.0]},"north":{"texture":"#0","tintindex":0,"uv":[7.0,4.0,8.5,4.5]}},"rotation":{"axis":"y","angle":0.0,"origin":[14.4,4.0,17.6]}},{"from":[14.0,15.608,10.392],"to":[14.8,16.408,10.392],"faces":{"up":{"texture":"#0","tintindex":0,"uv":[12.0,3.75,12.25,3.75]},"west":{"texture":"#0","tintindex":0,"uv":[12.0,3.25,12.0,3.5]},"east":{"texture":"#0","tintindex":0,"uv":[12.25,3.25,12.25,3.5]},"south":{"texture":"#0","tintindex":0,"uv":[12.5,3.25,12.25,3.5]},"down":{"texture":"#0","tintindex":0,"uv":[12.25,3.0,12.5,3.0]},"north":{"texture":"#0","tintindex":0,"uv":[12.25,3.25,12.0,3.5]}},"rotation":{"axis":"y","angle":0.0,"origin":[14.4,-2.3999996,18.4]}}],"display":{"head":{"rotation":[0.0,180.0,0.0]}}}