{
  "parent": "minecraft:block/stone_button",
  "texture_size": [
    128,
    128
  ],
  "textures": {
    "0": "minecraft:item/crates/shark"
  },
  "elements": [
		{
			"from": [-4, 0, 0],
			"to": [20, 2, 16],
			"faces": {
				"north": {"uv": [6, 5.75, 9, 6], "texture": "#0"},
				"east": {"uv": [6.625, 9.5, 8.625, 9.75], "texture": "#0"},
				"south": {"uv": [7.25, 3.25, 10.25, 3.5], "texture": "#0"},
				"west": {"uv": [8.625, 9.5, 10.625, 9.75], "texture": "#0"},
				"up": {"uv": [3, 2, 0, 0], "texture": "#0"},
				"down": {"uv": [3, 2, 0, 4], "texture": "#0"}
			}
		},
		{
			"from": [-4, 2, 0],
			"to": [20, 4, 2],
			"rotation": {"angle": 0, "axis": "y", "origin": [8, 10, 8]},
			"faces": {
				"north": {"uv": [7.25, 3.5, 10.25, 3.75], "texture": "#0"},
				"east": {"uv": [5.75, 6.875, 6, 7.125], "texture": "#0"},
				"south": {"uv": [7.75, 3.75, 10.75, 4], "texture": "#0"},
				"west": {"uv": [5.5, 7.25, 5.75, 7.5], "texture": "#0"},
				"up": {"uv": [10.75, 4.25, 7.75, 4], "texture": "#0"},
				"down": {"uv": [10.75, 4.25, 7.75, 4.5], "texture": "#0"}
			}
		},
		{
			"from": [-4, 5.08239, 0.61313],
			"to": [20, 13.08239, 2.61313],
			"rotation": {"angle": 0, "axis": "y", "origin": [8, 13.08239, 8.61313]},
			"faces": {
				"north": {"uv": [2.75, 4.5, 5.75, 5.5], "texture": "#0"},
				"east": {"uv": [2.875, 10, 3.125, 11], "texture": "#0"},
				"south": {"uv": [0, 5.5, 3, 6.5], "texture": "#0"},
				"west": {"uv": [9.75, 10, 10, 11], "texture": "#0"},
				"up": {"uv": [10.75, 4.75, 7.75, 4.5], "texture": "#0"},
				"down": {"uv": [10.75, 4.75, 7.75, 5], "texture": "#0"}
			}
		},
		{
			"from": [-4, 5.08239, 13.38687],
			"to": [20, 13.08239, 15.38687],
			"rotation": {"angle": 0, "axis": "y", "origin": [8, 13.08239, 21.38687]},
			"faces": {
				"north": {"uv": [3, 5.5, 6, 6.5], "texture": "#0"},
				"east": {"uv": [10, 10, 10.25, 11], "texture": "#0"},
				"south": {"uv": [5.75, 0, 8.75, 1], "texture": "#0"},
				"west": {"uv": [10, 1, 10.25, 2], "texture": "#0"},
				"up": {"uv": [7.25, 8.375, 4.25, 8.125], "texture": "#0"},
				"down": {"uv": [10.25, 8.125, 7.25, 8.375], "texture": "#0"}
			}
		},
		{
			"from": [18, 11.08239, 2.61313],
			"to": [20, 13.08239, 13.38313],
			"rotation": {"angle": 0, "axis": "y", "origin": [8, 13.08239, 19.38]},
			"faces": {
				"north": {"uv": [2.875, 11, 3.125, 11.25], "texture": "#0"},
				"east": {"uv": [1.875, 9.75, 3.25, 10], "texture": "#0"},
				"south": {"uv": [5.625, 11, 5.875, 11.25], "texture": "#0"},
				"west": {"uv": [6.25, 9.75, 7.625, 10], "texture": "#0"},
				"up": {"uv": [3.5, 11.125, 3.25, 9.75], "texture": "#0"},
				"down": {"uv": [3.75, 9.75, 3.5, 11.125], "texture": "#0"}
			}
		},
		{
			"from": [-4, 11.08239, 2.61313],
			"to": [-2, 13.08239, 13.38313],
			"rotation": {"angle": 0, "axis": "y", "origin": [-14, 13.08239, 19.38]},
			"faces": {
				"north": {"uv": [6.25, 11, 6.5, 11.25], "texture": "#0"},
				"east": {"uv": [7.625, 9.75, 9, 10], "texture": "#0"},
				"south": {"uv": [8.875, 11, 9.125, 11.25], "texture": "#0"},
				"west": {"uv": [9, 9.75, 10.375, 10], "texture": "#0"},
				"up": {"uv": [4, 11.125, 3.75, 9.75], "texture": "#0"},
				"down": {"uv": [10, 1, 9.75, 2.375], "texture": "#0"}
			}
		},
		{
			"from": [-4, 0.32957, 2.4525],
			"to": [20, 2.32957, 4.4525],
			"rotation": {"angle": 22.5, "axis": "x", "origin": [8, 8.32957, 10.4525]},
			"faces": {
				"north": {"uv": [8.25, 7.5, 11.25, 7.75], "texture": "#0"},
				"east": {"uv": [11, 1.375, 11.25, 1.625], "texture": "#0"},
				"south": {"uv": [8.25, 7.75, 11.25, 8], "texture": "#0"},
				"west": {"uv": [11, 1.625, 11.25, 1.875], "texture": "#0"},
				"up": {"uv": [7.25, 8.625, 4.25, 8.375], "texture": "#0"},
				"down": {"uv": [10.25, 8.375, 7.25, 8.625], "texture": "#0"}
			}
		},
		{
			"from": [-4, 5.68714, 10.48181],
			"to": [20, 7.68714, 12.48181],
			"rotation": {"angle": -22.5, "axis": "x", "origin": [8, 13.68714, 18.48181]},
			"faces": {
				"north": {"uv": [8.5, 7.125, 11.5, 7.375], "texture": "#0"},
				"east": {"uv": [11, 1.875, 11.25, 2.125], "texture": "#0"},
				"south": {"uv": [4.25, 8.625, 7.25, 8.875], "texture": "#0"},
				"west": {"uv": [11, 2.125, 11.25, 2.375], "texture": "#0"},
				"up": {"uv": [10.25, 8.875, 7.25, 8.625], "texture": "#0"},
				"down": {"uv": [3, 8.75, 0, 9], "texture": "#0"}
			}
		},
		{
			"from": [-4, 2, 14],
			"to": [20, 4, 16],
			"rotation": {"angle": 0, "axis": "y", "origin": [8, 10, 22]},
			"faces": {
				"north": {"uv": [8.75, 0, 11.75, 0.25], "texture": "#0"},
				"east": {"uv": [11, 3, 11.25, 3.25], "texture": "#0"},
				"south": {"uv": [8.75, 0.25, 11.75, 0.5], "texture": "#0"},
				"west": {"uv": [11, 6.25, 11.25, 6.5], "texture": "#0"},
				"up": {"uv": [11.75, 0.75, 8.75, 0.5], "texture": "#0"},
				"down": {"uv": [11.75, 0.75, 8.75, 1], "texture": "#0"}
			}
		},
		{
			"from": [-3, 2, 2],
			"to": [19, 13.08, 14],
			"rotation": {"angle": 0, "axis": "y", "origin": [8, 10, 20]},
			"faces": {
				"north": {"uv": [3, 1.5, 5.75, 2.875], "texture": "#0"},
				"east": {"uv": [5.75, 1, 7.25, 2.375], "texture": "#0"},
				"south": {"uv": [0, 4, 2.75, 5.375], "texture": "#0"},
				"west": {"uv": [5.75, 2.375, 7.25, 3.75], "texture": "#0"},
				"up": {"uv": [5.75, 4.5, 3, 3], "texture": "#0"},
				"down": {"uv": [5.75, 0, 3, 1.5], "texture": "#0"}
			}
		},
		{
			"name": "hexadecagon",
			"from": [-3, 16.07359, 3.37644],
			"to": [-2, 21.05728, 14.37644],
			"rotation": {"angle": 22.5, "axis": "x", "origin": [-2.5, 16.56543, 8.87644]},
			"faces": {
				"north": {"uv": [7.75, 10.875, 7.875, 11.5], "texture": "#0"},
				"east": {"uv": [5.5, 7.5, 6.875, 8.125], "texture": "#0"},
				"south": {"uv": [7.875, 10.875, 8, 11.5], "texture": "#0"},
				"west": {"uv": [6.875, 7.5, 8.25, 8.125], "texture": "#0"},
				"up": {"uv": [3.25, 11.375, 3.125, 10], "texture": "#0"},
				"down": {"uv": [6.125, 10.25, 6, 11.625], "texture": "#0"}
			}
		},
		{
			"name": "hexadecagon",
			"from": [18, 16.07359, 3.37644],
			"to": [19, 21.05728, 14.37644],
			"rotation": {"angle": 22.5, "axis": "x", "origin": [18.5, 16.56543, 8.87644]},
			"faces": {
				"north": {"uv": [8, 10.875, 8.125, 11.5], "texture": "#0"},
				"east": {"uv": [0, 7.625, 1.375, 8.25], "texture": "#0"},
				"south": {"uv": [8.125, 10.875, 8.25, 11.5], "texture": "#0"},
				"west": {"uv": [1.375, 7.625, 2.75, 8.25], "texture": "#0"},
				"up": {"uv": [6.25, 11.625, 6.125, 10.25], "texture": "#0"},
				"down": {"uv": [9.5, 10.375, 9.375, 11.75], "texture": "#0"}
			}
		},
		{
			"name": "hexadecagon",
			"from": [-3, 20.67584, 5.29408],
			"to": [-2, 21.65952, 13.29408],
			"rotation": {"angle": 22.5, "axis": "x", "origin": [-2.5, 16.16768, 9.79408]},
			"faces": {
				"north": {"uv": [10.25, 8.75, 10.375, 8.875], "texture": "#0"},
				"east": {"uv": [3, 8.75, 4, 8.875], "texture": "#0"},
				"south": {"uv": [10.25, 10, 10.375, 10.125], "texture": "#0"},
				"west": {"uv": [8, 9.125, 9, 9.25], "texture": "#0"},
				"up": {"uv": [9.625, 11.375, 9.5, 10.375], "texture": "#0"},
				"down": {"uv": [9.75, 10.375, 9.625, 11.375], "texture": "#0"}
			}
		},
		{
			"name": "hexadecagon",
			"from": [18, 20.67584, 5.29408],
			"to": [19, 21.65952, 13.29408],
			"rotation": {"angle": 22.5, "axis": "x", "origin": [18.5, 16.16768, 9.79408]},
			"faces": {
				"north": {"uv": [8.25, 10.875, 8.375, 11], "texture": "#0"},
				"east": {"uv": [9.875, 7.375, 10.875, 7.5], "texture": "#0"},
				"south": {"uv": [1.375, 11, 1.5, 11.125], "texture": "#0"},
				"west": {"uv": [10.125, 6.5, 11.125, 6.625], "texture": "#0"},
				"up": {"uv": [6, 11.625, 5.875, 10.625], "texture": "#0"},
				"down": {"uv": [6.75, 10.625, 6.625, 11.625], "texture": "#0"}
			}
		},
		{
			"name": "hexadecagon",
			"from": [-4, 15.07359, 1.37644],
			"to": [20, 18.05728, 3.37644],
			"rotation": {"angle": 22.5, "axis": "x", "origin": [19.5, 16.56543, 8.87644]},
			"faces": {
				"north": {"uv": [5.75, 5, 8.75, 5.375], "texture": "#0"},
				"east": {"uv": [2.75, 4, 3, 4.375], "texture": "#0"},
				"south": {"uv": [6, 6, 9, 6.375], "texture": "#0"},
				"west": {"uv": [0.5, 10.75, 0.75, 11.125], "texture": "#0"},
				"up": {"uv": [11.75, 5.25, 8.75, 5], "texture": "#0"},
				"down": {"uv": [6, 8.875, 3, 9.125], "texture": "#0"}
			}
		},
		{
			"name": "hexadecagon",
			"from": [18, 15.07359, 3.37644],
			"to": [20, 16.05728, 14.37644],
			"rotation": {"angle": 22.5, "axis": "x", "origin": [19.5, 16.56543, 8.87644]},
			"faces": {
				"north": {"uv": [2.75, 4.375, 3, 4.5], "texture": "#0"},
				"east": {"uv": [8.25, 8, 9.625, 8.125], "texture": "#0"},
				"south": {"uv": [5.75, 5.375, 6, 5.5], "texture": "#0"},
				"west": {"uv": [8.5, 7.375, 9.875, 7.5], "texture": "#0"},
				"up": {"uv": [2.125, 11.375, 1.875, 10], "texture": "#0"},
				"down": {"uv": [2.375, 10, 2.125, 11.375], "texture": "#0"}
			}
		},
		{
			"name": "hexadecagon",
			"from": [-4, 15.07359, 3.37644],
			"to": [-2, 16.05728, 14.37644],
			"rotation": {"angle": 22.5, "axis": "x", "origin": [-2.5, 16.56543, 8.87644]},
			"faces": {
				"north": {"uv": [4, 8.75, 4.25, 8.875], "texture": "#0"},
				"east": {"uv": [9, 8.875, 10.375, 9], "texture": "#0"},
				"south": {"uv": [8.75, 5.25, 9, 5.375], "texture": "#0"},
				"west": {"uv": [6.625, 9.125, 8, 9.25], "texture": "#0"},
				"up": {"uv": [2.625, 11.375, 2.375, 10], "texture": "#0"},
				"down": {"uv": [2.875, 10, 2.625, 11.375], "texture": "#0"}
			}
		},
		{
			"name": "hexadecagon",
			"from": [-4, 22.06543, 7.3846],
			"to": [16, 24.06543, 10.36828],
			"rotation": {"angle": -45, "axis": "x", "origin": [19.5, 16.56543, 8.87644]},
			"faces": {
				"north": {"uv": [4.125, 9.125, 6.625, 9.375], "texture": "#0"},
				"east": {"uv": [10.625, 6.25, 11, 6.5], "texture": "#0"},
				"south": {"uv": [0, 9.25, 2.5, 9.5], "texture": "#0"},
				"west": {"uv": [10.625, 9.5, 11, 9.75], "texture": "#0"},
				"up": {"uv": [9.75, 1.375, 7.25, 1], "texture": "#0"},
				"down": {"uv": [9.75, 1.375, 7.25, 1.75], "texture": "#0"}
			}
		},
		{
			"name": "hexadecagon",
			"from": [-4, 22.06543, 7.3846],
			"to": [18, 24.06543, 10.36828],
			"rotation": {"angle": -22.5, "axis": "x", "origin": [19.5, 16.56543, 8.87644]},
			"faces": {
				"north": {"uv": [0, 8.25, 2.75, 8.5], "texture": "#0"},
				"east": {"uv": [0.75, 10.75, 1.125, 11], "texture": "#0"},
				"south": {"uv": [0, 8.5, 2.75, 8.75], "texture": "#0"},
				"west": {"uv": [1.125, 10.75, 1.5, 11], "texture": "#0"},
				"up": {"uv": [5.75, 7.25, 3, 6.875], "texture": "#0"},
				"down": {"uv": [8.5, 7.125, 5.75, 7.5], "texture": "#0"}
			}
		},
		{
			"name": "hexadecagon",
			"from": [-4, 15.07359, 14.37644],
			"to": [20, 18.05728, 16.37644],
			"rotation": {"angle": -22.5, "axis": "x", "origin": [19.5, 16.56543, 8.87644]},
			"faces": {
				"north": {"uv": [6, 5.375, 9, 5.75], "texture": "#0"},
				"east": {"uv": [4, 10.75, 4.25, 11.125], "texture": "#0"},
				"south": {"uv": [6, 6.375, 9, 6.75], "texture": "#0"},
				"west": {"uv": [4.25, 10.75, 4.5, 11.125], "texture": "#0"},
				"up": {"uv": [9, 9.125, 6, 8.875], "texture": "#0"},
				"down": {"uv": [3, 9, 0, 9.25], "texture": "#0"}
			}
		},
		{
			"name": "hexadecagon",
			"from": [-4, 15.07359, 14.37644],
			"to": [20, 18.05728, 16.37644],
			"rotation": {"angle": 0, "axis": "x", "origin": [19.5, 16.56543, 8.87644]},
			"faces": {
				"north": {"uv": [0, 6.5, 3, 6.875], "texture": "#0"},
				"east": {"uv": [4.5, 10.75, 4.75, 11.125], "texture": "#0"},
				"south": {"uv": [3, 6.5, 6, 6.875], "texture": "#0"},
				"west": {"uv": [4.75, 10.75, 5, 11.125], "texture": "#0"},
				"up": {"uv": [12, 9.25, 9, 9], "texture": "#0"},
				"down": {"uv": [12, 5.25, 9, 5.5], "texture": "#0"}
			}
		},
		{
			"name": "hexadecagon",
			"from": [-4, 15.07359, 14.37644],
			"to": [20, 18.05728, 16.37644],
			"rotation": {"angle": 22.5, "axis": "x", "origin": [19.5, 16.56543, 8.87644]},
			"faces": {
				"north": {"uv": [6, 6.75, 9, 7.125], "texture": "#0"},
				"east": {"uv": [6.75, 10.75, 7, 11.125], "texture": "#0"},
				"south": {"uv": [0, 6.875, 3, 7.25], "texture": "#0"},
				"west": {"uv": [7, 10.75, 7.25, 11.125], "texture": "#0"},
				"up": {"uv": [12, 5.75, 9, 5.5], "texture": "#0"},
				"down": {"uv": [12, 5.75, 9, 6], "texture": "#0"}
			}
		},
		{
			"name": "hexadecagon",
			"from": [-4, 22.06543, 7.3846],
			"to": [16, 24.06543, 10.36828],
			"rotation": {"angle": 0, "axis": "x", "origin": [19.5, 16.56543, 8.87644]},
			"faces": {
				"north": {"uv": [6.625, 9.25, 9.125, 9.5], "texture": "#0"},
				"east": {"uv": [8.375, 10.75, 8.75, 11], "texture": "#0"},
				"south": {"uv": [9.125, 9.25, 11.625, 9.5], "texture": "#0"},
				"west": {"uv": [8.75, 10.75, 9.125, 11], "texture": "#0"},
				"up": {"uv": [9.75, 2.125, 7.25, 1.75], "texture": "#0"},
				"down": {"uv": [9.75, 2.125, 7.25, 2.5], "texture": "#0"}
			}
		},
		{
			"name": "hexadecagon",
			"from": [-4, 22.06543, 7.3846],
			"to": [18, 24.06543, 10.36828],
			"rotation": {"angle": 22.5, "axis": "x", "origin": [19.5, 16.56543, 8.87644]},
			"faces": {
				"north": {"uv": [9, 6.625, 11.75, 6.875], "texture": "#0"},
				"east": {"uv": [10.75, 10.75, 11.125, 11], "texture": "#0"},
				"south": {"uv": [9, 6.875, 11.75, 7.125], "texture": "#0"},
				"west": {"uv": [10.75, 1, 11.125, 1.25], "texture": "#0"},
				"up": {"uv": [2.75, 7.625, 0, 7.25], "texture": "#0"},
				"down": {"uv": [5.5, 7.25, 2.75, 7.625], "texture": "#0"}
			}
		},
		{
			"name": "hexadecagon",
			"from": [-4, 15.07359, 14.37644],
			"to": [16, 18.05728, 16.37644],
			"rotation": {"angle": -45, "axis": "x", "origin": [19.5, 16.56543, 8.87644]},
			"faces": {
				"north": {"uv": [7.25, 2.5, 9.75, 2.875], "texture": "#0"},
				"east": {"uv": [9.125, 10.75, 9.375, 11.125], "texture": "#0"},
				"south": {"uv": [7.25, 2.875, 9.75, 3.25], "texture": "#0"},
				"west": {"uv": [10.75, 1.25, 11, 1.625], "texture": "#0"},
				"up": {"uv": [6.625, 9.625, 4.125, 9.375], "texture": "#0"},
				"down": {"uv": [2.5, 9.5, 0, 9.75], "texture": "#0"}
			}
		},
		{
			"name": "hexadecagon",
			"from": [5, 18.77359, 1.82644],
			"to": [11, 22.05728, 3.82644],
			"rotation": {"angle": 0, "axis": "x", "origin": [19.5, 20.56543, 9.32644]},
			"faces": {
				"north": {"uv": [6.75, 10, 7.5, 10.375], "texture": "#0"},
				"east": {"uv": [10.75, 1.625, 11, 2], "texture": "#0"},
				"south": {"uv": [7.5, 10, 8.25, 10.375], "texture": "#0"},
				"west": {"uv": [10.75, 2, 11, 2.375], "texture": "#0"},
				"up": {"uv": [10.5, 3.25, 9.75, 3], "texture": "#0"},
				"down": {"uv": [10.75, 2, 10, 2.25], "texture": "#0"}
			}
		},
		{
			"name": "hexadecagon",
			"from": [5, 10.095, 0.17644],
			"to": [11, 13.07869, 0.67644],
			"rotation": {"angle": 0, "axis": "x", "origin": [19.5, 11.56543, 7.82644]},
			"faces": {
				"north": {"uv": [8.25, 10, 9, 10.375], "texture": "#0"},
				"east": {"uv": [5.125, 11.125, 5.25, 11.5], "texture": "#0"},
				"south": {"uv": [9, 10, 9.75, 10.375], "texture": "#0"},
				"west": {"uv": [5.25, 11.125, 5.375, 11.5], "texture": "#0"},
				"up": {"uv": [5.75, 3, 5, 2.875], "texture": "#0"},
				"down": {"uv": [2.75, 5.375, 2, 5.5], "texture": "#0"}
			}
		},
		{
			"name": "hexadecagon",
			"from": [6, 11.095, -0.32356],
			"to": [10, 14.57869, 0.67644],
			"rotation": {"angle": 0, "axis": "x", "origin": [19.5, 11.56543, 7.82644]},
			"faces": {
				"north": {"uv": [5, 10.25, 5.5, 10.625], "texture": "#0"},
				"east": {"uv": [5.375, 11.125, 5.5, 11.5], "texture": "#0"},
				"south": {"uv": [5.5, 10.25, 6, 10.625], "texture": "#0"},
				"west": {"uv": [5.5, 11.125, 5.625, 11.5], "texture": "#0"},
				"up": {"uv": [10.75, 11, 10.25, 10.875], "texture": "#0"},
				"down": {"uv": [11.5, 9.5, 11, 9.625], "texture": "#0"}
			}
		},
		{
			"name": "hexadecagon",
			"from": [3.0369, 27.20208, 1.82644],
			"to": [5.0369, 28.28576, 3.82644],
			"rotation": {"angle": 45, "axis": "z", "origin": [11.5369, 27.5412, 9.32644]},
			"faces": {
				"north": {"uv": [10, 2.25, 10.25, 2.375], "texture": "#0"},
				"east": {"uv": [11.125, 4.875, 11.375, 5], "texture": "#0"},
				"south": {"uv": [11.125, 6.5, 11.375, 6.625], "texture": "#0"},
				"west": {"uv": [11.125, 10.875, 11.375, 11], "texture": "#0"},
				"up": {"uv": [0.75, 11.375, 0.5, 11.125], "texture": "#0"},
				"down": {"uv": [1, 11.125, 0.75, 11.375], "texture": "#0"}
			}
		},
		{
			"name": "hexadecagon",
			"from": [10.9631, 27.20208, 1.82644],
			"to": [12.9631, 28.28576, 3.82644],
			"rotation": {"angle": -45, "axis": "z", "origin": [4.4631, 27.5412, 9.32644]},
			"faces": {
				"north": {"uv": [5.625, 11.25, 5.875, 11.375], "texture": "#0"},
				"east": {"uv": [6.25, 11.25, 6.5, 11.375], "texture": "#0"},
				"south": {"uv": [7.25, 11.25, 7.5, 11.375], "texture": "#0"},
				"west": {"uv": [7.5, 11.25, 7.75, 11.375], "texture": "#0"},
				"up": {"uv": [1.25, 11.375, 1, 11.125], "texture": "#0"},
				"down": {"uv": [1.5, 11.125, 1.25, 11.375], "texture": "#0"}
			}
		},
		{
			"name": "hexadecagon",
			"from": [6.41421, 22.058, 1.82644],
			"to": [9.58521, 23.468, 3.82644],
			"rotation": {"angle": 0, "axis": "x", "origin": [-0.08579, 22.72692, 9.32644]},
			"faces": {
				"north": {"uv": [6.25, 9.625, 6.625, 9.75], "texture": "#0"},
				"east": {"uv": [8.875, 11.25, 9.125, 11.375], "texture": "#0"},
				"south": {"uv": [11, 9.625, 11.375, 9.75], "texture": "#0"},
				"west": {"uv": [9.75, 11.25, 10, 11.375], "texture": "#0"},
				"up": {"uv": [11.125, 2.625, 10.75, 2.375], "texture": "#0"},
				"down": {"uv": [11.125, 2.625, 10.75, 2.875], "texture": "#0"}
			}
		},
		{
			"name": "hexadecagon",
			"from": [-2, 14.32359, 14.47644],
			"to": [2, 16.30728, 17.37644],
			"rotation": {"angle": 22.5, "axis": "x", "origin": [19.5, 16.81543, 8.87644]},
			"faces": {
				"north": {"uv": [10.25, 1.75, 10.75, 2], "texture": "#0"},
				"east": {"uv": [10.75, 3.25, 11.125, 3.5], "texture": "#0"},
				"south": {"uv": [10.375, 8.75, 10.875, 9], "texture": "#0"},
				"west": {"uv": [10.75, 3.75, 11.125, 4], "texture": "#0"},
				"up": {"uv": [10.75, 10.625, 10.25, 10.25], "texture": "#0"},
				"down": {"uv": [10.75, 1, 10.25, 1.375], "texture": "#0"}
			}
		},
		{
			"name": "hexadecagon",
			"from": [14, 14.32359, 14.57644],
			"to": [18, 16.30728, 17.37644],
			"rotation": {"angle": 22.5, "axis": "x", "origin": [35.5, 16.81543, 8.87644]},
			"faces": {
				"north": {"uv": [10.5, 3, 11, 3.25], "texture": "#0"},
				"east": {"uv": [10.75, 4, 11.125, 4.25], "texture": "#0"},
				"south": {"uv": [10.25, 10.625, 10.75, 10.875], "texture": "#0"},
				"west": {"uv": [10.75, 4.25, 11.125, 4.5], "texture": "#0"},
				"up": {"uv": [10.75, 1.75, 10.25, 1.375], "texture": "#0"},
				"down": {"uv": [10.75, 2.25, 10.25, 2.625], "texture": "#0"}
			}
		},
		{
			"from": [19, 12, 6.75],
			"to": [20, 15, 10.75],
			"rotation": {"angle": 22.5, "axis": "x", "origin": [8, 14, 20.75]},
			"faces": {
				"north": {"uv": [6.75, 11.125, 6.875, 11.5], "texture": "#0"},
				"east": {"uv": [10.25, 2.625, 10.75, 3], "texture": "#0"},
				"south": {"uv": [6.875, 11.125, 7, 11.5], "texture": "#0"},
				"west": {"uv": [10.25, 3.25, 10.75, 3.625], "texture": "#0"},
				"up": {"uv": [4.125, 10.25, 4, 9.75], "texture": "#0"},
				"down": {"uv": [6.625, 11, 6.5, 11.5], "texture": "#0"}
			}
		},
		{
			"from": [20, 12.5, 7.25],
			"to": [21, 14.5, 10.25],
			"rotation": {"angle": 22.5, "axis": "x", "origin": [8, 14, 20.75]},
			"faces": {
				"north": {"uv": [3, 11.25, 3.125, 11.5], "texture": "#0"},
				"east": {"uv": [10.75, 4.5, 11.125, 4.75], "texture": "#0"},
				"south": {"uv": [10, 11.25, 10.125, 11.5], "texture": "#0"},
				"west": {"uv": [10.75, 4.75, 11.125, 5], "texture": "#0"},
				"up": {"uv": [7.125, 11.5, 7, 11.125], "texture": "#0"},
				"down": {"uv": [7.25, 11.125, 7.125, 11.5], "texture": "#0"}
			}
		},
		{
			"from": [20.25, 13, 5.25],
			"to": [20.75, 14, 12.25],
			"rotation": {"angle": 22.5, "axis": "x", "origin": [8, 14, 20.75]},
			"faces": {
				"north": {"uv": [11.375, 7.5, 11.5, 7.625], "texture": "#0"},
				"east": {"uv": [10.25, 3.625, 11.125, 3.75], "texture": "#0"},
				"south": {"uv": [11.375, 7.625, 11.5, 7.75], "texture": "#0"},
				"west": {"uv": [10.25, 10.125, 11.125, 10.25], "texture": "#0"},
				"up": {"uv": [0.125, 11.625, 0, 10.75], "texture": "#0"},
				"down": {"uv": [0.25, 10.75, 0.125, 11.625], "texture": "#0"}
			}
		},
		{
			"from": [20.25, 11, 11.25],
			"to": [20.75, 13, 12.25],
			"rotation": {"angle": 22.5, "axis": "x", "origin": [8, 14, 20.75]},
			"faces": {
				"north": {"uv": [10.125, 11.25, 10.25, 11.5], "texture": "#0"},
				"east": {"uv": [10.25, 11.25, 10.375, 11.5], "texture": "#0"},
				"south": {"uv": [10.375, 11.25, 10.5, 11.5], "texture": "#0"},
				"west": {"uv": [10.5, 11.25, 10.625, 11.5], "texture": "#0"},
				"up": {"uv": [11.5, 7.875, 11.375, 7.75], "texture": "#0"},
				"down": {"uv": [11.5, 7.875, 11.375, 8], "texture": "#0"}
			}
		},
		{
			"from": [20.25, 11, 5.25],
			"to": [20.75, 13, 6.25],
			"rotation": {"angle": 22.5, "axis": "x", "origin": [8, 14, 20.75]},
			"faces": {
				"north": {"uv": [10.625, 11.25, 10.75, 11.5], "texture": "#0"},
				"east": {"uv": [10.75, 11.25, 10.875, 11.5], "texture": "#0"},
				"south": {"uv": [10.875, 11.25, 11, 11.5], "texture": "#0"},
				"west": {"uv": [11, 11.25, 11.125, 11.5], "texture": "#0"},
				"up": {"uv": [11.5, 8.125, 11.375, 8], "texture": "#0"},
				"down": {"uv": [11.5, 8.125, 11.375, 8.25], "texture": "#0"}
			}
		},
		{
			"from": [-4, 12, 6.75],
			"to": [-3, 15, 10.75],
			"rotation": {"angle": 22.5, "axis": "x", "origin": [8, 14, 20.75]},
			"faces": {
				"north": {"uv": [8.25, 11.125, 8.375, 11.5], "texture": "#0"},
				"east": {"uv": [10.25, 8, 10.75, 8.375], "texture": "#0"},
				"south": {"uv": [8.375, 11.125, 8.5, 11.5], "texture": "#0"},
				"west": {"uv": [10.25, 8.375, 10.75, 8.75], "texture": "#0"},
				"up": {"uv": [1.625, 11.625, 1.5, 11.125], "texture": "#0"},
				"down": {"uv": [1.75, 11.125, 1.625, 11.625], "texture": "#0"}
			}
		},
		{
			"from": [-5, 12.5, 7.25],
			"to": [-4, 14.5, 10.25],
			"rotation": {"angle": 22.5, "axis": "x", "origin": [8, 14, 20.75]},
			"faces": {
				"north": {"uv": [11.125, 11.25, 11.25, 11.5], "texture": "#0"},
				"east": {"uv": [10.75, 8, 11.125, 8.25], "texture": "#0"},
				"south": {"uv": [11.25, 11.25, 11.375, 11.5], "texture": "#0"},
				"west": {"uv": [10.75, 8.25, 11.125, 8.5], "texture": "#0"},
				"up": {"uv": [8.625, 11.5, 8.5, 11.125], "texture": "#0"},
				"down": {"uv": [8.75, 11.125, 8.625, 11.5], "texture": "#0"}
			}
		},
		{
			"from": [-4.75, 13, 5.25],
			"to": [-4.25, 14, 12.25],
			"rotation": {"angle": 22.5, "axis": "x", "origin": [8, 14, 20.75]},
			"faces": {
				"north": {"uv": [11.375, 8.25, 11.5, 8.375], "texture": "#0"},
				"east": {"uv": [10.625, 6, 11.5, 6.125], "texture": "#0"},
				"south": {"uv": [11.375, 8.375, 11.5, 8.5], "texture": "#0"},
				"west": {"uv": [10.625, 6.125, 11.5, 6.25], "texture": "#0"},
				"up": {"uv": [0.375, 11.625, 0.25, 10.75], "texture": "#0"},
				"down": {"uv": [0.5, 10.75, 0.375, 11.625], "texture": "#0"}
			}
		},
		{
			"from": [-4.75, 11, 11.25],
			"to": [-4.25, 13, 12.25],
			"rotation": {"angle": 22.5, "axis": "x", "origin": [8, 14, 20.75]},
			"faces": {
				"north": {"uv": [11.25, 1.375, 11.375, 1.625], "texture": "#0"},
				"east": {"uv": [11.25, 1.625, 11.375, 1.875], "texture": "#0"},
				"south": {"uv": [11.25, 1.875, 11.375, 2.125], "texture": "#0"},
				"west": {"uv": [11.25, 2.125, 11.375, 2.375], "texture": "#0"},
				"up": {"uv": [11.5, 8.625, 11.375, 8.5], "texture": "#0"},
				"down": {"uv": [11.5, 8.625, 11.375, 8.75], "texture": "#0"}
			}
		},
		{
			"from": [-4.75, 10, 6.25],
			"to": [-4.25, 12, 7.25],
			"rotation": {"angle": 22.5, "axis": "x", "origin": [8, 14, 20.75]},
			"faces": {
				"north": {"uv": [11.25, 2.375, 11.375, 2.625], "texture": "#0"},
				"east": {"uv": [11.25, 3, 11.375, 3.25], "texture": "#0"},
				"south": {"uv": [11.25, 3.625, 11.375, 3.875], "texture": "#0"},
				"west": {"uv": [11.25, 3.875, 11.375, 4.125], "texture": "#0"},
				"up": {"uv": [11.5, 9.75, 11.375, 9.625], "texture": "#0"},
				"down": {"uv": [11.5, 10.125, 11.375, 10.25], "texture": "#0"}
			}
		},
		{
			"from": [20.25, 10, 6.25],
			"to": [20.75, 12, 7.25],
			"rotation": {"angle": 22.5, "axis": "x", "origin": [8, 14, 20.75]},
			"faces": {
				"north": {"uv": [11.25, 4.125, 11.375, 4.375], "texture": "#0"},
				"east": {"uv": [11.25, 4.375, 11.375, 4.625], "texture": "#0"},
				"south": {"uv": [11.25, 6.25, 11.375, 6.5], "texture": "#0"},
				"west": {"uv": [11.25, 7.5, 11.375, 7.75], "texture": "#0"},
				"up": {"uv": [11.5, 10.375, 11.375, 10.25], "texture": "#0"},
				"down": {"uv": [11.5, 10.375, 11.375, 10.5], "texture": "#0"}
			}
		},
		{
			"from": [-4.75, 10, 7.25],
			"to": [-4.25, 11, 10.25],
			"rotation": {"angle": 22.5, "axis": "x", "origin": [8, 14, 20.75]},
			"faces": {
				"north": {"uv": [11.375, 10.5, 11.5, 10.625], "texture": "#0"},
				"east": {"uv": [9.75, 11.125, 10.125, 11.25], "texture": "#0"},
				"south": {"uv": [11.375, 10.625, 11.5, 10.75], "texture": "#0"},
				"west": {"uv": [10.125, 11.125, 10.5, 11.25], "texture": "#0"},
				"up": {"uv": [8.875, 11.5, 8.75, 11.125], "texture": "#0"},
				"down": {"uv": [9.25, 11.125, 9.125, 11.5], "texture": "#0"}
			}
		},
		{
			"from": [20.25, 10, 7.25],
			"to": [20.75, 11, 10.25],
			"rotation": {"angle": 22.5, "axis": "x", "origin": [8, 14, 20.75]},
			"faces": {
				"north": {"uv": [11.375, 10.75, 11.5, 10.875], "texture": "#0"},
				"east": {"uv": [10.5, 11.125, 10.875, 11.25], "texture": "#0"},
				"south": {"uv": [11.375, 10.875, 11.5, 11], "texture": "#0"},
				"west": {"uv": [10.875, 11.125, 11.25, 11.25], "texture": "#0"},
				"up": {"uv": [9.375, 11.5, 9.25, 11.125], "texture": "#0"},
				"down": {"uv": [11.25, 2.375, 11.125, 2.75], "texture": "#0"}
			}
		},
		{
			"from": [-4.75, 10, 10.25],
			"to": [-4.25, 12, 11.25],
			"rotation": {"angle": 22.5, "axis": "x", "origin": [8, 14, 20.75]},
			"faces": {
				"north": {"uv": [11.25, 7.75, 11.375, 8], "texture": "#0"},
				"east": {"uv": [11.25, 8, 11.375, 8.25], "texture": "#0"},
				"south": {"uv": [11.25, 8.25, 11.375, 8.5], "texture": "#0"},
				"west": {"uv": [11.25, 8.5, 11.375, 8.75], "texture": "#0"},
				"up": {"uv": [11.5, 11.375, 11.375, 11.25], "texture": "#0"},
				"down": {"uv": [2.125, 11.5, 2, 11.625], "texture": "#0"}
			}
		},
		{
			"from": [20.25, 10, 10.25],
			"to": [20.75, 12, 11.25],
			"rotation": {"angle": 22.5, "axis": "x", "origin": [8, 14, 20.75]},
			"faces": {
				"north": {"uv": [11.25, 10.125, 11.375, 10.375], "texture": "#0"},
				"east": {"uv": [11.25, 10.375, 11.375, 10.625], "texture": "#0"},
				"south": {"uv": [11.25, 10.625, 11.375, 10.875], "texture": "#0"},
				"west": {"uv": [0.5, 11.375, 0.625, 11.625], "texture": "#0"},
				"up": {"uv": [2.25, 11.625, 2.125, 11.5], "texture": "#0"},
				"down": {"uv": [2.375, 11.5, 2.25, 11.625], "texture": "#0"}
			}
		},
		{
			"from": [-4.75, 11, 5.25],
			"to": [-4.25, 13, 6.25],
			"rotation": {"angle": 22.5, "axis": "x", "origin": [8, 14, 20.75]},
			"faces": {
				"north": {"uv": [0.625, 11.375, 0.75, 11.625], "texture": "#0"},
				"east": {"uv": [0.75, 11.375, 0.875, 11.625], "texture": "#0"},
				"south": {"uv": [0.875, 11.375, 1, 11.625], "texture": "#0"},
				"west": {"uv": [1, 11.375, 1.125, 11.625], "texture": "#0"},
				"up": {"uv": [2.5, 11.625, 2.375, 11.5], "texture": "#0"},
				"down": {"uv": [2.625, 11.5, 2.5, 11.625], "texture": "#0"}
			}
		},
		{
			"from": [15, 13.08239, 5.61313],
			"to": [20, 14.08239, 10.61313],
			"rotation": {"angle": 0, "axis": "y", "origin": [-8, -0.16761, 0.61313]},
			"faces": {
				"north": {"uv": [9.625, 8, 10.25, 8.125], "texture": "#0"},
				"east": {"uv": [10.75, 2.875, 11.375, 3], "texture": "#0"},
				"south": {"uv": [10.75, 3.5, 11.375, 3.625], "texture": "#0"},
				"west": {"uv": [10.875, 7.375, 11.5, 7.5], "texture": "#0"},
				"up": {"uv": [6.25, 10.25, 5.625, 9.625], "texture": "#0"},
				"down": {"uv": [0.625, 9.75, 0, 10.375], "texture": "#0"}
			}
		},
		{
			"from": [9, 13.08239, 4.61313],
			"to": [14, 14.08239, 9.61313],
			"rotation": {"angle": 0, "axis": "y", "origin": [-8, -0.16761, 0.61313]},
			"faces": {
				"north": {"uv": [9.625, 8, 10.25, 8.125], "texture": "#0"},
				"east": {"uv": [10.75, 2.875, 11.375, 3], "texture": "#0"},
				"south": {"uv": [10.75, 3.5, 11.375, 3.625], "texture": "#0"},
				"west": {"uv": [10.875, 7.375, 11.5, 7.5], "texture": "#0"},
				"up": {"uv": [6.25, 10.25, 5.625, 9.625], "texture": "#0"},
				"down": {"uv": [0.625, 9.75, 0, 10.375], "texture": "#0"}
			}
		},
		{
			"from": [14, 13.08239, 0.61313],
			"to": [19, 14.08239, 5.61313],
			"rotation": {"angle": 0, "axis": "y", "origin": [-8, -0.16761, 0.61313]},
			"faces": {
				"north": {"uv": [10.875, 7.375, 11.5, 7.5], "texture": "#0"},
				"east": {"uv": [9.625, 8, 10.25, 8.125], "texture": "#0"},
				"south": {"uv": [10.75, 2.875, 11.375, 3], "texture": "#0"},
				"west": {"uv": [10.75, 3.5, 11.375, 3.625], "texture": "#0"},
				"up": {"uv": [6.25, 10.25, 5.625, 9.625], "rotation": 90, "texture": "#0"},
				"down": {"uv": [0.625, 9.75, 0, 10.375], "rotation": 270, "texture": "#0"}
			}
		},
		{
			"from": [3, 14.08239, 17.61313],
			"to": [8, 15.08239, 22.61313],
			"rotation": {"angle": 45, "axis": "y", "origin": [-8, -0.16761, 0.61313]},
			"faces": {
				"north": {"uv": [10.875, 7.375, 11.5, 7.5], "texture": "#0"},
				"east": {"uv": [9.625, 8, 10.25, 8.125], "texture": "#0"},
				"south": {"uv": [10.75, 2.875, 11.375, 3], "texture": "#0"},
				"west": {"uv": [10.75, 3.5, 11.375, 3.625], "texture": "#0"},
				"up": {"uv": [6.25, 10.25, 5.625, 9.625], "rotation": 90, "texture": "#0"},
				"down": {"uv": [0.625, 9.75, 0, 10.375], "rotation": 270, "texture": "#0"}
			}
		},
		{
			"from": [1, 14.08239, -0.38687],
			"to": [6, 15.08239, 4.61313],
			"rotation": {"angle": -22.5, "axis": "y", "origin": [-8, -0.16761, 0.61313]},
			"faces": {
				"north": {"uv": [10.875, 7.375, 11.5, 7.5], "texture": "#0"},
				"east": {"uv": [9.625, 8, 10.25, 8.125], "texture": "#0"},
				"south": {"uv": [10.75, 2.875, 11.375, 3], "texture": "#0"},
				"west": {"uv": [10.75, 3.5, 11.375, 3.625], "texture": "#0"},
				"up": {"uv": [6.25, 10.25, 5.625, 9.625], "rotation": 90, "texture": "#0"},
				"down": {"uv": [0.625, 9.75, 0, 10.375], "rotation": 270, "texture": "#0"}
			}
		},
		{
			"from": [3, 14.08239, 9.61313],
			"to": [8, 15.08239, 14.61313],
			"rotation": {"angle": 22.5, "axis": "y", "origin": [-8, -0.16761, 0.61313]},
			"faces": {
				"north": {"uv": [10.875, 7.375, 11.5, 7.5], "texture": "#0"},
				"east": {"uv": [9.625, 8, 10.25, 8.125], "texture": "#0"},
				"south": {"uv": [10.75, 2.875, 11.375, 3], "texture": "#0"},
				"west": {"uv": [10.75, 3.5, 11.375, 3.625], "texture": "#0"},
				"up": {"uv": [6.25, 10.25, 5.625, 9.625], "rotation": 90, "texture": "#0"},
				"down": {"uv": [0.625, 9.75, 0, 10.375], "rotation": 270, "texture": "#0"}
			}
		},
		{
			"from": [-3, 13.08239, 5.61313],
			"to": [2, 14.08239, 10.61313],
			"rotation": {"angle": 0, "axis": "y", "origin": [-8, -0.16761, 0.61313]},
			"faces": {
				"north": {"uv": [10.875, 7.375, 11.5, 7.5], "texture": "#0"},
				"east": {"uv": [9.625, 8, 10.25, 8.125], "texture": "#0"},
				"south": {"uv": [10.75, 2.875, 11.375, 3], "texture": "#0"},
				"west": {"uv": [10.75, 3.5, 11.375, 3.625], "texture": "#0"},
				"up": {"uv": [6.25, 10.25, 5.625, 9.625], "rotation": 90, "texture": "#0"},
				"down": {"uv": [0.625, 9.75, 0, 10.375], "rotation": 270, "texture": "#0"}
			}
		},
		{
			"from": [3, 13.08239, 1.61313],
			"to": [8, 14.08239, 6.61313],
			"rotation": {"angle": 0, "axis": "y", "origin": [-8, -0.16761, 0.61313]},
			"faces": {
				"north": {"uv": [9.625, 8, 10.25, 8.125], "texture": "#0"},
				"east": {"uv": [10.75, 2.875, 11.375, 3], "texture": "#0"},
				"south": {"uv": [10.75, 3.5, 11.375, 3.625], "texture": "#0"},
				"west": {"uv": [10.875, 7.375, 11.5, 7.5], "texture": "#0"},
				"up": {"uv": [6.25, 10.25, 5.625, 9.625], "texture": "#0"},
				"down": {"uv": [0.625, 9.75, 0, 10.375], "texture": "#0"}
			}
		},
		{
			"from": [-7, 0, 16.61313],
			"to": [-2, 1, 21.61313],
			"rotation": {"angle": 0, "axis": "y", "origin": [-8, -0.16761, 0.61313]},
			"faces": {
				"north": {"uv": [10.75, 2.875, 11.375, 3], "texture": "#0"},
				"east": {"uv": [10.75, 3.5, 11.375, 3.625], "texture": "#0"},
				"south": {"uv": [10.875, 7.375, 11.5, 7.5], "texture": "#0"},
				"west": {"uv": [9.625, 8, 10.25, 8.125], "texture": "#0"},
				"up": {"uv": [6.25, 10.25, 5.625, 9.625], "rotation": 270, "texture": "#0"},
				"down": {"uv": [0.625, 9.75, 0, 10.375], "rotation": 90, "texture": "#0"}
			}
		},
		{
			"from": [-1, 0, 19.61313],
			"to": [4, 1, 24.61313],
			"rotation": {"angle": 0, "axis": "y", "origin": [-8, -0.16761, 0.61313]},
			"faces": {
				"north": {"uv": [10.75, 2.875, 11.375, 3], "texture": "#0"},
				"east": {"uv": [10.75, 3.5, 11.375, 3.625], "texture": "#0"},
				"south": {"uv": [10.875, 7.375, 11.5, 7.5], "texture": "#0"},
				"west": {"uv": [9.625, 8, 10.25, 8.125], "texture": "#0"},
				"up": {"uv": [6.25, 10.25, 5.625, 9.625], "rotation": 270, "texture": "#0"},
				"down": {"uv": [0.625, 9.75, 0, 10.375], "rotation": 90, "texture": "#0"}
			}
		},
		{
			"from": [-5, 0, -5.38687],
			"to": [0, 1, -0.38687],
			"rotation": {"angle": 0, "axis": "y", "origin": [-8, -0.16761, 0.61313]},
			"faces": {
				"north": {"uv": [9.625, 8, 10.25, 8.125], "texture": "#0"},
				"east": {"uv": [10.75, 2.875, 11.375, 3], "texture": "#0"},
				"south": {"uv": [10.75, 3.5, 11.375, 3.625], "texture": "#0"},
				"west": {"uv": [10.875, 7.375, 11.5, 7.5], "texture": "#0"},
				"up": {"uv": [6.25, 10.25, 5.625, 9.625], "texture": "#0"},
				"down": {"uv": [0.625, 9.75, 0, 10.375], "texture": "#0"}
			}
		},
		{
			"from": [19, 0, 16.61313],
			"to": [24, 1, 21.61313],
			"rotation": {"angle": 0, "axis": "y", "origin": [-8, -0.16761, 0.61313]},
			"faces": {
				"north": {"uv": [9.625, 8, 10.25, 8.125], "texture": "#0"},
				"east": {"uv": [10.75, 2.875, 11.375, 3], "texture": "#0"},
				"south": {"uv": [10.75, 3.5, 11.375, 3.625], "texture": "#0"},
				"west": {"uv": [10.875, 7.375, 11.5, 7.5], "texture": "#0"},
				"up": {"uv": [6.25, 10.25, 5.625, 9.625], "texture": "#0"},
				"down": {"uv": [0.625, 9.75, 0, 10.375], "texture": "#0"}
			}
		},
		{
			"from": [-10, 0, -1.38687],
			"to": [-5, 1, 3.61313],
			"rotation": {"angle": -22.5, "axis": "y", "origin": [-8, -0.16761, 0.61313]},
			"faces": {
				"north": {"uv": [10.75, 2.875, 11.375, 3], "texture": "#0"},
				"east": {"uv": [10.75, 3.5, 11.375, 3.625], "texture": "#0"},
				"south": {"uv": [10.875, 7.375, 11.5, 7.5], "texture": "#0"},
				"west": {"uv": [9.625, 8, 10.25, 8.125], "texture": "#0"},
				"up": {"uv": [6.25, 10.25, 5.625, 9.625], "rotation": 270, "texture": "#0"},
				"down": {"uv": [0.625, 9.75, 0, 10.375], "rotation": 90, "texture": "#0"}
			}
		},
		{
			"from": [15, 0, 21.11313],
			"to": [20, 0, 22.11313],
			"rotation": {"angle": 45, "axis": "y", "origin": [-8, -0.16761, 0.61313]},
			"faces": {
				"north": {"uv": [0, 0, 0.625, 0], "texture": "#0"},
				"east": {"uv": [0, 0, 0.125, 0], "texture": "#0"},
				"south": {"uv": [0, 0, 0.625, 0], "texture": "#0"},
				"west": {"uv": [0, 0, 0.125, 0], "texture": "#0"},
				"up": {"uv": [11.5, 8.875, 10.875, 8.75], "texture": "#0"},
				"down": {"uv": [11.5, 8.875, 10.875, 9], "texture": "#0"}
			}
		},
		{
			"from": [20, 0, 21.11313],
			"to": [20, 2, 22.11313],
			"rotation": {"angle": 45, "axis": "y", "origin": [-8, -0.16761, 0.61313]},
			"faces": {
				"north": {"uv": [0, 0, 0, 0.25], "texture": "#0"},
				"east": {"uv": [1.125, 11.375, 1.25, 11.625], "texture": "#0"},
				"south": {"uv": [0, 0, 0, 0.25], "texture": "#0"},
				"west": {"uv": [1.25, 11.375, 1.375, 11.625], "texture": "#0"},
				"up": {"uv": [0, 0.125, 0, 0], "texture": "#0"},
				"down": {"uv": [0, 0, 0, 0.125], "texture": "#0"}
			}
		},
		{
			"from": [15, 0, 21.11313],
			"to": [15, 2, 22.11313],
			"rotation": {"angle": 45, "axis": "y", "origin": [-8, -0.16761, 0.61313]},
			"faces": {
				"north": {"uv": [0, 0, 0, 0.25], "texture": "#0"},
				"east": {"uv": [1.375, 11.375, 1.5, 11.625], "texture": "#0"},
				"south": {"uv": [0, 0, 0, 0.25], "texture": "#0"},
				"west": {"uv": [1.875, 11.375, 2, 11.625], "texture": "#0"},
				"up": {"uv": [0, 0.125, 0, 0], "texture": "#0"},
				"down": {"uv": [0, 0, 0, 0.125], "texture": "#0"}
			}
		},
		{
			"from": [15, 2, 21.11313],
			"to": [17, 2, 22.11313],
			"rotation": {"angle": 45, "axis": "y", "origin": [-8, -0.16761, 0.61313]},
			"faces": {
				"north": {"uv": [0, 0, 0.25, 0], "texture": "#0"},
				"east": {"uv": [0, 0, 0.125, 0], "texture": "#0"},
				"south": {"uv": [0, 0, 0.25, 0], "texture": "#0"},
				"west": {"uv": [0, 0, 0.125, 0], "texture": "#0"},
				"up": {"uv": [11.5, 2.75, 11.25, 2.625], "texture": "#0"},
				"down": {"uv": [11.5, 4.625, 11.25, 4.75], "texture": "#0"}
			}
		},
		{
			"from": [15, 2, 19.11313],
			"to": [17, 2, 20.11313],
			"rotation": {"angle": 45, "axis": "y", "origin": [-8, -0.16761, 0.61313]},
			"faces": {
				"north": {"uv": [0, 0, 0.25, 0], "texture": "#0"},
				"east": {"uv": [0, 0, 0.125, 0], "texture": "#0"},
				"south": {"uv": [0, 0, 0.25, 0], "texture": "#0"},
				"west": {"uv": [0, 0, 0.125, 0], "texture": "#0"},
				"up": {"uv": [11.5, 11.25, 11.25, 11.125], "texture": "#0"},
				"down": {"uv": [2.25, 11.375, 2, 11.5], "texture": "#0"}
			}
		},
		{
			"from": [15, 2, 17.11313],
			"to": [17, 2, 18.11313],
			"rotation": {"angle": 45, "axis": "y", "origin": [-8, -0.16761, 0.61313]},
			"faces": {
				"north": {"uv": [0, 0, 0.25, 0], "texture": "#0"},
				"east": {"uv": [0, 0, 0.125, 0], "texture": "#0"},
				"south": {"uv": [0, 0, 0.25, 0], "texture": "#0"},
				"west": {"uv": [0, 0, 0.125, 0], "texture": "#0"},
				"up": {"uv": [2.5, 11.5, 2.25, 11.375], "texture": "#0"},
				"down": {"uv": [2.75, 11.375, 2.5, 11.5], "texture": "#0"}
			}
		},
		{
			"from": [18, 2, 17.11313],
			"to": [20, 2, 18.11313],
			"rotation": {"angle": 45, "axis": "y", "origin": [-8, -0.16761, 0.61313]},
			"faces": {
				"north": {"uv": [0, 0, 0.25, 0], "texture": "#0"},
				"east": {"uv": [0, 0, 0.125, 0], "texture": "#0"},
				"south": {"uv": [0, 0, 0.25, 0], "texture": "#0"},
				"west": {"uv": [0, 0, 0.125, 0], "texture": "#0"},
				"up": {"uv": [3.375, 11.5, 3.125, 11.375], "texture": "#0"},
				"down": {"uv": [3.625, 11.375, 3.375, 11.5], "texture": "#0"}
			}
		},
		{
			"from": [18, 2, 19.11313],
			"to": [20, 2, 20.11313],
			"rotation": {"angle": 45, "axis": "y", "origin": [-8, -0.16761, 0.61313]},
			"faces": {
				"north": {"uv": [0, 0, 0.25, 0], "texture": "#0"},
				"east": {"uv": [0, 0, 0.125, 0], "texture": "#0"},
				"south": {"uv": [0, 0, 0.25, 0], "texture": "#0"},
				"west": {"uv": [0, 0, 0.125, 0], "texture": "#0"},
				"up": {"uv": [3.875, 11.5, 3.625, 11.375], "texture": "#0"},
				"down": {"uv": [4.125, 11.375, 3.875, 11.5], "texture": "#0"}
			}
		},
		{
			"from": [18, 2, 21.11313],
			"to": [20, 2, 22.11313],
			"rotation": {"angle": 45, "axis": "y", "origin": [-8, -0.16761, 0.61313]},
			"faces": {
				"north": {"uv": [0, 0, 0.25, 0], "texture": "#0"},
				"east": {"uv": [0, 0, 0.125, 0], "texture": "#0"},
				"south": {"uv": [0, 0, 0.25, 0], "texture": "#0"},
				"west": {"uv": [0, 0, 0.125, 0], "texture": "#0"},
				"up": {"uv": [4.875, 11.5, 4.625, 11.375], "texture": "#0"},
				"down": {"uv": [5.125, 11.375, 4.875, 11.5], "texture": "#0"}
			}
		},
		{
			"from": [20, 0, 19.11313],
			"to": [20, 2, 20.11313],
			"rotation": {"angle": 45, "axis": "y", "origin": [-8, -0.16761, 0.61313]},
			"faces": {
				"north": {"uv": [0, 0, 0, 0.25], "texture": "#0"},
				"east": {"uv": [2.75, 11.375, 2.875, 11.625], "texture": "#0"},
				"south": {"uv": [0, 0, 0, 0.25], "texture": "#0"},
				"west": {"uv": [4.125, 11.375, 4.25, 11.625], "texture": "#0"},
				"up": {"uv": [0, 0.125, 0, 0], "texture": "#0"},
				"down": {"uv": [0, 0, 0, 0.125], "texture": "#0"}
			}
		},
		{
			"from": [15, 0, 19.11313],
			"to": [15, 2, 20.11313],
			"rotation": {"angle": 45, "axis": "y", "origin": [-8, -0.16761, 0.61313]},
			"faces": {
				"north": {"uv": [0, 0, 0, 0.25], "texture": "#0"},
				"east": {"uv": [5.625, 11.375, 5.75, 11.625], "texture": "#0"},
				"south": {"uv": [0, 0, 0, 0.25], "texture": "#0"},
				"west": {"uv": [5.75, 11.375, 5.875, 11.625], "texture": "#0"},
				"up": {"uv": [0, 0.125, 0, 0], "texture": "#0"},
				"down": {"uv": [0, 0, 0, 0.125], "texture": "#0"}
			}
		},
		{
			"from": [20, 0, 17.11313],
			"to": [20, 2, 18.11313],
			"rotation": {"angle": 45, "axis": "y", "origin": [-8, -0.16761, 0.61313]},
			"faces": {
				"north": {"uv": [0, 0, 0, 0.25], "texture": "#0"},
				"east": {"uv": [6.25, 11.375, 6.375, 11.625], "texture": "#0"},
				"south": {"uv": [0, 0, 0, 0.25], "texture": "#0"},
				"west": {"uv": [6.375, 11.375, 6.5, 11.625], "texture": "#0"},
				"up": {"uv": [0, 0.125, 0, 0], "texture": "#0"},
				"down": {"uv": [0, 0, 0, 0.125], "texture": "#0"}
			}
		},
		{
			"from": [15, 0, 17.11313],
			"to": [15, 2, 18.11313],
			"rotation": {"angle": 45, "axis": "y", "origin": [-8, -0.16761, 0.61313]},
			"faces": {
				"north": {"uv": [0, 0, 0, 0.25], "texture": "#0"},
				"east": {"uv": [7.25, 11.375, 7.375, 11.625], "texture": "#0"},
				"south": {"uv": [0, 0, 0, 0.25], "texture": "#0"},
				"west": {"uv": [7.375, 11.375, 7.5, 11.625], "texture": "#0"},
				"up": {"uv": [0, 0.125, 0, 0], "texture": "#0"},
				"down": {"uv": [0, 0, 0, 0.125], "texture": "#0"}
			}
		},
		{
			"from": [17, 0, 20.11313],
			"to": [18, 0, 21.11313],
			"rotation": {"angle": 45, "axis": "y", "origin": [-8, -0.16761, 0.61313]},
			"faces": {
				"north": {"uv": [0, 0, 0.125, 0], "texture": "#0"},
				"east": {"uv": [0, 0, 0.125, 0], "texture": "#0"},
				"south": {"uv": [0, 0, 0.125, 0], "texture": "#0"},
				"west": {"uv": [0, 0, 0.125, 0], "texture": "#0"},
				"up": {"uv": [2.75, 11.625, 2.625, 11.5], "texture": "#0"},
				"down": {"uv": [3.125, 11.5, 3, 11.625], "texture": "#0"}
			}
		},
		{
			"from": [17, 0, 22.11313],
			"to": [18, 0, 23.11313],
			"rotation": {"angle": 45, "axis": "y", "origin": [-8, -0.16761, 0.61313]},
			"faces": {
				"north": {"uv": [0, 0, 0.125, 0], "texture": "#0"},
				"east": {"uv": [0, 0, 0.125, 0], "texture": "#0"},
				"south": {"uv": [0, 0, 0.125, 0], "texture": "#0"},
				"west": {"uv": [0, 0, 0.125, 0], "texture": "#0"},
				"up": {"uv": [3.25, 11.625, 3.125, 11.5], "texture": "#0"},
				"down": {"uv": [3.375, 11.5, 3.25, 11.625], "texture": "#0"}
			}
		},
		{
			"from": [17, 0, 23.11313],
			"to": [18, 1, 24.11313],
			"rotation": {"angle": 45, "axis": "y", "origin": [-8, -0.16761, 0.61313]},
			"faces": {
				"north": {"uv": [3.375, 11.5, 3.5, 11.625], "texture": "#0"},
				"east": {"uv": [3.5, 11.5, 3.625, 11.625], "texture": "#0"},
				"south": {"uv": [3.625, 11.5, 3.75, 11.625], "texture": "#0"},
				"west": {"uv": [3.75, 11.5, 3.875, 11.625], "texture": "#0"},
				"up": {"uv": [4, 11.625, 3.875, 11.5], "texture": "#0"},
				"down": {"uv": [4.125, 11.5, 4, 11.625], "texture": "#0"}
			}
		},
		{
			"from": [15, 0, 25.11313],
			"to": [16, 1, 26.11313],
			"rotation": {"angle": 45, "axis": "y", "origin": [-8, -0.16761, 0.61313]},
			"faces": {
				"north": {"uv": [4.625, 11.5, 4.75, 11.625], "texture": "#0"},
				"east": {"uv": [4.75, 11.5, 4.875, 11.625], "texture": "#0"},
				"south": {"uv": [4.875, 11.5, 5, 11.625], "texture": "#0"},
				"west": {"uv": [5, 11.5, 5.125, 11.625], "texture": "#0"},
				"up": {"uv": [5.25, 11.625, 5.125, 11.5], "texture": "#0"},
				"down": {"uv": [5.375, 11.5, 5.25, 11.625], "texture": "#0"}
			}
		},
		{
			"from": [19, 0, 25.11313],
			"to": [20, 1, 26.11313],
			"rotation": {"angle": 45, "axis": "y", "origin": [-8, -0.16761, 0.61313]},
			"faces": {
				"north": {"uv": [5.375, 11.5, 5.5, 11.625], "texture": "#0"},
				"east": {"uv": [5.5, 11.5, 5.625, 11.625], "texture": "#0"},
				"south": {"uv": [6.5, 11.5, 6.625, 11.625], "texture": "#0"},
				"west": {"uv": [6.75, 11.5, 6.875, 11.625], "texture": "#0"},
				"up": {"uv": [7, 11.625, 6.875, 11.5], "texture": "#0"},
				"down": {"uv": [7.125, 11.5, 7, 11.625], "texture": "#0"}
			}
		},
		{
			"from": [15, 0, 24.11313],
			"to": [20, 1, 25.11313],
			"rotation": {"angle": 45, "axis": "y", "origin": [-8, -0.16761, 0.61313]},
			"faces": {
				"north": {"uv": [10.875, 9.75, 11.5, 9.875], "texture": "#0"},
				"east": {"uv": [7.125, 11.5, 7.25, 11.625], "texture": "#0"},
				"south": {"uv": [10.875, 9.875, 11.5, 10], "texture": "#0"},
				"west": {"uv": [7.75, 11.5, 7.875, 11.625], "texture": "#0"},
				"up": {"uv": [11.5, 10.125, 10.875, 10], "texture": "#0"},
				"down": {"uv": [1.375, 11, 0.75, 11.125], "texture": "#0"}
			}
		},
		{
			"from": [17, 0, 18.11313],
			"to": [18, 0, 19.11313],
			"rotation": {"angle": 45, "axis": "y", "origin": [-8, -0.16761, 0.61313]},
			"faces": {
				"north": {"uv": [0, 0, 0.125, 0], "texture": "#0"},
				"east": {"uv": [0, 0, 0.125, 0], "texture": "#0"},
				"south": {"uv": [0, 0, 0.125, 0], "texture": "#0"},
				"west": {"uv": [0, 0, 0.125, 0], "texture": "#0"},
				"up": {"uv": [8, 11.625, 7.875, 11.5], "texture": "#0"},
				"down": {"uv": [8.125, 11.5, 8, 11.625], "texture": "#0"}
			}
		},
		{
			"from": [17, 0, 16.11313],
			"to": [18, 0, 17.11313],
			"rotation": {"angle": 45, "axis": "y", "origin": [-8, -0.16761, 0.61313]},
			"faces": {
				"north": {"uv": [0, 0, 0.125, 0], "texture": "#0"},
				"east": {"uv": [0, 0, 0.125, 0], "texture": "#0"},
				"south": {"uv": [0, 0, 0.125, 0], "texture": "#0"},
				"west": {"uv": [0, 0, 0.125, 0], "texture": "#0"},
				"up": {"uv": [8.25, 11.625, 8.125, 11.5], "texture": "#0"},
				"down": {"uv": [8.375, 11.5, 8.25, 11.625], "texture": "#0"}
			}
		},
		{
			"from": [16, 0, 15.61313],
			"to": [19, 2, 16.11313],
			"rotation": {"angle": 45, "axis": "y", "origin": [-8, -0.16761, 0.61313]},
			"faces": {
				"north": {"uv": [10.75, 8.5, 11.125, 8.75], "texture": "#0"},
				"east": {"uv": [7.5, 11.375, 7.625, 11.625], "texture": "#0"},
				"south": {"uv": [10.75, 10.25, 11.125, 10.5], "texture": "#0"},
				"west": {"uv": [7.625, 11.375, 7.75, 11.625], "texture": "#0"},
				"up": {"uv": [11.5, 1.125, 11.125, 1], "texture": "#0"},
				"down": {"uv": [11.5, 1.125, 11.125, 1.25], "texture": "#0"}
			}
		},
		{
			"from": [17.5, 0, 14.61313],
			"to": [19, 2, 15.61313],
			"rotation": {"angle": 45, "axis": "y", "origin": [-8, -0.16761, 0.61313]},
			"faces": {
				"north": {"uv": [3.25, 11.125, 3.5, 11.375], "texture": "#0"},
				"east": {"uv": [8.875, 11.375, 9, 11.625], "texture": "#0"},
				"south": {"uv": [3.5, 11.125, 3.75, 11.375], "texture": "#0"},
				"west": {"uv": [9, 11.375, 9.125, 11.625], "texture": "#0"},
				"up": {"uv": [9.75, 11.5, 9.5, 11.375], "texture": "#0"},
				"down": {"uv": [10, 11.375, 9.75, 11.5], "texture": "#0"}
			}
		},
		{
			"from": [16, 0, 14.61313],
			"to": [16.5, 2, 15.61313],
			"rotation": {"angle": 45, "axis": "y", "origin": [-8, -0.16761, 0.61313]},
			"faces": {
				"north": {"uv": [11.375, 11.375, 11.5, 11.625], "texture": "#0"},
				"east": {"uv": [11.375, 1.375, 11.5, 1.625], "texture": "#0"},
				"south": {"uv": [11.375, 1.625, 11.5, 1.875], "texture": "#0"},
				"west": {"uv": [11.375, 1.875, 11.5, 2.125], "texture": "#0"},
				"up": {"uv": [8.5, 11.625, 8.375, 11.5], "texture": "#0"},
				"down": {"uv": [8.625, 11.5, 8.5, 11.625], "texture": "#0"}
			}
		},
		{
			"from": [16, 0, 14.11313],
			"to": [19, 2, 14.61313],
			"rotation": {"angle": 45, "axis": "y", "origin": [-8, -0.16761, 0.61313]},
			"faces": {
				"north": {"uv": [10.75, 10.5, 11.125, 10.75], "texture": "#0"},
				"east": {"uv": [11.375, 2.125, 11.5, 2.375], "texture": "#0"},
				"south": {"uv": [1.5, 10.875, 1.875, 11.125], "texture": "#0"},
				"west": {"uv": [11.375, 2.375, 11.5, 2.625], "texture": "#0"},
				"up": {"uv": [11.5, 2.875, 11.125, 2.75], "texture": "#0"},
				"down": {"uv": [11.5, 3.25, 11.125, 3.375], "texture": "#0"}
			}
		},
		{
			"from": [17, 0, 13.11313],
			"to": [19, 2, 14.11313],
			"rotation": {"angle": 45, "axis": "y", "origin": [-8, -0.16761, 0.61313]},
			"faces": {
				"north": {"uv": [3.75, 11.125, 4, 11.375], "texture": "#0"},
				"east": {"uv": [11.375, 2.875, 11.5, 3.125], "texture": "#0"},
				"south": {"uv": [4, 11.125, 4.25, 11.375], "texture": "#0"},
				"west": {"uv": [11.375, 3.5, 11.5, 3.75], "texture": "#0"},
				"up": {"uv": [11.625, 3.25, 11.375, 3.125], "texture": "#0"},
				"down": {"uv": [11.625, 3.75, 11.375, 3.875], "texture": "#0"}
			}
		},
		{
			"from": [15, 0, 19.11313],
			"to": [20, 0, 20.11313],
			"rotation": {"angle": 45, "axis": "y", "origin": [-8, -0.16761, 0.61313]},
			"faces": {
				"north": {"uv": [0, 0, 0.625, 0], "texture": "#0"},
				"east": {"uv": [0, 0, 0.125, 0], "texture": "#0"},
				"south": {"uv": [0, 0, 0.625, 0], "texture": "#0"},
				"west": {"uv": [0, 0, 0.125, 0], "texture": "#0"},
				"up": {"uv": [5.625, 11.125, 5, 11], "texture": "#0"},
				"down": {"uv": [8.875, 11, 8.25, 11.125], "texture": "#0"}
			}
		},
		{
			"from": [15, 0, 17.11313],
			"to": [20, 0, 18.11313],
			"rotation": {"angle": 45, "axis": "y", "origin": [-8, -0.16761, 0.61313]},
			"faces": {
				"north": {"uv": [0, 0, 0.625, 0], "texture": "#0"},
				"east": {"uv": [0, 0, 0.125, 0], "texture": "#0"},
				"south": {"uv": [0, 0, 0.625, 0], "texture": "#0"},
				"west": {"uv": [0, 0, 0.125, 0], "texture": "#0"},
				"up": {"uv": [10.375, 11.125, 9.75, 11], "texture": "#0"},
				"down": {"uv": [11, 11, 10.375, 11.125], "texture": "#0"}
			}
		},
		{
			"from": [-1, 8.13239, -0.38687],
			"to": [4, 13.13239, 3.61313],
			"rotation": {"angle": 0, "axis": "y", "origin": [-8, -0.16761, 0.61313]},
			"faces": {
				"north": {"uv": [0.625, 9.75, 1.25, 10.375], "texture": "#0"},
				"east": {"uv": [9.75, 2.375, 10.25, 3], "texture": "#0"},
				"south": {"uv": [1.25, 9.75, 1.875, 10.375], "texture": "#0"},
				"west": {"uv": [6.25, 10, 6.75, 10.625], "texture": "#0"},
				"up": {"uv": [4.875, 8.125, 4.25, 7.625], "texture": "#0"},
				"down": {"uv": [5.5, 7.625, 4.875, 8.125], "texture": "#0"}
			}
		},
		{
			"name": "hexadecagon",
			"from": [-4, 24.06543, 4.3846],
			"to": [2, 29.06543, 13.36828],
			"rotation": {"angle": 0, "axis": "x", "origin": [19.5, 16.56543, 8.87644]},
			"faces": {
				"north": {"uv": [4.125, 9.625, 4.875, 10.25], "texture": "#0"},
				"east": {"uv": [9, 6, 10.125, 6.625], "texture": "#0"},
				"south": {"uv": [4.875, 9.625, 5.625, 10.25], "texture": "#0"},
				"west": {"uv": [3, 9.125, 4.125, 9.75], "texture": "#0"},
				"up": {"uv": [3.5, 8.75, 2.75, 7.625], "texture": "#0"},
				"down": {"uv": [4.25, 7.625, 3.5, 8.75], "texture": "#0"}
			}
		},
		{
			"name": "hexadecagon",
			"from": [-3, 25.06543, 13.3846],
			"to": [1, 28.06543, 17.36828],
			"rotation": {"angle": 0, "axis": "x", "origin": [19.5, 16.56543, 8.87644]},
			"faces": {
				"north": {"uv": [0, 10.375, 0.5, 10.75], "texture": "#0"},
				"east": {"uv": [0.5, 10.375, 1, 10.75], "texture": "#0"},
				"south": {"uv": [1, 10.375, 1.5, 10.75], "texture": "#0"},
				"west": {"uv": [6.75, 10.375, 7.25, 10.75], "texture": "#0"},
				"up": {"uv": [3, 9.75, 2.5, 9.25], "texture": "#0"},
				"down": {"uv": [10.625, 6, 10.125, 6.5], "texture": "#0"}
			}
		},
		{
			"name": "hexadecagon",
			"from": [-1.5, 14.31543, 19.1346],
			"to": [-0.5, 18.31543, 22.1346],
			"rotation": {"angle": -45, "axis": "x", "origin": [19.5, 16.56543, 8.87644]},
			"faces": {
				"north": {"uv": [1.75, 11.125, 1.875, 11.625], "texture": "#0"},
				"east": {"uv": [1.5, 10.375, 1.875, 10.875], "texture": "#0"},
				"south": {"uv": [4.25, 11.125, 4.375, 11.625], "texture": "#0"},
				"west": {"uv": [7.25, 10.375, 7.625, 10.875], "texture": "#0"},
				"up": {"uv": [11.25, 4, 11.125, 3.625], "texture": "#0"},
				"down": {"uv": [11.25, 4, 11.125, 4.375], "texture": "#0"}
			}
		},
		{
			"name": "hexadecagon",
			"from": [-1.5, 16.31543, 22.1346],
			"to": [-0.5, 19.31543, 25.1346],
			"rotation": {"angle": -45, "axis": "x", "origin": [19.5, 16.56543, 8.87644]},
			"faces": {
				"north": {"uv": [11.125, 4.375, 11.25, 4.75], "texture": "#0"},
				"east": {"uv": [5.5, 10.625, 5.875, 11], "texture": "#0"},
				"south": {"uv": [11.125, 8, 11.25, 8.375], "texture": "#0"},
				"west": {"uv": [6.25, 10.625, 6.625, 11], "texture": "#0"},
				"up": {"uv": [11.25, 8.75, 11.125, 8.375], "texture": "#0"},
				"down": {"uv": [11.25, 10.125, 11.125, 10.5], "texture": "#0"}
			}
		},
		{
			"name": "hexadecagon",
			"from": [-1.5, 26.82359, 1.87644],
			"to": [-0.5, 30.82359, 4.87644],
			"rotation": {"angle": 22.5, "axis": "x", "origin": [19.5, 16.56543, 8.87644]},
			"faces": {
				"north": {"uv": [4.375, 11.125, 4.5, 11.625], "texture": "#0"},
				"east": {"uv": [7.625, 10.375, 8, 10.875], "texture": "#0"},
				"south": {"uv": [4.5, 11.125, 4.625, 11.625], "texture": "#0"},
				"west": {"uv": [8, 10.375, 8.375, 10.875], "texture": "#0"},
				"up": {"uv": [11.25, 10.875, 11.125, 10.5], "texture": "#0"},
				"down": {"uv": [3, 11.25, 2.875, 11.625], "texture": "#0"}
			}
		},
		{
			"name": "hexadecagon",
			"from": [-1.5, 26.82359, 4.87644],
			"to": [-0.5, 29.07359, 6.87644],
			"rotation": {"angle": 22.5, "axis": "x", "origin": [19.5, 16.56543, 8.87644]},
			"faces": {
				"north": {"uv": [11.375, 3.875, 11.5, 4.125], "texture": "#0"},
				"east": {"uv": [4.625, 11.125, 4.875, 11.375], "texture": "#0"},
				"south": {"uv": [11.375, 4.125, 11.5, 4.375], "texture": "#0"},
				"west": {"uv": [4.875, 11.125, 5.125, 11.375], "texture": "#0"},
				"up": {"uv": [11.5, 4.625, 11.375, 4.375], "texture": "#0"},
				"down": {"uv": [11.5, 6.25, 11.375, 6.5], "texture": "#0"}
			}
		},
		{
			"name": "hexadecagon",
			"from": [-9, 25.06543, 6.3846],
			"to": [7, 26.06543, 11.36828],
			"rotation": {"angle": 0, "axis": "x", "origin": [19.5, 16.56543, 8.87644]},
			"faces": {
				"north": {"uv": [3, 2.875, 5, 3], "texture": "#0"},
				"east": {"uv": [11, 11, 11.625, 11.125], "texture": "#0"},
				"south": {"uv": [0, 5.375, 2, 5.5], "texture": "#0"},
				"west": {"uv": [11, 1.25, 11.625, 1.375], "texture": "#0"},
				"up": {"uv": [7.75, 4.375, 5.75, 3.75], "texture": "#0"},
				"down": {"uv": [7.75, 4.375, 5.75, 5], "texture": "#0"}
			}
		},
		{
			"name": "hexadecagon",
			"from": [-3, 25.56543, 0.3846],
			"to": [1, 28.56543, 4.36828],
			"rotation": {"angle": 0, "axis": "x", "origin": [19.5, 16.56543, 8.87644]},
			"faces": {
				"north": {"uv": [8.375, 10.375, 8.875, 10.75], "texture": "#0"},
				"east": {"uv": [8.875, 10.375, 9.375, 10.75], "texture": "#0"},
				"south": {"uv": [10.375, 9.75, 10.875, 10.125], "texture": "#0"},
				"west": {"uv": [5, 10.625, 5.5, 11], "texture": "#0"},
				"up": {"uv": [4.5, 10.75, 4, 10.25], "texture": "#0"},
				"down": {"uv": [5, 10.25, 4.5, 10.75], "texture": "#0"}
			}
		},
		{
			"name": "hexadecagon",
			"from": [-2, 24.56543, 1.3846],
			"to": [0, 25.56543, 4.36828],
			"rotation": {"angle": 0, "axis": "x", "origin": [19.5, 16.56543, 8.87644]},
			"faces": {
				"north": {"uv": [11.375, 4.875, 11.625, 5], "texture": "#0"},
				"east": {"uv": [11.125, 3.375, 11.5, 3.5], "texture": "#0"},
				"south": {"uv": [11.375, 6.5, 11.625, 6.625], "texture": "#0"},
				"west": {"uv": [11.125, 4.75, 11.5, 4.875], "texture": "#0"},
				"up": {"uv": [7.5, 11.25, 7.25, 10.875], "texture": "#0"},
				"down": {"uv": [7.75, 10.875, 7.5, 11.25], "texture": "#0"}
			}
		}
	],
	"groups": [
		{
			"name": "Shark Crate",
			"origin": [8, 8, 8],
			"children": [
				{
					"name": "Body",
					"origin": [8, 8, 8],
					"children": [0, 1, 2, 3, 4, 5, 6, 7, 8]
				},
				{
					"name": "Extra",
					"origin": [8, 8, 8],
					"children": [9, 10, 11, 12, 13]
				},
				{
					"name": "Cover",
					"origin": [8, 8, 8],
					"children": [
						{
							"name": "hexadecagon",
							"origin": [8, 8, 8],
							"children": [14, 15, 16, 17, 18, 19, 20, 21, 22, 23, 24]
						}
					]
				},
				{
					"name": "Metal",
					"origin": [8, 8, 8],
					"children": [25, 26, 27, 28, 29, 30, 31, 32]
				},
				{
					"name": "Handles",
					"origin": [8, 8, 8],
					"children": [33, 34, 35, 36, 37,
						{
							"name": "Handles",
							"origin": [8, 8, 8],
							"children": [38, 39, 40, 41, 42, 43, 44, 45, 46, 47, 48]
						}
					]
				},
				{
					"name": "Loot",
					"origin": [8, 8, 8],
					"children": [49, 50, 51, 52, 53, 54, 55, 56, 57, 58, 59, 60, 61, 62, 63, 64, 65, 66, 67, 68, 69, 70, 71, 72, 73, 74, 75, 76, 77, 78, 79, 80, 81, 82, 83, 84, 85, 86, 87, 88, 89, 90]
				},
				{
					"name": "Shark",
					"origin": [8, 8, 8],
					"children": [91, 92, 93, 94, 95, 96, 97, 98, 99]
				}
			]
		}
	]
}