{"textures":{"0":"modelengine:entity/dark_element_pet_skill"},"elements":[{"from":[-14.857143,3.5714283,-14.857143],"to":[30.857143,3.5714283,30.857143],"rotation":{"angle":0.0,"axis":"y","origin":[-14.285715,2.5714283,-14.285715]},"faces":{"east":{"uv":[0.0,0.0,10.0,0.0],"rotation":0,"texture":"#0","tintindex":0},"south":{"uv":[0.0,0.0,10.0,0.0],"rotation":0,"texture":"#0","tintindex":0},"north":{"uv":[0.0,0.0,10.0,0.0],"rotation":0,"texture":"#0","tintindex":0},"west":{"uv":[0.0,0.0,10.0,0.0],"rotation":0,"texture":"#0","tintindex":0},"up":{"uv":[0.0,0.0,16.0,16.0],"rotation":0,"texture":"#0","tintindex":0},"down":{"uv":[0.0,16.0,16.0,0.0],"rotation":0,"texture":"#0","tintindex":0}}}],"display":{"head":{"translation":[0.0,-6.4,0.0],"scale":[4.0,4.0,4.0]}}}