{"textures":{"1":"modelengine:entity/dark_element_pet_skill2"},"elements":[{"from":[5.95568,-4.3616676,2.8571424],"to":[16.241394,11.066905,13.142858],"rotation":{"angle":-22.5,"axis":"z","origin":[-11.758606,-4.933096,7.428571]},"faces":{"east":{"uv":[2.25,0.0,4.5,3.375],"rotation":0,"texture":"#1","tintindex":0},"south":{"uv":[2.25,0.0,0.0,3.375],"rotation":0,"texture":"#1","tintindex":0},"north":{"uv":[0.0,0.0,2.25,3.375],"rotation":0,"texture":"#1","tintindex":0},"west":{"uv":[2.25,3.375,4.5,6.75],"rotation":0,"texture":"#1","tintindex":0},"up":{"uv":[11.0,5.375,8.75,3.125],"rotation":0,"texture":"#1","tintindex":0},"down":{"uv":[7.75,9.625,5.5,11.875],"rotation":0,"texture":"#1","tintindex":0}}},{"from":[9.95568,-0.93309593,3.4285712],"to":[19.098537,13.352619,12.571428],"rotation":{"angle":0.0,"axis":"y","origin":[-11.758606,-4.933096,8.0]},"faces":{"east":{"uv":[8.75,0.0,10.75,3.125],"rotation":0,"texture":"#1","tintindex":0},"south":{"uv":[10.0,6.0,8.0,9.125],"rotation":0,"texture":"#1","tintindex":0},"north":{"uv":[8.0,6.0,10.0,9.125],"rotation":0,"texture":"#1","tintindex":0},"west":{"uv":[3.5,9.625,5.5,12.75],"rotation":0,"texture":"#1","tintindex":0},"up":{"uv":[12.0,7.375,10.0,5.375],"rotation":0,"texture":"#1","tintindex":0},"down":{"uv":[12.0,7.375,10.0,9.375],"rotation":0,"texture":"#1","tintindex":0}}},{"from":[7.6699657,9.924047,4.0],"to":[15.669966,26.495478,12.0],"rotation":{"angle":22.5,"axis":"z","origin":[14.527109,17.066906,8.571428]},"faces":{"east":{"uv":[6.25,6.0,8.0,9.625],"rotation":0,"texture":"#1","tintindex":0},"south":{"uv":[6.25,6.0,4.5,9.625],"rotation":0,"texture":"#1","tintindex":0},"north":{"uv":[4.5,6.0,6.25,9.625],"rotation":0,"texture":"#1","tintindex":0},"west":{"uv":[1.75,6.75,3.5,10.375],"rotation":0,"texture":"#1","tintindex":0},"up":{"uv":[12.75,4.875,11.0,3.125],"rotation":0,"texture":"#1","tintindex":0},"down":{"uv":[13.0,9.375,11.25,11.125],"rotation":0,"texture":"#1","tintindex":0}}},{"from":[-6.044321,23.18119,4.5714283],"to":[13.384253,30.038334,11.428572],"rotation":{"angle":22.5,"axis":"z","origin":[14.527109,17.066906,9.142858]},"faces":{"east":{"uv":[11.25,11.125,12.75,12.625],"rotation":0,"texture":"#1","tintindex":0},"south":{"uv":[8.75,0.0,4.5,1.5],"rotation":0,"texture":"#1","tintindex":0},"north":{"uv":[4.5,0.0,8.75,1.5],"rotation":0,"texture":"#1","tintindex":0},"west":{"uv":[5.5,11.875,7.0,13.375],"rotation":0,"texture":"#1","tintindex":0},"up":{"uv":[8.75,4.5,4.5,3.0],"rotation":0,"texture":"#1","tintindex":0},"down":{"uv":[8.75,4.5,4.5,6.0],"rotation":0,"texture":"#1","tintindex":0}}},{"from":[-8.330036,13.352619,5.142857],"to":[-2.6157494,27.638334,10.857143],"rotation":{"angle":22.5,"axis":"z","origin":[14.527109,17.066906,9.714286]},"faces":{"east":{"uv":[0.0,10.375,1.25,13.5],"rotation":0,"texture":"#1","tintindex":0},"south":{"uv":[11.25,9.375,10.0,12.5],"rotation":0,"texture":"#1","tintindex":0},"north":{"uv":[10.0,9.375,11.25,12.5],"rotation":0,"texture":"#1","tintindex":0},"west":{"uv":[10.75,0.0,12.0,3.125],"rotation":0,"texture":"#1","tintindex":0},"up":{"uv":[13.25,7.125,12.0,5.875],"rotation":0,"texture":"#1","tintindex":0},"down":{"uv":[13.25,7.125,12.0,8.375],"rotation":0,"texture":"#1","tintindex":0}}},{"from":[-4.330035,4.3811903,5.714286],"to":[5.3842516,8.952619,10.285714],"rotation":{"angle":0.0,"axis":"y","origin":[-1.1871777,13.352619,8.0]},"faces":{"east":{"uv":[7.0,11.875,8.0,12.875],"rotation":0,"texture":"#1","tintindex":0},"south":{"uv":[14.125,0.0,12.0,1.0],"rotation":0,"texture":"#1","tintindex":0},"north":{"uv":[12.0,0.0,14.125,1.0],"rotation":0,"texture":"#1","tintindex":0},"west":{"uv":[12.0,8.375,13.0,9.375],"rotation":0,"texture":"#1","tintindex":0},"up":{"uv":[14.125,3.0,12.0,2.0],"rotation":0,"texture":"#1","tintindex":0},"down":{"uv":[14.125,4.875,12.0,5.875],"rotation":0,"texture":"#1","tintindex":0}}},{"from":[3.6699657,6.6669044,6.285714],"to":[7.0985374,12.95262,9.714286],"rotation":{"angle":0.0,"axis":"y","origin":[-1.1871777,13.352619,8.571428]},"faces":{"east":{"uv":[3.5,8.125,4.25,9.5],"rotation":0,"texture":"#1","tintindex":0},"south":{"uv":[4.25,6.75,3.5,8.125],"rotation":0,"texture":"#1","tintindex":0},"north":{"uv":[3.5,6.75,4.25,8.125],"rotation":0,"texture":"#1","tintindex":0},"west":{"uv":[2.5,11.75,3.25,13.125],"rotation":0,"texture":"#1","tintindex":0},"up":{"uv":[8.75,13.0,8.0,12.25],"rotation":0,"texture":"#1","tintindex":0},"down":{"uv":[9.5,12.25,8.75,13.0],"rotation":0,"texture":"#1","tintindex":0}}}],"display":{"head":{"translation":[0.0,-6.4,0.0],"scale":[4.0,4.0,4.0]}}}