{"textures":{"0":"modelengine:entity/nocsy_drakonin"},"elements":[{"from":[6.4241457,6.01961,6.9694037],"to":[8.138432,8.305325,10.969404],"rotation":{"angle":22.5,"axis":"z","origin":[7.4527173,7.1624675,10.055119]},"faces":{"east":{"uv":[8.625,7.625,8.1875,7.875],"rotation":0,"texture":"#0","tintindex":0},"south":{"uv":[8.125,8.375,7.9375,8.625],"rotation":0,"texture":"#0","tintindex":0},"north":{"uv":[6.375,7.3125,6.1875,7.5625],"rotation":0,"texture":"#0","tintindex":0},"west":{"uv":[8.625,4.1875,8.1875,4.4375],"rotation":0,"texture":"#0","tintindex":0},"up":{"uv":[3.875,9.5,4.0625,9.0625],"rotation":0,"texture":"#0","tintindex":0},"down":{"uv":[4.125,9.0625,4.3125,9.5],"rotation":0,"texture":"#0","tintindex":0}}},{"from":[6.167313,6.3051314,9.778462],"to":[7.6530275,7.790846,12.978463],"rotation":{"angle":45.0,"axis":"z","origin":[6.9955745,7.1624675,13.255118]},"faces":{"east":{"uv":[9.75,6.375,9.375,6.5625],"rotation":0,"texture":"#0","tintindex":0},"south":{"uv":[6.5625,10.125,6.375,10.3125],"rotation":0,"texture":"#0","tintindex":0},"north":{"uv":[10.3125,6.3125,10.125,6.5],"rotation":0,"texture":"#0","tintindex":0},"west":{"uv":[9.6875,8.3125,9.3125,8.5],"rotation":0,"texture":"#0","tintindex":0},"up":{"uv":[1.5625,9.5625,1.75,9.1875],"rotation":0,"texture":"#0","tintindex":0},"down":{"uv":[4.375,9.5,4.5625,9.875],"rotation":0,"texture":"#0","tintindex":0}}},{"from":[6.8628316,6.1908455,12.978463],"to":[6.8628316,7.67656,16.407036],"rotation":{"angle":45.0,"axis":"z","origin":[6.83395,7.1624675,13.369404]},"faces":{"east":{"uv":[9.875,6.625,9.5,6.8125],"rotation":0,"texture":"#0","tintindex":0},"south":{"uv":[8.4375,0.875,8.4375,1.0625],"rotation":0,"texture":"#0","tintindex":0},"north":{"uv":[4.9375,7.75,4.9375,7.9375],"rotation":0,"texture":"#0","tintindex":0},"west":{"uv":[6.0625,9.5,5.6875,9.6875],"rotation":0,"texture":"#0","tintindex":0},"up":{"uv":[5.6875,9.4375,5.6875,9.0625],"rotation":0,"texture":"#0","tintindex":0},"down":{"uv":[5.75,9.0625,5.75,9.4375],"rotation":0,"texture":"#0","tintindex":0}}},{"from":[22.044678,12.997622,12.978463],"to":[23.530392,12.997622,16.407036],"rotation":{"angle":45.0,"axis":"z","origin":[22.159157,-9.03064,13.369404]},"faces":{"east":{"uv":[9.8125,7.0625,9.4375,7.0625],"rotation":0,"texture":"#0","tintindex":0},"south":{"uv":[7.0,3.6875,6.8125,3.6875],"rotation":0,"texture":"#0","tintindex":0},"north":{"uv":[6.1875,4.5625,6.0,4.5625],"rotation":0,"texture":"#0","tintindex":0},"west":{"uv":[9.0,3.0625,8.625,3.0625],"rotation":0,"texture":"#0","tintindex":0},"up":{"uv":[6.6875,9.875,6.875,9.5],"rotation":0,"texture":"#0","tintindex":0},"down":{"uv":[7.125,9.875,6.9375,9.5],"rotation":0,"texture":"#0","tintindex":0}}}],"display":{"head":{"translation":[0.0,-6.4,0.0],"scale":[4.0,4.0,4.0]}}}