{"textures":{"0":"modelengine:entity/nocsy_drakonin"},"elements":[{"from":[5.477821,6.3524675,5.5592756],"to":[7.203535,8.078182,7.8564186],"rotation":{"angle":22.5,"axis":"y","origin":[8.054964,7.215325,5.279276]},"faces":{"east":{"uv":[9.9375,8.5,10.1875,8.6875],"rotation":0,"texture":"#0","tintindex":0},"south":{"uv":[7.125,10.25,7.3125,10.4375],"rotation":0,"texture":"#0","tintindex":0},"north":{"uv":[6.875,10.25,7.0625,10.4375],"rotation":0,"texture":"#0","tintindex":0},"west":{"uv":[8.75,9.9375,9.0,10.125],"rotation":0,"texture":"#0","tintindex":0},"up":{"uv":[10.125,9.3125,9.9375,9.0625],"rotation":0,"texture":"#0","tintindex":0},"down":{"uv":[10.125,9.375,9.9375,9.625],"rotation":0,"texture":"#0","tintindex":0}}},{"from":[7.9338136,6.490466,9.798937],"to":[7.9338136,8.77618,12.65608],"rotation":{"angle":0.0,"axis":"y","origin":[8.219528,7.0618944,10.427509]},"faces":{"east":{"uv":[9.4375,2.8125,9.75,3.0625],"rotation":0,"texture":"#0","tintindex":0},"south":{"uv":[6.3125,10.375,6.3125,10.625],"rotation":0,"texture":"#0","tintindex":0},"north":{"uv":[6.25,10.375,6.25,10.625],"rotation":0,"texture":"#0","tintindex":0},"west":{"uv":[3.5,9.4375,3.8125,9.6875],"rotation":0,"texture":"#0","tintindex":0},"up":{"uv":[6.375,10.6875,6.375,10.375],"rotation":0,"texture":"#0","tintindex":0},"down":{"uv":[6.4375,10.375,6.4375,10.6875],"rotation":0,"texture":"#0","tintindex":0}}},{"from":[7.082385,6.3638964,9.090449],"to":[8.785242,8.066753,10.221878],"rotation":{"angle":0.0,"axis":"y","origin":[8.505242,7.215325,7.084735]},"faces":{"east":{"uv":[10.3125,7.0625,10.4375,7.25],"rotation":0,"texture":"#0","tintindex":0},"south":{"uv":[10.3125,1.625,10.5,1.8125],"rotation":0,"texture":"#0","tintindex":0},"north":{"uv":[10.25,8.5,10.4375,8.6875],"rotation":0,"texture":"#0","tintindex":0},"west":{"uv":[10.3125,7.3125,10.4375,7.5],"rotation":0,"texture":"#0","tintindex":0},"up":{"uv":[10.5,7.6875,10.3125,7.5625],"rotation":0,"texture":"#0","tintindex":0},"down":{"uv":[7.875,10.3125,7.6875,10.4375],"rotation":0,"texture":"#0","tintindex":0}}},{"from":[8.664092,6.3524675,5.5592756],"to":[10.389807,8.078182,7.8564186],"rotation":{"angle":-22.5,"axis":"y","origin":[7.812663,7.215325,5.279276]},"faces":{"east":{"uv":[10.0,1.625,10.25,1.8125],"rotation":0,"texture":"#0","tintindex":0},"south":{"uv":[10.3125,1.875,10.5,2.0625],"rotation":0,"texture":"#0","tintindex":0},"north":{"uv":[1.8125,10.3125,2.0,10.5],"rotation":0,"texture":"#0","tintindex":0},"west":{"uv":[10.0,3.3125,10.25,3.5],"rotation":0,"texture":"#0","tintindex":0},"up":{"uv":[2.0,10.25,1.8125,10.0],"rotation":0,"texture":"#0","tintindex":0},"down":{"uv":[5.5625,10.0,5.375,10.25],"rotation":0,"texture":"#0","tintindex":0}}},{"from":[7.1155205,6.346753,5.553561],"to":[8.852663,8.083896,7.862133],"rotation":{"angle":0.0,"axis":"y","origin":[6.384092,7.215325,5.279276]},"faces":{"east":{"uv":[10.0,5.125,10.25,5.3125],"rotation":0,"texture":"#0","tintindex":0},"south":{"uv":[10.3125,3.125,10.5,3.3125],"rotation":0,"texture":"#0","tintindex":0},"north":{"uv":[10.3125,2.125,10.5,2.3125],"rotation":0,"texture":"#0","tintindex":0},"west":{"uv":[10.0,5.6875,10.25,5.875],"rotation":0,"texture":"#0","tintindex":0},"up":{"uv":[5.8125,10.25,5.625,10.0],"rotation":0,"texture":"#0","tintindex":0},"down":{"uv":[8.5,10.0,8.3125,10.25],"rotation":0,"texture":"#0","tintindex":0}}},{"from":[8.02396,6.2591753,2.8337293],"to":[8.02396,8.544889,6.2623005],"rotation":{"angle":0.0,"axis":"y","origin":[7.6811028,5.859175,2.7194428]},"faces":{"east":{"uv":[8.875,8.25,9.25,8.5],"rotation":0,"texture":"#0","tintindex":0},"south":{"uv":[6.5625,10.375,6.5625,10.625],"rotation":0,"texture":"#0","tintindex":0},"north":{"uv":[6.5,10.375,6.5,10.625],"rotation":0,"texture":"#0","tintindex":0},"west":{"uv":[8.9375,1.4375,9.3125,1.6875],"rotation":0,"texture":"#0","tintindex":0},"up":{"uv":[7.4375,10.75,7.4375,10.375],"rotation":0,"texture":"#0","tintindex":0},"down":{"uv":[7.5,10.375,7.5,10.75],"rotation":0,"texture":"#0","tintindex":0}}},{"from":[6.0239596,6.2591753,2.8337293],"to":[6.0239596,8.544889,6.2623005],"rotation":{"angle":22.5,"axis":"y","origin":[8.138246,7.4020324,4.5480146]},"faces":{"east":{"uv":[8.9375,1.75,9.3125,2.0],"rotation":0,"texture":"#0","tintindex":0},"south":{"uv":[7.625,10.375,7.625,10.625],"rotation":0,"texture":"#0","tintindex":0},"north":{"uv":[7.5625,10.375,7.5625,10.625],"rotation":0,"texture":"#0","tintindex":0},"west":{"uv":[8.9375,2.0625,9.3125,2.3125],"rotation":0,"texture":"#0","tintindex":0},"up":{"uv":[9.3125,10.75,9.3125,10.375],"rotation":0,"texture":"#0","tintindex":0},"down":{"uv":[9.375,10.375,9.375,10.75],"rotation":0,"texture":"#0","tintindex":0}}},{"from":[10.02396,6.2591753,2.8337293],"to":[10.02396,8.544889,6.2623005],"rotation":{"angle":-22.5,"axis":"y","origin":[8.138246,7.4020324,4.5480146]},"faces":{"east":{"uv":[8.9375,2.375,9.3125,2.625],"rotation":0,"texture":"#0","tintindex":0},"south":{"uv":[9.4375,10.375,9.4375,10.625],"rotation":0,"texture":"#0","tintindex":0},"north":{"uv":[10.375,8.125,10.375,8.375],"rotation":0,"texture":"#0","tintindex":0},"west":{"uv":[2.5625,8.9375,2.9375,9.1875],"rotation":0,"texture":"#0","tintindex":0},"up":{"uv":[9.5,10.75,9.5,10.375],"rotation":0,"texture":"#0","tintindex":0},"down":{"uv":[9.5625,10.375,9.5625,10.75],"rotation":0,"texture":"#0","tintindex":0}}},{"from":[6.5052423,6.358182,6.570449],"to":[9.362385,8.643896,9.427592],"rotation":{"angle":0.0,"axis":"y","origin":[7.305242,11.386753,8.170449]},"faces":{"east":{"uv":[9.4375,7.625,9.75,7.875],"rotation":0,"texture":"#0","tintindex":0},"south":{"uv":[1.1875,9.5,1.5,9.75],"rotation":0,"texture":"#0","tintindex":0},"north":{"uv":[4.75,9.4375,5.0625,9.6875],"rotation":0,"texture":"#0","tintindex":0},"west":{"uv":[2.0625,9.5,2.375,9.75],"rotation":0,"texture":"#0","tintindex":0},"up":{"uv":[3.625,8.875,3.3125,8.5625],"rotation":0,"texture":"#0","tintindex":0},"down":{"uv":[4.0,8.5625,3.6875,8.875],"rotation":0,"texture":"#0","tintindex":0}}}],"display":{"head":{"translation":[0.0,-6.4,0.0],"scale":[4.0,4.0,4.0]}}}