{"textures":{"0":"modelengine:entity/nocsy_drakonin"},"elements":[{"from":[7.428571,5.3486032,6.7942166],"to":[9.142858,8.777175,9.079931],"rotation":{"angle":22.5,"axis":"x","origin":[7.714286,8.662889,7.594217]},"faces":{"east":{"uv":[1.1875,8.75,1.4375,9.125],"rotation":0,"texture":"#0","tintindex":0},"south":{"uv":[0.0,9.6875,0.1875,10.0625],"rotation":0,"texture":"#0","tintindex":0},"north":{"uv":[2.4375,9.625,2.625,10.0],"rotation":0,"texture":"#0","tintindex":0},"west":{"uv":[1.5,8.75,1.75,9.125],"rotation":0,"texture":"#0","tintindex":0},"up":{"uv":[10.0,2.6875,9.8125,2.4375],"rotation":0,"texture":"#0","tintindex":0},"down":{"uv":[10.0,2.75,9.8125,3.0],"rotation":0,"texture":"#0","tintindex":0}}}],"display":{"head":{"translation":[0.0,-6.4,0.0],"scale":[4.0,4.0,4.0]}}}