{"textures":{"0":"modelengine:entity/nocsy_drakonin"},"elements":[{"from":[6.857143,5.3486032,6.7942166],"to":[8.571428,8.777175,9.079931],"rotation":{"angle":22.5,"axis":"x","origin":[8.285714,8.662889,7.594217]},"faces":{"east":{"uv":[2.25,8.75,2.5,9.125],"rotation":0,"texture":"#0","tintindex":0},"south":{"uv":[2.6875,9.6875,2.875,10.0625],"rotation":0,"texture":"#0","tintindex":0},"north":{"uv":[9.6875,0.625,9.875,1.0],"rotation":0,"texture":"#0","tintindex":0},"west":{"uv":[4.5,8.75,4.75,9.125],"rotation":0,"texture":"#0","tintindex":0},"up":{"uv":[10.0,7.875,9.8125,7.625],"rotation":0,"texture":"#0","tintindex":0},"down":{"uv":[8.25,9.875,8.0625,10.125],"rotation":0,"texture":"#0","tintindex":0}}}],"display":{"head":{"translation":[0.0,-6.4,0.0],"scale":[4.0,4.0,4.0]}}}