{"textures":{"0":"modelengine:entity/nocsy_drakonin"},"elements":[{"from":[7.081559,6.6546144,6.857143],"to":[9.938702,8.940329,9.142858],"rotation":{"angle":0.0,"axis":"y","origin":[7.6529875,6.555906,6.7388253]},"faces":{"east":{"uv":[9.875,5.375,9.625,5.625],"rotation":0,"texture":"#0","tintindex":0},"south":{"uv":[8.375,9.0625,8.0625,9.3125],"rotation":0,"texture":"#0","tintindex":0},"north":{"uv":[9.375,2.6875,9.0625,2.9375],"rotation":0,"texture":"#0","tintindex":0},"west":{"uv":[6.6875,6.8125,6.4375,7.0625],"rotation":0,"texture":"#0","tintindex":0},"up":{"uv":[8.4375,9.3125,8.75,9.0625],"rotation":0,"texture":"#0","tintindex":0},"down":{"uv":[4.8125,9.125,5.125,9.375],"rotation":0,"texture":"#0","tintindex":0}}},{"from":[9.367273,6.9403286,7.0857143],"to":[16.795845,8.654614,8.8],"rotation":{"angle":0.0,"axis":"y","origin":[7.6529875,6.555906,6.7388253]},"faces":{"east":{"uv":[3.875,10.0625,3.6875,10.25],"rotation":0,"texture":"#0","tintindex":0},"south":{"uv":[4.9375,7.5,4.125,7.6875],"rotation":0,"texture":"#0","tintindex":0},"north":{"uv":[4.0625,7.5,3.25,7.6875],"rotation":0,"texture":"#0","tintindex":0},"west":{"uv":[3.625,10.0625,3.4375,10.25],"rotation":0,"texture":"#0","tintindex":0},"up":{"uv":[7.5625,0.5625,8.375,0.375],"rotation":0,"texture":"#0","tintindex":0},"down":{"uv":[7.5625,0.625,8.375,0.8125],"rotation":0,"texture":"#0","tintindex":0}}},{"from":[16.613888,6.946043,2.8344297],"to":[18.316744,8.6489,6.8230014],"rotation":{"angle":-45.0,"axis":"y","origin":[15.179602,7.797472,5.971573]},"faces":{"east":{"uv":[9.25,8.9375,8.8125,9.125],"rotation":0,"texture":"#0","tintindex":0},"south":{"uv":[4.75,10.0625,4.5625,10.25],"rotation":0,"texture":"#0","tintindex":0},"north":{"uv":[10.25,4.3125,10.0625,4.5],"rotation":0,"texture":"#0","tintindex":0},"west":{"uv":[9.3125,6.375,8.875,6.5625],"rotation":0,"texture":"#0","tintindex":0},"up":{"uv":[5.5,5.0625,5.6875,4.625],"rotation":0,"texture":"#0","tintindex":0},"down":{"uv":[5.1875,8.125,5.375,8.5625],"rotation":0,"texture":"#0","tintindex":0}}},{"from":[18.7406,6.9403286,1.7957988],"to":[20.454885,8.654614,5.7957993],"rotation":{"angle":-22.5,"axis":"y","origin":[19.597744,7.797472,3.7957993]},"faces":{"east":{"uv":[9.4375,3.9375,9.0,4.125],"rotation":0,"texture":"#0","tintindex":0},"south":{"uv":[6.0625,10.0625,5.875,10.25],"rotation":0,"texture":"#0","tintindex":0},"north":{"uv":[5.0,10.0625,4.8125,10.25],"rotation":0,"texture":"#0","tintindex":0},"west":{"uv":[9.4375,3.6875,9.0,3.875],"rotation":0,"texture":"#0","tintindex":0},"up":{"uv":[0.625,9.375,0.8125,8.9375],"rotation":0,"texture":"#0","tintindex":0},"down":{"uv":[3.625,8.9375,3.8125,9.375],"rotation":0,"texture":"#0","tintindex":0}}},{"from":[8.324392,7.8546147,2.4518275],"to":[20.324394,7.9689,25.8804],"rotation":{"angle":0.0,"axis":"y","origin":[21.181538,7.797472,4.451828]},"faces":{"east":{"uv":[10.0,7.125,7.4375,7.1875],"rotation":0,"texture":"#0","tintindex":0},"south":{"uv":[10.3125,4.1875,9.0,4.25],"rotation":0,"texture":"#0","tintindex":0},"north":{"uv":[9.875,6.9375,8.5625,7.0],"rotation":0,"texture":"#0","tintindex":0},"west":{"uv":[9.9375,3.3125,7.375,3.375],"rotation":0,"texture":"#0","tintindex":0},"up":{"uv":[4.125,2.5625,5.4375,0.0],"rotation":0,"texture":"#0","tintindex":0},"down":{"uv":[4.125,2.625,5.4375,5.1875],"rotation":0,"texture":"#0","tintindex":0}}}],"display":{"head":{"translation":[0.0,-6.4,0.0],"scale":[4.0,4.0,4.0]}}}