{"textures":{"0":"modelengine:entity/nocsy_drakonin3"},"elements":[{"from":[6.0,6.5714283,6.857143],"to":[9.428572,9.428572,9.714286],"rotation":{"angle":0.0,"axis":"y","origin":[7.257143,8.0,9.542857]},"faces":{"east":{"uv":[9.375,1.125,9.0625,1.4375],"rotation":0,"texture":"#0","tintindex":0},"south":{"uv":[9.0625,0.0,8.6875,0.3125],"rotation":0,"texture":"#0","tintindex":0},"north":{"uv":[9.0,4.75,8.625,5.0625],"rotation":0,"texture":"#0","tintindex":0},"west":{"uv":[9.375,0.75,9.0625,1.0625],"rotation":0,"texture":"#0","tintindex":0},"up":{"uv":[0.25,9.0,0.625,8.6875],"rotation":0,"texture":"#0","tintindex":0},"down":{"uv":[0.6875,8.6875,1.0625,9.0],"rotation":0,"texture":"#0","tintindex":0}}},{"from":[7.640336,6.5657144,6.035991],"to":[9.937479,8.862857,8.333134],"rotation":{"angle":-22.5,"axis":"y","origin":[8.788907,8.0,7.1845627]},"faces":{"east":{"uv":[9.6875,9.8125,9.4375,10.0625],"rotation":0,"texture":"#0","tintindex":0},"south":{"uv":[10.0625,9.125,9.8125,9.375],"rotation":0,"texture":"#0","tintindex":0},"north":{"uv":[8.3125,9.8125,8.0625,10.0625],"rotation":0,"texture":"#0","tintindex":0},"west":{"uv":[8.625,9.8125,8.375,10.0625],"rotation":0,"texture":"#0","tintindex":0},"up":{"uv":[9.8125,9.6875,10.0625,9.4375],"rotation":0,"texture":"#0","tintindex":0},"down":{"uv":[9.75,9.8125,10.0,10.0625],"rotation":0,"texture":"#0","tintindex":0}}},{"from":[3.1527505,6.5657144,16.778849],"to":[5.449894,8.862857,19.075993],"rotation":{"angle":22.5,"axis":"y","origin":[-20.898678,8.0,7.1845627]},"faces":{"east":{"uv":[7.25,9.875,7.0,10.125],"rotation":0,"texture":"#0","tintindex":0},"south":{"uv":[6.9375,9.875,6.6875,10.125],"rotation":0,"texture":"#0","tintindex":0},"north":{"uv":[4.9375,9.875,4.6875,10.125],"rotation":0,"texture":"#0","tintindex":0},"west":{"uv":[6.625,9.875,6.375,10.125],"rotation":0,"texture":"#0","tintindex":0},"up":{"uv":[7.625,10.125,7.875,9.875],"rotation":0,"texture":"#0","tintindex":0},"down":{"uv":[9.875,7.6875,10.125,7.9375],"rotation":0,"texture":"#0","tintindex":0}}},{"from":[4.3013225,6.5714283,13.355991],"to":[4.3013225,9.428572,19.641705],"rotation":{"angle":22.5,"axis":"y","origin":[-20.898678,8.0,7.1845627]},"faces":{"east":{"uv":[8.1875,5.1875,7.5,5.5],"rotation":0,"texture":"#0","tintindex":0},"south":{"uv":[3.5625,10.25,3.5625,10.5625],"rotation":0,"texture":"#0","tintindex":0},"north":{"uv":[3.0,10.25,3.0,10.5625],"rotation":0,"texture":"#0","tintindex":0},"west":{"uv":[8.1875,4.8125,7.5,5.125],"rotation":0,"texture":"#0","tintindex":0},"up":{"uv":[9.1875,10.9375,9.1875,10.25],"rotation":0,"texture":"#0","tintindex":0},"down":{"uv":[5.0625,10.3125,5.0625,11.0],"rotation":0,"texture":"#0","tintindex":0}}},{"from":[8.731765,6.5714283,3.0702767],"to":[8.731765,9.428572,9.355991],"rotation":{"angle":-22.5,"axis":"y","origin":[8.788907,8.0,7.1845627]},"faces":{"east":{"uv":[8.1875,7.375,7.5,7.6875],"rotation":0,"texture":"#0","tintindex":0},"south":{"uv":[5.1875,10.3125,5.1875,10.625],"rotation":0,"texture":"#0","tintindex":0},"north":{"uv":[5.125,10.3125,5.125,10.625],"rotation":0,"texture":"#0","tintindex":0},"west":{"uv":[8.1875,7.0,7.5,7.3125],"rotation":0,"texture":"#0","tintindex":0},"up":{"uv":[5.25,11.0,5.25,10.3125],"rotation":0,"texture":"#0","tintindex":0},"down":{"uv":[10.3125,9.6875,10.3125,10.375],"rotation":0,"texture":"#0","tintindex":0}}}],"display":{"head":{"translation":[0.0,-6.4,0.0],"scale":[4.0,4.0,4.0]}}}