{"textures":{"0":"modelengine:entity/nocsy_drakonin3"},"elements":[{"from":[6.5714283,5.7632623,7.1870265],"to":[9.428572,9.1918335,11.187027],"rotation":{"angle":22.5,"axis":"x","origin":[7.714286,6.7367954,10.716557]},"faces":{"east":{"uv":[4.5625,7.875,5.0,8.25],"rotation":0,"texture":"#0","tintindex":0},"south":{"uv":[1.5,8.6875,1.8125,9.0625],"rotation":0,"texture":"#0","tintindex":0},"north":{"uv":[1.125,8.6875,1.4375,9.0625],"rotation":0,"texture":"#0","tintindex":0},"west":{"uv":[6.0,7.875,6.4375,8.25],"rotation":0,"texture":"#0","tintindex":0},"up":{"uv":[3.1875,8.5,2.875,8.0625],"rotation":0,"texture":"#0","tintindex":0},"down":{"uv":[8.5625,4.75,8.25,5.1875],"rotation":0,"texture":"#0","tintindex":0}}},{"from":[4.2285714,7.648977,8.329884],"to":[6.5142856,7.648977,12.901312],"rotation":{"angle":22.5,"axis":"z","origin":[5.428571,8.048977,10.615598]},"faces":{"east":{"uv":[10.125,8.25,10.625,8.25],"rotation":0,"texture":"#0","tintindex":0},"south":{"uv":[8.6875,0.4375,8.9375,0.4375],"rotation":0,"texture":"#0","tintindex":0},"north":{"uv":[8.6875,0.375,8.9375,0.375],"rotation":0,"texture":"#0","tintindex":0},"west":{"uv":[10.3125,7.5625,10.8125,7.5625],"rotation":0,"texture":"#0","tintindex":0},"up":{"uv":[2.8125,9.0,2.5625,8.5],"rotation":0,"texture":"#0","tintindex":0},"down":{"uv":[2.8125,8.5,2.5625,9.0],"rotation":0,"texture":"#0","tintindex":0}}},{"from":[9.485714,7.648977,8.329884],"to":[11.771429,7.648977,12.901312],"rotation":{"angle":-22.5,"axis":"z","origin":[10.571428,8.048977,10.615598]},"faces":{"east":{"uv":[10.8125,7.5625,10.3125,7.5625],"rotation":0,"texture":"#0","tintindex":0},"south":{"uv":[8.9375,0.4375,8.6875,0.4375],"rotation":0,"texture":"#0","tintindex":0},"north":{"uv":[8.9375,0.375,8.6875,0.375],"rotation":0,"texture":"#0","tintindex":0},"west":{"uv":[10.625,8.25,10.125,8.25],"rotation":0,"texture":"#0","tintindex":0},"up":{"uv":[2.5625,9.0,2.8125,8.5],"rotation":0,"texture":"#0","tintindex":0},"down":{"uv":[2.5625,8.5,2.8125,9.0],"rotation":0,"texture":"#0","tintindex":0}}}],"display":{"head":{"translation":[0.0,-6.4,0.0],"scale":[4.0,4.0,4.0]}}}