{"credit":"Made with Blockbench","texture_size":[32,32],"textures":{"7":"elitecreatures:fantasy_roman_warrior/roman_warrior1","8":"elitecreatures:fantasy_roman_warrior/roman_warrior2","9":"elitecreatures:fantasy_roman_warrior/roman_warrior3","10":"elitecreatures:fantasy_roman_warrior/roman_warrior4","12":"elitecreatures:fantasy_roman_warrior/roman_warrior6"},"elements":[{"from":[4,-2.5,8],"to":[5,8.5,8],"rotation":{"angle":0,"axis":"y","origin":[2,0.5,0]},"faces":{"north":{"uv":[2.5,11,3,16],"texture":"#12"},"east":{"uv":[0,0,0,4.5],"texture":"#12"},"south":{"uv":[2.5,11,3,16],"texture":"#12"},"west":{"uv":[0,0,0,4.5],"texture":"#12"},"up":{"uv":[0,0,0.5,0],"texture":"#12"},"down":{"uv":[0,0,0.5,0],"texture":"#12"}}},{"from":[4,8.5,8],"to":[5,19.5,8],"rotation":{"angle":0,"axis":"y","origin":[2,0.5,0]},"faces":{"north":{"uv":[2.5,11,3,16],"texture":"#12"},"east":{"uv":[0,0,0,4.5],"texture":"#12"},"south":{"uv":[2.5,11,3,16],"texture":"#12"},"west":{"uv":[0,0,0,4.5],"texture":"#12"},"up":{"uv":[0,0,0.5,0],"texture":"#12"},"down":{"uv":[0,0,0.5,0],"texture":"#12"}}},{"from":[3.8,15.9,6],"to":[9.8,21.9,8],"rotation":{"angle":-45,"axis":"z","origin":[-1,0.5,16]},"faces":{"north":{"uv":[16,14,13,11],"rotation":90,"texture":"#10"},"east":{"uv":[13,14,16,15],"rotation":90,"texture":"#10"},"south":{"uv":[16,14,13,11],"rotation":180,"texture":"#10"},"west":{"uv":[13,10,16,11],"rotation":270,"texture":"#10"},"up":{"uv":[13,15,16,14],"rotation":180,"texture":"#10"},"down":{"uv":[13,11,16,10],"texture":"#10"}}},{"from":[23,11,9],"to":[23,18,14],"rotation":{"angle":-45,"axis":"y","origin":[23.5,14.5,6.5]},"faces":{"north":{"uv":[0,0,0,4],"texture":"#10"},"east":{"uv":[2.5,0,0,3.5],"texture":"#10"},"south":{"uv":[0,0,0,3.5],"texture":"#10"},"west":{"uv":[0,0,2.5,3.5],"texture":"#10"},"up":{"uv":[0,0,6,0],"rotation":90,"texture":"#10"},"down":{"uv":[0,0,6,0],"rotation":270,"texture":"#10"}}},{"from":[23,11,2],"to":[23,18,7],"rotation":{"angle":45,"axis":"y","origin":[23.5,14.5,9.5]},"faces":{"north":{"uv":[0,0,0,3.5],"texture":"#10"},"east":{"uv":[0,0,2.5,3.5],"texture":"#10"},"south":{"uv":[0,0,0,4],"texture":"#10"},"west":{"uv":[2.5,0,0,3.5],"texture":"#10"},"up":{"uv":[6,0,0,0],"rotation":90,"texture":"#10"},"down":{"uv":[6,0,0,0],"rotation":270,"texture":"#10"}}},{"from":[23,-2,2],"to":[23,5,7],"rotation":{"angle":45,"axis":"y","origin":[23.5,1.5,9.5]},"faces":{"north":{"uv":[0,3.5,0,0],"texture":"#10"},"east":{"uv":[0,3.5,2.5,0],"texture":"#10"},"south":{"uv":[0,4,0,0],"texture":"#10"},"west":{"uv":[2.5,3.5,0,0],"texture":"#10"},"up":{"uv":[0,0,6,0],"rotation":270,"texture":"#10"},"down":{"uv":[0,0,6,0],"rotation":90,"texture":"#10"}}},{"from":[23,-2,9],"to":[23,5,14],"rotation":{"angle":-45,"axis":"y","origin":[23.5,1.5,6.5]},"faces":{"north":{"uv":[0,4,0,0],"texture":"#10"},"east":{"uv":[2.5,3.5,0,0],"texture":"#10"},"south":{"uv":[0,3.5,0,0],"texture":"#10"},"west":{"uv":[0,3.5,2.5,0],"texture":"#10"},"up":{"uv":[6,0,0,0],"rotation":270,"texture":"#10"},"down":{"uv":[6,0,0,0],"rotation":90,"texture":"#10"}}},{"from":[3.8,15.9,8],"to":[9.8,21.9,10],"rotation":{"angle":-45,"axis":"z","origin":[-1,0.5,0]},"faces":{"north":{"uv":[13,14,16,11],"rotation":180,"texture":"#10"},"east":{"uv":[13,15,16,14],"rotation":90,"texture":"#10"},"south":{"uv":[16,11,13,14],"rotation":90,"texture":"#10"},"west":{"uv":[13,11,16,10],"rotation":270,"texture":"#10"},"up":{"uv":[13,14,16,15],"rotation":180,"texture":"#10"},"down":{"uv":[13,10,16,11],"texture":"#10"}}},{"from":[-9,18.5,6.9],"to":[5,25.5,6.9],"rotation":{"angle":-22.5,"axis":"z","origin":[3,18,8]},"faces":{"north":{"uv":[9,12.5,16,16],"texture":"#7"},"east":{"uv":[0,0,0,4.5],"texture":"#7"},"south":{"uv":[16,12.5,9,16],"texture":"#7"},"west":{"uv":[0,0,0,4.5],"texture":"#7"},"up":{"uv":[0,0,0,8],"rotation":90,"texture":"#7"},"down":{"uv":[0,0,0,8],"rotation":270,"texture":"#7"}}},{"from":[-9,18.5,9.1],"to":[5,25.5,9.1],"rotation":{"angle":-22.5,"axis":"z","origin":[3,18,8]},"faces":{"north":{"uv":[9,12.5,16,16],"texture":"#7"},"east":{"uv":[0,0,0,4.5],"texture":"#7"},"south":{"uv":[16,12.5,9,16],"texture":"#7"},"west":{"uv":[0,0,0,4.5],"texture":"#7"},"up":{"uv":[0,0,0,8],"rotation":90,"texture":"#7"},"down":{"uv":[0,0,0,8],"rotation":270,"texture":"#7"}}},{"from":[-9,-8.5,6.9],"to":[5,-1.5,6.9],"rotation":{"angle":22.5,"axis":"z","origin":[3,-2,8]},"faces":{"north":{"uv":[9,16,16,12.5],"texture":"#7"},"east":{"uv":[0,4.5,0,0],"texture":"#7"},"south":{"uv":[16,16,9,12.5],"texture":"#7"},"west":{"uv":[0,4.5,0,0],"texture":"#7"},"up":{"uv":[0,0,0,8],"rotation":270,"texture":"#7"},"down":{"uv":[0,0,0,8],"rotation":90,"texture":"#7"}}},{"from":[-9,-8.5,9.1],"to":[5,-1.5,9.1],"rotation":{"angle":22.5,"axis":"z","origin":[3,-2,8]},"faces":{"north":{"uv":[9,16,16,12.5],"texture":"#7"},"east":{"uv":[0,4.5,0,0],"texture":"#7"},"south":{"uv":[16,16,9,12.5],"texture":"#7"},"west":{"uv":[0,4.5,0,0],"texture":"#7"},"up":{"uv":[0,0,0,8],"rotation":270,"texture":"#7"},"down":{"uv":[0,0,0,8],"rotation":90,"texture":"#7"}}},{"from":[17.3,12,7.6],"to":[17.3,16,10.6],"rotation":{"angle":-45,"axis":"y","origin":[17.3,14,9.2]},"faces":{"north":{"uv":[0,0,0,2],"rotation":180,"texture":"#8"},"east":{"uv":[15,3.5,13.5,5.5],"rotation":180,"texture":"#8"},"south":{"uv":[0,0,0,2],"rotation":180,"texture":"#8"},"west":{"uv":[13.5,3.5,15,5.5],"rotation":180,"texture":"#8"},"up":{"uv":[0,0,0,1.5],"rotation":180,"texture":"#8"},"down":{"uv":[0,0,0,1.5],"rotation":180,"texture":"#8"}}},{"from":[16.8,12,5.3],"to":[16.8,16,8.3],"rotation":{"angle":45,"axis":"y","origin":[17.3,14,6.2]},"faces":{"north":{"uv":[0,0,0,2],"rotation":180,"texture":"#8"},"east":{"uv":[13.5,3.5,15,5.5],"rotation":180,"texture":"#8"},"south":{"uv":[0,0,0,2],"rotation":180,"texture":"#8"},"west":{"uv":[15,3.5,13.5,5.5],"rotation":180,"texture":"#8"},"up":{"uv":[0,0,0,1.5],"rotation":180,"texture":"#8"},"down":{"uv":[0,0,0,1.5],"rotation":180,"texture":"#8"}}},{"from":[15.8,13,5.3],"to":[15.8,17,8.3],"rotation":{"angle":45,"axis":"y","origin":[16.3,15,6.2]},"faces":{"north":{"uv":[0,0,0,2],"rotation":180,"texture":"#8"},"east":{"uv":[13.5,3.5,15,5.5],"rotation":180,"texture":"#8"},"south":{"uv":[0,0,0,2],"rotation":180,"texture":"#8"},"west":{"uv":[15,3.5,13.5,5.5],"rotation":180,"texture":"#8"},"up":{"uv":[0,0,0,1.5],"rotation":180,"texture":"#8"},"down":{"uv":[0,0,0,1.5],"rotation":180,"texture":"#8"}}},{"from":[16.3,13,7.6],"to":[16.3,17,10.6],"rotation":{"angle":-45,"axis":"y","origin":[16.3,15,9.2]},"faces":{"north":{"uv":[0,0,0,2],"rotation":180,"texture":"#8"},"east":{"uv":[15,3.5,13.5,5.5],"rotation":180,"texture":"#8"},"south":{"uv":[0,0,0,2],"rotation":180,"texture":"#8"},"west":{"uv":[13.5,3.5,15,5.5],"rotation":180,"texture":"#8"},"up":{"uv":[0,0,0,1.5],"rotation":180,"texture":"#8"},"down":{"uv":[0,0,0,1.5],"rotation":180,"texture":"#8"}}},{"from":[14.8,14,5.3],"to":[14.8,18,8.3],"rotation":{"angle":45,"axis":"y","origin":[15.3,16,6.2]},"faces":{"north":{"uv":[0,0,0,2],"rotation":180,"texture":"#8"},"east":{"uv":[13.5,3.5,15,5.5],"rotation":180,"texture":"#8"},"south":{"uv":[0,0,0,2],"rotation":180,"texture":"#8"},"west":{"uv":[15,3.5,13.5,5.5],"rotation":180,"texture":"#8"},"up":{"uv":[0,0,0,1.5],"rotation":180,"texture":"#8"},"down":{"uv":[0,0,0,1.5],"rotation":180,"texture":"#8"}}},{"from":[15.3,14,7.6],"to":[15.3,18,10.6],"rotation":{"angle":-45,"axis":"y","origin":[15.3,16,9.2]},"faces":{"north":{"uv":[0,0,0,2],"rotation":180,"texture":"#8"},"east":{"uv":[15,3.5,13.5,5.5],"rotation":180,"texture":"#8"},"south":{"uv":[0,0,0,2],"rotation":180,"texture":"#8"},"west":{"uv":[13.5,3.5,15,5.5],"rotation":180,"texture":"#8"},"up":{"uv":[0,0,0,1.5],"rotation":180,"texture":"#8"},"down":{"uv":[0,0,0,1.5],"rotation":180,"texture":"#8"}}},{"from":[13.8,15,5.3],"to":[13.8,19,8.3],"rotation":{"angle":45,"axis":"y","origin":[14.3,17,6.2]},"faces":{"north":{"uv":[0,0,0,2],"rotation":180,"texture":"#8"},"east":{"uv":[13.5,3.5,15,5.5],"rotation":180,"texture":"#8"},"south":{"uv":[0,0,0,2],"rotation":180,"texture":"#8"},"west":{"uv":[15,3.5,13.5,5.5],"rotation":180,"texture":"#8"},"up":{"uv":[0,0,0,1.5],"rotation":180,"texture":"#8"},"down":{"uv":[0,0,0,1.5],"rotation":180,"texture":"#8"}}},{"from":[14.3,15,7.6],"to":[14.3,19,10.6],"rotation":{"angle":-45,"axis":"y","origin":[14.3,17,9.2]},"faces":{"north":{"uv":[0,0,0,2],"rotation":180,"texture":"#8"},"east":{"uv":[15,3.5,13.5,5.5],"rotation":180,"texture":"#8"},"south":{"uv":[0,0,0,2],"rotation":180,"texture":"#8"},"west":{"uv":[13.5,3.5,15,5.5],"rotation":180,"texture":"#8"},"up":{"uv":[0,0,0,1.5],"rotation":180,"texture":"#8"},"down":{"uv":[0,0,0,1.5],"rotation":180,"texture":"#8"}}},{"from":[17.3,1,7.6],"to":[17.3,5,10.6],"rotation":{"angle":-45,"axis":"y","origin":[17.3,3,9.2]},"faces":{"north":{"uv":[0,2,0,0],"rotation":180,"texture":"#8"},"east":{"uv":[15,5.5,13.5,3.5],"rotation":180,"texture":"#8"},"south":{"uv":[0,2,0,0],"rotation":180,"texture":"#8"},"west":{"uv":[13.5,5.5,15,3.5],"rotation":180,"texture":"#8"},"up":{"uv":[0,1.5,0,0],"rotation":180,"texture":"#8"},"down":{"uv":[0,1.5,0,0],"rotation":180,"texture":"#8"}}},{"from":[16.8,1,5.3],"to":[16.8,5,8.3],"rotation":{"angle":45,"axis":"y","origin":[17.3,3,6.2]},"faces":{"north":{"uv":[0,2,0,0],"rotation":180,"texture":"#8"},"east":{"uv":[13.5,5.5,15,3.5],"rotation":180,"texture":"#8"},"south":{"uv":[0,2,0,0],"rotation":180,"texture":"#8"},"west":{"uv":[15,5.5,13.5,3.5],"rotation":180,"texture":"#8"},"up":{"uv":[0,1.5,0,0],"rotation":180,"texture":"#8"},"down":{"uv":[0,1.5,0,0],"rotation":180,"texture":"#8"}}},{"from":[15.8,-1,5.3],"to":[15.8,3,8.3],"rotation":{"angle":45,"axis":"y","origin":[16.3,1,6.2]},"faces":{"north":{"uv":[0,2,0,0],"rotation":180,"texture":"#8"},"east":{"uv":[13.5,5.5,15,3.5],"rotation":180,"texture":"#8"},"south":{"uv":[0,2,0,0],"rotation":180,"texture":"#8"},"west":{"uv":[15,5.5,13.5,3.5],"rotation":180,"texture":"#8"},"up":{"uv":[0,1.5,0,0],"rotation":180,"texture":"#8"},"down":{"uv":[0,1.5,0,0],"rotation":180,"texture":"#8"}}},{"from":[16.3,-1,7.6],"to":[16.3,3,10.6],"rotation":{"angle":-45,"axis":"y","origin":[16.3,1,9.2]},"faces":{"north":{"uv":[0,2,0,0],"rotation":180,"texture":"#8"},"east":{"uv":[15,5.5,13.5,3.5],"rotation":180,"texture":"#8"},"south":{"uv":[0,2,0,0],"rotation":180,"texture":"#8"},"west":{"uv":[13.5,5.5,15,3.5],"rotation":180,"texture":"#8"},"up":{"uv":[0,1.5,0,0],"rotation":180,"texture":"#8"},"down":{"uv":[0,1.5,0,0],"rotation":180,"texture":"#8"}}},{"from":[14.8,-2,5.3],"to":[14.8,2,8.3],"rotation":{"angle":45,"axis":"y","origin":[15.3,0,6.2]},"faces":{"north":{"uv":[0,2,0,0],"rotation":180,"texture":"#8"},"east":{"uv":[13.5,5.5,15,3.5],"rotation":180,"texture":"#8"},"south":{"uv":[0,2,0,0],"rotation":180,"texture":"#8"},"west":{"uv":[15,5.5,13.5,3.5],"rotation":180,"texture":"#8"},"up":{"uv":[0,1.5,0,0],"rotation":180,"texture":"#8"},"down":{"uv":[0,1.5,0,0],"rotation":180,"texture":"#8"}}},{"from":[15.3,-2,7.6],"to":[15.3,2,10.6],"rotation":{"angle":-45,"axis":"y","origin":[15.3,0,9.2]},"faces":{"north":{"uv":[0,2,0,0],"rotation":180,"texture":"#8"},"east":{"uv":[15,5.5,13.5,3.5],"rotation":180,"texture":"#8"},"south":{"uv":[0,2,0,0],"rotation":180,"texture":"#8"},"west":{"uv":[13.5,5.5,15,3.5],"rotation":180,"texture":"#8"},"up":{"uv":[0,1.5,0,0],"rotation":180,"texture":"#8"},"down":{"uv":[0,1.5,0,0],"rotation":180,"texture":"#8"}}},{"from":[13.8,-3,5.3],"to":[13.8,1,8.3],"rotation":{"angle":45,"axis":"y","origin":[14.3,-1,6.2]},"faces":{"north":{"uv":[0,2,0,0],"rotation":180,"texture":"#8"},"east":{"uv":[13.5,5.5,15,3.5],"rotation":180,"texture":"#8"},"south":{"uv":[0,2,0,0],"rotation":180,"texture":"#8"},"west":{"uv":[15,5.5,13.5,3.5],"rotation":180,"texture":"#8"},"up":{"uv":[0,1.5,0,0],"rotation":180,"texture":"#8"},"down":{"uv":[0,1.5,0,0],"rotation":180,"texture":"#8"}}},{"from":[14.3,-3,7.6],"to":[14.3,1,10.6],"rotation":{"angle":-45,"axis":"y","origin":[14.3,-1,9.2]},"faces":{"north":{"uv":[0,2,0,0],"rotation":180,"texture":"#8"},"east":{"uv":[15,5.5,13.5,3.5],"rotation":180,"texture":"#8"},"south":{"uv":[0,2,0,0],"rotation":180,"texture":"#8"},"west":{"uv":[13.5,5.5,15,3.5],"rotation":180,"texture":"#8"},"up":{"uv":[0,1.5,0,0],"rotation":180,"texture":"#8"},"down":{"uv":[0,1.5,0,0],"rotation":180,"texture":"#8"}}},{"from":[-1.5,17.5,7.9],"to":[1.5,23.5,7.9],"rotation":{"angle":0,"axis":"y","origin":[15,-1.5,16]},"faces":{"north":{"uv":[8.25,4.5,9.75,7.5],"texture":"#10"},"east":{"uv":[0,0,0,3],"texture":"#10"},"south":{"uv":[9.75,4.5,8.25,7.5],"texture":"#10"},"west":{"uv":[0,0,0,3],"texture":"#10"},"up":{"uv":[2,0,0,0],"texture":"#10"},"down":{"uv":[2,0,0,0],"texture":"#10"}}},{"from":[1.5,14.5,7.9],"to":[7.5,17.5,7.9],"rotation":{"angle":0,"axis":"y","origin":[15,-1.5,16]},"faces":{"north":{"uv":[9.75,7.5,8.25,4.5],"rotation":270,"texture":"#10"},"east":{"uv":[2,0,0,0],"rotation":270,"texture":"#10"},"south":{"uv":[8.25,7.5,9.75,4.5],"rotation":90,"texture":"#10"},"west":{"uv":[2,0,0,0],"rotation":270,"texture":"#10"},"up":{"uv":[0,0,0,3],"rotation":270,"texture":"#10"},"down":{"uv":[0,0,0,3],"rotation":270,"texture":"#10"}}},{"from":[1.5,17.5,7],"to":[7.5,23.5,8],"rotation":{"angle":0,"axis":"y","origin":[-1,-1.5,0]},"faces":{"north":{"uv":[1,10,4,13],"texture":"#10"},"east":{"uv":[10,13,9.5,16],"texture":"#10"},"south":{"uv":[1,10,4,13],"texture":"#10"},"west":{"uv":[9.5,13,10,16],"texture":"#10"},"up":{"uv":[8.5,0,11.5,0.5],"texture":"#10"},"down":{"uv":[8.5,0.5,11.5,0],"texture":"#10"}}},{"from":[7.5,17.5,7.9],"to":[10.5,23.5,7.9],"rotation":{"angle":0,"axis":"y","origin":[-1,-1.5,16]},"faces":{"north":{"uv":[9.75,4.5,8.25,7.5],"texture":"#10"},"east":{"uv":[0,0,0,3],"texture":"#10"},"south":{"uv":[8.25,4.5,9.75,7.5],"texture":"#10"},"west":{"uv":[0,0,0,3],"texture":"#10"},"up":{"uv":[0,0,2,0],"texture":"#10"},"down":{"uv":[0,0,2,0],"texture":"#10"}}},{"from":[1.5,17.5,8],"to":[7.5,23.5,9],"rotation":{"angle":0,"axis":"y","origin":[-1,-1.5,16]},"faces":{"north":{"uv":[4,10,1,13],"texture":"#10"},"east":{"uv":[9.5,13,10,16],"texture":"#10"},"south":{"uv":[4,10,1,13],"texture":"#10"},"west":{"uv":[10,13,9.5,16],"texture":"#10"},"up":{"uv":[8.5,0.5,11.5,0],"texture":"#10"},"down":{"uv":[8.5,0,11.5,0.5],"texture":"#10"}}},{"from":[1.5,23.5,8.1],"to":[7.5,26.5,8.1],"rotation":{"angle":0,"axis":"y","origin":[15,18.5,0]},"faces":{"north":{"uv":[9.75,4.5,8.25,7.5],"rotation":90,"texture":"#10"},"east":{"uv":[0,0,2,0],"rotation":270,"texture":"#10"},"south":{"uv":[8.25,4.5,9.75,7.5],"rotation":270,"texture":"#10"},"west":{"uv":[0,0,2,0],"rotation":270,"texture":"#10"},"up":{"uv":[0,0,0,3],"rotation":270,"texture":"#10"},"down":{"uv":[0,0,0,3],"rotation":270,"texture":"#10"}}},{"from":[-1.5,-7.5,7.9],"to":[1.5,-1.5,7.9],"rotation":{"angle":0,"axis":"y","origin":[15,-1.5,16]},"faces":{"north":{"uv":[8.25,4.5,9.75,7.5],"texture":"#10"},"east":{"uv":[0,0,0,3],"texture":"#10"},"south":{"uv":[9.75,4.5,8.25,7.5],"texture":"#10"},"west":{"uv":[0,0,0,3],"texture":"#10"},"up":{"uv":[2,0,0,0],"texture":"#10"},"down":{"uv":[2,0,0,0],"texture":"#10"}}},{"from":[1.5,-10.5,7.9],"to":[7.5,-7.5,7.9],"rotation":{"angle":0,"axis":"y","origin":[15,-1.5,16]},"faces":{"north":{"uv":[9.75,7.5,8.25,4.5],"rotation":270,"texture":"#10"},"east":{"uv":[2,0,0,0],"rotation":270,"texture":"#10"},"south":{"uv":[8.25,7.5,9.75,4.5],"rotation":90,"texture":"#10"},"west":{"uv":[2,0,0,0],"rotation":270,"texture":"#10"},"up":{"uv":[0,0,0,3],"rotation":270,"texture":"#10"},"down":{"uv":[0,0,0,3],"rotation":270,"texture":"#10"}}},{"from":[1.5,-7.5,7],"to":[7.5,-1.5,8],"rotation":{"angle":0,"axis":"y","origin":[-1,-1.5,0]},"faces":{"north":{"uv":[1,10,4,13],"texture":"#10"},"east":{"uv":[10,13,9.5,16],"texture":"#10"},"south":{"uv":[1,10,4,13],"texture":"#10"},"west":{"uv":[9.5,13,10,16],"texture":"#10"},"up":{"uv":[8.5,0,11.5,0.5],"texture":"#10"},"down":{"uv":[8.5,0.5,11.5,0],"texture":"#10"}}},{"from":[7.5,-7.5,7.9],"to":[10.5,-1.5,7.9],"rotation":{"angle":0,"axis":"y","origin":[-1,-1.5,16]},"faces":{"north":{"uv":[9.75,4.5,8.25,7.5],"texture":"#10"},"east":{"uv":[0,0,0,3],"texture":"#10"},"south":{"uv":[8.25,4.5,9.75,7.5],"texture":"#10"},"west":{"uv":[0,0,0,3],"texture":"#10"},"up":{"uv":[0,0,2,0],"texture":"#10"},"down":{"uv":[0,0,2,0],"texture":"#10"}}},{"from":[1.5,-7.5,8],"to":[7.5,-1.5,9],"rotation":{"angle":0,"axis":"y","origin":[-1,-1.5,16]},"faces":{"north":{"uv":[4,10,1,13],"texture":"#10"},"east":{"uv":[9.5,13,10,16],"texture":"#10"},"south":{"uv":[4,10,1,13],"texture":"#10"},"west":{"uv":[10,13,9.5,16],"texture":"#10"},"up":{"uv":[8.5,0.5,11.5,0],"texture":"#10"},"down":{"uv":[8.5,0,11.5,0.5],"texture":"#10"}}},{"from":[1.5,-1.5,7.9],"to":[7.5,1.5,7.9],"rotation":{"angle":0,"axis":"y","origin":[15,18.5,0]},"faces":{"north":{"uv":[9.75,4.5,8.25,7.5],"rotation":90,"texture":"#10"},"east":{"uv":[0,0,2,0],"rotation":270,"texture":"#10"},"south":{"uv":[8.25,4.5,9.75,7.5],"rotation":270,"texture":"#10"},"west":{"uv":[0,0,2,0],"rotation":270,"texture":"#10"},"up":{"uv":[0,0,0,3],"rotation":270,"texture":"#10"},"down":{"uv":[0,0,0,3],"rotation":270,"texture":"#10"}}},{"from":[11,19.5,7],"to":[19,21.5,9],"rotation":{"angle":-22.5,"axis":"z","origin":[7,28.5,8]},"faces":{"north":{"uv":[7,2.5,6,7],"rotation":90,"texture":"#9"},"east":{"uv":[9,15,8,16],"rotation":90,"texture":"#9"},"south":{"uv":[7,2.5,6,7],"rotation":270,"texture":"#9"},"west":{"uv":[9,16,8,15],"rotation":90,"texture":"#9"},"up":{"uv":[6,2.5,7,7],"rotation":270,"texture":"#9"},"down":{"uv":[6,2.5,7,7],"rotation":270,"texture":"#9"}}},{"from":[11,-5.5,7],"to":[19,-3.5,9],"rotation":{"angle":22.5,"axis":"z","origin":[7,-11.5,8]},"faces":{"north":{"uv":[6,2.5,7,7],"rotation":90,"texture":"#9"},"east":{"uv":[8,15,9,16],"rotation":90,"texture":"#9"},"south":{"uv":[6,2.5,7,7],"rotation":270,"texture":"#9"},"west":{"uv":[8,16,9,15],"rotation":90,"texture":"#9"},"up":{"uv":[7,2.5,6,7],"rotation":270,"texture":"#9"},"down":{"uv":[7,2.5,6,7],"rotation":270,"texture":"#9"}}}],"gui_light":"front","display":{"thirdperson_righthand":{"rotation":[0,90,0],"translation":[0.25,-2,0.5],"scale":[0.5,0.5,0.5]},"thirdperson_lefthand":{"rotation":[0,-90,0],"translation":[0.25,-2,0.5],"scale":[0.5,0.5,0.5]},"firstperson_righthand":{"rotation":[0,90,0],"translation":[0.5,5,0.5],"scale":[0.5,0.5,0.5]},"firstperson_lefthand":{"rotation":[0,-90,0],"translation":[0.5,5,0.5],"scale":[0.5,0.5,0.5]},"ground":{"rotation":[0,0,45],"translation":[0,8.5,0],"scale":[0.4,0.4,0.4]},"gui":{"rotation":[0,0,140.25],"translation":[-1,1.25,-2],"scale":[0.375,0.375,0.375]},"head":{"rotation":[-135.5,0,0],"translation":[0,20.5,4.75],"scale":[0,0,0]},"fixed":{"translation":[-0.75,0,-3],"scale":[1.5,1.5,1.5]}}}