{"credit":"Made with Blockbench","textures":{"0":"elitecreatures:fantasy_roman_warrior/roman_warrior3","1":"elitecreatures:fantasy_roman_warrior/roman_warrior1","2":"elitecreatures:fantasy_roman_warrior/roman_warrior2","3":"elitecreatures:fantasy_roman_warrior/roman_warrior4","5":"elitecreatures:fantasy_roman_warrior/charge1","particle":"elitecreatures:fantasy_roman_warrior/roman_warrior3"},"elements":[{"from":[7,-9,7],"to":[9,-1,9],"rotation":{"angle":0,"axis":"y","origin":[16,-5,16]},"faces":{"north":{"uv":[7,2.5,6,7],"texture":"#0"},"east":{"uv":[6,2.5,7,7],"texture":"#0"},"south":{"uv":[7,2.5,6,7],"texture":"#0"},"west":{"uv":[6,2.5,7,7],"texture":"#0"},"up":{"uv":[9,16,8,15],"rotation":180,"texture":"#0"},"down":{"uv":[9,15,8,16],"rotation":180,"texture":"#0"}}},{"from":[6,-10,6],"to":[10,-9,10],"rotation":{"angle":0,"axis":"y","origin":[16,-5,16]},"faces":{"north":{"uv":[11,15,13,15.5],"texture":"#0"},"east":{"uv":[11,15.5,13,16],"texture":"#0"},"south":{"uv":[13,15,11,15.5],"texture":"#0"},"west":{"uv":[11,15.5,13,16],"texture":"#0"},"up":{"uv":[6,4,4,2],"rotation":180,"texture":"#0"},"down":{"uv":[6,2,4,4],"rotation":180,"texture":"#0"}}},{"from":[7,-11,7],"to":[9,-10,9],"rotation":{"angle":0,"axis":"y","origin":[16,-5,16]},"faces":{"north":{"uv":[10,15,11,15.5],"texture":"#0"},"east":{"uv":[10,15.5,11,16],"texture":"#0"},"south":{"uv":[11,15,10,15.5],"texture":"#0"},"west":{"uv":[10,15.5,11,16],"texture":"#0"},"up":{"uv":[10,16,9,15],"rotation":180,"texture":"#0"},"down":{"uv":[10,15,9,16],"rotation":180,"texture":"#0"}}},{"from":[3,6.5,8],"to":[13,30.5,8],"rotation":{"angle":0,"axis":"y","origin":[16,0,0]},"faces":{"north":{"uv":[0,4,5,16],"texture":"#0"},"east":{"uv":[0,0,0,14.5],"texture":"#0"},"south":{"uv":[5,4,0,16],"texture":"#0"},"west":{"uv":[0,0,0,14.5],"texture":"#0"},"up":{"uv":[0,0,0,4],"rotation":90,"texture":"#0"},"down":{"uv":[0,0,0,4],"rotation":270,"texture":"#0"}}},{"from":[4,-2,11],"to":[12,6,11],"faces":{"north":{"uv":[8,8,0,16],"texture":"#5"},"east":{"uv":[0,0,0,5],"texture":"#5"},"south":{"uv":[0,8,8,16],"texture":"#5"},"west":{"uv":[0,0,0,5],"texture":"#5"},"up":{"uv":[0,0,5,0],"texture":"#5"},"down":{"uv":[0,0,5,0],"texture":"#5"}}},{"from":[4,-2,5],"to":[12,6,5],"rotation":{"angle":0,"axis":"y","origin":[0,0,16]},"faces":{"north":{"uv":[8,8,0,16],"texture":"#5"},"east":{"uv":[0,0,0,5],"texture":"#5"},"south":{"uv":[0,8,8,16],"texture":"#5"},"west":{"uv":[0,0,0,5],"texture":"#5"},"up":{"uv":[0,0,5,0],"texture":"#5"},"down":{"uv":[0,0,5,0],"texture":"#5"}}},{"from":[8.7,4,8],"to":[14.7,10,10],"rotation":{"angle":45,"axis":"z","origin":[16,0,0]},"faces":{"north":{"uv":[13,11,16,14],"rotation":270,"texture":"#3"},"east":{"uv":[16,15,13,16],"rotation":270,"texture":"#3"},"south":{"uv":[13,11,16,14],"texture":"#3"},"west":{"uv":[16,10,13,11],"rotation":90,"texture":"#3"},"up":{"uv":[13,15,16,16],"rotation":180,"texture":"#3"},"down":{"uv":[13,10,16,11],"texture":"#3"}}},{"from":[8.7,4,6],"to":[14.7,10,8],"rotation":{"angle":45,"axis":"z","origin":[16,0,16]},"faces":{"north":{"uv":[16,11,13,14],"texture":"#3"},"east":{"uv":[16,15,13,14],"rotation":270,"texture":"#3"},"south":{"uv":[13,14,16,11],"rotation":270,"texture":"#3"},"west":{"uv":[16,11,13,10],"rotation":90,"texture":"#3"},"up":{"uv":[13,15,16,14],"rotation":180,"texture":"#3"},"down":{"uv":[13,11,16,10],"texture":"#3"}}},{"from":[6.2,-4.5,7.6],"to":[6.2,-0.5,10.6],"rotation":{"angle":45,"axis":"y","origin":[6.2,-2.5,9.2]},"faces":{"north":{"uv":[0,0,0,2],"texture":"#2"},"east":{"uv":[13.5,3.5,15,5.5],"texture":"#2"},"south":{"uv":[0,0,0,2],"texture":"#2"},"west":{"uv":[15,3.5,13.5,5.5],"texture":"#2"},"up":{"uv":[0,0,0,1.5],"texture":"#2"},"down":{"uv":[0,0,0,1.5],"texture":"#2"}}},{"from":[10.8,-3.5,7.6],"to":[10.8,0.5,10.6],"rotation":{"angle":-45,"axis":"y","origin":[10.8,-1.5,9.2]},"faces":{"north":{"uv":[0,0,0,2],"texture":"#2"},"east":{"uv":[13.5,3.5,15,5.5],"texture":"#2"},"south":{"uv":[0,0,0,2],"texture":"#2"},"west":{"uv":[15,3.5,13.5,5.5],"texture":"#2"},"up":{"uv":[0,0,0,1.5],"texture":"#2"},"down":{"uv":[0,0,0,1.5],"texture":"#2"}}},{"from":[10.3,-3.5,5.3],"to":[10.3,0.5,8.3],"rotation":{"angle":45,"axis":"y","origin":[10.8,-1.5,6.2]},"faces":{"north":{"uv":[0,0,0,2],"texture":"#2"},"east":{"uv":[15,3.5,13.5,5.5],"texture":"#2"},"south":{"uv":[0,0,0,2],"texture":"#2"},"west":{"uv":[13.5,3.5,15,5.5],"texture":"#2"},"up":{"uv":[0,0,0,1.5],"texture":"#2"},"down":{"uv":[0,0,0,1.5],"texture":"#2"}}},{"from":[6.7,-4.5,5.3],"to":[6.7,-0.5,8.3],"rotation":{"angle":-45,"axis":"y","origin":[6.2,-2.5,6.2]},"faces":{"north":{"uv":[0,0,0,2],"texture":"#2"},"east":{"uv":[15,3.5,13.5,5.5],"texture":"#2"},"south":{"uv":[0,0,0,2],"texture":"#2"},"west":{"uv":[13.5,3.5,15,5.5],"texture":"#2"},"up":{"uv":[0,0,0,1.5],"texture":"#2"},"down":{"uv":[0,0,0,1.5],"texture":"#2"}}},{"from":[9.3,-4.5,5.3],"to":[9.3,-0.5,8.3],"rotation":{"angle":45,"axis":"y","origin":[9.8,-2.5,6.2]},"faces":{"north":{"uv":[0,0,0,2],"texture":"#2"},"east":{"uv":[15,3.5,13.5,5.5],"texture":"#2"},"south":{"uv":[0,0,0,2],"texture":"#2"},"west":{"uv":[13.5,3.5,15,5.5],"texture":"#2"},"up":{"uv":[0,0,0,1.5],"texture":"#2"},"down":{"uv":[0,0,0,1.5],"texture":"#2"}}},{"from":[9.8,-4.5,7.6],"to":[9.8,-0.5,10.6],"rotation":{"angle":-45,"axis":"y","origin":[9.8,-2.5,9.2]},"faces":{"north":{"uv":[0,0,0,2],"texture":"#2"},"east":{"uv":[13.5,3.5,15,5.5],"texture":"#2"},"south":{"uv":[0,0,0,2],"texture":"#2"},"west":{"uv":[15,3.5,13.5,5.5],"texture":"#2"},"up":{"uv":[0,0,0,1.5],"texture":"#2"},"down":{"uv":[0,0,0,1.5],"texture":"#2"}}},{"from":[-3,5,8],"to":[5,7,8],"faces":{"north":{"uv":[0,3,4,4],"texture":"#0"},"east":{"uv":[0,0,0,1],"texture":"#0"},"south":{"uv":[4,3,0,4],"texture":"#0"},"west":{"uv":[0,0,0,1],"texture":"#0"},"up":{"uv":[0,0,4,0],"texture":"#0"},"down":{"uv":[0,0,4,0],"texture":"#0"}}},{"from":[5.3,-13,6.3],"to":[8.3,-10,6.3],"rotation":{"angle":-45,"axis":"y","origin":[6,-11,7]},"faces":{"north":{"uv":[16,3.25,14.5,4.75],"texture":"#0"},"east":{"uv":[0,0,0,1.5],"texture":"#0"},"south":{"uv":[14.5,3.25,16,4.75],"texture":"#0"},"west":{"uv":[0,0,0,1.5],"texture":"#0"},"up":{"uv":[0,0,1.5,0],"texture":"#0"},"down":{"uv":[0,0,1.5,0],"texture":"#0"}}},{"from":[7.7,-13,6.3],"to":[10.7,-10,6.3],"rotation":{"angle":45,"axis":"y","origin":[10,-11,7]},"faces":{"north":{"uv":[14.5,3.25,16,4.75],"texture":"#0"},"east":{"uv":[0,0,0,1.5],"texture":"#0"},"south":{"uv":[16,3.25,14.5,4.75],"texture":"#0"},"west":{"uv":[0,0,0,1.5],"texture":"#0"},"up":{"uv":[1.5,0,0,0],"texture":"#0"},"down":{"uv":[1.5,0,0,0],"texture":"#0"}}},{"from":[7.7,-13,9.7],"to":[10.7,-10,9.7],"rotation":{"angle":-45,"axis":"y","origin":[10,-11,9]},"faces":{"north":{"uv":[14.5,3.25,16,4.75],"texture":"#0"},"east":{"uv":[0,0,0,1.5],"texture":"#0"},"south":{"uv":[16,3.25,14.5,4.75],"texture":"#0"},"west":{"uv":[0,0,0,1.5],"texture":"#0"},"up":{"uv":[1.5,0,0,0],"texture":"#0"},"down":{"uv":[1.5,0,0,0],"texture":"#0"}}},{"from":[5.3,-13,9.7],"to":[8.3,-10,9.7],"rotation":{"angle":45,"axis":"y","origin":[6,-11,9]},"faces":{"north":{"uv":[16,3.25,14.5,4.75],"texture":"#0"},"east":{"uv":[0,0,0,1.5],"texture":"#0"},"south":{"uv":[14.5,3.25,16,4.75],"texture":"#0"},"west":{"uv":[0,0,0,1.5],"texture":"#0"},"up":{"uv":[0,0,1.5,0],"texture":"#0"},"down":{"uv":[0,0,1.5,0],"texture":"#0"}}},{"from":[5.7,-3.5,5.3],"to":[5.7,0.5,8.3],"rotation":{"angle":-45,"axis":"y","origin":[5.2,-1.5,6.2]},"faces":{"north":{"uv":[0,0,0,2],"texture":"#2"},"east":{"uv":[15,3.5,13.5,5.5],"texture":"#2"},"south":{"uv":[0,0,0,2],"texture":"#2"},"west":{"uv":[13.5,3.5,15,5.5],"texture":"#2"},"up":{"uv":[0,0,0,1.5],"texture":"#2"},"down":{"uv":[0,0,0,1.5],"texture":"#2"}}},{"from":[5.2,-3.5,7.6],"to":[5.2,0.5,10.6],"rotation":{"angle":45,"axis":"y","origin":[5.2,-1.5,9.2]},"faces":{"north":{"uv":[0,0,0,2],"texture":"#2"},"east":{"uv":[13.5,3.5,15,5.5],"texture":"#2"},"south":{"uv":[0,0,0,2],"texture":"#2"},"west":{"uv":[15,3.5,13.5,5.5],"texture":"#2"},"up":{"uv":[0,0,0,1.5],"texture":"#2"},"down":{"uv":[0,0,0,1.5],"texture":"#2"}}},{"from":[2.2,6,5.3],"to":[6.2,6,8.3],"rotation":{"angle":-45,"axis":"x","origin":[4.2,6.5,6.2]},"faces":{"north":{"uv":[0,0,0,2],"rotation":90,"texture":"#2"},"east":{"uv":[0,0,0,1.5],"rotation":270,"texture":"#2"},"south":{"uv":[0,0,0,2],"rotation":270,"texture":"#2"},"west":{"uv":[0,0,0,1.5],"rotation":270,"texture":"#2"},"up":{"uv":[15,3.5,13.5,5.5],"rotation":270,"texture":"#2"},"down":{"uv":[13.5,3.5,15,5.5],"rotation":270,"texture":"#2"}}},{"from":[2.2,6.5,7.6],"to":[6.2,6.5,10.6],"rotation":{"angle":45,"axis":"x","origin":[4.2,6.5,9.2]},"faces":{"north":{"uv":[0,0,0,2],"rotation":90,"texture":"#2"},"east":{"uv":[0,0,0,1.5],"rotation":270,"texture":"#2"},"south":{"uv":[0,0,0,2],"rotation":270,"texture":"#2"},"west":{"uv":[0,0,0,1.5],"rotation":270,"texture":"#2"},"up":{"uv":[13.5,3.5,15,5.5],"rotation":270,"texture":"#2"},"down":{"uv":[15,3.5,13.5,5.5],"rotation":270,"texture":"#2"}}},{"from":[-1.3,6.5,7.6],"to":[2.7,6.5,10.6],"rotation":{"angle":45,"axis":"x","origin":[0.7,6.5,9.2]},"faces":{"north":{"uv":[0,0,0,2],"rotation":90,"texture":"#2"},"east":{"uv":[0,0,0,1.5],"rotation":270,"texture":"#2"},"south":{"uv":[0,0,0,2],"rotation":270,"texture":"#2"},"west":{"uv":[0,0,0,1.5],"rotation":270,"texture":"#2"},"up":{"uv":[13.5,3.5,15,5.5],"rotation":270,"texture":"#2"},"down":{"uv":[15,3.5,13.5,5.5],"rotation":270,"texture":"#2"}}},{"from":[-1.3,6,5.3],"to":[2.7,6,8.3],"rotation":{"angle":-45,"axis":"x","origin":[0.7,6.5,6.2]},"faces":{"north":{"uv":[0,0,0,2],"rotation":90,"texture":"#2"},"east":{"uv":[0,0,0,1.5],"rotation":270,"texture":"#2"},"south":{"uv":[0,0,0,2],"rotation":270,"texture":"#2"},"west":{"uv":[0,0,0,1.5],"rotation":270,"texture":"#2"},"up":{"uv":[15,3.5,13.5,5.5],"rotation":270,"texture":"#2"},"down":{"uv":[13.5,3.5,15,5.5],"rotation":270,"texture":"#2"}}},{"from":[13.3,6.5,7.6],"to":[17.3,6.5,10.6],"rotation":{"angle":45,"axis":"x","origin":[15.3,6.5,9.2]},"faces":{"north":{"uv":[0,2,0,0],"rotation":90,"texture":"#2"},"east":{"uv":[0,1.5,0,0],"rotation":270,"texture":"#2"},"south":{"uv":[0,2,0,0],"rotation":270,"texture":"#2"},"west":{"uv":[0,1.5,0,0],"rotation":270,"texture":"#2"},"up":{"uv":[13.5,5.5,15,3.5],"rotation":270,"texture":"#2"},"down":{"uv":[15,5.5,13.5,3.5],"rotation":270,"texture":"#2"}}},{"from":[13.3,6,5.3],"to":[17.3,6,8.3],"rotation":{"angle":-45,"axis":"x","origin":[15.3,6.5,6.2]},"faces":{"north":{"uv":[0,2,0,0],"rotation":90,"texture":"#2"},"east":{"uv":[0,1.5,0,0],"rotation":270,"texture":"#2"},"south":{"uv":[0,2,0,0],"rotation":270,"texture":"#2"},"west":{"uv":[0,1.5,0,0],"rotation":270,"texture":"#2"},"up":{"uv":[15,5.5,13.5,3.5],"rotation":270,"texture":"#2"},"down":{"uv":[13.5,5.5,15,3.5],"rotation":270,"texture":"#2"}}},{"from":[9.8,6.5,7.6],"to":[13.8,6.5,10.6],"rotation":{"angle":45,"axis":"x","origin":[11.8,6.5,9.2]},"faces":{"north":{"uv":[0,2,0,0],"rotation":90,"texture":"#2"},"east":{"uv":[0,1.5,0,0],"rotation":270,"texture":"#2"},"south":{"uv":[0,2,0,0],"rotation":270,"texture":"#2"},"west":{"uv":[0,1.5,0,0],"rotation":270,"texture":"#2"},"up":{"uv":[13.5,5.5,15,3.5],"rotation":270,"texture":"#2"},"down":{"uv":[15,5.5,13.5,3.5],"rotation":270,"texture":"#2"}}},{"from":[9.8,6,5.3],"to":[13.8,6,8.3],"rotation":{"angle":-45,"axis":"x","origin":[11.8,6.5,6.2]},"faces":{"north":{"uv":[0,2,0,0],"rotation":90,"texture":"#2"},"east":{"uv":[0,1.5,0,0],"rotation":270,"texture":"#2"},"south":{"uv":[0,2,0,0],"rotation":270,"texture":"#2"},"west":{"uv":[0,1.5,0,0],"rotation":270,"texture":"#2"},"up":{"uv":[15,5.5,13.5,3.5],"rotation":270,"texture":"#2"},"down":{"uv":[13.5,5.5,15,3.5],"rotation":270,"texture":"#2"}}},{"from":[7.5,-5.5,8],"to":[16.5,5.5,8],"rotation":{"angle":0,"axis":"y","origin":[8,12.5,10]},"faces":{"north":{"uv":[5.5,4.5,11,0],"rotation":90,"texture":"#1"},"east":{"uv":[0,0,0,8],"texture":"#1"},"south":{"uv":[11,4.5,5.5,0],"rotation":270,"texture":"#1"},"west":{"uv":[0,0,0,8],"rotation":180,"texture":"#1"},"up":{"uv":[0,6,0,0],"rotation":270,"texture":"#1"},"down":{"uv":[0,6,0,0],"rotation":270,"texture":"#1"}}},{"from":[-0.5,-5.5,8],"to":[8.5,5.5,8],"rotation":{"angle":0,"axis":"y","origin":[8,12.5,10]},"faces":{"north":{"uv":[5.5,0,11,4.5],"rotation":90,"texture":"#1"},"east":{"uv":[0,0,0,8],"rotation":180,"texture":"#1"},"south":{"uv":[11,0,5.5,4.5],"rotation":270,"texture":"#1"},"west":{"uv":[0,0,0,8],"texture":"#1"},"up":{"uv":[0,0,0,6],"rotation":270,"texture":"#1"},"down":{"uv":[0,0,0,6],"rotation":270,"texture":"#1"}}},{"from":[11,5,8],"to":[19,7,8],"rotation":{"angle":0,"axis":"y","origin":[16,0,0]},"faces":{"north":{"uv":[4,3,0,4],"texture":"#0"},"east":{"uv":[0,0,0,1],"texture":"#0"},"south":{"uv":[0,3,4,4],"texture":"#0"},"west":{"uv":[0,0,0,1],"texture":"#0"},"up":{"uv":[4,0,0,0],"texture":"#0"},"down":{"uv":[4,0,0,0],"texture":"#0"}}},{"from":[3,4.5,7.5],"to":[8,11.5,7.5],"rotation":{"angle":0,"axis":"y","origin":[16,0,0]},"faces":{"north":{"uv":[0,0,2.5,3.5],"texture":"#3"},"east":{"uv":[0,0,0,4],"texture":"#3"},"south":{"uv":[2.5,0,0,3.5],"texture":"#3"},"west":{"uv":[0,0,0,3.5],"texture":"#3"},"up":{"uv":[6,0,0,0],"texture":"#3"},"down":{"uv":[6,0,0,0],"texture":"#3"}}},{"from":[8,4.5,7.5],"to":[13,11.5,7.5],"faces":{"north":{"uv":[2.5,0,0,3.5],"texture":"#3"},"east":{"uv":[0,0,0,3.5],"texture":"#3"},"south":{"uv":[0,0,2.5,3.5],"texture":"#3"},"west":{"uv":[0,0,0,4],"texture":"#3"},"up":{"uv":[0,0,6,0],"texture":"#3"},"down":{"uv":[0,0,6,0],"texture":"#3"}}},{"from":[8,4.5,8.5],"to":[13,11.5,8.5],"faces":{"north":{"uv":[2.5,0,0,3.5],"texture":"#3"},"east":{"uv":[0,0,0,3.5],"texture":"#3"},"south":{"uv":[0,0,2.5,3.5],"texture":"#3"},"west":{"uv":[0,0,0,4],"texture":"#3"},"up":{"uv":[0,0,6,0],"texture":"#3"},"down":{"uv":[0,0,6,0],"texture":"#3"}}},{"from":[3,4.5,8.5],"to":[8,11.5,8.5],"rotation":{"angle":0,"axis":"y","origin":[16,0,0]},"faces":{"north":{"uv":[0,0,2.5,3.5],"texture":"#3"},"east":{"uv":[0,0,0,4],"texture":"#3"},"south":{"uv":[2.5,0,0,3.5],"texture":"#3"},"west":{"uv":[0,0,0,3.5],"texture":"#3"},"up":{"uv":[6,0,0,0],"texture":"#3"},"down":{"uv":[6,0,0,0],"texture":"#3"}}},{"from":[0,-5,7],"to":[3,6,7],"faces":{"north":{"uv":[6.25,10.5,7.75,16],"texture":"#0"},"east":{"uv":[0,0,0,5.5],"texture":"#0"},"south":{"uv":[6.25,10.5,7.75,16],"texture":"#0"},"west":{"uv":[0,0,0,5.5],"texture":"#0"},"up":{"uv":[0,0,2,0],"texture":"#0"},"down":{"uv":[0,0,2,0],"texture":"#0"}}},{"from":[13,-5,7],"to":[16,6,7],"rotation":{"angle":0,"axis":"y","origin":[16,0,0]},"faces":{"north":{"uv":[7.75,10.5,6.25,16],"texture":"#0"},"east":{"uv":[0,0,0,5.5],"texture":"#0"},"south":{"uv":[7.75,10.5,6.25,16],"texture":"#0"},"west":{"uv":[0,0,0,5.5],"texture":"#0"},"up":{"uv":[2,0,0,0],"texture":"#0"},"down":{"uv":[2,0,0,0],"texture":"#0"}}},{"from":[13,-5,9],"to":[16,6,9],"rotation":{"angle":0,"axis":"y","origin":[16,0,16]},"faces":{"north":{"uv":[6.25,10.5,7.75,16],"texture":"#0"},"east":{"uv":[0,0,0,5.5],"texture":"#0"},"south":{"uv":[6.25,10.5,7.75,16],"texture":"#0"},"west":{"uv":[0,0,0,5.5],"texture":"#0"},"up":{"uv":[2,0,0,0],"texture":"#0"},"down":{"uv":[2,0,0,0],"texture":"#0"}}},{"from":[0,-5,9],"to":[3,6,9],"rotation":{"angle":0,"axis":"y","origin":[0,0,16]},"faces":{"north":{"uv":[7.75,10.5,6.25,16],"texture":"#0"},"east":{"uv":[0,0,0,5.5],"texture":"#0"},"south":{"uv":[7.75,10.5,6.25,16],"texture":"#0"},"west":{"uv":[0,0,0,5.5],"texture":"#0"},"up":{"uv":[0,0,2,0],"texture":"#0"},"down":{"uv":[0,0,2,0],"texture":"#0"}}}],"gui_light":"front","display":{"thirdperson_righthand":{"rotation":[0,90,0],"translation":[0,8,1.75],"scale":[0.7,0.7,0.7]},"thirdperson_lefthand":{"rotation":[0,90,0],"translation":[0,7,1.75],"scale":[0.7,0.7,0.7]},"firstperson_righthand":{"rotation":[-175.56,80,170],"translation":[0.5,3.75,0.5],"scale":[0.5,0.5,0.5]},"firstperson_lefthand":{"rotation":[-175.56,80,170],"translation":[0.5,3.75,0.5],"scale":[0.5,0.5,0.5]},"ground":{"rotation":[0,0,45],"translation":[0,7,0],"scale":[0.4,0.4,0.4]},"gui":{"rotation":[0,0,-45],"translation":[0,-0.25,-2],"scale":[0.42773,0.42773,0.42773]},"head":{"rotation":[-135.5,0,0],"translation":[0,20.5,4.75],"scale":[0,0,0]},"fixed":{"translation":[0,13.75,-3.25],"scale":[1.5,1.5,1.5]}}}