{"credit":"Made with Blockbench","textures":{"0":"elitecreatures:fantasy_roman_warrior/roman_warrior3","1":"elitecreatures:fantasy_roman_warrior/roman_warrior1","2":"elitecreatures:fantasy_roman_warrior/roman_warrior2","3":"elitecreatures:fantasy_roman_warrior/roman_warrior4","4":"elitecreatures:fantasy_roman_warrior/roman_warrior5","5":"elitecreatures:fantasy_roman_warrior/roman_warrior6","6":"elitecreatures:fantasy_roman_warrior/charge1","7":"elitecreatures:fantasy_roman_warrior/electic","particle":"elitecreatures:fantasy_roman_warrior/roman_warrior3"},"elements":[{"from":[7,-9,7],"to":[9,-1,9],"rotation":{"angle":0,"axis":"y","origin":[16,-5,16]},"faces":{"north":{"uv":[7,2.5,6,7],"texture":"#0"},"east":{"uv":[6,2.5,7,7],"texture":"#0"},"south":{"uv":[7,2.5,6,7],"texture":"#0"},"west":{"uv":[6,2.5,7,7],"texture":"#0"},"up":{"uv":[9,16,8,15],"rotation":180,"texture":"#0"},"down":{"uv":[9,15,8,16],"rotation":180,"texture":"#0"}}},{"from":[7,5,7],"to":[9,13,9],"rotation":{"angle":0,"axis":"y","origin":[16,-5,16]},"faces":{"north":{"uv":[7,2.5,6,7],"texture":"#0"},"east":{"uv":[6,2.5,7,7],"texture":"#0"},"south":{"uv":[7,2.5,6,7],"texture":"#0"},"west":{"uv":[6,2.5,7,7],"texture":"#0"},"up":{"uv":[9,16,8,15],"rotation":180,"texture":"#0"},"down":{"uv":[9,15,8,16],"rotation":180,"texture":"#0"}}},{"from":[6,-10,6],"to":[10,-9,10],"rotation":{"angle":0,"axis":"y","origin":[16,-5,16]},"faces":{"north":{"uv":[11,15,13,15.5],"texture":"#0"},"east":{"uv":[11,15.5,13,16],"texture":"#0"},"south":{"uv":[13,15,11,15.5],"texture":"#0"},"west":{"uv":[11,15.5,13,16],"texture":"#0"},"up":{"uv":[6,4,4,2],"rotation":180,"texture":"#0"},"down":{"uv":[6,2,4,4],"rotation":180,"texture":"#0"}}},{"from":[7,-11,7],"to":[9,-10,9],"rotation":{"angle":0,"axis":"y","origin":[16,-5,16]},"faces":{"north":{"uv":[10,15,11,15.5],"texture":"#0"},"east":{"uv":[10,15.5,11,16],"texture":"#0"},"south":{"uv":[11,15,10,15.5],"texture":"#0"},"west":{"uv":[10,15.5,11,16],"texture":"#0"},"up":{"uv":[10,16,9,15],"rotation":180,"texture":"#0"},"down":{"uv":[10,15,9,16],"rotation":180,"texture":"#0"}}},{"from":[11.3,0,5.3],"to":[15.3,0,8.3],"rotation":{"angle":-45,"axis":"x","origin":[13.3,0.5,6.2]},"faces":{"north":{"uv":[0,2,0,0],"rotation":90,"texture":"#2"},"east":{"uv":[0,1.5,0,0],"rotation":270,"texture":"#2"},"south":{"uv":[0,2,0,0],"rotation":270,"texture":"#2"},"west":{"uv":[0,1.5,0,0],"rotation":270,"texture":"#2"},"up":{"uv":[15,5.5,13.5,3.5],"rotation":270,"texture":"#2"},"down":{"uv":[13.5,5.5,15,3.5],"rotation":270,"texture":"#2"}}},{"from":[11.3,0.5,7.6],"to":[15.3,0.5,10.6],"rotation":{"angle":45,"axis":"x","origin":[13.3,0.5,9.2]},"faces":{"north":{"uv":[0,2,0,0],"rotation":90,"texture":"#2"},"east":{"uv":[0,1.5,0,0],"rotation":270,"texture":"#2"},"south":{"uv":[0,2,0,0],"rotation":270,"texture":"#2"},"west":{"uv":[0,1.5,0,0],"rotation":270,"texture":"#2"},"up":{"uv":[13.5,5.5,15,3.5],"rotation":270,"texture":"#2"},"down":{"uv":[15,5.5,13.5,3.5],"rotation":270,"texture":"#2"}}},{"from":[0.7,0.5,7.6],"to":[4.7,0.5,10.6],"rotation":{"angle":45,"axis":"x","origin":[2.7,0.5,9.2]},"faces":{"north":{"uv":[0,0,0,2],"rotation":90,"texture":"#2"},"east":{"uv":[0,0,0,1.5],"rotation":270,"texture":"#2"},"south":{"uv":[0,0,0,2],"rotation":270,"texture":"#2"},"west":{"uv":[0,0,0,1.5],"rotation":270,"texture":"#2"},"up":{"uv":[13.5,3.5,15,5.5],"rotation":270,"texture":"#2"},"down":{"uv":[15,3.5,13.5,5.5],"rotation":270,"texture":"#2"}}},{"from":[4,12.4,4],"to":[12,20.4,4],"faces":{"north":{"uv":[8,8,0,16],"texture":"#6"},"east":{"uv":[0,0,0,5],"texture":"#6"},"south":{"uv":[0,8,8,16],"texture":"#6"},"west":{"uv":[0,0,0,5],"texture":"#6"},"up":{"uv":[0,0,5,0],"texture":"#6"},"down":{"uv":[0,0,5,0],"texture":"#6"}}},{"from":[4,12.4,12],"to":[12,20.4,12],"rotation":{"angle":0,"axis":"y","origin":[0,0,16]},"faces":{"north":{"uv":[8,8,0,16],"texture":"#6"},"east":{"uv":[0,0,0,5],"texture":"#6"},"south":{"uv":[0,8,8,16],"texture":"#6"},"west":{"uv":[0,0,0,5],"texture":"#6"},"up":{"uv":[0,0,5,0],"texture":"#6"},"down":{"uv":[0,0,5,0],"texture":"#6"}}},{"from":[0.7,0,5.3],"to":[4.7,0,8.3],"rotation":{"angle":-45,"axis":"x","origin":[2.7,0.5,6.2]},"faces":{"north":{"uv":[0,0,0,2],"rotation":90,"texture":"#2"},"east":{"uv":[0,0,0,1.5],"rotation":270,"texture":"#2"},"south":{"uv":[0,0,0,2],"rotation":270,"texture":"#2"},"west":{"uv":[0,0,0,1.5],"rotation":270,"texture":"#2"},"up":{"uv":[15,3.5,13.5,5.5],"rotation":270,"texture":"#2"},"down":{"uv":[13.5,3.5,15,5.5],"rotation":270,"texture":"#2"}}},{"from":[8.7,4,6],"to":[14.7,10,8],"rotation":{"angle":45,"axis":"z","origin":[16,0,16]},"faces":{"north":{"uv":[16,11,13,14],"texture":"#3"},"east":{"uv":[16,15,13,14],"rotation":270,"texture":"#3"},"south":{"uv":[13,14,16,11],"rotation":270,"texture":"#3"},"west":{"uv":[16,11,13,10],"rotation":90,"texture":"#3"},"up":{"uv":[13,15,16,14],"rotation":180,"texture":"#3"},"down":{"uv":[13,11,16,10],"texture":"#3"}}},{"from":[8.7,4,8],"to":[14.7,10,10],"rotation":{"angle":45,"axis":"z","origin":[16,0,0]},"faces":{"north":{"uv":[13,11,16,14],"rotation":270,"texture":"#3"},"east":{"uv":[16,14,13,15],"rotation":270,"texture":"#3"},"south":{"uv":[13,11,16,14],"texture":"#3"},"west":{"uv":[16,10,13,11],"rotation":90,"texture":"#3"},"up":{"uv":[13,14,16,15],"rotation":180,"texture":"#3"},"down":{"uv":[13,10,16,11],"texture":"#3"}}},{"from":[6.2,-4.5,7.6],"to":[6.2,-0.5,10.6],"rotation":{"angle":45,"axis":"y","origin":[6.2,-2.5,9.2]},"faces":{"north":{"uv":[0,0,0,2],"texture":"#2"},"east":{"uv":[13.5,3.5,15,5.5],"texture":"#2"},"south":{"uv":[0,0,0,2],"texture":"#2"},"west":{"uv":[15,3.5,13.5,5.5],"texture":"#2"},"up":{"uv":[0,0,0,1.5],"texture":"#2"},"down":{"uv":[0,0,0,1.5],"texture":"#2"}}},{"from":[6.7,-4.5,5.3],"to":[6.7,-0.5,8.3],"rotation":{"angle":-45,"axis":"y","origin":[6.2,-2.5,6.2]},"faces":{"north":{"uv":[0,0,0,2],"texture":"#2"},"east":{"uv":[15,3.5,13.5,5.5],"texture":"#2"},"south":{"uv":[0,0,0,2],"texture":"#2"},"west":{"uv":[13.5,3.5,15,5.5],"texture":"#2"},"up":{"uv":[0,0,0,1.5],"texture":"#2"},"down":{"uv":[0,0,0,1.5],"texture":"#2"}}},{"from":[5.7,-3.5,5.3],"to":[5.7,0.5,8.3],"rotation":{"angle":-45,"axis":"y","origin":[5.2,-1.5,6.2]},"faces":{"north":{"uv":[0,0,0,2],"texture":"#2"},"east":{"uv":[15,3.5,13.5,5.5],"texture":"#2"},"south":{"uv":[0,0,0,2],"texture":"#2"},"west":{"uv":[13.5,3.5,15,5.5],"texture":"#2"},"up":{"uv":[0,0,0,1.5],"texture":"#2"},"down":{"uv":[0,0,0,1.5],"texture":"#2"}}},{"from":[5.2,-3.5,7.6],"to":[5.2,0.5,10.6],"rotation":{"angle":45,"axis":"y","origin":[5.2,-1.5,9.2]},"faces":{"north":{"uv":[0,0,0,2],"texture":"#2"},"east":{"uv":[13.5,3.5,15,5.5],"texture":"#2"},"south":{"uv":[0,0,0,2],"texture":"#2"},"west":{"uv":[15,3.5,13.5,5.5],"texture":"#2"},"up":{"uv":[0,0,0,1.5],"texture":"#2"},"down":{"uv":[0,0,0,1.5],"texture":"#2"}}},{"from":[10.3,-3.5,5.3],"to":[10.3,0.5,8.3],"rotation":{"angle":45,"axis":"y","origin":[10.8,-1.5,6.2]},"faces":{"north":{"uv":[0,0,0,2],"texture":"#2"},"east":{"uv":[15,3.5,13.5,5.5],"texture":"#2"},"south":{"uv":[0,0,0,2],"texture":"#2"},"west":{"uv":[13.5,3.5,15,5.5],"texture":"#2"},"up":{"uv":[0,0,0,1.5],"texture":"#2"},"down":{"uv":[0,0,0,1.5],"texture":"#2"}}},{"from":[10.8,-3.5,7.6],"to":[10.8,0.5,10.6],"rotation":{"angle":-45,"axis":"y","origin":[10.8,-1.5,9.2]},"faces":{"north":{"uv":[0,0,0,2],"texture":"#2"},"east":{"uv":[13.5,3.5,15,5.5],"texture":"#2"},"south":{"uv":[0,0,0,2],"texture":"#2"},"west":{"uv":[15,3.5,13.5,5.5],"texture":"#2"},"up":{"uv":[0,0,0,1.5],"texture":"#2"},"down":{"uv":[0,0,0,1.5],"texture":"#2"}}},{"from":[9.3,-4.5,5.3],"to":[9.3,-0.5,8.3],"rotation":{"angle":45,"axis":"y","origin":[9.8,-2.5,6.2]},"faces":{"north":{"uv":[0,0,0,2],"texture":"#2"},"east":{"uv":[15,3.5,13.5,5.5],"texture":"#2"},"south":{"uv":[0,0,0,2],"texture":"#2"},"west":{"uv":[13.5,3.5,15,5.5],"texture":"#2"},"up":{"uv":[0,0,0,1.5],"texture":"#2"},"down":{"uv":[0,0,0,1.5],"texture":"#2"}}},{"from":[9.8,-4.5,7.6],"to":[9.8,-0.5,10.6],"rotation":{"angle":-45,"axis":"y","origin":[9.8,-2.5,9.2]},"faces":{"north":{"uv":[0,0,0,2],"texture":"#2"},"east":{"uv":[13.5,3.5,15,5.5],"texture":"#2"},"south":{"uv":[0,0,0,2],"texture":"#2"},"west":{"uv":[15,3.5,13.5,5.5],"texture":"#2"},"up":{"uv":[0,0,0,1.5],"texture":"#2"},"down":{"uv":[0,0,0,1.5],"texture":"#2"}}},{"from":[-1,-1,8],"to":[7,1,8],"faces":{"north":{"uv":[0,3,4,4],"texture":"#0"},"east":{"uv":[0,0,0,1],"texture":"#0"},"south":{"uv":[4,3,0,4],"texture":"#0"},"west":{"uv":[0,0,0,1],"texture":"#0"},"up":{"uv":[0,0,4,0],"texture":"#0"},"down":{"uv":[0,0,4,0],"texture":"#0"}}},{"from":[9,-1,8],"to":[17,1,8],"rotation":{"angle":0,"axis":"y","origin":[16,0,0]},"faces":{"north":{"uv":[4,3,0,4],"texture":"#0"},"east":{"uv":[0,0,0,1],"texture":"#0"},"south":{"uv":[0,3,4,4],"texture":"#0"},"west":{"uv":[0,0,0,1],"texture":"#0"},"up":{"uv":[4,0,0,0],"texture":"#0"},"down":{"uv":[4,0,0,0],"texture":"#0"}}},{"from":[8,-2,5.1],"to":[11,13,5.1],"faces":{"north":{"uv":[10,8,11.5,15.5],"texture":"#3"},"east":{"uv":[0,0,0,7.5],"texture":"#3"},"south":{"uv":[11.5,8,10,15.5],"texture":"#3"},"west":{"uv":[0,0,0,7.5],"texture":"#3"},"up":{"uv":[0,0,1.5,0],"texture":"#3"},"down":{"uv":[0,0,1.5,0],"texture":"#3"}}},{"from":[9.5,-14.5,8],"to":[16.5,-0.5,8],"rotation":{"angle":0,"axis":"y","origin":[3,-6.5,-3]},"faces":{"north":{"uv":[9,16,16,12.5],"rotation":90,"texture":"#1"},"east":{"uv":[0,8,0,0],"rotation":180,"texture":"#1"},"south":{"uv":[16,16,9,12.5],"rotation":270,"texture":"#1"},"west":{"uv":[0,8,0,0],"texture":"#1"},"up":{"uv":[0,4.5,0,0],"rotation":270,"texture":"#1"},"down":{"uv":[0,4.5,0,0],"rotation":270,"texture":"#1"}}},{"from":[5,-2,5.1],"to":[8,13,5.1],"rotation":{"angle":0,"axis":"y","origin":[16,0,0]},"faces":{"north":{"uv":[11.5,8,10,15.5],"texture":"#3"},"east":{"uv":[0,0,0,7.5],"texture":"#3"},"south":{"uv":[10,8,11.5,15.5],"texture":"#3"},"west":{"uv":[0,0,0,7.5],"texture":"#3"},"up":{"uv":[1.5,0,0,0],"texture":"#3"},"down":{"uv":[1.5,0,0,0],"texture":"#3"}}},{"from":[8,-2,10.9],"to":[11,13,10.9],"rotation":{"angle":0,"axis":"y","origin":[0,0,16]},"faces":{"north":{"uv":[10,8,11.5,15.5],"texture":"#3"},"east":{"uv":[0,0,0,7.5],"texture":"#3"},"south":{"uv":[11.5,8,10,15.5],"texture":"#3"},"west":{"uv":[0,0,0,7.5],"texture":"#3"},"up":{"uv":[0,0,1.5,0],"texture":"#3"},"down":{"uv":[0,0,1.5,0],"texture":"#3"}}},{"from":[5,-2,10.9],"to":[8,13,10.9],"rotation":{"angle":0,"axis":"y","origin":[16,0,16]},"faces":{"north":{"uv":[11.5,8,10,15.5],"texture":"#3"},"east":{"uv":[0,0,0,7.5],"texture":"#3"},"south":{"uv":[10,8,11.5,15.5],"texture":"#3"},"west":{"uv":[0,0,0,7.5],"texture":"#3"},"up":{"uv":[1.5,0,0,0],"texture":"#3"},"down":{"uv":[1.5,0,0,0],"texture":"#3"}}},{"from":[15,2.5,2],"to":[15,9.5,7],"rotation":{"angle":45,"axis":"y","origin":[15.5,6,9.5]},"faces":{"north":{"uv":[0,0,0,3.5],"texture":"#3"},"east":{"uv":[0,0,2.5,3.5],"texture":"#3"},"south":{"uv":[0,0,0,4],"texture":"#3"},"west":{"uv":[2.5,0,0,3.5],"texture":"#3"},"up":{"uv":[0,0,6,0],"rotation":270,"texture":"#3"},"down":{"uv":[0,0,6,0],"rotation":90,"texture":"#3"}}},{"from":[15,2.5,9],"to":[15,9.5,14],"rotation":{"angle":-45,"axis":"y","origin":[15.5,6,6.5]},"faces":{"north":{"uv":[0,0,0,4],"texture":"#3"},"east":{"uv":[2.5,0,0,3.5],"texture":"#3"},"south":{"uv":[0,0,0,3.5],"texture":"#3"},"west":{"uv":[0,0,2.5,3.5],"texture":"#3"},"up":{"uv":[6,0,0,0],"rotation":270,"texture":"#3"},"down":{"uv":[6,0,0,0],"rotation":90,"texture":"#3"}}},{"from":[1,2.5,2],"to":[1,9.5,7],"rotation":{"angle":-45,"axis":"y","origin":[0.5,6,9.5]},"faces":{"north":{"uv":[0,0,0,3.5],"texture":"#3"},"east":{"uv":[0,0,2.5,3.5],"texture":"#3"},"south":{"uv":[0,0,0,4],"texture":"#3"},"west":{"uv":[2.5,0,0,3.5],"texture":"#3"},"up":{"uv":[0,0,6,0],"rotation":270,"texture":"#3"},"down":{"uv":[0,0,6,0],"rotation":90,"texture":"#3"}}},{"from":[1,2.5,9],"to":[1,9.5,14],"rotation":{"angle":45,"axis":"y","origin":[0.5,6,6.5]},"faces":{"north":{"uv":[0,0,0,4],"texture":"#3"},"east":{"uv":[2.5,0,0,3.5],"texture":"#3"},"south":{"uv":[0,0,0,3.5],"texture":"#3"},"west":{"uv":[0,0,2.5,3.5],"texture":"#3"},"up":{"uv":[6,0,0,0],"rotation":270,"texture":"#3"},"down":{"uv":[6,0,0,0],"rotation":90,"texture":"#3"}}},{"from":[5.3,-13,6.3],"to":[8.3,-10,6.3],"rotation":{"angle":-45,"axis":"y","origin":[6,-11,7]},"faces":{"north":{"uv":[16,3.25,14.5,4.75],"texture":"#0"},"east":{"uv":[0,0,0,1.5],"texture":"#0"},"south":{"uv":[14.5,3.25,16,4.75],"texture":"#0"},"west":{"uv":[0,0,0,1.5],"texture":"#0"},"up":{"uv":[0,0,1.5,0],"texture":"#0"},"down":{"uv":[0,0,1.5,0],"texture":"#0"}}},{"from":[7.7,-13,6.3],"to":[10.7,-10,6.3],"rotation":{"angle":45,"axis":"y","origin":[10,-11,7]},"faces":{"north":{"uv":[14.5,3.25,16,4.75],"texture":"#0"},"east":{"uv":[0,0,0,1.5],"texture":"#0"},"south":{"uv":[16,3.25,14.5,4.75],"texture":"#0"},"west":{"uv":[0,0,0,1.5],"texture":"#0"},"up":{"uv":[1.5,0,0,0],"texture":"#0"},"down":{"uv":[1.5,0,0,0],"texture":"#0"}}},{"from":[7.7,-13,9.7],"to":[10.7,-10,9.7],"rotation":{"angle":-45,"axis":"y","origin":[10,-11,9]},"faces":{"north":{"uv":[14.5,3.25,16,4.75],"texture":"#0"},"east":{"uv":[0,0,0,1.5],"texture":"#0"},"south":{"uv":[16,3.25,14.5,4.75],"texture":"#0"},"west":{"uv":[0,0,0,1.5],"texture":"#0"},"up":{"uv":[1.5,0,0,0],"texture":"#0"},"down":{"uv":[1.5,0,0,0],"texture":"#0"}}},{"from":[5.3,-13,9.7],"to":[8.3,-10,9.7],"rotation":{"angle":45,"axis":"y","origin":[6,-11,9]},"faces":{"north":{"uv":[16,3.25,14.5,4.75],"texture":"#0"},"east":{"uv":[0,0,0,1.5],"texture":"#0"},"south":{"uv":[14.5,3.25,16,4.75],"texture":"#0"},"west":{"uv":[0,0,0,1.5],"texture":"#0"},"up":{"uv":[0,0,1.5,0],"texture":"#0"},"down":{"uv":[0,0,1.5,0],"texture":"#0"}}},{"from":[5,13,5],"to":[11,20,11],"faces":{"north":{"uv":[13,12.5,16,16],"texture":"#5"},"east":{"uv":[13,12.5,16,16],"texture":"#5"},"south":{"uv":[13,12.5,16,16],"texture":"#5"},"west":{"uv":[13,12.5,16,16],"texture":"#5"},"up":{"uv":[10,13,13,16],"texture":"#5"},"down":{"uv":[10,13,13,16],"texture":"#5"}}},{"from":[12,8.1,7.5],"to":[14,10.1,8.5],"rotation":{"angle":45,"axis":"z","origin":[0,3,0]},"faces":{"north":{"uv":[6,3.5,7,4.5],"texture":"#4"},"east":{"uv":[5,4,6,4.5],"rotation":90,"texture":"#4"},"south":{"uv":[6,3.5,7,4.5],"rotation":270,"texture":"#4"},"west":{"uv":[5,4,6,4.5],"rotation":90,"texture":"#4"},"up":{"uv":[5,3.5,6,4],"texture":"#4"},"down":{"uv":[5,3.5,6,4],"texture":"#4"}}},{"from":[-7.3,19.6,7.5],"to":[-5.3,21.6,8.5],"rotation":{"angle":-45,"axis":"z","origin":[0,3,0]},"faces":{"north":{"uv":[6,3.5,7,4.5],"texture":"#4"},"east":{"uv":[5,4,6,4.5],"rotation":90,"texture":"#4"},"south":{"uv":[6,3.5,7,4.5],"rotation":270,"texture":"#4"},"west":{"uv":[5,4,6,4.5],"rotation":90,"texture":"#4"},"up":{"uv":[5,3.5,6,4],"texture":"#4"},"down":{"uv":[5,3.5,6,4],"texture":"#4"}}},{"from":[2,8.1,7.5],"to":[4,10.1,8.5],"rotation":{"angle":-45,"axis":"z","origin":[16,3,0]},"faces":{"north":{"uv":[7,3.5,6,4.5],"texture":"#4"},"east":{"uv":[5,4.5,6,4],"rotation":90,"texture":"#4"},"south":{"uv":[6,4.5,7,3.5],"rotation":270,"texture":"#4"},"west":{"uv":[5,4.5,6,4],"rotation":90,"texture":"#4"},"up":{"uv":[6,3.5,5,4],"texture":"#4"},"down":{"uv":[6,3.5,5,4],"texture":"#4"}}},{"from":[9.5,18.5,9.5],"to":[11.5,20.5,10.5],"rotation":{"angle":0,"axis":"y","origin":[10.5,19.5,10]},"faces":{"north":{"uv":[7,3.5,6,4.5],"texture":"#4"},"east":{"uv":[5,4.5,6,4],"rotation":90,"texture":"#4"},"south":{"uv":[6,4.5,7,3.5],"rotation":270,"texture":"#4"},"west":{"uv":[5,4.5,6,4],"rotation":90,"texture":"#4"},"up":{"uv":[6,3.5,5,4],"texture":"#4"},"down":{"uv":[6,3.5,5,4],"texture":"#4"}}},{"from":[9.5,18.5,5.5],"to":[11.5,20.5,6.5],"rotation":{"angle":0,"axis":"y","origin":[10.5,19.5,10]},"faces":{"north":{"uv":[7,3.5,6,4.5],"texture":"#4"},"east":{"uv":[5,4.5,6,4],"rotation":90,"texture":"#4"},"south":{"uv":[6,4.5,7,3.5],"rotation":270,"texture":"#4"},"west":{"uv":[5,4.5,6,4],"rotation":90,"texture":"#4"},"up":{"uv":[6,3.5,5,4],"texture":"#4"},"down":{"uv":[6,3.5,5,4],"texture":"#4"}}},{"from":[4.5,18.5,9.5],"to":[6.5,20.5,10.5],"rotation":{"angle":0,"axis":"y","origin":[5.5,19.5,10]},"faces":{"north":{"uv":[6,3.5,7,4.5],"texture":"#4"},"east":{"uv":[5,4,6,4.5],"rotation":90,"texture":"#4"},"south":{"uv":[6,3.5,7,4.5],"rotation":270,"texture":"#4"},"west":{"uv":[5,4,6,4.5],"rotation":90,"texture":"#4"},"up":{"uv":[5,3.5,6,4],"texture":"#4"},"down":{"uv":[5,3.5,6,4],"texture":"#4"}}},{"from":[4.5,18.5,5.5],"to":[6.5,20.5,6.5],"rotation":{"angle":0,"axis":"y","origin":[5.5,19.5,10]},"faces":{"north":{"uv":[6,3.5,7,4.5],"texture":"#4"},"east":{"uv":[5,4,6,4.5],"rotation":90,"texture":"#4"},"south":{"uv":[6,3.5,7,4.5],"rotation":270,"texture":"#4"},"west":{"uv":[5,4,6,4.5],"rotation":90,"texture":"#4"},"up":{"uv":[5,3.5,6,4],"texture":"#4"},"down":{"uv":[5,3.5,6,4],"texture":"#4"}}},{"from":[9.5,12.5,5.5],"to":[11.5,14.5,6.5],"rotation":{"angle":0,"axis":"y","origin":[10.5,-3.5,10]},"faces":{"north":{"uv":[7,4.5,6,3.5],"texture":"#4"},"east":{"uv":[6,4.5,5,4],"rotation":90,"texture":"#4"},"south":{"uv":[7,4.5,6,3.5],"rotation":270,"texture":"#4"},"west":{"uv":[6,4.5,5,4],"rotation":90,"texture":"#4"},"up":{"uv":[6,4,5,3.5],"texture":"#4"},"down":{"uv":[6,4,5,3.5],"texture":"#4"}}},{"from":[9.5,12.5,9.5],"to":[11.5,14.5,10.5],"rotation":{"angle":0,"axis":"y","origin":[10.5,-3.5,10]},"faces":{"north":{"uv":[7,4.5,6,3.5],"texture":"#4"},"east":{"uv":[6,4.5,5,4],"rotation":90,"texture":"#4"},"south":{"uv":[7,4.5,6,3.5],"rotation":270,"texture":"#4"},"west":{"uv":[6,4.5,5,4],"rotation":90,"texture":"#4"},"up":{"uv":[6,4,5,3.5],"texture":"#4"},"down":{"uv":[6,4,5,3.5],"texture":"#4"}}},{"from":[4.5,12.5,5.5],"to":[6.5,14.5,6.5],"rotation":{"angle":0,"axis":"y","origin":[5.5,-3.5,10]},"faces":{"north":{"uv":[6,4.5,7,3.5],"texture":"#4"},"east":{"uv":[6,4,5,4.5],"rotation":90,"texture":"#4"},"south":{"uv":[7,3.5,6,4.5],"rotation":270,"texture":"#4"},"west":{"uv":[6,4,5,4.5],"rotation":90,"texture":"#4"},"up":{"uv":[5,4,6,3.5],"texture":"#4"},"down":{"uv":[5,4,6,3.5],"texture":"#4"}}},{"from":[4.5,12.5,9.5],"to":[6.5,14.5,10.5],"rotation":{"angle":0,"axis":"y","origin":[5.5,-3.5,10]},"faces":{"north":{"uv":[6,4.5,7,3.5],"texture":"#4"},"east":{"uv":[6,4,5,4.5],"rotation":90,"texture":"#4"},"south":{"uv":[7,3.5,6,4.5],"rotation":270,"texture":"#4"},"west":{"uv":[6,4,5,4.5],"rotation":90,"texture":"#4"},"up":{"uv":[5,4,6,3.5],"texture":"#4"},"down":{"uv":[5,4,6,3.5],"texture":"#4"}}},{"from":[7.5,19.2,-2.7],"to":[8.5,21.2,-0.7],"rotation":{"angle":45,"axis":"x","origin":[16,3,0]},"faces":{"north":{"uv":[5,4.5,6,4],"rotation":90,"texture":"#4"},"east":{"uv":[7,3.5,6,4.5],"texture":"#4"},"south":{"uv":[5,4.5,6,4],"rotation":90,"texture":"#4"},"west":{"uv":[6,4.5,7,3.5],"rotation":270,"texture":"#4"},"up":{"uv":[6,3.5,5,4],"rotation":90,"texture":"#4"},"down":{"uv":[6,3.5,5,4],"rotation":270,"texture":"#4"}}},{"from":[7.5,19.2,16.7],"to":[8.5,21.2,18.7],"rotation":{"angle":-45,"axis":"x","origin":[16,3,16]},"faces":{"north":{"uv":[5,4,6,4.5],"rotation":90,"texture":"#4"},"east":{"uv":[6,3.5,7,4.5],"texture":"#4"},"south":{"uv":[5,4,6,4.5],"rotation":90,"texture":"#4"},"west":{"uv":[6,3.5,7,4.5],"rotation":270,"texture":"#4"},"up":{"uv":[5,3.5,6,4],"rotation":90,"texture":"#4"},"down":{"uv":[5,3.5,6,4],"rotation":270,"texture":"#4"}}},{"from":[10,9,6.5],"to":[10,20,9.5],"rotation":{"angle":0,"axis":"y","origin":[16,0,16]},"faces":{"north":{"uv":[0,0,0,5.5],"texture":"#0"},"east":{"uv":[6.25,10.5,7.75,16],"texture":"#0"},"south":{"uv":[0,0,0,5.5],"texture":"#0"},"west":{"uv":[6.25,10.5,7.75,16],"texture":"#0"},"up":{"uv":[2,0,0,0],"rotation":90,"texture":"#0"},"down":{"uv":[2,0,0,0],"rotation":270,"texture":"#0"}}},{"from":[6,9,6.5],"to":[6,20,9.5],"rotation":{"angle":0,"axis":"y","origin":[0,0,16]},"faces":{"north":{"uv":[0,0,0,5.5],"texture":"#0"},"east":{"uv":[7.75,10.5,6.25,16],"texture":"#0"},"south":{"uv":[0,0,0,5.5],"texture":"#0"},"west":{"uv":[7.75,10.5,6.25,16],"texture":"#0"},"up":{"uv":[2,0,0,0],"rotation":90,"texture":"#0"},"down":{"uv":[2,0,0,0],"rotation":270,"texture":"#0"}}},{"from":[-9.3,1,8],"to":[3,9,8],"rotation":{"angle":0,"axis":"y","origin":[16,0,0]},"faces":{"north":{"uv":[0,8,12.3,16],"texture":"#7"},"east":{"uv":[0,0,0,5],"texture":"#7"},"south":{"uv":[12.3,8,0,16],"texture":"#7"},"west":{"uv":[0,0,0,5],"texture":"#7"},"up":{"uv":[5,0,0,0],"texture":"#7"},"down":{"uv":[5,0,0,0],"texture":"#7"}}},{"from":[13,1,8],"to":[25.3,9,8],"faces":{"north":{"uv":[12.3,8,0,16],"texture":"#7"},"east":{"uv":[0,0,0,5],"texture":"#7"},"south":{"uv":[0,8,12.3,16],"texture":"#7"},"west":{"uv":[0,0,0,5],"texture":"#7"},"up":{"uv":[0,0,5,0],"texture":"#7"},"down":{"uv":[0,0,5,0],"texture":"#7"}}}],"gui_light":"front","display":{"thirdperson_righthand":{"rotation":[0,90,0],"translation":[0,8,2.5],"scale":[0.7,0.7,0.7]},"thirdperson_lefthand":{"rotation":[0,-90,0],"translation":[0,8,2.5],"scale":[0.7,0.7,0.7]},"firstperson_righthand":{"rotation":[0,90,0],"translation":[0.5,7.25,0.5],"scale":[0.42773,0.42773,0.42773]},"firstperson_lefthand":{"rotation":[0,90,0],"translation":[0.5,7.25,0.5],"scale":[0.42773,0.42773,0.42773]},"ground":{"rotation":[0,0,-45],"translation":[0,8,0],"scale":[0.4,0.4,0.4]},"gui":{"rotation":[0,0,-45],"translation":[1.25,1.75,-2],"scale":[0.48047,0.48047,0.48047]},"head":{"rotation":[-135.5,0,0],"translation":[0,20.5,4.75],"scale":[0,0,0]},"fixed":{"translation":[0,13.5,-4],"scale":[1.5,1.5,1.5]}}}