{"credit":"Made with Blockbench","textures":{"1":"elitecreatures:fantasy_roman_warrior/roman_warrior1","3":"elitecreatures:fantasy_roman_warrior/roman_warrior3","4":"elitecreatures:fantasy_roman_warrior/roman_warrior4","5":"elitecreatures:fantasy_roman_warrior/roman_warrior5","6":"elitecreatures:fantasy_roman_warrior/roman_warrior6","7":"elitecreatures:fantasy_roman_warrior/charge2","particle":"elitecreatures:fantasy_roman_warrior/roman_warrior6"},"elements":[{"from":[1.97817,-1,8.84924],"to":[13.97817,13,8.84924],"rotation":{"angle":0,"axis":"y","origin":[23.97817,4,11.84924]},"faces":{"north":{"uv":[7,3.5,14,9],"rotation":90,"texture":"#5"},"east":{"uv":[0,0,0,8],"texture":"#5"},"south":{"uv":[7,3.5,14,9],"rotation":90,"texture":"#5"},"west":{"uv":[0,0,0,8],"texture":"#5"},"up":{"uv":[0,5.5,0,0],"rotation":90,"texture":"#5"},"down":{"uv":[0,5.5,0,0],"rotation":270,"texture":"#5"}}},{"from":[0.5,11,10.1],"to":[15.5,17,10.1],"rotation":{"angle":0,"axis":"y","origin":[0,0,16]},"faces":{"north":{"uv":[8.25,13,0.75,16],"texture":"#4"},"east":{"uv":[0,0,0,3],"texture":"#4"},"south":{"uv":[8.25,13,0.75,16],"texture":"#4"},"west":{"uv":[0,0,0,3],"texture":"#4"},"up":{"uv":[0,0,9,0],"texture":"#4"},"down":{"uv":[0,0,9,0],"texture":"#4"}}},{"from":[2.97817,-3.5,7.14924],"to":[12.97817,0.5,7.14924],"rotation":{"angle":-22.5,"axis":"x","origin":[23.97817,4,11.84924]},"faces":{"north":{"uv":[14,0,16,5.5],"rotation":90,"texture":"#5"},"east":{"uv":[0,0,0,8],"texture":"#5"},"south":{"uv":[14,0,16,5.5],"rotation":90,"texture":"#5"},"west":{"uv":[0,0,0,8],"texture":"#5"},"up":{"uv":[0,5.5,0,0],"rotation":90,"texture":"#5"},"down":{"uv":[0,5.5,0,0],"rotation":270,"texture":"#5"}}},{"from":[3.97817,-4.6,13.84924],"to":[11.97817,-4.6,17.84924],"rotation":{"angle":22.5,"axis":"x","origin":[23.97817,4,11.84924]},"faces":{"north":{"uv":[0,5.5,0,0],"rotation":270,"texture":"#5"},"east":{"uv":[0,0,0,8],"rotation":90,"texture":"#5"},"south":{"uv":[0,5.5,0,0],"rotation":270,"texture":"#5"},"west":{"uv":[0,0,0,8],"rotation":270,"texture":"#5"},"up":{"uv":[0,14,5.5,16],"texture":"#5"},"down":{"uv":[5.5,14,0,16],"rotation":180,"texture":"#5"}}},{"from":[-7.8,9,9.5],"to":[-5.8,11,10.5],"rotation":{"angle":-45,"axis":"z","origin":[0.2,0,0]},"faces":{"north":{"uv":[2,15,3,16],"texture":"#1"},"east":{"uv":[2,14,3,14.5],"rotation":180,"texture":"#1"},"south":{"uv":[2,15,3,16],"rotation":270,"texture":"#1"},"west":{"uv":[2,14.5,3,15],"rotation":270,"texture":"#1"},"up":{"uv":[3,14.5,2,15],"texture":"#1"},"down":{"uv":[2,14,3,14.5],"rotation":180,"texture":"#1"}}},{"from":[-7.8,9,8.5],"to":[-5.8,11,9.5],"rotation":{"angle":-45,"axis":"z","origin":[0.2,0,0]},"faces":{"north":{"uv":[2,15,3,16],"texture":"#1"},"east":{"uv":[2,14,3,14.5],"rotation":180,"texture":"#1"},"south":{"uv":[2,15,3,16],"rotation":270,"texture":"#1"},"west":{"uv":[2,14.5,3,15],"rotation":270,"texture":"#1"},"up":{"uv":[3,14.5,2,15],"texture":"#1"},"down":{"uv":[2,14,3,14.5],"rotation":180,"texture":"#1"}}},{"from":[22.2,9,8.5],"to":[24.2,11,9.5],"rotation":{"angle":45,"axis":"z","origin":[16.2,0,0]},"faces":{"north":{"uv":[3,15,2,16],"texture":"#1"},"east":{"uv":[2,15,3,14.5],"rotation":270,"texture":"#1"},"south":{"uv":[2,16,3,15],"rotation":270,"texture":"#1"},"west":{"uv":[3,14,2,14.5],"rotation":180,"texture":"#1"},"up":{"uv":[2,14.5,3,15],"texture":"#1"},"down":{"uv":[3,14,2,14.5],"rotation":180,"texture":"#1"}}},{"from":[22.2,9,9.5],"to":[24.2,11,10.5],"rotation":{"angle":45,"axis":"z","origin":[16.2,0,0]},"faces":{"north":{"uv":[3,15,2,16],"texture":"#1"},"east":{"uv":[2,15,3,14.5],"rotation":270,"texture":"#1"},"south":{"uv":[2,16,3,15],"rotation":270,"texture":"#1"},"west":{"uv":[3,14,2,14.5],"rotation":180,"texture":"#1"},"up":{"uv":[2,14.5,3,15],"texture":"#1"},"down":{"uv":[3,14,2,14.5],"rotation":180,"texture":"#1"}}},{"from":[0.7,10,6.9],"to":[1.7,13,8.9],"rotation":{"angle":0,"axis":"y","origin":[3.2,13.5,6.9]},"faces":{"north":{"uv":[13.5,6.5,14,8],"rotation":180,"texture":"#1"},"east":{"uv":[13.75,6.25,15.25,7.25],"rotation":270,"texture":"#1"},"south":{"uv":[13.5,6.5,14,8],"rotation":180,"texture":"#1"},"west":{"uv":[13.75,6.25,15.25,7.25],"rotation":270,"texture":"#1"},"up":{"uv":[14,7.25,15,7.75],"rotation":270,"texture":"#1"},"down":{"uv":[14,7.25,15,7.75],"rotation":270,"texture":"#1"}}},{"from":[0.2,14,6.4],"to":[2.2,15,8.9],"rotation":{"angle":45,"axis":"z","origin":[3.2,13.5,6.9]},"faces":{"north":{"uv":[14.25,6,15.25,6.5],"texture":"#1"},"east":{"uv":[14,6,15.25,6.5],"texture":"#1"},"south":{"uv":[14.25,6,15.25,6.5],"texture":"#1"},"west":{"uv":[14,6,15.25,6.5],"texture":"#1"},"up":{"uv":[14,6.5,15,7.75],"texture":"#1"},"down":{"uv":[13.9,6.5,14.9,7.75],"texture":"#1"}}},{"from":[1.2,13,5.9],"to":[5.2,14,8.9],"rotation":{"angle":0,"axis":"y","origin":[1.2,0,0.9]},"faces":{"north":{"uv":[13.5,6,14,8],"rotation":90,"texture":"#1"},"east":{"uv":[14,6,15.5,6.5],"texture":"#1"},"south":{"uv":[13.5,6,14,8],"rotation":90,"texture":"#1"},"west":{"uv":[14,6,15.5,6.5],"texture":"#1"},"up":{"uv":[14,6.5,16,8],"texture":"#1"},"down":{"uv":[14,6.5,16,8],"texture":"#1"}}},{"from":[14.7,10,6.9],"to":[15.7,13,8.9],"rotation":{"angle":0,"axis":"y","origin":[13.2,13.5,6.9]},"faces":{"north":{"uv":[14,6.5,13.5,8],"rotation":180,"texture":"#1"},"east":{"uv":[13.75,7.25,15.25,6.25],"rotation":270,"texture":"#1"},"south":{"uv":[14,6.5,13.5,8],"rotation":180,"texture":"#1"},"west":{"uv":[13.75,7.25,15.25,6.25],"rotation":270,"texture":"#1"},"up":{"uv":[14,7.75,15,7.25],"rotation":270,"texture":"#1"},"down":{"uv":[14,7.75,15,7.25],"rotation":270,"texture":"#1"}}},{"from":[14.2,14,6.4],"to":[16.2,15,8.9],"rotation":{"angle":-45,"axis":"z","origin":[13.2,13.5,6.9]},"faces":{"north":{"uv":[15.25,6,14.25,6.5],"texture":"#1"},"east":{"uv":[15.25,6,14,6.5],"texture":"#1"},"south":{"uv":[15.25,6,14.25,6.5],"texture":"#1"},"west":{"uv":[15.25,6,14,6.5],"texture":"#1"},"up":{"uv":[15,6.5,14,7.75],"texture":"#1"},"down":{"uv":[14.9,6.5,13.9,7.75],"texture":"#1"}}},{"from":[11.2,13,5.9],"to":[15.2,14,8.9],"rotation":{"angle":0,"axis":"y","origin":[15.2,0,0.9]},"faces":{"north":{"uv":[13.5,8,14,6],"rotation":90,"texture":"#1"},"east":{"uv":[15.5,6,14,6.5],"texture":"#1"},"south":{"uv":[13.5,8,14,6],"rotation":90,"texture":"#1"},"west":{"uv":[15.5,6,14,6.5],"texture":"#1"},"up":{"uv":[16,6.5,14,8],"texture":"#1"},"down":{"uv":[16,6.5,14,8],"texture":"#1"}}},{"from":[0,-1,9],"to":[16,15,9],"rotation":{"angle":0,"axis":"y","origin":[8,24,7]},"faces":{"north":{"uv":[7.5,8,15.5,0],"rotation":90,"texture":"#6"},"east":{"uv":[0,0,8,0],"rotation":270,"texture":"#6"},"south":{"uv":[7.5,8,15.5,0],"rotation":270,"texture":"#6"},"west":{"uv":[0,0,8,0],"rotation":270,"texture":"#6"},"up":{"uv":[0,8,0,0],"rotation":270,"texture":"#6"},"down":{"uv":[0,8,0,0],"rotation":270,"texture":"#6"}}},{"from":[-3.5,-0.5,8.8],"to":[3.5,13.5,8.8],"rotation":{"angle":-22.5,"axis":"z","origin":[1,8.5,6]},"faces":{"north":{"uv":[16,16,9,12.5],"rotation":270,"texture":"#1"},"east":{"uv":[0,8,0,0],"texture":"#1"},"south":{"uv":[9,16,16,12.5],"rotation":90,"texture":"#1"},"west":{"uv":[0,8,0,0],"rotation":180,"texture":"#1"},"up":{"uv":[0,4.5,0,0],"rotation":90,"texture":"#1"},"down":{"uv":[0,4.5,0,0],"rotation":90,"texture":"#1"}}},{"from":[12.5,-0.5,8.8],"to":[19.5,13.5,8.8],"rotation":{"angle":22.5,"axis":"z","origin":[15,8.5,6]},"faces":{"north":{"uv":[16,12.5,9,16],"rotation":270,"texture":"#1"},"east":{"uv":[0,8,0,0],"rotation":180,"texture":"#1"},"south":{"uv":[9,12.5,16,16],"rotation":90,"texture":"#1"},"west":{"uv":[0,8,0,0],"texture":"#1"},"up":{"uv":[0,0,0,4.5],"rotation":90,"texture":"#1"},"down":{"uv":[0,0,0,4.5],"rotation":90,"texture":"#1"}}},{"from":[0.8,1,10],"to":[3.8,12,10],"faces":{"north":{"uv":[6.25,10.5,7.75,16],"texture":"#3"},"east":{"uv":[0,0,0,5.5],"texture":"#3"},"south":{"uv":[6.25,10.5,7.75,16],"texture":"#3"},"west":{"uv":[0,0,0,5.5],"texture":"#3"},"up":{"uv":[0,0,2,0],"texture":"#3"},"down":{"uv":[0,0,2,0],"texture":"#3"}}},{"from":[12.6,1,10],"to":[15.6,12,10],"faces":{"north":{"uv":[6.25,10.5,7.75,16],"texture":"#3"},"east":{"uv":[0,0,0,5.5],"texture":"#3"},"south":{"uv":[6.25,10.5,7.75,16],"texture":"#3"},"west":{"uv":[0,0,0,5.5],"texture":"#3"},"up":{"uv":[0,0,2,0],"texture":"#3"},"down":{"uv":[0,0,2,0],"texture":"#3"}}},{"from":[4.3,2.8,10],"to":[12.3,10.8,10],"faces":{"north":{"uv":[8,8,0,16],"texture":"#7"},"east":{"uv":[0,0,0,5],"texture":"#7"},"south":{"uv":[0,8,8,16],"texture":"#7"},"west":{"uv":[0,0,0,5],"texture":"#7"},"up":{"uv":[0,0,5,0],"texture":"#7"},"down":{"uv":[0,0,5,0],"texture":"#7"}}}],"gui_light":"front","display":{"thirdperson_righthand":{"rotation":[-113.5,0,-180],"translation":[0,0,0.75],"scale":[0.45,0.45,0.45]},"thirdperson_lefthand":{"rotation":[67,0,0],"translation":[-6,-4.75,7],"scale":[1.24656,1.24656,1.24656]},"firstperson_righthand":{"rotation":[-180,3.75,-180],"translation":[0.5,2.75,1.5],"scale":[0.5,0.5,0.5]},"firstperson_lefthand":{"rotation":[0,-92,0],"translation":[0.5,3,2.25],"scale":[0,0,0]},"ground":{"rotation":[-90,0,0],"translation":[0,2.25,0],"scale":[0.8,0.8,0.8]},"gui":{"translation":[0,1.25,-2],"scale":[0.58203,0.58203,0.58203]},"head":{"translation":[0,-16.5,0],"scale":[1.89844,1.89844,1.89844]},"fixed":{"rotation":[-180,0,180],"translation":[-0.25,-1,0.25],"scale":[0.7,0.7,0.7]}}}