{"parent":"minecraft:item/generated","textures":{"layer0":"minecraft:item/coal"},"overrides":[{"predicate":{"custom_model_data":8999},"model":"blocs:pokecenter_sign"},{"predicate":{"custom_model_data":9991},"model":"incubator:normalegg"},{"predicate":{"custom_model_data":9992},"model":"incubator:auraegg"},{"predicate":{"custom_model_data":9993},"model":"incubator:randomlegendaryegg"},{"predicate":{"custom_model_data":9994},"model":"incubator:chanceegg"},{"predicate":{"custom_model_data":9995},"model":"incubator:shinylegendaryegg"},{"predicate":{"custom_model_data":9996},"model":"menus:ia_auto_gen/pokecoins"},{"predicate":{"custom_model_data":9999},"model":"incubator:shinyegg"},{"predicate":{"custom_model_data":10000},"model":"item/coal"}]}