{"parent":"item/handheld_rod","textures":{"layer0":"item/fishing_rod"},"overrides":[{"predicate":{"cast":1},"model":"item/fishing_rod_cast"},{"predicate":{"custom_model_data":900},"model":"items:rods/old_rod"},{"predicate":{"cast":1,"custom_model_data":900},"model":"items:rods/old_rod_cast"},{"predicate":{"custom_model_data":901},"model":"items:rods/good_rod"},{"predicate":{"cast":1,"custom_model_data":901},"model":"items:rods/good_rod_cast"},{"predicate":{"custom_model_data":902},"model":"items:rods/super_rod"},{"predicate":{"cast":1,"custom_model_data":902},"model":"items:rods/super_rod_cast"},{"predicate":{"custom_model_data":903},"model":"plny_halloween_set:fishing_rod"},{"predicate":{"cast":1,"custom_model_data":903},"model":"plny_halloween_set:fishing_rod_cast"},{"predicate":{"custom_model_data":904},"model":"item/fishing_rod"}]}