{"parent":"minecraft:item/generated","textures":{"layer0":"minecraft:item/netherite_ingot"},"overrides":[{"predicate":{"custom_model_data":540},"model":"items:ia_auto_gen/dynamobadge"},{"predicate":{"custom_model_data":541},"model":"items:ia_auto_gen/featherbadge"},{"predicate":{"custom_model_data":542},"model":"items:ia_auto_gen/heatbadge"},{"predicate":{"custom_model_data":543},"model":"items:ia_auto_gen/knucklebadge"},{"predicate":{"custom_model_data":544},"model":"items:ia_auto_gen/mindbadge"},{"predicate":{"custom_model_data":545},"model":"items:ia_auto_gen/rainbadge"},{"predicate":{"custom_model_data":546},"model":"items:ia_auto_gen/stonebadge"},{"predicate":{"custom_model_data":547},"model":"items:ia_auto_gen/balancebadge"},{"predicate":{"custom_model_data":548},"model":"item/netherite_ingot"}]}