{"parent":"item/generated","textures":{"layer0":"item/paper"},"overrides":[{"predicate":{"custom_model_data":6},"model":"gui/buttons/arrow_up"},{"predicate":{"custom_model_data":7},"model":"menus:ia_auto_gen/nextarrow"},{"predicate":{"custom_model_data":8},"model":"menus:ia_auto_gen/prevarrow"},{"predicate":{"custom_model_data":17},"model":"gui/buttons/choosing_button"},{"predicate":{"custom_model_data":18},"model":"gui/buttons/ready_button"},{"predicate":{"custom_model_data":19},"model":"gui/invisible_icon"},{"predicate":{"custom_model_data":61},"model":"gui/backgrounds/pokeinfo"},{"predicate":{"custom_model_data":63},"model":"menus:ia_auto_gen/questionmark"},{"predicate":{"custom_model_data":72},"model":"gui/displays/party-status-1"},{"predicate":{"custom_model_data":73},"model":"gui/displays/party-status-2"},{"predicate":{"custom_model_data":74},"model":"gui/displays/party-status-3"},{"predicate":{"custom_model_data":75},"model":"gui/displays/party-status-4"},{"predicate":{"custom_model_data":76},"model":"gui/displays/party-status-5"},{"predicate":{"custom_model_data":77},"model":"gui/displays/party-status-6"},{"predicate":{"custom_model_data":81},"model":"gui/displays/breed_bar_0"},{"predicate":{"custom_model_data":82},"model":"gui/displays/breed_bar_1"},{"predicate":{"custom_model_data":83},"model":"gui/displays/breed_bar_2"},{"predicate":{"custom_model_data":84},"model":"gui/displays/breed_bar_3"},{"predicate":{"custom_model_data":85},"model":"gui/displays/breed_bar_4"},{"predicate":{"custom_model_data":86},"model":"gui/displays/pokemon_eggs/egg_stage_0"},{"predicate":{"custom_model_data":87},"model":"gui/displays/pokemon_eggs/egg_stage_1"},{"predicate":{"custom_model_data":88},"model":"gui/displays/pokemon_eggs/egg_stage_2"},{"predicate":{"custom_model_data":89},"model":"gui/displays/pokemon_eggs/egg_stage_3"},{"predicate":{"custom_model_data":90},"model":"gui/buttons/move_button"},{"predicate":{"custom_model_data":91},"model":"gui/buttons/ability_button"},{"predicate":{"custom_model_data":92},"model":"gui/buttons/evolve_button"},{"predicate":{"custom_model_data":94},"model":"gui/buttons/arrow_down"},{"predicate":{"custom_model_data":95},"model":"unicode/icons/shiny"},{"predicate":{"custom_model_data":96},"model":"unicode/icons/emojis/rat"},{"predicate":{"custom_model_data":97},"model":"gui/buttons/gear_icon"},{"predicate":{"custom_model_data":100},"model":"menus:ia_auto_gen/main_gui_icon_1"},{"predicate":{"custom_model_data":101},"model":"menus:ia_auto_gen/main_gui_icon_2"},{"predicate":{"custom_model_data":102},"model":"menus:ia_auto_gen/main_gui_icon_3"},{"predicate":{"custom_model_data":103},"model":"menus:ia_auto_gen/main_gui_icon_4"},{"predicate":{"custom_model_data":104},"model":"menus:ia_auto_gen/main_gui_icon_5"},{"predicate":{"custom_model_data":105},"model":"menus:ia_auto_gen/main_gui_icon_6"},{"predicate":{"custom_model_data":106},"model":"menus:ia_auto_gen/main_gui_icon_7"},{"predicate":{"custom_model_data":107},"model":"menus:ia_auto_gen/main_gui_icon_8"},{"predicate":{"custom_model_data":108},"model":"menus:ia_auto_gen/main_gui_icon_9"},{"predicate":{"custom_model_data":140},"model":"gui/buttons/checkmark_button"},{"predicate":{"custom_model_data":141},"model":"gui/buttons/x_button"},{"predicate":{"custom_model_data":152},"model":"gui/displays/empty_landmount"},{"predicate":{"custom_model_data":153},"model":"gui/displays/empty_surfmount"},{"predicate":{"custom_model_data":154},"model":"gui/displays/empty_flymount"},{"predicate":{"custom_model_data":155},"model":"gui/displays/battlepoints"},{"predicate":{"custom_model_data":158},"model":"gui/buttons/collect_button"},{"predicate":{"custom_model_data":159},"model":"gui/buttons/drop_button"},{"predicate":{"custom_model_data":169},"model":"gui/buttons/accept_button"},{"predicate":{"custom_model_data":172},"model":"gui/buttons/sell_button"},{"predicate":{"custom_model_data":174},"model":"gui/displays/recipe_craftable_slot_111"},{"predicate":{"custom_model_data":175},"model":"gui/displays/recipe_craftable_slot_110"},{"predicate":{"custom_model_data":176},"model":"gui/displays/recipe_craftable_slot_011"},{"predicate":{"custom_model_data":177},"model":"gui/displays/recipe_craftable_slot_101"},{"predicate":{"custom_model_data":178},"model":"gui/displays/recipe_craftable_slot_100"},{"predicate":{"custom_model_data":179},"model":"gui/displays/recipe_craftable_slot_010"},{"predicate":{"custom_model_data":180},"model":"gui/displays/recipe_craftable_slot_001"},{"predicate":{"custom_model_data":181},"model":"gui/backgrounds/text_input_background"},{"predicate":{"custom_model_data":182},"model":"gui/backgrounds/recipe_search_background"},{"predicate":{"custom_model_data":183},"model":"gui/displays/search_icon"},{"predicate":{"custom_model_data":185},"model":"gui/buttons/biomes_button"},{"predicate":{"custom_model_data":186},"model":"gui/buttons/rarity_button"},{"predicate":{"custom_model_data":187},"model":"gui/buttons/drops_button"},{"predicate":{"custom_model_data":206},"model":"gui/displays/empty-armor/empty_helmet"},{"predicate":{"custom_model_data":207},"model":"gui/displays/empty-armor/empty_chestplate"},{"predicate":{"custom_model_data":208},"model":"gui/displays/empty-armor/empty_leggings"},{"predicate":{"custom_model_data":209},"model":"gui/displays/empty-armor/empty_boots"},{"predicate":{"custom_model_data":215},"model":"gui/displays/search_pokemon_icon"},{"predicate":{"custom_model_data":216},"model":"gui/displays/trash_icon"},{"predicate":{"custom_model_data":217},"model":"gui/displays/bar_graphs/red_bar"},{"predicate":{"custom_model_data":218},"model":"gui/displays/bar_graphs/orange_bar"},{"predicate":{"custom_model_data":219},"model":"gui/displays/bar_graphs/yellow_bar"},{"predicate":{"custom_model_data":220},"model":"gui/displays/bar_graphs/blue_bar"},{"predicate":{"custom_model_data":221},"model":"gui/displays/bar_graphs/green_bar"},{"predicate":{"custom_model_data":222},"model":"gui/displays/bar_graphs/pink_bar"},{"predicate":{"custom_model_data":223},"model":"gui/displays/bar_graphs/gray_bar"},{"predicate":{"custom_model_data":225},"model":"gui/displays/trash_icon"},{"predicate":{"custom_model_data":227},"model":"gui/displays/empty_pokemon_display"},{"predicate":{"custom_model_data":228},"model":"gui/displays/pokemon_eggs/egg_display_0"},{"predicate":{"custom_model_data":229},"model":"gui/displays/pokemon_eggs/egg_display_1"},{"predicate":{"custom_model_data":230},"model":"gui/displays/pokemon_eggs/egg_display_2"},{"predicate":{"custom_model_data":231},"model":"gui/displays/pokemon_eggs/egg_display_3"},{"predicate":{"custom_model_data":232},"model":"gui/backgrounds/stat_editor_background"},{"predicate":{"custom_model_data":234},"model":"gameitems/customitems/pokeballs/pokeball-default"},{"predicate":{"custom_model_data":235},"model":"gameitems/customitems/pokeballs/pokeball-empty"},{"predicate":{"custom_model_data":236},"model":"gameitems/customitems/pokeballs/great-ball"},{"predicate":{"custom_model_data":237},"model":"gameitems/customitems/pokeballs/ultra-ball"},{"predicate":{"custom_model_data":238},"model":"gameitems/customitems/pokeballs/master-ball"},{"predicate":{"custom_model_data":239},"model":"gameitems/customitems/pokeballs/safari-ball"},{"predicate":{"custom_model_data":240},"model":"gameitems/customitems/pokeballs/level-ball"},{"predicate":{"custom_model_data":241},"model":"gameitems/customitems/pokeballs/lure-ball"},{"predicate":{"custom_model_data":242},"model":"gameitems/customitems/pokeballs/moon-ball"},{"predicate":{"custom_model_data":243},"model":"gameitems/customitems/pokeballs/friend-ball"},{"predicate":{"custom_model_data":244},"model":"gameitems/customitems/pokeballs/love-ball"},{"predicate":{"custom_model_data":245},"model":"gameitems/customitems/pokeballs/heavy-ball"},{"predicate":{"custom_model_data":246},"model":"gameitems/customitems/pokeballs/fast-ball"},{"predicate":{"custom_model_data":247},"model":"gameitems/customitems/pokeballs/sport-ball"},{"predicate":{"custom_model_data":248},"model":"gameitems/customitems/pokeballs/premier-ball"},{"predicate":{"custom_model_data":249},"model":"gameitems/customitems/pokeballs/repeat-ball"},{"predicate":{"custom_model_data":250},"model":"gameitems/customitems/pokeballs/timer-ball"},{"predicate":{"custom_model_data":251},"model":"gameitems/customitems/pokeballs/nest-ball"},{"predicate":{"custom_model_data":252},"model":"gameitems/customitems/pokeballs/net-ball"},{"predicate":{"custom_model_data":253},"model":"gameitems/customitems/pokeballs/dive-ball"},{"predicate":{"custom_model_data":254},"model":"gameitems/customitems/pokeballs/luxury-ball"},{"predicate":{"custom_model_data":255},"model":"gameitems/customitems/pokeballs/heal-ball"},{"predicate":{"custom_model_data":256},"model":"gameitems/customitems/pokeballs/quick-ball"},{"predicate":{"custom_model_data":257},"model":"gameitems/customitems/pokeballs/dusk-ball"},{"predicate":{"custom_model_data":258},"model":"gameitems/customitems/pokeballs/cherish-ball"},{"predicate":{"custom_model_data":259},"model":"gameitems/customitems/pokeballs/park-ball"},{"predicate":{"custom_model_data":260},"model":"gameitems/customitems/pokeballs/beast-ball"},{"predicate":{"custom_model_data":270},"model":"gui/buttons/locked"},{"predicate":{"custom_model_data":272},"model":"gui/buttons/coins"},{"predicate":{"custom_model_data":273},"model":"menus:ia_auto_gen/pokegems"},{"predicate":{"custom_model_data":274},"model":"gui/buttons/cash"},{"predicate":{"custom_model_data":275},"model":"gui/backgrounds/number_input_background"},{"predicate":{"custom_model_data":276},"model":"gui/buttons/az_sort"},{"predicate":{"custom_model_data":277},"model":"gui/buttons/price_sort"},{"predicate":{"custom_model_data":278},"model":"gui/buttons/time_sort"},{"predicate":{"custom_model_data":279},"model":"unicode/icons/breeding/fertility_stage_0"},{"predicate":{"custom_model_data":280},"model":"unicode/icons/breeding/fertility_stage_1"},{"predicate":{"custom_model_data":281},"model":"unicode/icons/breeding/fertility_stage_2"},{"predicate":{"custom_model_data":282},"model":"unicode/icons/breeding/fertility_stage_3"},{"predicate":{"custom_model_data":283},"model":"unicode/icons/breeding/fertility_stage_4"},{"predicate":{"custom_model_data":284},"model":"unicode/icons/breeding/fertility_stage_5"},{"predicate":{"custom_model_data":285},"model":"unicode/icons/breeding/fertility_stage_6"},{"predicate":{"custom_model_data":286},"model":"unicode/icons/breeding/fertility_stage_7"},{"predicate":{"custom_model_data":287},"model":"gui/buttons/o_green_button"},{"predicate":{"custom_model_data":288},"model":"gui/displays/pokemon_eggs/science_display_0"},{"predicate":{"custom_model_data":289},"model":"gui/displays/pokemon_eggs/science_display_1"},{"predicate":{"custom_model_data":290},"model":"gui/displays/pokemon_eggs/science_display_2"},{"predicate":{"custom_model_data":291},"model":"gui/displays/pokemon_eggs/science_display_3"},{"predicate":{"custom_model_data":292},"model":"gui/displays/pokemon_eggs/science_stage_0"},{"predicate":{"custom_model_data":293},"model":"gui/displays/pokemon_eggs/science_stage_1"},{"predicate":{"custom_model_data":294},"model":"gui/displays/pokemon_eggs/science_stage_2"},{"predicate":{"custom_model_data":295},"model":"gui/displays/pokemon_eggs/science_stage_3"},{"predicate":{"custom_model_data":296},"model":"gui/displays/bar_graphs/bar_0"},{"predicate":{"custom_model_data":297},"model":"gui/displays/bar_graphs/bar_1"},{"predicate":{"custom_model_data":298},"model":"gui/displays/bar_graphs/bar_2"},{"predicate":{"custom_model_data":299},"model":"gui/displays/bar_graphs/bar_3"},{"predicate":{"custom_model_data":300},"model":"gui/displays/bar_graphs/bar_4"},{"predicate":{"custom_model_data":301},"model":"gui/displays/bar_graphs/bar_5"},{"predicate":{"custom_model_data":302},"model":"gui/displays/bar_graphs/bar_6"},{"predicate":{"custom_model_data":303},"model":"gui/displays/bar_graphs/bar_7"},{"predicate":{"custom_model_data":304},"model":"gui/displays/bar_graphs/bar_8"},{"predicate":{"custom_model_data":305},"model":"gui/displays/bar_graphs/bar_start_cap"},{"predicate":{"custom_model_data":306},"model":"gui/displays/bar_graphs/bar_end_cap"},{"predicate":{"custom_model_data":1000},"model":"items:ia_auto_gen/proball_rank"},{"predicate":{"custom_model_data":1001},"model":"items:ia_auto_gen/aceball_rank"},{"predicate":{"custom_model_data":1002},"model":"items:ia_auto_gen/ultraball_rank"},{"predicate":{"custom_model_data":1003},"model":"items:ia_auto_gen/masterball_rank"},{"predicate":{"custom_model_data":1004},"model":"items:ia_auto_gen/mythicball_rank"},{"predicate":{"custom_model_data":1005},"model":"items:ia_auto_gen/primalball_rank"},{"predicate":{"custom_model_data":1006},"model":"items:ia_auto_gen/legendball_rank"},{"predicate":{"custom_model_data":2000},"model":"items:ia_auto_gen/nametag"},{"predicate":{"custom_model_data":2001},"model":"items:ia_auto_gen/battletower"},{"predicate":{"custom_model_data":2002},"model":"items:ia_auto_gen/gyms"},{"predicate":{"custom_model_data":2003},"model":"items:ia_auto_gen/profile"},{"predicate":{"custom_model_data":2004},"model":"items:ia_auto_gen/pwarps"},{"predicate":{"custom_model_data":2005},"model":"items:ia_auto_gen/crate"},{"predicate":{"custom_model_data":2006},"model":"items:ia_auto_gen/rtp"},{"predicate":{"custom_model_data":2007},"model":"items:ia_auto_gen/shop"},{"predicate":{"custom_model_data":2008},"model":"items:ia_auto_gen/warp"},{"predicate":{"custom_model_data":3000},"model":"items:ia_auto_gen/token"},{"predicate":{"custom_model_data":4111},"model":"menus:ia_auto_gen/question"},{"predicate":{"custom_model_data":4112},"model":"menus:ia_auto_gen/premium_crown"},{"predicate":{"custom_model_data":10000},"model":"_iainternal:ia_auto_gen/icon_left_blue"},{"predicate":{"custom_model_data":10001},"model":"_iainternal:ia_auto_gen/icon_right_blue"},{"predicate":{"custom_model_data":10002},"model":"_iainternal:ia_auto_gen/icon_search"},{"predicate":{"custom_model_data":10003},"model":"_iainternal:ia_auto_gen/icon_cancel"},{"predicate":{"custom_model_data":10004},"model":"_iainternal:ia_auto_gen/icon_arrow_chest"},{"predicate":{"custom_model_data":10005},"model":"_iainternal:ia_auto_gen/icon_back_orange"},{"predicate":{"custom_model_data":10006},"model":"_iainternal:ia_auto_gen/icon_next_orange"},{"predicate":{"custom_model_data":10007},"model":"plny_halloween_set:chest"},{"predicate":{"custom_model_data":10008},"model":"plny_halloween_set:helmet"},{"predicate":{"custom_model_data":10009},"model":"plny_halloween_set:key"},{"predicate":{"custom_model_data":10010},"model":"plny_halloween_set:wings"},{"predicate":{"custom_model_data":30000},"model":"menus:ia_auto_gen/blank"},{"predicate":{"custom_model_data":30001},"model":"crates:masterball_crate_key"},{"predicate":{"custom_model_data":30004},"model":"crates:ultraball_crate_key"},{"predicate":{"custom_model_data":30007},"model":"crates:pokeball_crate_key"},{"predicate":{"custom_model_data":51337},"model":"crates:vote_crate_key"},{"predicate":{"custom_model_data":53111},"model":"crates:duskcrate"},{"predicate":{"custom_model_data":53112},"model":"crates:greatballcrate"},{"predicate":{"custom_model_data":53115},"model":"crates:pokeballcrate"},{"predicate":{"custom_model_data":80009},"model":"menus:filler"},{"predicate":{"custom_model_data":82348},"model":"menus:ia_auto_gen/downgui"},{"predicate":{"custom_model_data":82349},"model":"menus:ia_auto_gen/upgui"},{"predicate":{"custom_model_data":82350},"model":"item/paper"}]}