{"credit":"Made with Blockbench","parent":"builtin/entity","textures":{"particle":"block/soul_sand"},"gui_light":"front","display":{"thirdperson_righthand":{"rotation":[45,45,0],"translation":[0,3,0],"scale":[0.5,0.5,0.5]},"thirdperson_lefthand":{"rotation":[45,45,0],"translation":[0,3,0],"scale":[0.5,0.5,0.5]},"firstperson_lefthand":{"rotation":[70,180,0],"translation":[-6,3,29.5],"scale":[0,0,0]},"ground":{"translation":[0,3,0],"scale":[0.5,0.5,0.5]},"gui":{"translation":[0,7,0],"scale":[1.7,1.7,1.7]},"fixed":{"rotation":[0,180,0],"translation":[0,4,0]}},"overrides":[{"predicate":{"custom_model_data":10000},"model":"_iainternal:entity/player/phead_0"},{"predicate":{"custom_model_data":10001},"model":"_iainternal:entity/player/parm_left_3"},{"predicate":{"custom_model_data":10002},"model":"_iainternal:entity/player/pbody_2"},{"predicate":{"custom_model_data":10003},"model":"_iainternal:entity/player/pleg_left_1"},{"predicate":{"custom_model_data":10004},"model":"_iainternal:entity/player/pleg_right_5"},{"predicate":{"custom_model_data":10005},"model":"_iainternal:entity/player/parm_right_4"},{"predicate":{"custom_model_data":10006},"model":"item/player_head"}]}