{"credit":"Made by Ecorn","parent":"block/block","textures":{"particle":"custom/stair/orange_roof_1","side":"custom/stair/orange_roof_1","top":"custom/stair/orange_roof_1","bottom":"custom/stair/orange_roof_1"},"elements":[{"from":[0,0,0],"to":[16,8,16],"faces":{"north":{"uv":[0,8,16,16],"texture":"#side","cullface":"north"},"east":{"uv":[0,8,16,16],"texture":"#side","cullface":"east"},"south":{"uv":[0,8,16,16],"texture":"#side","cullface":"south"},"west":{"uv":[0,8,16,16],"texture":"#side","cullface":"west"},"up":{"uv":[0,0,16,16],"texture":"#top"},"down":{"uv":[0,0,16,16],"texture":"#bottom","cullface":"down"}}},{"from":[8,8,0],"to":[16,16,16],"faces":{"north":{"uv":[0,0,8,8],"texture":"#side","cullface":"north"},"east":{"uv":[0,0,16,8],"texture":"#side","cullface":"east"},"south":{"uv":[8,0,16,8],"texture":"#side","cullface":"south"},"west":{"uv":[0,0,16,8],"texture":"#side"},"up":{"uv":[8,0,16,16],"texture":"#top","cullface":"up"}}}],"display":{"thirdperson_lefthand":{"rotation":[75,-135,0],"translation":[0,2.5,0],"scale":[0.375,0.375,0.375]},"gui":{"rotation":[30,135,0],"scale":[0.625,0.625,0.625]},"head":{"rotation":[0,-90,0]}}}