{"textures":{"texture":"gameitems/customblocks/healer"},"elements":[{"from":[0.4999,0.0009999999,-2.0004],"to":[15.4999,12.001,17.9996],"faces":{"down":{"uv":[3.5,2,7,4.953845],"texture":"#texture"},"up":{"uv":[3.5,2,7,4.953845],"texture":"#texture"},"north":{"uv":[3.5,2,7,4.953845],"texture":"#texture"},"south":{"uv":[3.5,2,7,4.953845],"texture":"#texture"},"west":{"uv":[3.5,2,7,4.953845],"texture":"#texture"},"east":{"uv":[3.5,2,7,4.953845],"texture":"#texture"}}},{"from":[2.1258,12.0005,-1.5001],"to":[14.1258,13.0005,18.4999],"faces":{"down":{"uv":[3.5,2,7,4.953845],"texture":"#texture"},"up":{"uv":[5,7,7,10],"texture":"#texture"},"north":{"uv":[3.5,2,7,4.953845],"texture":"#texture"},"south":{"uv":[3.5,2,7,4.953845],"texture":"#texture"},"west":{"uv":[3.5,2,7,4.953845],"texture":"#texture"},"east":{"uv":[3.5,2,7,4.953845],"texture":"#texture"}}},{"from":[15.9991,10.9995,-1.9996],"to":[16.9991,13.4995,18.0004],"rotation":{"origin":[16,11,-2],"axis":"z","angle":45},"faces":{"down":{"uv":[3.5,2,7,4.953845],"texture":"#texture"},"up":{"uv":[3.5,2,4,4.608],"texture":"#texture"},"north":{"uv":[3.5,2,4.5,4.608],"texture":"#texture"},"south":{"uv":[3.5,2,5,4.608],"texture":"#texture"},"west":{"uv":[3.5,2,4.5,4.608],"texture":"#texture"},"east":{"uv":[3.5,2,6.5,3.072001],"texture":"#texture"}}},{"from":[-0.751,11.7508,-2.0005],"to":[0.249,14.2508,17.9995],"rotation":{"origin":[-0.75,11.75,-2],"axis":"z","angle":-45},"faces":{"down":{"uv":[3.5,2,7,4.953845],"texture":"#texture"},"up":{"uv":[3.5,2,4.5,4.608],"texture":"#texture"},"north":{"uv":[3.5,2,4.5,4.608],"texture":"#texture"},"south":{"uv":[3.5,2,4,4.608],"texture":"#texture"},"west":{"uv":[3.5,2,7.5,2.559999],"texture":"#texture"},"east":{"uv":[3.5,2,7,4.953845],"texture":"#texture"}}},{"from":[1.3756,12.5906,-1.9994],"to":[2.8756,13.5906,18.0006],"rotation":{"origin":[1.375,12.59,-2],"axis":"z","angle":22.5},"faces":{"down":{"uv":[3.5,2,7,4.953845],"texture":"#texture"},"up":{"uv":[2.5,2.048,8,2.559999],"texture":"#texture","rotation":270},"north":{"uv":[3.5,2,5,4.096001],"texture":"#texture"},"south":{"uv":[3.5,2,5,4.608],"texture":"#texture"},"west":{"uv":[3.5,2,5.5,4.608],"texture":"#texture"},"east":{"uv":[5,10.5,8,11],"texture":"#texture"}}},{"from":[13.25,13.0993,-1.9998],"to":[14.75,14.0993,18.00021],"rotation":{"origin":[13.25,13.1,-2],"axis":"z","angle":-22.5},"faces":{"down":{"uv":[3.5,2,4,4.608],"texture":"#texture"},"up":{"uv":[3.5,2,4,4.608],"texture":"#texture"},"north":{"uv":[3.5,2,7,4.953845],"texture":"#texture"},"south":{"uv":[3.5,2,4.5,4.608],"texture":"#texture"},"west":{"uv":[5,10.5,8,11],"texture":"#texture"},"east":{"uv":[3.5,2,4.5,4.608],"texture":"#texture"}}},{"from":[16.1251,10.3745,-2.001],"to":[17.1251,11.3745,17.999],"rotation":{"origin":[16.125,10.375,-2],"axis":"z","angle":22.5},"faces":{"down":{"uv":[3.5,2,7,4.953845],"texture":"#texture"},"up":{"uv":[3.5,2,7,4.953845],"texture":"#texture"},"north":{"uv":[3.5,2,7.5,3.072001],"texture":"#texture"},"south":{"uv":[3.5,2,7,3.584],"texture":"#texture"},"west":{"uv":[3.5,2,4,5.12],"texture":"#texture"},"east":{"uv":[3,3.072001,7,3.632],"texture":"#texture"}}},{"from":[-1.1244,10.8758,-1.9994],"to":[-0.1243997,11.8758,18.0006],"rotation":{"origin":[-1.125,10.875,-2],"axis":"z","angle":-22.5},"faces":{"down":{"uv":[3.5,2,7,4.953845],"texture":"#texture"},"up":{"uv":[3.5,2,7,4.953845],"texture":"#texture"},"north":{"uv":[3.5,2,7,4.953845],"texture":"#texture"},"south":{"uv":[3.5,2,7,4.953845],"texture":"#texture"},"west":{"uv":[3,2.048,8,2.559999],"texture":"#texture"},"east":{"uv":[3.5,2,7,4.953845],"texture":"#texture"}}},{"from":[15.5003,0.0006,-2.0001],"to":[17.0003,11.0006,17.9999],"faces":{"down":{"uv":[3.5,2,7,4.953845],"texture":"#texture"},"up":{"uv":[3.5,2,7,4.953845],"texture":"#texture"},"north":{"uv":[3.5,2,7,4.953845],"texture":"#texture"},"south":{"uv":[3.5,2,7,4.953845],"texture":"#texture"},"west":{"uv":[3.5,2,7,4.953845],"texture":"#texture"},"east":{"uv":[3.5,2,7,4.953845],"texture":"#texture"}}},{"from":[-1.0002,0.0005,-1.9992],"to":[0.4998,11.0005,18.0008],"faces":{"down":{"uv":[3.5,2,7,4.953845],"texture":"#texture"},"up":{"uv":[3.5,2,7,4.953845],"texture":"#texture"},"north":{"uv":[3.5,2,7,4.953845],"texture":"#texture"},"south":{"uv":[3.5,2,7,4.953845],"texture":"#texture"},"west":{"uv":[3.5,2,7,4.953845],"texture":"#texture"},"east":{"uv":[3.5,2,7,4.953845],"texture":"#texture"}}},{"from":[-0.9998,-0.0003,17.9999],"to":[17.0002,12.4997,18.9999],"faces":{"down":{"uv":[4.5,2.048,5,4.608],"texture":"#texture"},"up":{"uv":[4.5,2.048,5,4.608],"texture":"#texture"},"north":{"uv":[3.5,2,7,4.953845],"texture":"#texture"},"south":{"uv":[0,2,4,5],"texture":"#texture"},"west":{"uv":[4.5,2.048,5,4.608],"texture":"#texture"},"east":{"uv":[4.5,2.048,5,4.608],"texture":"#texture"}}},{"from":[-0.9998,12.5001,18.9994],"to":[0.0002002716,14.0001,19.9994],"rotation":{"origin":[-1,12.5,19],"axis":"z","angle":-22.5},"faces":{"down":{"uv":[3.5,2,4,3.072001],"texture":"#texture"},"up":{"uv":[3.5,2,4,3.072001],"texture":"#texture"},"north":{"uv":[3.5,2,4,3.072001],"texture":"#texture"},"south":{"uv":[3.5,2,4,3.072001],"texture":"#texture"},"west":{"uv":[3.5,2,4,3.072001],"texture":"#texture"},"east":{"uv":[3.5,2,4,3.072001],"texture":"#texture"}}},{"from":[15.6249,11.8752,18.9991],"to":[17.1249,13.3752,19.9991],"rotation":{"origin":[15.625,11.875,19],"axis":"z","angle":22.5},"faces":{"down":{"uv":[3.5,2,4,3.072001],"texture":"#texture"},"up":{"uv":[3.5,2,4,3.072001],"texture":"#texture"},"north":{"uv":[3.5,2,4,3.072001],"texture":"#texture"},"south":{"uv":[3.5,2,4,3.072001],"texture":"#texture"},"west":{"uv":[3.5,2,4,3.072001],"texture":"#texture"},"east":{"uv":[3.5,2,4,3.072001],"texture":"#texture"}}},{"from":[-0.3758,13.9993,18.9995],"to":[0.6242,16.4993,19.9995],"rotation":{"origin":[-0.375,14,19],"axis":"z","angle":-22.5},"faces":{"down":{"uv":[3.5,2,4,3.072001],"texture":"#texture"},"up":{"uv":[3.5,2,4,3.072001],"texture":"#texture"},"north":{"uv":[3.5,2,4,3.072001],"texture":"#texture"},"south":{"uv":[3.5,2,4,3.072001],"texture":"#texture"},"west":{"uv":[3.5,2,4,3.072001],"texture":"#texture"},"east":{"uv":[3.5,2,4,3.072001],"texture":"#texture"}}},{"from":[15.7505,13.1241,19.0006],"to":[16.7505,14.6241,20.0006],"rotation":{"origin":[15.75,13.125,19],"axis":"z","angle":45},"faces":{"down":{"uv":[3.5,2,4,3.072001],"texture":"#texture"},"up":{"uv":[3.5,2,4,3.072001],"texture":"#texture"},"north":{"uv":[3.5,2,4,3.072001],"texture":"#texture"},"south":{"uv":[3.5,2,4,3.072001],"texture":"#texture"},"west":{"uv":[3.5,2,4,3.072001],"texture":"#texture"},"east":{"uv":[3.5,2,4,3.072001],"texture":"#texture"}}},{"from":[-0.1257,12.5008,18.9994],"to":[15.8743,14.0008,19.9994],"faces":{"down":{"uv":[3.5,2.048,7,2.559999],"texture":"#texture"},"up":{"uv":[3.5,2.048,7,2.559999],"texture":"#texture"},"north":{"uv":[3.5,2.048,7,2.559999],"texture":"#texture"},"south":{"uv":[3.5,2.048,7,2.559999],"texture":"#texture"},"west":{"uv":[3.5,2.048,7,2.559999],"texture":"#texture"},"east":{"uv":[3.5,2.048,7,2.559999],"texture":"#texture"}}},{"from":[0.7504,13.8756,18.9998],"to":[15.3904,14.8756,19.9998],"faces":{"down":{"uv":[3.5,2,7.5,3.072001],"texture":"#texture"},"up":{"uv":[3.5,2,7,4.953845],"texture":"#texture"},"north":{"uv":[3.5,2,7,3.072001],"texture":"#texture"},"south":{"uv":[3.5,3.072001,7.5,3.584],"texture":"#texture"},"west":{"uv":[3.5,2,7,4.953845],"texture":"#texture"},"east":{"uv":[3.5,2,7,4.953845],"texture":"#texture"}}},{"from":[-0.9994,0.0007,-3.0002],"to":[17.0006,12.5007,-2.0002],"faces":{"down":{"uv":[4.5,2.048,5,4.608],"texture":"#texture"},"up":{"uv":[4.5,2.048,5,4.608],"texture":"#texture"},"north":{"uv":[0,2,4,5],"texture":"#texture"},"south":{"uv":[3.5,2,7,4.953845],"texture":"#texture"},"west":{"uv":[4.5,2.048,5,4.608],"texture":"#texture"},"east":{"uv":[4.5,2.048,5,4.608],"texture":"#texture"}}},{"from":[-0.9999,12.4994,-2.9995],"to":[0.0001000166,13.9994,-1.9995],"rotation":{"origin":[-1,12.5,-3],"axis":"z","angle":-22.5},"faces":{"down":{"uv":[3.5,2,4,3.072001],"texture":"#texture"},"up":{"uv":[3.5,2,4,3.072001],"texture":"#texture"},"north":{"uv":[3.5,2,4,3.072001],"texture":"#texture"},"south":{"uv":[3.5,2,4,3.072001],"texture":"#texture"},"west":{"uv":[3.5,2,4,3.072001],"texture":"#texture"},"east":{"uv":[3.5,2,4,3.072001],"texture":"#texture"}}},{"from":[15.6243,11.8742,-2.9999],"to":[17.1243,13.3742,-1.9999],"rotation":{"origin":[15.625,11.875,-3],"axis":"z","angle":22.5},"faces":{"down":{"uv":[3.5,2,4,3.072001],"texture":"#texture"},"up":{"uv":[3.5,2,4,3.072001],"texture":"#texture"},"north":{"uv":[3.5,2,4,3.072001],"texture":"#texture"},"south":{"uv":[3.5,2,4,3.072001],"texture":"#texture"},"west":{"uv":[3.5,2,4,3.072001],"texture":"#texture"},"east":{"uv":[3.5,2,4,3.072001],"texture":"#texture"}}},{"from":[-0.3745,13.8751,-3.0001],"to":[0.6255,15.3751,-2.0001],"rotation":{"origin":[-0.375,13.875,-3],"axis":"z","angle":-45},"faces":{"down":{"uv":[3.5,2,4,3.072001],"texture":"#texture"},"up":{"uv":[3.5,2,4,3.072001],"texture":"#texture"},"north":{"uv":[3.5,2,4,3.072001],"texture":"#texture"},"south":{"uv":[3.5,2,4,3.072001],"texture":"#texture"},"west":{"uv":[3.5,2,4,3.072001],"texture":"#texture"},"east":{"uv":[3.5,2,4,3.072001],"texture":"#texture"}}},{"from":[15.7496,13.1255,-2.9992],"to":[16.7496,14.6255,-1.9992],"rotation":{"origin":[15.75,13.125,-3],"axis":"z","angle":45},"faces":{"down":{"uv":[3.5,2,4,3.072001],"texture":"#texture"},"up":{"uv":[3.5,2,4,3.072001],"texture":"#texture"},"north":{"uv":[3.5,2,4,3.072001],"texture":"#texture"},"south":{"uv":[3.5,2,4,3.072001],"texture":"#texture"},"west":{"uv":[3.5,2,4,3.072001],"texture":"#texture"},"east":{"uv":[3.5,2,4,3.072001],"texture":"#texture"}}},{"from":[-0.1248,12.4995,-2.9993],"to":[15.8752,13.9995,-1.9993],"faces":{"down":{"uv":[3.5,2,7,4.953845],"texture":"#texture"},"up":{"uv":[3.5,2,7,4.953845],"texture":"#texture"},"north":{"uv":[3.5,2,7,4.953845],"texture":"#texture"},"south":{"uv":[3.5,2,7,4.953845],"texture":"#texture"},"west":{"uv":[3.5,2,7,4.953845],"texture":"#texture"},"east":{"uv":[3.5,2,7,4.953845],"texture":"#texture"}}},{"from":[0.7499,13.8749,-2.9993],"to":[15.3899,14.8749,-1.9993],"faces":{"down":{"uv":[3.5,2,7,2.559999],"texture":"#texture"},"up":{"uv":[3.5,2,7,2.559999],"texture":"#texture"},"north":{"uv":[3.5,2,7,2.559999],"texture":"#texture"},"south":{"uv":[3.5,2,7,2.559999],"texture":"#texture"},"west":{"uv":[3.5,2,7,2.559999],"texture":"#texture"},"east":{"uv":[3.5,2,7,2.559999],"texture":"#texture"}}},{"from":[1.0002,14.0003,19.0007],"to":[15.0002,16.5003,20.0007],"faces":{"down":{"uv":[3.5,2,7,2.559999],"texture":"#texture"},"up":{"uv":[3.5,2,7,2.559999],"texture":"#texture"},"north":{"uv":[3.5,2,7,2.559999],"texture":"#texture"},"south":{"uv":[3.5,2,7,2.559999],"texture":"#texture"},"west":{"uv":[3.5,2,7,2.559999],"texture":"#texture"},"east":{"uv":[3.5,2,7,2.559999],"texture":"#texture"}}},{"from":[-0.5004,13.7506,18.9999],"to":[-0.0004000068,16.7506,19.9999],"rotation":{"origin":[-0.5,13.75,19],"axis":"z","angle":-22.5},"faces":{"down":{"uv":[3.5,2,4,3.072001],"texture":"#texture"},"up":{"uv":[3.5,2,4,3.072001],"texture":"#texture"},"north":{"uv":[3.5,2,4,3.072001],"texture":"#texture"},"south":{"uv":[3.5,2,4,3.072001],"texture":"#texture"},"west":{"uv":[3.5,2,4,3.072001],"texture":"#texture"},"east":{"uv":[3.5,2,4,3.072001],"texture":"#texture"}}},{"from":[15.3755,13.4992,19],"to":[16.3755,15.9992,20],"rotation":{"origin":[15.375,13.5,19],"axis":"z","angle":22.5},"faces":{"down":{"uv":[3.5,2,4,3.072001],"texture":"#texture"},"up":{"uv":[3.5,2,4,3.072001],"texture":"#texture"},"north":{"uv":[3.5,2,4,3.072001],"texture":"#texture"},"south":{"uv":[3.5,2,4,3.072001],"texture":"#texture"},"west":{"uv":[3.5,2,4,3.072001],"texture":"#texture"},"east":{"uv":[3.5,2,4,3.072001],"texture":"#texture"}}},{"from":[15.8542,13.5954,19.0009],"to":[16.3542,16.5954,20.0009],"rotation":{"origin":[15.875,13.875,19],"axis":"z","angle":22.5},"faces":{"down":{"uv":[3.5,2,4,3.072001],"texture":"#texture"},"up":{"uv":[3.5,2,4,3.072001],"texture":"#texture"},"north":{"uv":[3.5,2,4,3.072001],"texture":"#texture"},"south":{"uv":[3.5,2,4,3.072001],"texture":"#texture"},"west":{"uv":[3.5,2,4,3.072001],"texture":"#texture"},"east":{"uv":[3.5,2,4,3.072001],"texture":"#texture"}}},{"from":[13.6254,15.8744,19.0007],"to":[14.6254,16.8744,20.0007],"rotation":{"origin":[14.625,15.875,19],"axis":"z","angle":-45},"faces":{"down":{"uv":[3.5,2,4,3.072001],"texture":"#texture"},"up":{"uv":[3.5,2,4,3.072001],"texture":"#texture"},"north":{"uv":[3.5,2,4,3.072001],"texture":"#texture"},"south":{"uv":[3.5,2,4,3.072001],"texture":"#texture"},"west":{"uv":[3.5,2,4,3.072001],"texture":"#texture"},"east":{"uv":[3.5,2,4,3.072001],"texture":"#texture"}}},{"from":[0.3756,15.8746,18.9997],"to":[1.3756,16.8746,19.9997],"rotation":{"origin":[1.375,15.875,19],"axis":"z","angle":-45},"faces":{"down":{"uv":[3.5,2,4,3.072001],"texture":"#texture"},"up":{"uv":[3.5,2,4,3.072001],"texture":"#texture"},"north":{"uv":[3.5,2,4,3.072001],"texture":"#texture"},"south":{"uv":[3.5,2,4,3.072001],"texture":"#texture"},"west":{"uv":[3.5,2,4,3.072001],"texture":"#texture"},"east":{"uv":[3.5,2,4,3.072001],"texture":"#texture"}}},{"from":[1.3742,16.2502,19.0003],"to":[14.8742,17.2502,20.0003],"faces":{"down":{"uv":[3.5,2,7,2.559999],"texture":"#texture"},"up":{"uv":[3.5,2,7,2.559999],"texture":"#texture"},"north":{"uv":[3.5,2,7,2.559999],"texture":"#texture"},"south":{"uv":[3.5,2,7,2.559999],"texture":"#texture"},"west":{"uv":[3.5,2,7,2.559999],"texture":"#texture"},"east":{"uv":[3.5,2,7,2.559999],"texture":"#texture"}}},{"from":[2.3759,12.9993,16.9996],"to":[13.61589,13.9993,17.9996],"faces":{"down":{"uv":[3.5,2,7,4.953845],"texture":"#texture"},"up":{"uv":[3.5,2,7,4.953845],"texture":"#texture"},"north":{"uv":[5,10.5,8,11],"texture":"#texture"},"south":{"uv":[3.5,2,7,4.953845],"texture":"#texture"},"west":{"uv":[3.5,2,7,4.953845],"texture":"#texture"},"east":{"uv":[3.5,2,7,4.953845],"texture":"#texture"}}},{"from":[2.3755,13.0791,-2.0007],"to":[13.6155,14.0791,-1.0007],"faces":{"down":{"uv":[3.5,2,7,4.953845],"texture":"#texture"},"up":{"uv":[3.5,2,7,4.953845],"texture":"#texture"},"north":{"uv":[3.5,2,7,4.953845],"texture":"#texture"},"south":{"uv":[5,10.5,8,11],"texture":"#texture"},"west":{"uv":[4,2.5,7,3],"texture":"#texture"},"east":{"uv":[3.5,2,7,4.953845],"texture":"#texture"}}},{"from":[15.625,11.8753,-4.0001],"to":[17.125,13.3753,-3.0001],"rotation":{"origin":[15.625,11.875,-4],"axis":"z","angle":22.5},"faces":{"down":{"uv":[3.5,2,4,3.072001],"texture":"#texture"},"up":{"uv":[3.5,2,4,3.072001],"texture":"#texture"},"north":{"uv":[3.5,2,4,3.072001],"texture":"#texture"},"south":{"uv":[3.5,2,4,3.072001],"texture":"#texture"},"west":{"uv":[3.5,2,4,3.072001],"texture":"#texture"},"east":{"uv":[3.5,2,4,3.072001],"texture":"#texture"}}},{"from":[15.7497,13.1248,-4.0002],"to":[16.7497,14.6248,-3.0002],"rotation":{"origin":[15.75,13.125,-4],"axis":"z","angle":45},"faces":{"down":{"uv":[3.5,2,4,3.072001],"texture":"#texture"},"up":{"uv":[3.5,2,4,3.072001],"texture":"#texture"},"north":{"uv":[3.5,2,4,3.072001],"texture":"#texture"},"south":{"uv":[3.5,2,4,3.072001],"texture":"#texture"},"west":{"uv":[3.5,2,4,3.072001],"texture":"#texture"},"east":{"uv":[3.5,2,4,3.072001],"texture":"#texture"}}},{"from":[-0.1244,12.501,-3.9991],"to":[15.8756,14.001,-2.9991],"faces":{"down":{"uv":[3.5,2,7,2.559999],"texture":"#texture"},"up":{"uv":[3.5,2,7,2.559999],"texture":"#texture"},"north":{"uv":[3.5,2,7,2.559999],"texture":"#texture"},"south":{"uv":[3.5,2,7,2.559999],"texture":"#texture"},"west":{"uv":[3.5,2,7,2.559999],"texture":"#texture"},"east":{"uv":[3.5,2,7,2.559999],"texture":"#texture"}}},{"from":[0.7496,13.8756,-3.9994],"to":[15.3896,14.8756,-2.9994],"faces":{"down":{"uv":[3.5,2,7,2.559999],"texture":"#texture"},"up":{"uv":[3.5,2,7,2.559999],"texture":"#texture"},"north":{"uv":[3.5,2,7,2.559999],"texture":"#texture"},"south":{"uv":[3.5,2,7,2.559999],"texture":"#texture"},"west":{"uv":[3.5,2,7,2.559999],"texture":"#texture"},"east":{"uv":[3.5,2,7,2.559999],"texture":"#texture"}}},{"from":[-0.9992,12.4994,-3.9995],"to":[0.0008000135,13.9994,-2.9995],"rotation":{"origin":[-1,12.5,-4],"axis":"z","angle":-22.5},"faces":{"down":{"uv":[3.5,2,4,3.072001],"texture":"#texture"},"up":{"uv":[3.5,2,4,3.072001],"texture":"#texture"},"north":{"uv":[3.5,2,4,3.072001],"texture":"#texture"},"south":{"uv":[3.5,2,4,3.072001],"texture":"#texture"},"west":{"uv":[3.5,2,4,3.072001],"texture":"#texture"},"east":{"uv":[3.5,2,4,3.072001],"texture":"#texture"}}},{"from":[-0.374,13.874,-4],"to":[0.626,15.374,-3],"rotation":{"origin":[-0.375,13.875,-4],"axis":"z","angle":-45},"faces":{"down":{"uv":[3.5,2,4,3.072001],"texture":"#texture"},"up":{"uv":[3.5,2,4,3.072001],"texture":"#texture"},"north":{"uv":[3.5,2,4,3.072001],"texture":"#texture"},"south":{"uv":[3.5,2,4,3.072001],"texture":"#texture"},"west":{"uv":[3.5,2,4,3.072001],"texture":"#texture"},"east":{"uv":[3.5,2,4,3.072001],"texture":"#texture"}}},{"from":[15.4999,0.0009,-3.9996],"to":[16.9999,12.5009,-2.9996],"faces":{"down":{"uv":[3.5,2,4,2.559999],"texture":"#texture"},"up":{"uv":[3.5,2,4,2.559999],"texture":"#texture"},"north":{"uv":[3.5,2,4,4.608],"texture":"#texture"},"south":{"uv":[3.5,2,4,4.608],"texture":"#texture"},"west":{"uv":[3.5,2,4,4.608],"texture":"#texture"},"east":{"uv":[3.5,2,4,4.608],"texture":"#texture"}}},{"from":[15.6247,11.875,18.0006],"to":[17.1247,13.375,19.0006],"rotation":{"origin":[15.625,11.875,18],"axis":"z","angle":22.5},"faces":{"down":{"uv":[3.5,2,7,4.953845],"texture":"#texture"},"up":{"uv":[3.5,2,7,4.953845],"texture":"#texture"},"north":{"uv":[3.5,2,7,4.953845],"texture":"#texture"},"south":{"uv":[3.5,2,7,4.953845],"texture":"#texture"},"west":{"uv":[3.5,2,7,4.953845],"texture":"#texture"},"east":{"uv":[3.5,2,7,4.953845],"texture":"#texture"}}},{"from":[15.8557,13.597,18.0002],"to":[16.3557,16.597,19.0002],"rotation":{"origin":[15.875,13.875,18],"axis":"z","angle":22.5},"faces":{"down":{"uv":[3.5,2,4,3.072001],"texture":"#texture"},"up":{"uv":[3.5,2,4,3.072001],"texture":"#texture"},"north":{"uv":[3.5,2,4,3.072001],"texture":"#texture"},"south":{"uv":[3.5,2,4,3.072001],"texture":"#texture"},"west":{"uv":[3.5,2,4,3.072001],"texture":"#texture"},"east":{"uv":[3.5,2,4,3.072001],"texture":"#texture"}}},{"from":[15.3754,13.4995,18.0006],"to":[16.3754,15.9995,19.0006],"rotation":{"origin":[15.375,13.5,18],"axis":"z","angle":22.5},"faces":{"down":{"uv":[3.5,2,7,4.953845],"texture":"#texture"},"up":{"uv":[3.5,2,7,4.953845],"texture":"#texture"},"north":{"uv":[3.5,2,7,4.953845],"texture":"#texture"},"south":{"uv":[3.5,2,7,4.953845],"texture":"#texture"},"west":{"uv":[3.5,2,7,4.953845],"texture":"#texture"},"east":{"uv":[3.5,2,7,4.953845],"texture":"#texture"}}},{"from":[15.7501,13.1255,18.0005],"to":[16.75009,14.6255,19.0005],"rotation":{"origin":[15.75,13.125,18],"axis":"z","angle":45},"faces":{"down":{"uv":[3.5,2,7,4.953845],"texture":"#texture"},"up":{"uv":[3.5,2,7,4.953845],"texture":"#texture"},"north":{"uv":[3.5,2,7,4.953845],"texture":"#texture"},"south":{"uv":[3.5,2,7,4.953845],"texture":"#texture"},"west":{"uv":[3.5,2,7,4.953845],"texture":"#texture"},"east":{"uv":[3.5,2,7,4.953845],"texture":"#texture"}}},{"from":[1.374,16.2499,18.0005],"to":[14.874,17.2499,19.0005],"faces":{"down":{"uv":[3.5,2,7,2.559999],"texture":"#texture"},"up":{"uv":[3.5,2,7,2.559999],"texture":"#texture"},"north":{"uv":[3.5,2,7,2.559999],"texture":"#texture"},"south":{"uv":[3.5,2,7,2.559999],"texture":"#texture"},"west":{"uv":[3.5,2,7,2.559999],"texture":"#texture"},"east":{"uv":[3.5,2,7,2.559999],"texture":"#texture"}}},{"from":[13.6253,15.8741,17.9994],"to":[14.6253,16.8741,18.9994],"rotation":{"origin":[14.625,15.875,18],"axis":"z","angle":-45},"faces":{"down":{"uv":[3.5,2,4,3.072001],"texture":"#texture"},"up":{"uv":[3.5,2,4,3.072001],"texture":"#texture"},"north":{"uv":[3.5,2,4,3.072001],"texture":"#texture"},"south":{"uv":[3.5,2,4,3.072001],"texture":"#texture"},"west":{"uv":[3.5,2,4,3.072001],"texture":"#texture"},"east":{"uv":[3.5,2,4,3.072001],"texture":"#texture"}}},{"from":[0.3756,15.8745,17.9995],"to":[1.3756,16.87449,18.9995],"rotation":{"origin":[1.375,15.875,18],"axis":"z","angle":-45},"faces":{"down":{"uv":[3.5,2,4,3.072001],"texture":"#texture"},"up":{"uv":[3.5,2,4,3.072001],"texture":"#texture"},"north":{"uv":[3.5,2,4,3.072001],"texture":"#texture"},"south":{"uv":[3.5,2,4,3.072001],"texture":"#texture"},"west":{"uv":[3.5,2,4,3.072001],"texture":"#texture"},"east":{"uv":[3.5,2,4,3.072001],"texture":"#texture"}}},{"from":[-0.5005,13.7503,18.0005],"to":[-0.0004997849,16.7503,19.0005],"rotation":{"origin":[-0.5,13.75,18],"axis":"z","angle":-22.5},"faces":{"down":{"uv":[3.5,2,4,3.072001],"texture":"#texture"},"up":{"uv":[3.5,2,4,3.072001],"texture":"#texture"},"north":{"uv":[3.5,2,4,3.072001],"texture":"#texture"},"south":{"uv":[3.5,2,4,3.072001],"texture":"#texture"},"west":{"uv":[3.5,2,4,3.072001],"texture":"#texture"},"east":{"uv":[3.5,2,4,3.072001],"texture":"#texture"}}},{"from":[-0.3755,13.9999,18.0006],"to":[0.6245,16.4999,19.0006],"rotation":{"origin":[-0.375,14,18],"axis":"z","angle":-22.5},"faces":{"down":{"uv":[3.5,2,7,4.953845],"texture":"#texture"},"up":{"uv":[3.5,2,7,4.953845],"texture":"#texture"},"north":{"uv":[3.5,2,7,4.953845],"texture":"#texture"},"south":{"uv":[3.5,2,7,4.953845],"texture":"#texture"},"west":{"uv":[3.5,2,7,4.953845],"texture":"#texture"},"east":{"uv":[3.5,2,7,4.953845],"texture":"#texture"}}},{"from":[-1.0002,12.5009,18.0001],"to":[-0.0001996756,14.0009,19.0001],"rotation":{"origin":[-1,12.5,18],"axis":"z","angle":-22.5},"faces":{"down":{"uv":[3.5,2,4,3.072001],"texture":"#texture"},"up":{"uv":[3.5,2,4,3.072001],"texture":"#texture"},"north":{"uv":[3.5,2,4,3.072001],"texture":"#texture"},"south":{"uv":[3.5,2,4,3.072001],"texture":"#texture"},"west":{"uv":[3.5,2,4,3.072001],"texture":"#texture"},"east":{"uv":[3.5,2,4,3.072001],"texture":"#texture"}}},{"from":[1.0002,14.001,17.8755],"to":[15.0002,16.501,18.8755],"faces":{"down":{"uv":[5,2,8,3.5],"texture":"#texture"},"up":{"uv":[5,2,8,3.5],"texture":"#texture"},"north":{"uv":[7.5,4.096001,9.5,4.608],"texture":"#texture"},"south":{"uv":[7.5,3.584002,9.5,4.608],"texture":"#texture"},"west":{"uv":[5,2,8,3.5],"texture":"#texture"},"east":{"uv":[5,2,8,3.5],"texture":"#texture"}}},{"from":[0.7496,13.8757,17.9997],"to":[15.3896,14.8757,18.9997],"faces":{"down":{"uv":[3.5,2,7,4.953845],"texture":"#texture"},"up":{"uv":[3.5,2,7,4.953845],"texture":"#texture"},"north":{"uv":[3.5,2,7,4.953845],"texture":"#texture"},"south":{"uv":[3.5,2,7,4.953845],"texture":"#texture"},"west":{"uv":[3.5,2,7,4.953845],"texture":"#texture"},"east":{"uv":[3.5,2,7,4.953845],"texture":"#texture"}}},{"from":[-0.1257,12.5,17.9999],"to":[15.8743,14,18.9999],"faces":{"down":{"uv":[3.5,2,7,4.953845],"texture":"#texture"},"up":{"uv":[3.5,2,7,4.953845],"texture":"#texture"},"north":{"uv":[3.5,2,7,4.953845],"texture":"#texture"},"south":{"uv":[3.5,2,7,4.953845],"texture":"#texture"},"west":{"uv":[3.5,2,7,4.953845],"texture":"#texture"},"east":{"uv":[3.5,2,7,4.953845],"texture":"#texture"}}},{"from":[15.4992,-0.0001,18.9992],"to":[16.9992,12.4999,19.9992],"faces":{"down":{"uv":[3.5,2,4,2.559999],"texture":"#texture"},"up":{"uv":[3.5,2,4,2.559999],"texture":"#texture"},"north":{"uv":[3.5,2,4,4.608],"texture":"#texture"},"south":{"uv":[3.5,2,4,4.608],"texture":"#texture"},"west":{"uv":[3.5,2,4,4.608],"texture":"#texture"},"east":{"uv":[3.5,2,4,4.608],"texture":"#texture"}}},{"from":[-1.0005,0.0004,18.9991],"to":[0.4994998,12.5004,19.9991],"faces":{"down":{"uv":[3.5,2,4,2.559999],"texture":"#texture"},"up":{"uv":[3.5,2,4,2.559999],"texture":"#texture"},"north":{"uv":[3.5,2,4,4.608],"texture":"#texture"},"south":{"uv":[3.5,2,4,4.608],"texture":"#texture"},"west":{"uv":[3.5,2,4,4.608],"texture":"#texture"},"east":{"uv":[3.5,2,4,4.608],"texture":"#texture"}}},{"from":[-1,0,-4.0001],"to":[0.5000002,12.5,-3.0001],"faces":{"down":{"uv":[3.5,2,4,2.559999],"texture":"#texture"},"up":{"uv":[3.5,2,4,2.559999],"texture":"#texture"},"north":{"uv":[3.5,2,4,4.608],"texture":"#texture"},"south":{"uv":[3.5,2,4,4.608],"texture":"#texture"},"west":{"uv":[3.5,2,4,4.608],"texture":"#texture"},"east":{"uv":[3.5,2,4,4.608],"texture":"#texture"}}}],"display":{"thirdperson_righthand":{"rotation":[43,-180,0],"translation":[0,-1.391,0],"scale":[0.3,0.3,0.3]},"thirdperson_lefthand":{"rotation":[43,-180,0],"translation":[0,-1.391,0],"scale":[0.3,0.3,0.3]},"firstperson_righthand":{"rotation":[0,5,0],"translation":[0,2.7829,0],"scale":[0.3,0.3,0.3]},"firstperson_lefthand":{"rotation":[0,5,0],"translation":[0,2.7829,0],"scale":[0.3,0.3,0.3]},"gui":{"rotation":[30,150,0],"translation":[0,0.0006,0],"scale":[0.5,0.5,0.5]},"head":{"rotation":[-30,0,0],"translation":[0,-24,-10.43],"scale":[4,4,4]},"ground":{"translation":[0,2.0869,0]}}}