{"textures":{"texture":"gameitems/customblocks/pc-machine","pokeball":"gameitems/customblocks/pokeball","keyboard":"gameitems/customblocks/keyboard"},"elements":[{"from":[0.525,-1,-0.5],"to":[17.125,13.5,16.4],"faces":{"down":{"uv":[0,10.5,0,10.5],"texture":"#texture","rotation":270},"up":{"uv":[5,11.5,7,13.5],"texture":"#texture","rotation":90},"north":{"uv":[5,11.5,7,13.5],"texture":"#texture"},"south":{"uv":[5,11.5,7,13.5],"texture":"#texture"},"west":{"uv":[5,11.5,7,13.5],"texture":"#texture"},"east":{"uv":[5,11.5,7,13.5],"texture":"#texture"}}},{"from":[5.3791,-1,11.2451],"to":[6.8791,13.5,13.7451],"rotation":{"origin":[17.125,-1,-0.5],"axis":"y","angle":-45},"faces":{"down":{"uv":[0,10.5,0,11],"texture":"#texture"},"up":{"uv":[5,11.5,7,13.5],"texture":"#texture"},"north":{"uv":[5,11.5,7,13.5],"texture":"#texture"},"south":{"uv":[5,11.5,7,13.5],"texture":"#texture"},"west":{"uv":[5,11.5,7,13.5],"texture":"#texture"},"east":{"uv":[5,11.5,7,13.5],"texture":"#texture"}}},{"from":[-1.3998,-1,1.176],"to":[0.6002001,13.5,14.676],"faces":{"down":{"uv":[0,10.5,0,11],"texture":"#texture","rotation":270},"up":{"uv":[5,11.5,7,13.5],"texture":"#texture","rotation":90},"north":{"uv":[5,11.5,7,13.5],"texture":"#texture"},"south":{"uv":[5,11.5,7,13.5],"texture":"#texture"},"west":{"uv":[5,11.5,7,13.5],"texture":"#texture"},"east":{"uv":[5,11.5,7,13.5],"texture":"#texture"}}},{"from":[3.125,13.5,-0.5],"to":[17.125,25.5,16.4],"faces":{"down":{"uv":[5,11.5,7,13.5],"texture":"#texture","rotation":270},"up":{"uv":[5,11.5,7,13.5],"texture":"#texture","rotation":90},"north":{"uv":[5,11.5,7,13.5],"texture":"#texture"},"south":{"uv":[5,11.5,7,13.5],"texture":"#texture"},"west":{"uv":[0,0,16,10],"texture":"#texture"},"east":{"uv":[5,11.5,7,13.5],"texture":"#texture"}}},{"from":[-1.45,11.25,1.375],"to":[-0.2499992,14.25,14.575],"rotation":{"origin":[-0.25,11.25,1.375],"axis":"z","angle":45},"faces":{"down":{"uv":[5,11.5,7,13.5],"texture":"#texture","rotation":270},"up":{"uv":[5,11.5,7,13.5],"texture":"#texture","rotation":90},"north":{"uv":[5,11.5,7,13.5],"texture":"#texture"},"south":{"uv":[5,11.5,7,13.5],"texture":"#texture"},"west":{"uv":[5,11.5,7,13.5],"texture":"#texture"},"east":{"uv":[5,11.5,7,13.5],"texture":"#texture"}}},{"from":[-3.275,12.3,1.3011],"to":[-0.8750002,13.5,14.5011],"faces":{"down":{"uv":[5,11.5,7,13.5],"texture":"#texture","rotation":270},"up":{"uv":[5,11.5,7,13.5],"texture":"#texture","rotation":90},"north":{"uv":[5,11.5,7,13.5],"texture":"#texture"},"south":{"uv":[5,11.5,7,13.5],"texture":"#texture"},"west":{"uv":[5,11.5,7,13.5],"texture":"#texture"},"east":{"uv":[5,11.5,7,13.5],"texture":"#texture"}}},{"from":[1.625,27.75,14],"to":[17.125,30.25,15.5],"rotation":{"origin":[1.625,27.75,15.5],"axis":"x","angle":-45},"faces":{"down":{"uv":[5,11.5,7,13.5],"texture":"#texture","rotation":90},"up":{"uv":[5,11.5,7,13.5],"texture":"#texture","rotation":270},"north":{"uv":[10,11.5,12,13.5],"texture":"#texture"},"south":{"uv":[5,11.5,7,13.5],"texture":"#texture"},"west":{"uv":[5,11.5,7,13.5],"texture":"#texture"},"east":{"uv":[5,11.5,7,13.5],"texture":"#texture"}}},{"from":[-6.5636,-1,-2.8221],"to":[-5.0636,13.5,-0.3220999],"rotation":{"origin":[17.125,-1,-0.5],"axis":"y","angle":45},"faces":{"down":{"uv":[0,10.5,0,11],"texture":"#texture","rotation":180},"up":{"uv":[5,11.5,7,13.5],"texture":"#texture","rotation":180},"north":{"uv":[5,11.5,7,13.5],"texture":"#texture"},"south":{"uv":[5,11.5,7,13.5],"texture":"#texture"},"west":{"uv":[5,11.5,7,13.5],"texture":"#texture"},"east":{"uv":[5,11.5,7,13.5],"texture":"#texture"}}},{"from":[1.625,25.5,14.875],"to":[17.125,28,16.375],"rotation":{"origin":[1.625,25.5,16.375],"axis":"x","angle":-22.5},"faces":{"down":{"uv":[5,11.5,7,13.5],"texture":"#texture","rotation":90},"up":{"uv":[5,11.5,7,13.5],"texture":"#texture","rotation":270},"north":{"uv":[10,11.5,12,13.5],"texture":"#texture"},"south":{"uv":[5,11.5,7,13.5],"texture":"#texture"},"west":{"uv":[5,11.5,7,13.5],"texture":"#texture"},"east":{"uv":[5,11.5,7,13.5],"texture":"#texture"}}},{"from":[1.6252,28,2.25],"to":[17.1252,29.5,13.75],"faces":{"down":{"uv":[9.500001,11.5,11.5,13.5],"texture":"#texture","rotation":270},"up":{"uv":[5,11.5,7,13.5],"texture":"#texture","rotation":90},"north":{"uv":[5,11.5,7,13.5],"texture":"#texture"},"south":{"uv":[5,11.5,7,13.5],"texture":"#texture"},"west":{"uv":[5,11.5,7,13.5],"texture":"#texture"},"east":{"uv":[5,11.5,7,13.5],"texture":"#texture"}}},{"from":[1.625,24.875,-0.625],"to":[17.125,27.375,0.875],"rotation":{"origin":[1.625,24.875,0.875],"axis":"x","angle":22.5},"faces":{"down":{"uv":[5,11.5,7,13.5],"texture":"#texture","rotation":90},"up":{"uv":[5,11.5,7,13.5],"texture":"#texture","rotation":270},"north":{"uv":[5,11.5,7,13.5],"texture":"#texture"},"south":{"uv":[9.5,11.5,11.5,13.5],"texture":"#texture"},"west":{"uv":[5,11.5,7,13.5],"texture":"#texture"},"east":{"uv":[5,11.5,7,13.5],"texture":"#texture"}}},{"from":[1.625,26.625,0],"to":[17.125,29.125,1.5],"rotation":{"origin":[1.625,26.625,1.5],"axis":"x","angle":45},"faces":{"down":{"uv":[5,11.5,7,13.5],"texture":"#texture","rotation":90},"up":{"uv":[5,11.5,7,13.5],"texture":"#texture","rotation":270},"north":{"uv":[5,11.5,7,13.5],"texture":"#texture"},"south":{"uv":[9.5,11.5,11.5,13.5],"texture":"#texture"},"west":{"uv":[5,11.5,7,13.5],"texture":"#texture"},"east":{"uv":[5,11.5,7,13.5],"texture":"#texture"}}},{"from":[3.1251,25.5,1],"to":[17.1251,28,15],"faces":{"down":{"uv":[5,11.5,7,13.5],"texture":"#texture","rotation":270},"up":{"uv":[5,11.5,7,13.5],"texture":"#texture","rotation":90},"north":{"uv":[5,11.5,7,13.5],"texture":"#texture"},"south":{"uv":[5,11.5,7,13.5],"texture":"#texture"},"west":{"uv":[0,14,2,16],"texture":"#texture"},"east":{"uv":[5,11.5,7,13.5],"texture":"#texture"}}},{"from":[1.6248,13.5,-0.4992],"to":[3.1248,25.5,1.0008],"faces":{"down":{"uv":[5,11.5,7,13.5],"texture":"#texture","rotation":270},"up":{"uv":[5,11.5,7,13.5],"texture":"#texture","rotation":90},"north":{"uv":[5,11.5,7,13.5],"texture":"#texture"},"south":{"uv":[9.5,11.5,11.5,13.5],"texture":"#texture"},"west":{"uv":[5,11.5,7,13.5],"texture":"#texture"},"east":{"uv":[5,11.5,7,13.5],"texture":"#texture"}}},{"from":[1.6257,13.5,14.9011],"to":[3.1257,25.5,16.4011],"faces":{"down":{"uv":[5,11.5,7,13.5],"texture":"#texture","rotation":270},"up":{"uv":[5,11.5,7,13.5],"texture":"#texture","rotation":90},"north":{"uv":[9.5,11.5,11.5,13.5],"texture":"#texture"},"south":{"uv":[5,11.5,7,13.5],"texture":"#texture"},"west":{"uv":[5,11.5,7,13.5],"texture":"#texture"},"east":{"uv":[5,11.5,7,13.5],"texture":"#texture"}}},{"from":[2.5,14.125,0.875],"to":[3.5,14.625,14.875],"rotation":{"origin":[3.5,14.125,0.875],"axis":"z","angle":45},"faces":{"down":{"uv":[0,11.5,2,13.5],"texture":"#texture","rotation":270},"up":{"uv":[0,11.5,2,13.5],"texture":"#texture","rotation":90},"north":{"uv":[0,14,2,16],"texture":"#texture"},"south":{"uv":[0,14,2,16],"texture":"#texture"},"west":{"uv":[0,14,2,16],"texture":"#texture"},"east":{"uv":[0,11.5,2,13.5],"texture":"#texture"}}},{"from":[1.625,13,1],"to":[3.125,13.5,15],"rotation":{"origin":[1.625,13,1],"axis":"z","angle":22.5},"faces":{"down":{"uv":[0,11.5,2,13.5],"texture":"#texture","rotation":90},"up":{"uv":[2,16,0,14],"texture":"#texture","rotation":270},"north":{"uv":[2,16,0,14],"texture":"#texture","rotation":90},"south":{"uv":[2,16,0,14],"texture":"#texture","rotation":270},"west":{"uv":[2,13.5,0,11.5],"texture":"#texture","rotation":180},"east":{"uv":[0,11.5,2,13.5],"texture":"#texture","rotation":180}}},{"from":[7.4023,13.5,10.2834],"to":[9.4023,27.5,11.2834],"rotation":{"origin":[17.125,-1,-0.5],"axis":"y","angle":-45},"faces":{"down":{"uv":[0,11.5,2,13.5],"texture":"#texture"},"up":{"uv":[0,11,0,11],"texture":"#texture"},"north":{"uv":[0,11,0,11],"texture":"#texture"},"south":{"uv":[0,14,2,16],"texture":"#texture"},"west":{"uv":[0,11,0,11],"texture":"#texture"},"east":{"uv":[0,11,0,11],"texture":"#texture"}}},{"from":[17.3019,13.5,19.2435],"to":[18.3019,27.5,21.2435],"rotation":{"origin":[17.125,-1,-0.5],"axis":"y","angle":-45},"faces":{"down":{"uv":[0,11.5,2,13.5],"texture":"#texture"},"up":{"uv":[0,11,0,11],"texture":"#texture"},"north":{"uv":[5,11.5,7,13.5],"texture":"#texture"},"south":{"uv":[0,11,0,11],"texture":"#texture"},"west":{"uv":[0,14,2,16],"texture":"#texture"},"east":{"uv":[0,11,0,11],"texture":"#texture"}}},{"from":[-1.4998,0.375,3.0011],"to":[-0.9998,9.875,12.5011],"faces":{"down":{"uv":[0,11,0,11],"texture":"#texture","rotation":270},"up":{"uv":[0,11,0,11],"texture":"#texture","rotation":90},"north":{"uv":[0,0,3.5,0],"texture":"#pokeball"},"south":{"uv":[0,11,0,11],"texture":"#pokeball"},"west":{"uv":[0,0,16,16],"texture":"#pokeball"},"east":{"uv":[16,0,15.5,0],"texture":"#pokeball"}}},{"from":[3.0001,25.5,7.0009],"to":[3.5001,27.5,9.0009],"faces":{"down":{"uv":[0,11,0,11],"texture":"#texture","rotation":270},"up":{"uv":[0,11,0,11],"texture":"#texture","rotation":90},"north":{"uv":[0,0,3.5,0],"texture":"#pokeball"},"south":{"uv":[0,11,0,11],"texture":"#pokeball"},"west":{"uv":[0,0,16,16],"texture":"#pokeball"},"east":{"uv":[16,0,15.5,0],"texture":"#pokeball"}}},{"from":[0.125,-1,-1],"to":[17.625,0,17],"faces":{"down":{"uv":[0,13,2.5,14.5],"texture":"#texture","rotation":270},"up":{"uv":[0,13,2.5,14.5],"texture":"#texture","rotation":90},"north":{"uv":[0,13,2.5,14.5],"texture":"#texture"},"south":{"uv":[0,13,2.5,14.5],"texture":"#texture"},"west":{"uv":[0,13,2.5,14.5],"texture":"#texture"},"east":{"uv":[0,13,2.5,14.5],"texture":"#texture"}}},{"from":[-1.8749,-1,1.001],"to":[1.1251,0,15.001],"faces":{"down":{"uv":[0,12.5,2.5,14.5],"texture":"#texture","rotation":270},"up":{"uv":[0,13,2.5,14.5],"texture":"#texture","rotation":90},"north":{"uv":[0,13,2.5,14.5],"texture":"#texture"},"south":{"uv":[0,13,2.5,14.5],"texture":"#texture"},"west":{"uv":[0,13,2.5,14.5],"texture":"#texture"},"east":{"uv":[0,13,2.5,14.5],"texture":"#texture"}}},{"from":[2.9567,-1,-12.874],"to":[5.4567,0,-11.874],"rotation":{"origin":[17.125,-1,-0.5],"axis":"y","angle":45},"faces":{"down":{"uv":[0,13,2.5,14.5],"texture":"#texture","rotation":270},"up":{"uv":[0,13,2.5,14.5],"texture":"#texture","rotation":90},"north":{"uv":[0,13,2.5,14.5],"texture":"#texture"},"south":{"uv":[0,13,2.5,14.5],"texture":"#texture"},"west":{"uv":[0,13,2.5,14.5],"texture":"#texture"},"east":{"uv":[0,13,2.5,14.5],"texture":"#texture"}}},{"from":[2.6031,-1,-12.874],"to":[5.1031,0,-11.874],"rotation":{"origin":[17.125,-1,-0.5],"axis":"y","angle":45},"faces":{"down":{"uv":[0,13,2.5,14.5],"texture":"#texture","rotation":270},"up":{"uv":[0,13,2.5,14.5],"texture":"#texture","rotation":90},"north":{"uv":[0,13,2.5,14.5],"texture":"#texture"},"south":{"uv":[0,13,2.5,14.5],"texture":"#texture"},"west":{"uv":[0,13,2.5,14.5],"texture":"#texture"},"east":{"uv":[0,13,2.5,14.5],"texture":"#texture"}}},{"from":[14.9787,-1,22.8346],"to":[17.4787,0,23.8346],"rotation":{"origin":[17.125,-1,-0.5],"axis":"y","angle":-45},"faces":{"down":{"uv":[0,13,2.5,14.5],"texture":"#texture","rotation":270},"up":{"uv":[0,13,2.5,14.5],"texture":"#texture","rotation":90},"north":{"uv":[0,13,2.5,14.5],"texture":"#texture"},"south":{"uv":[0,13,2.5,14.5],"texture":"#texture"},"west":{"uv":[0,13,2.5,14.5],"texture":"#texture"},"east":{"uv":[0,13,2.5,14.5],"texture":"#texture"}}},{"from":[14.6251,-1,22.8346],"to":[17.1251,0,23.8346],"rotation":{"origin":[17.125,-1,-0.5],"axis":"y","angle":-45},"faces":{"down":{"uv":[0,13,2.5,14.5],"texture":"#texture","rotation":270},"up":{"uv":[0,13,2.5,14.5],"texture":"#texture","rotation":90},"north":{"uv":[0,13,2.5,14.5],"texture":"#texture"},"south":{"uv":[0,13,2.5,14.5],"texture":"#texture"},"west":{"uv":[0,13,2.5,14.5],"texture":"#texture"},"east":{"uv":[0,13,2.5,14.5],"texture":"#texture"}}},{"from":[-0.8752,-1,0.3759],"to":[2.1248,0,15.8759],"faces":{"down":{"uv":[0,12.5,2.5,14.5],"texture":"#texture","rotation":270},"up":{"uv":[0,13,2.5,14.5],"texture":"#texture","rotation":90},"north":{"uv":[0,13,2.5,14.5],"texture":"#texture"},"south":{"uv":[0,13,2.5,14.5],"texture":"#texture"},"west":{"uv":[0,13,2.5,14.5],"texture":"#texture"},"east":{"uv":[0,13,2.5,14.5],"texture":"#texture"}}},{"from":[-2.9998,13.125,2.0011],"to":[0.5002,13.625,13.5011],"faces":{"down":{"uv":[0,11.5,2,13.5],"texture":"#texture","rotation":270},"up":{"uv":[0,9.5,16,16],"texture":"#keyboard","rotation":90},"north":{"uv":[0,11.5,2,13.5],"texture":"#texture"},"south":{"uv":[0,11.5,2,13.5],"texture":"#texture"},"west":{"uv":[0,14,2,16],"texture":"#texture"},"east":{"uv":[0,12,2,14],"texture":"#texture"}}}],"display":{"thirdperson_righthand":{"rotation":[0,-9,0],"translation":[0,2.0869,0],"scale":[0.3,0.3,0.3]},"thirdperson_lefthand":{"rotation":[0,-9,0],"translation":[0,2.0869,0],"scale":[0.3,0.3,0.3]},"firstperson_righthand":{"rotation":[-29,-16,21],"translation":[1.3913,3.4782,-0.695],"scale":[0.3,0.3,0.3]},"firstperson_lefthand":{"rotation":[-29,-16,21],"translation":[1.3913,3.4782,-0.695],"scale":[0.3,0.3,0.3]},"gui":{"rotation":[23,-27,0],"translation":[0,-2.086,0],"scale":[0.339,0.339,0.3042]},"head":{"rotation":[-30,-180,0],"translation":[0,-25.5,-9],"scale":[3.5,3.5,3.5]},"ground":{"translation":[0,0.6955,0],"scale":[0.4432,0.4434,0.3738]},"fixed":{"rotation":[0,-180,0],"translation":[0,-2.782,0.6956],"scale":[0.5,0.5,0.4173]}}}