{"textures":{"texture":"gameitems/customblocks/pc-machine","pokeball":"gameitems/customblocks/pokeball","keyboard":"gameitems/customblocks/keyboard"},"elements":[{"from":[-0.5,-1,-1],"to":[16.4,13.5,15.6],"faces":{"down":{"uv":[0,10.5,0,10.5],"texture":"#texture"},"up":{"uv":[5,11.5,7,13.5],"texture":"#texture"},"north":{"uv":[5,11.5,7,13.5],"texture":"#texture"},"south":{"uv":[5,11.5,7,13.5],"texture":"#texture"},"west":{"uv":[5,11.5,7,13.5],"texture":"#texture"},"east":{"uv":[5,11.5,7,13.5],"texture":"#texture"}}},{"from":[-0.94,-1,14.55],"to":[0.56,13.5,17.05],"rotation":{"origin":[0.56,-1,14.55],"axis":"y","angle":45},"faces":{"down":{"uv":[0,10.5,0,11],"texture":"#texture"},"up":{"uv":[5,11.5,7,13.5],"texture":"#texture"},"north":{"uv":[5,11.5,7,13.5],"texture":"#texture"},"south":{"uv":[5,11.5,7,13.5],"texture":"#texture"},"west":{"uv":[5,11.5,7,13.5],"texture":"#texture"},"east":{"uv":[5,11.5,7,13.5],"texture":"#texture"}}},{"from":[1.175,-1,15.525],"to":[14.675,13.5,17.525],"faces":{"down":{"uv":[0,10.5,0,11],"texture":"#texture"},"up":{"uv":[5,11.5,7,13.5],"texture":"#texture"},"north":{"uv":[5,11.5,7,13.5],"texture":"#texture"},"south":{"uv":[5,11.5,7,13.5],"texture":"#texture"},"west":{"uv":[5,11.5,7,13.5],"texture":"#texture"},"east":{"uv":[5,11.5,7,13.5],"texture":"#texture"}}},{"from":[-0.5,13.5,-1],"to":[16.4,25.5,13],"faces":{"down":{"uv":[5,11.5,7,13.5],"texture":"#texture"},"up":{"uv":[5,11.5,7,13.5],"texture":"#texture"},"north":{"uv":[5,11.5,7,13.5],"texture":"#texture"},"south":{"uv":[0,0,16,10],"texture":"#texture"},"west":{"uv":[5,11.5,7,13.5],"texture":"#texture"},"east":{"uv":[5,11.5,7,13.5],"texture":"#texture"}}},{"from":[1.3,11.375,16.4],"to":[14.5,14.375,17.6],"rotation":{"origin":[1.3,11.375,16.4],"axis":"x","angle":45},"faces":{"down":{"uv":[5,11.5,7,13.5],"texture":"#texture"},"up":{"uv":[5,11.5,7,13.5],"texture":"#texture"},"north":{"uv":[5,11.5,7,13.5],"texture":"#texture"},"south":{"uv":[5,11.5,7,13.5],"texture":"#texture"},"west":{"uv":[5,11.5,7,13.5],"texture":"#texture"},"east":{"uv":[5,11.5,7,13.5],"texture":"#texture"}}},{"from":[1.3,12.3,17],"to":[14.5,13.5,19.4],"faces":{"down":{"uv":[5,11.5,7,13.5],"texture":"#texture"},"up":{"uv":[5,11.5,7,13.5],"texture":"#texture"},"north":{"uv":[5,11.5,7,13.5],"texture":"#texture"},"south":{"uv":[5,11.5,7,13.5],"texture":"#texture"},"west":{"uv":[5,11.5,7,13.5],"texture":"#texture"},"east":{"uv":[5,11.5,7,13.5],"texture":"#texture"}}},{"from":[-0.5,25.5,-1],"to":[1,28,14.5],"rotation":{"origin":[-0.5,25.5,-1],"axis":"z","angle":-22.5},"faces":{"down":{"uv":[5,11.5,7,13.5],"texture":"#texture"},"up":{"uv":[5,11.5,7,13.5],"texture":"#texture"},"north":{"uv":[5,11.5,7,13.5],"texture":"#texture"},"south":{"uv":[5,11.5,7,13.5],"texture":"#texture"},"west":{"uv":[5,11.5,7,13.5],"texture":"#texture"},"east":{"uv":[10,11.5,12,13.5],"texture":"#texture"}}},{"from":[14.875,-1,15.625],"to":[16.375,13.5,18.125],"rotation":{"origin":[16.375,-1,15.625],"axis":"y","angle":-45},"faces":{"down":{"uv":[0,10.5,0,11],"texture":"#texture"},"up":{"uv":[5,11.5,7,13.5],"texture":"#texture"},"north":{"uv":[5,11.5,7,13.5],"texture":"#texture"},"south":{"uv":[5,11.5,7,13.5],"texture":"#texture"},"west":{"uv":[5,11.5,7,13.5],"texture":"#texture"},"east":{"uv":[5,11.5,7,13.5],"texture":"#texture"}}},{"from":[0.5,27.75,-1],"to":[2,30.25,14.5],"rotation":{"origin":[0.5,27.75,-1],"axis":"z","angle":-45},"faces":{"down":{"uv":[5,11.5,7,13.5],"texture":"#texture"},"up":{"uv":[5,11.5,7,13.5],"texture":"#texture"},"north":{"uv":[5,11.5,7,13.5],"texture":"#texture"},"south":{"uv":[5,11.5,7,13.5],"texture":"#texture"},"west":{"uv":[5,11.5,7,13.5],"texture":"#texture"},"east":{"uv":[10,11.5,12,13.5],"texture":"#texture"}}},{"from":[2.25,28,-1],"to":[13.75,29.5,14.5],"faces":{"down":{"uv":[9.500001,11.5,11.5,13.5],"texture":"#texture"},"up":{"uv":[5,11.5,7,13.5],"texture":"#texture"},"north":{"uv":[5,11.5,7,13.5],"texture":"#texture"},"south":{"uv":[5,11.5,7,13.5],"texture":"#texture"},"west":{"uv":[5,11.5,7,13.5],"texture":"#texture"},"east":{"uv":[5,11.5,7,13.5],"texture":"#texture"}}},{"from":[15,24.875,-1],"to":[16.5,27.375,14.5],"rotation":{"origin":[15,24.875,-1],"axis":"z","angle":22.5},"faces":{"down":{"uv":[5,11.5,7,13.5],"texture":"#texture"},"up":{"uv":[5,11.5,7,13.5],"texture":"#texture"},"north":{"uv":[5,11.5,7,13.5],"texture":"#texture"},"south":{"uv":[5,11.5,7,13.5],"texture":"#texture"},"west":{"uv":[9.5,11.5,11.5,13.5],"texture":"#texture"},"east":{"uv":[5,11.5,7,13.5],"texture":"#texture"}}},{"from":[14.4,26.625,-1],"to":[15.9,29.125,14.5],"rotation":{"origin":[14.4,26.625,-1],"axis":"z","angle":45},"faces":{"down":{"uv":[5,11.5,7,13.5],"texture":"#texture"},"up":{"uv":[5,11.5,7,13.5],"texture":"#texture"},"north":{"uv":[5,11.5,7,13.5],"texture":"#texture"},"south":{"uv":[5,11.5,7,13.5],"texture":"#texture"},"west":{"uv":[9.5,11.5,11.5,13.5],"texture":"#texture"},"east":{"uv":[5,11.5,7,13.5],"texture":"#texture"}}},{"from":[1,25.5,-1],"to":[15,28,13],"faces":{"down":{"uv":[5,11.5,7,13.5],"texture":"#texture"},"up":{"uv":[5,11.5,7,13.5],"texture":"#texture"},"north":{"uv":[5,11.5,7,13.5],"texture":"#texture"},"south":{"uv":[0,14,2,16],"texture":"#texture"},"west":{"uv":[5,11.5,7,13.5],"texture":"#texture"},"east":{"uv":[5,11.5,7,13.5],"texture":"#texture"}}},{"from":[-0.5,13.5,13],"to":[1,25.5,14.5],"faces":{"down":{"uv":[5,11.5,7,13.5],"texture":"#texture"},"up":{"uv":[5,11.5,7,13.5],"texture":"#texture"},"north":{"uv":[5,11.5,7,13.5],"texture":"#texture"},"south":{"uv":[5,11.5,7,13.5],"texture":"#texture"},"west":{"uv":[5,11.5,7,13.5],"texture":"#texture"},"east":{"uv":[9.5,11.5,11.5,13.5],"texture":"#texture"}}},{"from":[14.9,13.5,13],"to":[16.4,25.5,14.5],"faces":{"down":{"uv":[5,11.5,7,13.5],"texture":"#texture"},"up":{"uv":[5,11.5,7,13.5],"texture":"#texture"},"north":{"uv":[5,11.5,7,13.5],"texture":"#texture"},"south":{"uv":[5,11.5,7,13.5],"texture":"#texture"},"west":{"uv":[9.5,11.5,11.5,13.5],"texture":"#texture"},"east":{"uv":[5,11.5,7,13.5],"texture":"#texture"}}},{"from":[1,13,13.375],"to":[15,13.5,14.375],"rotation":{"origin":[1,13,14.375],"axis":"x","angle":22.5},"faces":{"down":{"uv":[0,11.5,2,13.5],"texture":"#texture"},"up":{"uv":[0,11.5,2,13.5],"texture":"#texture"},"north":{"uv":[0,11.5,2,13.5],"texture":"#texture"},"south":{"uv":[0,14,2,16],"texture":"#texture"},"west":{"uv":[0,14,2,16],"texture":"#texture"},"east":{"uv":[0,14,2,16],"texture":"#texture"}}},{"from":[1,13.25,13.5],"to":[15,14.75,14],"rotation":{"origin":[1,13.25,13.5],"axis":"x","angle":-45},"faces":{"down":{"uv":[0,11.5,2,13.5],"texture":"#texture"},"up":{"uv":[0,11.5,2,13.5],"texture":"#texture"},"north":{"uv":[0,11.5,2,13.5],"texture":"#texture"},"south":{"uv":[0,14,2,16],"texture":"#texture"},"west":{"uv":[0,14,2,16],"texture":"#texture"},"east":{"uv":[0,14,2,16],"texture":"#texture"}}},{"from":[0.25,13.5,13.5],"to":[2.25,27.5,14.5],"rotation":{"origin":[0.25,13.5,13.5],"axis":"y","angle":45},"faces":{"down":{"uv":[0,11.5,2,13.5],"texture":"#texture"},"up":{"uv":[0,11,0,11],"texture":"#texture"},"north":{"uv":[0,11,0,11],"texture":"#texture"},"south":{"uv":[0,14,2,16],"texture":"#texture"},"west":{"uv":[0,11,0,11],"texture":"#texture"},"east":{"uv":[0,11,0,11],"texture":"#texture"}}},{"from":[15,13.5,12.25],"to":[16,27.5,14.25],"rotation":{"origin":[15,13.5,14.25],"axis":"y","angle":45},"faces":{"down":{"uv":[0,11.5,2,13.5],"texture":"#texture"},"up":{"uv":[0,11,0,11],"texture":"#texture"},"north":{"uv":[5,11.5,7,13.5],"texture":"#texture"},"south":{"uv":[0,11,0,11],"texture":"#texture"},"west":{"uv":[0,14,2,16],"texture":"#texture"},"east":{"uv":[0,11,0,11],"texture":"#texture"}}},{"from":[3,0.375,17.125],"to":[12.5,9.875,17.625],"faces":{"down":{"uv":[0,11,0,11],"texture":"#texture"},"up":{"uv":[0,11,0,11],"texture":"#texture"},"north":{"uv":[16,0,15.5,0],"texture":"#pokeball"},"south":{"uv":[0,0,16,16],"texture":"#pokeball"},"west":{"uv":[0,0,3.5,0],"texture":"#pokeball"},"east":{"uv":[0,11,0,11],"texture":"#pokeball"}}},{"from":[7,25.5,12.625],"to":[9,27.5,13.125],"faces":{"down":{"uv":[0,11,0,11],"texture":"#texture"},"up":{"uv":[0,11,0,11],"texture":"#texture"},"north":{"uv":[16,0,15.5,0],"texture":"#pokeball"},"south":{"uv":[0,0,16,16],"texture":"#pokeball"},"west":{"uv":[0,0,3.5,0],"texture":"#pokeball"},"east":{"uv":[0,11,0,11],"texture":"#pokeball"}}},{"from":[-1,-1,-1.5],"to":[17,0,16],"faces":{"down":{"uv":[0,13,2.5,14.5],"texture":"#texture"},"up":{"uv":[0,13,2.5,14.5],"texture":"#texture"},"north":{"uv":[0,13,2.5,14.5],"texture":"#texture"},"south":{"uv":[0,13,2.5,14.5],"texture":"#texture"},"west":{"uv":[0,13,2.5,14.5],"texture":"#texture"},"east":{"uv":[0,13,2.5,14.5],"texture":"#texture"}}},{"from":[1,-1,15],"to":[15,0,18],"faces":{"down":{"uv":[0,12.5,2.5,14.5],"texture":"#texture"},"up":{"uv":[0,13,2.5,14.5],"texture":"#texture"},"north":{"uv":[0,13,2.5,14.5],"texture":"#texture"},"south":{"uv":[0,13,2.5,14.5],"texture":"#texture"},"west":{"uv":[0,13,2.5,14.5],"texture":"#texture"},"east":{"uv":[0,13,2.5,14.5],"texture":"#texture"}}},{"from":[-1,-1,15],"to":[1.5,0,16],"rotation":{"origin":[-1,-1,16],"axis":"y","angle":-45},"faces":{"down":{"uv":[0,13,2.5,14.5],"texture":"#texture","rotation":90},"up":{"uv":[0,13,2.5,14.5],"texture":"#texture","rotation":270},"north":{"uv":[0,13,2.5,14.5],"texture":"#texture"},"south":{"uv":[0,13,2.5,14.5],"texture":"#texture"},"west":{"uv":[0,13,2.5,14.5],"texture":"#texture"},"east":{"uv":[0,13,2.5,14.5],"texture":"#texture"}}},{"from":[-0.75,-1,15.25],"to":[1.75,0,16.25],"rotation":{"origin":[-0.75,-1,16.25],"axis":"y","angle":-45},"faces":{"down":{"uv":[0,13,2.5,14.5],"texture":"#texture","rotation":90},"up":{"uv":[0,13,2.5,14.5],"texture":"#texture","rotation":270},"north":{"uv":[0,13,2.5,14.5],"texture":"#texture"},"south":{"uv":[0,13,2.5,14.5],"texture":"#texture"},"west":{"uv":[0,13,2.5,14.5],"texture":"#texture"},"east":{"uv":[0,13,2.5,14.5],"texture":"#texture"}}},{"from":[13.75,-1,15.25],"to":[16.25,0,16.25],"rotation":{"origin":[16.25,-1,15.25],"axis":"y","angle":45},"faces":{"down":{"uv":[0,13,2.5,14.5],"texture":"#texture","rotation":270},"up":{"uv":[0,13,2.5,14.5],"texture":"#texture","rotation":90},"north":{"uv":[0,13,2.5,14.5],"texture":"#texture"},"south":{"uv":[0,13,2.5,14.5],"texture":"#texture"},"west":{"uv":[0,13,2.5,14.5],"texture":"#texture"},"east":{"uv":[0,13,2.5,14.5],"texture":"#texture"}}},{"from":[13.5,-1,15.5],"to":[16,0,16.5],"rotation":{"origin":[16,-1,15.5],"axis":"y","angle":45},"faces":{"down":{"uv":[0,13,2.5,14.5],"texture":"#texture","rotation":270},"up":{"uv":[0,13,2.5,14.5],"texture":"#texture","rotation":90},"north":{"uv":[0,13,2.5,14.5],"texture":"#texture"},"south":{"uv":[0,13,2.5,14.5],"texture":"#texture"},"west":{"uv":[0,13,2.5,14.5],"texture":"#texture"},"east":{"uv":[0,13,2.5,14.5],"texture":"#texture"}}},{"from":[0.375,-1,14],"to":[15.875,0,17],"faces":{"down":{"uv":[0,12.5,2.5,14.5],"texture":"#texture"},"up":{"uv":[0,13,2.5,14.5],"texture":"#texture"},"north":{"uv":[0,13,2.5,14.5],"texture":"#texture"},"south":{"uv":[0,13,2.5,14.5],"texture":"#texture"},"west":{"uv":[0,13,2.5,14.5],"texture":"#texture"},"east":{"uv":[0,13,2.5,14.5],"texture":"#texture"}}},{"from":[2,13.125,15.625],"to":[13.5,13.625,19.125],"faces":{"down":{"uv":[0,11.5,2,13.5],"texture":"#texture"},"up":{"uv":[0,9.5,16,16],"texture":"#keyboard"},"north":{"uv":[0,12,2,14],"texture":"#texture"},"south":{"uv":[0,14,2,16],"texture":"#texture"},"west":{"uv":[0,11.5,2,13.5],"texture":"#texture"},"east":{"uv":[0,11.5,2,13.5],"texture":"#texture"}}}],"display":{"thirdperson_righthand":{"rotation":[0,-9,0],"translation":[0,2.0869,0],"scale":[0.3,0.3,0.3]},"thirdperson_lefthand":{"rotation":[0,-9,0],"translation":[0,2.0869,0],"scale":[0.3,0.3,0.3]},"firstperson_righthand":{"rotation":[-29,-16,21],"translation":[1.3913,3.4782,-0.695],"scale":[0.3,0.3,0.3]},"firstperson_lefthand":{"rotation":[-29,-16,21],"translation":[1.3913,3.4782,-0.695],"scale":[0.3,0.3,0.3]},"gui":{"rotation":[23,-27,0],"translation":[0,-2.086,0],"scale":[0.339,0.339,0.3042]},"head":{"rotation":[-30,0,0],"translation":[0,-25.5,-9],"scale":[3.5,3.5,3.5]},"ground":{"translation":[0,0.6955,0],"scale":[0.4432,0.4434,0.3738]},"fixed":{"rotation":[0,-180,0],"translation":[0,-2.782,0.6956],"scale":[0.5,0.5,0.4173]}}}