{
	"credit": "Made with Blockbench",
	"textures": {
		"main": "gameitems/customblocks/tier1"
	},
	"elements": [
		{
			"from": [ 4, 0, 1 ],
			"to":   [ 13, 1, 15 ],
			"faces": {
				"north": { "uv": [ 1.7499975, 1.7499975, 2.8749975, 1.875 ], "texture": "#main" },
				"east":  { "uv": [ 0, 1.7499975, 1.7499975, 1.875 ], "texture": "#main" },
				"south": { "uv": [ 4.6250025, 1.7499975, 5.7500025, 1.875 ], "texture": "#main" },
				"west":  { "uv": [ 2.8749975, 1.7499975, 4.6250025, 1.875 ], "texture": "#main" },
				"up":    { "uv": [ 2.8749975, 1.7499975, 1.7499975, 0 ], "texture": "#main" },
				"down":  { "uv": [ 3.9999975, 0, 2.8749975, 1.7499975 ], "texture": "#main" }
			}
		},
		{
			"from": [ 4, 1, 14 ],
			"to":   [ 13, 8, 15 ],
			"faces": {
				"north": { "uv": [ 5.8749975, 0.12500250000000002, 6.9999975, 0.9999974999999999 ], "texture": "#main" },
				"east":  { "uv": [ 5.7500025, 0.12500250000000002, 5.8749975, 0.9999974999999999 ], "texture": "#main" },
				"south": { "uv": [ 7.125, 0.12500250000000002, 8.25, 0.9999974999999999 ], "texture": "#main" },
				"west":  { "uv": [ 6.9999975, 0.12500250000000002, 7.125, 0.9999974999999999 ], "texture": "#main" },
				"up":    { "uv": [ 6.9999975, 0.12500250000000002, 5.8749975, 0 ], "texture": "#main" },
				"down":  { "uv": [ 8.1249975, 0, 6.9999975, 0.12500250000000002 ], "texture": "#main" }
			}
		},
		{
			"from": [ 4, 1, 1 ],
			"to":   [ 13, 8, 2 ],
			"faces": {
				"north": { "uv": [ 8.3750025, 0.12500250000000002, 9.5000025, 0.9999974999999999 ], "texture": "#main" },
				"east":  { "uv": [ 8.25, 0.12500250000000002, 8.3750025, 0.9999974999999999 ], "texture": "#main" },
				"south": { "uv": [ 9.6249975, 0.12500250000000002, 10.7499975, 0.9999974999999999 ], "texture": "#main" },
				"west":  { "uv": [ 9.5000025, 0.12500250000000002, 9.6249975, 0.9999974999999999 ], "texture": "#main" },
				"up":    { "uv": [ 9.5000025, 0.12500250000000002, 8.3750025, 0 ], "texture": "#main" },
				"down":  { "uv": [ 10.6250025, 0, 9.5000025, 0.12500250000000002 ], "texture": "#main" }
			}
		},
		{
			"from": [ 12, 1, 2 ],
			"to":   [ 13, 8, 14 ],
			"faces": {
				"north": { "uv": [ 1.5, 3.375, 1.6250025, 4.2500025 ], "texture": "#main" },
				"east":  { "uv": [ 0, 3.375, 1.5, 4.2500025 ], "texture": "#main" },
				"south": { "uv": [ 3.1250025, 3.375, 3.2499975, 4.2500025 ], "texture": "#main" },
				"west":  { "uv": [ 1.6250025, 3.375, 3.1250025, 4.2500025 ], "texture": "#main" },
				"up":    { "uv": [ 1.6250025, 3.375, 1.5, 1.875 ], "texture": "#main" },
				"down":  { "uv": [ 1.7499975, 1.875, 1.6250025, 3.375 ], "texture": "#main" }
			}
		},
		{
			"from": [ 4, 1, 2 ],
			"to":   [ 5, 8, 14 ],
			"faces": {
				"north": { "uv": [ 4.7499975, 3.375, 4.875, 4.2500025 ], "texture": "#main" },
				"east":  { "uv": [ 3.2499975, 3.375, 4.7499975, 4.2500025 ], "texture": "#main" },
				"south": { "uv": [ 6.375, 3.375, 6.5000025, 4.2500025 ], "texture": "#main" },
				"west":  { "uv": [ 4.875, 3.375, 6.375, 4.2500025 ], "texture": "#main" },
				"up":    { "uv": [ 4.875, 3.375, 4.7499975, 1.875 ], "texture": "#main" },
				"down":  { "uv": [ 5.0000025, 1.875, 4.875, 3.375 ], "texture": "#main" }
			}
		},
		{
			"from": [ 4.01, 6.62132, 16.32843 ],
			"to":   [ 13.01, 13.62132, 17.32843 ],
			"rotation": { "angle": 45, "axis": "x", "origin": [8.51, 10.12132, 16.82843] },
			"faces": {
				"north": { "uv": [ 6.6249975, 2.0000025, 7.7499975, 2.8749975 ], "texture": "#main" },
				"east":  { "uv": [ 6.5000025, 2.0000025, 6.6249975, 2.8749975 ], "texture": "#main" },
				"south": { "uv": [ 7.875, 2.0000025, 9, 2.8749975 ], "texture": "#main" },
				"west":  { "uv": [ 7.7499975, 2.0000025, 7.875, 2.8749975 ], "texture": "#main" },
				"up":    { "uv": [ 7.7499975, 2.0000025, 6.6249975, 1.875 ], "texture": "#main" },
				"down":  { "uv": [ 8.8749975, 1.875, 7.7499975, 2.0000025 ], "texture": "#main" }
			}
		},
		{
			"from": [ 4, 8, 1 ],
			"to":   [ 13, 9, 8 ],
			"rotation": { "angle": 0, "axis": "x", "origin": [8.5, 8.5, 4.5] },
			"faces": {
				"north": { "uv": [ 0.8750025000000001, 5.1249975, 2.0000025, 5.25 ], "texture": "#main", "rotation":180 },
				"east":  { "uv": [ 0, 5.1249975, 0.8750025000000001, 5.25 ], "texture": "#main", "rotation":180 },
				"south": { "uv": [ 2.8749975, 5.1249975, 3.9999975, 5.25 ], "texture": "#main" },
				"west":  { "uv": [ 2.0000025, 5.1249975, 2.8749975, 5.25 ], "texture": "#main" },
				"up":    { "uv": [ 2.0000025, 5.1249975, 0.8750025000000001, 4.2500025 ], "texture": "#main", "rotation":180 },
				"down":  { "uv": [ 3.1250025, 4.2500025, 2.0000025, 5.1249975 ], "texture": "#main" }
			}
		},
		{
			"from": [ 4, 9, 7 ],
			"to":   [ 5, 16, 8 ],
			"rotation": { "angle": 0, "axis": "x", "origin": [8.5, 8.5, 11.5] },
			"faces": {
				"north": { "uv": [ 4.125, 4.3749975, 4.2500025, 5.25 ], "texture": "#main", "rotation":180 },
				"east":  { "uv": [ 3.9999975, 4.3749975, 4.125, 5.25 ], "texture": "#main", "rotation":180 },
				"south": { "uv": [ 4.3749975, 4.3749975, 4.5, 5.25 ], "texture": "#main" },
				"west":  { "uv": [ 4.2500025, 4.3749975, 4.3749975, 5.25 ], "texture": "#main" },
				"up":    { "uv": [ 4.2500025, 4.3749975, 4.125, 4.2500025 ], "texture": "#main", "rotation":180 },
				"down":  { "uv": [ 4.3749975, 4.2500025, 4.2500025, 4.3749975 ], "texture": "#main" }
			}
		},
		{
			"from": [ 12, 9, 7 ],
			"to":   [ 13, 16, 8 ],
			"rotation": { "angle": 0, "axis": "x", "origin": [16.5, 8.5, 11.5] },
			"faces": {
				"north": { "uv": [ 4.6250025, 4.3749975, 4.7499975, 5.25 ], "texture": "#main", "rotation":180 },
				"east":  { "uv": [ 4.5, 4.3749975, 4.6250025, 5.25 ], "texture": "#main", "rotation":180 },
				"south": { "uv": [ 4.875, 4.3749975, 5.0000025, 5.25 ], "texture": "#main" },
				"west":  { "uv": [ 4.7499975, 4.3749975, 4.875, 5.25 ], "texture": "#main" },
				"up":    { "uv": [ 4.7499975, 4.3749975, 4.6250025, 4.2500025 ], "texture": "#main", "rotation":180 },
				"down":  { "uv": [ 4.875, 4.2500025, 4.7499975, 4.3749975 ], "texture": "#main" }
			}
		},
		{
			"from": [ 5, 15, 7 ],
			"to":   [ 12, 16, 8 ],
			"rotation": { "angle": 0, "axis": "x", "origin": [15.5, 14.5, 11.5] },
			"faces": {
				"north": { "uv": [ 0.12500250000000002, 5.3750025, 0.9999974999999999, 5.4999975 ], "texture": "#main", "rotation":180 },
				"east":  { "uv": [ 0, 5.3750025, 0.12500250000000002, 5.4999975 ], "texture": "#main", "rotation":270 },
				"south": { "uv": [ 1.125, 5.3750025, 2.0000025, 5.4999975 ], "texture": "#main" },
				"west":  { "uv": [ 0.9999974999999999, 5.3750025, 1.125, 5.4999975 ], "texture": "#main", "rotation":90 },
				"up":    { "uv": [ 0.9999974999999999, 5.3750025, 0.12500250000000002, 5.25 ], "texture": "#main", "rotation":180 },
				"down":  { "uv": [ 1.875, 5.25, 0.9999974999999999, 5.3750025 ], "texture": "#main" }
			}
		},
		{
			"from": [ 5, 4, 2 ],
			"to":   [ 12, 5, 14 ],
			"faces": {
				"north": { "uv": [ 3.5000025, 6.75, 4.3749975, 6.8750025 ], "texture": "#main" },
				"east":  { "uv": [ 2.0000025, 6.75, 3.5000025, 6.8750025 ], "texture": "#main" },
				"south": { "uv": [ 5.8749975, 6.75, 6.75, 6.8750025 ], "texture": "#main" },
				"west":  { "uv": [ 4.3749975, 6.75, 5.8749975, 6.8750025 ], "texture": "#main" },
				"up":    { "uv": [ 4.3749975, 6.75, 3.5000025, 5.25 ], "texture": "#main" },
				"down":  { "uv": [ 5.25, 5.25, 4.3749975, 6.75 ], "texture": "#main" }
			}
		},
		{
			"from": [ 6, 5, 11 ],
			"to":   [ 8, 7, 13 ],
			"rotation": { "angle": 22.5, "axis": "y", "origin": [7, 6, 12] },
			"faces": {
				"north": { "uv": [ 6.9999975, 5.4999975, 7.2500025, 5.7500025 ], "texture": "#main" },
				"east":  { "uv": [ 6.75, 5.4999975, 6.9999975, 5.7500025 ], "texture": "#main" },
				"south": { "uv": [ 7.5, 5.4999975, 7.7499975, 5.7500025 ], "texture": "#main" },
				"west":  { "uv": [ 7.2500025, 5.4999975, 7.5, 5.7500025 ], "texture": "#main" },
				"up":    { "uv": [ 7.2500025, 5.4999975, 6.9999975, 5.25 ], "texture": "#main" },
				"down":  { "uv": [ 7.5, 5.25, 7.2500025, 5.4999975 ], "texture": "#main" }
			}
		},
		{
			"from": [ 9, 5, 11 ],
			"to":   [ 11, 7, 13 ],
			"rotation": { "angle": 0, "axis": "y", "origin": [10, 6, 12] },
			"faces": {
				"north": { "uv": [ 6.9999975, 5.4999975, 7.2500025, 5.7500025 ], "texture": "#main" },
				"east":  { "uv": [ 6.75, 5.4999975, 6.9999975, 5.7500025 ], "texture": "#main" },
				"south": { "uv": [ 7.5, 5.4999975, 7.7499975, 5.7500025 ], "texture": "#main" },
				"west":  { "uv": [ 7.2500025, 5.4999975, 7.5, 5.7500025 ], "texture": "#main" },
				"up":    { "uv": [ 7.2500025, 5.4999975, 6.9999975, 5.25 ], "texture": "#main" },
				"down":  { "uv": [ 7.5, 5.25, 7.2500025, 5.4999975 ], "texture": "#main" }
			}
		},
		{
			"from": [ 10, 4, 9 ],
			"to":   [ 12, 6, 11 ],
			"rotation": { "angle": 0, "axis": "y", "origin": [11, 5, 10] },
			"faces": {
				"north": { "uv": [ 6.9999975, 5.4999975, 7.2500025, 5.7500025 ], "texture": "#main" },
				"east":  { "uv": [ 6.75, 5.4999975, 6.9999975, 5.7500025 ], "texture": "#main" },
				"south": { "uv": [ 7.5, 5.4999975, 7.7499975, 5.7500025 ], "texture": "#main" },
				"west":  { "uv": [ 7.2500025, 5.4999975, 7.5, 5.7500025 ], "texture": "#main" },
				"up":    { "uv": [ 7.2500025, 5.4999975, 6.9999975, 5.25 ], "texture": "#main" },
				"down":  { "uv": [ 7.5, 5.25, 7.2500025, 5.4999975 ], "texture": "#main" }
			}
		},
		{
			"from": [ 8, 4, 7 ],
			"to":   [ 10, 6, 9 ],
			"rotation": { "angle": 45, "axis": "y", "origin": [9, 5, 8] },
			"faces": {
				"north": { "uv": [ 6.9999975, 5.4999975, 7.2500025, 5.7500025 ], "texture": "#main" },
				"east":  { "uv": [ 6.75, 5.4999975, 6.9999975, 5.7500025 ], "texture": "#main" },
				"south": { "uv": [ 7.5, 5.4999975, 7.7499975, 5.7500025 ], "texture": "#main" },
				"west":  { "uv": [ 7.2500025, 5.4999975, 7.5, 5.7500025 ], "texture": "#main" },
				"up":    { "uv": [ 7.2500025, 5.4999975, 6.9999975, 5.25 ], "texture": "#main" },
				"down":  { "uv": [ 7.5, 5.25, 7.2500025, 5.4999975 ], "texture": "#main" }
			}
		},
		{
			"from": [ 6, 4, 8 ],
			"to":   [ 8, 6, 10 ],
			"rotation": { "angle": 22.5, "axis": "y", "origin": [7, 5, 9] },
			"faces": {
				"north": { "uv": [ 6.9999975, 5.4999975, 7.2500025, 5.7500025 ], "texture": "#main" },
				"east":  { "uv": [ 6.75, 5.4999975, 6.9999975, 5.7500025 ], "texture": "#main" },
				"south": { "uv": [ 7.5, 5.4999975, 7.7499975, 5.7500025 ], "texture": "#main" },
				"west":  { "uv": [ 7.2500025, 5.4999975, 7.5, 5.7500025 ], "texture": "#main" },
				"up":    { "uv": [ 7.2500025, 5.4999975, 6.9999975, 5.25 ], "texture": "#main" },
				"down":  { "uv": [ 7.5, 5.25, 7.2500025, 5.4999975 ], "texture": "#main" }
			}
		},
		{
			"from": [ 8, 5, 9 ],
			"to":   [ 10, 7, 11 ],
			"rotation": { "angle": 0, "axis": "y", "origin": [9, 6, 10] },
			"faces": {
				"north": { "uv": [ 6.9999975, 5.4999975, 7.2500025, 5.7500025 ], "texture": "#main" },
				"east":  { "uv": [ 6.75, 5.4999975, 6.9999975, 5.7500025 ], "texture": "#main" },
				"south": { "uv": [ 7.5, 5.4999975, 7.7499975, 5.7500025 ], "texture": "#main" },
				"west":  { "uv": [ 7.2500025, 5.4999975, 7.5, 5.7500025 ], "texture": "#main" },
				"up":    { "uv": [ 7.2500025, 5.4999975, 6.9999975, 5.25 ], "texture": "#main" },
				"down":  { "uv": [ 7.5, 5.25, 7.2500025, 5.4999975 ], "texture": "#main" }
			}
		},
		{
			"from": [ 10, 7, 12 ],
			"to":   [ 12, 9, 14 ],
			"rotation": { "angle": 0, "axis": "y", "origin": [11, 8, 13] },
			"faces": {
				"north": { "uv": [ 6.9999975, 5.4999975, 7.2500025, 5.7500025 ], "texture": "#main" },
				"east":  { "uv": [ 6.75, 5.4999975, 6.9999975, 5.7500025 ], "texture": "#main" },
				"south": { "uv": [ 7.5, 5.4999975, 7.7499975, 5.7500025 ], "texture": "#main" },
				"west":  { "uv": [ 7.2500025, 5.4999975, 7.5, 5.7500025 ], "texture": "#main" },
				"up":    { "uv": [ 7.2500025, 5.4999975, 6.9999975, 5.25 ], "texture": "#main" },
				"down":  { "uv": [ 7.5, 5.25, 7.2500025, 5.4999975 ], "texture": "#main" }
			}
		},
		{
			"from": [ 8, 7, 10 ],
			"to":   [ 10, 9, 12 ],
			"rotation": { "angle": 22.5, "axis": "y", "origin": [9, 8, 11] },
			"faces": {
				"north": { "uv": [ 6.9999975, 5.4999975, 7.2500025, 5.7500025 ], "texture": "#main" },
				"east":  { "uv": [ 6.75, 5.4999975, 6.9999975, 5.7500025 ], "texture": "#main" },
				"south": { "uv": [ 7.5, 5.4999975, 7.7499975, 5.7500025 ], "texture": "#main" },
				"west":  { "uv": [ 7.2500025, 5.4999975, 7.5, 5.7500025 ], "texture": "#main" },
				"up":    { "uv": [ 7.2500025, 5.4999975, 6.9999975, 5.25 ], "texture": "#main" },
				"down":  { "uv": [ 7.5, 5.25, 7.2500025, 5.4999975 ], "texture": "#main" }
			}
		},
		{
			"from": [ 1, 0, 8 ],
			"to":   [ 3, 2, 10 ],
			"rotation": { "angle": -22.5, "axis": "y", "origin": [2, 1, 9] },
			"faces": {
				"north": { "uv": [ 6.75, 5.4999975, 6.9999975, 5.7500025 ], "texture": "#main" },
				"east":  { "uv": [ 7.5, 5.4999975, 7.7499975, 5.7500025 ], "texture": "#main" },
				"south": { "uv": [ 7.2500025, 5.4999975, 7.5, 5.7500025 ], "texture": "#main" },
				"west":  { "uv": [ 6.9999975, 5.4999975, 7.2500025, 5.7500025 ], "texture": "#main" },
				"up":    { "uv": [ 7.2500025, 5.4999975, 6.9999975, 5.25 ], "texture": "#main", "rotation":270 },
				"down":  { "uv": [ 7.5, 5.25, 7.2500025, 5.4999975 ], "texture": "#main", "rotation":90 }
			}
		},
		{
			"from": [ 2, 0, 13 ],
			"to":   [ 4, 2, 15 ],
			"rotation": { "angle": 22.5, "axis": "y", "origin": [3, 1, 14] },
			"faces": {
				"north": { "uv": [ 6.75, 5.4999975, 6.9999975, 5.7500025 ], "texture": "#main" },
				"east":  { "uv": [ 7.5, 5.4999975, 7.7499975, 5.7500025 ], "texture": "#main" },
				"south": { "uv": [ 7.2500025, 5.4999975, 7.5, 5.7500025 ], "texture": "#main" },
				"west":  { "uv": [ 6.9999975, 5.4999975, 7.2500025, 5.7500025 ], "texture": "#main" },
				"up":    { "uv": [ 7.2500025, 5.4999975, 6.9999975, 5.25 ], "texture": "#main", "rotation":270 },
				"down":  { "uv": [ 7.5, 5.25, 7.2500025, 5.4999975 ], "texture": "#main", "rotation":90 }
			}
		},
		{
			"from": [ 14, 0, 10 ],
			"to":   [ 16, 2, 12 ],
			"rotation": { "angle": 22.5, "axis": "y", "origin": [15, 1, 11] },
			"faces": {
				"north": { "uv": [ 6.75, 5.4999975, 6.9999975, 5.7500025 ], "texture": "#main" },
				"east":  { "uv": [ 7.5, 5.4999975, 7.7499975, 5.7500025 ], "texture": "#main" },
				"south": { "uv": [ 7.2500025, 5.4999975, 7.5, 5.7500025 ], "texture": "#main" },
				"west":  { "uv": [ 6.9999975, 5.4999975, 7.2500025, 5.7500025 ], "texture": "#main" },
				"up":    { "uv": [ 7.2500025, 5.4999975, 6.9999975, 5.25 ], "texture": "#main", "rotation":270 },
				"down":  { "uv": [ 7.5, 5.25, 7.2500025, 5.4999975 ], "texture": "#main", "rotation":90 }
			}
		},
		{
			"from": [ 0, 0, 11 ],
			"to":   [ 2, 2, 13 ],
			"rotation": { "angle": 45, "axis": "y", "origin": [1, 1, 12] },
			"faces": {
				"north": { "uv": [ 8.374807500000001, 4.7496075, 8.8746075, 5.249415 ], "texture": "#main" },
				"east":  { "uv": [ 8.374807500000001, 4.7496075, 8.8746075, 5.249415 ], "texture": "#main" },
				"south": { "uv": [ 8.374807500000001, 4.7496075, 8.8746075, 5.249415 ], "texture": "#main" },
				"west":  { "uv": [ 8.374807500000001, 4.7496075, 8.8746075, 5.249415 ], "texture": "#main" },
				"up":    { "uv": [ 8.374807500000001, 4.7496075, 8.8746075, 5.249415 ], "texture": "#main" },
				"down":  { "uv": [ 8.374807500000001, 4.7496075, 8.8746075, 5.249415 ], "texture": "#main" }
			}
		},
		{
			"from": [ 6, 6, 9 ],
			"to":   [ 8, 8, 11 ],
			"rotation": { "angle": 45, "axis": "y", "origin": [7, 7, 10] },
			"faces": {
				"north": { "uv": [ 8.374807500000001, 4.7496075, 8.8746075, 5.249415 ], "texture": "#main" },
				"east":  { "uv": [ 8.374807500000001, 4.7496075, 8.8746075, 5.249415 ], "texture": "#main" },
				"south": { "uv": [ 8.374807500000001, 4.7496075, 8.8746075, 5.249415 ], "texture": "#main" },
				"west":  { "uv": [ 8.374807500000001, 4.7496075, 8.8746075, 5.249415 ], "texture": "#main" },
				"up":    { "uv": [ 8.374807500000001, 4.7496075, 8.8746075, 5.249415 ], "texture": "#main" },
				"down":  { "uv": [ 8.374807500000001, 4.7496075, 8.8746075, 5.249415 ], "texture": "#main" }
			}
		},
		{
			"from": [ 10, 6, 9 ],
			"to":   [ 12, 8, 11 ],
			"rotation": { "angle": 0, "axis": "y", "origin": [11, 7, 10] },
			"faces": {
				"north": { "uv": [ 8.374807500000001, 4.7496075, 8.8746075, 5.249415 ], "texture": "#main" },
				"east":  { "uv": [ 8.374807500000001, 4.7496075, 8.8746075, 5.249415 ], "texture": "#main" },
				"south": { "uv": [ 8.374807500000001, 4.7496075, 8.8746075, 5.249415 ], "texture": "#main" },
				"west":  { "uv": [ 8.374807500000001, 4.7496075, 8.8746075, 5.249415 ], "texture": "#main" },
				"up":    { "uv": [ 8.374807500000001, 4.7496075, 8.8746075, 5.249415 ], "texture": "#main" },
				"down":  { "uv": [ 8.374807500000001, 4.7496075, 8.8746075, 5.249415 ], "texture": "#main" }
			}
		},
		{
			"from": [ 6, 7, 12 ],
			"to":   [ 8, 9, 14 ],
			"rotation": { "angle": 45, "axis": "y", "origin": [7, 8, 13] },
			"faces": {
				"north": { "uv": [ 8.374807500000001, 4.7496075, 8.8746075, 5.249415 ], "texture": "#main" },
				"east":  { "uv": [ 8.374807500000001, 4.7496075, 8.8746075, 5.249415 ], "texture": "#main" },
				"south": { "uv": [ 8.374807500000001, 4.7496075, 8.8746075, 5.249415 ], "texture": "#main" },
				"west":  { "uv": [ 8.374807500000001, 4.7496075, 8.8746075, 5.249415 ], "texture": "#main" },
				"up":    { "uv": [ 8.374807500000001, 4.7496075, 8.8746075, 5.249415 ], "texture": "#main" },
				"down":  { "uv": [ 8.374807500000001, 4.7496075, 8.8746075, 5.249415 ], "texture": "#main" }
			}
		}
	],
	"display": {
		"thirdperson_righthand": {
			"rotation": [67.5, 0, 0],
			"translation": [0, -4.25, -3.5],
			"scale": [0.55859, 0.55859, 0.55859]
		},
		"gui": {
			"rotation": [0.5, 90, 25],
			"scale": [0.66211, 0.66211, 0.66211]
		},
		"head": {
			"translation": [-0.75, -30, 0],
			"scale": [1.57813, 1.57813, 1.57813]
		}
	}
}