{"textures":{"0":"gameitems/customblocks/tradingmachine","particle":"gameitems/customblocks/tradingmachine"},"elements":[{"from":[0.0006062019,-0.624045,-0.0002111737],"to":[16.00061,7.375955,15.99979],"faces":{"down":{"uv":[4.8,0,3.2,1.6],"texture":"#0"},"up":{"uv":[3.2,1.6,1.6,0],"texture":"#0"},"north":{"uv":[1.6,1.6,3.2,2.4],"texture":"#0"},"south":{"uv":[4.8,1.6,6.4,2.4],"texture":"#0"},"west":{"uv":[3.2,1.6,4.8,2.4],"texture":"#0"},"east":{"uv":[0,1.6,1.6,2.4],"texture":"#0"}}},{"from":[0.0007538357,5.375007,-7.999728],"to":[16.00075,15.37501,0.0002717972],"faces":{"down":{"uv":[10.4,0,8.8,0.8000002],"texture":"#0"},"up":{"uv":[8.8,0.8000002,7.2,0],"texture":"#0"},"north":{"uv":[7.2,0.8000002,8.8,1.8],"texture":"#0"},"south":{"uv":[9.6,0.8000002,11.2,1.8],"texture":"#0"},"west":{"uv":[8.8,0.8000002,9.6,1.8],"texture":"#0"},"east":{"uv":[6.4,0.8000002,7.2,1.8],"texture":"#0"}}},{"from":[0.0006846146,5.374623,15.99979],"to":[16.00068,15.37462,23.99979],"faces":{"down":{"uv":[15.2,0,13.6,0.8000002],"texture":"#0"},"up":{"uv":[13.6,0.8000002,12,0],"texture":"#0"},"north":{"uv":[12,0.8000002,13.6,1.8],"texture":"#0"},"south":{"uv":[14.4,0.8000002,16,1.8],"texture":"#0"},"west":{"uv":[13.6,0.8000002,14.4,1.8],"texture":"#0"},"east":{"uv":[11.2,0.8000002,12,1.8],"texture":"#0"}}},{"from":[3.999367,27.3747,15.99989],"to":[11.99937,31.3747,23.99989],"faces":{"down":{"uv":[2.4,2.4,1.6,3.2],"texture":"#0"},"up":{"uv":[1.6,3.2,0.8,2.4],"texture":"#0"},"north":{"uv":[0.8,3.2,1.6,3.6],"texture":"#0"},"south":{"uv":[2.4,3.2,3.2,3.6],"texture":"#0"},"west":{"uv":[1.6,3.2,2.4,3.6],"texture":"#0"},"east":{"uv":[0,3.2,0.8,3.6],"texture":"#0"}}},{"from":[3.999419,27.37425,-8.000929],"to":[11.99942,31.37425,-0.0009288788],"faces":{"down":{"uv":[5.6,2.4,4.8,3.2],"texture":"#0"},"up":{"uv":[4.8,3.2,4,2.4],"texture":"#0"},"north":{"uv":[4,3.2,4.8,3.6],"texture":"#0"},"south":{"uv":[5.6,3.2,6.4,3.6],"texture":"#0"},"west":{"uv":[4.8,3.2,5.6,3.6],"texture":"#0"},"east":{"uv":[3.2,3.2,4,3.6],"texture":"#0"}}},{"from":[-0.0008968153,20.37567,1.999657],"to":[15.9991,29.37567,13.99966],"faces":{"down":{"uv":[10.8,2.4,9.2,3.6],"texture":"#0"},"up":{"uv":[9.2,3.6,7.6,2.4],"texture":"#0"},"north":{"uv":[7.6,3.6,9.2,4.5],"texture":"#0"},"south":{"uv":[10.4,3.6,12,4.5],"texture":"#0"},"west":{"uv":[9.2,3.6,10.4,4.5],"texture":"#0"},"east":{"uv":[6.4,3.6,7.6,4.5],"texture":"#0"}}},{"from":[3.999718,15.37464,4.000601],"to":[11.99972,20.37464,12.0006],"faces":{"down":{"uv":[2.4,4.5,1.6,5.3],"texture":"#0"},"up":{"uv":[1.6,5.3,0.8,4.5],"texture":"#0"},"north":{"uv":[0.8,5.3,1.6,5.8],"texture":"#0"},"south":{"uv":[2.4,5.3,3.2,5.8],"texture":"#0"},"west":{"uv":[1.6,5.3,2.4,5.8],"texture":"#0"},"east":{"uv":[0,5.3,0.8,5.8],"texture":"#0"}}},{"from":[2.000908,7.375582,-0.0004737982],"to":[14.00091,15.37558,15.99953],"faces":{"down":{"uv":[7.2,4.5,6,6.1],"texture":"#0"},"up":{"uv":[6,6.1,4.8,4.5],"texture":"#0"},"north":{"uv":[4.8,6.1,6,6.9],"texture":"#0"},"south":{"uv":[7.6,6.1,8.8,6.9],"texture":"#0"},"west":{"uv":[6,6.1,7.6,6.9],"texture":"#0"},"east":{"uv":[3.2,6.1,4.8,6.9],"texture":"#0"}}},{"from":[-3.95216E-05,-0.6258859,16.00086],"to":[15.99996,1.374114,24.00086],"faces":{"down":{"uv":[12.8,4.5,11.2,5.3],"texture":"#0"},"up":{"uv":[11.2,5.3,9.6,4.5],"texture":"#0"},"north":{"uv":[9.6,5.3,11.2,5.5],"texture":"#0"},"south":{"uv":[12,5.3,13.6,5.5],"texture":"#0"},"west":{"uv":[11.2,5.3,12,5.5],"texture":"#0"},"east":{"uv":[8.8,5.3,9.6,5.5],"texture":"#0"}}},{"from":[-0.0009066251,-0.6245909,-7.99975],"to":[15.99909,1.375409,0.0002503395],"faces":{"down":{"uv":[4,6.9,2.4,7.7],"texture":"#0"},"up":{"uv":[2.4,7.7,0.8,6.9],"texture":"#0"},"north":{"uv":[0.8,7.7,2.4,7.9],"texture":"#0"},"south":{"uv":[3.2,7.7,4.8,7.9],"texture":"#0"},"west":{"uv":[2.4,7.7,3.2,7.9],"texture":"#0"},"east":{"uv":[0,7.7,0.8,7.9],"texture":"#0"}}},{"from":[3.999684,15.37401,15.99929],"to":[11.99968,17.37401,23.99929],"faces":{"down":{"uv":[7.2,6.9,6.4,7.7],"texture":"#0"},"up":{"uv":[6.4,7.7,5.6,6.9],"texture":"#0"},"north":{"uv":[5.6,7.7,6.4,7.9],"texture":"#0"},"south":{"uv":[7.2,7.7,8,7.9],"texture":"#0"},"west":{"uv":[6.4,7.7,7.2,7.9],"texture":"#0"},"east":{"uv":[4.8,7.7,5.6,7.9],"texture":"#0"}}},{"from":[3.999166,15.37561,-7.9999],"to":[11.99917,17.37561,0.0001001358],"faces":{"down":{"uv":[10.4,6.9,9.6,7.7],"texture":"#0"},"up":{"uv":[9.6,7.7,8.8,6.9],"texture":"#0"},"north":{"uv":[8.8,7.7,9.6,7.9],"texture":"#0"},"south":{"uv":[10.4,7.7,11.2,7.9],"texture":"#0"},"west":{"uv":[9.6,7.7,10.4,7.9],"texture":"#0"},"east":{"uv":[8,7.7,8.8,7.9],"texture":"#0"}}},{"from":[5.999681,17.37528,18.00084],"to":[9.999681,18.37528,22.00084],"faces":{"down":{"uv":[1.2,7.9,0.8,8.3],"texture":"#0"},"up":{"uv":[0.8,8.3,0.4,7.9],"texture":"#0"},"north":{"uv":[0.4,8.3,0.8,8.4],"texture":"#0"},"south":{"uv":[1.2,8.3,1.6,8.4],"texture":"#0"},"west":{"uv":[0.8,8.3,1.2,8.4],"texture":"#0"},"east":{"uv":[0,8.3,0.4,8.4],"texture":"#0"}}},{"from":[6.000647,17.37527,-6.000602],"to":[10.00065,18.37527,-2.000602],"faces":{"down":{"uv":[2.8,7.9,2.4,8.3],"texture":"#0"},"up":{"uv":[2.4,8.3,2,7.9],"texture":"#0"},"north":{"uv":[2,8.3,2.4,8.4],"texture":"#0"},"south":{"uv":[2.8,8.3,3.2,8.4],"texture":"#0"},"west":{"uv":[2.4,8.3,2.8,8.4],"texture":"#0"},"east":{"uv":[1.6,8.3,2,8.4],"texture":"#0"}}},{"from":[6.000159,26.37477,-6.000194],"to":[10.00016,27.37477,-2.000194],"faces":{"down":{"uv":[4.4,7.9,4,8.3],"texture":"#0"},"up":{"uv":[4,8.3,3.6,7.9],"texture":"#0"},"north":{"uv":[3.6,8.3,4,8.4],"texture":"#0"},"south":{"uv":[4.4,8.3,4.8,8.4],"texture":"#0"},"west":{"uv":[4,8.3,4.4,8.4],"texture":"#0"},"east":{"uv":[3.2,8.3,3.6,8.4],"texture":"#0"}}},{"from":[6.000833,26.37506,17.9999],"to":[10.00083,27.37506,21.9999],"faces":{"down":{"uv":[1.2,8.4,0.8,8.8],"texture":"#0"},"up":{"uv":[0.8,8.8,0.4,8.4],"texture":"#0"},"north":{"uv":[0.4,8.8,0.8,8.9],"texture":"#0"},"south":{"uv":[1.2,8.8,1.6,8.9],"texture":"#0"},"west":{"uv":[0.8,8.8,1.2,8.9],"texture":"#0"},"east":{"uv":[0,8.8,0.4,8.9],"texture":"#0"}}},{"from":[5.999523,27.37404,-0.0007288926],"to":[9.999523,31.37404,15.99927],"faces":{"down":{"uv":[4,8.4,3.6,10],"texture":"#0"},"up":{"uv":[3.6,10,3.2,8.4],"texture":"#0"},"north":{"uv":[3.2,10,3.6,10.4],"texture":"#0"},"south":{"uv":[5.2,10,5.6,10.4],"texture":"#0"},"west":{"uv":[3.6,10,5.2,10.4],"texture":"#0"},"east":{"uv":[1.6,10,3.2,10.4],"texture":"#0"}}}],"display":{"thirdperson_righthand":{"rotation":[0,90,0],"scale":[0.2,0.2,0.2]},"thirdperson_lefthand":{"rotation":[0,-90,0],"scale":[0.2,0.2,0.2]},"firstperson_righthand":{"rotation":[0,-136,0],"scale":[0.3,0.3,0.3]},"firstperson_lefthand":{"rotation":[0,36,0],"scale":[0.3,0.3,0.3]},"gui":{"rotation":[23,-121,0],"translation":[0,-2.086,0],"scale":[0.3,0.3,0.3]},"head":{"rotation":[0,-90,30],"translation":[0,-25.72,-18.08],"scale":[4,4,4]},"ground":{"scale":[0.5,0.5,0.5]},"fixed":{"rotation":[0,91,0],"translation":[0,-4.173,0],"scale":[0.5,0.5,0.5]}}}