{"textures":{"0":"gameitems/customblocks/tradingmachine","particle":"gameitems/customblocks/tradingmachine"},"elements":[{"from":[0.0002657077,-0.6251794,0.0008704462],"to":[16.00027,7.374821,16.00087],"faces":{"down":{"uv":[4.8,0,3.2,1.6],"texture":"#0"},"up":{"uv":[3.2,1.6,1.6,0],"texture":"#0"},"north":{"uv":[1.6,1.6,3.2,2.4],"texture":"#0"},"south":{"uv":[4.8,1.6,6.4,2.4],"texture":"#0"},"west":{"uv":[3.2,1.6,4.8,2.4],"texture":"#0"},"east":{"uv":[0,1.6,1.6,2.4],"texture":"#0"}}},{"from":[0.0004899371,5.375787,-7.999963],"to":[16.00049,15.37579,3.671646E-05],"faces":{"down":{"uv":[10.4,0,8.8,0.8000002],"texture":"#0"},"up":{"uv":[8.8,0.8000002,7.2,0],"texture":"#0"},"north":{"uv":[7.2,0.8000002,8.8,1.8],"texture":"#0"},"south":{"uv":[9.6,0.8000002,11.2,1.8],"texture":"#0"},"west":{"uv":[8.8,0.8000002,9.6,1.8],"texture":"#0"},"east":{"uv":[6.4,0.8000002,7.2,1.8],"texture":"#0"}}},{"from":[-0.0002385933,5.375014,15.99943],"to":[15.99976,15.37501,23.99943],"faces":{"down":{"uv":[15.2,0,13.6,0.8000002],"texture":"#0"},"up":{"uv":[13.6,0.8000002,12,0],"texture":"#0"},"north":{"uv":[12,0.8000002,13.6,1.8],"texture":"#0"},"south":{"uv":[14.4,0.8000002,16,1.8],"texture":"#0"},"west":{"uv":[13.6,0.8000002,14.4,1.8],"texture":"#0"},"east":{"uv":[11.2,0.8000002,12,1.8],"texture":"#0"}}},{"from":[4.000296,27.37524,15.99904],"to":[12.0003,31.37524,23.99903],"faces":{"down":{"uv":[2.4,2.4,1.6,3.2],"texture":"#0"},"up":{"uv":[1.6,3.2,0.8,2.4],"texture":"#0"},"north":{"uv":[0.8,3.2,1.6,3.6],"texture":"#0"},"south":{"uv":[2.4,3.2,3.2,3.6],"texture":"#0"},"west":{"uv":[1.6,3.2,2.4,3.6],"texture":"#0"},"east":{"uv":[0,3.2,0.8,3.6],"texture":"#0"}}},{"from":[4.000839,27.37596,-8.000183],"to":[12.00084,31.37596,-0.0001831055],"faces":{"down":{"uv":[5.6,2.4,4.8,3.2],"texture":"#0"},"up":{"uv":[4.8,3.2,4,2.4],"texture":"#0"},"north":{"uv":[4,3.2,4.8,3.6],"texture":"#0"},"south":{"uv":[5.6,3.2,6.4,3.6],"texture":"#0"},"west":{"uv":[4.8,3.2,5.6,3.6],"texture":"#0"},"east":{"uv":[3.2,3.2,4,3.6],"texture":"#0"}}},{"from":[-0.0006947277,20.37498,2.000036],"to":[15.99931,29.37498,14.00004],"faces":{"down":{"uv":[10.8,2.4,9.2,3.6],"texture":"#0"},"up":{"uv":[9.2,3.6,7.6,2.4],"texture":"#0"},"north":{"uv":[7.6,3.6,9.2,4.5],"texture":"#0"},"south":{"uv":[10.4,3.6,12,4.5],"texture":"#0"},"west":{"uv":[9.2,3.6,10.4,4.5],"texture":"#0"},"east":{"uv":[6.4,3.6,7.6,4.5],"texture":"#0"}}},{"from":[4.000508,15.37446,3.999763],"to":[12.00051,20.37446,11.99976],"faces":{"down":{"uv":[2.4,4.5,1.6,5.3],"texture":"#0"},"up":{"uv":[1.6,5.3,0.8,4.5],"texture":"#0"},"north":{"uv":[0.8,5.3,1.6,5.8],"texture":"#0"},"south":{"uv":[2.4,5.3,3.2,5.8],"texture":"#0"},"west":{"uv":[1.6,5.3,2.4,5.8],"texture":"#0"},"east":{"uv":[0,5.3,0.8,5.8],"texture":"#0"}}},{"from":[1.999557,7.374156,-0.0001814255],"to":[13.99956,15.37416,15.99982],"faces":{"down":{"uv":[7.2,4.5,6,6.1],"texture":"#0"},"up":{"uv":[6,6.1,4.8,4.5],"texture":"#0"},"north":{"uv":[4.8,6.1,6,6.9],"texture":"#0"},"south":{"uv":[7.6,6.1,8.8,6.9],"texture":"#0"},"west":{"uv":[6,6.1,7.6,6.9],"texture":"#0"},"east":{"uv":[3.2,6.1,4.8,6.9],"texture":"#0"}}},{"from":[0.0007405024,-0.62598,15.9993],"to":[16.00074,1.37402,23.9993],"faces":{"down":{"uv":[12.8,4.5,11.2,5.3],"texture":"#0"},"up":{"uv":[11.2,5.3,9.6,4.5],"texture":"#0"},"north":{"uv":[9.6,5.3,11.2,5.5],"texture":"#0"},"south":{"uv":[12,5.3,13.6,5.5],"texture":"#0"},"west":{"uv":[11.2,5.3,12,5.5],"texture":"#0"},"east":{"uv":[8.8,5.3,9.6,5.5],"texture":"#0"}}},{"from":[-0.0001205157,-0.6255549,-7.999805],"to":[15.99988,1.374445,0.0001950264],"faces":{"down":{"uv":[4,6.9,2.4,7.7],"texture":"#0"},"up":{"uv":[2.4,7.7,0.8,6.9],"texture":"#0"},"north":{"uv":[0.8,7.7,2.4,7.9],"texture":"#0"},"south":{"uv":[3.2,7.7,4.8,7.9],"texture":"#0"},"west":{"uv":[2.4,7.7,3.2,7.9],"texture":"#0"},"east":{"uv":[0,7.7,0.8,7.9],"texture":"#0"}}},{"from":[3.999305,15.37586,16.00066],"to":[11.99931,17.37586,24.00066],"faces":{"down":{"uv":[7.2,6.9,6.4,7.7],"texture":"#0"},"up":{"uv":[6.4,7.7,5.6,6.9],"texture":"#0"},"north":{"uv":[5.6,7.7,6.4,7.9],"texture":"#0"},"south":{"uv":[7.2,7.7,8,7.9],"texture":"#0"},"west":{"uv":[6.4,7.7,7.2,7.9],"texture":"#0"},"east":{"uv":[4.8,7.7,5.6,7.9],"texture":"#0"}}},{"from":[4.000037,15.37444,-8.000649],"to":[12.00004,17.37444,-0.0006494522],"faces":{"down":{"uv":[10.4,6.9,9.6,7.7],"texture":"#0"},"up":{"uv":[9.6,7.7,8.8,6.9],"texture":"#0"},"north":{"uv":[8.8,7.7,9.6,7.9],"texture":"#0"},"south":{"uv":[10.4,7.7,11.2,7.9],"texture":"#0"},"west":{"uv":[9.6,7.7,10.4,7.9],"texture":"#0"},"east":{"uv":[8,7.7,8.8,7.9],"texture":"#0"}}},{"from":[6.000864,17.37595,18.00091],"to":[10.00086,18.37595,22.00091],"faces":{"down":{"uv":[1.2,7.9,0.8,8.3],"texture":"#0"},"up":{"uv":[0.8,8.3,0.4,7.9],"texture":"#0"},"north":{"uv":[0.4,8.3,0.8,8.4],"texture":"#0"},"south":{"uv":[1.2,8.3,1.6,8.4],"texture":"#0"},"west":{"uv":[0.8,8.3,1.2,8.4],"texture":"#0"},"east":{"uv":[0,8.3,0.4,8.4],"texture":"#0"}}},{"from":[6.00095,17.37503,-5.99973],"to":[10.00095,18.37503,-1.99973],"faces":{"down":{"uv":[2.8,7.9,2.4,8.3],"texture":"#0"},"up":{"uv":[2.4,8.3,2,7.9],"texture":"#0"},"north":{"uv":[2,8.3,2.4,8.4],"texture":"#0"},"south":{"uv":[2.8,8.3,3.2,8.4],"texture":"#0"},"west":{"uv":[2.4,8.3,2.8,8.4],"texture":"#0"},"east":{"uv":[1.6,8.3,2,8.4],"texture":"#0"}}},{"from":[6.000764,26.37497,-6.000658],"to":[10.00076,27.37497,-2.000658],"faces":{"down":{"uv":[4.4,7.9,4,8.3],"texture":"#0"},"up":{"uv":[4,8.3,3.6,7.9],"texture":"#0"},"north":{"uv":[3.6,8.3,4,8.4],"texture":"#0"},"south":{"uv":[4.4,8.3,4.8,8.4],"texture":"#0"},"west":{"uv":[4,8.3,4.4,8.4],"texture":"#0"},"east":{"uv":[3.2,8.3,3.6,8.4],"texture":"#0"}}},{"from":[5.999845,26.37552,18.0002],"to":[9.999845,27.37552,22.0002],"faces":{"down":{"uv":[1.2,8.4,0.8,8.8],"texture":"#0"},"up":{"uv":[0.8,8.8,0.4,8.4],"texture":"#0"},"north":{"uv":[0.4,8.8,0.8,8.9],"texture":"#0"},"south":{"uv":[1.2,8.8,1.6,8.9],"texture":"#0"},"west":{"uv":[0.8,8.8,1.2,8.9],"texture":"#0"},"east":{"uv":[0,8.8,0.4,8.9],"texture":"#0"}}},{"from":[6.000529,27.37572,-0.0008587368],"to":[10.00053,31.37572,15.99914],"faces":{"down":{"uv":[4,8.4,3.6,10],"texture":"#0"},"up":{"uv":[3.6,10,3.2,8.4],"texture":"#0"},"north":{"uv":[3.2,10,3.6,10.4],"texture":"#0"},"south":{"uv":[5.2,10,5.6,10.4],"texture":"#0"},"west":{"uv":[3.6,10,5.2,10.4],"texture":"#0"},"east":{"uv":[1.6,10,3.2,10.4],"texture":"#0"}}}],"display":{"thirdperson_righthand":{"rotation":[0,90,0],"scale":[0.2,0.2,0.2]},"thirdperson_lefthand":{"rotation":[0,-90,0],"scale":[0.2,0.2,0.2]},"firstperson_righthand":{"rotation":[0,-136,0],"scale":[0.3,0.3,0.3]},"firstperson_lefthand":{"rotation":[0,36,0],"scale":[0.3,0.3,0.3]},"gui":{"rotation":[23,-121,0],"translation":[0,-2.086,0],"scale":[0.3,0.3,0.3]},"head":{"rotation":[-30,0,0],"translation":[0,-20.82,-17.37],"scale":[4,4,4]},"ground":{"scale":[0.5,0.5,0.5]},"fixed":{"rotation":[0,91,0],"translation":[0,-4.173,0],"scale":[0.5,0.5,0.5]}}}