{"textures":{"0":"gameitems/customblocks/tradingmachine","particle":"gameitems/customblocks/tradingmachine"},"elements":[{"from":[0.0007840497,-0.6241342,-0.000835728],"to":[16.00078,7.375866,15.99916],"faces":{"down":{"uv":[4.8,0,3.2,1.6],"texture":"#0"},"up":{"uv":[3.2,1.6,1.6,0],"texture":"#0"},"north":{"uv":[1.6,1.6,3.2,2.4],"texture":"#0"},"south":{"uv":[4.8,1.6,6.4,2.4],"texture":"#0"},"west":{"uv":[3.2,1.6,4.8,2.4],"texture":"#0"},"east":{"uv":[0,1.6,1.6,2.4],"texture":"#0"}}},{"from":[-0.0003606151,5.375159,-8.000149],"to":[15.99964,15.37516,-0.0001487732],"faces":{"down":{"uv":[10.4,0,8.8,0.8000002],"texture":"#0"},"up":{"uv":[8.8,0.8000002,7.2,0],"texture":"#0"},"north":{"uv":[7.2,0.8000002,8.8,1.8],"texture":"#0"},"south":{"uv":[9.6,0.8000002,11.2,1.8],"texture":"#0"},"west":{"uv":[8.8,0.8000002,9.6,1.8],"texture":"#0"},"east":{"uv":[6.4,0.8000002,7.2,1.8],"texture":"#0"}}},{"from":[-0.0002028357,5.374897,16.00014],"to":[15.9998,15.3749,24.00014],"faces":{"down":{"uv":[15.2,0,13.6,0.8000002],"texture":"#0"},"up":{"uv":[13.6,0.8000002,12,0],"texture":"#0"},"north":{"uv":[12,0.8000002,13.6,1.8],"texture":"#0"},"south":{"uv":[14.4,0.8000002,16,1.8],"texture":"#0"},"west":{"uv":[13.6,0.8000002,14.4,1.8],"texture":"#0"},"east":{"uv":[11.2,0.8000002,12,1.8],"texture":"#0"}}},{"from":[4.000968,27.37561,16.00098],"to":[12.00097,31.37561,24.00098],"faces":{"down":{"uv":[2.4,2.4,1.6,3.2],"texture":"#0"},"up":{"uv":[1.6,3.2,0.8,2.4],"texture":"#0"},"north":{"uv":[0.8,3.2,1.6,3.6],"texture":"#0"},"south":{"uv":[2.4,3.2,3.2,3.6],"texture":"#0"},"west":{"uv":[1.6,3.2,2.4,3.6],"texture":"#0"},"east":{"uv":[0,3.2,0.8,3.6],"texture":"#0"}}},{"from":[4.000902,27.3757,-7.999418],"to":[12.0009,31.3757,0.0005822182],"faces":{"down":{"uv":[5.6,2.4,4.8,3.2],"texture":"#0"},"up":{"uv":[4.8,3.2,4,2.4],"texture":"#0"},"north":{"uv":[4,3.2,4.8,3.6],"texture":"#0"},"south":{"uv":[5.6,3.2,6.4,3.6],"texture":"#0"},"west":{"uv":[4.8,3.2,5.6,3.6],"texture":"#0"},"east":{"uv":[3.2,3.2,4,3.6],"texture":"#0"}}},{"from":[-0.000687808,20.37598,1.999981],"to":[15.99931,29.37598,13.99998],"faces":{"down":{"uv":[10.8,2.4,9.2,3.6],"texture":"#0"},"up":{"uv":[9.2,3.6,7.6,2.4],"texture":"#0"},"north":{"uv":[7.6,3.6,9.2,4.5],"texture":"#0"},"south":{"uv":[10.4,3.6,12,4.5],"texture":"#0"},"west":{"uv":[9.2,3.6,10.4,4.5],"texture":"#0"},"east":{"uv":[6.4,3.6,7.6,4.5],"texture":"#0"}}},{"from":[4.00081,15.37478,3.99926],"to":[12.00081,20.37478,11.99926],"faces":{"down":{"uv":[2.4,4.5,1.6,5.3],"texture":"#0"},"up":{"uv":[1.6,5.3,0.8,4.5],"texture":"#0"},"north":{"uv":[0.8,5.3,1.6,5.8],"texture":"#0"},"south":{"uv":[2.4,5.3,3.2,5.8],"texture":"#0"},"west":{"uv":[1.6,5.3,2.4,5.8],"texture":"#0"},"east":{"uv":[0,5.3,0.8,5.8],"texture":"#0"}}},{"from":[1.999475,7.374053,0.0001641468],"to":[13.99948,15.37405,16.00016],"faces":{"down":{"uv":[7.2,4.5,6,6.1],"texture":"#0"},"up":{"uv":[6,6.1,4.8,4.5],"texture":"#0"},"north":{"uv":[4.8,6.1,6,6.9],"texture":"#0"},"south":{"uv":[7.6,6.1,8.8,6.9],"texture":"#0"},"west":{"uv":[6,6.1,7.6,6.9],"texture":"#0"},"east":{"uv":[3.2,6.1,4.8,6.9],"texture":"#0"}}},{"from":[-0.0002386958,-0.625824,16.0009],"to":[15.99976,1.374176,24.0009],"faces":{"down":{"uv":[12.8,4.5,11.2,5.3],"texture":"#0"},"up":{"uv":[11.2,5.3,9.6,4.5],"texture":"#0"},"north":{"uv":[9.6,5.3,11.2,5.5],"texture":"#0"},"south":{"uv":[12,5.3,13.6,5.5],"texture":"#0"},"west":{"uv":[11.2,5.3,12,5.5],"texture":"#0"},"east":{"uv":[8.8,5.3,9.6,5.5],"texture":"#0"}}},{"from":[0.0003972638,-0.624733,-8.000238],"to":[16.0004,1.375267,-0.0002384186],"faces":{"down":{"uv":[4,6.9,2.4,7.7],"texture":"#0"},"up":{"uv":[2.4,7.7,0.8,6.9],"texture":"#0"},"north":{"uv":[0.8,7.7,2.4,7.9],"texture":"#0"},"south":{"uv":[3.2,7.7,4.8,7.9],"texture":"#0"},"west":{"uv":[2.4,7.7,3.2,7.9],"texture":"#0"},"east":{"uv":[0,7.7,0.8,7.9],"texture":"#0"}}},{"from":[4.000587,15.3751,15.99915],"to":[12.00059,17.3751,23.99915],"faces":{"down":{"uv":[7.2,6.9,6.4,7.7],"texture":"#0"},"up":{"uv":[6.4,7.7,5.6,6.9],"texture":"#0"},"north":{"uv":[5.6,7.7,6.4,7.9],"texture":"#0"},"south":{"uv":[7.2,7.7,8,7.9],"texture":"#0"},"west":{"uv":[6.4,7.7,7.2,7.9],"texture":"#0"},"east":{"uv":[4.8,7.7,5.6,7.9],"texture":"#0"}}},{"from":[3.999424,15.37477,-7.999937],"to":[11.99942,17.37477,6.341934E-05],"faces":{"down":{"uv":[10.4,6.9,9.6,7.7],"texture":"#0"},"up":{"uv":[9.6,7.7,8.8,6.9],"texture":"#0"},"north":{"uv":[8.8,7.7,9.6,7.9],"texture":"#0"},"south":{"uv":[10.4,7.7,11.2,7.9],"texture":"#0"},"west":{"uv":[9.6,7.7,10.4,7.9],"texture":"#0"},"east":{"uv":[8,7.7,8.8,7.9],"texture":"#0"}}},{"from":[6.000639,17.37524,17.99995],"to":[10.00064,18.37524,21.99995],"faces":{"down":{"uv":[1.2,7.9,0.8,8.3],"texture":"#0"},"up":{"uv":[0.8,8.3,0.4,7.9],"texture":"#0"},"north":{"uv":[0.4,8.3,0.8,8.4],"texture":"#0"},"south":{"uv":[1.2,8.3,1.6,8.4],"texture":"#0"},"west":{"uv":[0.8,8.3,1.2,8.4],"texture":"#0"},"east":{"uv":[0,8.3,0.4,8.4],"texture":"#0"}}},{"from":[6.000645,17.37471,-6.000766],"to":[10.00064,18.37471,-2.000766],"faces":{"down":{"uv":[2.8,7.9,2.4,8.3],"texture":"#0"},"up":{"uv":[2.4,8.3,2,7.9],"texture":"#0"},"north":{"uv":[2,8.3,2.4,8.4],"texture":"#0"},"south":{"uv":[2.8,8.3,3.2,8.4],"texture":"#0"},"west":{"uv":[2.4,8.3,2.8,8.4],"texture":"#0"},"east":{"uv":[1.6,8.3,2,8.4],"texture":"#0"}}},{"from":[6.000342,26.37591,-5.999753],"to":[10.00034,27.37591,-1.999753],"faces":{"down":{"uv":[4.4,7.9,4,8.3],"texture":"#0"},"up":{"uv":[4,8.3,3.6,7.9],"texture":"#0"},"north":{"uv":[3.6,8.3,4,8.4],"texture":"#0"},"south":{"uv":[4.4,8.3,4.8,8.4],"texture":"#0"},"west":{"uv":[4,8.3,4.4,8.4],"texture":"#0"},"east":{"uv":[3.2,8.3,3.6,8.4],"texture":"#0"}}},{"from":[5.999486,26.37419,17.99983],"to":[9.999487,27.37419,21.99983],"faces":{"down":{"uv":[1.2,8.4,0.8,8.8],"texture":"#0"},"up":{"uv":[0.8,8.8,0.4,8.4],"texture":"#0"},"north":{"uv":[0.4,8.8,0.8,8.9],"texture":"#0"},"south":{"uv":[1.2,8.8,1.6,8.9],"texture":"#0"},"west":{"uv":[0.8,8.8,1.2,8.9],"texture":"#0"},"east":{"uv":[0,8.8,0.4,8.9],"texture":"#0"}}},{"from":[6.000664,27.37468,0.0005939958],"to":[10.00066,31.37468,16.00059],"faces":{"down":{"uv":[4,8.4,3.6,10],"texture":"#0"},"up":{"uv":[3.6,10,3.2,8.4],"texture":"#0"},"north":{"uv":[3.2,10,3.6,10.4],"texture":"#0"},"south":{"uv":[5.2,10,5.6,10.4],"texture":"#0"},"west":{"uv":[3.6,10,5.2,10.4],"texture":"#0"},"east":{"uv":[1.6,10,3.2,10.4],"texture":"#0"}}}],"display":{"thirdperson_righthand":{"rotation":[0,90,0],"scale":[0.2,0.2,0.2]},"thirdperson_lefthand":{"rotation":[0,-90,0],"scale":[0.2,0.2,0.2]},"firstperson_righthand":{"rotation":[0,-136,0],"scale":[0.3,0.3,0.3]},"firstperson_lefthand":{"rotation":[0,36,0],"scale":[0.3,0.3,0.3]},"gui":{"rotation":[23,-121,0],"translation":[0,-2.086,0],"scale":[0.3,0.3,0.3]},"head":{"rotation":[-30,180,0],"translation":[0,-20.82,-17.37],"scale":[4,4,4]},"ground":{"scale":[0.5,0.5,0.5]},"fixed":{"rotation":[0,91,0],"translation":[0,-4.173,0],"scale":[0.5,0.5,0.5]}}}