{"credit":"Made with Blockbench","parent":"egg","texture_size":[32,32],"textures":{"4":"incubator:cyan_egg"},"elements":[{"from":[1.56094,3.12348,1.56094],"to":[14.43906,5.6991,14.43906],"rotation":{"angle":0,"axis":"y","origin":[-2.3025,-16.19371,-2.3025]},"faces":{"north":{"uv":[2.375,10.75,3.3125,10.9375],"texture":"#4"},"east":{"uv":[3.375,10.75,4.3125,10.9375],"texture":"#4"},"south":{"uv":[4.375,10.75,5.3125,10.9375],"texture":"#4"},"west":{"uv":[10.375,10.75,11.3125,10.9375],"texture":"#4"},"up":{"uv":[4.1875,9.9375,3.25,9],"texture":"#4"},"down":{"uv":[5.1875,9,4.25,9.9375],"texture":"#4"}}},{"name":"cube_outline","from":[14.93004,5.88101,14.93004],"to":[1.06996,2.52947,1.06996],"rotation":{"angle":0,"axis":"y","origin":[-2.50855,-16.81186,-2.50855]},"faces":{"north":{"uv":[7.625,2.25,8.625,2.5],"texture":"#4"},"east":{"uv":[8.75,3.375,9.75,3.625],"texture":"#4"},"south":{"uv":[10.5,2.875,11.5,3.125],"texture":"#4"},"west":{"uv":[10.5,3.125,11.5,3.375],"texture":"#4"},"up":{"uv":[1,9.75,0,8.75],"texture":"#4"},"down":{"uv":[9.75,2.375,8.75,3.375],"texture":"#4"}}},{"name":"cube_outline","from":[15.0614,5.69711,15.0614],"to":[0.9386,2.29303,0.9386],"rotation":{"angle":0,"axis":"y","origin":[8,14.71379,8]},"faces":{"north":{"uv":[10.5,3.375,11.5,3.625],"texture":"#4"},"east":{"uv":[10.5,3.625,11.5,3.875],"texture":"#4"},"south":{"uv":[10.5,3.875,11.5,4.125],"texture":"#4"},"west":{"uv":[10.5,4.125,11.5,4.375],"texture":"#4"},"up":{"uv":[9.75,8.25,8.75,7.25],"texture":"#4"},"down":{"uv":[9.875,0,8.875,1],"texture":"#4"}}},{"from":[0.27313,5.6991,0.27313],"to":[15.72687,19.86504,15.72687],"rotation":{"angle":0,"axis":"y","origin":[-2.3025,-16.19371,-2.3025]},"faces":{"north":{"uv":[5,8,6.0625,9],"texture":"#4"},"east":{"uv":[6.125,8,7.1875,9],"texture":"#4"},"south":{"uv":[1.125,8.625,2.1875,9.625],"texture":"#4"},"west":{"uv":[8.625,3.625,9.6875,4.625],"texture":"#4"},"up":{"uv":[8.6875,2.1875,7.625,1.125],"texture":"#4"},"down":{"uv":[8.6875,6.5,7.625,7.5625],"texture":"#4"}}},{"from":[0.11859,5.51881,0.11859],"to":[15.88141,19.96806,15.88141],"rotation":{"angle":0,"axis":"y","origin":[8,14.71379,8]},"faces":{"north":{"uv":[7.625,7.625,8.75,8.625],"texture":"#4"},"east":{"uv":[0,7.75,1.125,8.75],"texture":"#4"},"south":{"uv":[2.75,8,3.875,9],"texture":"#4"},"west":{"uv":[3.875,8,5,9],"texture":"#4"},"up":{"uv":[7.375,5.375,6.25,4.25],"texture":"#4"},"down":{"uv":[3.875,6.875,2.75,8],"texture":"#4"}}},{"name":"cube_outline","from":[16.24361,20.33026,16.24361],"to":[-0.24361,5.15661,-0.24361],"rotation":{"angle":0,"axis":"y","origin":[-2.50855,-16.81186,-2.50855]},"faces":{"north":{"uv":[3.875,6.875,5.0625,7.9375],"texture":"#4"},"east":{"uv":[5.125,6.875,6.3125,7.9375],"texture":"#4"},"south":{"uv":[6.375,6.875,7.5625,7.9375],"texture":"#4"},"west":{"uv":[7.375,4.25,8.5625,5.3125],"texture":"#4"},"up":{"uv":[2.6875,7.4375,1.5,6.25],"texture":"#4"},"down":{"uv":[7.4375,3,6.25,4.1875],"texture":"#4"}}},{"name":"cube_outline","from":[16.40124,20.43535,16.40124],"to":[-0.40124,4.97271,-0.40124],"rotation":{"angle":0,"axis":"y","origin":[8,14.71379,8]},"faces":{"north":{"uv":[1.5,7.5,2.6875,8.5625],"texture":"#4"},"east":{"uv":[7.5,2.5,8.6875,3.5625],"texture":"#4"},"south":{"uv":[7.5,5.375,8.6875,6.4375],"texture":"#4"},"west":{"uv":[7.625,0,8.8125,1.0625],"texture":"#4"},"up":{"uv":[7.5625,1.1875,6.375,0],"texture":"#4"},"down":{"uv":[7.5625,1.25,6.375,2.4375],"texture":"#4"}}},{"from":[1.56094,19.86504,1.56094],"to":[14.43906,23.72847,14.43906],"rotation":{"angle":0,"axis":"y","origin":[-2.3025,-16.19371,-2.3025]},"faces":{"north":{"uv":[10.5,4.375,11.4375,4.625],"texture":"#4"},"east":{"uv":[10.5,5.25,11.4375,5.5],"texture":"#4"},"south":{"uv":[10.5,5.5,11.4375,5.75],"texture":"#4"},"west":{"uv":[10.5,5.75,11.4375,6],"texture":"#4"},"up":{"uv":[6.1875,9.9375,5.25,9],"texture":"#4"},"down":{"uv":[7.1875,9,6.25,9.9375],"texture":"#4"}}},{"from":[1.43216,19.96806,1.43216],"to":[14.56784,23.90877,14.56784],"rotation":{"angle":0,"axis":"y","origin":[8,14.71379,8]},"faces":{"north":{"uv":[10.5,8.25,11.4375,8.5],"texture":"#4"},"east":{"uv":[10.5,8.5,11.4375,8.75],"texture":"#4"},"south":{"uv":[10.5,10.25,11.4375,10.5],"texture":"#4"},"west":{"uv":[10.5,10.5,11.4375,10.75],"texture":"#4"},"up":{"uv":[10.1875,10.1875,9.25,9.25],"texture":"#4"},"down":{"uv":[1.9375,9.625,1,10.5625],"texture":"#4"}}},{"name":"cube_outline","from":[14.93004,24.27097,14.93004],"to":[1.06996,19.60586,1.06996],"rotation":{"angle":0,"axis":"y","origin":[-2.50855,-16.81186,-2.50855]},"faces":{"north":{"uv":[10.25,4.875,11.25,5.1875],"texture":"#4"},"east":{"uv":[8.5,10.25,9.5,10.5625],"texture":"#4"},"south":{"uv":[10.25,9.125,11.25,9.4375],"texture":"#4"},"west":{"uv":[9.5,10.25,10.5,10.5625],"texture":"#4"},"up":{"uv":[9.75,6.25,8.75,5.25],"texture":"#4"},"down":{"uv":[9.75,6.25,8.75,7.25],"texture":"#4"}}},{"name":"cube_outline","from":[15.0614,24.45487,15.0614],"to":[0.9386,19.71095,0.9386],"rotation":{"angle":0,"axis":"y","origin":[8,14.71379,8]},"faces":{"north":{"uv":[10.25,9.5,11.25,9.8125],"texture":"#4"},"east":{"uv":[10.25,9.875,11.25,10.1875],"texture":"#4"},"south":{"uv":[10.375,1.125,11.375,1.4375],"texture":"#4"},"west":{"uv":[10.375,1.5,11.375,1.8125],"texture":"#4"},"up":{"uv":[9.875,9.25,8.875,8.25],"texture":"#4"},"down":{"uv":[3.25,9,2.25,10],"texture":"#4"}}},{"from":[4.13656,23.72847,4.13656],"to":[11.86344,26.3041,11.86344],"rotation":{"angle":0,"axis":"y","origin":[-2.3025,-16.19371,-2.3025]},"faces":{"north":{"uv":[9.5,11,10.0625,11.1875],"texture":"#4"},"east":{"uv":[10.125,11,10.6875,11.1875],"texture":"#4"},"south":{"uv":[10.75,11,11.3125,11.1875],"texture":"#4"},"west":{"uv":[1.75,11.125,2.3125,11.3125],"texture":"#4"},"up":{"uv":[6.5625,10.5625,6,10],"texture":"#4"},"down":{"uv":[7.1875,10,6.625,10.5625],"texture":"#4"}}},{"from":[4.05929,23.90877,4.05929],"to":[11.94071,26.5359,11.94071],"rotation":{"angle":0,"axis":"y","origin":[8,14.71379,8]},"faces":{"north":{"uv":[7.25,11.125,7.8125,11.3125],"texture":"#4"},"east":{"uv":[0,11.25,0.5625,11.4375],"texture":"#4"},"south":{"uv":[0.625,11.25,1.1875,11.4375],"texture":"#4"},"west":{"uv":[2.375,11.25,2.9375,11.4375],"texture":"#4"},"up":{"uv":[7.8125,10.8125,7.25,10.25],"texture":"#4"},"down":{"uv":[8.4375,10.25,7.875,10.8125],"texture":"#4"}}},{"name":"cube_outline","from":[12.30291,26.8981,12.30291],"to":[3.69709,23.54657,3.69709],"rotation":{"angle":0,"axis":"y","origin":[-2.50855,-16.81186,-2.50855]},"faces":{"north":{"uv":[5.375,10.75,6,11],"texture":"#4"},"east":{"uv":[0.5,11,1.125,11.25],"texture":"#4"},"south":{"uv":[1.125,11,1.75,11.25],"texture":"#4"},"west":{"uv":[2.375,11,3,11.25],"texture":"#4"},"up":{"uv":[10.375,7.625,9.75,7],"texture":"#4"},"down":{"uv":[10.375,7.625,9.75,8.25],"texture":"#4"}}},{"name":"cube_outline","from":[12.38172,27.13455,12.38172],"to":[3.61828,23.73047,3.61828],"rotation":{"angle":0,"axis":"y","origin":[8,14.71379,8]},"faces":{"north":{"uv":[3,11,3.625,11.25],"texture":"#4"},"east":{"uv":[3.625,11,4.25,11.25],"texture":"#4"},"south":{"uv":[4.25,11,4.875,11.25],"texture":"#4"},"west":{"uv":[4.875,11,5.5,11.25],"texture":"#4"},"up":{"uv":[10.5,0.625,9.875,0],"texture":"#4"},"down":{"uv":[10.5,8.25,9.875,8.875],"texture":"#4"}}}],"display":{"thirdperson_righthand":{"scale":[0.23828,0.23828,0.23828]},"thirdperson_lefthand":{"scale":[0.23828,0.23828,0.23828]},"firstperson_righthand":{"translation":[3,0.5,0],"scale":[0.20508,0.20508,0.20508]},"firstperson_lefthand":{"translation":[3,0.5,0],"scale":[0.20508,0.20508,0.20508]},"ground":{"translation":[0,1.75,0],"scale":[0.39453,0.39453,0.39453]},"gui":{"rotation":[18.5,-28.75,0],"translation":[0,-3.25,0],"scale":[0.51563,0.51563,0.51563]},"head":{"translation":[0,-3.25,0],"scale":[1.17773,1.17773,1.17773]},"fixed":{"translation":[-0.5,-3,0.5],"scale":[0.59375,0.59375,0.59375]}}}