{"credit":"MadewithBlockbench","texture_size":[32,32],"textures":{"0":"saint_patricks_v1:texture1","1":"saint_patricks_v1:texture2","2":"saint_patricks_v1:texture3","5":"saint_patricks_v1:texture6","particle":"saint_patricks_v1:texture1"},"elements":[{"from":[0.7,-7.1,6],"to":[2.7,-5.1,10],"rotation":{"angle":45,"axis":"z","origin":[0.75,6,10]},"faces":{"north":{"uv":[4,14,3,13],"rotation":270,"texture":"#1"},"east":{"uv":[3,14,5,15],"rotation":180,"texture":"#1"},"south":{"uv":[4,14,3,13],"rotation":90,"texture":"#1"},"west":{"uv":[3,14,5,15],"texture":"#1"},"up":{"uv":[5,13,3,12],"rotation":90,"texture":"#1"},"down":{"uv":[5,13,3,12],"rotation":90,"texture":"#1"}}},{"from":[2.7,-7.1,10],"to":[4.7,-5.1,12],"rotation":{"angle":45,"axis":"z","origin":[0.75,6,10]},"faces":{"north":{"uv":[2,13,1,12],"rotation":270,"texture":"#1"},"east":{"uv":[2,9,1,10],"texture":"#1"},"south":{"uv":[1,12,0,11],"rotation":90,"texture":"#1"},"west":{"uv":[2,12,3,13],"texture":"#1"},"up":{"uv":[3,11,2,12],"rotation":270,"texture":"#1"},"down":{"uv":[3,12,2,11],"rotation":90,"texture":"#1"}}},{"from":[2.7,-7.1,4],"to":[4.7,-5.1,6],"rotation":{"angle":45,"axis":"z","origin":[0.75,6,10]},"faces":{"north":{"uv":[0,12,1,11],"rotation":270,"texture":"#1"},"east":{"uv":[1,9,2,10],"texture":"#1"},"south":{"uv":[1,13,2,12],"rotation":90,"texture":"#1"},"west":{"uv":[3,12,2,13],"texture":"#1"},"up":{"uv":[2,11,3,12],"rotation":270,"texture":"#1"},"down":{"uv":[2,12,3,11],"rotation":90,"texture":"#1"}}},{"from":[2.7,-7.1,6],"to":[8.7,-5.1,10],"rotation":{"angle":45,"axis":"z","origin":[0.75,6,10]},"faces":{"north":{"uv":[3,16,2,13],"rotation":270,"texture":"#1"},"east":{"uv":[0,12,2,13],"rotation":180,"texture":"#1"},"south":{"uv":[3,16,2,13],"rotation":90,"texture":"#1"},"west":{"uv":[0,12,2,13],"texture":"#1"},"up":{"uv":[2,16,0,13],"rotation":90,"texture":"#1"},"down":{"uv":[2,16,0,13],"rotation":90,"texture":"#1"}}},{"from":[-0.3,-7.1,10],"to":[2.7,-5.1,12],"rotation":{"angle":45,"axis":"z","origin":[0.75,6,10]},"faces":{"north":{"uv":[4.5,12,3,11],"texture":"#1"},"east":{"uv":[4,13,5,14],"rotation":180,"texture":"#1"},"south":{"uv":[1,11,0,9.5],"rotation":90,"texture":"#1"},"west":{"uv":[4,13,5,14],"texture":"#1"},"up":{"uv":[2.5,10,1,11],"rotation":180,"texture":"#1"},"down":{"uv":[2.5,11,1,10],"rotation":180,"texture":"#1"}}},{"from":[0.7,-7.1,12],"to":[3.7,-5.1,13],"rotation":{"angle":45,"axis":"z","origin":[0.75,6,10]},"faces":{"north":{"uv":[4,10,2.5,11],"texture":"#1"},"east":{"uv":[5.5,11,5,12],"rotation":180,"texture":"#1"},"south":{"uv":[4,10,2.5,11],"rotation":180,"texture":"#1"},"west":{"uv":[5,11,4.5,12],"texture":"#1"},"up":{"uv":[4,9.5,4.5,11],"rotation":270,"texture":"#1"},"down":{"uv":[4,11,4.5,9.5],"rotation":90,"texture":"#1"}}},{"from":[-0.3,-7.1,4],"to":[2.7,-5.1,6],"rotation":{"angle":45,"axis":"z","origin":[0.75,6,10]},"faces":{"north":{"uv":[0,11,1,9.5],"rotation":270,"texture":"#1"},"east":{"uv":[5,13,4,14],"rotation":180,"texture":"#1"},"south":{"uv":[4.5,11,3,12],"rotation":180,"texture":"#1"},"west":{"uv":[5,13,4,14],"texture":"#1"},"up":{"uv":[2.5,11,1,10],"rotation":180,"texture":"#1"},"down":{"uv":[2.5,10,1,11],"rotation":180,"texture":"#1"}}},{"from":[0.7,-7.1,3],"to":[3.7,-5.1,4],"rotation":{"angle":45,"axis":"z","origin":[0.75,6,10]},"faces":{"north":{"uv":[4,11,2.5,10],"texture":"#1"},"east":{"uv":[5,11,5.5,12],"rotation":180,"texture":"#1"},"south":{"uv":[4,11,2.5,10],"rotation":180,"texture":"#1"},"west":{"uv":[4.5,11,5,12],"texture":"#1"},"up":{"uv":[4.5,9.5,4,11],"rotation":270,"texture":"#1"},"down":{"uv":[4.5,11,4,9.5],"rotation":90,"texture":"#1"}}},{"from":[4.7,-7.1,5],"to":[6.7,-5.1,6],"rotation":{"angle":45,"axis":"z","origin":[0.75,6,10]},"faces":{"north":{"uv":[5.25,13,6.25,12],"rotation":270,"texture":"#1"},"east":{"uv":[7.25,12,6.75,13],"rotation":180,"texture":"#1"},"south":{"uv":[5.25,13,6.25,12],"rotation":90,"texture":"#1"},"west":{"uv":[7.25,12,6.75,13],"texture":"#1"},"up":{"uv":[6.75,13,6.25,12],"rotation":90,"texture":"#1"},"down":{"uv":[6.25,13,6.75,12],"rotation":90,"texture":"#1"}}},{"from":[3,-1,7],"to":[13,1,9],"rotation":{"angle":45,"axis":"z","origin":[8,4,8]},"faces":{"north":{"uv":[5.5,0,6.5,5],"rotation":90,"texture":"#2"},"east":{"uv":[5.5,5,6.5,6],"rotation":270,"texture":"#2"},"south":{"uv":[5.5,0,6.5,5],"rotation":270,"texture":"#2"},"west":{"uv":[5.5,5,6.5,6],"rotation":270,"texture":"#2"},"up":{"uv":[5.5,0,6.5,5],"rotation":270,"texture":"#2"},"down":{"uv":[5.5,0,6.5,5],"rotation":270,"texture":"#2"}}},{"from":[5,-6,8],"to":[19,8,8],"rotation":{"angle":-22.5,"axis":"z","origin":[4,5,20]},"faces":{"north":{"uv":[7,7,0,0],"rotation":270,"texture":"#0"},"east":{"uv":[0,0,0,7],"rotation":180,"texture":"#0"},"south":{"uv":[0,7,7,0],"rotation":90,"texture":"#0"},"west":{"uv":[0,7,0,0],"texture":"#0"},"up":{"uv":[0,7,0,0],"rotation":90,"texture":"#0"},"down":{"uv":[0,7,0,0],"rotation":90,"texture":"#0"}}},{"from":[-2,-7.5,8],"to":[-1,7.5,8],"rotation":{"angle":0,"axis":"y","origin":[16.5,-1.5,8]},"faces":{"north":{"uv":[6,10.5,6.5,3],"rotation":180,"texture":"#5"},"east":{"uv":[0,8,0,0],"rotation":180,"texture":"#5"},"south":{"uv":[6.5,10.5,6,3],"rotation":180,"texture":"#5"},"west":{"uv":[0,8,0,0],"rotation":180,"texture":"#5"},"up":{"uv":[0,0,0.5,0],"rotation":180,"texture":"#5"},"down":{"uv":[0,0,0.5,0],"rotation":180,"texture":"#5"}}},{"from":[4.5,-14.29929,5.9397],"to":[8.5,-10.29929,10.0397],"rotation":{"angle":-45,"axis":"z","origin":[11,0.00071,7.9397]},"faces":{"north":{"uv":[10,14,12,16],"texture":"#2"},"east":{"uv":[12,14,14,16],"texture":"#2"},"south":{"uv":[10,14,12,16],"rotation":270,"texture":"#2"},"west":{"uv":[14,14,16,16],"texture":"#2"},"up":{"uv":[16,16,14,14],"rotation":90,"texture":"#2"},"down":{"uv":[12,14,14,16],"rotation":270,"texture":"#2"}}},{"from":[-2,-3.5,6],"to":[6,-1.5,8],"rotation":{"angle":22.5,"axis":"z","origin":[6,2,8]},"faces":{"north":{"uv":[11.75,11.5,15.75,12.5],"texture":"#2"},"east":{"uv":[10.75,11.5,11.75,12.5],"texture":"#2"},"south":{"uv":[11.75,11.5,15.75,12.5],"texture":"#2"},"west":{"uv":[10.75,11.5,11.75,12.5],"texture":"#2"},"up":{"uv":[5.5,6,6.5,10],"rotation":90,"texture":"#2"},"down":{"uv":[11.75,10.5,15.75,11.5],"texture":"#2"}}},{"from":[4.7,-7.1,10],"to":[6.7,-5.1,11],"rotation":{"angle":45,"axis":"z","origin":[0.75,6,10]},"faces":{"north":{"uv":[6.25,13,5.25,12],"rotation":270,"texture":"#1"},"east":{"uv":[6.75,12,7.25,13],"rotation":180,"texture":"#1"},"south":{"uv":[6.25,13,5.25,12],"rotation":90,"texture":"#1"},"west":{"uv":[6.75,12,7.25,13],"texture":"#1"},"up":{"uv":[6.25,13,6.75,12],"rotation":90,"texture":"#1"},"down":{"uv":[6.75,13,6.25,12],"rotation":90,"texture":"#1"}}},{"from":[-2,-3.5,8],"to":[6,-1.5,10],"rotation":{"angle":22.5,"axis":"z","origin":[6,2,8]},"faces":{"north":{"uv":[11.75,11.5,15.75,12.5],"texture":"#2"},"east":{"uv":[10.75,11.5,11.75,12.5],"texture":"#2"},"south":{"uv":[11.75,11.5,15.75,12.5],"texture":"#2"},"west":{"uv":[10.75,11.5,11.75,12.5],"texture":"#2"},"up":{"uv":[5.5,6,6.5,10],"rotation":90,"texture":"#2"},"down":{"uv":[11.75,10.5,15.75,11.5],"texture":"#2"}}},{"from":[13,2,5],"to":[17,6,8],"rotation":{"angle":0,"axis":"y","origin":[-4,17,16]},"faces":{"north":{"uv":[11,10.5,9,8.5],"texture":"#1"},"east":{"uv":[14,10.5,12.5,8.5],"texture":"#1"},"south":{"uv":[11,10.5,9,8.5],"texture":"#1"},"west":{"uv":[12.5,10.5,14,8.5],"texture":"#1"},"up":{"uv":[11,8.5,12.5,10.5],"rotation":270,"texture":"#1"},"down":{"uv":[11,8.5,12.5,10.5],"rotation":90,"texture":"#1"}}},{"from":[13,2,8],"to":[17,6,11],"rotation":{"angle":0,"axis":"y","origin":[-4,17,0]},"faces":{"north":{"uv":[9,10.5,11,8.5],"texture":"#1"},"east":{"uv":[12.5,10.5,14,8.5],"texture":"#1"},"south":{"uv":[9,10.5,11,8.5],"texture":"#1"},"west":{"uv":[14,10.5,12.5,8.5],"texture":"#1"},"up":{"uv":[12.5,8.5,11,10.5],"rotation":270,"texture":"#1"},"down":{"uv":[12.5,8.5,11,10.5],"rotation":90,"texture":"#1"}}},{"from":[13,6,6.5],"to":[21,9,9.5],"rotation":{"angle":0,"axis":"y","origin":[18,6,7.5]},"faces":{"north":{"uv":[10.5,9,6.5,10.5],"rotation":180,"texture":"#2"},"east":{"uv":[8,12,9.5,10.5],"rotation":270,"texture":"#2"},"south":{"uv":[10.5,9,6.5,10.5],"texture":"#2"},"west":{"uv":[6.5,12,8,10.5],"rotation":270,"texture":"#2"},"up":{"uv":[16,12.5,12,14],"texture":"#2"},"down":{"uv":[16,12.5,12,14],"texture":"#2"}}},{"from":[14.95665,6.82052,7.46152],"to":[19.95665,9.82052,8.46152],"rotation":{"angle":22.5,"axis":"z","origin":[17.12388,7.5,7.96152]},"faces":{"north":{"uv":[0,12.5,1.5,10],"rotation":90,"texture":"#2"},"east":{"uv":[10,14.5,9.5,16],"texture":"#2"},"south":{"uv":[0,12.5,1.5,10],"rotation":270,"texture":"#2"},"west":{"uv":[10,14.5,9.5,16],"rotation":180,"texture":"#2"},"up":{"uv":[1.5,12.5,2,10],"rotation":270,"texture":"#2"},"down":{"uv":[1.5,12.5,2,10],"rotation":270,"texture":"#2"}}},{"from":[14.95665,5.17948,7.46152],"to":[19.95665,8.17948,8.46152],"rotation":{"angle":-22.5,"axis":"z","origin":[17.12388,7.5,7.96152]},"faces":{"north":{"uv":[1.5,12.5,0,10],"rotation":90,"texture":"#2"},"east":{"uv":[10,16,9.5,14.5],"texture":"#2"},"south":{"uv":[1.5,12.5,0,10],"rotation":270,"texture":"#2"},"west":{"uv":[10,16,9.5,14.5],"rotation":180,"texture":"#2"},"up":{"uv":[2,12.5,1.5,10],"rotation":270,"texture":"#2"},"down":{"uv":[2,12.5,1.5,10],"rotation":270,"texture":"#2"}}},{"from":[14.95615,7,7.27953],"to":[19.95615,8,10.27953],"rotation":{"angle":-22.5,"axis":"y","origin":[17.11732,7.5,7.96152]},"faces":{"north":{"uv":[1.5,12.5,2,10],"rotation":90,"texture":"#2"},"east":{"uv":[9.5,16,10,14.5],"rotation":90,"texture":"#2"},"south":{"uv":[1.5,12.5,2,10],"rotation":270,"texture":"#2"},"west":{"uv":[9.5,16,10,14.5],"rotation":90,"texture":"#2"},"up":{"uv":[0,12.5,1.5,10],"rotation":270,"texture":"#2"},"down":{"uv":[0,12.5,1.5,10],"rotation":270,"texture":"#2"}}},{"from":[14.95615,7,5.64352],"to":[19.95615,8,8.64352],"rotation":{"angle":22.5,"axis":"y","origin":[17.11732,7.5,7.96152]},"faces":{"north":{"uv":[2,12.5,1.5,10],"rotation":90,"texture":"#2"},"east":{"uv":[9.5,14.5,10,16],"rotation":90,"texture":"#2"},"south":{"uv":[2,12.5,1.5,10],"rotation":270,"texture":"#2"},"west":{"uv":[9.5,14.5,10,16],"rotation":90,"texture":"#2"},"up":{"uv":[1.5,12.5,0,10],"rotation":270,"texture":"#2"},"down":{"uv":[1.5,12.5,0,10],"rotation":270,"texture":"#2"}}},{"from":[0.7,20.1,6],"to":[2.7,22.1,10],"rotation":{"angle":-45,"axis":"z","origin":[0.75,9,10]},"faces":{"north":{"uv":[3,14,4,13],"rotation":270,"texture":"#1"},"east":{"uv":[3,15,5,14],"rotation":180,"texture":"#1"},"south":{"uv":[3,14,4,13],"rotation":90,"texture":"#1"},"west":{"uv":[3,15,5,14],"texture":"#1"},"up":{"uv":[3,13,5,12],"rotation":90,"texture":"#1"},"down":{"uv":[3,13,5,12],"rotation":90,"texture":"#1"}}},{"from":[2.7,20.1,10],"to":[4.7,22.1,12],"rotation":{"angle":-45,"axis":"z","origin":[0.75,9,10]},"faces":{"north":{"uv":[1,13,2,12],"rotation":270,"texture":"#1"},"east":{"uv":[2,10,1,9],"texture":"#1"},"south":{"uv":[0,12,1,11],"rotation":90,"texture":"#1"},"west":{"uv":[2,13,3,12],"texture":"#1"},"up":{"uv":[2,12,3,11],"rotation":90,"texture":"#1"},"down":{"uv":[2,11,3,12],"rotation":270,"texture":"#1"}}},{"from":[2.7,20.1,4],"to":[4.7,22.1,6],"rotation":{"angle":-45,"axis":"z","origin":[0.75,9,10]},"faces":{"north":{"uv":[1,12,0,11],"rotation":270,"texture":"#1"},"east":{"uv":[1,10,2,9],"texture":"#1"},"south":{"uv":[2,13,1,12],"rotation":90,"texture":"#1"},"west":{"uv":[3,13,2,12],"texture":"#1"},"up":{"uv":[3,12,2,11],"rotation":90,"texture":"#1"},"down":{"uv":[3,11,2,12],"rotation":270,"texture":"#1"}}},{"from":[2.7,20.1,6],"to":[8.7,22.1,10],"rotation":{"angle":-45,"axis":"z","origin":[0.75,9,10]},"faces":{"north":{"uv":[2,16,3,13],"rotation":270,"texture":"#1"},"east":{"uv":[0,13,2,12],"rotation":180,"texture":"#1"},"south":{"uv":[2,16,3,13],"rotation":90,"texture":"#1"},"west":{"uv":[0,13,2,12],"texture":"#1"},"up":{"uv":[0,16,2,13],"rotation":90,"texture":"#1"},"down":{"uv":[0,16,2,13],"rotation":90,"texture":"#1"}}},{"from":[-0.3,20.1,10],"to":[2.7,22.1,12],"rotation":{"angle":-45,"axis":"z","origin":[0.75,9,10]},"faces":{"north":{"uv":[4.5,11,3,12],"texture":"#1"},"east":{"uv":[4,14,5,13],"rotation":180,"texture":"#1"},"south":{"uv":[0,11,1,9.5],"rotation":90,"texture":"#1"},"west":{"uv":[4,14,5,13],"texture":"#1"},"up":{"uv":[2.5,10,1,11],"rotation":180,"texture":"#1"},"down":{"uv":[2.5,11,1,10],"rotation":180,"texture":"#1"}}},{"from":[0.7,20.1,12],"to":[3.7,22.1,13],"rotation":{"angle":-45,"axis":"z","origin":[0.75,9,10]},"faces":{"north":{"uv":[4,11,2.5,10],"texture":"#1"},"east":{"uv":[5.5,12,5,11],"rotation":180,"texture":"#1"},"south":{"uv":[4,11,2.5,10],"rotation":180,"texture":"#1"},"west":{"uv":[5,12,4.5,11],"texture":"#1"},"up":{"uv":[4.5,11,4,9.5],"rotation":90,"texture":"#1"},"down":{"uv":[4.5,9.5,4,11],"rotation":270,"texture":"#1"}}},{"from":[-0.3,20.1,4],"to":[2.7,22.1,6],"rotation":{"angle":-45,"axis":"z","origin":[0.75,9,10]},"faces":{"north":{"uv":[1,11,0,9.5],"rotation":270,"texture":"#1"},"east":{"uv":[5,14,4,13],"rotation":180,"texture":"#1"},"south":{"uv":[4.5,12,3,11],"rotation":180,"texture":"#1"},"west":{"uv":[5,14,4,13],"texture":"#1"},"up":{"uv":[2.5,11,1,10],"rotation":180,"texture":"#1"},"down":{"uv":[2.5,10,1,11],"rotation":180,"texture":"#1"}}},{"from":[0.7,20.1,3],"to":[3.7,22.1,4],"rotation":{"angle":-45,"axis":"z","origin":[0.75,9,10]},"faces":{"north":{"uv":[4,10,2.5,11],"texture":"#1"},"east":{"uv":[5,12,5.5,11],"rotation":180,"texture":"#1"},"south":{"uv":[4,10,2.5,11],"rotation":180,"texture":"#1"},"west":{"uv":[4.5,12,5,11],"texture":"#1"},"up":{"uv":[4,11,4.5,9.5],"rotation":90,"texture":"#1"},"down":{"uv":[4,9.5,4.5,11],"rotation":270,"texture":"#1"}}},{"from":[4.7,20.1,5],"to":[6.7,22.1,6],"rotation":{"angle":-45,"axis":"z","origin":[0.75,9,10]},"faces":{"north":{"uv":[6.25,13,5.25,12],"rotation":270,"texture":"#1"},"east":{"uv":[7.25,13,6.75,12],"rotation":180,"texture":"#1"},"south":{"uv":[6.25,13,5.25,12],"rotation":90,"texture":"#1"},"west":{"uv":[7.25,13,6.75,12],"texture":"#1"},"up":{"uv":[6.75,13,6.25,12],"rotation":90,"texture":"#1"},"down":{"uv":[6.25,13,6.75,12],"rotation":90,"texture":"#1"}}},{"from":[3,14,7],"to":[13,16,9],"rotation":{"angle":-45,"axis":"z","origin":[8,11,8]},"faces":{"north":{"uv":[6.5,0,5.5,5],"rotation":90,"texture":"#2"},"east":{"uv":[6.5,5,5.5,6],"rotation":270,"texture":"#2"},"south":{"uv":[6.5,0,5.5,5],"rotation":270,"texture":"#2"},"west":{"uv":[6.5,5,5.5,6],"rotation":270,"texture":"#2"},"up":{"uv":[6.5,0,5.5,5],"rotation":270,"texture":"#2"},"down":{"uv":[6.5,0,5.5,5],"rotation":270,"texture":"#2"}}},{"from":[5,7,8],"to":[19,21,8],"rotation":{"angle":22.5,"axis":"z","origin":[4,10,20]},"faces":{"north":{"uv":[0,7,7,0],"rotation":270,"texture":"#0"},"east":{"uv":[0,7,0,0],"rotation":180,"texture":"#0"},"south":{"uv":[7,7,0,0],"rotation":90,"texture":"#0"},"west":{"uv":[0,0,0,7],"texture":"#0"},"up":{"uv":[0,7,0,0],"rotation":90,"texture":"#0"},"down":{"uv":[0,7,0,0],"rotation":90,"texture":"#0"}}},{"from":[-2,7.5,8],"to":[-1,22.5,8],"rotation":{"angle":0,"axis":"y","origin":[16.5,16.5,8]},"faces":{"north":{"uv":[6,3,6.5,10.5],"rotation":180,"texture":"#5"},"east":{"uv":[0,0,0,8],"rotation":180,"texture":"#5"},"south":{"uv":[6.5,3,6,10.5],"rotation":180,"texture":"#5"},"west":{"uv":[0,0,0,8],"rotation":180,"texture":"#5"},"up":{"uv":[0,0,0.5,0],"rotation":180,"texture":"#5"},"down":{"uv":[0,0,0.5,0],"rotation":180,"texture":"#5"}}},{"from":[4.5,25.29929,5.9397],"to":[8.5,29.29929,10.0397],"rotation":{"angle":45,"axis":"z","origin":[11,14.99929,7.9397]},"faces":{"north":{"uv":[10,16,12,14],"texture":"#2"},"east":{"uv":[12,16,14,14],"texture":"#2"},"south":{"uv":[12,14,10,16],"rotation":270,"texture":"#2"},"west":{"uv":[14,16,16,14],"texture":"#2"},"up":{"uv":[14,14,12,16],"rotation":270,"texture":"#2"},"down":{"uv":[14,16,16,14],"rotation":90,"texture":"#2"}}},{"from":[-2,16.5,6],"to":[6,18.5,8],"rotation":{"angle":-22.5,"axis":"z","origin":[6,13,8]},"faces":{"north":{"uv":[11.75,12.5,15.75,11.5],"texture":"#2"},"east":{"uv":[10.75,12.5,11.75,11.5],"texture":"#2"},"south":{"uv":[11.75,12.5,15.75,11.5],"texture":"#2"},"west":{"uv":[10.75,12.5,11.75,11.5],"texture":"#2"},"up":{"uv":[11.75,11.5,15.75,10.5],"texture":"#2"},"down":{"uv":[6.5,6,5.5,10],"rotation":90,"texture":"#2"}}},{"from":[4.7,20.1,10],"to":[6.7,22.1,11],"rotation":{"angle":-45,"axis":"z","origin":[0.75,9,10]},"faces":{"north":{"uv":[5.25,13,6.25,12],"rotation":270,"texture":"#1"},"east":{"uv":[6.75,13,7.25,12],"rotation":180,"texture":"#1"},"south":{"uv":[5.25,13,6.25,12],"rotation":90,"texture":"#1"},"west":{"uv":[6.75,13,7.25,12],"texture":"#1"},"up":{"uv":[6.25,13,6.75,12],"rotation":90,"texture":"#1"},"down":{"uv":[6.75,13,6.25,12],"rotation":90,"texture":"#1"}}},{"from":[-2,16.5,8],"to":[6,18.5,10],"rotation":{"angle":-22.5,"axis":"z","origin":[6,13,8]},"faces":{"north":{"uv":[11.75,12.5,15.75,11.5],"texture":"#2"},"east":{"uv":[10.75,12.5,11.75,11.5],"texture":"#2"},"south":{"uv":[11.75,12.5,15.75,11.5],"texture":"#2"},"west":{"uv":[10.75,12.5,11.75,11.5],"texture":"#2"},"up":{"uv":[11.75,11.5,15.75,10.5],"texture":"#2"},"down":{"uv":[6.5,6,5.5,10],"rotation":90,"texture":"#2"}}},{"from":[13,9,5],"to":[17,13,8],"rotation":{"angle":0,"axis":"y","origin":[-4,-1,16]},"faces":{"north":{"uv":[11,8.5,9,10.5],"texture":"#1"},"east":{"uv":[14,8.5,12.5,10.5],"texture":"#1"},"south":{"uv":[11,8.5,9,10.5],"texture":"#1"},"west":{"uv":[12.5,8.5,14,10.5],"texture":"#1"},"up":{"uv":[12.5,8.5,11,10.5],"rotation":90,"texture":"#1"},"down":{"uv":[12.5,8.5,11,10.5],"rotation":270,"texture":"#1"}}},{"from":[13,9,8],"to":[17,13,11],"rotation":{"angle":0,"axis":"y","origin":[-4,-1,0]},"faces":{"north":{"uv":[9,8.5,11,10.5],"texture":"#1"},"east":{"uv":[12.5,8.5,14,10.5],"texture":"#1"},"south":{"uv":[9,8.5,11,10.5],"texture":"#1"},"west":{"uv":[14,8.5,12.5,10.5],"texture":"#1"},"up":{"uv":[11,8.5,12.5,10.5],"rotation":90,"texture":"#1"},"down":{"uv":[11,8.5,12.5,10.5],"rotation":270,"texture":"#1"}}}],"gui_light":"front","display":{"thirdperson_righthand":{"rotation":[-180,-90,0],"translation":[0,-2,3.5],"scale":[0.65,0.65,0.65]},"thirdperson_lefthand":{"rotation":[-180,90,0],"translation":[0,-2,3.5],"scale":[0.65,0.65,0.65]},"firstperson_righthand":{"rotation":[12,90,0],"translation":[1,6.25,1],"scale":[0.45,0.45,0.45]},"firstperson_lefthand":{"rotation":[12,-90,0],"translation":[1,6.25,1],"scale":[0.45,0.45,0.45]},"ground":{"rotation":[0,0,45],"translation":[0,9.75,0],"scale":[0.5,0.5,0.5]},"gui":{"rotation":[0,0,45],"translation":[1,1,-2],"scale":[0.46875,0.46875,0.46875]},"head":{"rotation":[-135.5,0,0],"translation":[0,20.5,4.75],"scale":[0,0,0]},"fixed":{"translation":[0,0.75,-1.5],"scale":[1.53906,1.53906,1.53906]}}}