{"credit":"MadewithBlockbench","texture_size":[32,32],"textures":{"1":"saint_patricks_v1:texture2","2":"saint_patricks_v1:texture3","5":"saint_patricks_v1:texture6","6":"saint_patricks_v1:texture7","particle":"saint_patricks_v1:texture1"},"elements":[{"from":[1.70677,5.5,-1.16944],"to":[3.70677,9.5,0.83056],"rotation":{"angle":-45,"axis":"y","origin":[7.80866,7.5,8]},"faces":{"north":{"uv":[5,13,3,12],"rotation":270,"texture":"#1"},"east":{"uv":[3,14,5,15],"rotation":90,"texture":"#1"},"south":{"uv":[5,13,3,12],"rotation":90,"texture":"#1"},"west":{"uv":[3,14,5,15],"rotation":90,"texture":"#1"},"up":{"uv":[4,14,3,13],"rotation":90,"texture":"#1"},"down":{"uv":[4,14,3,13],"rotation":90,"texture":"#1"}}},{"from":[3.70677,3.5,-1.16944],"to":[5.70677,5.5,0.83056],"rotation":{"angle":-45,"axis":"y","origin":[7.80866,7.5,8]},"faces":{"north":{"uv":[3,12,2,11],"rotation":270,"texture":"#1"},"east":{"uv":[2,9,1,10],"rotation":270,"texture":"#1"},"south":{"uv":[3,11,2,12],"rotation":270,"texture":"#1"},"west":{"uv":[2,12,3,13],"rotation":90,"texture":"#1"},"up":{"uv":[2,13,1,12],"rotation":90,"texture":"#1"},"down":{"uv":[1,12,0,11],"rotation":90,"texture":"#1"}}},{"from":[3.70677,9.5,-1.16944],"to":[5.70677,11.5,0.83056],"rotation":{"angle":-45,"axis":"y","origin":[7.80866,7.5,8]},"faces":{"north":{"uv":[2,12,3,11],"rotation":270,"texture":"#1"},"east":{"uv":[1,9,2,10],"rotation":270,"texture":"#1"},"south":{"uv":[2,11,3,12],"rotation":270,"texture":"#1"},"west":{"uv":[3,12,2,13],"rotation":90,"texture":"#1"},"up":{"uv":[0,12,1,11],"rotation":90,"texture":"#1"},"down":{"uv":[1,13,2,12],"rotation":90,"texture":"#1"}}},{"from":[3.70677,5.5,-1.16944],"to":[9.70677,9.5,0.83056],"rotation":{"angle":-45,"axis":"y","origin":[7.80866,7.5,8]},"faces":{"north":{"uv":[2,16,0,13],"rotation":270,"texture":"#1"},"east":{"uv":[0,12,2,13],"rotation":90,"texture":"#1"},"south":{"uv":[2,16,0,13],"rotation":90,"texture":"#1"},"west":{"uv":[0,12,2,13],"rotation":90,"texture":"#1"},"up":{"uv":[3,16,2,13],"rotation":90,"texture":"#1"},"down":{"uv":[3,16,2,13],"rotation":90,"texture":"#1"}}},{"from":[0.70677,3.5,-1.16944],"to":[3.70677,5.5,0.83056],"rotation":{"angle":-45,"axis":"y","origin":[7.80866,7.5,8]},"faces":{"north":{"uv":[2.5,11,1,10],"texture":"#1"},"east":{"uv":[4,13,5,14],"rotation":90,"texture":"#1"},"south":{"uv":[2.5,10,1,11],"rotation":180,"texture":"#1"},"west":{"uv":[4,13,5,14],"rotation":90,"texture":"#1"},"up":{"uv":[4.5,12,3,11],"rotation":180,"texture":"#1"},"down":{"uv":[1,11,0,9.5],"rotation":90,"texture":"#1"}}},{"from":[1.70677,2.5,-1.16944],"to":[4.70677,3.5,0.83056],"rotation":{"angle":-45,"axis":"y","origin":[7.80866,7.5,8]},"faces":{"north":{"uv":[4,11,4.5,9.5],"rotation":270,"texture":"#1"},"east":{"uv":[5.5,11,5,12],"rotation":90,"texture":"#1"},"south":{"uv":[4,9.5,4.5,11],"rotation":270,"texture":"#1"},"west":{"uv":[5,11,4.5,12],"rotation":90,"texture":"#1"},"up":{"uv":[4,10,2.5,11],"rotation":180,"texture":"#1"},"down":{"uv":[4,10,2.5,11],"rotation":180,"texture":"#1"}}},{"from":[0.70677,9.5,-1.16944],"to":[3.70677,11.5,0.83056],"rotation":{"angle":-45,"axis":"y","origin":[7.80866,7.5,8]},"faces":{"north":{"uv":[2.5,10,1,11],"texture":"#1"},"east":{"uv":[5,13,4,14],"rotation":90,"texture":"#1"},"south":{"uv":[2.5,11,1,10],"rotation":180,"texture":"#1"},"west":{"uv":[5,13,4,14],"rotation":90,"texture":"#1"},"up":{"uv":[0,11,1,9.5],"rotation":90,"texture":"#1"},"down":{"uv":[4.5,11,3,12],"rotation":180,"texture":"#1"}}},{"from":[1.70677,11.5,-1.16944],"to":[4.70677,12.5,0.83056],"rotation":{"angle":-45,"axis":"y","origin":[7.80866,7.5,8]},"faces":{"north":{"uv":[4.5,11,4,9.5],"rotation":270,"texture":"#1"},"east":{"uv":[5,11,5.5,12],"rotation":90,"texture":"#1"},"south":{"uv":[4.5,9.5,4,11],"rotation":270,"texture":"#1"},"west":{"uv":[4.5,11,5,12],"rotation":90,"texture":"#1"},"up":{"uv":[4,11,2.5,10],"rotation":180,"texture":"#1"},"down":{"uv":[4,11,2.5,10],"rotation":180,"texture":"#1"}}},{"from":[5.70677,9.5,-1.16944],"to":[7.70677,10.5,0.83056],"rotation":{"angle":-45,"axis":"y","origin":[7.80866,7.5,8]},"faces":{"north":{"uv":[6.25,13,6.75,12],"rotation":270,"texture":"#1"},"east":{"uv":[7.25,12,6.75,13],"rotation":90,"texture":"#1"},"south":{"uv":[6.75,13,6.25,12],"rotation":90,"texture":"#1"},"west":{"uv":[7.25,12,6.75,13],"rotation":90,"texture":"#1"},"up":{"uv":[5.25,13,6.25,12],"rotation":90,"texture":"#1"},"down":{"uv":[5.25,13,6.25,12],"rotation":90,"texture":"#1"}}},{"from":[0.46908,6.5,0.38983],"to":[10.46908,8.5,2.38983],"rotation":{"angle":-45,"axis":"y","origin":[7.80866,7.5,8]},"faces":{"north":{"uv":[5.5,0,6.5,5],"rotation":90,"texture":"#2"},"east":{"uv":[5.5,5,6.5,6],"rotation":180,"texture":"#2"},"south":{"uv":[5.5,0,6.5,5],"rotation":270,"texture":"#2"},"west":{"uv":[5.5,5,6.5,6],"texture":"#2"},"up":{"uv":[5.5,0,6.5,5],"rotation":270,"texture":"#2"},"down":{"uv":[5.5,0,6.5,5],"rotation":270,"texture":"#2"}}},{"from":[-2,7.5,-7],"to":[-1,7.5,8],"rotation":{"angle":0,"axis":"y","origin":[7.80866,7.5,8]},"faces":{"north":{"uv":[0,0,0.5,0],"texture":"#5"},"east":{"uv":[0,8,0,0],"rotation":90,"texture":"#5"},"south":{"uv":[0,0,0.5,0],"rotation":180,"texture":"#5"},"west":{"uv":[0,8,0,0],"rotation":270,"texture":"#5"},"up":{"uv":[6,10.5,6.5,3],"texture":"#5"},"down":{"uv":[6.5,10.5,6,3],"rotation":180,"texture":"#5"}}},{"from":[8.86807,5.4603,-9.34618],"to":[12.86807,9.5603,-5.34618],"rotation":{"angle":45,"axis":"y","origin":[7.80866,7.5,8]},"faces":{"north":{"uv":[12,14,14,16],"rotation":90,"texture":"#2"},"east":{"uv":[12,14,14,16],"rotation":270,"texture":"#2"},"south":{"uv":[16,16,14,14],"rotation":90,"texture":"#2"},"west":{"uv":[14,14,16,16],"rotation":90,"texture":"#2"},"up":{"uv":[10,14,12,16],"rotation":180,"texture":"#2"},"down":{"uv":[10,14,12,16],"rotation":270,"texture":"#2"}}},{"from":[-3.96708,7.5,-1.88919],"to":[4.03292,9.5,0.11081],"rotation":{"angle":-22.5,"axis":"y","origin":[7.80866,7.5,8]},"faces":{"north":{"uv":[11.75,10.5,15.75,11.5],"rotation":180,"texture":"#2"},"east":{"uv":[10.75,11.5,11.75,12.5],"rotation":270,"texture":"#2"},"south":{"uv":[5.5,6,6.5,10],"rotation":90,"texture":"#2"},"west":{"uv":[10.75,11.5,11.75,12.5],"rotation":90,"texture":"#2"},"up":{"uv":[11.75,11.5,15.75,12.5],"rotation":180,"texture":"#2"},"down":{"uv":[11.75,11.5,15.75,12.5],"texture":"#2"}}},{"from":[5.70677,4.5,-1.16944],"to":[7.70677,5.5,0.83056],"rotation":{"angle":-45,"axis":"y","origin":[7.80866,7.5,8]},"faces":{"north":{"uv":[6.75,13,6.25,12],"rotation":270,"texture":"#1"},"east":{"uv":[6.75,12,7.25,13],"rotation":90,"texture":"#1"},"south":{"uv":[6.25,13,6.75,12],"rotation":90,"texture":"#1"},"west":{"uv":[6.75,12,7.25,13],"rotation":90,"texture":"#1"},"up":{"uv":[6.25,13,5.25,12],"rotation":90,"texture":"#1"},"down":{"uv":[6.25,13,5.25,12],"rotation":90,"texture":"#1"}}},{"from":[-3.96708,5.5,-1.88919],"to":[4.03292,7.5,0.11081],"rotation":{"angle":-22.5,"axis":"y","origin":[7.80866,7.5,8]},"faces":{"north":{"uv":[11.75,10.5,15.75,11.5],"rotation":180,"texture":"#2"},"east":{"uv":[10.75,11.5,11.75,12.5],"rotation":270,"texture":"#2"},"south":{"uv":[5.5,6,6.5,10],"rotation":90,"texture":"#2"},"west":{"uv":[10.75,11.5,11.75,12.5],"rotation":90,"texture":"#2"},"up":{"uv":[11.75,11.5,15.75,12.5],"rotation":180,"texture":"#2"},"down":{"uv":[11.75,11.5,15.75,12.5],"texture":"#2"}}},{"from":[13,7.5,2.5],"to":[17,10.5,6.5],"rotation":{"angle":0,"axis":"y","origin":[7.80866,7.5,8]},"faces":{"north":{"uv":[11,8.5,12.5,10.5],"rotation":270,"texture":"#1"},"east":{"uv":[14,10.5,12.5,8.5],"rotation":270,"texture":"#1"},"south":{"uv":[11,8.5,12.5,10.5],"rotation":270,"texture":"#1"},"west":{"uv":[12.5,10.5,14,8.5],"rotation":90,"texture":"#1"},"up":{"uv":[11,10.5,9,8.5],"rotation":180,"texture":"#1"},"down":{"uv":[11,10.5,9,8.5],"texture":"#1"}}},{"from":[13,4.5,2.5],"to":[17,7.5,6.5],"rotation":{"angle":0,"axis":"y","origin":[7.80866,7.5,8]},"faces":{"north":{"uv":[12.5,8.5,11,10.5],"rotation":270,"texture":"#1"},"east":{"uv":[12.5,10.5,14,8.5],"rotation":270,"texture":"#1"},"south":{"uv":[12.5,8.5,11,10.5],"rotation":270,"texture":"#1"},"west":{"uv":[14,10.5,12.5,8.5],"rotation":90,"texture":"#1"},"up":{"uv":[9,10.5,11,8.5],"rotation":180,"texture":"#1"},"down":{"uv":[9,10.5,11,8.5],"texture":"#1"}}},{"from":[13,6,6.5],"to":[21,9,9.5],"rotation":{"angle":0,"axis":"y","origin":[7.80866,7.5,8]},"faces":{"north":{"uv":[16,12.5,12,14],"rotation":180,"texture":"#2"},"east":{"uv":[8,12,9.5,10.5],"rotation":180,"texture":"#2"},"south":{"uv":[16,12.5,12,14],"texture":"#2"},"west":{"uv":[6.5,12,8,10.5],"texture":"#2"},"up":{"uv":[10.5,9,6.5,10.5],"texture":"#2"},"down":{"uv":[10.5,9,6.5,10.5],"texture":"#2"}}},{"from":[14.24757,7.03848,3.75574],"to":[19.24757,8.03848,6.75574],"rotation":{"angle":-22.5,"axis":"y","origin":[7.80866,7.5,8]},"faces":{"north":{"uv":[1.5,12.5,2,10],"rotation":90,"texture":"#2"},"east":{"uv":[10,14.5,9.5,16],"rotation":270,"texture":"#2"},"south":{"uv":[1.5,12.5,2,10],"rotation":270,"texture":"#2"},"west":{"uv":[10,14.5,9.5,16],"rotation":270,"texture":"#2"},"up":{"uv":[0,12.5,1.5,10],"rotation":270,"texture":"#2"},"down":{"uv":[0,12.5,1.5,10],"rotation":270,"texture":"#2"}}},{"from":[14.24757,7.03848,9.24426],"to":[19.24757,8.03848,12.24426],"rotation":{"angle":22.5,"axis":"y","origin":[7.80866,7.5,8]},"faces":{"north":{"uv":[2,12.5,1.5,10],"rotation":90,"texture":"#2"},"east":{"uv":[10,16,9.5,14.5],"rotation":270,"texture":"#2"},"south":{"uv":[2,12.5,1.5,10],"rotation":270,"texture":"#2"},"west":{"uv":[10,16,9.5,14.5],"rotation":270,"texture":"#2"},"up":{"uv":[1.5,12.5,0,10],"rotation":270,"texture":"#2"},"down":{"uv":[1.5,12.5,0,10],"rotation":270,"texture":"#2"}}},{"from":[14.23284,8.77981,7.5],"to":[19.23284,11.77981,8.5],"rotation":{"angle":-22.5,"axis":"z","origin":[7.80866,7.5,8]},"faces":{"north":{"uv":[0,12.5,1.5,10],"rotation":90,"texture":"#2"},"east":{"uv":[9.5,16,10,14.5],"texture":"#2"},"south":{"uv":[0,12.5,1.5,10],"rotation":270,"texture":"#2"},"west":{"uv":[9.5,16,10,14.5],"rotation":180,"texture":"#2"},"up":{"uv":[1.5,12.5,2,10],"rotation":270,"texture":"#2"},"down":{"uv":[1.5,12.5,2,10],"rotation":270,"texture":"#2"}}},{"from":[14.26229,3.29128,7.5],"to":[19.26229,6.29128,8.5],"rotation":{"angle":22.5,"axis":"z","origin":[7.80866,7.5,8]},"faces":{"north":{"uv":[1.5,12.5,0,10],"rotation":90,"texture":"#2"},"east":{"uv":[9.5,14.5,10,16],"texture":"#2"},"south":{"uv":[1.5,12.5,0,10],"rotation":270,"texture":"#2"},"west":{"uv":[9.5,14.5,10,16],"rotation":180,"texture":"#2"},"up":{"uv":[2,12.5,1.5,10],"rotation":270,"texture":"#2"},"down":{"uv":[2,12.5,1.5,10],"rotation":270,"texture":"#2"}}},{"from":[1.70677,5.5,15.16944],"to":[3.70677,9.5,17.16944],"rotation":{"angle":45,"axis":"y","origin":[7.80866,7.5,8]},"faces":{"north":{"uv":[3,13,5,12],"rotation":270,"texture":"#1"},"east":{"uv":[3,15,5,14],"rotation":90,"texture":"#1"},"south":{"uv":[3,13,5,12],"rotation":90,"texture":"#1"},"west":{"uv":[3,15,5,14],"rotation":90,"texture":"#1"},"up":{"uv":[3,14,4,13],"rotation":90,"texture":"#1"},"down":{"uv":[3,14,4,13],"rotation":90,"texture":"#1"}}},{"from":[3.70677,3.5,15.16944],"to":[5.70677,5.5,17.16944],"rotation":{"angle":45,"axis":"y","origin":[7.80866,7.5,8]},"faces":{"north":{"uv":[2,11,3,12],"rotation":90,"texture":"#1"},"east":{"uv":[2,10,1,9],"rotation":270,"texture":"#1"},"south":{"uv":[2,12,3,11],"rotation":90,"texture":"#1"},"west":{"uv":[2,13,3,12],"rotation":90,"texture":"#1"},"up":{"uv":[1,13,2,12],"rotation":90,"texture":"#1"},"down":{"uv":[0,12,1,11],"rotation":90,"texture":"#1"}}},{"from":[3.70677,9.5,15.16944],"to":[5.70677,11.5,17.16944],"rotation":{"angle":45,"axis":"y","origin":[7.80866,7.5,8]},"faces":{"north":{"uv":[3,11,2,12],"rotation":90,"texture":"#1"},"east":{"uv":[1,10,2,9],"rotation":270,"texture":"#1"},"south":{"uv":[3,12,2,11],"rotation":90,"texture":"#1"},"west":{"uv":[3,13,2,12],"rotation":90,"texture":"#1"},"up":{"uv":[1,12,0,11],"rotation":90,"texture":"#1"},"down":{"uv":[2,13,1,12],"rotation":90,"texture":"#1"}}},{"from":[3.70677,5.5,15.16944],"to":[9.70677,9.5,17.16944],"rotation":{"angle":45,"axis":"y","origin":[7.80866,7.5,8]},"faces":{"north":{"uv":[0,16,2,13],"rotation":270,"texture":"#1"},"east":{"uv":[0,13,2,12],"rotation":90,"texture":"#1"},"south":{"uv":[0,16,2,13],"rotation":90,"texture":"#1"},"west":{"uv":[0,13,2,12],"rotation":90,"texture":"#1"},"up":{"uv":[2,16,3,13],"rotation":90,"texture":"#1"},"down":{"uv":[2,16,3,13],"rotation":90,"texture":"#1"}}},{"from":[0.70677,3.5,15.16944],"to":[3.70677,5.5,17.16944],"rotation":{"angle":45,"axis":"y","origin":[7.80866,7.5,8]},"faces":{"north":{"uv":[2.5,11,1,10],"texture":"#1"},"east":{"uv":[4,14,5,13],"rotation":90,"texture":"#1"},"south":{"uv":[2.5,10,1,11],"rotation":180,"texture":"#1"},"west":{"uv":[4,14,5,13],"rotation":90,"texture":"#1"},"up":{"uv":[4.5,11,3,12],"rotation":180,"texture":"#1"},"down":{"uv":[0,11,1,9.5],"rotation":90,"texture":"#1"}}},{"from":[1.70677,2.5,15.16944],"to":[4.70677,3.5,17.16944],"rotation":{"angle":45,"axis":"y","origin":[7.80866,7.5,8]},"faces":{"north":{"uv":[4.5,9.5,4,11],"rotation":90,"texture":"#1"},"east":{"uv":[5.5,12,5,11],"rotation":90,"texture":"#1"},"south":{"uv":[4.5,11,4,9.5],"rotation":90,"texture":"#1"},"west":{"uv":[5,12,4.5,11],"rotation":90,"texture":"#1"},"up":{"uv":[4,11,2.5,10],"rotation":180,"texture":"#1"},"down":{"uv":[4,11,2.5,10],"rotation":180,"texture":"#1"}}},{"from":[0.70677,9.5,15.16944],"to":[3.70677,11.5,17.16944],"rotation":{"angle":45,"axis":"y","origin":[7.80866,7.5,8]},"faces":{"north":{"uv":[2.5,10,1,11],"texture":"#1"},"east":{"uv":[5,14,4,13],"rotation":90,"texture":"#1"},"south":{"uv":[2.5,11,1,10],"rotation":180,"texture":"#1"},"west":{"uv":[5,14,4,13],"rotation":90,"texture":"#1"},"up":{"uv":[1,11,0,9.5],"rotation":90,"texture":"#1"},"down":{"uv":[4.5,12,3,11],"rotation":180,"texture":"#1"}}},{"from":[1.70677,11.5,15.16944],"to":[4.70677,12.5,17.16944],"rotation":{"angle":45,"axis":"y","origin":[7.80866,7.5,8]},"faces":{"north":{"uv":[4,9.5,4.5,11],"rotation":90,"texture":"#1"},"east":{"uv":[5,12,5.5,11],"rotation":90,"texture":"#1"},"south":{"uv":[4,11,4.5,9.5],"rotation":90,"texture":"#1"},"west":{"uv":[4.5,12,5,11],"rotation":90,"texture":"#1"},"up":{"uv":[4,10,2.5,11],"rotation":180,"texture":"#1"},"down":{"uv":[4,10,2.5,11],"rotation":180,"texture":"#1"}}},{"from":[5.70677,9.5,15.16944],"to":[7.70677,10.5,17.16944],"rotation":{"angle":45,"axis":"y","origin":[7.80866,7.5,8]},"faces":{"north":{"uv":[6.25,13,6.75,12],"rotation":270,"texture":"#1"},"east":{"uv":[7.25,13,6.75,12],"rotation":90,"texture":"#1"},"south":{"uv":[6.75,13,6.25,12],"rotation":90,"texture":"#1"},"west":{"uv":[7.25,13,6.75,12],"rotation":90,"texture":"#1"},"up":{"uv":[6.25,13,5.25,12],"rotation":90,"texture":"#1"},"down":{"uv":[6.25,13,5.25,12],"rotation":90,"texture":"#1"}}},{"from":[0.46908,6.5,13.61017],"to":[10.46908,8.5,15.61017],"rotation":{"angle":45,"axis":"y","origin":[7.80866,7.5,8]},"faces":{"north":{"uv":[6.5,0,5.5,5],"rotation":90,"texture":"#2"},"east":{"uv":[6.5,5,5.5,6],"rotation":180,"texture":"#2"},"south":{"uv":[6.5,0,5.5,5],"rotation":270,"texture":"#2"},"west":{"uv":[6.5,5,5.5,6],"texture":"#2"},"up":{"uv":[6.5,0,5.5,5],"rotation":270,"texture":"#2"},"down":{"uv":[6.5,0,5.5,5],"rotation":270,"texture":"#2"}}},{"from":[-2,7.5,8],"to":[-1,7.5,23],"rotation":{"angle":0,"axis":"y","origin":[7.80866,7.5,8]},"faces":{"north":{"uv":[0,0,0.5,0],"texture":"#5"},"east":{"uv":[0,0,0,8],"rotation":90,"texture":"#5"},"south":{"uv":[0,0,0.5,0],"rotation":180,"texture":"#5"},"west":{"uv":[0,0,0,8],"rotation":270,"texture":"#5"},"up":{"uv":[6,3,6.5,10.5],"texture":"#5"},"down":{"uv":[6.5,3,6,10.5],"rotation":180,"texture":"#5"}}},{"from":[8.86807,5.4603,21.34618],"to":[12.86807,9.5603,25.34618],"rotation":{"angle":-45,"axis":"y","origin":[7.80866,7.5,8]},"faces":{"north":{"uv":[14,16,16,14],"rotation":270,"texture":"#2"},"east":{"uv":[12,16,14,14],"rotation":270,"texture":"#2"},"south":{"uv":[14,14,12,16],"rotation":270,"texture":"#2"},"west":{"uv":[14,16,16,14],"rotation":90,"texture":"#2"},"up":{"uv":[10,16,12,14],"rotation":180,"texture":"#2"},"down":{"uv":[12,14,10,16],"rotation":270,"texture":"#2"}}},{"from":[-3.96708,7.5,15.88919],"to":[4.03292,9.5,17.88919],"rotation":{"angle":22.5,"axis":"y","origin":[7.80866,7.5,8]},"faces":{"north":{"uv":[6.5,6,5.5,10],"rotation":270,"texture":"#2"},"east":{"uv":[10.75,12.5,11.75,11.5],"rotation":270,"texture":"#2"},"south":{"uv":[11.75,11.5,15.75,10.5],"texture":"#2"},"west":{"uv":[10.75,12.5,11.75,11.5],"rotation":90,"texture":"#2"},"up":{"uv":[11.75,12.5,15.75,11.5],"rotation":180,"texture":"#2"},"down":{"uv":[11.75,12.5,15.75,11.5],"texture":"#2"}}},{"from":[5.70677,4.5,15.16944],"to":[7.70677,5.5,17.16944],"rotation":{"angle":45,"axis":"y","origin":[7.80866,7.5,8]},"faces":{"north":{"uv":[6.75,13,6.25,12],"rotation":270,"texture":"#1"},"east":{"uv":[6.75,13,7.25,12],"rotation":90,"texture":"#1"},"south":{"uv":[6.25,13,6.75,12],"rotation":90,"texture":"#1"},"west":{"uv":[6.75,13,7.25,12],"rotation":90,"texture":"#1"},"up":{"uv":[5.25,13,6.25,12],"rotation":90,"texture":"#1"},"down":{"uv":[5.25,13,6.25,12],"rotation":90,"texture":"#1"}}},{"from":[-3.96708,5.5,15.88919],"to":[4.03292,7.5,17.88919],"rotation":{"angle":22.5,"axis":"y","origin":[7.80866,7.5,8]},"faces":{"north":{"uv":[6.5,6,5.5,10],"rotation":270,"texture":"#2"},"east":{"uv":[10.75,12.5,11.75,11.5],"rotation":270,"texture":"#2"},"south":{"uv":[11.75,11.5,15.75,10.5],"texture":"#2"},"west":{"uv":[10.75,12.5,11.75,11.5],"rotation":90,"texture":"#2"},"up":{"uv":[11.75,12.5,15.75,11.5],"rotation":180,"texture":"#2"},"down":{"uv":[11.75,12.5,15.75,11.5],"texture":"#2"}}},{"from":[13,7.5,9.5],"to":[17,10.5,13.5],"rotation":{"angle":0,"axis":"y","origin":[7.80866,7.5,8]},"faces":{"north":{"uv":[12.5,8.5,11,10.5],"rotation":90,"texture":"#1"},"east":{"uv":[14,8.5,12.5,10.5],"rotation":270,"texture":"#1"},"south":{"uv":[12.5,8.5,11,10.5],"rotation":90,"texture":"#1"},"west":{"uv":[12.5,8.5,14,10.5],"rotation":90,"texture":"#1"},"up":{"uv":[11,8.5,9,10.5],"rotation":180,"texture":"#1"},"down":{"uv":[11,8.5,9,10.5],"texture":"#1"}}},{"from":[13,4.5,9.5],"to":[17,7.5,13.5],"rotation":{"angle":0,"axis":"y","origin":[7.80866,7.5,8]},"faces":{"north":{"uv":[11,8.5,12.5,10.5],"rotation":90,"texture":"#1"},"east":{"uv":[12.5,8.5,14,10.5],"rotation":270,"texture":"#1"},"south":{"uv":[11,8.5,12.5,10.5],"rotation":90,"texture":"#1"},"west":{"uv":[14,8.5,12.5,10.5],"rotation":90,"texture":"#1"},"up":{"uv":[9,8.5,11,10.5],"rotation":180,"texture":"#1"},"down":{"uv":[9,8.5,11,10.5],"texture":"#1"}}},{"from":[6,4,5],"to":[12,5,11],"rotation":{"angle":0,"axis":"y","origin":[-14,14.5,0]},"faces":{"north":{"uv":[0.5,9,0,4.5],"rotation":90,"texture":"#5"},"east":{"uv":[1,4.5,1.5,7.5],"rotation":270,"texture":"#5"},"south":{"uv":[1,9,0.5,4.5],"rotation":270,"texture":"#5"},"west":{"uv":[1,7.5,1.5,4.5],"rotation":270,"texture":"#5"},"up":{"uv":[6,3,3,0],"rotation":270,"texture":"#5"},"down":{"uv":[3,4.5,0,0],"rotation":270,"texture":"#5"}}},{"from":[12.7,5.1,5.2],"to":[13.7,6.1,10.8],"rotation":{"angle":-22.5,"axis":"z","origin":[13,4.5,8]},"faces":{"north":{"uv":[2.5,7.5,2,7],"rotation":180,"texture":"#5"},"east":{"uv":[5,7,2,6.5],"rotation":180,"texture":"#5"},"south":{"uv":[2,7.5,2.5,7],"rotation":180,"texture":"#5"},"west":{"uv":[5.5,7.5,2.5,7],"rotation":180,"texture":"#5"},"up":{"uv":[6.5,3,6,0],"rotation":180,"texture":"#5"},"down":{"uv":[6.5,3,6,0],"rotation":180,"texture":"#5"}}},{"from":[11.9,4.4,5.1],"to":[13.9,5.4,10.9],"rotation":{"angle":22.5,"axis":"z","origin":[13,4.5,8]},"faces":{"north":{"uv":[2.5,6.5,2,5.5],"rotation":90,"texture":"#5"},"east":{"uv":[6,7.5,5.5,4.5],"rotation":270,"texture":"#5"},"south":{"uv":[2,6.5,2.5,5.5],"rotation":270,"texture":"#5"},"west":{"uv":[6,7.5,5.5,4.5],"rotation":270,"texture":"#5"},"up":{"uv":[5.5,6.5,2.5,5.5],"rotation":270,"texture":"#5"},"down":{"uv":[5,5.5,2,4.5],"rotation":270,"texture":"#5"}}},{"from":[-3,4,5],"to":[6,7,11],"rotation":{"angle":0,"axis":"y","origin":[7,0,0]},"faces":{"north":{"uv":[10,1.5,11.5,6],"rotation":90,"texture":"#6"},"east":{"uv":[8.5,3,10,6],"rotation":90,"texture":"#6"},"south":{"uv":[10,1.5,11.5,6],"rotation":90,"texture":"#6"},"west":{"uv":[8.5,3,10,6],"rotation":90,"texture":"#6"},"up":{"uv":[11.5,3,16,6],"texture":"#6"},"down":{"uv":[11.5,0,16,3],"texture":"#6"}}},{"from":[-7,3,3],"to":[-3,7,6],"rotation":{"angle":0,"axis":"y","origin":[-4,-1,16]},"faces":{"north":{"uv":[11,8.5,9,10.5],"texture":"#1"},"east":{"uv":[14,8.5,12.5,10.5],"texture":"#1"},"south":{"uv":[11,8.5,9,10.5],"texture":"#1"},"west":{"uv":[12.5,8.5,14,10.5],"texture":"#1"},"up":{"uv":[12.5,8.5,11,10.5],"rotation":90,"texture":"#1"},"down":{"uv":[12.5,8.5,11,10.5],"rotation":270,"texture":"#1"}}},{"from":[-7,3,10],"to":[-3,7,13],"rotation":{"angle":0,"axis":"y","origin":[-4,-1,0]},"faces":{"north":{"uv":[9,8.5,11,10.5],"texture":"#1"},"east":{"uv":[12.5,8.5,14,10.5],"texture":"#1"},"south":{"uv":[9,8.5,11,10.5],"texture":"#1"},"west":{"uv":[14,8.5,12.5,10.5],"texture":"#1"},"up":{"uv":[11,8.5,12.5,10.5],"rotation":90,"texture":"#1"},"down":{"uv":[11,8.5,12.5,10.5],"rotation":270,"texture":"#1"}}},{"from":[-3,7,10],"to":[5,9,11],"rotation":{"angle":0,"axis":"y","origin":[7,0,16]},"faces":{"north":{"uv":[16,6,12,7],"texture":"#6"},"east":{"uv":[0.5,4.5,0,5.5],"texture":"#6"},"south":{"uv":[16,6,12,7],"texture":"#6"},"west":{"uv":[0.5,4.5,0,5.5],"texture":"#6"},"up":{"uv":[12,8,16,7.5],"texture":"#6"},"down":{"uv":[12,7.5,16,7],"texture":"#6"}}},{"from":[-3,7,5],"to":[5,9,6],"rotation":{"angle":0,"axis":"y","origin":[7,0,0]},"faces":{"north":{"uv":[12,6,16,7],"texture":"#6"},"east":{"uv":[0,4.5,0.5,5.5],"texture":"#6"},"south":{"uv":[12,6,16,7],"texture":"#6"},"west":{"uv":[0,4.5,0.5,5.5],"texture":"#6"},"up":{"uv":[12,7.5,16,8],"texture":"#6"},"down":{"uv":[12,7,16,7.5],"texture":"#6"}}},{"from":[-7,2,6],"to":[-3,7,10],"rotation":{"angle":0,"axis":"y","origin":[-4.27825,1.51845,8.3]},"faces":{"north":{"uv":[2,0,4,2.5],"texture":"#6"},"east":{"uv":[0,0,2,2.5],"texture":"#6"},"south":{"uv":[2,0,4,2.5],"texture":"#6"},"west":{"uv":[0,0,2,2.5],"texture":"#6"},"up":{"uv":[6,2,4,0],"texture":"#6"},"down":{"uv":[8,0,6,2],"texture":"#6"}}},{"from":[-7.5,1,5.7],"to":[-2.5,2,10.7],"rotation":{"angle":0,"axis":"y","origin":[-4.27825,1.51845,8.3]},"faces":{"north":{"uv":[15,16,15.5,13.5],"rotation":90,"texture":"#6"},"east":{"uv":[15.5,16,16,13.5],"rotation":90,"texture":"#6"},"south":{"uv":[15,16,15.5,13.5],"rotation":90,"texture":"#6"},"west":{"uv":[15.5,16,16,13.5],"rotation":90,"texture":"#6"},"up":{"uv":[15,16,12.5,13.5],"rotation":90,"texture":"#6"},"down":{"uv":[15,13.5,12.5,16],"rotation":270,"texture":"#6"}}},{"from":[-8,0,5.2],"to":[-2,1,11.2],"rotation":{"angle":0,"axis":"y","origin":[-4.27825,1.51845,8.3]},"faces":{"north":{"uv":[6.5,16,7,13],"rotation":90,"texture":"#6"},"east":{"uv":[6,16,6.5,13],"rotation":90,"texture":"#6"},"south":{"uv":[6.5,16,7,13],"rotation":90,"texture":"#6"},"west":{"uv":[6,16,6.5,13],"rotation":90,"texture":"#6"},"up":{"uv":[3,16,0,13],"rotation":90,"texture":"#6"},"down":{"uv":[6,13,3,16],"rotation":270,"texture":"#6"}}},{"from":[-7.37617,-2.10018,6.2],"to":[-4.37617,-0.10018,10.6],"rotation":{"angle":45,"axis":"z","origin":[-4.27825,1.51845,8.3]},"faces":{"north":{"uv":[3.75,11.5,4.75,13],"rotation":90,"texture":"#6"},"east":{"uv":[0,13,2.25,12],"rotation":180,"texture":"#6"},"south":{"uv":[4.75,11.5,3.75,13],"rotation":270,"texture":"#6"},"west":{"uv":[0,12,2.25,13],"texture":"#6"},"up":{"uv":[2.25,10.75,3.75,13],"rotation":180,"texture":"#6"},"down":{"uv":[3.75,13,2.25,10.75],"texture":"#6"}}},{"from":[-6.54883,-1.24022,6.5],"to":[-3.54883,0.75978,10.3],"rotation":{"angle":22.5,"axis":"z","origin":[-4.27825,1.51845,8.3]},"faces":{"north":{"uv":[8,13,7,14.5],"rotation":90,"texture":"#6"},"east":{"uv":[8,12.5,9,14.5],"rotation":90,"texture":"#6"},"south":{"uv":[7,13,8,14.5],"rotation":270,"texture":"#6"},"west":{"uv":[8,12.5,9,14.5],"rotation":90,"texture":"#6"},"up":{"uv":[7,14.5,9,16],"rotation":270,"texture":"#6"},"down":{"uv":[7,14.5,9,16],"rotation":270,"texture":"#6"}}},{"from":[-6,7,7],"to":[5,8,9],"rotation":{"angle":0,"axis":"y","origin":[7,0,0]},"faces":{"north":{"uv":[0,3.5,5.5,4],"texture":"#6"},"east":{"uv":[0,4,1,4.5],"texture":"#6"},"south":{"uv":[0,3.5,5.5,4],"texture":"#6"},"west":{"uv":[0,4,1,4.5],"texture":"#6"},"up":{"uv":[5.5,3.5,0,2.5],"texture":"#6"},"down":{"uv":[5.5,2.5,0,3.5],"texture":"#6"}}}],"gui_light":"front","display":{"thirdperson_righthand":{"rotation":[0,90,0],"translation":[0,3,1.75],"scale":[0.62461,0.62461,0.62461]},"thirdperson_lefthand":{"rotation":[0,-90,0],"translation":[0,3,1.75],"scale":[0.62461,0.62461,0.62461]},"firstperson_righthand":{"rotation":[0,90,0],"translation":[0,4.75,0.25],"scale":[0.39844,0.39844,0.39844]},"firstperson_lefthand":{"rotation":[0,-90,0],"translation":[0,4.75,0.25],"scale":[0.39844,0.39844,0.39844]},"ground":{"translation":[0,9.75,0],"scale":[0.5,0.5,0.5]},"gui":{"rotation":[52.17,44.17,3.11],"translation":[1.75,1,-2],"scale":[0.46875,0.46875,0.46875]},"head":{"rotation":[-135.5,0,0],"translation":[0,20.5,4.75],"scale":[0,0,0]},"fixed":{"rotation":[-90,90,0],"translation":[0,0.75,-4.5],"scale":[1.29297,1.29297,1.29297]}}}