{"credit":"MadewithBlockbench","texture_size":[32,32],"textures":{"0":"saint_patricks_v1:texture2","2":"saint_patricks_v1:texture3","3":"saint_patricks_v1:sword","4":"saint_patricks_v1:clover","5":"saint_patricks_v1:texture4","6":"saint_patricks_v1:slot","particle":"saint_patricks_v1:texture2"},"elements":[{"from":[4,-4,4],"to":[6,4,6],"rotation":{"angle":0,"axis":"y","origin":[8,0,8]},"faces":{"north":{"uv":[5.5,10,6.5,6],"rotation":180,"texture":"#2"},"east":{"uv":[11.75,12.5,15.75,11.5],"rotation":270,"texture":"#2"},"south":{"uv":[15.75,10.5,11.75,11.5],"rotation":90,"texture":"#2"},"west":{"uv":[11.75,12.5,15.75,11.5],"rotation":90,"texture":"#2"},"up":{"uv":[10.75,12.5,11.75,11.5],"rotation":180,"texture":"#2"},"down":{"uv":[10.75,12.5,11.75,11.5],"texture":"#2"}}},{"from":[4,-4,10],"to":[6,4,12],"rotation":{"angle":0,"axis":"y","origin":[8,0,8]},"faces":{"north":{"uv":[11.75,10.5,15.75,11.5],"rotation":270,"texture":"#2"},"east":{"uv":[11.75,11.5,15.75,12.5],"rotation":270,"texture":"#2"},"south":{"uv":[5.5,6,6.5,10],"texture":"#2"},"west":{"uv":[11.75,11.5,15.75,12.5],"rotation":90,"texture":"#2"},"up":{"uv":[10.75,11.5,11.75,12.5],"rotation":180,"texture":"#2"},"down":{"uv":[10.75,11.5,11.75,12.5],"texture":"#2"}}},{"from":[10,-4,10],"to":[12,4,12],"rotation":{"angle":0,"axis":"y","origin":[8,0,8]},"faces":{"north":{"uv":[11.75,11.5,15.75,10.5],"rotation":270,"texture":"#2"},"east":{"uv":[15.75,11.5,11.75,12.5],"rotation":270,"texture":"#2"},"south":{"uv":[6.5,6,5.5,10],"texture":"#2"},"west":{"uv":[15.75,11.5,11.75,12.5],"rotation":90,"texture":"#2"},"up":{"uv":[11.75,11.5,10.75,12.5],"rotation":180,"texture":"#2"},"down":{"uv":[11.75,11.5,10.75,12.5],"texture":"#2"}}},{"from":[10,-4,4],"to":[12,4,6],"rotation":{"angle":0,"axis":"y","origin":[8,0,8]},"faces":{"north":{"uv":[6.5,10,5.5,6],"rotation":180,"texture":"#2"},"east":{"uv":[15.75,12.5,11.75,11.5],"rotation":270,"texture":"#2"},"south":{"uv":[15.75,11.5,11.75,10.5],"rotation":90,"texture":"#2"},"west":{"uv":[15.75,12.5,11.75,11.5],"rotation":90,"texture":"#2"},"up":{"uv":[11.75,12.5,10.75,11.5],"rotation":180,"texture":"#2"},"down":{"uv":[11.75,12.5,10.75,11.5],"texture":"#2"}}},{"from":[6.12082,1,5.92183],"to":[10.12082,5,9.92183],"rotation":{"angle":45,"axis":"y","origin":[8,0,8]},"faces":{"north":{"uv":[14,14,12,16],"rotation":90,"texture":"#2"},"east":{"uv":[14,14,12,16],"rotation":270,"texture":"#2"},"south":{"uv":[14,16,16,14],"rotation":90,"texture":"#2"},"west":{"uv":[16,14,14,16],"rotation":90,"texture":"#2"},"up":{"uv":[10,16,12,14],"rotation":90,"texture":"#2"},"down":{"uv":[12,14,10,16],"texture":"#2"}}},{"from":[6.12082,-5,5.92183],"to":[10.12082,-1,9.92183],"rotation":{"angle":45,"axis":"y","origin":[8,0,8]},"faces":{"north":{"uv":[12,14,14,16],"rotation":90,"texture":"#2"},"east":{"uv":[12,14,14,16],"rotation":270,"texture":"#2"},"south":{"uv":[16,16,14,14],"rotation":90,"texture":"#2"},"west":{"uv":[14,14,16,16],"rotation":90,"texture":"#2"},"up":{"uv":[10,14,12,16],"rotation":180,"texture":"#2"},"down":{"uv":[10,14,12,16],"rotation":270,"texture":"#2"}}},{"from":[3,-2,6],"to":[6,2,10],"rotation":{"angle":0,"axis":"y","origin":[0,-2,16]},"faces":{"north":{"uv":[12.5,8.5,14,10.5],"texture":"#0"},"east":{"uv":[11,8.5,9,10.5],"texture":"#0"},"south":{"uv":[14,8.5,12.5,10.5],"texture":"#0"},"west":{"uv":[11,8.5,9,10.5],"texture":"#0"},"up":{"uv":[12.5,8.5,11,10.5],"rotation":180,"texture":"#0"},"down":{"uv":[12.5,8.5,11,10.5],"rotation":180,"texture":"#0"}}},{"from":[10,-2,6],"to":[13,2,10],"rotation":{"angle":0,"axis":"y","origin":[16,-2,16]},"faces":{"north":{"uv":[14,8.5,12.5,10.5],"texture":"#0"},"east":{"uv":[9,8.5,11,10.5],"texture":"#0"},"south":{"uv":[12.5,8.5,14,10.5],"texture":"#0"},"west":{"uv":[9,8.5,11,10.5],"texture":"#0"},"up":{"uv":[11,8.5,12.5,10.5],"rotation":180,"texture":"#0"},"down":{"uv":[11,8.5,12.5,10.5],"rotation":180,"texture":"#0"}}},{"from":[6,-4,12],"to":[10,4,12],"faces":{"north":{"uv":[6,4,10,12],"texture":"#6"},"east":{"uv":[0,0,0,4],"texture":"#6"},"south":{"uv":[6,4,10,12],"texture":"#6"},"west":{"uv":[0,0,0,4],"texture":"#6"},"up":{"uv":[0,0,1,0],"texture":"#6"},"down":{"uv":[0,0,1,0],"texture":"#6"}}},{"from":[9,2,6],"to":[13,4,10],"faces":{"north":{"uv":[5.5,4.5,7.5,5.5],"texture":"#5"},"east":{"uv":[7.5,4.5,9.5,5.5],"texture":"#5"},"south":{"uv":[5.5,4.5,7.5,5.5],"texture":"#5"},"west":{"uv":[7.5,4.5,9.5,5.5],"texture":"#5"},"up":{"uv":[5.5,5.5,7.5,7.5],"texture":"#5"},"down":{"uv":[7.5,5.5,9.5,7.5],"texture":"#5"}}},{"from":[3,2,6],"to":[7,4,10],"rotation":{"angle":0,"axis":"y","origin":[0,0,16]},"faces":{"north":{"uv":[7.5,4.5,5.5,5.5],"texture":"#5"},"east":{"uv":[9.5,4.5,7.5,5.5],"texture":"#5"},"south":{"uv":[7.5,4.5,5.5,5.5],"texture":"#5"},"west":{"uv":[9.5,4.5,7.5,5.5],"texture":"#5"},"up":{"uv":[5.5,7.5,7.5,5.5],"texture":"#5"},"down":{"uv":[7.5,7.5,9.5,5.5],"texture":"#5"}}},{"from":[3,-4,6],"to":[7,-2,10],"rotation":{"angle":0,"axis":"y","origin":[0,16,16]},"faces":{"north":{"uv":[7.5,5.5,5.5,4.5],"texture":"#5"},"east":{"uv":[9.5,5.5,7.5,4.5],"texture":"#5"},"south":{"uv":[7.5,5.5,5.5,4.5],"texture":"#5"},"west":{"uv":[9.5,5.5,7.5,4.5],"texture":"#5"},"up":{"uv":[7.5,5.5,9.5,7.5],"texture":"#5"},"down":{"uv":[5.5,5.5,7.5,7.5],"texture":"#5"}}},{"from":[9,-4,6],"to":[13,-2,10],"rotation":{"angle":0,"axis":"y","origin":[0,16,0]},"faces":{"north":{"uv":[5.5,5.5,7.5,4.5],"texture":"#5"},"east":{"uv":[7.5,5.5,9.5,4.5],"texture":"#5"},"south":{"uv":[5.5,5.5,7.5,4.5],"texture":"#5"},"west":{"uv":[7.5,5.5,9.5,4.5],"texture":"#5"},"up":{"uv":[7.5,7.5,9.5,5.5],"texture":"#5"},"down":{"uv":[5.5,7.5,7.5,5.5],"texture":"#5"}}},{"from":[6,-4,4],"to":[10,4,4],"rotation":{"angle":0,"axis":"y","origin":[0,0,16]},"faces":{"north":{"uv":[10,4,6,12],"texture":"#6"},"east":{"uv":[0,0,0,4],"texture":"#6"},"south":{"uv":[10,4,6,12],"texture":"#6"},"west":{"uv":[0,0,0,4],"texture":"#6"},"up":{"uv":[0,0,1,0],"texture":"#6"},"down":{"uv":[0,0,1,0],"texture":"#6"}}},{"from":[-3,-3,7.9],"to":[5,3,7.9],"faces":{"north":{"uv":[8,5,0,11],"texture":"#3"},"east":{"uv":[2,1,2,7],"texture":"#3"},"south":{"uv":[0,5,8,11],"texture":"#3"},"west":{"uv":[2,1,2,7],"texture":"#3"},"up":{"uv":[0,0,2.5,0],"texture":"#3"},"down":{"uv":[0,0,2.5,0],"texture":"#3"}}},{"from":[11,-3,7.9],"to":[19,3,7.9],"rotation":{"angle":0,"axis":"y","origin":[16,0,0]},"faces":{"north":{"uv":[0,5,8,11],"texture":"#3"},"east":{"uv":[2,1,2,7],"texture":"#3"},"south":{"uv":[8,5,0,11],"texture":"#3"},"west":{"uv":[2,1,2,7],"texture":"#3"},"up":{"uv":[2.5,0,0,0],"texture":"#3"},"down":{"uv":[2.5,0,0,0],"texture":"#3"}}},{"from":[1.5,2,8.1],"to":[14.5,15,8.1],"rotation":{"angle":0,"axis":"y","origin":[1.2,17.5,17.9]},"faces":{"north":{"uv":[14.5,1.5,1.5,14.5],"texture":"#4"},"east":{"uv":[0,0,0,6.5],"texture":"#4"},"south":{"uv":[14.5,1.5,1.5,14.5],"texture":"#4"},"west":{"uv":[0,0,0,6.5],"texture":"#4"},"up":{"uv":[6.5,0,0,0],"texture":"#4"},"down":{"uv":[6.5,0,0,0],"texture":"#4"}}}],"gui_light":"front","display":{"thirdperson_righthand":{"rotation":[67.5,0,0],"translation":[0,3.25,3.25],"scale":[0.44414,0.44414,0.44414]},"thirdperson_lefthand":{"rotation":[67.5,0,0],"translation":[0,3.25,3.25],"scale":[0.44414,0.44414,0.44414]},"firstperson_righthand":{"translation":[0.5,7.5,-0.25],"scale":[0.64258,0.64258,0.64258]},"firstperson_lefthand":{"translation":[0.5,7.5,-0.25],"scale":[0.64258,0.64258,0.64258]},"ground":{"translation":[0,9.75,0],"scale":[0.6582,0.6582,0.6582]},"gui":{"rotation":[0,45,0],"translation":[0.25,2.75,-2],"scale":[0.67578,0.67578,0.67578]},"head":{"rotation":[-135.5,0,0],"translation":[0,20.5,4.75],"scale":[0,0,0]},"fixed":{"rotation":[-90,0,0],"translation":[-0.75,0.25,-21],"scale":[1.62188,1.62188,1.62188]}}}