{"credit":"MadewithBlockbench","texture_size":[32,32],"textures":{"0":"saint_patricks_v1:texture1","1":"saint_patricks_v1:texture2","3":"saint_patricks_v1:clover","4":"saint_patricks_v1:sword","particle":"saint_patricks_v1:texture1"},"elements":[{"from":[1,18,1],"to":[8,19,15],"faces":{"north":{"uv":[7,12.5,7.5,16],"rotation":90,"texture":"#0"},"east":{"uv":[0,12,7,12.5],"texture":"#0"},"south":{"uv":[7,12.5,7.5,16],"rotation":90,"texture":"#0"},"west":{"uv":[0,12,7,12.5],"texture":"#0"},"up":{"uv":[0,12.5,7,16],"rotation":90,"texture":"#0"},"down":{"uv":[0,12.5,7,16],"rotation":90,"texture":"#0"}}},{"from":[8,18,1],"to":[15,19,15],"rotation":{"angle":0,"axis":"y","origin":[16,0,0]},"faces":{"north":{"uv":[7,16,7.5,12.5],"rotation":90,"texture":"#0"},"east":{"uv":[7,12,0,12.5],"texture":"#0"},"south":{"uv":[7,16,7.5,12.5],"rotation":90,"texture":"#0"},"west":{"uv":[7,12,0,12.5],"texture":"#0"},"up":{"uv":[0,16,7,12.5],"rotation":90,"texture":"#0"},"down":{"uv":[0,16,7,12.5],"rotation":90,"texture":"#0"}}},{"from":[17,10,4],"to":[17,24,18],"rotation":{"angle":22.5,"axis":"y","origin":[16,16,8]},"faces":{"north":{"uv":[0,0,0,7],"texture":"#0"},"east":{"uv":[7,0,0,7],"texture":"#0"},"south":{"uv":[0,0,0,7],"texture":"#0"},"west":{"uv":[0,0,7,7],"texture":"#0"},"up":{"uv":[0,7,0,0],"texture":"#0"},"down":{"uv":[0,0,0,7],"texture":"#0"}}},{"from":[-1,10,4],"to":[-1,24,18],"rotation":{"angle":-22.5,"axis":"y","origin":[0,16,8]},"faces":{"north":{"uv":[0,0,0,7],"texture":"#0"},"east":{"uv":[7,0,0,7],"texture":"#0"},"south":{"uv":[0,0,0,7],"texture":"#0"},"west":{"uv":[0,0,7,7],"texture":"#0"},"up":{"uv":[0,7,0,0],"texture":"#0"},"down":{"uv":[0,0,0,7],"texture":"#0"}}},{"from":[3,19,4],"to":[13,27,12],"rotation":{"angle":0,"axis":"y","origin":[1.5,22.5,8]},"faces":{"north":{"uv":[0,8,5,12],"texture":"#0"},"east":{"uv":[12,12,16,16],"texture":"#0"},"south":{"uv":[0,8,5,12],"texture":"#0"},"west":{"uv":[12,12,16,16],"texture":"#0"},"up":{"uv":[0,8,5,12],"texture":"#0"},"down":{"uv":[0,8,5,12],"texture":"#0"}}},{"from":[0,19.2,4],"to":[4,25.2,12],"rotation":{"angle":22.5,"axis":"z","origin":[1.5,22.5,8]},"faces":{"north":{"uv":[10,9.5,12,12.5],"texture":"#0"},"east":{"uv":[8,6.5,12,9.5],"texture":"#0"},"south":{"uv":[12,9.5,10,12.5],"texture":"#0"},"west":{"uv":[8,6.5,12,9.5],"texture":"#0"},"up":{"uv":[6,8,8,12],"texture":"#0"},"down":{"uv":[6,8,8,12],"texture":"#0"}}},{"from":[12,19.2,4],"to":[16,25.2,12],"rotation":{"angle":-22.5,"axis":"z","origin":[14.5,22.5,8]},"faces":{"north":{"uv":[12,9.5,10,12.5],"texture":"#0"},"east":{"uv":[12,6.5,8,9.5],"texture":"#0"},"south":{"uv":[10,9.5,12,12.5],"texture":"#0"},"west":{"uv":[12,6.5,8,9.5],"texture":"#0"},"up":{"uv":[8,8,6,12],"texture":"#0"},"down":{"uv":[8,8,6,12],"texture":"#0"}}},{"from":[7,19,0],"to":[9,32,2],"faces":{"north":{"uv":[15,0,16,6.5],"texture":"#0"},"east":{"uv":[14,0,15,6.5],"texture":"#0"},"south":{"uv":[11,0,12,6.5],"texture":"#0"},"west":{"uv":[14,0,15,6.5],"texture":"#0"},"up":{"uv":[15,6.5,16,7.5],"texture":"#0"},"down":{"uv":[15,6.5,16,7.5],"texture":"#0"}}},{"from":[6,19,1],"to":[7,31,3],"faces":{"north":{"uv":[12.5,0,13,6],"texture":"#0"},"east":{"uv":[13,0,14,6],"texture":"#0"},"south":{"uv":[12,0,12.5,6],"texture":"#0"},"west":{"uv":[15,8.5,16,14.5],"texture":"#1"},"up":{"uv":[14.5,6.5,15,7.5],"texture":"#0"},"down":{"uv":[14.5,6.5,15,7.5],"texture":"#0"}}},{"from":[5,19,1],"to":[6,30,3],"faces":{"north":{"uv":[9.5,0,10,5.5],"texture":"#0"},"east":{"uv":[10,0,11,5.5],"texture":"#0"},"south":{"uv":[9,0,9.5,5.5],"texture":"#0"},"west":{"uv":[10,0,11,5.5],"texture":"#0"},"up":{"uv":[14,6.5,14.5,7.5],"texture":"#0"},"down":{"uv":[14,6.5,14.5,7.5],"texture":"#0"}}},{"from":[4,19,2],"to":[5,29,4],"faces":{"north":{"uv":[7,0,7.5,5],"texture":"#0"},"east":{"uv":[8,0,9,5],"texture":"#0"},"south":{"uv":[7.5,0,8,5],"texture":"#0"},"west":{"uv":[14,8.5,15,13.5],"texture":"#1"},"up":{"uv":[10.5,5.5,11,6.5],"texture":"#0"},"down":{"uv":[10.5,5.5,11,6.5],"texture":"#0"}}},{"from":[3,19,2],"to":[4,28,4],"faces":{"north":{"uv":[14,7.5,14.5,12],"texture":"#0"},"east":{"uv":[15,7.5,16,12],"texture":"#0"},"south":{"uv":[14.5,7.5,15,12],"texture":"#0"},"west":{"uv":[15,7.5,16,12],"texture":"#0"},"up":{"uv":[10,5.5,10.5,6.5],"texture":"#0"},"down":{"uv":[10,5.5,10.5,6.5],"texture":"#0"}}},{"from":[2,19,3],"to":[3,27,5],"faces":{"north":{"uv":[12.5,6,13,10],"texture":"#0"},"east":{"uv":[13,6,14,10],"texture":"#0"},"south":{"uv":[12,6,12.5,10],"texture":"#0"},"west":{"uv":[13,6,14,10],"texture":"#0"},"up":{"uv":[9.5,5.5,10,6.5],"texture":"#0"},"down":{"uv":[9.5,5.5,10,6.5],"texture":"#0"}}},{"from":[10,19,1],"to":[11,30,3],"rotation":{"angle":0,"axis":"y","origin":[16,0,0]},"faces":{"north":{"uv":[10,0,9.5,5.5],"texture":"#0"},"east":{"uv":[11,0,10,5.5],"texture":"#0"},"south":{"uv":[9.5,0,9,5.5],"texture":"#0"},"west":{"uv":[11,0,10,5.5],"texture":"#0"},"up":{"uv":[14.5,6.5,14,7.5],"texture":"#0"},"down":{"uv":[14.5,6.5,14,7.5],"texture":"#0"}}},{"from":[11,19,2],"to":[12,29,4],"rotation":{"angle":0,"axis":"y","origin":[16,0,0]},"faces":{"north":{"uv":[7.5,0,7,5],"texture":"#0"},"east":{"uv":[15,8.5,14,13.5],"texture":"#1"},"south":{"uv":[8,0,7.5,5],"texture":"#0"},"west":{"uv":[9,0,8,5],"texture":"#0"},"up":{"uv":[11,5.5,10.5,6.5],"texture":"#0"},"down":{"uv":[11,5.5,10.5,6.5],"texture":"#0"}}},{"from":[12,19,2],"to":[13,28,4],"rotation":{"angle":0,"axis":"y","origin":[16,0,0]},"faces":{"north":{"uv":[14.5,7.5,14,12],"texture":"#0"},"east":{"uv":[16,7.5,15,12],"texture":"#0"},"south":{"uv":[15,7.5,14.5,12],"texture":"#0"},"west":{"uv":[16,7.5,15,12],"texture":"#0"},"up":{"uv":[10.5,5.5,10,6.5],"texture":"#0"},"down":{"uv":[10.5,5.5,10,6.5],"texture":"#0"}}},{"from":[13,19,3],"to":[14,27,5],"rotation":{"angle":0,"axis":"y","origin":[16,0,0]},"faces":{"north":{"uv":[13,6,12.5,10],"texture":"#0"},"east":{"uv":[14,6,13,10],"texture":"#0"},"south":{"uv":[12.5,6,12,10],"texture":"#0"},"west":{"uv":[14,6,13,10],"texture":"#0"},"up":{"uv":[10,5.5,9.5,6.5],"texture":"#0"},"down":{"uv":[10,5.5,9.5,6.5],"texture":"#0"}}},{"from":[9,19,1],"to":[10,31,3],"rotation":{"angle":0,"axis":"y","origin":[16,0,0]},"faces":{"north":{"uv":[13,0,12.5,6],"texture":"#0"},"east":{"uv":[16,8.5,15,14.5],"texture":"#1"},"south":{"uv":[12.5,0,12,6],"texture":"#0"},"west":{"uv":[14,0,13,6],"texture":"#0"},"up":{"uv":[15,6.5,14.5,7.5],"texture":"#0"},"down":{"uv":[15,6.5,14.5,7.5],"texture":"#0"}}},{"from":[16,14,5],"to":[19,18,9],"rotation":{"angle":0,"axis":"y","origin":[16,0,0]},"faces":{"north":{"uv":[14,8.5,12.5,10.5],"texture":"#1"},"east":{"uv":[11,8.5,9,10.5],"texture":"#1"},"south":{"uv":[12.5,8.5,14,10.5],"texture":"#1"},"west":{"uv":[11,8.5,9,10.5],"texture":"#1"},"up":{"uv":[12.5,8.5,11,10.5],"texture":"#1"},"down":{"uv":[12.5,8.5,11,10.5],"texture":"#1"}}},{"from":[-3,14,5],"to":[0,18,9],"faces":{"north":{"uv":[12.5,8.5,14,10.5],"texture":"#1"},"east":{"uv":[9,8.5,11,10.5],"texture":"#1"},"south":{"uv":[14,8.5,12.5,10.5],"texture":"#1"},"west":{"uv":[9,8.5,11,10.5],"texture":"#1"},"up":{"uv":[11,8.5,12.5,10.5],"texture":"#1"},"down":{"uv":[11,8.5,12.5,10.5],"texture":"#1"}}},{"from":[1,-2,21],"to":[15,11,21],"rotation":{"angle":-22.5,"axis":"x","origin":[0,0,0]},"faces":{"north":{"uv":[16,0,9,6.5],"texture":"#1"},"east":{"uv":[0,0,0,13],"texture":"#1"},"south":{"uv":[9,0,16,6.5],"texture":"#1"},"west":{"uv":[0,0,0,13],"texture":"#1"},"up":{"uv":[0,0,14,0],"texture":"#1"},"down":{"uv":[0,0,14,0],"texture":"#1"}}},{"from":[1.1,3,10],"to":[1.1,19,18],"rotation":{"angle":-22.5,"axis":"x","origin":[1,10,11]},"faces":{"north":{"uv":[0,0,0,8],"texture":"#1"},"east":{"uv":[4,0,0,8],"texture":"#1"},"south":{"uv":[0,0,0,8],"texture":"#1"},"west":{"uv":[0,0,4,8],"texture":"#1"},"up":{"uv":[0,8,0,0],"texture":"#1"},"down":{"uv":[0,0,0,8],"texture":"#1"}}},{"from":[14.9,3,10],"to":[14.9,19,18],"rotation":{"angle":-22.5,"axis":"x","origin":[15,10,11]},"faces":{"north":{"uv":[0,0,0,8],"texture":"#1"},"east":{"uv":[4,0,0,8],"texture":"#1"},"south":{"uv":[0,0,0,8],"texture":"#1"},"west":{"uv":[0,0,4,8],"texture":"#1"},"up":{"uv":[0,8,0,0],"texture":"#1"},"down":{"uv":[0,0,0,8],"texture":"#1"}}},{"from":[7,10,0],"to":[9,19,1],"faces":{"north":{"uv":[8,0,9,4.5],"texture":"#1"},"east":{"uv":[7.5,0,8,4.5],"texture":"#1"},"south":{"uv":[8,0,9,4.5],"texture":"#1"},"west":{"uv":[7.5,0,8,4.5],"texture":"#1"},"up":{"uv":[6.5,0,7.5,0.5],"texture":"#1"},"down":{"uv":[6.5,0,7.5,0.5],"texture":"#1"}}},{"from":[15,17,0],"to":[16,19,15],"rotation":{"angle":0,"axis":"y","origin":[16,0,0]},"faces":{"north":{"uv":[7.5,4.5,8,5.5],"texture":"#1"},"east":{"uv":[8.5,6.5,16,7.5],"texture":"#1"},"south":{"uv":[7.5,4.5,8,5.5],"texture":"#1"},"west":{"uv":[8.5,6.5,16,7.5],"texture":"#1"},"up":{"uv":[4,0,4.5,7.5],"texture":"#1"},"down":{"uv":[4,0,4.5,7.5],"texture":"#1"}}},{"from":[15,15,2],"to":[16,17,14],"rotation":{"angle":0,"axis":"y","origin":[16,0,0]},"faces":{"north":{"uv":[8,4.5,8.5,5.5],"texture":"#1"},"east":{"uv":[10,7.5,16,8.5],"texture":"#1"},"south":{"uv":[8,4.5,8.5,5.5],"texture":"#1"},"west":{"uv":[10,7.5,16,8.5],"texture":"#1"},"up":{"uv":[4.5,1.75,5,7.75],"texture":"#1"},"down":{"uv":[4.5,1.75,5,7.75],"texture":"#1"}}},{"from":[15,13,4],"to":[16,15,13],"rotation":{"angle":0,"axis":"y","origin":[16,0,0]},"faces":{"north":{"uv":[5,6,5.5,7],"texture":"#1"},"east":{"uv":[5.5,7.5,10,8.5],"texture":"#1"},"south":{"uv":[5,6,5.5,7],"texture":"#1"},"west":{"uv":[5.5,7.5,10,8.5],"texture":"#1"},"up":{"uv":[5,1.5,5.5,6],"texture":"#1"},"down":{"uv":[5,1.5,5.5,6],"texture":"#1"}}},{"from":[11,17,0],"to":[15,19,1],"rotation":{"angle":0,"axis":"y","origin":[16,0,0]},"faces":{"north":{"uv":[6.5,0,4.5,1],"texture":"#1"},"east":{"uv":[8,4.5,7.5,5.5],"texture":"#1"},"south":{"uv":[6.5,0,4.5,1],"texture":"#1"},"west":{"uv":[8,4.5,7.5,5.5],"texture":"#1"},"up":{"uv":[6.5,1,4.5,1.5],"texture":"#1"},"down":{"uv":[6.5,1,4.5,1.5],"texture":"#1"}}},{"from":[9,14,0],"to":[10,19,1],"rotation":{"angle":0,"axis":"y","origin":[16,0,0]},"faces":{"north":{"uv":[7.5,0.5,7,3],"texture":"#1"},"east":{"uv":[7,1,6.5,3.5],"texture":"#1"},"south":{"uv":[7.5,0.5,7,3],"texture":"#1"},"west":{"uv":[7,1,6.5,3.5],"texture":"#1"},"up":{"uv":[7,0.5,6.5,1],"texture":"#1"},"down":{"uv":[7,0.5,6.5,1],"texture":"#1"}}},{"from":[10,15,0],"to":[11,19,1],"rotation":{"angle":0,"axis":"y","origin":[16,0,0]},"faces":{"north":{"uv":[7.5,3,7,5],"texture":"#1"},"east":{"uv":[7,3.5,6.5,5.5],"texture":"#1"},"south":{"uv":[7.5,3,7,5],"texture":"#1"},"west":{"uv":[7,3.5,6.5,5.5],"texture":"#1"},"up":{"uv":[7.5,5,7,5.5],"texture":"#1"},"down":{"uv":[7.5,5,7,5.5],"texture":"#1"}}},{"from":[0,17,0],"to":[1,19,15],"faces":{"north":{"uv":[8,4.5,7.5,5.5],"texture":"#1"},"east":{"uv":[16,6.5,8.5,7.5],"texture":"#1"},"south":{"uv":[8,4.5,7.5,5.5],"texture":"#1"},"west":{"uv":[16,6.5,8.5,7.5],"texture":"#1"},"up":{"uv":[4.5,0,4,7.5],"texture":"#1"},"down":{"uv":[4.5,0,4,7.5],"texture":"#1"}}},{"from":[0,15,2],"to":[1,17,14],"faces":{"north":{"uv":[8.5,4.5,8,5.5],"texture":"#1"},"east":{"uv":[16,7.5,10,8.5],"texture":"#1"},"south":{"uv":[8.5,4.5,8,5.5],"texture":"#1"},"west":{"uv":[16,7.5,10,8.5],"texture":"#1"},"up":{"uv":[5,1.75,4.5,7.75],"texture":"#1"},"down":{"uv":[5,1.75,4.5,7.75],"texture":"#1"}}},{"from":[0,13,4],"to":[1,15,13],"faces":{"north":{"uv":[5.5,6,5,7],"texture":"#1"},"east":{"uv":[10,7.5,5.5,8.5],"texture":"#1"},"south":{"uv":[5.5,6,5,7],"texture":"#1"},"west":{"uv":[10,7.5,5.5,8.5],"texture":"#1"},"up":{"uv":[5.5,1.5,5,6],"texture":"#1"},"down":{"uv":[5.5,1.5,5,6],"texture":"#1"}}},{"from":[1,17,0],"to":[5,19,1],"faces":{"north":{"uv":[4.5,0,6.5,1],"texture":"#1"},"east":{"uv":[7.5,4.5,8,5.5],"texture":"#1"},"south":{"uv":[4.5,0,6.5,1],"texture":"#1"},"west":{"uv":[7.5,4.5,8,5.5],"texture":"#1"},"up":{"uv":[4.5,1,6.5,1.5],"texture":"#1"},"down":{"uv":[4.5,1,6.5,1.5],"texture":"#1"}}},{"from":[6,14,0],"to":[7,19,1],"faces":{"north":{"uv":[7,0.5,7.5,3],"texture":"#1"},"east":{"uv":[6.5,1,7,3.5],"texture":"#1"},"south":{"uv":[7,0.5,7.5,3],"texture":"#1"},"west":{"uv":[6.5,1,7,3.5],"texture":"#1"},"up":{"uv":[6.5,0.5,7,1],"texture":"#1"},"down":{"uv":[6.5,0.5,7,1],"texture":"#1"}}},{"from":[5,15,0],"to":[6,19,1],"faces":{"north":{"uv":[7,3,7.5,5],"texture":"#1"},"east":{"uv":[6.5,3.5,7,5.5],"texture":"#1"},"south":{"uv":[7,3,7.5,5],"texture":"#1"},"west":{"uv":[6.5,3.5,7,5.5],"texture":"#1"},"up":{"uv":[7,5,7.5,5.5],"texture":"#1"},"down":{"uv":[7,5,7.5,5.5],"texture":"#1"}}},{"from":[7,19,14],"to":[9,32,16],"rotation":{"angle":0,"axis":"y","origin":[0,0,16]},"faces":{"north":{"uv":[12,0,11,6.5],"texture":"#0"},"east":{"uv":[15,0,14,6.5],"texture":"#0"},"south":{"uv":[16,0,15,6.5],"texture":"#0"},"west":{"uv":[15,0,14,6.5],"texture":"#0"},"up":{"uv":[15,7.5,16,6.5],"texture":"#0"},"down":{"uv":[15,7.5,16,6.5],"texture":"#0"}}},{"from":[6,19,13],"to":[7,31,15],"rotation":{"angle":0,"axis":"y","origin":[0,0,16]},"faces":{"north":{"uv":[12.5,0,12,6],"texture":"#0"},"east":{"uv":[14,0,13,6],"texture":"#0"},"south":{"uv":[13,0,12.5,6],"texture":"#0"},"west":{"uv":[16,8.5,15,14.5],"texture":"#1"},"up":{"uv":[14.5,7.5,15,6.5],"texture":"#0"},"down":{"uv":[14.5,7.5,15,6.5],"texture":"#0"}}},{"from":[5,19,13],"to":[6,30,15],"rotation":{"angle":0,"axis":"y","origin":[0,0,16]},"faces":{"north":{"uv":[9.5,0,9,5.5],"texture":"#0"},"east":{"uv":[11,0,10,5.5],"texture":"#0"},"south":{"uv":[10,0,9.5,5.5],"texture":"#0"},"west":{"uv":[11,0,10,5.5],"texture":"#0"},"up":{"uv":[14,7.5,14.5,6.5],"texture":"#0"},"down":{"uv":[14,7.5,14.5,6.5],"texture":"#0"}}},{"from":[4,19,12],"to":[5,29,14],"rotation":{"angle":0,"axis":"y","origin":[0,0,16]},"faces":{"north":{"uv":[8,0,7.5,5],"texture":"#0"},"east":{"uv":[9,0,8,5],"texture":"#0"},"south":{"uv":[7.5,0,7,5],"texture":"#0"},"west":{"uv":[15,8.5,14,13.5],"texture":"#1"},"up":{"uv":[10.5,6.5,11,5.5],"texture":"#0"},"down":{"uv":[10.5,6.5,11,5.5],"texture":"#0"}}},{"from":[3,19,12],"to":[4,28,14],"rotation":{"angle":0,"axis":"y","origin":[0,0,16]},"faces":{"north":{"uv":[15,7.5,14.5,12],"texture":"#0"},"east":{"uv":[16,7.5,15,12],"texture":"#0"},"south":{"uv":[14.5,7.5,14,12],"texture":"#0"},"west":{"uv":[16,7.5,15,12],"texture":"#0"},"up":{"uv":[10,6.5,10.5,5.5],"texture":"#0"},"down":{"uv":[10,6.5,10.5,5.5],"texture":"#0"}}},{"from":[2,19,11],"to":[3,27,13],"rotation":{"angle":0,"axis":"y","origin":[0,0,16]},"faces":{"north":{"uv":[12.5,6,12,10],"texture":"#0"},"east":{"uv":[14,6,13,10],"texture":"#0"},"south":{"uv":[13,6,12.5,10],"texture":"#0"},"west":{"uv":[14,6,13,10],"texture":"#0"},"up":{"uv":[9.5,6.5,10,5.5],"texture":"#0"},"down":{"uv":[9.5,6.5,10,5.5],"texture":"#0"}}},{"from":[10,19,13],"to":[11,30,15],"rotation":{"angle":0,"axis":"y","origin":[16,0,16]},"faces":{"north":{"uv":[9,0,9.5,5.5],"texture":"#0"},"east":{"uv":[10,0,11,5.5],"texture":"#0"},"south":{"uv":[9.5,0,10,5.5],"texture":"#0"},"west":{"uv":[10,0,11,5.5],"texture":"#0"},"up":{"uv":[14.5,7.5,14,6.5],"texture":"#0"},"down":{"uv":[14.5,7.5,14,6.5],"texture":"#0"}}},{"from":[11,19,12],"to":[12,29,14],"rotation":{"angle":0,"axis":"y","origin":[16,0,16]},"faces":{"north":{"uv":[7.5,0,8,5],"texture":"#0"},"east":{"uv":[14,8.5,15,13.5],"texture":"#1"},"south":{"uv":[7,0,7.5,5],"texture":"#0"},"west":{"uv":[8,0,9,5],"texture":"#0"},"up":{"uv":[11,6.5,10.5,5.5],"texture":"#0"},"down":{"uv":[11,6.5,10.5,5.5],"texture":"#0"}}},{"from":[12,19,12],"to":[13,28,14],"rotation":{"angle":0,"axis":"y","origin":[16,0,16]},"faces":{"north":{"uv":[14.5,7.5,15,12],"texture":"#0"},"east":{"uv":[15,7.5,16,12],"texture":"#0"},"south":{"uv":[14,7.5,14.5,12],"texture":"#0"},"west":{"uv":[15,7.5,16,12],"texture":"#0"},"up":{"uv":[10.5,6.5,10,5.5],"texture":"#0"},"down":{"uv":[10.5,6.5,10,5.5],"texture":"#0"}}},{"from":[13,19,11],"to":[14,27,13],"rotation":{"angle":0,"axis":"y","origin":[16,0,16]},"faces":{"north":{"uv":[12,6,12.5,10],"texture":"#0"},"east":{"uv":[13,6,14,10],"texture":"#0"},"south":{"uv":[12.5,6,13,10],"texture":"#0"},"west":{"uv":[13,6,14,10],"texture":"#0"},"up":{"uv":[10,6.5,9.5,5.5],"texture":"#0"},"down":{"uv":[10,6.5,9.5,5.5],"texture":"#0"}}},{"from":[9,19,13],"to":[10,31,15],"rotation":{"angle":0,"axis":"y","origin":[16,0,16]},"faces":{"north":{"uv":[12,0,12.5,6],"texture":"#0"},"east":{"uv":[15,8.5,16,14.5],"texture":"#1"},"south":{"uv":[12.5,0,13,6],"texture":"#0"},"west":{"uv":[13,0,14,6],"texture":"#0"},"up":{"uv":[15,7.5,14.5,6.5],"texture":"#0"},"down":{"uv":[15,7.5,14.5,6.5],"texture":"#0"}}},{"from":[1.6,14,-0.2],"to":[14.6,27,-0.2],"faces":{"north":{"uv":[1.5,1.5,14.5,14.5],"texture":"#3"},"east":{"uv":[0,0,0,6.5],"texture":"#3"},"south":{"uv":[1.5,1.5,14.5,14.5],"texture":"#3"},"west":{"uv":[0,0,0,6.5],"texture":"#3"},"up":{"uv":[0,0,6.5,0],"texture":"#3"},"down":{"uv":[0,0,6.5,0],"texture":"#3"}}},{"from":[-9,12.5,6.9],"to":[-1,18.5,6.9],"faces":{"north":{"uv":[8,5,0,11],"texture":"#4"},"east":{"uv":[2,1,2,7],"texture":"#4"},"south":{"uv":[0,5,8,11],"texture":"#4"},"west":{"uv":[2,1,2,7],"texture":"#4"},"up":{"uv":[0,0,2.5,0],"texture":"#4"},"down":{"uv":[0,0,2.5,0],"texture":"#4"}}},{"from":[17,12.5,6.9],"to":[25,18.5,6.9],"rotation":{"angle":0,"axis":"y","origin":[16,0,0]},"faces":{"north":{"uv":[0,5,8,11],"texture":"#4"},"east":{"uv":[2,1,2,7],"texture":"#4"},"south":{"uv":[8,5,0,11],"texture":"#4"},"west":{"uv":[2,1,2,7],"texture":"#4"},"up":{"uv":[2.5,0,0,0],"texture":"#4"},"down":{"uv":[2.5,0,0,0],"texture":"#4"}}}],"gui_light":"front","display":{"thirdperson_righthand":{"rotation":[67.5,0,0],"translation":[0,0.5,-3.75],"scale":[0.33203,0.33203,0.33203]},"thirdperson_lefthand":{"rotation":[67.5,0,0],"translation":[0,0.5,-3.75],"scale":[0.33203,0.33203,0.33203]},"firstperson_righthand":{"translation":[0.5,-0.25,0],"scale":[0.40625,0.40625,0.40625]},"firstperson_lefthand":{"translation":[0.5,-0.25,0],"scale":[0.40625,0.40625,0.40625]},"ground":{"translation":[0,4,0],"scale":[0.45,0.45,0.45]},"gui":{"rotation":[180,-12.5,180],"translation":[0.5,-5.75,0],"scale":[0.51734,0.51734,0.51734]},"head":{"translation":[0,-4.5,0.5]},"fixed":{"rotation":[-90,0,0],"translation":[0,-0.25,6.25],"scale":[1.26563,1.26563,1.26563]}}}