{"credit":"MadewithBlockbench","texture_size":[32,32],"textures":{"0":"saint_patricks_v1:texture2","1":"saint_patricks_v1:texture1","2":"saint_patricks_v1:texture3","3":"saint_patricks_v1:sword","6":"saint_patricks_v1:texture6","particle":"saint_patricks_v1:texture2"},"elements":[{"from":[7,-8,7],"to":[9,1,9],"rotation":{"angle":0,"axis":"y","origin":[0,-5,0]},"faces":{"north":{"uv":[4.5,8.5,9,9.5],"rotation":90,"texture":"#0"},"east":{"uv":[4.5,8.5,9,9.5],"rotation":90,"texture":"#0"},"south":{"uv":[4.5,9.5,9,8.5],"rotation":90,"texture":"#0"},"west":{"uv":[4.5,9.5,9,8.5],"rotation":90,"texture":"#0"},"up":{"uv":[7.5,9.5,6.5,10.5],"rotation":90,"texture":"#0"},"down":{"uv":[7.5,11.5,6.5,10.5],"rotation":270,"texture":"#0"}}},{"from":[6.5,-16,6.5],"to":[9.5,-8,9.5],"rotation":{"angle":0,"axis":"y","origin":[9.5,-13,7.5]},"faces":{"north":{"uv":[10.5,10.5,6.5,9],"rotation":90,"texture":"#2"},"east":{"uv":[16,14,12,12.5],"rotation":90,"texture":"#2"},"south":{"uv":[10.5,10.5,6.5,9],"rotation":90,"texture":"#2"},"west":{"uv":[16,14,12,12.5],"rotation":90,"texture":"#2"},"up":{"uv":[8,12,6.5,10.5],"texture":"#2"},"down":{"uv":[9.5,12,8,10.5],"texture":"#2"}}},{"from":[5.67948,-14.95665,7.46152],"to":[8.67948,-9.95665,8.46152],"rotation":{"angle":-22.5,"axis":"z","origin":[8,-12.12388,7.96152]},"faces":{"north":{"uv":[1.5,12.5,0,10],"texture":"#2"},"east":{"uv":[2,12.5,1.5,10],"texture":"#2"},"south":{"uv":[1.5,12.5,0,10],"texture":"#2"},"west":{"uv":[2,12.5,1.5,10],"texture":"#2"},"up":{"uv":[10,16,9.5,14.5],"rotation":270,"texture":"#2"},"down":{"uv":[10,16,9.5,14.5],"rotation":90,"texture":"#2"}}},{"from":[7.32052,-14.95665,7.46152],"to":[10.32052,-9.95665,8.46152],"rotation":{"angle":22.5,"axis":"z","origin":[8,-12.12388,7.96152]},"faces":{"north":{"uv":[0,12.5,1.5,10],"texture":"#2"},"east":{"uv":[1.5,12.5,2,10],"texture":"#2"},"south":{"uv":[0,12.5,1.5,10],"texture":"#2"},"west":{"uv":[1.5,12.5,2,10],"texture":"#2"},"up":{"uv":[10,14.5,9.5,16],"rotation":270,"texture":"#2"},"down":{"uv":[10,14.5,9.5,16],"rotation":90,"texture":"#2"}}},{"from":[7.5,-14.95615,7.27953],"to":[8.5,-9.95615,10.27953],"rotation":{"angle":-22.5,"axis":"x","origin":[8,-12.11732,7.96152]},"faces":{"north":{"uv":[2,12.5,1.5,10],"texture":"#2"},"east":{"uv":[1.5,12.5,0,10],"texture":"#2"},"south":{"uv":[2,12.5,1.5,10],"texture":"#2"},"west":{"uv":[1.5,12.5,0,10],"texture":"#2"},"up":{"uv":[10,16,9.5,14.5],"rotation":180,"texture":"#2"},"down":{"uv":[10,16,9.5,14.5],"rotation":180,"texture":"#2"}}},{"from":[7.5,-14.95615,5.64352],"to":[8.5,-9.95615,8.64352],"rotation":{"angle":22.5,"axis":"x","origin":[8,-12.11732,7.96152]},"faces":{"north":{"uv":[1.5,12.5,2,10],"texture":"#2"},"east":{"uv":[0,12.5,1.5,10],"texture":"#2"},"south":{"uv":[1.5,12.5,2,10],"texture":"#2"},"west":{"uv":[0,12.5,1.5,10],"texture":"#2"},"up":{"uv":[10,14.5,9.5,16],"rotation":180,"texture":"#2"},"down":{"uv":[10,14.5,9.5,16],"rotation":180,"texture":"#2"}}},{"from":[6,-2,9],"to":[10,0,11],"rotation":{"angle":22.5,"axis":"x","origin":[8,0,10]},"faces":{"north":{"uv":[11.25,13,13.25,14],"texture":"#0"},"east":{"uv":[11.25,12,12.25,13],"texture":"#0"},"south":{"uv":[13.25,13,11.25,14],"texture":"#0"},"west":{"uv":[11.25,12,12.25,13],"texture":"#0"},"up":{"uv":[11.25,12,9.25,11],"texture":"#0"},"down":{"uv":[13.25,12,11.25,11],"texture":"#0"}}},{"from":[5,-2.1,6],"to":[7,-0.1,10],"rotation":{"angle":22.5,"axis":"z","origin":[6,-1.1,8]},"faces":{"north":{"uv":[13.25,12,12.25,13],"texture":"#0"},"east":{"uv":[9.25,12,7.25,13],"texture":"#0"},"south":{"uv":[13.25,12,12.25,13],"texture":"#0"},"west":{"uv":[9.25,12,7.25,13],"texture":"#0"},"up":{"uv":[8.5,10,7.5,12],"texture":"#0"},"down":{"uv":[14.25,14,13.25,16],"texture":"#0"}}},{"from":[9,-3,7],"to":[10,-1,9],"rotation":{"angle":22.5,"axis":"z","origin":[9.5,-2,8]},"faces":{"north":{"uv":[15.5,15,16,16],"texture":"#0"},"east":{"uv":[14.5,15,15.5,16],"texture":"#0"},"south":{"uv":[15.5,15,16,16],"texture":"#0"},"west":{"uv":[14.5,15,15.5,16],"texture":"#0"},"up":{"uv":[14.5,14,15,15],"texture":"#0"},"down":{"uv":[15,14.5,16,15],"rotation":90,"texture":"#0"}}},{"from":[6,-2,5],"to":[10,0,7],"rotation":{"angle":-22.5,"axis":"x","origin":[8,0,6]},"faces":{"north":{"uv":[11.25,13,13.25,14],"texture":"#0"},"east":{"uv":[11.25,12,12.25,13],"texture":"#0"},"south":{"uv":[11.25,13,13.25,14],"texture":"#0"},"west":{"uv":[11.25,12,12.25,13],"texture":"#0"},"up":{"uv":[9.25,11,11.25,12],"texture":"#0"},"down":{"uv":[11.25,11,13.25,12],"texture":"#0"}}},{"from":[9,-2.1,6],"to":[11,-0.1,10],"rotation":{"angle":-22.5,"axis":"z","origin":[10,-1.1,8]},"faces":{"north":{"uv":[12.25,12,13.25,13],"texture":"#0"},"east":{"uv":[7.25,12,9.25,13],"texture":"#0"},"south":{"uv":[12.25,12,13.25,13],"texture":"#0"},"west":{"uv":[7.25,12,9.25,13],"texture":"#0"},"up":{"uv":[7.5,10,8.5,12],"texture":"#0"},"down":{"uv":[13.25,14,14.25,16],"texture":"#0"}}},{"from":[5,0,5],"to":[11,1,11],"rotation":{"angle":0,"axis":"y","origin":[0,-1,0]},"faces":{"north":{"uv":[10.5,13,11,16],"rotation":90,"texture":"#1"},"east":{"uv":[11,13,11.5,16],"rotation":90,"texture":"#1"},"south":{"uv":[10.5,13,11,16],"rotation":90,"texture":"#1"},"west":{"uv":[11,13,11.5,16],"rotation":90,"texture":"#1"},"up":{"uv":[10.5,13,7.5,16],"rotation":90,"texture":"#1"},"down":{"uv":[10.5,16,7.5,13],"rotation":270,"texture":"#1"}}},{"from":[6,-3,7],"to":[7,-1,9],"rotation":{"angle":-22.5,"axis":"z","origin":[6.5,-2,8]},"faces":{"north":{"uv":[16,15,15.5,16],"texture":"#0"},"east":{"uv":[15.5,15,14.5,16],"texture":"#0"},"south":{"uv":[16,15,15.5,16],"texture":"#0"},"west":{"uv":[15.5,15,14.5,16],"texture":"#0"},"up":{"uv":[15,14,14.5,15],"texture":"#0"},"down":{"uv":[15,15,16,14.5],"rotation":90,"texture":"#0"}}},{"from":[7,-3.57403,6.11418],"to":[9,-1.57403,7.11418],"rotation":{"angle":22.5,"axis":"x","origin":[8,-2,8]},"faces":{"north":{"uv":[14.5,15,15.5,16],"texture":"#0"},"east":{"uv":[15.5,15,16,16],"texture":"#0"},"south":{"uv":[14.5,15,15.5,16],"texture":"#0"},"west":{"uv":[15.5,15,16,16],"texture":"#0"},"up":{"uv":[15,15,14.5,14],"rotation":90,"texture":"#0"},"down":{"uv":[16,15,15,14.5],"texture":"#0"}}},{"from":[7,-3.57403,8.88582],"to":[9,-1.57403,9.88582],"rotation":{"angle":-22.5,"axis":"x","origin":[8,-2,8]},"faces":{"north":{"uv":[15.5,15,14.5,16],"texture":"#0"},"east":{"uv":[16,15,15.5,16],"texture":"#0"},"south":{"uv":[15.5,15,14.5,16],"texture":"#0"},"west":{"uv":[16,15,15.5,16],"texture":"#0"},"up":{"uv":[14.5,15,15,14],"rotation":90,"texture":"#0"},"down":{"uv":[16,14.5,15,15],"texture":"#0"}}},{"from":[7,1,7],"to":[9,10,9],"rotation":{"angle":0,"axis":"y","origin":[8.75,5.75,8]},"faces":{"north":{"uv":[6.5,5,7.5,9.5],"texture":"#6"},"east":{"uv":[7.5,5,8.5,9.5],"texture":"#6"},"south":{"uv":[7.5,5,6.5,9.5],"texture":"#6"},"west":{"uv":[1,7.5,2,12],"texture":"#6"},"up":{"uv":[8.5,5,9.5,6],"rotation":90,"texture":"#6"},"down":{"uv":[8.5,5,9.5,6],"rotation":270,"texture":"#6"}}},{"from":[1,2,8],"to":[9,8,8],"rotation":{"angle":0,"axis":"y","origin":[7.9,18.7,1.5]},"faces":{"north":{"uv":[8,5,0,11],"texture":"#3"},"east":{"uv":[2,1,2,7],"texture":"#3"},"south":{"uv":[0,5,8,11],"texture":"#3"},"west":{"uv":[2,1,2,7],"texture":"#3"},"up":{"uv":[2.5,0,0,0],"rotation":180,"texture":"#3"},"down":{"uv":[2.5,0,0,0],"rotation":180,"texture":"#3"}}},{"from":[9,6,7.5],"to":[14,10,8.5],"rotation":{"angle":0,"axis":"y","origin":[8.75,5.75,8]},"faces":{"north":{"uv":[8.5,6,11,8],"texture":"#6"},"east":{"uv":[11,6,11.5,8],"texture":"#6"},"south":{"uv":[11,6,8.5,8],"texture":"#6"},"west":{"uv":[11,6,11.5,8],"texture":"#6"},"up":{"uv":[8.5,8,11,8.5],"rotation":180,"texture":"#6"},"down":{"uv":[8.5,8,11,8.5],"rotation":180,"texture":"#6"}}},{"from":[9,2,7.5],"to":[12,5,8.5],"rotation":{"angle":0,"axis":"y","origin":[8.75,5.75,8]},"faces":{"north":{"uv":[4.5,7.5,6,9],"texture":"#6"},"east":{"uv":[4.5,9,6,9.5],"rotation":90,"texture":"#6"},"south":{"uv":[6,7.5,4.5,9],"texture":"#6"},"west":{"uv":[4.5,9,6,9.5],"rotation":90,"texture":"#6"},"up":{"uv":[4,7.5,4.5,9],"rotation":90,"texture":"#6"},"down":{"uv":[4,9,4.5,7.5],"rotation":270,"texture":"#6"}}}],"gui_light":"front","display":{"thirdperson_righthand":{"rotation":[-23.25,90,0],"translation":[0,7.5,-1.5],"scale":[0.43242,0.43242,0.43242]},"thirdperson_lefthand":{"rotation":[-23.25,90,0],"translation":[0,7.5,-1.5],"scale":[0.43242,0.43242,0.43242]},"firstperson_righthand":{"rotation":[-90,90,0],"translation":[-3,5.25,-0.25],"scale":[0.38281,0.38281,0.38281]},"firstperson_lefthand":{"rotation":[-90,-90,0],"translation":[-3,5.25,-0.25],"scale":[0.38281,0.38281,0.38281]},"ground":{"rotation":[0,0,45],"translation":[0,9.75,0],"scale":[0.45,0.45,0.45]},"gui":{"rotation":[0,45,0],"translation":[0.25,5.75,-2],"scale":[0.54492,0.54492,0.54492]},"head":{"rotation":[-135.5,0,0],"translation":[0,20.5,4.75],"scale":[0,0,0]},"fixed":{"translation":[0,14.75,-1.5],"scale":[1.36133,1.36133,1.36133]}}}