{"credit":"MadewithBlockbench","texture_size":[32,32],"textures":{"0":"saint_patricks_v1:texture2","1":"saint_patricks_v1:texture1","2":"saint_patricks_v1:texture3","3":"saint_patricks_v1:sword","5":"saint_patricks_v1:cloverbubble2","particle":"saint_patricks_v1:texture2"},"elements":[{"from":[6,16,7],"to":[10,18,9],"rotation":{"angle":0,"axis":"y","origin":[0,11,0]},"faces":{"north":{"uv":[3,13,5,12],"rotation":180,"texture":"#0"},"east":{"uv":[3,14,4,13],"rotation":180,"texture":"#0"},"south":{"uv":[3,13,5,12],"rotation":180,"texture":"#0"},"west":{"uv":[3,14,4,13],"rotation":180,"texture":"#0"},"up":{"uv":[3,15,5,14],"rotation":180,"texture":"#0"},"down":{"uv":[3,15,5,14],"rotation":180,"texture":"#0"}}},{"from":[4,14,7],"to":[6,16,9],"rotation":{"angle":0,"axis":"y","origin":[0,11,0]},"faces":{"north":{"uv":[2,11,3,12],"texture":"#0"},"east":{"uv":[1,13,2,12],"rotation":180,"texture":"#0"},"south":{"uv":[2,12,3,11],"rotation":180,"texture":"#0"},"west":{"uv":[0,12,1,11],"rotation":180,"texture":"#0"},"up":{"uv":[2,13,3,12],"rotation":180,"texture":"#0"},"down":{"uv":[2,10,1,9],"texture":"#0"}}},{"from":[10,14,7],"to":[12,16,9],"rotation":{"angle":0,"axis":"y","origin":[-16,11,0]},"faces":{"north":{"uv":[3,11,2,12],"texture":"#0"},"east":{"uv":[1,12,0,11],"rotation":180,"texture":"#0"},"south":{"uv":[3,12,2,11],"rotation":180,"texture":"#0"},"west":{"uv":[2,13,1,12],"rotation":180,"texture":"#0"},"up":{"uv":[3,13,2,12],"rotation":180,"texture":"#0"},"down":{"uv":[1,10,2,9],"texture":"#0"}}},{"from":[6,10,7],"to":[10,16,9],"rotation":{"angle":0,"axis":"y","origin":[0,11,0]},"faces":{"north":{"uv":[0,16,2,13],"rotation":180,"texture":"#0"},"east":{"uv":[2,16,3,13],"rotation":180,"texture":"#0"},"south":{"uv":[0,16,2,13],"rotation":180,"texture":"#0"},"west":{"uv":[2,16,3,13],"rotation":180,"texture":"#0"},"up":{"uv":[0,13,2,12],"rotation":180,"texture":"#0"},"down":{"uv":[0,13,2,12],"rotation":180,"texture":"#0"}}},{"from":[4,16,7],"to":[6,19,9],"rotation":{"angle":0,"axis":"y","origin":[0,11,0]},"faces":{"north":{"uv":[2.5,11,1,10],"rotation":270,"texture":"#0"},"east":{"uv":[4.5,11,3,12],"rotation":270,"texture":"#0"},"south":{"uv":[2.5,10,1,11],"rotation":270,"texture":"#0"},"west":{"uv":[0,11,1,9.5],"rotation":180,"texture":"#0"},"up":{"uv":[4,14,5,13],"rotation":180,"texture":"#0"},"down":{"uv":[4,14,5,13],"rotation":180,"texture":"#0"}}},{"from":[5,12,7],"to":[6,14,9],"rotation":{"angle":0,"axis":"y","origin":[0,11,0]},"faces":{"north":{"uv":[6.75,13,6.25,12],"rotation":180,"texture":"#0"},"east":{"uv":[5.25,13,6.25,12],"rotation":180,"texture":"#0"},"south":{"uv":[6.25,13,6.75,12],"rotation":180,"texture":"#0"},"west":{"uv":[5.25,13,6.25,12],"rotation":180,"texture":"#0"},"up":{"uv":[6.75,13,7.25,12],"rotation":180,"texture":"#0"},"down":{"uv":[6.75,13,7.25,12],"rotation":180,"texture":"#0"}}},{"from":[3,15,7],"to":[4,18,9],"rotation":{"angle":0,"axis":"y","origin":[-16,11,0]},"faces":{"north":{"uv":[4.5,9.5,4,11],"texture":"#0"},"east":{"uv":[4,11,2.5,10],"rotation":270,"texture":"#0"},"south":{"uv":[4.5,11,4,9.5],"rotation":180,"texture":"#0"},"west":{"uv":[4,11,2.5,10],"rotation":270,"texture":"#0"},"up":{"uv":[5,12,4.5,11],"rotation":180,"texture":"#0"},"down":{"uv":[5.5,12,5,11],"rotation":180,"texture":"#0"}}},{"from":[10,16,7],"to":[12,19,9],"rotation":{"angle":0,"axis":"y","origin":[-16,11,0]},"faces":{"north":{"uv":[2.5,10,1,11],"rotation":270,"texture":"#0"},"east":{"uv":[1,11,0,9.5],"rotation":180,"texture":"#0"},"south":{"uv":[2.5,11,1,10],"rotation":270,"texture":"#0"},"west":{"uv":[4.5,12,3,11],"rotation":270,"texture":"#0"},"up":{"uv":[5,14,4,13],"rotation":180,"texture":"#0"},"down":{"uv":[5,14,4,13],"rotation":180,"texture":"#0"}}},{"from":[12,15,7],"to":[13,18,9],"rotation":{"angle":0,"axis":"y","origin":[0,11,0]},"faces":{"north":{"uv":[4,9.5,4.5,11],"texture":"#0"},"east":{"uv":[4,10,2.5,11],"rotation":270,"texture":"#0"},"south":{"uv":[4,11,4.5,9.5],"rotation":180,"texture":"#0"},"west":{"uv":[4,10,2.5,11],"rotation":270,"texture":"#0"},"up":{"uv":[4.5,12,5,11],"rotation":180,"texture":"#0"},"down":{"uv":[5,12,5.5,11],"rotation":180,"texture":"#0"}}},{"from":[10,12,7],"to":[11,14,9],"rotation":{"angle":0,"axis":"y","origin":[-16,11,0]},"faces":{"north":{"uv":[6.25,13,6.75,12],"rotation":180,"texture":"#0"},"east":{"uv":[6.25,13,5.25,12],"rotation":180,"texture":"#0"},"south":{"uv":[6.75,13,6.25,12],"rotation":180,"texture":"#0"},"west":{"uv":[6.25,13,5.25,12],"rotation":180,"texture":"#0"},"up":{"uv":[7.25,13,6.75,12],"rotation":180,"texture":"#0"},"down":{"uv":[7.25,13,6.75,12],"rotation":180,"texture":"#0"}}},{"from":[6,-2,7],"to":[10,0,9],"rotation":{"angle":0,"axis":"y","origin":[0,5,0]},"faces":{"north":{"uv":[3,12,5,13],"rotation":180,"texture":"#0"},"east":{"uv":[3,13,4,14],"rotation":180,"texture":"#0"},"south":{"uv":[3,12,5,13],"rotation":180,"texture":"#0"},"west":{"uv":[3,13,4,14],"rotation":180,"texture":"#0"},"up":{"uv":[3,14,5,15],"rotation":180,"texture":"#0"},"down":{"uv":[3,14,5,15],"rotation":180,"texture":"#0"}}},{"from":[4,0,7],"to":[6,2,9],"rotation":{"angle":0,"axis":"y","origin":[0,5,0]},"faces":{"north":{"uv":[2,12,3,11],"texture":"#0"},"east":{"uv":[1,12,2,13],"rotation":180,"texture":"#0"},"south":{"uv":[2,11,3,12],"rotation":180,"texture":"#0"},"west":{"uv":[0,11,1,12],"rotation":180,"texture":"#0"},"up":{"uv":[2,9,1,10],"texture":"#0"},"down":{"uv":[2,12,3,13],"rotation":180,"texture":"#0"}}},{"from":[10,0,7],"to":[12,2,9],"rotation":{"angle":0,"axis":"y","origin":[-16,5,0]},"faces":{"north":{"uv":[3,12,2,11],"texture":"#0"},"east":{"uv":[1,11,0,12],"rotation":180,"texture":"#0"},"south":{"uv":[3,11,2,12],"rotation":180,"texture":"#0"},"west":{"uv":[2,12,1,13],"rotation":180,"texture":"#0"},"up":{"uv":[1,9,2,10],"texture":"#0"},"down":{"uv":[3,12,2,13],"rotation":180,"texture":"#0"}}},{"from":[6,0,7],"to":[10,6,9],"rotation":{"angle":0,"axis":"y","origin":[0,5,0]},"faces":{"north":{"uv":[0,13,2,16],"rotation":180,"texture":"#0"},"east":{"uv":[2,13,3,16],"rotation":180,"texture":"#0"},"south":{"uv":[0,13,2,16],"rotation":180,"texture":"#0"},"west":{"uv":[2,13,3,16],"rotation":180,"texture":"#0"},"up":{"uv":[0,12,2,13],"rotation":180,"texture":"#0"},"down":{"uv":[0,12,2,13],"rotation":180,"texture":"#0"}}},{"from":[4,-3,7],"to":[6,0,9],"rotation":{"angle":0,"axis":"y","origin":[0,5,0]},"faces":{"north":{"uv":[1,11,2.5,10],"rotation":270,"texture":"#0"},"east":{"uv":[3,11,4.5,12],"rotation":270,"texture":"#0"},"south":{"uv":[1,10,2.5,11],"rotation":270,"texture":"#0"},"west":{"uv":[0,9.5,1,11],"rotation":180,"texture":"#0"},"up":{"uv":[4,13,5,14],"rotation":180,"texture":"#0"},"down":{"uv":[4,13,5,14],"rotation":180,"texture":"#0"}}},{"from":[5,2,7],"to":[6,4,9],"rotation":{"angle":0,"axis":"y","origin":[0,5,0]},"faces":{"north":{"uv":[6.75,12,6.25,13],"rotation":180,"texture":"#0"},"east":{"uv":[5.25,12,6.25,13],"rotation":180,"texture":"#0"},"south":{"uv":[6.25,12,6.75,13],"rotation":180,"texture":"#0"},"west":{"uv":[5.25,12,6.25,13],"rotation":180,"texture":"#0"},"up":{"uv":[6.75,12,7.25,13],"rotation":180,"texture":"#0"},"down":{"uv":[6.75,12,7.25,13],"rotation":180,"texture":"#0"}}},{"from":[3,-2,7],"to":[4,1,9],"rotation":{"angle":0,"axis":"y","origin":[-16,5,0]},"faces":{"north":{"uv":[4.5,11,4,9.5],"texture":"#0"},"east":{"uv":[2.5,11,4,10],"rotation":270,"texture":"#0"},"south":{"uv":[4.5,9.5,4,11],"rotation":180,"texture":"#0"},"west":{"uv":[2.5,11,4,10],"rotation":270,"texture":"#0"},"up":{"uv":[5.5,11,5,12],"rotation":180,"texture":"#0"},"down":{"uv":[5,11,4.5,12],"rotation":180,"texture":"#0"}}},{"from":[10,-3,7],"to":[12,0,9],"rotation":{"angle":0,"axis":"y","origin":[-16,5,0]},"faces":{"north":{"uv":[1,10,2.5,11],"rotation":270,"texture":"#0"},"east":{"uv":[1,9.5,0,11],"rotation":180,"texture":"#0"},"south":{"uv":[1,11,2.5,10],"rotation":270,"texture":"#0"},"west":{"uv":[3,12,4.5,11],"rotation":270,"texture":"#0"},"up":{"uv":[5,13,4,14],"rotation":180,"texture":"#0"},"down":{"uv":[5,13,4,14],"rotation":180,"texture":"#0"}}},{"from":[12,-2,7],"to":[13,1,9],"rotation":{"angle":0,"axis":"y","origin":[0,5,0]},"faces":{"north":{"uv":[4,11,4.5,9.5],"texture":"#0"},"east":{"uv":[2.5,10,4,11],"rotation":270,"texture":"#0"},"south":{"uv":[4,9.5,4.5,11],"rotation":180,"texture":"#0"},"west":{"uv":[2.5,10,4,11],"rotation":270,"texture":"#0"},"up":{"uv":[5,11,5.5,12],"rotation":180,"texture":"#0"},"down":{"uv":[4.5,11,5,12],"rotation":180,"texture":"#0"}}},{"from":[10,2,7],"to":[11,4,9],"rotation":{"angle":0,"axis":"y","origin":[-16,5,0]},"faces":{"north":{"uv":[6.25,12,6.75,13],"rotation":180,"texture":"#0"},"east":{"uv":[6.25,12,5.25,13],"rotation":180,"texture":"#0"},"south":{"uv":[6.75,12,6.25,13],"rotation":180,"texture":"#0"},"west":{"uv":[6.25,12,5.25,13],"rotation":180,"texture":"#0"},"up":{"uv":[7.25,12,6.75,13],"rotation":180,"texture":"#0"},"down":{"uv":[7.25,12,6.75,13],"rotation":180,"texture":"#0"}}},{"from":[16,6,7],"to":[18,10,9],"rotation":{"angle":0,"axis":"y","origin":[0,5,0]},"faces":{"north":{"uv":[3,12,5,13],"rotation":270,"texture":"#0"},"east":{"uv":[3,14,5,15],"rotation":90,"texture":"#0"},"south":{"uv":[3,12,5,13],"rotation":90,"texture":"#0"},"west":{"uv":[3,14,5,15],"rotation":90,"texture":"#0"},"up":{"uv":[3,13,4,14],"rotation":90,"texture":"#0"},"down":{"uv":[3,13,4,14],"rotation":90,"texture":"#0"}}},{"from":[14,4,7],"to":[16,6,9],"rotation":{"angle":0,"axis":"y","origin":[0,5,0]},"faces":{"north":{"uv":[2,12,3,11],"rotation":90,"texture":"#0"},"east":{"uv":[2,12,3,13],"rotation":90,"texture":"#0"},"south":{"uv":[2,11,3,12],"rotation":90,"texture":"#0"},"west":{"uv":[2,9,1,10],"rotation":270,"texture":"#0"},"up":{"uv":[1,12,2,13],"rotation":90,"texture":"#0"},"down":{"uv":[0,11,1,12],"rotation":90,"texture":"#0"}}},{"from":[14,10,7],"to":[16,12,9],"rotation":{"angle":0,"axis":"y","origin":[0,-11,0]},"faces":{"north":{"uv":[3,12,2,11],"rotation":90,"texture":"#0"},"east":{"uv":[3,12,2,13],"rotation":90,"texture":"#0"},"south":{"uv":[3,11,2,12],"rotation":90,"texture":"#0"},"west":{"uv":[1,9,2,10],"rotation":270,"texture":"#0"},"up":{"uv":[1,11,0,12],"rotation":90,"texture":"#0"},"down":{"uv":[2,12,1,13],"rotation":90,"texture":"#0"}}},{"from":[10,6,7],"to":[16,10,9],"rotation":{"angle":0,"axis":"y","origin":[0,5,0]},"faces":{"north":{"uv":[0,13,2,16],"rotation":270,"texture":"#0"},"east":{"uv":[0,12,2,13],"rotation":90,"texture":"#0"},"south":{"uv":[0,13,2,16],"rotation":90,"texture":"#0"},"west":{"uv":[0,12,2,13],"rotation":90,"texture":"#0"},"up":{"uv":[2,13,3,16],"rotation":90,"texture":"#0"},"down":{"uv":[2,13,3,16],"rotation":90,"texture":"#0"}}},{"from":[16,4,7],"to":[19,6,9],"rotation":{"angle":0,"axis":"y","origin":[0,5,0]},"faces":{"north":{"uv":[1,11,2.5,10],"texture":"#0"},"east":{"uv":[4,13,5,14],"rotation":90,"texture":"#0"},"south":{"uv":[1,10,2.5,11],"rotation":180,"texture":"#0"},"west":{"uv":[4,13,5,14],"rotation":90,"texture":"#0"},"up":{"uv":[3,11,4.5,12],"rotation":180,"texture":"#0"},"down":{"uv":[0,9.5,1,11],"rotation":90,"texture":"#0"}}},{"from":[12,5,7],"to":[14,6,9],"rotation":{"angle":0,"axis":"y","origin":[0,5,0]},"faces":{"north":{"uv":[6.75,12,6.25,13],"rotation":270,"texture":"#0"},"east":{"uv":[6.75,12,7.25,13],"rotation":90,"texture":"#0"},"south":{"uv":[6.25,12,6.75,13],"rotation":90,"texture":"#0"},"west":{"uv":[6.75,12,7.25,13],"rotation":90,"texture":"#0"},"up":{"uv":[5.25,12,6.25,13],"rotation":90,"texture":"#0"},"down":{"uv":[5.25,12,6.25,13],"rotation":90,"texture":"#0"}}},{"from":[15,3,7],"to":[18,4,9],"rotation":{"angle":0,"axis":"y","origin":[0,-11,0]},"faces":{"north":{"uv":[4.5,11,4,9.5],"rotation":90,"texture":"#0"},"east":{"uv":[5,11,4.5,12],"rotation":90,"texture":"#0"},"south":{"uv":[4.5,9.5,4,11],"rotation":90,"texture":"#0"},"west":{"uv":[5.5,11,5,12],"rotation":90,"texture":"#0"},"up":{"uv":[2.5,11,4,10],"rotation":180,"texture":"#0"},"down":{"uv":[2.5,11,4,10],"rotation":180,"texture":"#0"}}},{"from":[16,10,7],"to":[19,12,9],"rotation":{"angle":0,"axis":"y","origin":[0,-11,0]},"faces":{"north":{"uv":[1,10,2.5,11],"texture":"#0"},"east":{"uv":[5,13,4,14],"rotation":90,"texture":"#0"},"south":{"uv":[1,11,2.5,10],"rotation":180,"texture":"#0"},"west":{"uv":[5,13,4,14],"rotation":90,"texture":"#0"},"up":{"uv":[1,9.5,0,11],"rotation":90,"texture":"#0"},"down":{"uv":[3,12,4.5,11],"rotation":180,"texture":"#0"}}},{"from":[15,12,7],"to":[18,13,9],"rotation":{"angle":0,"axis":"y","origin":[0,5,0]},"faces":{"north":{"uv":[4,11,4.5,9.5],"rotation":90,"texture":"#0"},"east":{"uv":[4.5,11,5,12],"rotation":90,"texture":"#0"},"south":{"uv":[4,9.5,4.5,11],"rotation":90,"texture":"#0"},"west":{"uv":[5,11,5.5,12],"rotation":90,"texture":"#0"},"up":{"uv":[2.5,10,4,11],"rotation":180,"texture":"#0"},"down":{"uv":[2.5,10,4,11],"rotation":180,"texture":"#0"}}},{"from":[12,10,7],"to":[14,11,9],"rotation":{"angle":0,"axis":"y","origin":[0,-11,0]},"faces":{"north":{"uv":[6.25,12,6.75,13],"rotation":270,"texture":"#0"},"east":{"uv":[7.25,12,6.75,13],"rotation":90,"texture":"#0"},"south":{"uv":[6.75,12,6.25,13],"rotation":90,"texture":"#0"},"west":{"uv":[7.25,12,6.75,13],"rotation":90,"texture":"#0"},"up":{"uv":[6.25,12,5.25,13],"rotation":90,"texture":"#0"},"down":{"uv":[6.25,12,5.25,13],"rotation":90,"texture":"#0"}}},{"from":[-2,6,7],"to":[0,10,9],"rotation":{"angle":0,"axis":"y","origin":[16,5,0]},"faces":{"north":{"uv":[3,13,5,12],"rotation":270,"texture":"#0"},"east":{"uv":[3,15,5,14],"rotation":90,"texture":"#0"},"south":{"uv":[3,13,5,12],"rotation":90,"texture":"#0"},"west":{"uv":[3,15,5,14],"rotation":90,"texture":"#0"},"up":{"uv":[3,14,4,13],"rotation":90,"texture":"#0"},"down":{"uv":[3,14,4,13],"rotation":90,"texture":"#0"}}},{"from":[0,4,7],"to":[2,6,9],"rotation":{"angle":0,"axis":"y","origin":[16,5,0]},"faces":{"north":{"uv":[2,11,3,12],"rotation":90,"texture":"#0"},"east":{"uv":[2,10,1,9],"rotation":270,"texture":"#0"},"south":{"uv":[2,12,3,11],"rotation":90,"texture":"#0"},"west":{"uv":[2,13,3,12],"rotation":90,"texture":"#0"},"up":{"uv":[1,13,2,12],"rotation":90,"texture":"#0"},"down":{"uv":[0,12,1,11],"rotation":90,"texture":"#0"}}},{"from":[0,10,7],"to":[2,12,9],"rotation":{"angle":0,"axis":"y","origin":[16,-11,0]},"faces":{"north":{"uv":[3,11,2,12],"rotation":90,"texture":"#0"},"east":{"uv":[1,10,2,9],"rotation":270,"texture":"#0"},"south":{"uv":[3,12,2,11],"rotation":90,"texture":"#0"},"west":{"uv":[3,13,2,12],"rotation":90,"texture":"#0"},"up":{"uv":[1,12,0,11],"rotation":90,"texture":"#0"},"down":{"uv":[2,13,1,12],"rotation":90,"texture":"#0"}}},{"from":[0,6,7],"to":[6,10,9],"rotation":{"angle":0,"axis":"y","origin":[16,5,0]},"faces":{"north":{"uv":[0,16,2,13],"rotation":270,"texture":"#0"},"east":{"uv":[0,13,2,12],"rotation":90,"texture":"#0"},"south":{"uv":[0,16,2,13],"rotation":90,"texture":"#0"},"west":{"uv":[0,13,2,12],"rotation":90,"texture":"#0"},"up":{"uv":[2,16,3,13],"rotation":90,"texture":"#0"},"down":{"uv":[2,16,3,13],"rotation":90,"texture":"#0"}}},{"from":[-3,4,7],"to":[0,6,9],"rotation":{"angle":0,"axis":"y","origin":[16,5,0]},"faces":{"north":{"uv":[2.5,11,1,10],"texture":"#0"},"east":{"uv":[4,14,5,13],"rotation":90,"texture":"#0"},"south":{"uv":[2.5,10,1,11],"rotation":180,"texture":"#0"},"west":{"uv":[4,14,5,13],"rotation":90,"texture":"#0"},"up":{"uv":[4.5,11,3,12],"rotation":180,"texture":"#0"},"down":{"uv":[0,11,1,9.5],"rotation":90,"texture":"#0"}}},{"from":[2,5,7],"to":[4,6,9],"rotation":{"angle":0,"axis":"y","origin":[16,5,0]},"faces":{"north":{"uv":[6.75,13,6.25,12],"rotation":270,"texture":"#0"},"east":{"uv":[6.75,13,7.25,12],"rotation":90,"texture":"#0"},"south":{"uv":[6.25,13,6.75,12],"rotation":90,"texture":"#0"},"west":{"uv":[6.75,13,7.25,12],"rotation":90,"texture":"#0"},"up":{"uv":[5.25,13,6.25,12],"rotation":90,"texture":"#0"},"down":{"uv":[5.25,13,6.25,12],"rotation":90,"texture":"#0"}}},{"from":[-2,3,7],"to":[1,4,9],"rotation":{"angle":0,"axis":"y","origin":[16,-11,0]},"faces":{"north":{"uv":[4.5,9.5,4,11],"rotation":90,"texture":"#0"},"east":{"uv":[5.5,12,5,11],"rotation":90,"texture":"#0"},"south":{"uv":[4.5,11,4,9.5],"rotation":90,"texture":"#0"},"west":{"uv":[5,12,4.5,11],"rotation":90,"texture":"#0"},"up":{"uv":[4,11,2.5,10],"rotation":180,"texture":"#0"},"down":{"uv":[4,11,2.5,10],"rotation":180,"texture":"#0"}}},{"from":[-3,10,7],"to":[0,12,9],"rotation":{"angle":0,"axis":"y","origin":[16,-11,0]},"faces":{"north":{"uv":[2.5,10,1,11],"texture":"#0"},"east":{"uv":[5,14,4,13],"rotation":90,"texture":"#0"},"south":{"uv":[2.5,11,1,10],"rotation":180,"texture":"#0"},"west":{"uv":[5,14,4,13],"rotation":90,"texture":"#0"},"up":{"uv":[1,11,0,9.5],"rotation":90,"texture":"#0"},"down":{"uv":[4.5,12,3,11],"rotation":180,"texture":"#0"}}},{"from":[-2,12,7],"to":[1,13,9],"rotation":{"angle":0,"axis":"y","origin":[16,5,0]},"faces":{"north":{"uv":[4,9.5,4.5,11],"rotation":90,"texture":"#0"},"east":{"uv":[5,12,5.5,11],"rotation":90,"texture":"#0"},"south":{"uv":[4,11,4.5,9.5],"rotation":90,"texture":"#0"},"west":{"uv":[4.5,12,5,11],"rotation":90,"texture":"#0"},"up":{"uv":[4,10,2.5,11],"rotation":180,"texture":"#0"},"down":{"uv":[4,10,2.5,11],"rotation":180,"texture":"#0"}}},{"from":[2,10,7],"to":[4,11,9],"rotation":{"angle":0,"axis":"y","origin":[16,-11,0]},"faces":{"north":{"uv":[6.25,13,6.75,12],"rotation":270,"texture":"#0"},"east":{"uv":[7.25,13,6.75,12],"rotation":90,"texture":"#0"},"south":{"uv":[6.75,13,6.25,12],"rotation":90,"texture":"#0"},"west":{"uv":[7.25,13,6.75,12],"rotation":90,"texture":"#0"},"up":{"uv":[6.25,13,5.25,12],"rotation":90,"texture":"#0"},"down":{"uv":[6.25,13,5.25,12],"rotation":90,"texture":"#0"}}},{"from":[4,-2.3,14.1],"to":[8,1.7,18.1],"rotation":{"angle":-45,"axis":"x","origin":[5,-6,2]},"faces":{"north":{"uv":[12,14,14,16],"texture":"#2"},"east":{"uv":[10,14,12,16],"rotation":270,"texture":"#2"},"south":{"uv":[14,14,16,16],"texture":"#2"},"west":{"uv":[10,14,12,16],"texture":"#2"},"up":{"uv":[16,16,14,14],"texture":"#2"},"down":{"uv":[12,14,14,16],"texture":"#2"}}},{"from":[5,9,4],"to":[7,11,12],"rotation":{"angle":0,"axis":"y","origin":[3,8,0]},"faces":{"north":{"uv":[10.75,11.5,11.75,12.5],"texture":"#2"},"east":{"uv":[11.75,11.5,15.75,12.5],"texture":"#2"},"south":{"uv":[10.75,11.5,11.75,12.5],"texture":"#2"},"west":{"uv":[11.75,11.5,15.75,12.5],"texture":"#2"},"up":{"uv":[5.5,6,6.5,10],"texture":"#2"},"down":{"uv":[11.75,10.5,15.75,11.5],"rotation":90,"texture":"#2"}}},{"from":[5,5,4],"to":[7,7,12],"rotation":{"angle":0,"axis":"y","origin":[3,-8,0]},"faces":{"north":{"uv":[10.75,12.5,11.75,11.5],"texture":"#2"},"east":{"uv":[11.75,12.5,15.75,11.5],"texture":"#2"},"south":{"uv":[10.75,12.5,11.75,11.5],"texture":"#2"},"west":{"uv":[11.75,12.5,15.75,11.5],"texture":"#2"},"up":{"uv":[15.75,10.5,11.75,11.5],"rotation":90,"texture":"#2"},"down":{"uv":[5.5,10,6.5,6],"texture":"#2"}}},{"from":[8,-2.3,14.1],"to":[12,1.7,18.1],"rotation":{"angle":-45,"axis":"x","origin":[11,-6,2]},"faces":{"north":{"uv":[14,14,12,16],"texture":"#2"},"east":{"uv":[12,14,10,16],"texture":"#2"},"south":{"uv":[16,14,14,16],"texture":"#2"},"west":{"uv":[10,16,12,14],"rotation":270,"texture":"#2"},"up":{"uv":[14,16,16,14],"texture":"#2"},"down":{"uv":[14,14,12,16],"texture":"#2"}}},{"from":[9,5,4],"to":[11,7,12],"rotation":{"angle":0,"axis":"y","origin":[13,-8,0]},"faces":{"north":{"uv":[11.75,12.5,10.75,11.5],"texture":"#2"},"east":{"uv":[15.75,12.5,11.75,11.5],"texture":"#2"},"south":{"uv":[11.75,12.5,10.75,11.5],"texture":"#2"},"west":{"uv":[15.75,12.5,11.75,11.5],"texture":"#2"},"up":{"uv":[15.75,11.5,11.75,10.5],"rotation":90,"texture":"#2"},"down":{"uv":[6.5,10,5.5,6],"texture":"#2"}}},{"from":[9,9,4],"to":[11,11,12],"rotation":{"angle":0,"axis":"y","origin":[13,8,0]},"faces":{"north":{"uv":[11.75,11.5,10.75,12.5],"texture":"#2"},"east":{"uv":[15.75,11.5,11.75,12.5],"texture":"#2"},"south":{"uv":[11.75,11.5,10.75,12.5],"texture":"#2"},"west":{"uv":[15.75,11.5,11.75,12.5],"texture":"#2"},"up":{"uv":[6.5,6,5.5,10],"texture":"#2"},"down":{"uv":[11.75,11.5,15.75,10.5],"rotation":90,"texture":"#2"}}},{"from":[-2.9,-0.3,3],"to":[1.1,3.7,7],"rotation":{"angle":-45,"axis":"z","origin":[11,-6,2]},"faces":{"north":{"uv":[10,16,12,14],"rotation":270,"texture":"#2"},"east":{"uv":[14,14,12,16],"texture":"#2"},"south":{"uv":[12,14,10,16],"texture":"#2"},"west":{"uv":[16,14,14,16],"texture":"#2"},"up":{"uv":[14,16,16,14],"rotation":90,"texture":"#2"},"down":{"uv":[14,14,12,16],"rotation":270,"texture":"#2"}}},{"from":[-2.9,-0.3,9],"to":[1.1,3.7,13],"rotation":{"angle":-45,"axis":"z","origin":[11,-6,14]},"faces":{"north":{"uv":[10,14,12,16],"texture":"#2"},"east":{"uv":[12,14,14,16],"texture":"#2"},"south":{"uv":[10,14,12,16],"rotation":270,"texture":"#2"},"west":{"uv":[14,14,16,16],"texture":"#2"},"up":{"uv":[16,16,14,14],"rotation":90,"texture":"#2"},"down":{"uv":[12,14,14,16],"rotation":270,"texture":"#2"}}},{"from":[-4,6,8],"to":[10,20,8],"rotation":{"angle":-22.5,"axis":"z","origin":[0,12,8]},"faces":{"north":{"uv":[0,0,7,7],"texture":"#1"},"east":{"uv":[0,0,0,7],"texture":"#1"},"south":{"uv":[7,0,0,7],"texture":"#1"},"west":{"uv":[0,0,0,7],"texture":"#1"},"up":{"uv":[0,7,0,0],"rotation":90,"texture":"#1"},"down":{"uv":[0,0,0,7],"rotation":270,"texture":"#1"}}},{"from":[6,6,8],"to":[20,20,8],"rotation":{"angle":22.5,"axis":"z","origin":[16,12,8]},"faces":{"north":{"uv":[7,0,0,7],"texture":"#1"},"east":{"uv":[0,0,0,7],"texture":"#1"},"south":{"uv":[0,0,7,7],"texture":"#1"},"west":{"uv":[0,0,0,7],"texture":"#1"},"up":{"uv":[0,0,0,7],"rotation":90,"texture":"#1"},"down":{"uv":[0,7,0,0],"rotation":270,"texture":"#1"}}},{"from":[5.3,16,7.9],"to":[11.3,24,7.9],"rotation":{"angle":0,"axis":"y","origin":[12,25,7.9]},"faces":{"north":{"uv":[0,5,8,11],"rotation":90,"texture":"#3"},"east":{"uv":[2.5,0,0,0],"rotation":270,"texture":"#3"},"south":{"uv":[8,5,0,11],"rotation":270,"texture":"#3"},"west":{"uv":[2.5,0,0,0],"rotation":270,"texture":"#3"},"up":{"uv":[2,1,2,7],"rotation":270,"texture":"#3"},"down":{"uv":[2,1,2,7],"rotation":270,"texture":"#3"}}},{"from":[16,4.7,7.9],"to":[24,10.7,7.9],"rotation":{"angle":0,"axis":"y","origin":[12,25,7.9]},"faces":{"north":{"uv":[0,5,8,11],"texture":"#3"},"east":{"uv":[2,1,2,7],"texture":"#3"},"south":{"uv":[8,5,0,11],"texture":"#3"},"west":{"uv":[2,1,2,7],"texture":"#3"},"up":{"uv":[2.5,0,0,0],"texture":"#3"},"down":{"uv":[2.5,0,0,0],"texture":"#3"}}},{"from":[-8,4.7,7.9],"to":[0,10.7,7.9],"rotation":{"angle":0,"axis":"y","origin":[4,25,7.9]},"faces":{"north":{"uv":[8,5,0,11],"texture":"#3"},"east":{"uv":[2,1,2,7],"texture":"#3"},"south":{"uv":[0,5,8,11],"texture":"#3"},"west":{"uv":[2,1,2,7],"texture":"#3"},"up":{"uv":[0,0,2.5,0],"texture":"#3"},"down":{"uv":[0,0,2.5,0],"texture":"#3"}}},{"from":[4.8,3.3,13.05],"to":[11.3,11.3,13.05],"rotation":{"angle":0,"axis":"y","origin":[8.05,7.3,13]},"faces":{"north":{"uv":[0.5,9,7,17],"texture":"#5"},"east":{"uv":[0.5,8.5,0.5,15.5],"texture":"#5"},"south":{"uv":[7,9,0.5,17],"texture":"#5"},"west":{"uv":[0.5,8.5,0.5,15.5],"texture":"#5"},"up":{"uv":[0,0,5.5,0],"texture":"#5"},"down":{"uv":[0,0,5.5,0],"texture":"#5"}}},{"from":[-0.1,0,9.05],"to":[7.9,11,9.05],"rotation":{"angle":0,"axis":"y","origin":[7.9,0.94462,9.73118]},"faces":{"north":{"uv":[16,0,12,5.5],"texture":"#2"},"east":{"uv":[0,0,0,5.5],"texture":"#2"},"south":{"uv":[12,0,16,5.5],"texture":"#2"},"west":{"uv":[0,0,0,5.5],"texture":"#2"},"up":{"uv":[0,4,0,0],"rotation":90,"texture":"#2"},"down":{"uv":[0,4,0,0],"rotation":270,"texture":"#2"}}},{"from":[7.9,0,9.05],"to":[15.9,11,9.05],"rotation":{"angle":0,"axis":"y","origin":[7.9,0.94462,9.73118]},"faces":{"north":{"uv":[12,0,16,5.5],"texture":"#2"},"east":{"uv":[0,0,0,5.5],"texture":"#2"},"south":{"uv":[16,0,12,5.5],"texture":"#2"},"west":{"uv":[0,0,0,5.5],"texture":"#2"},"up":{"uv":[0,0,0,4],"rotation":90,"texture":"#2"},"down":{"uv":[0,0,0,4],"rotation":270,"texture":"#2"}}},{"from":[-0.1,-7.5438,9.05],"to":[7.9,0.4562,9.05],"rotation":{"angle":-22.5,"axis":"x","origin":[7.9,0.94462,9.73118]},"faces":{"north":{"uv":[16,5.5,12,9.5],"texture":"#2"},"east":{"uv":[0,0,0,4],"texture":"#2"},"south":{"uv":[12,5.5,16,9.5],"texture":"#2"},"west":{"uv":[0,0,0,4],"texture":"#2"},"up":{"uv":[0,4,0,0],"rotation":90,"texture":"#2"},"down":{"uv":[0,4,0,0],"rotation":270,"texture":"#2"}}},{"from":[7.9,-7.5438,9.05],"to":[15.9,0.4562,9.05],"rotation":{"angle":-22.5,"axis":"x","origin":[7.9,0.94462,9.73118]},"faces":{"north":{"uv":[12,5.5,16,9.5],"texture":"#2"},"east":{"uv":[0,0,0,4],"texture":"#2"},"south":{"uv":[16,5.5,12,9.5],"texture":"#2"},"west":{"uv":[0,0,0,4],"texture":"#2"},"up":{"uv":[0,0,0,4],"rotation":90,"texture":"#2"},"down":{"uv":[0,0,0,4],"rotation":270,"texture":"#2"}}}],"gui_light":"front","display":{"thirdperson_righthand":{"rotation":[103.88,88.76,-17.34],"translation":[1.5,-1.75,4.25],"scale":[0.89141,0.89141,0.89141]},"thirdperson_lefthand":{"rotation":[103.88,88.76,-17.34],"translation":[1.5,-1.75,4.25],"scale":[0.89141,0.89141,0.89141]},"firstperson_righthand":{"rotation":[0,180,0],"translation":[0.25,3.5,0.5],"scale":[0.50391,0.50391,0.50391]},"firstperson_lefthand":{"rotation":[0,180,0],"translation":[0.25,3.5,0.5],"scale":[0.50391,0.50391,0.50391]},"ground":{"translation":[0,13.75,0],"scale":[0.73828,0.73828,0.73828]},"gui":{"translation":[0.25,0.5,-2],"scale":[0.51367,0.51367,0.51367]},"head":{"rotation":[-135.5,0,0],"translation":[0,20.5,4.75],"scale":[0,0,0]},"fixed":{"rotation":[0,180,0],"translation":[0,1.5,-1.5],"scale":[1.78515,1.78515,1.78515]}}}