{"credit":"MadewithBlockbench","texture_size":[32,32],"textures":{"0":"saint_patricks_v1:texture2","1":"saint_patricks_v1:texture1","2":"saint_patricks_v1:texture3","5":"saint_patricks_v1:texture6","6":"saint_patricks_v1:cloverbubble1","8":"saint_patricks_v1:sword","particle":"saint_patricks_v1:texture2"},"elements":[{"from":[7,-16,7],"to":[9,-6,9],"rotation":{"angle":0,"axis":"y","origin":[0,-5,16]},"faces":{"north":{"uv":[4,8.5,9,9.5],"rotation":90,"texture":"#0"},"east":{"uv":[4,9.5,9,8.5],"rotation":90,"texture":"#0"},"south":{"uv":[4,9.5,9,8.5],"rotation":90,"texture":"#0"},"west":{"uv":[4,8.5,9,9.5],"rotation":90,"texture":"#0"},"up":{"uv":[6.5,10.5,7.5,9.5],"rotation":180,"texture":"#0"},"down":{"uv":[6.5,10.5,7.5,11.5],"rotation":180,"texture":"#0"}}},{"from":[5,-4,5],"to":[11,-3,11],"rotation":{"angle":0,"axis":"y","origin":[0,-5,16]},"faces":{"north":{"uv":[11,13,11.5,16],"rotation":90,"texture":"#1"},"east":{"uv":[10.5,13,11,16],"rotation":90,"texture":"#1"},"south":{"uv":[11,13,11.5,16],"rotation":90,"texture":"#1"},"west":{"uv":[10.5,13,11,16],"rotation":90,"texture":"#1"},"up":{"uv":[7.5,16,10.5,13],"rotation":180,"texture":"#1"},"down":{"uv":[7.5,13,10.5,16],"rotation":180,"texture":"#1"}}},{"from":[6,-3,6],"to":[10,1,10],"rotation":{"angle":0,"axis":"y","origin":[16,0,0]},"faces":{"north":{"uv":[13.25,14,11.25,16],"texture":"#0"},"east":{"uv":[11.25,14,9.25,16],"texture":"#0"},"south":{"uv":[13.25,14,11.25,16],"texture":"#0"},"west":{"uv":[11.25,14,9.25,16],"texture":"#0"},"up":{"uv":[9.25,14,11.25,12],"rotation":90,"texture":"#0"},"down":{"uv":[7.25,16,9.25,14],"rotation":270,"texture":"#0"}}},{"from":[5,-2,7],"to":[6,0,9],"rotation":{"angle":0,"axis":"y","origin":[16,0,0]},"faces":{"north":{"uv":[9.25,13,8.75,14],"texture":"#0"},"east":{"uv":[8.25,13,7.25,14],"texture":"#0"},"south":{"uv":[8.75,13,8.25,14],"texture":"#0"},"west":{"uv":[8.25,13,7.25,14],"texture":"#0"},"up":{"uv":[6.5,12,7.5,11.5],"rotation":90,"texture":"#0"},"down":{"uv":[5.5,11.5,6.5,11],"rotation":270,"texture":"#0"}}},{"from":[6,3,4],"to":[10,5,6],"rotation":{"angle":0,"axis":"y","origin":[0,16,0]},"faces":{"north":{"uv":[3,12,5,13],"texture":"#0"},"east":{"uv":[3,13,4,14],"texture":"#0"},"south":{"uv":[3,12,5,13],"texture":"#0"},"west":{"uv":[3,13,4,14],"texture":"#0"},"up":{"uv":[3,14,5,15],"rotation":180,"texture":"#0"},"down":{"uv":[3,14,5,15],"rotation":180,"texture":"#0"}}},{"from":[4,1,4],"to":[6,3,6],"rotation":{"angle":0,"axis":"y","origin":[0,16,0]},"faces":{"north":{"uv":[2,11,3,12],"texture":"#0"},"east":{"uv":[1,12,2,13],"texture":"#0"},"south":{"uv":[2,12,3,11],"rotation":180,"texture":"#0"},"west":{"uv":[0,11,1,12],"texture":"#0"},"up":{"uv":[2,12,3,13],"rotation":180,"texture":"#0"},"down":{"uv":[2,9,1,10],"texture":"#0"}}},{"from":[10,1,4],"to":[12,3,6],"rotation":{"angle":0,"axis":"y","origin":[-16,16,0]},"faces":{"north":{"uv":[3,11,2,12],"texture":"#0"},"east":{"uv":[1,11,0,12],"texture":"#0"},"south":{"uv":[3,12,2,11],"rotation":180,"texture":"#0"},"west":{"uv":[2,12,1,13],"texture":"#0"},"up":{"uv":[3,12,2,13],"rotation":180,"texture":"#0"},"down":{"uv":[1,9,2,10],"texture":"#0"}}},{"from":[6,-3,4],"to":[10,3,6],"rotation":{"angle":0,"axis":"y","origin":[0,16,0]},"faces":{"north":{"uv":[0,13,2,16],"texture":"#0"},"east":{"uv":[2,13,3,16],"texture":"#0"},"south":{"uv":[0,13,2,16],"texture":"#0"},"west":{"uv":[2,13,3,16],"texture":"#0"},"up":{"uv":[0,12,2,13],"rotation":180,"texture":"#0"},"down":{"uv":[0,12,2,13],"rotation":180,"texture":"#0"}}},{"from":[4,3,4],"to":[6,6,6],"rotation":{"angle":0,"axis":"y","origin":[0,16,0]},"faces":{"north":{"uv":[1,10,2.5,11],"rotation":90,"texture":"#0"},"east":{"uv":[3,11,4.5,12],"rotation":90,"texture":"#0"},"south":{"uv":[1,11,2.5,10],"rotation":90,"texture":"#0"},"west":{"uv":[0,9.5,1,11],"texture":"#0"},"up":{"uv":[4,13,5,14],"rotation":180,"texture":"#0"},"down":{"uv":[4,13,5,14],"rotation":180,"texture":"#0"}}},{"from":[5,-1,4],"to":[6,1,6],"rotation":{"angle":0,"axis":"y","origin":[0,16,0]},"faces":{"north":{"uv":[6.25,12,6.75,13],"texture":"#0"},"east":{"uv":[5.25,12,6.25,13],"texture":"#0"},"south":{"uv":[6.75,12,6.25,13],"texture":"#0"},"west":{"uv":[5.25,12,6.25,13],"texture":"#0"},"up":{"uv":[6.75,12,7.25,13],"rotation":180,"texture":"#0"},"down":{"uv":[6.75,12,7.25,13],"rotation":180,"texture":"#0"}}},{"from":[3,2,4],"to":[4,5,6],"rotation":{"angle":0,"axis":"y","origin":[-16,16,0]},"faces":{"north":{"uv":[4.5,9.5,4,11],"texture":"#0"},"east":{"uv":[2.5,11,4,10],"rotation":90,"texture":"#0"},"south":{"uv":[4.5,11,4,9.5],"rotation":180,"texture":"#0"},"west":{"uv":[2.5,11,4,10],"rotation":90,"texture":"#0"},"up":{"uv":[5,11,4.5,12],"rotation":180,"texture":"#0"},"down":{"uv":[5.5,11,5,12],"rotation":180,"texture":"#0"}}},{"from":[10,3,4],"to":[12,6,6],"rotation":{"angle":0,"axis":"y","origin":[-16,16,0]},"faces":{"north":{"uv":[1,11,2.5,10],"rotation":90,"texture":"#0"},"east":{"uv":[1,9.5,0,11],"texture":"#0"},"south":{"uv":[1,10,2.5,11],"rotation":90,"texture":"#0"},"west":{"uv":[3,12,4.5,11],"rotation":90,"texture":"#0"},"up":{"uv":[5,13,4,14],"rotation":180,"texture":"#0"},"down":{"uv":[5,13,4,14],"rotation":180,"texture":"#0"}}},{"from":[12,2,4],"to":[13,5,6],"rotation":{"angle":0,"axis":"y","origin":[0,16,0]},"faces":{"north":{"uv":[4,9.5,4.5,11],"texture":"#0"},"east":{"uv":[2.5,10,4,11],"rotation":90,"texture":"#0"},"south":{"uv":[4,11,4.5,9.5],"rotation":180,"texture":"#0"},"west":{"uv":[2.5,10,4,11],"rotation":90,"texture":"#0"},"up":{"uv":[4.5,11,5,12],"rotation":180,"texture":"#0"},"down":{"uv":[5,11,5.5,12],"rotation":180,"texture":"#0"}}},{"from":[10,-1,4],"to":[11,1,6],"rotation":{"angle":0,"axis":"y","origin":[-16,16,0]},"faces":{"north":{"uv":[6.75,12,6.25,13],"texture":"#0"},"east":{"uv":[6.25,12,5.25,13],"texture":"#0"},"south":{"uv":[6.25,12,6.75,13],"texture":"#0"},"west":{"uv":[6.25,12,5.25,13],"texture":"#0"},"up":{"uv":[7.25,12,6.75,13],"rotation":180,"texture":"#0"},"down":{"uv":[7.25,12,6.75,13],"rotation":180,"texture":"#0"}}},{"from":[9,-6,6],"to":[11,-4,10],"rotation":{"angle":-22.5,"axis":"z","origin":[10,-4,8]},"faces":{"north":{"uv":[11.25,12,12.25,13],"texture":"#0"},"east":{"uv":[13.25,13,11.25,14],"texture":"#0"},"south":{"uv":[11.25,12,12.25,13],"texture":"#0"},"west":{"uv":[11.25,13,13.25,14],"texture":"#0"},"up":{"uv":[9.25,11,11.25,12],"rotation":90,"texture":"#0"},"down":{"uv":[11.25,11,13.25,12],"rotation":270,"texture":"#0"}}},{"from":[5,-6,6],"to":[7,-4,10],"rotation":{"angle":22.5,"axis":"z","origin":[6,-4,8]},"faces":{"north":{"uv":[11.25,12,12.25,13],"texture":"#0"},"east":{"uv":[11.25,13,13.25,14],"texture":"#0"},"south":{"uv":[11.25,12,12.25,13],"texture":"#0"},"west":{"uv":[11.25,13,13.25,14],"texture":"#0"},"up":{"uv":[11.25,12,9.25,11],"rotation":90,"texture":"#0"},"down":{"uv":[13.25,12,11.25,11],"rotation":270,"texture":"#0"}}},{"from":[6,-6.1,9],"to":[10,-4.1,11],"rotation":{"angle":22.5,"axis":"x","origin":[8,-5.1,10]},"faces":{"north":{"uv":[9.25,12,7.25,13],"texture":"#0"},"east":{"uv":[13.25,12,12.25,13],"texture":"#0"},"south":{"uv":[9.25,12,7.25,13],"texture":"#0"},"west":{"uv":[13.25,12,12.25,13],"texture":"#0"},"up":{"uv":[7.5,12,8.5,10],"rotation":90,"texture":"#0"},"down":{"uv":[13.25,16,14.25,14],"rotation":270,"texture":"#0"}}},{"from":[6,-6.1,5],"to":[10,-4.1,7],"rotation":{"angle":-22.5,"axis":"x","origin":[8,-5.1,6]},"faces":{"north":{"uv":[7.25,12,9.25,13],"texture":"#0"},"east":{"uv":[12.25,12,13.25,13],"texture":"#0"},"south":{"uv":[7.25,12,9.25,13],"texture":"#0"},"west":{"uv":[12.25,12,13.25,13],"texture":"#0"},"up":{"uv":[8.5,12,7.5,10],"rotation":90,"texture":"#0"},"down":{"uv":[14.25,16,13.25,14],"rotation":270,"texture":"#0"}}},{"from":[7,-7,6],"to":[9,-5,7],"rotation":{"angle":22.5,"axis":"x","origin":[8,-6,6.5]},"faces":{"north":{"uv":[14.5,15,15.5,16],"texture":"#0"},"east":{"uv":[15.5,15,16,16],"texture":"#0"},"south":{"uv":[14.5,15,15.5,16],"texture":"#0"},"west":{"uv":[15.5,15,16,16],"texture":"#0"},"up":{"uv":[15,15,14.5,14],"rotation":90,"texture":"#0"},"down":{"uv":[16,15,15,14.5],"texture":"#0"}}},{"from":[7,-7,9],"to":[9,-5,10],"rotation":{"angle":-22.5,"axis":"x","origin":[8,-6,9.5]},"faces":{"north":{"uv":[15.5,15,14.5,16],"texture":"#0"},"east":{"uv":[16,15,15.5,16],"texture":"#0"},"south":{"uv":[15.5,15,14.5,16],"texture":"#0"},"west":{"uv":[16,15,15.5,16],"texture":"#0"},"up":{"uv":[14.5,15,15,14],"rotation":90,"texture":"#0"},"down":{"uv":[16,14.5,15,15],"texture":"#0"}}},{"from":[8.88582,-7.57403,7],"to":[9.88582,-5.57403,9],"rotation":{"angle":22.5,"axis":"z","origin":[8,-6,8]},"faces":{"north":{"uv":[16,15,15.5,16],"texture":"#0"},"east":{"uv":[15.5,15,14.5,16],"texture":"#0"},"south":{"uv":[16,15,15.5,16],"texture":"#0"},"west":{"uv":[15.5,15,14.5,16],"texture":"#0"},"up":{"uv":[15,14,14.5,15],"rotation":180,"texture":"#0"},"down":{"uv":[15,15,16,14.5],"rotation":270,"texture":"#0"}}},{"from":[6.11418,-7.57403,7],"to":[7.11418,-5.57403,9],"rotation":{"angle":-22.5,"axis":"z","origin":[8,-6,8]},"faces":{"north":{"uv":[15.5,15,16,16],"texture":"#0"},"east":{"uv":[14.5,15,15.5,16],"texture":"#0"},"south":{"uv":[15.5,15,16,16],"texture":"#0"},"west":{"uv":[14.5,15,15.5,16],"texture":"#0"},"up":{"uv":[14.5,14,15,15],"rotation":180,"texture":"#0"},"down":{"uv":[15,14.5,16,15],"rotation":270,"texture":"#0"}}},{"from":[9,-10.3,14.1],"to":[13,-6.3,18.1],"rotation":{"angle":-45,"axis":"x","origin":[10,-14,2]},"faces":{"north":{"uv":[12,14,14,16],"texture":"#2"},"east":{"uv":[10,14,12,16],"rotation":270,"texture":"#2"},"south":{"uv":[14,14,16,16],"texture":"#2"},"west":{"uv":[10,14,12,16],"texture":"#2"},"up":{"uv":[16,16,14,14],"texture":"#2"},"down":{"uv":[12,14,14,16],"texture":"#2"}}},{"from":[10,-3,4],"to":[12,-1,12],"rotation":{"angle":0,"axis":"y","origin":[8,-16,0]},"faces":{"north":{"uv":[10.75,12.5,11.75,11.5],"texture":"#2"},"east":{"uv":[11.75,12.5,15.75,11.5],"texture":"#2"},"south":{"uv":[10.75,12.5,11.75,11.5],"texture":"#2"},"west":{"uv":[11.75,12.5,15.75,11.5],"texture":"#2"},"up":{"uv":[15.75,10.5,11.75,11.5],"rotation":90,"texture":"#2"},"down":{"uv":[5.5,10,6.5,6],"texture":"#2"}}},{"from":[7.9,18,11],"to":[9.9,26,13],"rotation":{"angle":0,"axis":"y","origin":[9,26,8]},"faces":{"north":{"uv":[5.5,6,6.5,10],"rotation":180,"texture":"#2"},"east":{"uv":[11.75,11.5,15.75,12.5],"rotation":90,"texture":"#2"},"south":{"uv":[11.75,10.5,15.75,11.5],"rotation":90,"texture":"#2"},"west":{"uv":[11.75,11.5,15.75,12.5],"rotation":270,"texture":"#2"},"up":{"uv":[10.75,11.5,11.75,12.5],"texture":"#2"},"down":{"uv":[10.75,11.5,11.75,12.5],"rotation":180,"texture":"#2"}}},{"from":[7.9,18,3],"to":[9.9,26,5],"rotation":{"angle":0,"axis":"y","origin":[9,26,8]},"faces":{"north":{"uv":[11.75,11.5,15.75,10.5],"rotation":90,"texture":"#2"},"east":{"uv":[11.75,12.5,15.75,11.5],"rotation":90,"texture":"#2"},"south":{"uv":[6.5,6,5.5,10],"rotation":180,"texture":"#2"},"west":{"uv":[11.75,12.5,15.75,11.5],"rotation":270,"texture":"#2"},"up":{"uv":[10.75,12.5,11.75,11.5],"texture":"#2"},"down":{"uv":[10.75,12.5,11.75,11.5],"rotation":180,"texture":"#2"}}},{"from":[7,1,7],"to":[9,11,9],"rotation":{"angle":0,"axis":"y","origin":[6.5,12,7.5]},"faces":{"north":{"uv":[5.5,0,6.5,5],"texture":"#2"},"east":{"uv":[5.5,0,6.5,5],"texture":"#2"},"south":{"uv":[5.5,0,6.5,5],"texture":"#2"},"west":{"uv":[5.5,0,6.5,5],"texture":"#2"},"up":{"uv":[5.5,5,6.5,6],"texture":"#2"},"down":{"uv":[5.5,5,6.5,6],"texture":"#2"}}},{"from":[7.5,12.95615,5.64352],"to":[8.5,17.95615,8.64352],"rotation":{"angle":-22.5,"axis":"x","origin":[8,15.11732,7.96152]},"faces":{"north":{"uv":[2,10,1.5,12.5],"texture":"#2"},"east":{"uv":[1.5,10,0,12.5],"texture":"#2"},"south":{"uv":[2,10,1.5,12.5],"texture":"#2"},"west":{"uv":[1.5,10,0,12.5],"texture":"#2"},"up":{"uv":[9.5,16,10,14.5],"rotation":180,"texture":"#2"},"down":{"uv":[9.5,16,10,14.5],"rotation":180,"texture":"#2"}}},{"from":[7.5,12.95615,7.27953],"to":[8.5,17.95615,10.27953],"rotation":{"angle":22.5,"axis":"x","origin":[8,15.11732,7.96152]},"faces":{"north":{"uv":[1.5,10,2,12.5],"texture":"#2"},"east":{"uv":[0,10,1.5,12.5],"texture":"#2"},"south":{"uv":[1.5,10,2,12.5],"texture":"#2"},"west":{"uv":[0,10,1.5,12.5],"texture":"#2"},"up":{"uv":[9.5,14.5,10,16],"rotation":180,"texture":"#2"},"down":{"uv":[9.5,14.5,10,16],"rotation":180,"texture":"#2"}}},{"from":[5.67948,12.95665,7.46152],"to":[8.67948,17.95665,8.46152],"rotation":{"angle":22.5,"axis":"z","origin":[8,15.12388,7.96152]},"faces":{"north":{"uv":[1.5,10,0,12.5],"texture":"#2"},"east":{"uv":[2,10,1.5,12.5],"texture":"#2"},"south":{"uv":[1.5,10,0,12.5],"texture":"#2"},"west":{"uv":[2,10,1.5,12.5],"texture":"#2"},"up":{"uv":[9.5,16,10,14.5],"rotation":90,"texture":"#2"},"down":{"uv":[9.5,16,10,14.5],"rotation":270,"texture":"#2"}}},{"from":[7.32052,12.95665,7.46152],"to":[10.32052,17.95665,8.46152],"rotation":{"angle":-22.5,"axis":"z","origin":[8,15.12388,7.96152]},"faces":{"north":{"uv":[0,10,1.5,12.5],"texture":"#2"},"east":{"uv":[1.5,10,2,12.5],"texture":"#2"},"south":{"uv":[0,10,1.5,12.5],"texture":"#2"},"west":{"uv":[1.5,10,2,12.5],"texture":"#2"},"up":{"uv":[9.5,14.5,10,16],"rotation":90,"texture":"#2"},"down":{"uv":[9.5,14.5,10,16],"rotation":270,"texture":"#2"}}},{"from":[6.5,11,6.5],"to":[9.5,19,9.5],"rotation":{"angle":0,"axis":"y","origin":[6.5,16,7.5]},"faces":{"north":{"uv":[6.5,9,10.5,10.5],"rotation":90,"texture":"#2"},"east":{"uv":[12,12.5,16,14],"rotation":90,"texture":"#2"},"south":{"uv":[6.5,9,10.5,10.5],"rotation":90,"texture":"#2"},"west":{"uv":[12,12.5,16,14],"rotation":90,"texture":"#2"},"up":{"uv":[8,10.5,9.5,12],"texture":"#2"},"down":{"uv":[6.5,10.5,8,12],"texture":"#2"}}},{"from":[6,17,2.5],"to":[10,21,5.5],"faces":{"north":{"uv":[9,8.5,11,10.5],"texture":"#0"},"east":{"uv":[12.5,8.5,14,10.5],"texture":"#0"},"south":{"uv":[9,8.5,11,10.5],"texture":"#0"},"west":{"uv":[14,8.5,12.5,10.5],"texture":"#0"},"up":{"uv":[11,8.5,12.5,10.5],"rotation":90,"texture":"#0"},"down":{"uv":[11,8.5,12.5,10.5],"rotation":270,"texture":"#0"}}},{"from":[6,17,10.5],"to":[10,21,13.5],"rotation":{"angle":0,"axis":"y","origin":[0,0,16]},"faces":{"north":{"uv":[11,8.5,9,10.5],"texture":"#0"},"east":{"uv":[14,8.5,12.5,10.5],"texture":"#0"},"south":{"uv":[11,8.5,9,10.5],"texture":"#0"},"west":{"uv":[12.5,8.5,14,10.5],"texture":"#0"},"up":{"uv":[12.5,8.5,11,10.5],"rotation":90,"texture":"#0"},"down":{"uv":[12.5,8.5,11,10.5],"rotation":270,"texture":"#0"}}},{"from":[9.5,17,5],"to":[10.5,26,11],"faces":{"north":{"uv":[0,4.5,0.5,9],"texture":"#5"},"east":{"uv":[0,0,3,4.5],"texture":"#5"},"south":{"uv":[0.5,4.5,1,9],"texture":"#5"},"west":{"uv":[3,0,6,4.5],"texture":"#5"},"up":{"uv":[1.5,7.5,1,4.5],"texture":"#5"},"down":{"uv":[1.5,4.5,1,7.5],"texture":"#5"}}},{"from":[9.1,25.9,4.9],"to":[10.1,27.9,11.1],"rotation":{"angle":22.5,"axis":"z","origin":[10,27,8]},"faces":{"north":{"uv":[2,5.5,2.5,6.5],"texture":"#5"},"east":{"uv":[2,4.5,5,5.5],"texture":"#5"},"south":{"uv":[2,5.5,2.5,6.5],"texture":"#5"},"west":{"uv":[2.5,5.5,5.5,6.5],"texture":"#5"},"up":{"uv":[5.5,4.5,6,7.5],"texture":"#5"},"down":{"uv":[5.5,4.5,6,7.5],"texture":"#5"}}},{"from":[8.4,26.7,4.8],"to":[9.4,27.7,11.2],"rotation":{"angle":-22.5,"axis":"z","origin":[10,27,8]},"faces":{"north":{"uv":[2,7,2.5,7.5],"rotation":90,"texture":"#5"},"east":{"uv":[6,0,6.5,3],"rotation":270,"texture":"#5"},"south":{"uv":[2,7,2.5,7.5],"rotation":270,"texture":"#5"},"west":{"uv":[6,0,6.5,3],"rotation":270,"texture":"#5"},"up":{"uv":[2,6.5,5,7],"rotation":270,"texture":"#5"},"down":{"uv":[2.5,7,5.5,7.5],"rotation":270,"texture":"#5"}}},{"from":[7.9,15.7,-3.5],"to":[7.9,21.7,4.5],"rotation":{"angle":0,"axis":"y","origin":[0,0,16]},"faces":{"north":{"uv":[2,1,2,7],"texture":"#8"},"east":{"uv":[8,5,0,11],"texture":"#8"},"south":{"uv":[2,1,2,7],"texture":"#8"},"west":{"uv":[0,5,8,11],"texture":"#8"},"up":{"uv":[2.5,0,0,0],"rotation":270,"texture":"#8"},"down":{"uv":[2.5,0,0,0],"rotation":90,"texture":"#8"}}},{"from":[4,8,5],"to":[4,24,12],"faces":{"north":{"uv":[0,0,0,16],"texture":"#6"},"east":{"uv":[7,0,0,16],"texture":"#6"},"south":{"uv":[0,0,0,16],"texture":"#6"},"west":{"uv":[0,0,7,16],"texture":"#6"},"up":{"uv":[0,0,0,7],"texture":"#6"},"down":{"uv":[0,0,0,7],"texture":"#6"}}},{"from":[7.9,15.7,11.5],"to":[7.9,21.7,19.5],"faces":{"north":{"uv":[2,1,2,7],"texture":"#8"},"east":{"uv":[0,5,8,11],"texture":"#8"},"south":{"uv":[2,1,2,7],"texture":"#8"},"west":{"uv":[8,5,0,11],"texture":"#8"},"up":{"uv":[0,0,2.5,0],"rotation":270,"texture":"#8"},"down":{"uv":[0,0,2.5,0],"rotation":90,"texture":"#8"}}},{"from":[6,3,10],"to":[10,5,12],"rotation":{"angle":0,"axis":"y","origin":[0,16,16]},"faces":{"north":{"uv":[5,12,3,13],"texture":"#0"},"east":{"uv":[4,13,3,14],"texture":"#0"},"south":{"uv":[5,12,3,13],"texture":"#0"},"west":{"uv":[4,13,3,14],"texture":"#0"},"up":{"uv":[3,15,5,14],"rotation":180,"texture":"#0"},"down":{"uv":[3,15,5,14],"rotation":180,"texture":"#0"}}},{"from":[4,1,10],"to":[6,3,12],"rotation":{"angle":0,"axis":"y","origin":[0,16,16]},"faces":{"north":{"uv":[3,12,2,11],"rotation":180,"texture":"#0"},"east":{"uv":[2,12,1,13],"texture":"#0"},"south":{"uv":[3,11,2,12],"texture":"#0"},"west":{"uv":[1,11,0,12],"texture":"#0"},"up":{"uv":[2,13,3,12],"rotation":180,"texture":"#0"},"down":{"uv":[2,10,1,9],"texture":"#0"}}},{"from":[10,1,10],"to":[12,3,12],"rotation":{"angle":0,"axis":"y","origin":[-16,16,16]},"faces":{"north":{"uv":[2,12,3,11],"rotation":180,"texture":"#0"},"east":{"uv":[0,11,1,12],"texture":"#0"},"south":{"uv":[2,11,3,12],"texture":"#0"},"west":{"uv":[1,12,2,13],"texture":"#0"},"up":{"uv":[3,13,2,12],"rotation":180,"texture":"#0"},"down":{"uv":[1,10,2,9],"texture":"#0"}}},{"from":[6,-3,10],"to":[10,3,12],"rotation":{"angle":0,"axis":"y","origin":[0,16,16]},"faces":{"north":{"uv":[2,13,0,16],"texture":"#0"},"east":{"uv":[3,13,2,16],"texture":"#0"},"south":{"uv":[2,13,0,16],"texture":"#0"},"west":{"uv":[3,13,2,16],"texture":"#0"},"up":{"uv":[0,13,2,12],"rotation":180,"texture":"#0"},"down":{"uv":[0,13,2,12],"rotation":180,"texture":"#0"}}},{"from":[4,3,10],"to":[6,6,12],"rotation":{"angle":0,"axis":"y","origin":[0,16,16]},"faces":{"north":{"uv":[1,10,2.5,11],"rotation":90,"texture":"#0"},"east":{"uv":[3,12,4.5,11],"rotation":90,"texture":"#0"},"south":{"uv":[1,11,2.5,10],"rotation":90,"texture":"#0"},"west":{"uv":[1,9.5,0,11],"texture":"#0"},"up":{"uv":[4,14,5,13],"rotation":180,"texture":"#0"},"down":{"uv":[4,14,5,13],"rotation":180,"texture":"#0"}}},{"from":[5,-1,10],"to":[6,1,12],"rotation":{"angle":0,"axis":"y","origin":[0,16,16]},"faces":{"north":{"uv":[6.25,12,6.75,13],"texture":"#0"},"east":{"uv":[6.25,12,5.25,13],"texture":"#0"},"south":{"uv":[6.75,12,6.25,13],"texture":"#0"},"west":{"uv":[6.25,12,5.25,13],"texture":"#0"},"up":{"uv":[6.75,13,7.25,12],"rotation":180,"texture":"#0"},"down":{"uv":[6.75,13,7.25,12],"rotation":180,"texture":"#0"}}},{"from":[3,2,10],"to":[4,5,12],"rotation":{"angle":0,"axis":"y","origin":[-16,16,16]},"faces":{"north":{"uv":[4,11,4.5,9.5],"rotation":180,"texture":"#0"},"east":{"uv":[2.5,10,4,11],"rotation":90,"texture":"#0"},"south":{"uv":[4,9.5,4.5,11],"texture":"#0"},"west":{"uv":[2.5,10,4,11],"rotation":90,"texture":"#0"},"up":{"uv":[5,12,4.5,11],"rotation":180,"texture":"#0"},"down":{"uv":[5.5,12,5,11],"rotation":180,"texture":"#0"}}},{"from":[10,3,10],"to":[12,6,12],"rotation":{"angle":0,"axis":"y","origin":[-16,16,16]},"faces":{"north":{"uv":[1,11,2.5,10],"rotation":90,"texture":"#0"},"east":{"uv":[0,9.5,1,11],"texture":"#0"},"south":{"uv":[1,10,2.5,11],"rotation":90,"texture":"#0"},"west":{"uv":[3,11,4.5,12],"rotation":90,"texture":"#0"},"up":{"uv":[5,14,4,13],"rotation":180,"texture":"#0"},"down":{"uv":[5,14,4,13],"rotation":180,"texture":"#0"}}},{"from":[12,2,10],"to":[13,5,12],"rotation":{"angle":0,"axis":"y","origin":[0,16,16]},"faces":{"north":{"uv":[4.5,11,4,9.5],"rotation":180,"texture":"#0"},"east":{"uv":[2.5,11,4,10],"rotation":90,"texture":"#0"},"south":{"uv":[4.5,9.5,4,11],"texture":"#0"},"west":{"uv":[2.5,11,4,10],"rotation":90,"texture":"#0"},"up":{"uv":[4.5,12,5,11],"rotation":180,"texture":"#0"},"down":{"uv":[5,12,5.5,11],"rotation":180,"texture":"#0"}}},{"from":[10,-1,10],"to":[11,1,12],"rotation":{"angle":0,"axis":"y","origin":[-16,16,16]},"faces":{"north":{"uv":[6.75,12,6.25,13],"texture":"#0"},"east":{"uv":[5.25,12,6.25,13],"texture":"#0"},"south":{"uv":[6.25,12,6.75,13],"texture":"#0"},"west":{"uv":[5.25,12,6.25,13],"texture":"#0"},"up":{"uv":[7.25,13,6.75,12],"rotation":180,"texture":"#0"},"down":{"uv":[7.25,13,6.75,12],"rotation":180,"texture":"#0"}}}],"gui_light":"front","display":{"thirdperson_righthand":{"rotation":[0,90,0],"translation":[0,10.25,1.75],"scale":[0.65,0.65,0.65]},"thirdperson_lefthand":{"rotation":[0,-90,0],"translation":[0,10.25,1.75],"scale":[0.65,0.65,0.65]},"firstperson_righthand":{"rotation":[0,-90,0],"translation":[3,7,-0.75],"scale":[0.43555,0.43555,0.43555]},"firstperson_lefthand":{"rotation":[0,90,0],"translation":[3,7,-0.75],"scale":[0.43555,0.43555,0.43555]},"ground":{"rotation":[0,0,45],"translation":[0,9.75,0],"scale":[0.45,0.45,0.45]},"gui":{"rotation":[0,0,-45],"translation":[0.5,0.5,-2],"scale":[0.44336,0.44336,0.44336]},"head":{"rotation":[-135.5,0,0],"translation":[0,20.5,4.75],"scale":[0,0,0]},"fixed":{"rotation":[0,-90,0],"translation":[0,7.5,-1.5],"scale":[1.53906,1.53906,1.53906]}}}