{"credit":"MadewithBlockbench","texture_size":[32,32],"textures":{"0":"saint_patricks_v1:texture2","1":"saint_patricks_v1:texture1","2":"saint_patricks_v1:texture3","3":"saint_patricks_v1:sword","5":"saint_patricks_v1:cloverbubble2","particle":"saint_patricks_v1:texture2"},"elements":[{"from":[7,-16,7],"to":[9,-6,9],"rotation":{"angle":0,"axis":"y","origin":[16,-5,0]},"faces":{"north":{"uv":[4,9.5,9,8.5],"rotation":90,"texture":"#0"},"east":{"uv":[4,8.5,9,9.5],"rotation":90,"texture":"#0"},"south":{"uv":[4,8.5,9,9.5],"rotation":90,"texture":"#0"},"west":{"uv":[4,9.5,9,8.5],"rotation":90,"texture":"#0"},"up":{"uv":[7.5,10.5,6.5,9.5],"rotation":90,"texture":"#0"},"down":{"uv":[7.5,10.5,6.5,11.5],"rotation":270,"texture":"#0"}}},{"from":[5,-4,5],"to":[11,-3,11],"rotation":{"angle":0,"axis":"y","origin":[16,-5,0]},"faces":{"north":{"uv":[10.5,16,11,13],"rotation":90,"texture":"#1"},"east":{"uv":[11,16,11.5,13],"rotation":90,"texture":"#1"},"south":{"uv":[10.5,16,11,13],"rotation":90,"texture":"#1"},"west":{"uv":[11,16,11.5,13],"rotation":90,"texture":"#1"},"up":{"uv":[10.5,16,7.5,13],"rotation":90,"texture":"#1"},"down":{"uv":[10.5,13,7.5,16],"rotation":270,"texture":"#1"}}},{"from":[-1,15,7],"to":[1,19,9],"faces":{"north":{"uv":[3,12,5,13],"rotation":90,"texture":"#0"},"east":{"uv":[3,14,5,15],"rotation":270,"texture":"#0"},"south":{"uv":[3,12,5,13],"rotation":270,"texture":"#0"},"west":{"uv":[3,14,5,15],"rotation":270,"texture":"#0"},"up":{"uv":[3,13,4,14],"rotation":270,"texture":"#0"},"down":{"uv":[3,13,4,14],"rotation":270,"texture":"#0"}}},{"from":[1,19,7],"to":[3,21,9],"faces":{"north":{"uv":[2,12,3,11],"rotation":270,"texture":"#0"},"east":{"uv":[2,9,1,10],"rotation":90,"texture":"#0"},"south":{"uv":[2,11,3,12],"rotation":270,"texture":"#0"},"west":{"uv":[2,12,3,13],"rotation":270,"texture":"#0"},"up":{"uv":[0,11,1,12],"rotation":270,"texture":"#0"},"down":{"uv":[1,12,2,13],"rotation":270,"texture":"#0"}}},{"from":[1,13,7],"to":[3,15,9],"rotation":{"angle":0,"axis":"y","origin":[0,16,0]},"faces":{"north":{"uv":[3,12,2,11],"rotation":270,"texture":"#0"},"east":{"uv":[1,9,2,10],"rotation":90,"texture":"#0"},"south":{"uv":[3,11,2,12],"rotation":270,"texture":"#0"},"west":{"uv":[3,12,2,13],"rotation":270,"texture":"#0"},"up":{"uv":[2,12,1,13],"rotation":270,"texture":"#0"},"down":{"uv":[1,11,0,12],"rotation":270,"texture":"#0"}}},{"from":[1,15,7],"to":[7,19,9],"faces":{"north":{"uv":[0,13,2,16],"rotation":90,"texture":"#0"},"east":{"uv":[0,12,2,13],"rotation":270,"texture":"#0"},"south":{"uv":[0,13,2,16],"rotation":270,"texture":"#0"},"west":{"uv":[0,12,2,13],"rotation":270,"texture":"#0"},"up":{"uv":[2,13,3,16],"rotation":270,"texture":"#0"},"down":{"uv":[2,13,3,16],"rotation":270,"texture":"#0"}}},{"from":[-2,19,7],"to":[1,21,9],"faces":{"north":{"uv":[1,11,2.5,10],"rotation":180,"texture":"#0"},"east":{"uv":[4,13,5,14],"rotation":270,"texture":"#0"},"south":{"uv":[1,10,2.5,11],"texture":"#0"},"west":{"uv":[4,13,5,14],"rotation":270,"texture":"#0"},"up":{"uv":[0,9.5,1,11],"rotation":270,"texture":"#0"},"down":{"uv":[3,11,4.5,12],"texture":"#0"}}},{"from":[3,19,7],"to":[5,20,9],"faces":{"north":{"uv":[6.75,12,6.25,13],"rotation":90,"texture":"#0"},"east":{"uv":[6.75,12,7.25,13],"rotation":270,"texture":"#0"},"south":{"uv":[6.25,12,6.75,13],"rotation":270,"texture":"#0"},"west":{"uv":[6.75,12,7.25,13],"rotation":270,"texture":"#0"},"up":{"uv":[5.25,12,6.25,13],"rotation":270,"texture":"#0"},"down":{"uv":[5.25,12,6.25,13],"rotation":270,"texture":"#0"}}},{"from":[-1,21,7],"to":[2,22,9],"rotation":{"angle":0,"axis":"y","origin":[0,16,0]},"faces":{"north":{"uv":[4.5,11,4,9.5],"rotation":270,"texture":"#0"},"east":{"uv":[5.5,11,5,12],"rotation":270,"texture":"#0"},"south":{"uv":[4.5,9.5,4,11],"rotation":270,"texture":"#0"},"west":{"uv":[5,11,4.5,12],"rotation":270,"texture":"#0"},"up":{"uv":[2.5,11,4,10],"texture":"#0"},"down":{"uv":[2.5,11,4,10],"texture":"#0"}}},{"from":[-2,13,7],"to":[1,15,9],"rotation":{"angle":0,"axis":"y","origin":[0,16,0]},"faces":{"north":{"uv":[1,10,2.5,11],"rotation":180,"texture":"#0"},"east":{"uv":[5,13,4,14],"rotation":270,"texture":"#0"},"south":{"uv":[1,11,2.5,10],"texture":"#0"},"west":{"uv":[5,13,4,14],"rotation":270,"texture":"#0"},"up":{"uv":[3,12,4.5,11],"texture":"#0"},"down":{"uv":[1,9.5,0,11],"rotation":270,"texture":"#0"}}},{"from":[-1,12,7],"to":[2,13,9],"faces":{"north":{"uv":[4,11,4.5,9.5],"rotation":270,"texture":"#0"},"east":{"uv":[5,11,5.5,12],"rotation":270,"texture":"#0"},"south":{"uv":[4,9.5,4.5,11],"rotation":270,"texture":"#0"},"west":{"uv":[4.5,11,5,12],"rotation":270,"texture":"#0"},"up":{"uv":[2.5,10,4,11],"texture":"#0"},"down":{"uv":[2.5,10,4,11],"texture":"#0"}}},{"from":[3,14,7],"to":[5,15,9],"rotation":{"angle":0,"axis":"y","origin":[0,16,0]},"faces":{"north":{"uv":[6.25,12,6.75,13],"rotation":90,"texture":"#0"},"east":{"uv":[7.25,12,6.75,13],"rotation":270,"texture":"#0"},"south":{"uv":[6.75,12,6.25,13],"rotation":270,"texture":"#0"},"west":{"uv":[7.25,12,6.75,13],"rotation":270,"texture":"#0"},"up":{"uv":[6.25,12,5.25,13],"rotation":270,"texture":"#0"},"down":{"uv":[6.25,12,5.25,13],"rotation":270,"texture":"#0"}}},{"from":[15,15,7],"to":[17,19,9],"rotation":{"angle":0,"axis":"y","origin":[16,0,0]},"faces":{"north":{"uv":[3,13,5,12],"rotation":90,"texture":"#0"},"east":{"uv":[3,15,5,14],"rotation":270,"texture":"#0"},"south":{"uv":[3,13,5,12],"rotation":270,"texture":"#0"},"west":{"uv":[3,15,5,14],"rotation":270,"texture":"#0"},"up":{"uv":[3,14,4,13],"rotation":270,"texture":"#0"},"down":{"uv":[3,14,4,13],"rotation":270,"texture":"#0"}}},{"from":[13,19,7],"to":[15,21,9],"rotation":{"angle":0,"axis":"y","origin":[16,0,0]},"faces":{"north":{"uv":[2,11,3,12],"rotation":270,"texture":"#0"},"east":{"uv":[2,13,3,12],"rotation":270,"texture":"#0"},"south":{"uv":[2,12,3,11],"rotation":270,"texture":"#0"},"west":{"uv":[2,10,1,9],"rotation":90,"texture":"#0"},"up":{"uv":[0,12,1,11],"rotation":270,"texture":"#0"},"down":{"uv":[1,13,2,12],"rotation":270,"texture":"#0"}}},{"from":[13,13,7],"to":[15,15,9],"rotation":{"angle":0,"axis":"y","origin":[16,16,0]},"faces":{"north":{"uv":[3,11,2,12],"rotation":270,"texture":"#0"},"east":{"uv":[3,13,2,12],"rotation":270,"texture":"#0"},"south":{"uv":[3,12,2,11],"rotation":270,"texture":"#0"},"west":{"uv":[1,10,2,9],"rotation":90,"texture":"#0"},"up":{"uv":[2,13,1,12],"rotation":270,"texture":"#0"},"down":{"uv":[1,12,0,11],"rotation":270,"texture":"#0"}}},{"from":[9,15,7],"to":[15,19,9],"rotation":{"angle":0,"axis":"y","origin":[16,0,0]},"faces":{"north":{"uv":[0,16,2,13],"rotation":90,"texture":"#0"},"east":{"uv":[0,13,2,12],"rotation":270,"texture":"#0"},"south":{"uv":[0,16,2,13],"rotation":270,"texture":"#0"},"west":{"uv":[0,13,2,12],"rotation":270,"texture":"#0"},"up":{"uv":[2,16,3,13],"rotation":270,"texture":"#0"},"down":{"uv":[2,16,3,13],"rotation":270,"texture":"#0"}}},{"from":[15,19,7],"to":[18,21,9],"rotation":{"angle":0,"axis":"y","origin":[16,0,0]},"faces":{"north":{"uv":[2.5,11,1,10],"rotation":180,"texture":"#0"},"east":{"uv":[4,14,5,13],"rotation":270,"texture":"#0"},"south":{"uv":[2.5,10,1,11],"texture":"#0"},"west":{"uv":[4,14,5,13],"rotation":270,"texture":"#0"},"up":{"uv":[0,11,1,9.5],"rotation":270,"texture":"#0"},"down":{"uv":[4.5,11,3,12],"texture":"#0"}}},{"from":[11,19,7],"to":[13,20,9],"rotation":{"angle":0,"axis":"y","origin":[16,0,0]},"faces":{"north":{"uv":[6.75,13,6.25,12],"rotation":90,"texture":"#0"},"east":{"uv":[6.75,13,7.25,12],"rotation":270,"texture":"#0"},"south":{"uv":[6.25,13,6.75,12],"rotation":270,"texture":"#0"},"west":{"uv":[6.75,13,7.25,12],"rotation":270,"texture":"#0"},"up":{"uv":[5.25,13,6.25,12],"rotation":270,"texture":"#0"},"down":{"uv":[5.25,13,6.25,12],"rotation":270,"texture":"#0"}}},{"from":[14,21,7],"to":[17,22,9],"rotation":{"angle":0,"axis":"y","origin":[16,16,0]},"faces":{"north":{"uv":[4.5,9.5,4,11],"rotation":270,"texture":"#0"},"east":{"uv":[5,12,4.5,11],"rotation":270,"texture":"#0"},"south":{"uv":[4.5,11,4,9.5],"rotation":270,"texture":"#0"},"west":{"uv":[5.5,12,5,11],"rotation":270,"texture":"#0"},"up":{"uv":[4,11,2.5,10],"texture":"#0"},"down":{"uv":[4,11,2.5,10],"texture":"#0"}}},{"from":[15,13,7],"to":[18,15,9],"rotation":{"angle":0,"axis":"y","origin":[16,16,0]},"faces":{"north":{"uv":[2.5,10,1,11],"rotation":180,"texture":"#0"},"east":{"uv":[5,14,4,13],"rotation":270,"texture":"#0"},"south":{"uv":[2.5,11,1,10],"texture":"#0"},"west":{"uv":[5,14,4,13],"rotation":270,"texture":"#0"},"up":{"uv":[4.5,12,3,11],"texture":"#0"},"down":{"uv":[1,11,0,9.5],"rotation":270,"texture":"#0"}}},{"from":[14,12,7],"to":[17,13,9],"rotation":{"angle":0,"axis":"y","origin":[16,0,0]},"faces":{"north":{"uv":[4,9.5,4.5,11],"rotation":270,"texture":"#0"},"east":{"uv":[4.5,12,5,11],"rotation":270,"texture":"#0"},"south":{"uv":[4,11,4.5,9.5],"rotation":270,"texture":"#0"},"west":{"uv":[5,12,5.5,11],"rotation":270,"texture":"#0"},"up":{"uv":[4,10,2.5,11],"texture":"#0"},"down":{"uv":[4,10,2.5,11],"texture":"#0"}}},{"from":[11,14,7],"to":[13,15,9],"rotation":{"angle":0,"axis":"y","origin":[16,16,0]},"faces":{"north":{"uv":[6.25,13,6.75,12],"rotation":90,"texture":"#0"},"east":{"uv":[7.25,13,6.75,12],"rotation":270,"texture":"#0"},"south":{"uv":[6.75,13,6.25,12],"rotation":270,"texture":"#0"},"west":{"uv":[7.25,13,6.75,12],"rotation":270,"texture":"#0"},"up":{"uv":[6.25,13,5.25,12],"rotation":270,"texture":"#0"},"down":{"uv":[6.25,13,5.25,12],"rotation":270,"texture":"#0"}}},{"from":[6,-6,9],"to":[10,-4,11],"rotation":{"angle":22.5,"axis":"x","origin":[8,-4,10]},"faces":{"north":{"uv":[13.25,13,11.25,14],"texture":"#0"},"east":{"uv":[12.25,12,11.25,13],"texture":"#0"},"south":{"uv":[11.25,13,13.25,14],"texture":"#0"},"west":{"uv":[12.25,12,11.25,13],"texture":"#0"},"up":{"uv":[9.25,12,11.25,11],"texture":"#0"},"down":{"uv":[11.25,12,13.25,11],"texture":"#0"}}},{"from":[6,-6,5],"to":[10,-4,7],"rotation":{"angle":-22.5,"axis":"x","origin":[8,-4,6]},"faces":{"north":{"uv":[13.25,13,11.25,14],"texture":"#0"},"east":{"uv":[12.25,12,11.25,13],"texture":"#0"},"south":{"uv":[13.25,13,11.25,14],"texture":"#0"},"west":{"uv":[12.25,12,11.25,13],"texture":"#0"},"up":{"uv":[11.25,11,9.25,12],"texture":"#0"},"down":{"uv":[13.25,11,11.25,12],"texture":"#0"}}},{"from":[9,-6.1,6],"to":[11,-4.1,10],"rotation":{"angle":-22.5,"axis":"z","origin":[10,-5.1,8]},"faces":{"north":{"uv":[12.25,12,13.25,13],"texture":"#0"},"east":{"uv":[7.25,12,9.25,13],"texture":"#0"},"south":{"uv":[12.25,12,13.25,13],"texture":"#0"},"west":{"uv":[7.25,12,9.25,13],"texture":"#0"},"up":{"uv":[7.5,10,8.5,12],"texture":"#0"},"down":{"uv":[13.25,14,14.25,16],"texture":"#0"}}},{"from":[5,-6.1,6],"to":[7,-4.1,10],"rotation":{"angle":22.5,"axis":"z","origin":[6,-5.1,8]},"faces":{"north":{"uv":[13.25,12,12.25,13],"texture":"#0"},"east":{"uv":[9.25,12,7.25,13],"texture":"#0"},"south":{"uv":[13.25,12,12.25,13],"texture":"#0"},"west":{"uv":[9.25,12,7.25,13],"texture":"#0"},"up":{"uv":[8.5,10,7.5,12],"texture":"#0"},"down":{"uv":[14.25,14,13.25,16],"texture":"#0"}}},{"from":[6,-7,7],"to":[7,-5,9],"rotation":{"angle":-22.5,"axis":"z","origin":[6.5,-6,8]},"faces":{"north":{"uv":[16,15,15.5,16],"texture":"#0"},"east":{"uv":[15.5,15,14.5,16],"texture":"#0"},"south":{"uv":[16,15,15.5,16],"texture":"#0"},"west":{"uv":[15.5,15,14.5,16],"texture":"#0"},"up":{"uv":[15,14,14.5,15],"texture":"#0"},"down":{"uv":[15,15,16,14.5],"rotation":90,"texture":"#0"}}},{"from":[9,-7,7],"to":[10,-5,9],"rotation":{"angle":22.5,"axis":"z","origin":[9.5,-6,8]},"faces":{"north":{"uv":[15.5,15,16,16],"texture":"#0"},"east":{"uv":[14.5,15,15.5,16],"texture":"#0"},"south":{"uv":[15.5,15,16,16],"texture":"#0"},"west":{"uv":[14.5,15,15.5,16],"texture":"#0"},"up":{"uv":[14.5,14,15,15],"texture":"#0"},"down":{"uv":[15,14.5,16,15],"rotation":90,"texture":"#0"}}},{"from":[7,-7.57403,8.88582],"to":[9,-5.57403,9.88582],"rotation":{"angle":-22.5,"axis":"x","origin":[8,-6,8]},"faces":{"north":{"uv":[14.5,15,15.5,16],"texture":"#0"},"east":{"uv":[15.5,15,16,16],"texture":"#0"},"south":{"uv":[14.5,15,15.5,16],"texture":"#0"},"west":{"uv":[15.5,15,16,16],"texture":"#0"},"up":{"uv":[14.5,14,15,15],"rotation":90,"texture":"#0"},"down":{"uv":[15,14.5,16,15],"texture":"#0"}}},{"from":[7,-7.57403,6.11418],"to":[9,-5.57403,7.11418],"rotation":{"angle":22.5,"axis":"x","origin":[8,-6,8]},"faces":{"north":{"uv":[15.5,15,14.5,16],"texture":"#0"},"east":{"uv":[16,15,15.5,16],"texture":"#0"},"south":{"uv":[15.5,15,14.5,16],"texture":"#0"},"west":{"uv":[16,15,15.5,16],"texture":"#0"},"up":{"uv":[15,14,14.5,15],"rotation":90,"texture":"#0"},"down":{"uv":[15,15,16,14.5],"texture":"#0"}}},{"from":[7,15,-1],"to":[9,19,1],"faces":{"north":{"uv":[3,14,5,15],"rotation":270,"texture":"#0"},"east":{"uv":[3,12,5,13],"rotation":90,"texture":"#0"},"south":{"uv":[3,14,5,15],"rotation":270,"texture":"#0"},"west":{"uv":[3,12,5,13],"rotation":270,"texture":"#0"},"up":{"uv":[3,13,4,14],"texture":"#0"},"down":{"uv":[3,13,4,14],"rotation":180,"texture":"#0"}}},{"from":[7,19,1],"to":[9,21,3],"faces":{"north":{"uv":[2,12,3,13],"rotation":270,"texture":"#0"},"east":{"uv":[2,12,3,11],"rotation":270,"texture":"#0"},"south":{"uv":[2,9,1,10],"rotation":90,"texture":"#0"},"west":{"uv":[2,11,3,12],"rotation":270,"texture":"#0"},"up":{"uv":[0,11,1,12],"texture":"#0"},"down":{"uv":[1,12,2,13],"rotation":180,"texture":"#0"}}},{"from":[7,13,1],"to":[9,15,3],"rotation":{"angle":0,"axis":"y","origin":[0,16,0]},"faces":{"north":{"uv":[3,12,2,13],"rotation":270,"texture":"#0"},"east":{"uv":[3,12,2,11],"rotation":270,"texture":"#0"},"south":{"uv":[1,9,2,10],"rotation":90,"texture":"#0"},"west":{"uv":[3,11,2,12],"rotation":270,"texture":"#0"},"up":{"uv":[2,12,1,13],"texture":"#0"},"down":{"uv":[1,11,0,12],"rotation":180,"texture":"#0"}}},{"from":[7,15,1],"to":[9,19,7],"faces":{"north":{"uv":[0,12,2,13],"rotation":270,"texture":"#0"},"east":{"uv":[0,13,2,16],"rotation":90,"texture":"#0"},"south":{"uv":[0,12,2,13],"rotation":270,"texture":"#0"},"west":{"uv":[0,13,2,16],"rotation":270,"texture":"#0"},"up":{"uv":[2,13,3,16],"texture":"#0"},"down":{"uv":[2,13,3,16],"rotation":180,"texture":"#0"}}},{"from":[7,19,-2],"to":[9,21,1],"faces":{"north":{"uv":[4,13,5,14],"rotation":270,"texture":"#0"},"east":{"uv":[1,11,2.5,10],"rotation":180,"texture":"#0"},"south":{"uv":[4,13,5,14],"rotation":270,"texture":"#0"},"west":{"uv":[1,10,2.5,11],"texture":"#0"},"up":{"uv":[0,9.5,1,11],"texture":"#0"},"down":{"uv":[3,11,4.5,12],"rotation":270,"texture":"#0"}}},{"from":[7,19,3],"to":[9,20,5],"faces":{"north":{"uv":[6.75,12,7.25,13],"rotation":270,"texture":"#0"},"east":{"uv":[6.75,12,6.25,13],"rotation":90,"texture":"#0"},"south":{"uv":[6.75,12,7.25,13],"rotation":270,"texture":"#0"},"west":{"uv":[6.25,12,6.75,13],"rotation":270,"texture":"#0"},"up":{"uv":[5.25,12,6.25,13],"texture":"#0"},"down":{"uv":[5.25,12,6.25,13],"rotation":180,"texture":"#0"}}},{"from":[7,21,-1],"to":[9,22,2],"rotation":{"angle":0,"axis":"y","origin":[0,16,0]},"faces":{"north":{"uv":[5,11,4.5,12],"rotation":270,"texture":"#0"},"east":{"uv":[4.5,11,4,9.5],"rotation":270,"texture":"#0"},"south":{"uv":[5.5,11,5,12],"rotation":270,"texture":"#0"},"west":{"uv":[4.5,9.5,4,11],"rotation":270,"texture":"#0"},"up":{"uv":[2.5,11,4,10],"rotation":90,"texture":"#0"},"down":{"uv":[2.5,11,4,10],"rotation":270,"texture":"#0"}}},{"from":[7,13,-2],"to":[9,15,1],"rotation":{"angle":0,"axis":"y","origin":[0,16,0]},"faces":{"north":{"uv":[5,13,4,14],"rotation":270,"texture":"#0"},"east":{"uv":[1,10,2.5,11],"rotation":180,"texture":"#0"},"south":{"uv":[5,13,4,14],"rotation":270,"texture":"#0"},"west":{"uv":[1,11,2.5,10],"texture":"#0"},"up":{"uv":[3,12,4.5,11],"rotation":90,"texture":"#0"},"down":{"uv":[1,9.5,0,11],"rotation":180,"texture":"#0"}}},{"from":[7,12,-1],"to":[9,13,2],"faces":{"north":{"uv":[4.5,11,5,12],"rotation":270,"texture":"#0"},"east":{"uv":[4,11,4.5,9.5],"rotation":270,"texture":"#0"},"south":{"uv":[5,11,5.5,12],"rotation":270,"texture":"#0"},"west":{"uv":[4,9.5,4.5,11],"rotation":270,"texture":"#0"},"up":{"uv":[2.5,10,4,11],"rotation":90,"texture":"#0"},"down":{"uv":[2.5,10,4,11],"rotation":270,"texture":"#0"}}},{"from":[7,14,3],"to":[9,15,5],"rotation":{"angle":0,"axis":"y","origin":[0,16,0]},"faces":{"north":{"uv":[7.25,12,6.75,13],"rotation":270,"texture":"#0"},"east":{"uv":[6.25,12,6.75,13],"rotation":90,"texture":"#0"},"south":{"uv":[7.25,12,6.75,13],"rotation":270,"texture":"#0"},"west":{"uv":[6.75,12,6.25,13],"rotation":270,"texture":"#0"},"up":{"uv":[6.25,12,5.25,13],"texture":"#0"},"down":{"uv":[6.25,12,5.25,13],"rotation":180,"texture":"#0"}}},{"from":[7,15,15],"to":[9,19,17],"rotation":{"angle":0,"axis":"y","origin":[0,0,16]},"faces":{"north":{"uv":[3,15,5,14],"rotation":270,"texture":"#0"},"east":{"uv":[3,13,5,12],"rotation":90,"texture":"#0"},"south":{"uv":[3,15,5,14],"rotation":270,"texture":"#0"},"west":{"uv":[3,13,5,12],"rotation":270,"texture":"#0"},"up":{"uv":[3,14,4,13],"texture":"#0"},"down":{"uv":[3,14,4,13],"rotation":180,"texture":"#0"}}},{"from":[7,19,13],"to":[9,21,15],"rotation":{"angle":0,"axis":"y","origin":[0,0,16]},"faces":{"north":{"uv":[2,10,1,9],"rotation":90,"texture":"#0"},"east":{"uv":[2,11,3,12],"rotation":270,"texture":"#0"},"south":{"uv":[2,13,3,12],"rotation":270,"texture":"#0"},"west":{"uv":[2,12,3,11],"rotation":270,"texture":"#0"},"up":{"uv":[0,12,1,11],"texture":"#0"},"down":{"uv":[1,13,2,12],"rotation":180,"texture":"#0"}}},{"from":[7,13,13],"to":[9,15,15],"rotation":{"angle":0,"axis":"y","origin":[0,16,16]},"faces":{"north":{"uv":[1,10,2,9],"rotation":90,"texture":"#0"},"east":{"uv":[3,11,2,12],"rotation":270,"texture":"#0"},"south":{"uv":[3,13,2,12],"rotation":270,"texture":"#0"},"west":{"uv":[3,12,2,11],"rotation":270,"texture":"#0"},"up":{"uv":[2,13,1,12],"texture":"#0"},"down":{"uv":[1,12,0,11],"rotation":180,"texture":"#0"}}},{"from":[7,15,9],"to":[9,19,15],"rotation":{"angle":0,"axis":"y","origin":[0,0,16]},"faces":{"north":{"uv":[0,13,2,12],"rotation":270,"texture":"#0"},"east":{"uv":[0,16,2,13],"rotation":90,"texture":"#0"},"south":{"uv":[0,13,2,12],"rotation":270,"texture":"#0"},"west":{"uv":[0,16,2,13],"rotation":270,"texture":"#0"},"up":{"uv":[2,16,3,13],"texture":"#0"},"down":{"uv":[2,16,3,13],"rotation":180,"texture":"#0"}}},{"from":[7,19,15],"to":[9,21,18],"rotation":{"angle":0,"axis":"y","origin":[0,0,16]},"faces":{"north":{"uv":[4,14,5,13],"rotation":270,"texture":"#0"},"east":{"uv":[2.5,11,1,10],"rotation":180,"texture":"#0"},"south":{"uv":[4,14,5,13],"rotation":270,"texture":"#0"},"west":{"uv":[2.5,10,1,11],"texture":"#0"},"up":{"uv":[0,11,1,9.5],"texture":"#0"},"down":{"uv":[4.5,11,3,12],"rotation":270,"texture":"#0"}}},{"from":[7,19,11],"to":[9,20,13],"rotation":{"angle":0,"axis":"y","origin":[0,0,16]},"faces":{"north":{"uv":[6.75,13,7.25,12],"rotation":270,"texture":"#0"},"east":{"uv":[6.75,13,6.25,12],"rotation":90,"texture":"#0"},"south":{"uv":[6.75,13,7.25,12],"rotation":270,"texture":"#0"},"west":{"uv":[6.25,13,6.75,12],"rotation":270,"texture":"#0"},"up":{"uv":[5.25,13,6.25,12],"texture":"#0"},"down":{"uv":[5.25,13,6.25,12],"rotation":180,"texture":"#0"}}},{"from":[7,21,14],"to":[9,22,17],"rotation":{"angle":0,"axis":"y","origin":[0,16,16]},"faces":{"north":{"uv":[5.5,12,5,11],"rotation":270,"texture":"#0"},"east":{"uv":[4.5,9.5,4,11],"rotation":270,"texture":"#0"},"south":{"uv":[5,12,4.5,11],"rotation":270,"texture":"#0"},"west":{"uv":[4.5,11,4,9.5],"rotation":270,"texture":"#0"},"up":{"uv":[4,11,2.5,10],"rotation":90,"texture":"#0"},"down":{"uv":[4,11,2.5,10],"rotation":270,"texture":"#0"}}},{"from":[7,13,15],"to":[9,15,18],"rotation":{"angle":0,"axis":"y","origin":[0,16,16]},"faces":{"north":{"uv":[5,14,4,13],"rotation":270,"texture":"#0"},"east":{"uv":[2.5,10,1,11],"rotation":180,"texture":"#0"},"south":{"uv":[5,14,4,13],"rotation":270,"texture":"#0"},"west":{"uv":[2.5,11,1,10],"texture":"#0"},"up":{"uv":[4.5,12,3,11],"rotation":90,"texture":"#0"},"down":{"uv":[1,11,0,9.5],"rotation":180,"texture":"#0"}}},{"from":[7,12,14],"to":[9,13,17],"rotation":{"angle":0,"axis":"y","origin":[0,0,16]},"faces":{"north":{"uv":[5,12,5.5,11],"rotation":270,"texture":"#0"},"east":{"uv":[4,9.5,4.5,11],"rotation":270,"texture":"#0"},"south":{"uv":[4.5,12,5,11],"rotation":270,"texture":"#0"},"west":{"uv":[4,11,4.5,9.5],"rotation":270,"texture":"#0"},"up":{"uv":[4,10,2.5,11],"rotation":90,"texture":"#0"},"down":{"uv":[4,10,2.5,11],"rotation":270,"texture":"#0"}}},{"from":[7,14,11],"to":[9,15,13],"rotation":{"angle":0,"axis":"y","origin":[0,16,16]},"faces":{"north":{"uv":[7.25,13,6.75,12],"rotation":270,"texture":"#0"},"east":{"uv":[6.25,13,6.75,12],"rotation":90,"texture":"#0"},"south":{"uv":[7.25,13,6.75,12],"rotation":270,"texture":"#0"},"west":{"uv":[6.75,13,6.25,12],"rotation":270,"texture":"#0"},"up":{"uv":[6.25,13,5.25,12],"texture":"#0"},"down":{"uv":[6.25,13,5.25,12],"rotation":180,"texture":"#0"}}},{"from":[6.5,7,6.5],"to":[9.5,15,9.5],"rotation":{"angle":0,"axis":"y","origin":[6.5,12,7.5]},"faces":{"north":{"uv":[6.5,9,10.5,10.5],"rotation":90,"texture":"#2"},"east":{"uv":[12,12.5,16,14],"rotation":90,"texture":"#2"},"south":{"uv":[6.5,9,10.5,10.5],"rotation":90,"texture":"#2"},"west":{"uv":[12,12.5,16,14],"rotation":90,"texture":"#2"},"up":{"uv":[6.5,10.5,8,12],"texture":"#2"},"down":{"uv":[6.5,10.5,8,12],"texture":"#2"}}},{"from":[7,-3,7],"to":[9,7,9],"rotation":{"angle":0,"axis":"y","origin":[6.5,12,7.5]},"faces":{"north":{"uv":[5.5,0,6.5,5],"texture":"#2"},"east":{"uv":[4.5,0,5.5,5],"texture":"#2"},"south":{"uv":[5.5,0,6.5,5],"texture":"#2"},"west":{"uv":[4.5,0,5.5,5],"texture":"#2"},"up":{"uv":[5.5,5,6.5,6],"texture":"#2"},"down":{"uv":[5.5,5,6.5,6],"texture":"#2"}}},{"from":[5,-3,4],"to":[7,-1,12],"rotation":{"angle":0,"axis":"y","origin":[3,-16,0]},"faces":{"north":{"uv":[10.75,12.5,11.75,11.5],"texture":"#2"},"east":{"uv":[11.75,12.5,15.75,11.5],"texture":"#2"},"south":{"uv":[10.75,12.5,11.75,11.5],"texture":"#2"},"west":{"uv":[11.75,12.5,15.75,11.5],"texture":"#2"},"up":{"uv":[15.75,10.5,11.75,11.5],"rotation":90,"texture":"#2"},"down":{"uv":[5.5,10,6.5,6],"texture":"#2"}}},{"from":[5,1,4],"to":[7,3,12],"rotation":{"angle":0,"axis":"y","origin":[3,0,0]},"faces":{"north":{"uv":[10.75,11.5,11.75,12.5],"texture":"#2"},"east":{"uv":[11.75,11.5,15.75,12.5],"texture":"#2"},"south":{"uv":[10.75,11.5,11.75,12.5],"texture":"#2"},"west":{"uv":[11.75,11.5,15.75,12.5],"texture":"#2"},"up":{"uv":[5.5,6,6.5,10],"texture":"#2"},"down":{"uv":[11.75,10.5,15.75,11.5],"rotation":90,"texture":"#2"}}},{"from":[4,-10.3,14.1],"to":[8,-6.3,18.1],"rotation":{"angle":-45,"axis":"x","origin":[5,-14,2]},"faces":{"north":{"uv":[12,14,14,16],"texture":"#2"},"east":{"uv":[10,14,12,16],"rotation":270,"texture":"#2"},"south":{"uv":[14,14,16,16],"texture":"#2"},"west":{"uv":[10,14,12,16],"texture":"#2"},"up":{"uv":[16,16,14,14],"texture":"#2"},"down":{"uv":[12,14,14,16],"texture":"#2"}}},{"from":[5.3,17,7.9],"to":[11.3,25,7.9],"rotation":{"angle":0,"axis":"y","origin":[12,25,7.9]},"faces":{"north":{"uv":[0,5,8,11],"rotation":90,"texture":"#3"},"east":{"uv":[2.5,0,0,0],"rotation":270,"texture":"#3"},"south":{"uv":[8,5,0,11],"rotation":270,"texture":"#3"},"west":{"uv":[2.5,0,0,0],"rotation":270,"texture":"#3"},"up":{"uv":[2,1,2,7],"rotation":270,"texture":"#3"},"down":{"uv":[2,1,2,7],"rotation":270,"texture":"#3"}}},{"from":[8,17,5.2],"to":[8,25,11.2],"rotation":{"angle":0,"axis":"y","origin":[12,25,7.9]},"faces":{"north":{"uv":[2.5,0,0,0],"rotation":270,"texture":"#3"},"east":{"uv":[0,5,8,11],"rotation":90,"texture":"#3"},"south":{"uv":[2.5,0,0,0],"rotation":270,"texture":"#3"},"west":{"uv":[8,5,0,11],"rotation":270,"texture":"#3"},"up":{"uv":[2,1,2,7],"texture":"#3"},"down":{"uv":[2,1,2,7],"rotation":180,"texture":"#3"}}},{"from":[9,1,4],"to":[11,3,12],"rotation":{"angle":0,"axis":"y","origin":[13,0,0]},"faces":{"north":{"uv":[11.75,11.5,10.75,12.5],"texture":"#2"},"east":{"uv":[15.75,11.5,11.75,12.5],"texture":"#2"},"south":{"uv":[11.75,11.5,10.75,12.5],"texture":"#2"},"west":{"uv":[15.75,11.5,11.75,12.5],"texture":"#2"},"up":{"uv":[6.5,6,5.5,10],"texture":"#2"},"down":{"uv":[11.75,11.5,15.75,10.5],"rotation":90,"texture":"#2"}}},{"from":[9,-3,4],"to":[11,-1,12],"rotation":{"angle":0,"axis":"y","origin":[13,-16,0]},"faces":{"north":{"uv":[11.75,12.5,10.75,11.5],"texture":"#2"},"east":{"uv":[15.75,12.5,11.75,11.5],"texture":"#2"},"south":{"uv":[11.75,12.5,10.75,11.5],"texture":"#2"},"west":{"uv":[15.75,12.5,11.75,11.5],"texture":"#2"},"up":{"uv":[15.75,11.5,11.75,10.5],"rotation":90,"texture":"#2"},"down":{"uv":[6.5,10,5.5,6],"texture":"#2"}}},{"from":[8,-10.3,14.1],"to":[12,-6.3,18.1],"rotation":{"angle":-45,"axis":"x","origin":[11,-14,2]},"faces":{"north":{"uv":[14,14,12,16],"texture":"#2"},"east":{"uv":[12,14,10,16],"texture":"#2"},"south":{"uv":[16,14,14,16],"texture":"#2"},"west":{"uv":[10,16,12,14],"rotation":270,"texture":"#2"},"up":{"uv":[14,16,16,14],"texture":"#2"},"down":{"uv":[14,14,12,16],"texture":"#2"}}},{"from":[-2.9,-8.3,3],"to":[1.1,-4.3,7],"rotation":{"angle":-45,"axis":"z","origin":[11,-14,2]},"faces":{"north":{"uv":[10,16,12,14],"rotation":270,"texture":"#2"},"east":{"uv":[14,14,12,16],"texture":"#2"},"south":{"uv":[12,14,10,16],"texture":"#2"},"west":{"uv":[16,14,14,16],"texture":"#2"},"up":{"uv":[14,16,16,14],"rotation":90,"texture":"#2"},"down":{"uv":[14,14,12,16],"rotation":270,"texture":"#2"}}},{"from":[-2.9,-8.3,9],"to":[1.1,-4.3,13],"rotation":{"angle":-45,"axis":"z","origin":[11,-14,14]},"faces":{"north":{"uv":[10,14,12,16],"texture":"#2"},"east":{"uv":[12,14,14,16],"texture":"#2"},"south":{"uv":[10,14,12,16],"rotation":270,"texture":"#2"},"west":{"uv":[14,14,16,16],"texture":"#2"},"up":{"uv":[16,16,14,14],"rotation":90,"texture":"#2"},"down":{"uv":[12,14,14,16],"rotation":270,"texture":"#2"}}},{"from":[7.32052,8.95665,7.46152],"to":[10.32052,13.95665,8.46152],"rotation":{"angle":-22.5,"axis":"z","origin":[8,11.12388,7.96152]},"faces":{"north":{"uv":[0,10,1.5,12.5],"texture":"#2"},"east":{"uv":[1.5,10,2,12.5],"texture":"#2"},"south":{"uv":[0,10,1.5,12.5],"texture":"#2"},"west":{"uv":[1.5,10,2,12.5],"texture":"#2"},"up":{"uv":[9.5,14.5,10,16],"rotation":90,"texture":"#2"},"down":{"uv":[9.5,14.5,10,16],"rotation":270,"texture":"#2"}}},{"from":[5.67948,8.95665,7.46152],"to":[8.67948,13.95665,8.46152],"rotation":{"angle":22.5,"axis":"z","origin":[8,11.12388,7.96152]},"faces":{"north":{"uv":[1.5,10,0,12.5],"texture":"#2"},"east":{"uv":[2,10,1.5,12.5],"texture":"#2"},"south":{"uv":[1.5,10,0,12.5],"texture":"#2"},"west":{"uv":[2,10,1.5,12.5],"texture":"#2"},"up":{"uv":[9.5,16,10,14.5],"rotation":90,"texture":"#2"},"down":{"uv":[9.5,16,10,14.5],"rotation":270,"texture":"#2"}}},{"from":[7.5,8.95615,5.64352],"to":[8.5,13.95615,8.64352],"rotation":{"angle":-22.5,"axis":"x","origin":[8,11.11732,7.96152]},"faces":{"north":{"uv":[2,10,1.5,12.5],"texture":"#2"},"east":{"uv":[1.5,10,0,12.5],"texture":"#2"},"south":{"uv":[2,10,1.5,12.5],"texture":"#2"},"west":{"uv":[1.5,10,0,12.5],"texture":"#2"},"up":{"uv":[9.5,16,10,14.5],"rotation":180,"texture":"#2"},"down":{"uv":[9.5,16,10,14.5],"rotation":180,"texture":"#2"}}},{"from":[7.5,8.95615,7.27953],"to":[8.5,13.95615,10.27953],"rotation":{"angle":22.5,"axis":"x","origin":[8,11.11732,7.96152]},"faces":{"north":{"uv":[1.5,10,2,12.5],"texture":"#2"},"east":{"uv":[0,10,1.5,12.5],"texture":"#2"},"south":{"uv":[1.5,10,2,12.5],"texture":"#2"},"west":{"uv":[0,10,1.5,12.5],"texture":"#2"},"up":{"uv":[9.5,14.5,10,16],"rotation":180,"texture":"#2"},"down":{"uv":[9.5,14.5,10,16],"rotation":180,"texture":"#2"}}},{"from":[4.8,20,8],"to":[11.3,28,8],"rotation":{"angle":0,"axis":"y","origin":[7.75,22,9]},"faces":{"north":{"uv":[0.5,9,7,17],"texture":"#5"},"east":{"uv":[0.5,8.5,0.5,15.5],"texture":"#5"},"south":{"uv":[7,9,0.5,17],"texture":"#5"},"west":{"uv":[0.5,8.5,0.5,15.5],"texture":"#5"},"up":{"uv":[0,0,5.5,0],"texture":"#5"},"down":{"uv":[0,0,5.5,0],"texture":"#5"}}}],"gui_light":"front","display":{"thirdperson_righthand":{"rotation":[0,90,0],"translation":[0,10.25,1.75],"scale":[0.65,0.65,0.65]},"thirdperson_lefthand":{"rotation":[0,90,0],"translation":[0,10.25,1.75],"scale":[0.65,0.65,0.65]},"firstperson_righthand":{"rotation":[0,90,0],"translation":[3,7,-0.75],"scale":[0.43555,0.43555,0.43555]},"firstperson_lefthand":{"rotation":[0,90,0],"translation":[3,7,-0.75],"scale":[0.43555,0.43555,0.43555]},"ground":{"rotation":[0,0,45],"translation":[0,9.75,0],"scale":[0.45,0.45,0.45]},"gui":{"rotation":[0,0,-45],"translation":[0.25,0.25,-2],"scale":[0.44336,0.44336,0.44336]},"head":{"rotation":[-135.5,0,0],"translation":[0,20.5,4.75],"scale":[0,0,0]},"fixed":{"translation":[0,7.5,-1.5],"scale":[1.53906,1.53906,1.53906]}}}