{"textures":{"0":"bil:item/filament/model/kingdra_wings.ajmodel/kingdra_wings","particle":"bil:item/filament/model/kingdra_wings.ajmodel/kingdra_wings"},"elements":[{"from":[16.0,7.0,10.0],"to":[16.0,24.0,23.0],"faces":{"up":{"texture":"#0","tintindex":0,"uv":[9.625,0.0,9.625,-3.25]},"west":{"texture":"#0","tintindex":0,"uv":[9.625,0.0,11.25,4.25]},"east":{"texture":"#0","tintindex":0,"uv":[8.0,0.0,9.625,4.25]},"south":{"texture":"#0","tintindex":0,"uv":[11.25,0.0,11.25,4.25]},"down":{"texture":"#0","tintindex":0,"uv":[9.625,-3.25,9.625,0.0]},"north":{"texture":"#0","tintindex":0,"uv":[9.625,0.0,9.625,4.25]}},"rotation":{"axis":"y","angle":0.0,"origin":[8.0,8.0,6.0]}}],"display":{"head":{"rotation":[0.0,180.0,0.0]}}}