{"textures":{"0":"bil:item/filament/model/kingdra_wings.ajmodel/kingdra_wings","particle":"bil:item/filament/model/kingdra_wings.ajmodel/kingdra_wings"},"elements":[{"from":[12.6,7.0,-1.0],"to":[12.6,24.0,12.0],"faces":{"up":{"texture":"#0","tintindex":0,"rotation":180,"uv":[9.625,0.0,9.625,-3.25]},"west":{"texture":"#0","tintindex":0,"uv":[8.0,0.0,9.625,4.25]},"east":{"texture":"#0","tintindex":0,"uv":[9.625,0.0,11.25,4.25]},"south":{"texture":"#0","tintindex":0,"uv":[9.625,0.0,9.625,4.25]},"down":{"texture":"#0","tintindex":0,"rotation":180,"uv":[9.625,-3.25,9.625,0.0]},"north":{"texture":"#0","tintindex":0,"uv":[11.25,0.0,11.25,4.25]}},"rotation":{"axis":"y","angle":22.5,"origin":[20.6,8.0,16.0]}}],"display":{"head":{"rotation":[0.0,180.0,0.0]}}}