{
	"game.hitsound": {
		"category": "master",
		"sounds": [
			{
				"name": "game/hitsound",
				"stream": false
			}
		]
	},
	"game.supereffectivehit": {
		"category": "master",
		"sounds": [
			{
				"name": "game/supereffectivehit",
				"stream": false
			}
		]
	},
	"game.noteffectivehit": {
		"category": "master",
		"sounds": [
			{
				"name": "game/noteffectivehit",
				"stream": false
			}
		]
	},
	"game.gearboy0": {
		"category": "master",
		"sounds": [
			{
				"name": "game/gearboy0",
				"stream": false
			}
		]
	},
	"game.gearboy1": {
		"category": "master",
		"sounds": [
			{
				"name": "game/gearboy1",
				"stream": false
			}
		]
	},
	"game.gearboy2": {
		"category": "master",
		"sounds": [
			{
				"name": "game/gearboy2",
				"stream": false
			}
		]
	},
	"game.pokemon1": {
		"category": "master",
		"sounds": [
			{
				"name": "game/pokemon1",
				"stream": false
			}
		]
	},
	"game.incubator1": {
		"category": "master",
		"sounds": [
			{
				"name": "game/incubator1",
				"stream": false
			}
		]
	},
	"game.incubator2": {
		"category": "master",
		"sounds": [
			{
				"name": "game/incubator2",
				"stream": false
			}
		]
	},
	"game.faint": {
		"category": "master",
		"sounds": [
			{
				"name": "game/faint",
				"stream": false
			}
		]
	},
	"game.healsound": {
		"category": "master",
		"sounds": [
			{
				"name": "game/healsound",
				"stream": false
			}
		]
	},
	"game.hitsound2": {
		"category": "master",
		"sounds": [
			{
				"name": "game/hitsound2",
				"stream": false
			}
		]
	},
	"game.statussound": {
		"category": "master",
		"sounds": [
			{
				"name": "game/statussound",
				"stream": false
			}
		]
	},
	"game.revivesound": {
		"category": "master",
		"sounds": [
			{
				"name": "game/revivesound",
				"stream": false
			}
		]
	},
	"pokemon.bulbasaur": {
		"category": "master",
		"sounds": [
			{
				"name": "pokemon/bulbasaur",
				"stream": false
			}
		]
	},
	"pokemon.ivysaur": {
		"category": "master",
		"sounds": [
			{
				"name": "pokemon/ivysaur",
				"stream": false
			}
		]
	},
	"pokemon.venusaur": {
		"category": "master",
		"sounds": [
			{
				"name": "pokemon/venusaur",
				"stream": false
			}
		]
	},
	"pokemon.charmander": {
		"category": "master",
		"sounds": [
			{
				"name": "pokemon/charmander",
				"stream": false
			}
		]
	},
	"pokemon.metapod": {
		"category": "master",
		"sounds": [
			{
				"name": "pokemon/metapod",
				"stream": false
			}
		]
	},
	"pokemon.butterfree": {
		"category": "master",
		"sounds": [
			{
				"name": "pokemon/butterfree",
				"stream": false
			}
		]
	},
	"pokemon.squirtle": {
		"category": "master",
		"sounds": [
			{
				"name": "pokemon/squirtle",
				"stream": false
			}
		]
	},
	"pokemon.kakuna": {
		"category": "master",
		"sounds": [
			{
				"name": "pokemon/kakuna",
				"stream": false
			}
		]
	},
	"pokemon.beedrill": {
		"category": "master",
		"sounds": [
			{
				"name": "pokemon/beedrill",
				"stream": false
			}
		]
	},
	"pokemon.pidgey": {
		"category": "master",
		"sounds": [
			{
				"name": "pokemon/pidgey",
				"stream": false
			}
		]
	},
	"pokemon.pidgeotto": {
		"category": "master",
		"sounds": [
			{
				"name": "pokemon/pidgeotto",
				"stream": false
			}
		]
	},
	"pokemon.pidgeot": {
		"category": "master",
		"sounds": [
			{
				"name": "pokemon/pidgeot",
				"stream": false
			}
		]
	},
	"pokemon.rattata": {
		"category": "master",
		"sounds": [
			{
				"name": "pokemon/rattata",
				"stream": false
			}
		]
	},
	"pokemon.spearow": {
		"category": "master",
		"sounds": [
			{
				"name": "pokemon/spearow",
				"stream": false
			}
		]
	},
	"pokemon.fearow": {
		"category": "master",
		"sounds": [
			{
				"name": "pokemon/fearow",
				"stream": false
			}
		]
	},
	"pokemon.blastoise": {
		"category": "master",
		"sounds": [
			{
				"name": "pokemon/blastoise",
				"stream": false
			}
		]
	},
	"pokemon.diglett": {
		"category": "master",
		"sounds": [
			{
				"name": "pokemon/diglett",
				"stream": false
			}
		]
	},
	"pokemon.eevee": {
		"category": "master",
		"sounds": [
			{
				"name": "pokemon/eevee",
				"stream": false
			}
		]
	},
	"pokemon.dugtrio": {
		"category": "master",
		"sounds": [
			{
				"name": "pokemon/dugtrio",
				"stream": false
			}
		]
	},
	"pokemon.oddish": {
		"category": "master",
		"sounds": [
			{
				"name": "pokemon/oddish",
				"stream": false
			}
		]
	},
	"pokemon.voltorb": {
		"category": "master",
		"sounds": [
			{
				"name": "pokemon/voltorb",
				"stream": false
			}
		]
	},
	"pokemon.electrode": {
		"category": "master",
		"sounds": [
			{
				"name": "pokemon/electrode",
				"stream": false
			}
		]
	},
	"pokemon.charmeleon": {
		"category": "master",
		"sounds": [
			{
				"name": "pokemon/charmeleon",
				"stream": false
			}
		]
	},
	"pokemon.magikarp": {
		"category": "master",
		"sounds": [
			{
				"name": "pokemon/magikarp",
				"stream": false
			}
		]
	},
	"pokemon.weedle": {
		"category": "master",
		"sounds": [
			{
				"name": "pokemon/weedle",
				"stream": false
			}
		]
	},
	"pokemon.charizard": {
		"category": "master",
		"sounds": [
			{
				"name": "pokemon/charizard",
				"stream": false
			}
		]
	},
	"pokemon.wartortle": {
		"category": "master",
		"sounds": [
			{
				"name": "pokemon/wartortle",
				"stream": false
			}
		]
	},
	"pokemon.arbok": {
		"category": "master",
		"sounds": [
			{
				"name": "pokemon/arbok",
				"stream": false
			}
		]
	},
	"pokemon.raichu": {
		"category": "master",
		"sounds": [
			{
				"name": "pokemon/raichu",
				"stream": false
			}
		]
	},
	"pokemon.sandshrew": {
		"category": "master",
		"sounds": [
			{
				"name": "pokemon/sandshrew",
				"stream": false
			}
		]
	},
	"pokemon.sandslash": {
		"category": "master",
		"sounds": [
			{
				"name": "pokemon/sandslash",
				"stream": false
			}
		]
	},
	"pokemon.nidoranf": {
		"category": "master",
		"sounds": [
			{
				"name": "pokemon/nidoranf",
				"stream": false
			}
		]
	},
	"pokemon.nidorina": {
		"category": "master",
		"sounds": [
			{
				"name": "pokemon/nidorina",
				"stream": false
			}
		]
	},
	"pokemon.nidoqueen": {
		"category": "master",
		"sounds": [
			{
				"name": "pokemon/nidoqueen",
				"stream": false
			}
		]
	},
	"pokemon.nidoranm": {
		"category": "master",
		"sounds": [
			{
				"name": "pokemon/nidoranm",
				"stream": false
			}
		]
	},
	"pokemon.nidorino": {
		"category": "master",
		"sounds": [
			{
				"name": "pokemon/nidorino",
				"stream": false
			}
		]
	},
	"pokemon.nidoking": {
		"category": "master",
		"sounds": [
			{
				"name": "pokemon/nidoking",
				"stream": false
			}
		]
	},
	"pokemon.clefairy": {
		"category": "master",
		"sounds": [
			{
				"name": "pokemon/clefairy",
				"stream": false
			}
		]
	},
	"pokemon.vulpix": {
		"category": "master",
		"sounds": [
			{
				"name": "pokemon/vulpix",
				"stream": false
			}
		]
	},
	"pokemon.ninetales": {
		"category": "master",
		"sounds": [
			{
				"name": "pokemon/ninetales",
				"stream": false
			}
		]
	},
	"pokemon.jigglypuff": {
		"category": "master",
		"sounds": [
			{
				"name": "pokemon/jigglypuff",
				"stream": false
			}
		]
	},
	"pokemon.wigglytuff": {
		"category": "master",
		"sounds": [
			{
				"name": "pokemon/wigglytuff",
				"stream": false
			}
		]
	},
	"pokemon.zubat": {
		"category": "master",
		"sounds": [
			{
				"name": "pokemon/zubat",
				"stream": false
			}
		]
	},
	"pokemon.golbat": {
		"category": "master",
		"sounds": [
			{
				"name": "pokemon/golbat",
				"stream": false
			}
		]
	},
	"pokemon.gloom": {
		"category": "master",
		"sounds": [
			{
				"name": "pokemon/gloom",
				"stream": false
			}
		]
	},
	"pokemon.vileplume": {
		"category": "master",
		"sounds": [
			{
				"name": "pokemon/vileplume",
				"stream": false
			}
		]
	},
	"pokemon.paras": {
		"category": "master",
		"sounds": [
			{
				"name": "pokemon/paras",
				"stream": false
			}
		]
	},
	"pokemon.parasect": {
		"category": "master",
		"sounds": [
			{
				"name": "pokemon/parasect",
				"stream": false
			}
		]
	},
	"pokemon.venonat": {
		"category": "master",
		"sounds": [
			{
				"name": "pokemon/venonat",
				"stream": false
			}
		]
	},
	"pokemon.venomoth": {
		"category": "master",
		"sounds": [
			{
				"name": "pokemon/venomoth",
				"stream": false
			}
		]
	},
	"pokemon.meowth": {
		"category": "master",
		"sounds": [
			{
				"name": "pokemon/meowth",
				"stream": false
			}
		]
	},
	"pokemon.persian": {
		"category": "master",
		"sounds": [
			{
				"name": "pokemon/persian",
				"stream": false
			}
		]
	},
	"pokemon.psyduck": {
		"category": "master",
		"sounds": [
			{
				"name": "pokemon/psyduck",
				"stream": false
			}
		]
	},
	"pokemon.golduck": {
		"category": "master",
		"sounds": [
			{
				"name": "pokemon/golduck",
				"stream": false
			}
		]
	},
	"pokemon.mankey": {
		"category": "master",
		"sounds": [
			{
				"name": "pokemon/mankey",
				"stream": false
			}
		]
	},
	"pokemon.primeape": {
		"category": "master",
		"sounds": [
			{
				"name": "pokemon/primeape",
				"stream": false
			}
		]
	},
	"pokemon.growlithe": {
		"category": "master",
		"sounds": [
			{
				"name": "pokemon/growlithe",
				"stream": false
			}
		]
	},
	"pokemon.arcanine": {
		"category": "master",
		"sounds": [
			{
				"name": "pokemon/arcanine",
				"stream": false
			}
		]
	},
	"pokemon.poliwag": {
		"category": "master",
		"sounds": [
			{
				"name": "pokemon/poliwag",
				"stream": false
			}
		]
	},
	"pokemon.poliwhirl": {
		"category": "master",
		"sounds": [
			{
				"name": "pokemon/poliwhirl",
				"stream": false
			}
		]
	},
	"pokemon.poliwrath": {
		"category": "master",
		"sounds": [
			{
				"name": "pokemon/poliwrath",
				"stream": false
			}
		]
	},
	"pokemon.abra": {
		"category": "master",
		"sounds": [
			{
				"name": "pokemon/abra",
				"stream": false
			}
		]
	},
	"pokemon.kadabra": {
		"category": "master",
		"sounds": [
			{
				"name": "pokemon/kadabra",
				"stream": false
			}
		]
	},
	"pokemon.alakazam": {
		"category": "master",
		"sounds": [
			{
				"name": "pokemon/alakazam",
				"stream": false
			}
		]
	},
	"pokemon.machop": {
		"category": "master",
		"sounds": [
			{
				"name": "pokemon/machop",
				"stream": false
			}
		]
	},
	"pokemon.machoke": {
		"category": "master",
		"sounds": [
			{
				"name": "pokemon/machoke",
				"stream": false
			}
		]
	},
	"pokemon.machamp": {
		"category": "master",
		"sounds": [
			{
				"name": "pokemon/machamp",
				"stream": false
			}
		]
	},
	"pokemon.bellsprout": {
		"category": "master",
		"sounds": [
			{
				"name": "pokemon/bellsprout",
				"stream": false
			}
		]
	},
	"pokemon.weepinbell": {
		"category": "master",
		"sounds": [
			{
				"name": "pokemon/weepinbell",
				"stream": false
			}
		]
	},
	"pokemon.victreebel": {
		"category": "master",
		"sounds": [
			{
				"name": "pokemon/victreebel",
				"stream": false
			}
		]
	},
	"pokemon.tentacool": {
		"category": "master",
		"sounds": [
			{
				"name": "pokemon/tentacool",
				"stream": false
			}
		]
	},
	"pokemon.tentacruel": {
		"category": "master",
		"sounds": [
			{
				"name": "pokemon/tentacruel",
				"stream": false
			}
		]
	},
	"pokemon.geodude": {
		"category": "master",
		"sounds": [
			{
				"name": "pokemon/geodude",
				"stream": false
			}
		]
	},
	"pokemon.graveler": {
		"category": "master",
		"sounds": [
			{
				"name": "pokemon/graveler",
				"stream": false
			}
		]
	},
	"pokemon.golem": {
		"category": "master",
		"sounds": [
			{
				"name": "pokemon/golem",
				"stream": false
			}
		]
	},
	"pokemon.ponyta": {
		"category": "master",
		"sounds": [
			{
				"name": "pokemon/ponyta",
				"stream": false
			}
		]
	},
	"pokemon.rapidash": {
		"category": "master",
		"sounds": [
			{
				"name": "pokemon/rapidash",
				"stream": false
			}
		]
	},
	"pokemon.slowpoke": {
		"category": "master",
		"sounds": [
			{
				"name": "pokemon/slowpoke",
				"stream": false
			}
		]
	},
	"pokemon.slowbro": {
		"category": "master",
		"sounds": [
			{
				"name": "pokemon/slowbro",
				"stream": false
			}
		]
	},
	"pokemon.magnemite": {
		"category": "master",
		"sounds": [
			{
				"name": "pokemon/magnemite",
				"stream": false
			}
		]
	},
	"pokemon.magneton": {
		"category": "master",
		"sounds": [
			{
				"name": "pokemon/magneton",
				"stream": false
			}
		]
	},
	"pokemon.farfetchd": {
		"category": "master",
		"sounds": [
			{
				"name": "pokemon/farfetchd",
				"stream": false
			}
		]
	},
	"pokemon.doduo": {
		"category": "master",
		"sounds": [
			{
				"name": "pokemon/doduo",
				"stream": false
			}
		]
	},
	"pokemon.dodrio": {
		"category": "master",
		"sounds": [
			{
				"name": "pokemon/dodrio",
				"stream": false
			}
		]
	},
	"pokemon.seel": {
		"category": "master",
		"sounds": [
			{
				"name": "pokemon/seel",
				"stream": false
			}
		]
	},
	"pokemon.grimer": {
		"category": "master",
		"sounds": [
			{
				"name": "pokemon/grimer",
				"stream": false
			}
		]
	},
	"pokemon.muk": {
		"category": "master",
		"sounds": [
			{
				"name": "pokemon/muk",
				"stream": false
			}
		]
	},
	"pokemon.shellder": {
		"category": "master",
		"sounds": [
			{
				"name": "pokemon/shellder",
				"stream": false
			}
		]
	},
	"pokemon.cloyster": {
		"category": "master",
		"sounds": [
			{
				"name": "pokemon/cloyster",
				"stream": false
			}
		]
	},
	"pokemon.gastly": {
		"category": "master",
		"sounds": [
			{
				"name": "pokemon/gastly",
				"stream": false
			}
		]
	},
	"pokemon.haunter": {
		"category": "master",
		"sounds": [
			{
				"name": "pokemon/haunter",
				"stream": false
			}
		]
	},
	"pokemon.gengar": {
		"category": "master",
		"sounds": [
			{
				"name": "pokemon/gengar",
				"stream": false
			}
		]
	},
	"pokemon.onix": {
		"category": "master",
		"sounds": [
			{
				"name": "pokemon/onix",
				"stream": false
			}
		]
	},
	"pokemon.drowzee": {
		"category": "master",
		"sounds": [
			{
				"name": "pokemon/drowzee",
				"stream": false
			}
		]
	},
	"pokemon.hypno": {
		"category": "master",
		"sounds": [
			{
				"name": "pokemon/hypno",
				"stream": false
			}
		]
	},
	"pokemon.krabby": {
		"category": "master",
		"sounds": [
			{
				"name": "pokemon/krabby",
				"stream": false
			}
		]
	},
	"pokemon.kingler": {
		"category": "master",
		"sounds": [
			{
				"name": "pokemon/kingler",
				"stream": false
			}
		]
	},
	"pokemon.exeggcute": {
		"category": "master",
		"sounds": [
			{
				"name": "pokemon/exeggcute",
				"stream": false
			}
		]
	},
	"pokemon.cubone": {
		"category": "master",
		"sounds": [
			{
				"name": "pokemon/cubone",
				"stream": false
			}
		]
	},
	"pokemon.marowak": {
		"category": "master",
		"sounds": [
			{
				"name": "pokemon/marowak",
				"stream": false
			}
		]
	},
	"pokemon.hitmonlee": {
		"category": "master",
		"sounds": [
			{
				"name": "pokemon/hitmonlee",
				"stream": false
			}
		]
	},
	"pokemon.hitmonchan": {
		"category": "master",
		"sounds": [
			{
				"name": "pokemon/hitmonchan",
				"stream": false
			}
		]
	},
	"pokemon.lickitung": {
		"category": "master",
		"sounds": [
			{
				"name": "pokemon/lickitung",
				"stream": false
			}
		]
	},
	"pokemon.koffing": {
		"category": "master",
		"sounds": [
			{
				"name": "pokemon/koffing",
				"stream": false
			}
		]
	},
	"pokemon.weezing": {
		"category": "master",
		"sounds": [
			{
				"name": "pokemon/weezing",
				"stream": false
			}
		]
	},
	"pokemon.rhyhorn": {
		"category": "master",
		"sounds": [
			{
				"name": "pokemon/rhyhorn",
				"stream": false
			}
		]
	},
	"pokemon.rhydon": {
		"category": "master",
		"sounds": [
			{
				"name": "pokemon/rhydon",
				"stream": false
			}
		]
	},
	"pokemon.chansey": {
		"category": "master",
		"sounds": [
			{
				"name": "pokemon/chansey",
				"stream": false
			}
		]
	},
	"pokemon.kangaskhan": {
		"category": "master",
		"sounds": [
			{
				"name": "pokemon/kangaskhan",
				"stream": false
			}
		]
	},
	"pokemon.horsea": {
		"category": "master",
		"sounds": [
			{
				"name": "pokemon/horsea",
				"stream": false
			}
		]
	},
	"pokemon.seadra": {
		"category": "master",
		"sounds": [
			{
				"name": "pokemon/seadra",
				"stream": false
			}
		]
	},
	"pokemon.goldeen": {
		"category": "master",
		"sounds": [
			{
				"name": "pokemon/goldeen",
				"stream": false
			}
		]
	},
	"pokemon.seaking": {
		"category": "master",
		"sounds": [
			{
				"name": "pokemon/seaking",
				"stream": false
			}
		]
	},
	"pokemon.staryu": {
		"category": "master",
		"sounds": [
			{
				"name": "pokemon/staryu",
				"stream": false
			}
		]
	},
	"pokemon.starmie": {
		"category": "master",
		"sounds": [
			{
				"name": "pokemon/starmie",
				"stream": false
			}
		]
	},
	"pokemon.mrmime": {
		"category": "master",
		"sounds": [
			{
				"name": "pokemon/mrmime",
				"stream": false
			}
		]
	},
	"pokemon.scyther": {
		"category": "master",
		"sounds": [
			{
				"name": "pokemon/scyther",
				"stream": false
			}
		]
	},
	"pokemon.jynx": {
		"category": "master",
		"sounds": [
			{
				"name": "pokemon/jynx",
				"stream": false
			}
		]
	},
	"pokemon.electabuzz": {
		"category": "master",
		"sounds": [
			{
				"name": "pokemon/electabuzz",
				"stream": false
			}
		]
	},
	"pokemon.magmar": {
		"category": "master",
		"sounds": [
			{
				"name": "pokemon/magmar",
				"stream": false
			}
		]
	},
	"pokemon.pinsir": {
		"category": "master",
		"sounds": [
			{
				"name": "pokemon/pinsir",
				"stream": false
			}
		]
	},
	"pokemon.tauros": {
		"category": "master",
		"sounds": [
			{
				"name": "pokemon/tauros",
				"stream": false
			}
		]
	},
	"pokemon.gyarados": {
		"category": "master",
		"sounds": [
			{
				"name": "pokemon/gyarados",
				"stream": false
			}
		]
	},
	"pokemon.lapras": {
		"category": "master",
		"sounds": [
			{
				"name": "pokemon/lapras",
				"stream": false
			}
		]
	},
	"pokemon.ditto": {
		"category": "master",
		"sounds": [
			{
				"name": "pokemon/ditto",
				"stream": false
			}
		]
	},
	"pokemon.vaporeon": {
		"category": "master",
		"sounds": [
			{
				"name": "pokemon/vaporeon",
				"stream": false
			}
		]
	},
	"pokemon.jolteon": {
		"category": "master",
		"sounds": [
			{
				"name": "pokemon/jolteon",
				"stream": false
			}
		]
	},
	"pokemon.flareon": {
		"category": "master",
		"sounds": [
			{
				"name": "pokemon/flareon",
				"stream": false
			}
		]
	},
	"pokemon.porygon": {
		"category": "master",
		"sounds": [
			{
				"name": "pokemon/porygon",
				"stream": false
			}
		]
	},
	"pokemon.omanyte": {
		"category": "master",
		"sounds": [
			{
				"name": "pokemon/omanyte",
				"stream": false
			}
		]
	},
	"pokemon.omastar": {
		"category": "master",
		"sounds": [
			{
				"name": "pokemon/omastar",
				"stream": false
			}
		]
	},
	"pokemon.kabuto": {
		"category": "master",
		"sounds": [
			{
				"name": "pokemon/kabuto",
				"stream": false
			}
		]
	},
	"pokemon.kabutops": {
		"category": "master",
		"sounds": [
			{
				"name": "pokemon/kabutops",
				"stream": false
			}
		]
	},
	"pokemon.aerodactyl": {
		"category": "master",
		"sounds": [
			{
				"name": "pokemon/aerodactyl",
				"stream": false
			}
		]
	},
	"pokemon.snorlax": {
		"category": "master",
		"sounds": [
			{
				"name": "pokemon/snorlax",
				"stream": false
			}
		]
	},
	"pokemon.zapdos": {
		"category": "master",
		"sounds": [
			{
				"name": "pokemon/zapdos",
				"stream": false
			}
		]
	},
	"pokemon.moltres": {
		"category": "master",
		"sounds": [
			{
				"name": "pokemon/moltres",
				"stream": false
			}
		]
	},
	"pokemon.pikachu": {
		"category": "master",
		"sounds": [
			{
				"name": "pokemon/pikachu",
				"stream": false
			}
		]
	},
	"pokemon.dratini": {
		"category": "master",
		"sounds": [
			{
				"name": "pokemon/dratini",
				"stream": false
			}
		]
	},
	"pokemon.caterpie": {
		"category": "master",
		"sounds": [
			{
				"name": "pokemon/caterpie",
				"stream": false
			}
		]
	},
	"pokemon.dragonair": {
		"category": "master",
		"sounds": [
			{
				"name": "pokemon/dragonair",
				"stream": false
			}
		]
	},
	"pokemon.dragonite": {
		"category": "master",
		"sounds": [
			{
				"name": "pokemon/dragonite",
				"stream": false
			}
		]
	},
	"pokemon.mewtwo": {
		"category": "master",
		"sounds": [
			{
				"name": "pokemon/mewtwo",
				"stream": false
			}
		]
	},
	"pokemon.mew": {
		"category": "master",
		"sounds": [
			{
				"name": "pokemon/mew",
				"stream": false
			}
		]
	},
	"pokemon.articuno": {
		"category": "master",
		"sounds": [
			{
				"name": "pokemon/articuno",
				"stream": false
			}
		]
	},
	"pokemon.celebi": {
		"category": "master",
		"sounds": [
			{
				"name": "pokemon/celebi",
				"stream": false
			}
		]
	},
	"pokemon.deoxys": {
		"category": "master",
		"sounds": [
			{
				"name": "pokemon/deoxys",
				"stream": false
			}
		]
	},
	"pokemon.dialga": {
		"category": "master",
		"sounds": [
			{
				"name": "pokemon/dialga",
				"stream": false
			}
		]
	},
	"pokemon.giratina": {
		"category": "master",
		"sounds": [
			{
				"name": "pokemon/giratina",
				"stream": false
			}
		]
	},
	"pokemon.lugia": {
		"category": "master",
		"sounds": [
			{
				"name": "pokemon/lugia",
				"stream": false
			}
		]
	},
	"pokemon.rayquaza": {
		"category": "master",
		"sounds": [
			{
				"name": "pokemon/rayquaza",
				"stream": false
			}
		]
	},
	"pokemon.crobat": {
		"category": "master",
		"sounds": [
			{
				"name": "pokemon/crobat",
				"stream": false
			}
		]
	},
	"pokemon.heracross": {
		"category": "master",
		"sounds": [
			{
				"name": "pokemon/heracross",
				"stream": false
			}
		]
	},
	"pokemon.quagsire": {
		"category": "master",
		"sounds": [
			{
				"name": "pokemon/quagsire",
				"stream": false
			}
		]
	},
	"pokemon.espeon": {
		"category": "master",
		"sounds": [
			{
				"name": "pokemon/espeon",
				"stream": false
			}
		]
	},
	"pokemon.skarmory": {
		"category": "master",
		"sounds": [
			{
				"name": "pokemon/skarmory",
				"stream": false
			}
		]
	},
	"pokemon.umbreon": {
		"category": "master",
		"sounds": [
			{
				"name": "pokemon/umbreon",
				"stream": false
			}
		]
	},
	"pokemon.bidoof": {
		"category": "master",
		"sounds": [
			{
				"name": "pokemon/bidoof",
				"stream": false
			}
		]
	},
	"pokemon.tyranitar": {
		"category": "master",
		"sounds": [
			{
				"name": "pokemon/tyranitar",
				"stream": false
			}
		]
	},
	"pokemon.lucario": {
		"category": "master",
		"sounds": [
			{
				"name": "pokemon/lucario",
				"stream": false
			}
		]
	},
	"pokemon.aipom": {
		"category": "master",
		"sounds": [
			{
				"name": "pokemon/aipom",
				"stream": false
			}
		]
	},
	"pokemon.chikorita": {
		"category": "master",
		"sounds": [
			{
				"name": "pokemon/chikorita",
				"stream": false
			}
		]
	},
	"pokemon.bayleef": {
		"category": "master",
		"sounds": [
			{
				"name": "pokemon/bayleef",
				"stream": false
			}
		]
	},
	"pokemon.meganium": {
		"category": "master",
		"sounds": [
			{
				"name": "pokemon/meganium",
				"stream": false
			}
		]
	},
	"pokemon.cyndaquil": {
		"category": "master",
		"sounds": [
			{
				"name": "pokemon/cyndaquil",
				"stream": false
			}
		]
	},
	"pokemon.quilava": {
		"category": "master",
		"sounds": [
			{
				"name": "pokemon/quilava",
				"stream": false
			}
		]
	},
	"pokemon.typhlosion": {
		"category": "master",
		"sounds": [
			{
				"name": "pokemon/typhlosion",
				"stream": false
			}
		]
	},
	"pokemon.totodile": {
		"category": "master",
		"sounds": [
			{
				"name": "pokemon/totodile",
				"stream": false
			}
		]
	},
	"pokemon.croconaw": {
		"category": "master",
		"sounds": [
			{
				"name": "pokemon/croconaw",
				"stream": false
			}
		]
	},
	"pokemon.feraligatr": {
		"category": "master",
		"sounds": [
			{
				"name": "pokemon/feraligatr",
				"stream": false
			}
		]
	},
	"pokemon.sentret": {
		"category": "master",
		"sounds": [
			{
				"name": "pokemon/sentret",
				"stream": false
			}
		]
	},
	"pokemon.furret": {
		"category": "master",
		"sounds": [
			{
				"name": "pokemon/furret",
				"stream": false
			}
		]
	},
	"pokemon.noctowl": {
		"category": "master",
		"sounds": [
			{
				"name": "pokemon/noctowl",
				"stream": false
			}
		]
	},
	"pokemon.ledyba": {
		"category": "master",
		"sounds": [
			{
				"name": "pokemon/ledyba",
				"stream": false
			}
		]
	},
	"pokemon.spinarak": {
		"category": "master",
		"sounds": [
			{
				"name": "pokemon/spinarak",
				"stream": false
			}
		]
	},
	"pokemon.chinchou": {
		"category": "master",
		"sounds": [
			{
				"name": "pokemon/chinchou",
				"stream": false
			}
		]
	},
	"pokemon.pichu": {
		"category": "master",
		"sounds": [
			{
				"name": "pokemon/pichu",
				"stream": false
			}
		]
	},
	"pokemon.togepi": {
		"category": "master",
		"sounds": [
			{
				"name": "pokemon/togepi",
				"stream": false
			}
		]
	},
	"pokemon.mareep": {
		"category": "master",
		"sounds": [
			{
				"name": "pokemon/mareep",
				"stream": false
			}
		]
	},
	"pokemon.flaaffy": {
		"category": "master",
		"sounds": [
			{
				"name": "pokemon/flaaffy",
				"stream": false
			}
		]
	},
	"pokemon.bellossom": {
		"category": "master",
		"sounds": [
			{
				"name": "pokemon/bellossom",
				"stream": false
			}
		]
	},
	"pokemon.marill": {
		"category": "master",
		"sounds": [
			{
				"name": "pokemon/marill",
				"stream": false
			}
		]
	},
	"pokemon.azumarill": {
		"category": "master",
		"sounds": [
			{
				"name": "pokemon/azumarill",
				"stream": false
			}
		]
	},
	"pokemon.sudowoodo": {
		"category": "master",
		"sounds": [
			{
				"name": "pokemon/sudowoodo",
				"stream": false
			}
		]
	},
	"pokemon.hoppip": {
		"category": "master",
		"sounds": [
			{
				"name": "pokemon/hoppip",
				"stream": false
			}
		]
	},
	"pokemon.sunkern": {
		"category": "master",
		"sounds": [
			{
				"name": "pokemon/sunkern",
				"stream": false
			}
		]
	},
	"pokemon.sunflora": {
		"category": "master",
		"sounds": [
			{
				"name": "pokemon/sunflora",
				"stream": false
			}
		]
	},
	"pokemon.yanma": {
		"category": "master",
		"sounds": [
			{
				"name": "pokemon/yanma",
				"stream": false
			}
		]
	},
	"pokemon.wooper": {
		"category": "master",
		"sounds": [
			{
				"name": "pokemon/wooper",
				"stream": false
			}
		]
	},
	"pokemon.gligar": {
		"category": "master",
		"sounds": [
			{
				"name": "pokemon/gligar",
				"stream": false
			}
		]
	},
	"pokemon.teddiursa": {
		"category": "master",
		"sounds": [
			{
				"name": "pokemon/teddiursa",
				"stream": false
			}
		]
	},
	"pokemon.ursaring": {
		"category": "master",
		"sounds": [
			{
				"name": "pokemon/ursaring",
				"stream": false
			}
		]
	},
	"pokemon.magcargo": {
		"category": "master",
		"sounds": [
			{
				"name": "pokemon/magcargo",
				"stream": false
			}
		]
	},
	"pokemon.swinub": {
		"category": "master",
		"sounds": [
			{
				"name": "pokemon/swinub",
				"stream": false
			}
		]
	},
	"pokemon.piloswine": {
		"category": "master",
		"sounds": [
			{
				"name": "pokemon/piloswine",
				"stream": false
			}
		]
	},
	"pokemon.corsola": {
		"category": "master",
		"sounds": [
			{
				"name": "pokemon/corsola",
				"stream": false
			}
		]
	},
	"pokemon.remoraid": {
		"category": "master",
		"sounds": [
			{
				"name": "pokemon/remoraid",
				"stream": false
			}
		]
	},
	"pokemon.mantine": {
		"category": "master",
		"sounds": [
			{
				"name": "pokemon/mantine",
				"stream": false
			}
		]
	},
	"pokemon.houndoom": {
		"category": "master",
		"sounds": [
			{
				"name": "pokemon/houndoom",
				"stream": false
			}
		]
	},
	"pokemon.phanpy": {
		"category": "master",
		"sounds": [
			{
				"name": "pokemon/phanpy",
				"stream": false
			}
		]
	},
	"pokemon.smoochum": {
		"category": "master",
		"sounds": [
			{
				"name": "pokemon/smoochum",
				"stream": false
			}
		]
	},
	"pokemon.elekid": {
		"category": "master",
		"sounds": [
			{
				"name": "pokemon/elekid",
				"stream": false
			}
		]
	},
	"pokemon.miltank": {
		"category": "master",
		"sounds": [
			{
				"name": "pokemon/miltank",
				"stream": false
			}
		]
	},
	"pokemon.blissey": {
		"category": "master",
		"sounds": [
			{
				"name": "pokemon/blissey",
				"stream": false
			}
		]
	},
	"pokemon.raikou": {
		"category": "master",
		"sounds": [
			{
				"name": "pokemon/raikou",
				"stream": false
			}
		]
	},
	"pokemon.entei": {
		"category": "master",
		"sounds": [
			{
				"name": "pokemon/entei",
				"stream": false
			}
		]
	},
	"pokemon.suicune": {
		"category": "master",
		"sounds": [
			{
				"name": "pokemon/suicune",
				"stream": false
			}
		]
	},
	"pokemon.ho-oh": {
		"category": "master",
		"sounds": [
			{
				"name": "pokemon/ho-oh",
				"stream": false
			}
		]
	},
	"block.note_block.banjo_-1": {
		"sounds": [
			"block/note_block/banjo_-1"
		],
		"subtitle": "subtitles.block.note_block.note"
	},
	"block.note_block.banjo_1": {
		"sounds": [
			"block/note_block/banjo_1"
		],
		"subtitle": "subtitles.block.note_block.note"
	},
	"block.note_block.basedrum_-1": {
		"sounds": [
			"block/note_block/bdrum_-1"
		],
		"subtitle": "subtitles.block.note_block.note"
	},
	"block.note_block.basedrum_1": {
		"sounds": [
			"block/note_block/bdrum_1"
		],
		"subtitle": "subtitles.block.note_block.note"
	},
	"block.note_block.bell_-1": {
		"sounds": [
			"block/note_block/bell_-1"
		],
		"subtitle": "subtitles.block.note_block.note"
	},
	"block.note_block.bell_1": {
		"sounds": [
			"block/note_block/bell_1"
		],
		"subtitle": "subtitles.block.note_block.note"
	},
	"block.note_block.bit_-1": {
		"sounds": [
			"block/note_block/bit_-1"
		],
		"subtitle": "subtitles.block.note_block.note"
	},
	"block.note_block.bit_1": {
		"sounds": [
			"block/note_block/bit_1"
		],
		"subtitle": "subtitles.block.note_block.note"
	},
	"block.note_block.hat_-1": {
		"sounds": [
			"block/note_block/click_-1"
		],
		"subtitle": "subtitles.block.note_block.note"
	},
	"block.note_block.hat_1": {
		"sounds": [
			"block/note_block/click_1"
		]
	},
	"block.note_block.cow_bell_-1": {
		"sounds": [
			"block/note_block/cow_bell_-1"
		],
		"subtitle": "subtitles.block.note_block.note"
	},
	"block.note_block.cow_bell_1": {
		"sounds": [
			"block/note_block/cow_bell_-1"
		],
		"subtitle": "subtitles.block.note_block.note"
	},
	"block.note_block.bass_-1": {
		"sounds": [
			"block/note_block/dbass_-1"
		],
		"subtitle": "subtitles.block.note_block.note"
	},
	"block.note_block.bass_1": {
		"sounds": [
			"block/note_block/dbass_1"
		],
		"subtitle": "subtitles.block.note_block.note"
	},
	"block.note_block.didgeridoo_-1": {
		"sounds": [
			"block/note_block/didgeridoo_-1"
		],
		"subtitle": "subtitles.block.note_block.note"
	},
	"block.note_block.didgeridoo_1": {
		"sounds": [
			"block/note_block/didgeridoo_1"
		],
		"subtitle": "subtitles.block.note_block.note"
	},
	"block.note_block.flute_-1": {
		"sounds": [
			"block/note_block/flute_-1"
		],
		"subtitle": "subtitles.block.note_block.note"
	},
	"block.note_block.flute_1": {
		"sounds": [
			"block/note_block/flute_1"
		],
		"subtitle": "subtitles.block.note_block.note"
	},
	"block.note_block.guitar_-1": {
		"sounds": [
			"block/note_block/guitar_-1"
		],
		"subtitle": "subtitles.block.note_block.note"
	},
	"block.note_block.guitar_1": {
		"sounds": [
			"block/note_block/guitar_1"
		],
		"subtitle": "subtitles.block.note_block.note"
	},
	"block.note_block.harp_-1": {
		"sounds": [
			"block/note_block/harp_-1"
		],
		"subtitle": "subtitles.block.note_block.note"
	},
	"block.note_block.harp_1": {
		"sounds": [
			"block/note_block/harp_1"
		],
		"subtitle": "subtitles.block.note_block.note"
	},
	"block.note_block.chime_-1": {
		"sounds": [
			"block/note_block/icechime_-1"
		],
		"subtitle": "subtitles.block.note_block.note"
	},
	"block.note_block.chime_1": {
		"sounds": [
			"block/note_block/icechime_1"
		],
		"subtitle": "subtitles.block.note_block.note"
	},
	"block.note_block.iron_xylophone_-1": {
		"sounds": [
			"block/note_block/iron_xylophone_-1"
		],
		"subtitle": "subtitles.block.note_block.note"
	},
	"block.note_block.iron_xylophone_1": {
		"sounds": [
			"block/note_block/iron_xylophone_1"
		],
		"subtitle": "subtitles.block.note_block.note"
	},
	"block.note_block.pling_-1": {
		"sounds": [
			"block/note_block/pling_-1"
		],
		"subtitle": "subtitles.block.note_block.note"
	},
	"block.note_block.pling_1": {
		"sounds": [
			"block/note_block/pling_1"
		],
		"subtitle": "subtitles.block.note_block.note"
	},
	"block.note_block.snare_-1": {
		"sounds": [
			"block/note_block/sdrum_-1"
		],
		"subtitle": "subtitles.block.note_block.note"
	},
	"block.note_block.snare_1": {
		"sounds": [
			"block/note_block/sdrum_1"
		],
		"subtitle": "subtitles.block.note_block.note"
	},
	"block.note_block.xylophone_-1": {
		"sounds": [
			"block/note_block/xylobone_-1"
		],
		"subtitle": "subtitles.block.note_block.note"
	},
	"block.note_block.xylophone_1": {
		"sounds": [
			"block/note_block/xylobone_1"
		],
		"subtitle": "subtitles.block.note_block.note"
	},
	"celticens": {
		"sounds": [
			"block/note_block/celticens"
		],
		"subtitle": "subtitles.block.note_block.note"
	},
	"celticens_1": {
		"sounds": [
			"block/note_block/celticens_1"
		],
		"subtitle": "subtitles.block.note_block.note"
	},
	"celticens_-1": {
		"sounds": [
			"block/note_block/celticens_-1"
		],
		"subtitle": "subtitles.block.note_block.note"
	},
	"violin3": {
		"sounds": [
			"block/note_block/violin3"
		],
		"subtitle": "subtitles.block.note_block.note"
	},
	"violin3_1": {
		"sounds": [
			"block/note_block/violin3_1"
		],
		"subtitle": "subtitles.block.note_block.note"
	},
	"violin3_-1": {
		"sounds": [
			"block/note_block/violin3_-1"
		],
		"subtitle": "subtitles.block.note_block.note"
	},
	"med_rev": {
		"sounds": [
			"block/note_block/med_rev"
		],
		"subtitle": "subtitles.block.note_block.note"
	},
	"med_rev_1": {
		"sounds": [
			"block/note_block/med_rev_1"
		],
		"subtitle": "subtitles.block.note_block.note"
	},
	"med_rev_-1": {
		"sounds": [
			"block/note_block/med_rev_-1"
		],
		"subtitle": "subtitles.block.note_block.note"
	},
	"trumpettest": {
		"sounds": [
			"block/note_block/trumpettest"
		],
		"subtitle": "subtitles.block.note_block.note"
	},
	"trumpettest_1": {
		"sounds": [
			"block/note_block/trumpettest_1"
		],
		"subtitle": "subtitles.block.note_block.note"
	},
	"trumpettest_-1": {
		"sounds": [
			"block/note_block/trumpettest_-1"
		],
		"subtitle": "subtitles.block.note_block.note"
	}
}