{
	"credit": "Made with Blockbench",
	"texture_size": [64, 64],
	"textures": {
		"0": "cosmetics/afro",
		"particle": "cosmetics/afro"
	},
	"elements": [
		{
			"from": [3, 1, 3],
			"to": [13, 9, 13],
			"faces": {
				"north": {"uv": [2.5, 2.5, 5, 4.5], "texture": "#0"},
				"east": {"uv": [2.5, 0, 5, 2], "texture": "#0"},
				"south": {"uv": [2.5, 4.5, 5, 6.5], "texture": "#0"},
				"west": {"uv": [0, 5, 2.5, 7], "texture": "#0"},
				"up": {"uv": [0, 0, 2.5, 2.5], "texture": "#0"},
				"down": {"uv": [0, 2.5, 2.5, 5], "texture": "#0"}
			}
		},
		{
			"from": [4, 0, 4],
			"to": [12, 10, 12],
			"faces": {
				"north": {"uv": [5, 5, 7, 7.5], "texture": "#0"},
				"east": {"uv": [5, 0, 7, 2.5], "texture": "#0"},
				"south": {"uv": [5, 2.5, 7, 5], "texture": "#0"},
				"west": {"uv": [2.5, 6.5, 4.5, 9], "texture": "#0"},
				"up": {"uv": [0, 7, 2, 9], "texture": "#0"},
				"down": {"uv": [7, 7, 9, 9], "texture": "#0"}
			}
		},
		{
			"from": [1, 6, 7],
			"to": [6, 6, 10],
			"rotation": {"angle": -45, "axis": "z", "origin": [8, 8, 8]},
			"faces": {
				"north": {"uv": [0, 0, 1.25, 0], "texture": "#0"},
				"east": {"uv": [0, 0, 0.75, 0], "texture": "#0"},
				"south": {"uv": [0, 0, 1.25, 0], "texture": "#0"},
				"west": {"uv": [0, 0, 0.75, 0], "texture": "#0"},
				"up": {"uv": [7, 0, 8.25, 1.25], "texture": "#0"},
				"down": {"uv": [7, 0, 8.25, 1.25], "texture": "#0"}
			}
		}
	],
	"display": {
		"head": {
			"translation": [0, 16.25, 0],
			"scale": [1.7, 1.7, 1.7]
		}
	}
}