{"credit":"Made with Blockbench","textures":{"0":"menus:icons/ranks/7_off"},"elements":[{"from":[0,0,0],"to":[16,0,16],"rotation":{"angle":0,"axis":"x","origin":[-1,2,1]},"faces":{"north":{"uv":[8,0,4,0],"rotation":180,"texture":"#0"},"east":{"uv":[0,0,0,4],"rotation":270,"texture":"#0"},"south":{"uv":[4,0,0,0],"texture":"#0"},"west":{"uv":[4,0,4,4],"rotation":90,"texture":"#0"},"up":{"uv":[0,0,16,16],"rotation":180,"texture":"#0"},"down":{"uv":[16,0,16,0],"texture":"#0"}}}],"display":{"gui":{"rotation":[-90,0,180],"translation":[0,1.25,0],"scale":[4,4,4]}}}