{"credit":"MadewithBlockbench","texture_size":[128,128],"textures":{"0":"elitecreatures:diablo_weapon_set/diablo_texture","1":"elitecreatures:diablo_weapon_set/animation","particle":"elitecreatures:diablo_weapon_set/diablo_texture"},"elements":[{"from":[6.69283,-10,6.80717],"to":[9.19283,8.75,9.30717],"rotation":{"angle":0,"axis":"y","origin":[7.96783,8,2]},"faces":{"north":{"uv":[3.75,0,4.0625,2.3125],"texture":"#0"},"east":{"uv":[0,3.625,0.3125,5.9375],"texture":"#0"},"south":{"uv":[0.375,3.625,0.6875,5.9375],"texture":"#0"},"west":{"uv":[0.75,3.625,1.0625,5.9375],"texture":"#0"},"up":{"uv":[3.3125,7.8125,3,7.5],"rotation":90,"texture":"#0"},"down":{"uv":[7.8125,3.25,7.5,3.5625],"rotation":270,"texture":"#0"}}},{"from":[7.25,11,7.25],"to":[8.75,28,8.75],"rotation":{"angle":0,"axis":"y","origin":[7.96783,8,2]},"faces":{"north":{"uv":[3.4375,14.1875,3.25,12.0625],"texture":"#0"},"east":{"uv":[3.625,14.1875,3.4375,12.0625],"texture":"#0"},"south":{"uv":[3.8125,14.1875,3.625,12.0625],"texture":"#0"},"west":{"uv":[4,14.1875,3.8125,12.0625],"texture":"#0"},"up":{"uv":[3.0625,12.1875,2.875,12],"texture":"#0"},"down":{"uv":[3.0625,12,2.875,11.8125],"texture":"#0"}}},{"from":[7.94283,26,6.25],"to":[7.94283,32,9.75],"rotation":{"angle":0,"axis":"y","origin":[7.94283,29,8]},"faces":{"north":{"uv":[0,3.625,0.3125,5.9375],"texture":"#0"},"east":{"uv":[2.8125,13.875,3.25,13.125],"texture":"#0"},"south":{"uv":[0.75,3.625,1.0625,5.9375],"texture":"#0"},"west":{"uv":[3.25,13.875,2.8125,13.125],"texture":"#0"},"up":{"uv":[3.3125,7.8125,3,7.5],"texture":"#0"},"down":{"uv":[7.8125,3.25,7.5,3.5625],"texture":"#0"}}},{"from":[6.19283,26,8],"to":[9.69283,32,8],"rotation":{"angle":0,"axis":"y","origin":[7.94283,29,8]},"faces":{"north":{"uv":[3.25,13.875,2.8125,13.125],"texture":"#0"},"east":{"uv":[0,3.625,0.3125,5.9375],"texture":"#0"},"south":{"uv":[2.8125,13.875,3.25,13.125],"texture":"#0"},"west":{"uv":[0.75,3.625,1.0625,5.9375],"texture":"#0"},"up":{"uv":[3.3125,7.8125,3,7.5],"rotation":90,"texture":"#0"},"down":{"uv":[7.8125,3.25,7.5,3.5625],"rotation":270,"texture":"#0"}}},{"from":[3.69283,20,8],"to":[7.19283,26,8],"rotation":{"angle":0,"axis":"y","origin":[7.94283,29,8]},"faces":{"north":{"uv":[3.25,14.625,2.8125,13.875],"texture":"#0"},"east":{"uv":[0,3.625,0.3125,5.9375],"texture":"#0"},"south":{"uv":[2.8125,14.625,3.25,13.875],"texture":"#0"},"west":{"uv":[0.75,3.625,1.0625,5.9375],"texture":"#0"},"up":{"uv":[3.3125,7.8125,3,7.5],"rotation":90,"texture":"#0"},"down":{"uv":[7.8125,3.25,7.5,3.5625],"rotation":270,"texture":"#0"}}},{"from":[8.80717,20,8],"to":[12.30717,26,8],"rotation":{"angle":0,"axis":"y","origin":[8.05717,29,8]},"faces":{"north":{"uv":[2.8125,14.625,3.25,13.875],"texture":"#0"},"east":{"uv":[1.0625,3.625,0.75,5.9375],"texture":"#0"},"south":{"uv":[3.25,14.625,2.8125,13.875],"texture":"#0"},"west":{"uv":[0.3125,3.625,0,5.9375],"texture":"#0"},"up":{"uv":[3.3125,7.5,3,7.8125],"rotation":90,"texture":"#0"},"down":{"uv":[7.8125,3.5625,7.5,3.25],"rotation":270,"texture":"#0"}}},{"from":[6.09283,-12.25,6.15717],"to":[9.84283,-10,9.90717],"rotation":{"angle":0,"axis":"y","origin":[7.96783,8,2]},"faces":{"north":{"uv":[7,6.875,7.5,7.1875],"texture":"#0"},"east":{"uv":[7,2.75,7.5,3.0625],"texture":"#0"},"south":{"uv":[4.5,7,5,7.3125],"texture":"#0"},"west":{"uv":[7,4.625,7.5,4.9375],"texture":"#0"},"up":{"uv":[7,0.5,6.5,0],"rotation":90,"texture":"#0"},"down":{"uv":[7,0.5,6.5,1],"rotation":270,"texture":"#0"}}},{"from":[6.09283,8.75,6.15717],"to":[9.84283,11,9.90717],"rotation":{"angle":0,"axis":"y","origin":[7.96783,8,2]},"faces":{"north":{"uv":[7,6.875,7.5,7.1875],"texture":"#0"},"east":{"uv":[7,2.75,7.5,3.0625],"texture":"#0"},"south":{"uv":[4.5,7,5,7.3125],"texture":"#0"},"west":{"uv":[7,4.625,7.5,4.9375],"texture":"#0"},"up":{"uv":[7,0.5,6.5,0],"rotation":90,"texture":"#0"},"down":{"uv":[7,0.5,6.5,1],"rotation":270,"texture":"#0"}}},{"from":[7.59283,-16,7.65717],"to":[8.34283,-13.75,8.40717],"rotation":{"angle":0,"axis":"y","origin":[7.96783,8,2]},"faces":{"north":{"uv":[6.375,7.75,6.5,8.0625],"texture":"#0"},"east":{"uv":[6,7.75,6.125,8.0625],"texture":"#0"},"south":{"uv":[6.25,7.75,6.375,8.0625],"texture":"#0"},"west":{"uv":[7.75,6.25,7.875,6.5625],"texture":"#0"},"up":{"uv":[1.25,4.5,1.125,4.375],"rotation":90,"texture":"#0"},"down":{"uv":[7,4.625,6.875,4.75],"rotation":270,"texture":"#0"}}},{"from":[7.21783,-13.75,7.28217],"to":[8.71783,-12.25,8.78217],"rotation":{"angle":0,"axis":"y","origin":[7.96783,8,2]},"faces":{"north":{"uv":[7.25,7.75,7.4375,7.9375],"texture":"#0"},"east":{"uv":[6.5,7.75,6.6875,7.9375],"texture":"#0"},"south":{"uv":[6.75,7.75,6.9375,7.9375],"texture":"#0"},"west":{"uv":[7,7.75,7.1875,7.9375],"texture":"#0"},"up":{"uv":[7.6875,7.9375,7.5,7.75],"rotation":90,"texture":"#0"},"down":{"uv":[7.9375,7.75,7.75,7.9375],"rotation":270,"texture":"#0"}}},{"from":[7.59283,5,7.65717],"to":[8.34283,7.25,8.40717],"rotation":{"angle":0,"axis":"y","origin":[7.96783,8,2]},"faces":{"north":{"uv":[6.375,7.75,6.5,8.0625],"texture":"#0"},"east":{"uv":[6,7.75,6.125,8.0625],"texture":"#0"},"south":{"uv":[6.25,7.75,6.375,8.0625],"texture":"#0"},"west":{"uv":[7.75,6.25,7.875,6.5625],"texture":"#0"},"up":{"uv":[1.25,4.5,1.125,4.375],"rotation":90,"texture":"#0"},"down":{"uv":[7,4.625,6.875,4.75],"rotation":270,"texture":"#0"}}},{"from":[7.21783,7.25,7.28217],"to":[8.71783,8.75,8.78217],"rotation":{"angle":0,"axis":"y","origin":[7.96783,8,2]},"faces":{"north":{"uv":[7.25,7.75,7.4375,7.9375],"texture":"#0"},"east":{"uv":[6.5,7.75,6.6875,7.9375],"texture":"#0"},"south":{"uv":[6.75,7.75,6.9375,7.9375],"texture":"#0"},"west":{"uv":[7,7.75,7.1875,7.9375],"texture":"#0"},"up":{"uv":[7.6875,7.9375,7.5,7.75],"rotation":90,"texture":"#0"},"down":{"uv":[7.9375,7.75,7.75,7.9375],"rotation":270,"texture":"#0"}}},{"from":[5.71783,11.92323,3.08761],"to":[10.21783,14.17323,5.33761],"rotation":{"angle":22.5,"axis":"x","origin":[7.96783,2.65,4.6]},"faces":{"north":{"uv":[7.5625,1,7,1.3125],"texture":"#0"},"east":{"uv":[7.8125,2.875,7.5,3.1875],"texture":"#0"},"south":{"uv":[7.5625,0.625,7,0.9375],"texture":"#0"},"west":{"uv":[7.8125,2.5,7.5,2.8125],"texture":"#0"},"up":{"uv":[1.875,7.5625,2.1875,7],"rotation":270,"texture":"#0"},"down":{"uv":[7,2.125,7.3125,2.6875],"rotation":90,"texture":"#0"}}},{"from":[4.96783,13.0138,5.94121],"to":[10.96783,18.2638,9.69121],"rotation":{"angle":0,"axis":"y","origin":[7.96783,2.65,4.6]},"faces":{"north":{"uv":[5.5,4.25,4.75,4.9375],"texture":"#0"},"east":{"uv":[6.375,4,5.875,4.6875],"texture":"#0"},"south":{"uv":[5.5,3.5,4.75,4.1875],"texture":"#0"},"west":{"uv":[6.375,3.25,5.875,3.9375],"texture":"#0"},"up":{"uv":[3,2.125,3.5,1.375],"rotation":270,"texture":"#0"},"down":{"uv":[5.125,0,5.625,0.75],"rotation":90,"texture":"#0"}}},{"from":[22.28674,-5.16726,7.28217],"to":[23.78674,-3.66726,8.78217],"rotation":{"angle":-45,"axis":"z","origin":[7.96783,8,2]},"faces":{"north":{"uv":[7.875,1.75,8.0625,1.9375],"texture":"#0"},"east":{"uv":[7.875,0,8.0625,0.1875],"texture":"#0"},"south":{"uv":[1.125,7.875,1.3125,8.0625],"texture":"#0"},"west":{"uv":[1.75,7.875,1.9375,8.0625],"texture":"#0"},"up":{"uv":[2.1875,8.0625,2,7.875],"rotation":90,"texture":"#0"},"down":{"uv":[8.0625,2.5,7.875,2.6875],"rotation":270,"texture":"#0"}}},{"from":[23.78674,-4.79226,7.65717],"to":[25.28674,-4.04226,8.40717],"rotation":{"angle":-45,"axis":"z","origin":[7.96783,8,2]},"faces":{"north":{"uv":[7.75,5.125,7.9375,5.25],"texture":"#0"},"east":{"uv":[7.375,1.75,7.5,1.875],"texture":"#0"},"south":{"uv":[7.25,6.75,7.4375,6.875],"texture":"#0"},"west":{"uv":[3,7.375,3.125,7.5],"texture":"#0"},"up":{"uv":[8,3.9375,7.875,3.75],"rotation":90,"texture":"#0"},"down":{"uv":[8,4.375,7.875,4.5625],"rotation":270,"texture":"#0"}}},{"from":[-9.35108,-4.79226,7.65717],"to":[-7.85108,-4.04226,8.40717],"rotation":{"angle":45,"axis":"z","origin":[7.96783,8,2]},"faces":{"north":{"uv":[7.9375,5.125,7.75,5.25],"texture":"#0"},"east":{"uv":[3.125,7.375,3,7.5],"texture":"#0"},"south":{"uv":[7.4375,6.75,7.25,6.875],"texture":"#0"},"west":{"uv":[7.5,1.75,7.375,1.875],"texture":"#0"},"up":{"uv":[8,3.75,7.875,3.9375],"rotation":90,"texture":"#0"},"down":{"uv":[8,4.5625,7.875,4.375],"rotation":270,"texture":"#0"}}},{"from":[-7.85108,-5.16726,7.28217],"to":[-6.35108,-3.66726,8.78217],"rotation":{"angle":45,"axis":"z","origin":[7.96783,8,2]},"faces":{"north":{"uv":[8.0625,1.75,7.875,1.9375],"texture":"#0"},"east":{"uv":[1.9375,7.875,1.75,8.0625],"texture":"#0"},"south":{"uv":[1.3125,7.875,1.125,8.0625],"texture":"#0"},"west":{"uv":[8.0625,0,7.875,0.1875],"texture":"#0"},"up":{"uv":[2.1875,7.875,2,8.0625],"rotation":90,"texture":"#0"},"down":{"uv":[8.0625,2.6875,7.875,2.5],"rotation":270,"texture":"#0"}}},{"from":[7.21783,-0.90187,20.5843],"to":[8.71783,0.59813,22.0843],"rotation":{"angle":45,"axis":"x","origin":[7.96783,8,2]},"faces":{"north":{"uv":[1.75,7.875,1.9375,8.0625],"texture":"#0"},"east":{"uv":[7.875,1.75,8.0625,1.9375],"texture":"#0"},"south":{"uv":[7.875,0,8.0625,0.1875],"texture":"#0"},"west":{"uv":[1.125,7.875,1.3125,8.0625],"texture":"#0"},"up":{"uv":[2.1875,8.0625,2,7.875],"rotation":180,"texture":"#0"},"down":{"uv":[8.0625,2.5,7.875,2.6875],"rotation":180,"texture":"#0"}}},{"from":[7.59283,-0.52687,22.0843],"to":[8.34283,0.22313,23.5843],"rotation":{"angle":45,"axis":"x","origin":[7.96783,8,2]},"faces":{"north":{"uv":[3,7.375,3.125,7.5],"texture":"#0"},"east":{"uv":[7.75,5.125,7.9375,5.25],"texture":"#0"},"south":{"uv":[7.375,1.75,7.5,1.875],"texture":"#0"},"west":{"uv":[7.25,6.75,7.4375,6.875],"texture":"#0"},"up":{"uv":[8,3.9375,7.875,3.75],"rotation":180,"texture":"#0"},"down":{"uv":[8,4.375,7.875,4.5625],"rotation":180,"texture":"#0"}}},{"from":[7.59283,-9.05765,-11.05352],"to":[8.34283,-8.30765,-9.55352],"rotation":{"angle":-45,"axis":"x","origin":[7.96783,8,2]},"faces":{"north":{"uv":[7.5,1.75,7.375,1.875],"texture":"#0"},"east":{"uv":[7.9375,5.125,7.75,5.25],"texture":"#0"},"south":{"uv":[3.125,7.375,3,7.5],"texture":"#0"},"west":{"uv":[7.4375,6.75,7.25,6.875],"texture":"#0"},"up":{"uv":[8,3.75,7.875,3.9375],"rotation":180,"texture":"#0"},"down":{"uv":[8,4.5625,7.875,4.375],"rotation":180,"texture":"#0"}}},{"from":[7.21783,-9.43265,-9.55352],"to":[8.71783,-7.93265,-8.05352],"rotation":{"angle":-45,"axis":"x","origin":[7.96783,8,2]},"faces":{"north":{"uv":[8.0625,0,7.875,0.1875],"texture":"#0"},"east":{"uv":[8.0625,1.75,7.875,1.9375],"texture":"#0"},"south":{"uv":[1.9375,7.875,1.75,8.0625],"texture":"#0"},"west":{"uv":[1.3125,7.875,1.125,8.0625],"texture":"#0"},"up":{"uv":[2.1875,7.875,2,8.0625],"rotation":180,"texture":"#0"},"down":{"uv":[8.0625,2.6875,7.875,2.5],"rotation":180,"texture":"#0"}}},{"from":[8.9375,10.05698,7.65717],"to":[10.4375,10.80698,8.40717],"rotation":{"angle":-45,"axis":"z","origin":[7.96783,8,2]},"faces":{"north":{"uv":[7.75,5.125,7.9375,5.25],"texture":"#0"},"east":{"uv":[7.375,1.75,7.5,1.875],"texture":"#0"},"south":{"uv":[7.25,6.75,7.4375,6.875],"texture":"#0"},"west":{"uv":[3,7.375,3.125,7.5],"texture":"#0"},"up":{"uv":[8,3.9375,7.875,3.75],"rotation":90,"texture":"#0"},"down":{"uv":[8,4.375,7.875,4.5625],"rotation":270,"texture":"#0"}}},{"from":[7.4375,9.68198,7.28217],"to":[8.9375,11.18198,8.78217],"rotation":{"angle":-45,"axis":"z","origin":[7.96783,8,2]},"faces":{"north":{"uv":[7.875,1.75,8.0625,1.9375],"texture":"#0"},"east":{"uv":[7.875,0,8.0625,0.1875],"texture":"#0"},"south":{"uv":[1.125,7.875,1.3125,8.0625],"texture":"#0"},"west":{"uv":[1.75,7.875,1.9375,8.0625],"texture":"#0"},"up":{"uv":[2.1875,8.0625,2,7.875],"rotation":90,"texture":"#0"},"down":{"uv":[8.0625,2.5,7.875,2.6875],"rotation":270,"texture":"#0"}}},{"from":[5.49816,10.05698,7.65717],"to":[6.99816,10.80698,8.40717],"rotation":{"angle":45,"axis":"z","origin":[7.96783,8,2]},"faces":{"north":{"uv":[7.9375,5.125,7.75,5.25],"texture":"#0"},"east":{"uv":[3.125,7.375,3,7.5],"texture":"#0"},"south":{"uv":[7.4375,6.75,7.25,6.875],"texture":"#0"},"west":{"uv":[7.5,1.75,7.375,1.875],"texture":"#0"},"up":{"uv":[8,3.75,7.875,3.9375],"rotation":90,"texture":"#0"},"down":{"uv":[8,4.5625,7.875,4.375],"rotation":270,"texture":"#0"}}},{"from":[6.99816,9.68198,7.28217],"to":[8.49816,11.18198,8.78217],"rotation":{"angle":45,"axis":"z","origin":[7.96783,8,2]},"faces":{"north":{"uv":[8.0625,1.75,7.875,1.9375],"texture":"#0"},"east":{"uv":[1.9375,7.875,1.75,8.0625],"texture":"#0"},"south":{"uv":[1.3125,7.875,1.125,8.0625],"texture":"#0"},"west":{"uv":[8.0625,0,7.875,0.1875],"texture":"#0"},"up":{"uv":[2.1875,7.875,2,8.0625],"rotation":90,"texture":"#0"},"down":{"uv":[8.0625,2.6875,7.875,2.5],"rotation":270,"texture":"#0"}}},{"from":[7.21783,5.41659,5.29572],"to":[8.71783,6.91659,6.79572],"rotation":{"angle":-45,"axis":"x","origin":[7.96783,8,2]},"faces":{"north":{"uv":[8.0625,0,7.875,0.1875],"texture":"#0"},"east":{"uv":[8.0625,1.75,7.875,1.9375],"texture":"#0"},"south":{"uv":[1.9375,7.875,1.75,8.0625],"texture":"#0"},"west":{"uv":[1.3125,7.875,1.125,8.0625],"texture":"#0"},"up":{"uv":[2.1875,7.875,2,8.0625],"rotation":180,"texture":"#0"},"down":{"uv":[8.0625,2.6875,7.875,2.5],"rotation":180,"texture":"#0"}}},{"from":[7.59283,5.79159,3.79572],"to":[8.34283,6.54159,5.29572],"rotation":{"angle":-45,"axis":"x","origin":[7.96783,8,2]},"faces":{"north":{"uv":[7.5,1.75,7.375,1.875],"texture":"#0"},"east":{"uv":[7.9375,5.125,7.75,5.25],"texture":"#0"},"south":{"uv":[3.125,7.375,3,7.5],"texture":"#0"},"west":{"uv":[7.4375,6.75,7.25,6.875],"texture":"#0"},"up":{"uv":[8,3.75,7.875,3.9375],"rotation":180,"texture":"#0"},"down":{"uv":[8,4.5625,7.875,4.375],"rotation":180,"texture":"#0"}}},{"from":[7.21783,5.41659,9.20428],"to":[8.71783,6.91659,10.70428],"rotation":{"angle":45,"axis":"x","origin":[7.96783,8,14]},"faces":{"north":{"uv":[1.75,7.875,1.9375,8.0625],"texture":"#0"},"east":{"uv":[7.875,1.75,8.0625,1.9375],"texture":"#0"},"south":{"uv":[7.875,0,8.0625,0.1875],"texture":"#0"},"west":{"uv":[1.125,7.875,1.3125,8.0625],"texture":"#0"},"up":{"uv":[2.1875,8.0625,2,7.875],"rotation":180,"texture":"#0"},"down":{"uv":[8.0625,2.5,7.875,2.6875],"rotation":180,"texture":"#0"}}},{"from":[7.59283,5.79159,10.70428],"to":[8.34283,6.54159,12.20428],"rotation":{"angle":45,"axis":"x","origin":[7.96783,8,14]},"faces":{"north":{"uv":[3,7.375,3.125,7.5],"texture":"#0"},"east":{"uv":[7.75,5.125,7.9375,5.25],"texture":"#0"},"south":{"uv":[7.375,1.75,7.5,1.875],"texture":"#0"},"west":{"uv":[7.25,6.75,7.4375,6.875],"texture":"#0"},"up":{"uv":[8,3.9375,7.875,3.75],"rotation":180,"texture":"#0"},"down":{"uv":[8,4.375,7.875,4.5625],"rotation":180,"texture":"#0"}}},{"from":[6.86783,13.01799,9.75067],"to":[9.11783,16.01799,12.00067],"rotation":{"angle":-22.5,"axis":"x","origin":[7.99283,6.5,-3]},"faces":{"north":{"uv":[7.375,1.375,7.6875,1.75],"rotation":180,"texture":"#0"},"east":{"uv":[7.375,0.25,7.6875,0.625],"rotation":180,"texture":"#0"},"south":{"uv":[2.25,7.375,2.5625,7.75],"rotation":180,"texture":"#0"},"west":{"uv":[7.375,2.125,7.6875,2.5],"rotation":180,"texture":"#0"},"up":{"uv":[7.8125,1.75,7.5,2.0625],"rotation":270,"texture":"#0"},"down":{"uv":[1.4375,7.8125,1.125,7.5],"rotation":90,"texture":"#0"}}},{"from":[7.24283,20.17295,5.13771],"to":[8.74283,23.17295,7.38771],"rotation":{"angle":0,"axis":"y","origin":[7.99283,6.5,-3]},"faces":{"north":{"uv":[3.625,7.625,3.8125,8],"rotation":180,"texture":"#0"},"east":{"uv":[2.625,7.375,2.9375,7.75],"rotation":180,"texture":"#0"},"south":{"uv":[4.125,7.625,4.3125,8],"rotation":180,"texture":"#0"},"west":{"uv":[7.375,4,7.6875,4.375],"rotation":180,"texture":"#0"},"up":{"uv":[4.8125,7.75,4.5,7.9375],"rotation":270,"texture":"#0"},"down":{"uv":[8.0625,4.1875,7.75,4],"rotation":90,"texture":"#0"}}},{"from":[7.39283,25.01796,-1.8622],"to":[8.51783,28.01796,0.3878],"rotation":{"angle":22.5,"axis":"x","origin":[7.99283,6.5,-3]},"faces":{"north":{"uv":[3.5,7,3.125,7.125],"rotation":90,"texture":"#0"},"east":{"uv":[4.5,7.375,4.875,7.6875],"rotation":270,"texture":"#0"},"south":{"uv":[7.375,1.5,7,1.375],"rotation":90,"texture":"#0"},"west":{"uv":[7.375,5.75,7.75,6.0625],"rotation":90,"texture":"#0"},"up":{"uv":[4,7.75,4.125,8.0625],"rotation":180,"texture":"#0"},"down":{"uv":[1,7.75,1.125,8.0625],"texture":"#0"}}},{"from":[6.86783,10.85603,7.68504],"to":[9.11783,13.85603,9.93504],"rotation":{"angle":-45,"axis":"x","origin":[7.99283,9.75,8]},"faces":{"north":{"uv":[7.375,1.375,7.6875,1.75],"rotation":180,"texture":"#0"},"east":{"uv":[7.375,0.25,7.6875,0.625],"rotation":180,"texture":"#0"},"south":{"uv":[2.25,7.375,2.5625,7.75],"rotation":180,"texture":"#0"},"west":{"uv":[7.375,2.125,7.6875,2.5],"rotation":180,"texture":"#0"},"up":{"uv":[7.8125,1.75,7.5,2.0625],"rotation":270,"texture":"#0"},"down":{"uv":[1.4375,7.8125,1.125,7.5],"rotation":90,"texture":"#0"}}},{"from":[7.24283,13.42295,6.13771],"to":[8.74283,16.42295,8.38771],"rotation":{"angle":-22.5,"axis":"x","origin":[7.99283,9.75,8]},"faces":{"north":{"uv":[3.625,7.625,3.8125,8],"rotation":180,"texture":"#0"},"east":{"uv":[2.625,7.375,2.9375,7.75],"rotation":180,"texture":"#0"},"south":{"uv":[4.125,7.625,4.3125,8],"rotation":180,"texture":"#0"},"west":{"uv":[7.375,4,7.6875,4.375],"rotation":180,"texture":"#0"},"up":{"uv":[4.8125,7.75,4.5,7.9375],"rotation":270,"texture":"#0"},"down":{"uv":[8.0625,4.1875,7.75,4],"rotation":90,"texture":"#0"}}},{"from":[7.39283,15.20233,3.72584],"to":[8.51783,18.20233,5.97584],"rotation":{"angle":0,"axis":"y","origin":[7.99283,9.75,8]},"faces":{"north":{"uv":[3.5,7,3.125,7.125],"rotation":90,"texture":"#0"},"east":{"uv":[4.5,7.375,4.875,7.6875],"rotation":270,"texture":"#0"},"south":{"uv":[7.375,1.5,7,1.375],"rotation":90,"texture":"#0"},"west":{"uv":[7.375,5.75,7.75,6.0625],"rotation":90,"texture":"#0"},"up":{"uv":[4,7.75,4.125,8.0625],"rotation":180,"texture":"#0"},"down":{"uv":[1,7.75,1.125,8.0625],"texture":"#0"}}},{"from":[6.86783,12.01799,3.99933],"to":[9.11783,15.01799,6.24933],"rotation":{"angle":22.5,"axis":"x","origin":[7.99283,5.5,19]},"faces":{"north":{"uv":[2.5625,7.375,2.25,7.75],"rotation":180,"texture":"#0"},"east":{"uv":[7.6875,0.25,7.375,0.625],"rotation":180,"texture":"#0"},"south":{"uv":[7.6875,1.375,7.375,1.75],"rotation":180,"texture":"#0"},"west":{"uv":[7.6875,2.125,7.375,2.5],"rotation":180,"texture":"#0"},"up":{"uv":[7.5,1.75,7.8125,2.0625],"rotation":270,"texture":"#0"},"down":{"uv":[1.125,7.8125,1.4375,7.5],"rotation":90,"texture":"#0"}}},{"from":[7.24283,19.17295,8.61229],"to":[8.74283,22.17295,10.86229],"rotation":{"angle":0,"axis":"y","origin":[7.99283,5.5,19]},"faces":{"north":{"uv":[4.3125,7.625,4.125,8],"rotation":180,"texture":"#0"},"east":{"uv":[2.9375,7.375,2.625,7.75],"rotation":180,"texture":"#0"},"south":{"uv":[3.8125,7.625,3.625,8],"rotation":180,"texture":"#0"},"west":{"uv":[7.6875,4,7.375,4.375],"rotation":180,"texture":"#0"},"up":{"uv":[4.5,7.75,4.8125,7.9375],"rotation":270,"texture":"#0"},"down":{"uv":[7.75,4.1875,8.0625,4],"rotation":90,"texture":"#0"}}},{"from":[7.39283,24.01796,15.6122],"to":[8.51783,27.01796,17.8622],"rotation":{"angle":-22.5,"axis":"x","origin":[7.99283,5.5,19]},"faces":{"north":{"uv":[7.375,1.375,7,1.5],"rotation":90,"texture":"#0"},"east":{"uv":[4.5,7.6875,4.875,7.375],"rotation":270,"texture":"#0"},"south":{"uv":[3.5,7.125,3.125,7],"rotation":90,"texture":"#0"},"west":{"uv":[7.375,6.0625,7.75,5.75],"rotation":90,"texture":"#0"},"up":{"uv":[4,8.0625,4.125,7.75],"rotation":180,"texture":"#0"},"down":{"uv":[1,8.0625,1.125,7.75],"texture":"#0"}}},{"from":[-1,-8,8],"to":[20,13,8],"faces":{"north":{"uv":[4,16,14.5,5.5],"texture":"#1"},"east":{"uv":[0,0,0,4],"texture":"#missing"},"south":{"uv":[14.5,16,4,5.5],"texture":"#1"},"west":{"uv":[0,0,0,4],"texture":"#missing"},"up":{"uv":[0,0,4,0],"texture":"#missing"},"down":{"uv":[0,0,4,0],"texture":"#missing"}}}],"gui_light":"front","display":{"thirdperson_righthand":{"rotation":[0,-90,0],"translation":[0,5.25,1.5],"scale":[0.6,0.6,0.6]},"thirdperson_lefthand":{"rotation":[0,-90,0],"translation":[0,5.25,1.5],"scale":[0.6,0.6,0.6]},"firstperson_righthand":{"rotation":[0,90,0],"translation":[-0.87,3.95,1.13],"scale":[0.4,0.4,0.4]},"firstperson_lefthand":{"rotation":[0,-90,0],"translation":[-0.87,3.95,1.13],"scale":[0.4,0.4,0.4]},"ground":{"rotation":[0,0,45],"translation":[0,7,0],"scale":[0.4,0.4,0.4]},"gui":{"rotation":[0,0,-45],"translation":[0.25,0,-0.25],"scale":[0.42188,0.42188,0.42188]},"head":{"translation":[0,26.75,0],"scale":[0,0,0]},"fixed":{"translation":[0,5.75,-1.75],"scale":[1.45,1.45,1.45]}}}