{"credit":"MadewithBlockbench","texture_size":[128,128],"textures":{"0":"elitecreatures:diablo_weapon_set/diablo_texture","1":"elitecreatures:diablo_weapon_set/animation","particle":"elitecreatures:diablo_weapon_set/diablo_texture"},"elements":[{"from":[6.875,-10,6.875],"to":[9.125,0.5,9.125],"rotation":{"angle":0,"axis":"y","origin":[-4,9.5,-4]},"faces":{"north":{"uv":[5.625,1.125,5.9375,2.4375],"texture":"#0"},"east":{"uv":[3.125,5.625,3.4375,6.9375],"texture":"#0"},"south":{"uv":[1.125,5.75,1.4375,7.0625],"texture":"#0"},"west":{"uv":[1.5,5.75,1.8125,7.0625],"texture":"#0"},"up":{"uv":[7.6875,6.4375,7.375,6.125],"texture":"#0"},"down":{"uv":[6.5625,7.375,6.25,7.6875],"texture":"#0"}}},{"from":[5.375,2,5.375],"to":[10.625,5,10.625],"rotation":{"angle":0,"axis":"y","origin":[-4,9.5,-4]},"faces":{"north":{"uv":[6.375,3.125,7.0625,3.5],"texture":"#0"},"east":{"uv":[6.375,3.5,7.0625,3.875],"texture":"#0"},"south":{"uv":[6.375,3.875,7.0625,4.25],"texture":"#0"},"west":{"uv":[6.375,4.25,7.0625,4.625],"texture":"#0"},"up":{"uv":[5.5625,1.6875,4.875,1],"texture":"#0"},"down":{"uv":[5.5625,1.75,4.875,2.4375],"texture":"#0"}}},{"from":[6.125,0.5,6.125],"to":[9.875,2,9.875],"rotation":{"angle":0,"axis":"y","origin":[-4,9.5,-4]},"faces":{"north":{"uv":[7.5,4.75,8,4.9375],"texture":"#0"},"east":{"uv":[4.875,7.5,5.375,7.6875],"texture":"#0"},"south":{"uv":[7.5,6.75,8,6.9375],"texture":"#0"},"west":{"uv":[7.5,7,8,7.1875],"texture":"#0"},"up":{"uv":[7,1.5,6.5,1],"texture":"#0"},"down":{"uv":[5,6.5,4.5,7],"texture":"#0"}}},{"from":[6.125,-12.25,6.125],"to":[9.875,-10,9.875],"rotation":{"angle":0,"axis":"y","origin":[-4,9.5,-4]},"faces":{"north":{"uv":[7,2.75,7.5,3.0625],"texture":"#0"},"east":{"uv":[4.5,7,5,7.3125],"texture":"#0"},"south":{"uv":[7,4.625,7.5,4.9375],"texture":"#0"},"west":{"uv":[7,6.875,7.5,7.1875],"texture":"#0"},"up":{"uv":[7,0.5,6.5,0],"texture":"#0"},"down":{"uv":[7,0.5,6.5,1],"texture":"#0"}}},{"from":[7.45886,3.63556,5.75],"to":[9.70886,7.38556,10.25],"rotation":{"angle":22.5,"axis":"z","origin":[4.625,2.75,8]},"faces":{"north":{"uv":[7.125,3.5,7.4375,3.9375],"texture":"#0"},"east":{"uv":[3.5,6.625,4.0625,7.0625],"texture":"#0"},"south":{"uv":[3.625,7.125,3.9375,7.5625],"texture":"#0"},"west":{"uv":[5.5,6.625,6.0625,7.0625],"texture":"#0"},"up":{"uv":[6.9375,7.4375,6.625,6.875],"texture":"#0"},"down":{"uv":[7.3125,0,7,0.5625],"texture":"#0"}}},{"from":[1.05177,4.51709,5.375],"to":[5.17677,7.14209,10.625],"rotation":{"angle":-45,"axis":"z","origin":[4.625,2.75,8]},"faces":{"north":{"uv":[1.125,7.125,1.625,7.4375],"texture":"#0"},"east":{"uv":[6.625,5.75,7.3125,6.0625],"texture":"#0"},"south":{"uv":[3.125,7.125,3.625,7.4375],"texture":"#0"},"west":{"uv":[6.625,6.125,7.3125,6.4375],"texture":"#0"},"up":{"uv":[6.375,3.1875,5.875,2.5],"texture":"#0"},"down":{"uv":[3.125,5.875,2.625,6.5625],"texture":"#0"}}},{"from":[1.625,2.75,5],"to":[6.125,5.75,11],"rotation":{"angle":-22.5,"axis":"z","origin":[4.625,2.75,8]},"faces":{"north":{"uv":[6.625,6.5,7.1875,6.875],"texture":"#0"},"east":{"uv":[6,1.5,6.75,1.875],"texture":"#0"},"south":{"uv":[6.75,1.5,7.3125,1.875],"texture":"#0"},"west":{"uv":[6,1.875,6.75,2.25],"texture":"#0"},"up":{"uv":[3.6875,5.625,3.125,4.875],"texture":"#0"},"down":{"uv":[5.3125,5,4.75,5.75],"texture":"#0"}}},{"from":[3.625,2.375,6.875],"to":[6.625,4.625,9.125],"rotation":{"angle":45,"axis":"z","origin":[6.625,2.375,8]},"faces":{"north":{"uv":[7.375,0.25,7.6875,0.625],"rotation":270,"texture":"#0"},"east":{"uv":[1.4375,7.8125,1.125,7.5],"rotation":90,"texture":"#0"},"south":{"uv":[7.375,2.125,7.6875,2.5],"rotation":90,"texture":"#0"},"west":{"uv":[7.8125,1.75,7.5,2.0625],"rotation":90,"texture":"#0"},"up":{"uv":[2.25,7.375,2.5625,7.75],"rotation":90,"texture":"#0"},"down":{"uv":[7.375,1.375,7.6875,1.75],"rotation":90,"texture":"#0"}}},{"from":[0.85336,1.22695,7.25],"to":[3.85336,3.47695,8.75],"rotation":{"angle":22.5,"axis":"z","origin":[6.625,2.375,8]},"faces":{"north":{"uv":[2.625,7.375,2.9375,7.75],"rotation":270,"texture":"#0"},"east":{"uv":[8.0625,4.1875,7.75,4],"rotation":90,"texture":"#0"},"south":{"uv":[7.375,4,7.6875,4.375],"rotation":90,"texture":"#0"},"west":{"uv":[4.8125,7.75,4.5,7.9375],"rotation":90,"texture":"#0"},"up":{"uv":[4.125,7.625,4.3125,8],"rotation":90,"texture":"#0"},"down":{"uv":[3.625,7.625,3.8125,8],"rotation":90,"texture":"#0"}}},{"from":[-1.26796,-0.89437,7.475],"to":[1.73204,1.35563,8.6],"rotation":{"angle":0,"axis":"y","origin":[6.625,2.375,8]},"faces":{"north":{"uv":[4.5,7.375,4.875,7.6875],"texture":"#0"},"east":{"uv":[1,7.75,1.125,8.0625],"texture":"#0"},"south":{"uv":[7.375,5.75,7.75,6.0625],"texture":"#0"},"west":{"uv":[4,7.75,4.125,8.0625],"texture":"#0"},"up":{"uv":[7.375,1.5,7,1.375],"texture":"#0"},"down":{"uv":[3.5,7,3.125,7.125],"texture":"#0"}}},{"from":[-2,-16,8],"to":[19,5,8],"faces":{"north":{"uv":[4,16,14.5,5.5],"texture":"#1"},"east":{"uv":[0,0,0,4],"texture":"#missing"},"south":{"uv":[14.5,16,4,5.5],"texture":"#1"},"west":{"uv":[0,0,0,4],"texture":"#missing"},"up":{"uv":[0,0,4,0],"texture":"#missing"},"down":{"uv":[0,0,4,0],"texture":"#missing"}}},{"from":[1,-7,8.25],"to":[3,25,8.25],"faces":{"north":{"uv":[0,0,1,16],"texture":"#1"},"east":{"uv":[0,0,0,4],"texture":"#missing"},"south":{"uv":[1,0,0,16],"texture":"#1"},"west":{"uv":[0,0,0,4],"texture":"#missing"},"up":{"uv":[0,0,4,0],"texture":"#missing"},"down":{"uv":[0,0,4,0],"texture":"#missing"}}},{"from":[13,-7,8.25],"to":[15,25,8.25],"rotation":{"angle":0,"axis":"y","origin":[16,0,0]},"faces":{"north":{"uv":[1,0,0,16],"texture":"#1"},"east":{"uv":[0,0,0,4],"texture":"#missing"},"south":{"uv":[0,0,1,16],"texture":"#1"},"west":{"uv":[0,0,0,4],"texture":"#missing"},"up":{"uv":[4,0,0,0],"texture":"#missing"},"down":{"uv":[4,0,0,0],"texture":"#missing"}}},{"from":[13,-7,7.75],"to":[15,25,7.75],"rotation":{"angle":0,"axis":"y","origin":[16,0,16]},"faces":{"north":{"uv":[1,0,0,16],"texture":"#1"},"east":{"uv":[0,0,0,4],"texture":"#missing"},"south":{"uv":[0,0,1,16],"texture":"#1"},"west":{"uv":[0,0,0,4],"texture":"#missing"},"up":{"uv":[4,0,0,0],"texture":"#missing"},"down":{"uv":[4,0,0,0],"texture":"#missing"}}},{"from":[1,-7,7.75],"to":[3,25,7.75],"rotation":{"angle":0,"axis":"y","origin":[0,0,16]},"faces":{"north":{"uv":[0,0,1,16],"texture":"#1"},"east":{"uv":[0,0,0,4],"texture":"#missing"},"south":{"uv":[1,0,0,16],"texture":"#1"},"west":{"uv":[0,0,0,4],"texture":"#missing"},"up":{"uv":[0,0,4,0],"texture":"#missing"},"down":{"uv":[0,0,4,0],"texture":"#missing"}}},{"from":[7.625,-16,7.625],"to":[8.375,-13.75,8.375],"rotation":{"angle":0,"axis":"y","origin":[-4,9.5,-4]},"faces":{"north":{"uv":[6,7.75,6.125,8.0625],"texture":"#0"},"east":{"uv":[6.25,7.75,6.375,8.0625],"texture":"#0"},"south":{"uv":[7.75,6.25,7.875,6.5625],"texture":"#0"},"west":{"uv":[6.375,7.75,6.5,8.0625],"texture":"#0"},"up":{"uv":[1.25,4.5,1.125,4.375],"texture":"#0"},"down":{"uv":[7,4.625,6.875,4.75],"texture":"#0"}}},{"from":[7.25,-13.75,7.25],"to":[8.75,-12.25,8.75],"rotation":{"angle":0,"axis":"y","origin":[-4,9.5,-4]},"faces":{"north":{"uv":[6.5,7.75,6.6875,7.9375],"texture":"#0"},"east":{"uv":[6.75,7.75,6.9375,7.9375],"texture":"#0"},"south":{"uv":[7,7.75,7.1875,7.9375],"texture":"#0"},"west":{"uv":[7.25,7.75,7.4375,7.9375],"texture":"#0"},"up":{"uv":[7.6875,7.9375,7.5,7.75],"texture":"#0"},"down":{"uv":[7.9375,7.75,7.75,7.9375],"texture":"#0"}}},{"from":[13.15573,-0.57732,5.75],"to":[15.40573,1.67268,10.25],"rotation":{"angle":-45,"axis":"z","origin":[10.625,5.375,8]},"faces":{"north":{"uv":[7.5,2.5,7.8125,2.8125],"texture":"#0"},"east":{"uv":[7,0.625,7.5625,0.9375],"texture":"#0"},"south":{"uv":[7.5,2.875,7.8125,3.1875],"texture":"#0"},"west":{"uv":[7,1,7.5625,1.3125],"texture":"#0"},"up":{"uv":[2.1875,7.5625,1.875,7],"texture":"#0"},"down":{"uv":[7.3125,2.125,7,2.6875],"texture":"#0"}}},{"from":[9.875,0.125,5],"to":[13.625,5.375,11],"rotation":{"angle":-22.5,"axis":"z","origin":[10.625,5.375,8]},"faces":{"north":{"uv":[5.875,3.25,6.375,3.9375],"texture":"#0"},"east":{"uv":[4.75,3.5,5.5,4.1875],"texture":"#0"},"south":{"uv":[5.875,4,6.375,4.6875],"texture":"#0"},"west":{"uv":[4.75,4.25,5.5,4.9375],"texture":"#0"},"up":{"uv":[3.5,2.125,3,1.375],"texture":"#0"},"down":{"uv":[5.625,0,5.125,0.75],"texture":"#0"}}},{"from":[7.25,-9.04657,5.79657],"to":[8.75,-7.54657,7.29657],"rotation":{"angle":-45,"axis":"x","origin":[7.875,-10.375,10.125]},"faces":{"north":{"uv":[7.875,0,8.0625,0.1875],"texture":"#0"},"east":{"uv":[1.125,7.875,1.3125,8.0625],"texture":"#0"},"south":{"uv":[1.75,7.875,1.9375,8.0625],"texture":"#0"},"west":{"uv":[7.875,1.75,8.0625,1.9375],"texture":"#0"},"up":{"uv":[2.1875,8.0625,2,7.875],"texture":"#0"},"down":{"uv":[8.0625,2.5,7.875,2.6875],"texture":"#0"}}},{"from":[7.625,-8.67157,4.29657],"to":[8.375,-7.92157,5.79657],"rotation":{"angle":-45,"axis":"x","origin":[7.875,-10.375,10.125]},"faces":{"north":{"uv":[7.375,1.75,7.5,1.875],"texture":"#0"},"east":{"uv":[7.25,6.75,7.4375,6.875],"texture":"#0"},"south":{"uv":[3,7.375,3.125,7.5],"texture":"#0"},"west":{"uv":[7.75,5.125,7.9375,5.25],"texture":"#0"},"up":{"uv":[8,3.9375,7.875,3.75],"texture":"#0"},"down":{"uv":[8,4.375,7.875,4.5625],"texture":"#0"}}},{"from":[7.625,-11.5,11.375],"to":[8.375,-10.75,12.875],"rotation":{"angle":45,"axis":"x","origin":[7.875,-10.375,9.875]},"faces":{"north":{"uv":[3.125,7.375,3,7.5],"texture":"#0"},"east":{"uv":[7.4375,6.75,7.25,6.875],"texture":"#0"},"south":{"uv":[7.5,1.75,7.375,1.875],"texture":"#0"},"west":{"uv":[7.9375,5.125,7.75,5.25],"texture":"#0"},"up":{"uv":[8,3.75,7.875,3.9375],"texture":"#0"},"down":{"uv":[8,4.5625,7.875,4.375],"texture":"#0"}}},{"from":[7.25,-11.875,9.875],"to":[8.75,-10.375,11.375],"rotation":{"angle":45,"axis":"x","origin":[7.875,-10.375,9.875]},"faces":{"north":{"uv":[1.9375,7.875,1.75,8.0625],"texture":"#0"},"east":{"uv":[1.3125,7.875,1.125,8.0625],"texture":"#0"},"south":{"uv":[8.0625,0,7.875,0.1875],"texture":"#0"},"west":{"uv":[8.0625,1.75,7.875,1.9375],"texture":"#0"},"up":{"uv":[2.1875,7.875,2,8.0625],"texture":"#0"},"down":{"uv":[8.0625,2.6875,7.875,2.5],"texture":"#0"}}},{"from":[9.875,-11.875,7.25],"to":[11.375,-10.375,8.75],"rotation":{"angle":-45,"axis":"z","origin":[9.875,-10.375,8]},"faces":{"north":{"uv":[7.875,1.75,8.0625,1.9375],"texture":"#0"},"east":{"uv":[7.875,0,8.0625,0.1875],"texture":"#0"},"south":{"uv":[1.125,7.875,1.3125,8.0625],"texture":"#0"},"west":{"uv":[1.75,7.875,1.9375,8.0625],"texture":"#0"},"up":{"uv":[2.1875,8.0625,2,7.875],"rotation":90,"texture":"#0"},"down":{"uv":[8.0625,2.5,7.875,2.6875],"rotation":270,"texture":"#0"}}},{"from":[11.375,-11.5,7.625],"to":[12.875,-10.75,8.375],"rotation":{"angle":-45,"axis":"z","origin":[9.875,-10.375,6]},"faces":{"north":{"uv":[7.75,5.125,7.9375,5.25],"texture":"#0"},"east":{"uv":[7.375,1.75,7.5,1.875],"texture":"#0"},"south":{"uv":[7.25,6.75,7.4375,6.875],"texture":"#0"},"west":{"uv":[3,7.375,3.125,7.5],"texture":"#0"},"up":{"uv":[8,3.9375,7.875,3.75],"rotation":90,"texture":"#0"},"down":{"uv":[8,4.375,7.875,4.5625],"rotation":270,"texture":"#0"}}},{"from":[4.22335,-8.84835,7.625],"to":[5.72335,-8.09835,8.375],"rotation":{"angle":45,"axis":"z","origin":[9.875,-10.375,8]},"faces":{"north":{"uv":[7.9375,5.125,7.75,5.25],"texture":"#0"},"east":{"uv":[3.125,7.375,3,7.5],"texture":"#0"},"south":{"uv":[7.4375,6.75,7.25,6.875],"texture":"#0"},"west":{"uv":[7.5,1.75,7.375,1.875],"texture":"#0"},"up":{"uv":[8,3.75,7.875,3.9375],"rotation":90,"texture":"#0"},"down":{"uv":[8,4.5625,7.875,4.375],"rotation":270,"texture":"#0"}}},{"from":[4.625,-11.875,7.25],"to":[6.125,-10.375,8.75],"rotation":{"angle":45,"axis":"z","origin":[6.125,-10.375,8]},"faces":{"north":{"uv":[8.0625,1.75,7.875,1.9375],"texture":"#0"},"east":{"uv":[1.9375,7.875,1.75,8.0625],"texture":"#0"},"south":{"uv":[1.3125,7.875,1.125,8.0625],"texture":"#0"},"west":{"uv":[8.0625,0,7.875,0.1875],"texture":"#0"},"up":{"uv":[2.1875,7.875,2,8.0625],"rotation":90,"texture":"#0"},"down":{"uv":[8.0625,2.6875,7.875,2.5],"rotation":270,"texture":"#0"}}},{"from":[2.125,3.375,6.875],"to":[5.125,5.625,9.125],"rotation":{"angle":22.5,"axis":"z","origin":[5.125,3.375,8]},"faces":{"north":{"uv":[7.375,0.25,7.6875,0.625],"rotation":270,"texture":"#0"},"east":{"uv":[1.4375,7.8125,1.125,7.5],"rotation":90,"texture":"#0"},"south":{"uv":[7.375,2.125,7.6875,2.5],"rotation":90,"texture":"#0"},"west":{"uv":[7.8125,1.75,7.5,2.0625],"rotation":90,"texture":"#0"},"up":{"uv":[2.25,7.375,2.5625,7.75],"rotation":90,"texture":"#0"},"down":{"uv":[7.375,1.375,7.6875,1.75],"rotation":90,"texture":"#0"}}},{"from":[-0.64664,2.22695,7.25],"to":[2.35336,4.47695,8.75],"rotation":{"angle":0,"axis":"y","origin":[5.125,3.375,8]},"faces":{"north":{"uv":[2.625,7.375,2.9375,7.75],"rotation":270,"texture":"#0"},"east":{"uv":[8.0625,4.1875,7.75,4],"rotation":90,"texture":"#0"},"south":{"uv":[7.375,4,7.6875,4.375],"rotation":90,"texture":"#0"},"west":{"uv":[4.8125,7.75,4.5,7.9375],"rotation":90,"texture":"#0"},"up":{"uv":[4.125,7.625,4.3125,8],"rotation":90,"texture":"#0"},"down":{"uv":[3.625,7.625,3.8125,8],"rotation":90,"texture":"#0"}}},{"from":[-2.76796,0.10563,7.475],"to":[0.23204,2.35563,8.6],"rotation":{"angle":-22.5,"axis":"z","origin":[5.125,3.375,8]},"faces":{"north":{"uv":[4.5,7.375,4.875,7.6875],"texture":"#0"},"east":{"uv":[1,7.75,1.125,8.0625],"texture":"#0"},"south":{"uv":[7.375,5.75,7.75,6.0625],"texture":"#0"},"west":{"uv":[4,7.75,4.125,8.0625],"texture":"#0"},"up":{"uv":[7.375,1.5,7,1.375],"texture":"#0"},"down":{"uv":[3.5,7,3.125,7.125],"texture":"#0"}}},{"from":[6,5,7.5],"to":[11,24,8.5],"faces":{"north":{"uv":[11.75,6.3125,11.125,8.6875],"texture":"#0"},"east":{"uv":[11.25,6.3125,11.125,8.6875],"texture":"#0"},"south":{"uv":[11.75,6.3125,11.125,8.6875],"texture":"#0"},"west":{"uv":[11.25,6.3125,11.125,8.6875],"texture":"#0"},"up":{"uv":[11.75,6.3125,11.125,6.4375],"texture":"#0"},"down":{"uv":[11.75,6.3125,11.125,6.4375],"texture":"#0"}}},{"from":[2.5,24,8],"to":[14.5,32,8],"faces":{"north":{"uv":[16,10.375,14.5,11.375],"texture":"#0"},"east":{"uv":[11.25,6.3125,11.125,8.0625],"texture":"#0"},"south":{"uv":[14.5,10.375,16,11.375],"texture":"#0"},"west":{"uv":[11.25,6.3125,11.125,8.0625],"texture":"#0"},"up":{"uv":[11.75,6.3125,11.125,6.4375],"texture":"#0"},"down":{"uv":[11.75,6.3125,11.125,6.4375],"texture":"#0"}}},{"from":[1,8,8],"to":[6,24,8],"rotation":{"angle":0,"axis":"y","origin":[-4,35.75,-4]},"faces":{"north":{"uv":[0.625,8.1875,1.25,10.1875],"texture":"#0"},"east":{"uv":[0,0,0,1.375],"texture":"#0"},"south":{"uv":[1.25,8.1875,0.625,10.1875],"texture":"#0"},"west":{"uv":[0,0,0,1.375],"texture":"#0"},"up":{"uv":[1.25,0,0,0],"texture":"#0"},"down":{"uv":[1.25,0,0,0],"texture":"#0"}}},{"from":[11,8,8],"to":[16,24,8],"rotation":{"angle":0,"axis":"y","origin":[20,35.75,-4]},"faces":{"north":{"uv":[1.25,8.1875,0.625,10.1875],"texture":"#0"},"east":{"uv":[0,0,0,1.375],"texture":"#0"},"south":{"uv":[0.625,8.1875,1.25,10.1875],"texture":"#0"},"west":{"uv":[0,0,0,1.375],"texture":"#0"},"up":{"uv":[0,0,1.25,0],"texture":"#0"},"down":{"uv":[0,0,1.25,0],"texture":"#0"}}},{"from":[10.875,3.375,6.875],"to":[13.875,5.625,9.125],"rotation":{"angle":22.5,"axis":"z","origin":[10.875,3.375,8]},"faces":{"north":{"uv":[7.375,0.625,7.6875,0.25],"rotation":270,"texture":"#0"},"east":{"uv":[7.8125,2.0625,7.5,1.75],"rotation":90,"texture":"#0"},"south":{"uv":[7.375,2.5,7.6875,2.125],"rotation":90,"texture":"#0"},"west":{"uv":[1.4375,7.5,1.125,7.8125],"rotation":90,"texture":"#0"},"up":{"uv":[2.25,7.75,2.5625,7.375],"rotation":90,"texture":"#0"},"down":{"uv":[7.375,1.75,7.6875,1.375],"rotation":90,"texture":"#0"}}},{"from":[13.64664,2.22695,7.25],"to":[16.64664,4.47695,8.75],"rotation":{"angle":45,"axis":"z","origin":[10.875,3.375,8]},"faces":{"north":{"uv":[2.625,7.75,2.9375,7.375],"rotation":270,"texture":"#0"},"east":{"uv":[4.8125,7.9375,4.5,7.75],"rotation":90,"texture":"#0"},"south":{"uv":[7.375,4.375,7.6875,4],"rotation":90,"texture":"#0"},"west":{"uv":[8.0625,4,7.75,4.1875],"rotation":90,"texture":"#0"},"up":{"uv":[4.125,8,4.3125,7.625],"rotation":90,"texture":"#0"},"down":{"uv":[3.625,8,3.8125,7.625],"rotation":90,"texture":"#0"}}},{"from":[11.89437,8.26796,7.475],"to":[14.14437,11.26796,8.6],"rotation":{"angle":-22.5,"axis":"z","origin":[10.875,3.375,8]},"faces":{"north":{"uv":[4.875,7.375,4.5,7.6875],"rotation":90,"texture":"#0"},"east":{"uv":[3.125,7,3.5,7.125],"rotation":270,"texture":"#0"},"south":{"uv":[7.75,5.75,7.375,6.0625],"rotation":270,"texture":"#0"},"west":{"uv":[7,1.5,7.375,1.375],"rotation":270,"texture":"#0"},"up":{"uv":[4.125,7.75,4,8.0625],"rotation":270,"texture":"#0"},"down":{"uv":[1.125,7.75,1,8.0625],"rotation":270,"texture":"#0"}}},{"from":[-3,7,7.5],"to":[7.5,15,7.5],"rotation":{"angle":-22.5,"axis":"y","origin":[7.5,13,7.5]},"faces":{"north":{"uv":[9.1875,0,10.5,0.99354],"texture":"#0"},"east":{"uv":[1.125,3.625,1.25,4.375],"texture":"#0"},"south":{"uv":[10.5,0,9.1875,0.99354],"texture":"#0"},"west":{"uv":[1.75,7.125,1.875,7.875],"texture":"#0"},"up":{"uv":[8.1875,4.375,7.75,4.25],"texture":"#0"},"down":{"uv":[5.3125,7.75,4.875,7.875],"texture":"#0"}}},{"from":[8.5,7,7.5],"to":[19,15,7.5],"rotation":{"angle":22.5,"axis":"y","origin":[8.5,13,7.5]},"faces":{"north":{"uv":[10.5,0,9.1875,0.99354],"texture":"#0"},"east":{"uv":[1.875,7.125,1.75,7.875],"texture":"#0"},"south":{"uv":[9.1875,0,10.5,0.99354],"texture":"#0"},"west":{"uv":[1.25,3.625,1.125,4.375],"texture":"#0"},"up":{"uv":[7.75,4.375,8.1875,4.25],"texture":"#0"},"down":{"uv":[4.875,7.75,5.3125,7.875],"texture":"#0"}}},{"from":[-3,7,8.5],"to":[7.5,15,8.5],"rotation":{"angle":22.5,"axis":"y","origin":[7.5,13,8.5]},"faces":{"north":{"uv":[9.1875,0,10.5,0.99354],"texture":"#0"},"east":{"uv":[1.25,3.625,1.125,4.375],"texture":"#0"},"south":{"uv":[10.5,0,9.1875,0.99354],"texture":"#0"},"west":{"uv":[1.875,7.125,1.75,7.875],"texture":"#0"},"up":{"uv":[8.1875,4.25,7.75,4.375],"texture":"#0"},"down":{"uv":[5.3125,7.875,4.875,7.75],"texture":"#0"}}},{"from":[8.5,7,8.5],"to":[19,15,8.5],"rotation":{"angle":-22.5,"axis":"y","origin":[8.5,13,8.5]},"faces":{"north":{"uv":[10.5,0,9.1875,0.99354],"texture":"#0"},"east":{"uv":[1.75,7.125,1.875,7.875],"texture":"#0"},"south":{"uv":[9.1875,0,10.5,0.99354],"texture":"#0"},"west":{"uv":[1.125,3.625,1.25,4.375],"texture":"#0"},"up":{"uv":[7.75,4.25,8.1875,4.375],"texture":"#0"},"down":{"uv":[4.875,7.875,5.3125,7.75],"texture":"#0"}}}],"gui_light":"front","display":{"thirdperson_righthand":{"rotation":[0,90,0],"translation":[0,7,1.5],"scale":[0.6,0.6,0.6]},"thirdperson_lefthand":{"rotation":[0,90,0],"translation":[0,7,1.5],"scale":[0.6,0.6,0.6]},"firstperson_righthand":{"rotation":[0,90,0],"translation":[-0.87,3.95,1.13],"scale":[0.4,0.4,0.4]},"firstperson_lefthand":{"rotation":[0,-90,0],"translation":[-0.87,3.95,1.13],"scale":[0.4,0.4,0.4]},"ground":{"rotation":[0,0,45],"translation":[0,7,0],"scale":[0.4,0.4,0.4]},"gui":{"rotation":[0,0,-45],"translation":[-0.25,-0.25,-0.25],"scale":[0.4043,0.4043,0.4043]},"head":{"translation":[0,26.75,0],"scale":[0,0,0]},"fixed":{"translation":[0,5.75,-1.75],"scale":[1.45,1.45,1.45]}}}