{"texture_size":[128,128],"textures":{"0":"furnitures:easter/easteg_eggvar5","particle":"furnitures:easter/easteg_eggvar5"},"elements":[{"from":[-3,2,-3],"to":[19,18,19],"faces":{"north":{"uv":[2.75,4,5.5,6],"texture":"#0"},"east":{"uv":[2.75,4,5.5,6],"texture":"#0"},"south":{"uv":[2.75,4,5.5,6],"texture":"#0"},"west":{"uv":[2.75,4,5.5,6],"texture":"#0"},"up":{"uv":[2.75,2.75,0,0],"texture":"#0"},"down":{"uv":[2.75,2.75,0,5.5],"texture":"#0"}}},{"from":[-1,18,-1],"to":[17,26,17],"faces":{"north":{"uv":[7.5,5.5,9.75,6.5],"texture":"#0"},"east":{"uv":[7.5,5.5,9.75,6.5],"texture":"#0"},"south":{"uv":[7.5,5.5,9.75,6.5],"texture":"#0"},"west":{"uv":[7.5,5.5,9.75,6.5],"texture":"#0"},"up":{"uv":[7.75,2.25,5.5,0],"texture":"#0"},"down":{"uv":[7.75,2.25,5.5,4.5],"texture":"#0"}}},{"from":[0,-2,0],"to":[16,2,16],"faces":{"north":{"uv":[4.25,8.25,6.25,8.75],"texture":"#0"},"east":{"uv":[4.25,8.25,6.25,8.75],"texture":"#0"},"south":{"uv":[4.25,8.25,6.25,8.75],"texture":"#0"},"west":{"uv":[4.25,8.25,6.25,8.75],"texture":"#0"},"up":{"uv":[7.5,6.5,5.5,4.5],"texture":"#0"},"down":{"uv":[4.75,6,2.75,8],"texture":"#0"}}},{"from":[1,26,1],"to":[15,32,15],"faces":{"north":{"uv":[7.75,2.5,9.5,3.25],"texture":"#0"},"east":{"uv":[7.75,2.5,9.5,3.25],"texture":"#0"},"south":{"uv":[7.75,2.5,9.5,3.25],"texture":"#0"},"west":{"uv":[7.75,2.5,9.5,3.25],"texture":"#0"},"up":{"uv":[6.5,8.25,4.75,6.5],"texture":"#0"},"down":{"uv":[8.25,6.5,6.5,8.25],"texture":"#0"}}}],"display":{"thirdperson_righthand":{"rotation":[75,45,0],"translation":[0,2.5,0],"scale":[0.21094,0.21094,0.21094]},"thirdperson_lefthand":{"rotation":[75,45,0],"translation":[0,2.5,0],"scale":[0.21094,0.21094,0.21094]},"firstperson_righthand":{"rotation":[-180,64.25,-180],"translation":[1.75,1.25,0],"scale":[0.13672,0.13672,0.13672]},"firstperson_lefthand":{"rotation":[-180,64.25,-180],"translation":[1.75,1.25,0],"scale":[0.13672,0.13672,0.13672]},"ground":{"scale":[0.50977,0.50977,0.50977]},"gui":{"rotation":[30,225,0],"translation":[0,-2.25,0],"scale":[0.38281,0.38281,0.38281]},"head":{"translation":[0,-27.15,0],"scale":[1.6,1.6,1.6]},"fixed":{"rotation":[-90,180,0],"translation":[0,0,-20],"scale":[2.01,2.01,2.01]}}}