{"credit":"MadewithBlockbench","texture_size":[32,32],"textures":{"0":"holy_knight:holy_knight_2","1":"holy_knight:holy_knight_texture","3":"holy_knight:holy_knight_3","particle":"holy_knight:holy_knight_2"},"elements":[{"from":[4,4,6],"to":[10,6,9],"rotation":{"angle":0,"axis":"y","origin":[8.56613,6.89897,5.65]},"faces":{"north":{"uv":[7,8,5.5,8.5],"texture":"#0"},"east":{"uv":[6,9.25,5.5,8.5],"rotation":270,"texture":"#0"},"south":{"uv":[7,8.5,5.5,8],"rotation":180,"texture":"#0"},"west":{"uv":[5.5,9.25,6,8.5],"rotation":90,"texture":"#0"},"up":{"uv":[10.25,7.5,11.75,6.75],"rotation":180,"texture":"#0"},"down":{"uv":[10.25,6.75,11.75,7.5],"rotation":180,"texture":"#0"}}},{"from":[5.19648,6.85016,6.3],"to":[5.19648,13.85016,13.3],"rotation":{"angle":22.5,"axis":"z","origin":[8.56613,6.89897,5.65]},"faces":{"north":{"uv":[4.875,9.375,4.875,11.125],"texture":"#1"},"east":{"uv":[4.875,9.375,6.375,11.125],"texture":"#1"},"south":{"uv":[4.875,9.375,4.875,11.125],"texture":"#1"},"west":{"uv":[6.375,9.375,4.875,11.125],"texture":"#1"},"up":{"uv":[4.875,10.875,4.875,9.375],"texture":"#1"},"down":{"uv":[4.875,10.875,4.875,9.375],"texture":"#1"}}},{"from":[9.04195,5.6515,6.3],"to":[9.04195,12.6515,13.3],"rotation":{"angle":-22.5,"axis":"z","origin":[8.56613,6.89897,5.65]},"faces":{"north":{"uv":[4.875,9.375,4.875,11.125],"texture":"#1"},"east":{"uv":[4.875,9.375,6.375,11.125],"texture":"#1"},"south":{"uv":[4.875,9.375,4.875,11.125],"texture":"#1"},"west":{"uv":[6.375,9.375,4.875,11.125],"texture":"#1"},"up":{"uv":[4.875,10.875,4.875,9.375],"texture":"#1"},"down":{"uv":[4.875,10.875,4.875,9.375],"texture":"#1"}}},{"from":[8,5.1,-4],"to":[18,5.1,7],"rotation":{"angle":0,"axis":"y","origin":[8.56613,6.89897,5.65]},"faces":{"north":{"uv":[0,0,2.75,0],"rotation":180,"texture":"#0"},"east":{"uv":[2.75,5.75,2.75,3],"rotation":270,"texture":"#0"},"south":{"uv":[0,0,2.75,0],"texture":"#0"},"west":{"uv":[2.75,5.75,2.75,3],"rotation":90,"texture":"#0"},"up":{"uv":[3.25,16,0.75,13.25],"rotation":180,"texture":"#0"},"down":{"uv":[0.75,16,3.25,13.25],"texture":"#0"}}},{"from":[0,5.1,-4],"to":[10,5.1,7],"rotation":{"angle":0,"axis":"y","origin":[8.56613,6.89897,5.65]},"faces":{"north":{"uv":[2.75,0,0,0],"rotation":180,"texture":"#3"},"east":{"uv":[2.75,3,2.75,5.75],"rotation":90,"texture":"#3"},"south":{"uv":[2.75,0,0,0],"texture":"#3"},"west":{"uv":[2.75,3,2.75,5.75],"rotation":270,"texture":"#3"},"up":{"uv":[0,16,5,10.5],"rotation":180,"texture":"#3"},"down":{"uv":[5,16,0,10.5],"texture":"#3"}}},{"from":[4,5.25,3.05],"to":[10,5.25,6.05],"rotation":{"angle":0,"axis":"y","origin":[8.56613,6.89897,5.65]},"faces":{"north":{"uv":[16.5,15,15,15],"texture":"#0"},"east":{"uv":[9.625,14.75,9.625,14],"rotation":270,"texture":"#0"},"south":{"uv":[16.5,15,15,15],"rotation":180,"texture":"#0"},"west":{"uv":[9.625,14.75,9.625,14],"rotation":90,"texture":"#0"},"up":{"uv":[10.875,14.5,10.125,16],"rotation":90,"texture":"#0"},"down":{"uv":[10.125,14.5,10.875,16],"rotation":90,"texture":"#0"}}},{"from":[5,4.5,7],"to":[6,5.5,12],"rotation":{"angle":0,"axis":"y","origin":[8.56613,6.89897,5.65]},"faces":{"north":{"uv":[9,0.5,9.5,0],"texture":"#3"},"east":{"uv":[10,2.5,9.5,0],"rotation":90,"texture":"#3"},"south":{"uv":[10,0.5,10.5,0],"texture":"#3"},"west":{"uv":[10,0,9.5,2.5],"rotation":90,"texture":"#3"},"up":{"uv":[9,2.5,9.5,0],"texture":"#3"},"down":{"uv":[9,0,9.5,2.5],"texture":"#3"}}},{"from":[7,4.5,7],"to":[8,5.5,12],"rotation":{"angle":0,"axis":"y","origin":[8.56613,6.89897,5.65]},"faces":{"north":{"uv":[9,0.5,9.5,0],"texture":"#3"},"east":{"uv":[10,2.5,9.5,0],"rotation":90,"texture":"#3"},"south":{"uv":[10,0.5,10.5,0],"texture":"#3"},"west":{"uv":[10,0,9.5,2.5],"rotation":90,"texture":"#3"},"up":{"uv":[9,2.5,9.5,0],"texture":"#3"},"down":{"uv":[9,0,9.5,2.5],"texture":"#3"}}},{"from":[9,4.5,7],"to":[10,5.5,12],"rotation":{"angle":0,"axis":"y","origin":[8.56613,6.89897,5.65]},"faces":{"north":{"uv":[9,0.5,9.5,0],"texture":"#3"},"east":{"uv":[10,2.5,9.5,0],"rotation":90,"texture":"#3"},"south":{"uv":[10,0.5,10.5,0],"texture":"#3"},"west":{"uv":[10,0,9.5,2.5],"rotation":90,"texture":"#3"},"up":{"uv":[9,2.5,9.5,0],"texture":"#3"},"down":{"uv":[9,0,9.5,2.5],"texture":"#3"}}}],"gui_light":"front","display":{"thirdperson_righthand":{"rotation":[1.58,0.49,-89.82],"translation":[4.5,-2.25,1.25],"scale":[0.7,0.7,0.7]},"thirdperson_lefthand":{"rotation":[1.58,0.49,-89.82],"translation":[4.5,-2.25,1.25],"scale":[0.7,0.7,0.7]},"firstperson_righthand":{"rotation":[59,13,-99],"translation":[1.5,3.5,1.5],"scale":[0.60938,0.60938,0.60938]},"firstperson_lefthand":{"rotation":[59,13,-99],"translation":[1.5,3.5,1.5],"scale":[0.60938,0.60938,0.60938]},"ground":{"translation":[0,1,3],"scale":[0.91797,0.91797,0.91797]},"gui":{"rotation":[90,37,0],"translation":[1.75,-2.25,-7.25],"scale":[0.74492,0.74492,0.74492]},"head":{"rotation":[90,146,0],"translation":[2.5,14,4.75],"scale":[0.82695,0.82695,0.82695]},"fixed":{"rotation":[-90,0,0],"translation":[-0.5,6,-7.25],"scale":[1.8543,1.8543,1.8543]}}}