{"credit":"MadewithBlockbench","texture_size":[32,32],"textures":{"0":"holy_knight:holy_knight_texture","1":"holy_knight:holy_knight_2","2":"holy_knight:glitter","3":"holy_knight:holy_knight_3","particle":"holy_knight:holy_knight_texture"},"elements":[{"from":[15.2,-5.85,7.2],"to":[17.2,-3.85,8.8],"rotation":{"angle":-45,"axis":"z","origin":[0,0,0]},"faces":{"north":{"uv":[1.625,4.125,1.125,4.625],"texture":"#0"},"east":{"uv":[1.25,2.625,1.65,3.125],"texture":"#0"},"south":{"uv":[1.125,4.125,1.625,4.625],"texture":"#0"},"west":{"uv":[1.25,2.625,1.65,3.125],"rotation":180,"texture":"#0"},"up":{"uv":[1.25,2.625,1.65,3.125],"rotation":90,"texture":"#0"},"down":{"uv":[1.25,3.125,1.65,2.625],"rotation":90,"texture":"#0"}}},{"from":[9,-5,8],"to":[15,-2,8],"faces":{"north":{"uv":[1.5,0,0,0.75],"texture":"#0"},"east":{"uv":[0,0,0,0.75],"texture":"#missing"},"south":{"uv":[0,0,1.5,0.75],"texture":"#0"},"west":{"uv":[0,0,0,0.75],"texture":"#missing"},"up":{"uv":[0,0,1.5,0],"texture":"#missing"},"down":{"uv":[0,0,1.5,0],"texture":"#missing"}}},{"from":[6,-1,7.9],"to":[10,4,7.9],"rotation":{"angle":0,"axis":"y","origin":[0,0,16]},"faces":{"north":{"uv":[6,11.25,5,12.5],"texture":"#0"},"east":{"uv":[0,0,0,1.25],"texture":"#0"},"south":{"uv":[6,11.25,5,12.5],"texture":"#0"},"west":{"uv":[0,0,0,1.25],"texture":"#0"},"up":{"uv":[0,0,1,0],"texture":"#0"},"down":{"uv":[0,0,1,0],"texture":"#0"}}},{"from":[6,-1,8.1],"to":[10,4,8.1],"faces":{"north":{"uv":[5,11.25,6,12.5],"texture":"#0"},"east":{"uv":[0,0,0,1.25],"texture":"#0"},"south":{"uv":[5,11.25,6,12.5],"texture":"#0"},"west":{"uv":[0,0,0,1.25],"texture":"#0"},"up":{"uv":[0,0,1,0],"texture":"#0"},"down":{"uv":[0,0,1,0],"texture":"#0"}}},{"from":[7,-14.1,7],"to":[9,-5.1,9],"rotation":{"angle":0,"axis":"y","origin":[0,16,0]},"faces":{"north":{"uv":[0.5,3.125,0,0.875],"texture":"#0"},"east":{"uv":[1.1375,3.125,0.6375,0.875],"texture":"#0"},"south":{"uv":[0.5,3.125,0,0.875],"texture":"#0"},"west":{"uv":[0.6375,3.125,1.1375,0.875],"texture":"#0"},"up":{"uv":[0,4.625,0.5,4.125],"texture":"#0"},"down":{"uv":[0,4.625,0.5,4.125],"texture":"#0"}}},{"from":[1,-5,8],"to":[7,-2,8],"faces":{"north":{"uv":[0,0,1.5,0.75],"texture":"#0"},"east":{"uv":[0,0,0,0.75],"texture":"#missing"},"south":{"uv":[1.5,0,0,0.75],"texture":"#0"},"west":{"uv":[0,0,0,0.75],"texture":"#missing"},"up":{"uv":[0,0,1.5,0],"texture":"#missing"},"down":{"uv":[0,0,1.5,0],"texture":"#missing"}}},{"from":[7,1.25,6.9],"to":[10,4.25,9.1],"rotation":{"angle":-45,"axis":"z","origin":[0,0,0]},"faces":{"north":{"uv":[0.75,3.25,0,4],"texture":"#0"},"east":{"uv":[0,4.125,0.75,4.625],"texture":"#0"},"south":{"uv":[0,3.25,0.75,4],"texture":"#0"},"west":{"uv":[1.125,3.25,1.625,4],"texture":"#0"},"up":{"uv":[1.125,4,1.625,3.25],"rotation":90,"texture":"#0"},"down":{"uv":[0,4.125,0.75,4.625],"texture":"#0"}}},{"from":[4,-3,8],"to":[12,32,8],"faces":{"north":{"uv":[16,0,14,8.75],"texture":"#1"},"east":{"uv":[0,0,0,8.75],"texture":"#1"},"south":{"uv":[14,0,16,8.75],"texture":"#1"},"west":{"uv":[0,0,0,8.75],"texture":"#1"},"up":{"uv":[0,0,2,0],"texture":"#1"},"down":{"uv":[0,0,2,0],"texture":"#1"}}},{"from":[12,-7,4.5],"to":[13,-2,11.5],"rotation":{"angle":22.5,"axis":"z","origin":[0,0,0]},"faces":{"north":{"uv":[1,5.5,1.5,8],"texture":"#3"},"east":{"uv":[0,0,3.5,2.5],"texture":"#3"},"south":{"uv":[1.5,5.5,2,8],"texture":"#3"},"west":{"uv":[0,0,3.5,2.5],"texture":"#3"},"up":{"uv":[0.5,8.5,0,5],"texture":"#3"},"down":{"uv":[1,5,0.5,8.5],"texture":"#3"}}},{"from":[3,-7,4.5],"to":[4,-2,11.5],"rotation":{"angle":-22.5,"axis":"z","origin":[16,0,0]},"faces":{"north":{"uv":[1.5,5.5,1,8],"texture":"#3"},"east":{"uv":[3.5,0,0,2.5],"texture":"#3"},"south":{"uv":[2,5.5,1.5,8],"texture":"#3"},"west":{"uv":[3.5,0,0,2.5],"texture":"#3"},"up":{"uv":[0,8.5,0.5,5],"texture":"#3"},"down":{"uv":[0.5,5,1,8.5],"texture":"#3"}}},{"from":[0,1,5.5],"to":[1,7,10.5],"rotation":{"angle":-22.5,"axis":"z","origin":[0,0,0]},"faces":{"north":{"uv":[1,5,4,5.5],"rotation":90,"texture":"#3"},"east":{"uv":[6.5,2.5,3.5,0],"rotation":270,"texture":"#3"},"south":{"uv":[4,5,1,5.5],"rotation":270,"texture":"#3"},"west":{"uv":[6.5,2.5,3.5,0],"rotation":270,"texture":"#3"},"up":{"uv":[2,5.5,4.5,6],"rotation":270,"texture":"#3"},"down":{"uv":[4.5,5.5,7,6],"rotation":270,"texture":"#3"}}},{"from":[15,1,5.5],"to":[16,7,10.5],"rotation":{"angle":22.5,"axis":"z","origin":[16,0,0]},"faces":{"north":{"uv":[1,5.5,4,5],"rotation":90,"texture":"#3"},"east":{"uv":[6.5,0,3.5,2.5],"rotation":270,"texture":"#3"},"south":{"uv":[4,5.5,1,5],"rotation":270,"texture":"#3"},"west":{"uv":[6.5,0,3.5,2.5],"rotation":270,"texture":"#3"},"up":{"uv":[2,6,4.5,5.5],"rotation":270,"texture":"#3"},"down":{"uv":[4.5,6,7,5.5],"rotation":270,"texture":"#3"}}},{"from":[8.6,-15.6,8],"to":[15.6,-3.6,8],"rotation":{"angle":0,"axis":"y","origin":[16,0,0]},"faces":{"north":{"uv":[11.375,13,13.125,16],"texture":"#0"},"east":{"uv":[11.375,13,11.375,16],"texture":"#0"},"south":{"uv":[13.125,13,11.375,16],"texture":"#0"},"west":{"uv":[11.375,13,11.375,16],"texture":"#0"},"up":{"uv":[1.75,0,0,0],"texture":"#0"},"down":{"uv":[1.75,0,0,0],"texture":"#0"}}},{"from":[0,11,7.7],"to":[8,19,7.7],"faces":{"north":{"uv":[16,0,8,8],"texture":"#2"},"east":{"uv":[0,0,0,4],"texture":"#2"},"south":{"uv":[8,0,16,8],"texture":"#2"},"west":{"uv":[0,0,0,4],"texture":"#2"},"up":{"uv":[0,0,4,0],"texture":"#2"},"down":{"uv":[0,0,4,0],"texture":"#2"}}},{"from":[8,19,7.7],"to":[16,27,7.7],"faces":{"north":{"uv":[0,0,8,8],"texture":"#2"},"east":{"uv":[0,0,0,4],"texture":"#2"},"south":{"uv":[8,0,0,8],"texture":"#2"},"west":{"uv":[0,0,0,4],"texture":"#2"},"up":{"uv":[0,0,4,0],"texture":"#2"},"down":{"uv":[0,0,4,0],"texture":"#2"}}},{"from":[8,3,7.7],"to":[16,11,7.7],"faces":{"north":{"uv":[0,8,8,16],"texture":"#2"},"east":{"uv":[0,0,0,4],"texture":"#2"},"south":{"uv":[8,8,0,16],"texture":"#2"},"west":{"uv":[0,0,0,4],"texture":"#2"},"up":{"uv":[0,0,4,0],"texture":"#2"},"down":{"uv":[0,0,4,0],"texture":"#2"}}},{"from":[0,-5,7.7],"to":[8,3,7.7],"faces":{"north":{"uv":[16,8,8,16],"texture":"#2"},"east":{"uv":[0,0,0,4],"texture":"#2"},"south":{"uv":[8,8,16,16],"texture":"#2"},"west":{"uv":[0,0,0,4],"texture":"#2"},"up":{"uv":[0,0,4,0],"texture":"#2"},"down":{"uv":[0,0,4,0],"texture":"#2"}}},{"from":[3,-1,7],"to":[5,10,9],"faces":{"north":{"uv":[10.5,7,16,8],"rotation":270,"texture":"#3"},"east":{"uv":[10.5,7,16,8],"rotation":90,"texture":"#3"},"south":{"uv":[10.5,8,16,7],"rotation":270,"texture":"#3"},"west":{"uv":[10.5,5.75,16,6.75],"rotation":90,"texture":"#3"},"up":{"uv":[15,8.25,16,9.25],"rotation":90,"texture":"#3"},"down":{"uv":[15,8.25,16,9.25],"rotation":90,"texture":"#3"}}},{"from":[9,2,7.1],"to":[13,3,8.9],"rotation":{"angle":45,"axis":"z","origin":[16,0,0]},"faces":{"north":{"uv":[14.75,8.25,12.75,8.75],"texture":"#3"},"east":{"uv":[14.75,8.75,13.75,9.25],"texture":"#3"},"south":{"uv":[14.75,8.25,12.75,8.75],"texture":"#3"},"west":{"uv":[14.75,8.75,13.75,9.25],"texture":"#3"},"up":{"uv":[12.5,8.25,10.5,9.25],"texture":"#3"},"down":{"uv":[12.5,8.25,10.5,9.25],"texture":"#3"}}},{"from":[3,2,7.1],"to":[7,3,8.9],"rotation":{"angle":-45,"axis":"z","origin":[0,0,0]},"faces":{"north":{"uv":[12.75,8.25,14.75,8.75],"texture":"#3"},"east":{"uv":[13.75,8.75,14.75,9.25],"texture":"#3"},"south":{"uv":[12.75,8.25,14.75,8.75],"texture":"#3"},"west":{"uv":[13.75,8.75,14.75,9.25],"texture":"#3"},"up":{"uv":[10.5,8.25,12.5,9.25],"texture":"#3"},"down":{"uv":[10.5,8.25,12.5,9.25],"texture":"#3"}}},{"from":[11,-1,7],"to":[13,10,9],"rotation":{"angle":0,"axis":"y","origin":[16,0,0]},"faces":{"north":{"uv":[10.5,8,16,7],"rotation":270,"texture":"#3"},"east":{"uv":[10.5,6.75,16,5.75],"rotation":90,"texture":"#3"},"south":{"uv":[10.5,7,16,8],"rotation":270,"texture":"#3"},"west":{"uv":[10.5,8,16,7],"rotation":90,"texture":"#3"},"up":{"uv":[15,9.25,16,8.25],"rotation":90,"texture":"#3"},"down":{"uv":[15,9.25,16,8.25],"rotation":90,"texture":"#3"}}}],"gui_light":"front","display":{"thirdperson_righthand":{"rotation":[0,83,0],"translation":[0,10,1.75],"scale":[0.7,0.7,0.7]},"thirdperson_lefthand":{"rotation":[0,83,0],"translation":[0,10,1.75],"scale":[0.7,0.7,0.7]},"firstperson_righthand":{"rotation":[-155.25,75,150],"translation":[0.75,4.75,0.5],"scale":[0.44531,0.44531,0.44531]},"firstperson_lefthand":{"rotation":[-155.25,75,150],"translation":[0.75,4.75,0.5],"scale":[0.44531,0.44531,0.44531]},"ground":{"rotation":[79,0,0],"translation":[0,1.5,0],"scale":[0.5,0.5,0.5]},"gui":{"rotation":[0,23,45],"translation":[-0.25,-0.25,-2],"scale":[0.40641,0.40641,0.40641]},"head":{"rotation":[0,0,135.5],"translation":[4.5,17,-0.75],"scale":[0.7,0.7,0.7]},"fixed":{"translation":[0.25,0,-2.75],"scale":[1.26445,1.26445,1.26445]}}}