{"credit":"MadewithBlockbench","texture_size":[64,64],"textures":{"0":"holy_knight:holy_knight_texture","2":"holy_knight:glitter","particle":"holy_knight:holy_knight_texture"},"elements":[{"from":[13.5,-4.25,7.2],"to":[15.5,-2.25,8.8],"rotation":{"angle":-45,"axis":"z","origin":[0,0,0]},"faces":{"north":{"uv":[1.625,4.125,1.125,4.625],"texture":"#0"},"east":{"uv":[1.25,2.625,1.7,3.125],"texture":"#0"},"south":{"uv":[1.125,4.125,1.625,4.625],"texture":"#0"},"west":{"uv":[1.25,2.625,1.7,3.125],"rotation":180,"texture":"#0"},"up":{"uv":[1.25,2.625,1.75,3.075],"rotation":90,"texture":"#0"},"down":{"uv":[1.25,3.075,1.75,2.625],"rotation":90,"texture":"#0"}}},{"from":[7,1.25,7],"to":[10,4.25,9],"rotation":{"angle":-45,"axis":"z","origin":[0,0,0]},"faces":{"north":{"uv":[0.75,3.25,0,4],"texture":"#0"},"east":{"uv":[0,4.125,0.75,4.625],"texture":"#0"},"south":{"uv":[0,3.25,0.75,4],"texture":"#0"},"west":{"uv":[1.125,3.25,1.625,4],"texture":"#0"},"up":{"uv":[1.125,4,1.625,3.25],"rotation":90,"texture":"#0"},"down":{"uv":[0,4.125,0.75,4.625],"texture":"#0"}}},{"from":[7.25,-5.5,8],"to":[11.25,-2.5,8],"faces":{"north":{"uv":[1.5,0,0,0.75],"texture":"#0"},"east":{"uv":[0,0,0,0.75],"texture":"#missing"},"south":{"uv":[0.5,0,1.5,0.75],"texture":"#0"},"west":{"uv":[0,0,0,0.75],"texture":"#missing"},"up":{"uv":[0,0,1.5,0],"texture":"#missing"},"down":{"uv":[0,0,1.5,0],"texture":"#missing"}}},{"from":[4,2,7.7],"to":[12,10,7.7],"faces":{"north":{"uv":[0,8,8,16],"texture":"#2"},"east":{"uv":[0,0,0,4],"texture":"#2"},"south":{"uv":[8,8,0,16],"texture":"#2"},"west":{"uv":[0,0,0,4],"texture":"#2"},"up":{"uv":[0,0,4,0],"texture":"#2"},"down":{"uv":[0,0,4,0],"texture":"#2"}}},{"from":[4,-6,7.7],"to":[12,2,7.7],"faces":{"north":{"uv":[16,8,8,16],"texture":"#2"},"east":{"uv":[0,0,0,4],"texture":"#2"},"south":{"uv":[8,8,16,16],"texture":"#2"},"west":{"uv":[0,0,0,4],"texture":"#2"},"up":{"uv":[0,0,4,0],"texture":"#2"},"down":{"uv":[0,0,4,0],"texture":"#2"}}},{"from":[4.75,-5.5,8],"to":[8.75,-2.5,8],"rotation":{"angle":0,"axis":"y","origin":[16,0,0]},"faces":{"north":{"uv":[0,0,1.5,0.75],"texture":"#0"},"east":{"uv":[0,0,0,0.75],"texture":"#missing"},"south":{"uv":[1.5,0,0.5,0.75],"texture":"#0"},"west":{"uv":[0,0,0,0.75],"texture":"#missing"},"up":{"uv":[1.5,0,0,0],"texture":"#missing"},"down":{"uv":[1.5,0,0,0],"texture":"#missing"}}},{"from":[7,-12.1,7.1],"to":[9,-5.1,8.9],"rotation":{"angle":0,"axis":"y","origin":[0,16,0]},"faces":{"north":{"uv":[0.5,3.125,0,1.375],"texture":"#0"},"east":{"uv":[0.65,3.125,1.1,1.375],"texture":"#0"},"south":{"uv":[0,3.125,0.5,1.375],"texture":"#0"},"west":{"uv":[0.65,3.125,1.1,1.375],"texture":"#0"},"up":{"uv":[0,0.5,0.5,0],"texture":"#missing"},"down":{"uv":[0,0.5,0.5,0],"texture":"#missing"}}},{"from":[6,-3,8],"to":[10,11,8],"faces":{"north":{"uv":[6.375,9,7.375,12.5],"texture":"#0"},"east":{"uv":[0,0,0.25,4.5],"texture":"#0"},"south":{"uv":[7.375,9,6.375,12.5],"texture":"#0"},"west":{"uv":[0,0,0.25,4.5],"texture":"#0"},"up":{"uv":[0,0,1,0.25],"texture":"#0"},"down":{"uv":[0,0,1,0.25],"texture":"#0"}}},{"from":[8,-16,8],"to":[15,-4,8],"rotation":{"angle":0,"axis":"y","origin":[16,0,0]},"faces":{"north":{"uv":[11.375,13,13.125,16],"texture":"#0"},"east":{"uv":[11.375,13,11.375,16],"texture":"#0"},"south":{"uv":[13.125,13,11.375,16],"texture":"#0"},"west":{"uv":[11.375,13,11.375,16],"texture":"#0"},"up":{"uv":[1.75,0,0,0],"texture":"#0"},"down":{"uv":[1.75,0,0,0],"texture":"#0"}}}],"gui_light":"front","display":{"thirdperson_righthand":{"rotation":[2,110,0],"translation":[0,10.5,1.75],"scale":[0.7,0.7,0.7]},"thirdperson_lefthand":{"rotation":[0,-70,0],"translation":[0,3,1.75],"scale":[0.7,0.7,0.7]},"firstperson_righthand":{"rotation":[-155.25,88,150],"translation":[0.5,10,0.5],"scale":[0.64063,0.64063,0.64063]},"firstperson_lefthand":{"rotation":[-155.25,88,150],"translation":[0.5,10,0.5],"scale":[0.64063,0.64063,0.64063]},"ground":{"rotation":[-82,0,0],"translation":[0,1.75,-8.25],"scale":[0.70898,0.70898,0.70898]},"gui":{"rotation":[0,0,45],"translation":[-5.25,4.25,-2],"scale":[0.60563,0.60563,0.60563]},"head":{"rotation":[0,0,135.5],"translation":[-0.75,6,-0.75],"scale":[0.74297,0.76836,0.76836]},"fixed":{"translation":[0.25,16.25,-2.75],"scale":[1.71563,1.71563,1.71563]}}}