{"credit":"MadewithBlockbench","texture_size":[64,64],"textures":{"0":"holy_knight:holy_knight_texture","1":"holy_knight:holy_knight_2","2":"holy_knight:glitter","particle":"holy_knight:holy_knight_texture"},"elements":[{"from":[6,16.3,2.9],"to":[10,21.3,2.9],"rotation":{"angle":0,"axis":"y","origin":[0,-1.2,0]},"faces":{"north":{"uv":[5,11.25,6,12.5],"texture":"#0"},"east":{"uv":[0,0,0,1.25],"texture":"#0"},"south":{"uv":[5,11.25,6,12.5],"texture":"#0"},"west":{"uv":[0,0,0,1.25],"texture":"#0"},"up":{"uv":[0,0,1,0],"texture":"#0"},"down":{"uv":[0,0,1,0],"texture":"#0"}}},{"from":[19.95,-2.6,7.2],"to":[21.95,-0.6,8.8],"rotation":{"angle":-45,"axis":"z","origin":[0,8,0]},"faces":{"north":{"uv":[1.625,4.125,1.125,4.625],"texture":"#0"},"east":{"uv":[1.25,2.625,1.65,3.125],"texture":"#0"},"south":{"uv":[1.125,4.125,1.625,4.625],"texture":"#0"},"west":{"uv":[1.25,2.625,1.65,3.125],"rotation":180,"texture":"#0"},"up":{"uv":[1.25,2.625,1.65,3.125],"rotation":90,"texture":"#0"},"down":{"uv":[1.25,3.125,1.65,2.625],"rotation":90,"texture":"#0"}}},{"from":[0,14.05,6.9],"to":[3,17.05,9.1],"rotation":{"angle":-45,"axis":"z","origin":[0,5.8,0]},"faces":{"north":{"uv":[0.75,3.25,0,4],"texture":"#0"},"east":{"uv":[0,4.125,0.75,4.625],"texture":"#0"},"south":{"uv":[0,3.25,0.75,4],"texture":"#0"},"west":{"uv":[1.125,3.25,1.625,4],"texture":"#0"},"up":{"uv":[1.125,4,1.625,3.25],"rotation":90,"texture":"#0"},"down":{"uv":[0,4.125,0.75,4.625],"texture":"#0"}}},{"from":[7,-13.1,7],"to":[9,-4.1,9],"rotation":{"angle":0,"axis":"y","origin":[0,17,0]},"faces":{"north":{"uv":[0.5,3.125,0,0.875],"texture":"#0"},"east":{"uv":[1.1375,3.125,0.6375,0.875],"texture":"#0"},"south":{"uv":[0.5,3.125,0,0.875],"texture":"#0"},"west":{"uv":[0.6375,3.125,1.1375,0.875],"texture":"#0"},"up":{"uv":[0,0.5,0.5,0],"texture":"#missing"},"down":{"uv":[0,0.5,0.5,0],"texture":"#missing"}}},{"from":[7,-4.1,7],"to":[9,4.9,9],"rotation":{"angle":0,"axis":"y","origin":[0,-1.2,0]},"faces":{"north":{"uv":[0.5,0.875,0,3.125],"texture":"#0"},"east":{"uv":[1.1375,0.875,0.6375,3.125],"texture":"#0"},"south":{"uv":[0.5,0.875,0,3.125],"texture":"#0"},"west":{"uv":[0.6375,0.875,1.1375,3.125],"texture":"#0"},"up":{"uv":[0,0,0.5,0.5],"texture":"#missing"},"down":{"uv":[0,0,0.5,0.5],"texture":"#missing"}}},{"from":[2,13.8,3],"to":[14,23.8,13],"rotation":{"angle":0,"axis":"y","origin":[0,-1.2,0]},"faces":{"north":{"uv":[3.75,0,6.75,2.5],"texture":"#0"},"east":{"uv":[3.75,2.875,6.25,5.375],"texture":"#0"},"south":{"uv":[6.75,0,3.75,2.5],"texture":"#0"},"west":{"uv":[3.75,2.875,6.25,5.375],"texture":"#0"},"up":{"uv":[6.875,0,9.875,2.5],"texture":"#0"},"down":{"uv":[6.875,0,9.875,2.5],"texture":"#0"}}},{"from":[6,16.3,13],"to":[10,21.3,13],"rotation":{"angle":0,"axis":"y","origin":[0,-1.2,0]},"faces":{"north":{"uv":[5,11.25,6,12.5],"texture":"#0"},"east":{"uv":[0,0,0,1.25],"texture":"#0"},"south":{"uv":[5,11.25,6,12.5],"texture":"#0"},"west":{"uv":[0,0,0,1.25],"texture":"#0"},"up":{"uv":[0,0,1,0],"texture":"#0"},"down":{"uv":[0,0,1,0],"texture":"#0"}}},{"from":[7,4.7,7],"to":[9,13.7,9],"rotation":{"angle":0,"axis":"y","origin":[0,14.8,0]},"faces":{"north":{"uv":[0.5,3.125,0,0.875],"texture":"#0"},"east":{"uv":[1.1375,3.125,0.6375,0.875],"texture":"#0"},"south":{"uv":[0.5,3.125,0,0.875],"texture":"#0"},"west":{"uv":[0.6375,3.125,1.1375,0.875],"texture":"#0"},"up":{"uv":[0,0.5,0.5,0],"texture":"#missing"},"down":{"uv":[0,0.5,0.5,0],"texture":"#missing"}}},{"from":[9,22.8,7.85],"to":[20,25.8,7.85],"rotation":{"angle":0,"axis":"y","origin":[16,14.8,0]},"faces":{"north":{"uv":[4.75,12.5,4,9.75],"rotation":90,"texture":"#0"},"east":{"uv":[0,0,0,0.75],"rotation":180,"texture":"#0"},"south":{"uv":[4.75,9.75,4,12.5],"rotation":90,"texture":"#0"},"west":{"uv":[0,0,0,0.75],"rotation":180,"texture":"#0"},"up":{"uv":[0,2.75,0,0],"rotation":270,"texture":"#0"},"down":{"uv":[0,2.75,0,0],"rotation":90,"texture":"#0"}}},{"from":[-4,22.8,7.85],"to":[7,25.8,7.85],"rotation":{"angle":0,"axis":"y","origin":[0,14.8,0]},"faces":{"north":{"uv":[4.75,9.75,4,12.5],"rotation":90,"texture":"#0"},"east":{"uv":[0,0,0,0.75],"rotation":180,"texture":"#0"},"south":{"uv":[4.75,12.5,4,9.75],"rotation":90,"texture":"#0"},"west":{"uv":[0,0,0,0.75],"rotation":180,"texture":"#0"},"up":{"uv":[0,0,0,2.75],"rotation":270,"texture":"#0"},"down":{"uv":[0,0,0,2.75],"rotation":90,"texture":"#0"}}},{"from":[9,11.8,7.85],"to":[20,14.8,7.85],"rotation":{"angle":0,"axis":"y","origin":[16,-1.2,0]},"faces":{"north":{"uv":[4,12.5,4.75,9.75],"rotation":90,"texture":"#0"},"east":{"uv":[0,0.75,0,0],"rotation":180,"texture":"#0"},"south":{"uv":[4,9.75,4.75,12.5],"rotation":90,"texture":"#0"},"west":{"uv":[0,0.75,0,0],"rotation":180,"texture":"#0"},"up":{"uv":[0,2.75,0,0],"rotation":90,"texture":"#0"},"down":{"uv":[0,2.75,0,0],"rotation":270,"texture":"#0"}}},{"from":[-4,11.8,7.85],"to":[7,14.8,7.85],"rotation":{"angle":0,"axis":"y","origin":[0,-1.2,0]},"faces":{"north":{"uv":[4,9.75,4.75,12.5],"rotation":90,"texture":"#0"},"east":{"uv":[0,0.75,0,0],"rotation":180,"texture":"#0"},"south":{"uv":[4,12.5,4.75,9.75],"rotation":90,"texture":"#0"},"west":{"uv":[0,0.75,0,0],"rotation":180,"texture":"#0"},"up":{"uv":[0,0,0,2.75],"rotation":90,"texture":"#0"},"down":{"uv":[0,0,0,2.75],"rotation":270,"texture":"#0"}}},{"from":[14,14.8,4],"to":[18,22.8,12],"rotation":{"angle":0,"axis":"y","origin":[16,-1.2,0]},"faces":{"north":{"uv":[3.75,5.5,4.75,7.5],"texture":"#0"},"east":{"uv":[7.875,5.5,5.875,7.5],"texture":"#0"},"south":{"uv":[4.75,5.5,3.75,7.5],"texture":"#0"},"west":{"uv":[3.75,5.5,5.75,7.5],"texture":"#0"},"up":{"uv":[4.5,3.25,5.5,5.25],"texture":"#0"},"down":{"uv":[4.5,3.25,5.5,5.25],"texture":"#0"}}},{"from":[-2,14.8,4],"to":[2,22.8,12],"rotation":{"angle":0,"axis":"y","origin":[0,-1.2,0]},"faces":{"north":{"uv":[4.75,5.5,3.75,7.5],"texture":"#0"},"east":{"uv":[5.75,5.5,3.75,7.5],"texture":"#0"},"south":{"uv":[3.75,5.5,4.75,7.5],"texture":"#0"},"west":{"uv":[5.875,5.5,7.875,7.5],"texture":"#0"},"up":{"uv":[4.5,3.25,5.5,5.25],"texture":"#0"},"down":{"uv":[4.5,3.25,5.5,5.25],"texture":"#0"}}},{"from":[-0.1,16,6],"to":[15.9,32,6],"rotation":{"angle":0,"axis":"y","origin":[0,1,0]},"faces":{"north":{"uv":[8.375,0,4.375,4],"texture":"#1"},"east":{"uv":[0,0,0,4],"texture":"#1"},"south":{"uv":[4.375,0,8.375,4],"texture":"#1"},"west":{"uv":[0,0,0,4],"texture":"#1"},"up":{"uv":[0,0,4,0],"texture":"#1"},"down":{"uv":[0,0,4,0],"texture":"#1"}}},{"from":[-0.1,16,10],"to":[15.9,32,10],"rotation":{"angle":0,"axis":"y","origin":[0,1,0]},"faces":{"north":{"uv":[8.375,0,4.375,4],"texture":"#1"},"east":{"uv":[0,0,0,4],"texture":"#1"},"south":{"uv":[4.375,0,8.375,4],"texture":"#1"},"west":{"uv":[0,0,0,4],"texture":"#1"},"up":{"uv":[0,0,4,0],"texture":"#1"},"down":{"uv":[0,0,4,0],"texture":"#1"}}},{"from":[8.6,0.4,8],"to":[15.6,12.4,8],"rotation":{"angle":0,"axis":"y","origin":[16,8,0]},"faces":{"north":{"uv":[11.375,13,13.125,16],"texture":"#0"},"east":{"uv":[11.375,13,11.375,16],"texture":"#0"},"south":{"uv":[13.125,13,11.375,16],"texture":"#0"},"west":{"uv":[11.375,13,11.375,16],"texture":"#0"},"up":{"uv":[1.75,0,0,0],"texture":"#0"},"down":{"uv":[1.75,0,0,0],"texture":"#0"}}},{"from":[0.4,0.4,8],"to":[7.4,12.4,8],"rotation":{"angle":0,"axis":"y","origin":[0,8,0]},"faces":{"north":{"uv":[13.125,13,11.375,16],"texture":"#0"},"east":{"uv":[11.375,13,11.375,16],"texture":"#0"},"south":{"uv":[11.375,13,13.125,16],"texture":"#0"},"west":{"uv":[11.375,13,11.375,16],"texture":"#0"},"up":{"uv":[0,0,1.75,0],"texture":"#0"},"down":{"uv":[0,0,1.75,0],"texture":"#0"}}},{"from":[-2,23,7.7],"to":[6,31,7.7],"rotation":{"angle":0,"axis":"y","origin":[0,1,0]},"faces":{"north":{"uv":[16,0,8,8],"texture":"#2"},"east":{"uv":[0,0,0,4],"texture":"#2"},"south":{"uv":[8,0,16,8],"texture":"#2"},"west":{"uv":[0,0,0,4],"texture":"#2"},"up":{"uv":[0,0,4,0],"texture":"#2"},"down":{"uv":[0,0,4,0],"texture":"#2"}}},{"from":[10,23,7.7],"to":[18,31,7.7],"rotation":{"angle":0,"axis":"y","origin":[0,1,0]},"faces":{"north":{"uv":[0,0,8,8],"texture":"#2"},"east":{"uv":[0,0,0,4],"texture":"#2"},"south":{"uv":[8,0,0,8],"texture":"#2"},"west":{"uv":[0,0,0,4],"texture":"#2"},"up":{"uv":[0,0,4,0],"texture":"#2"},"down":{"uv":[0,0,4,0],"texture":"#2"}}},{"from":[10,6,7.7],"to":[18,14,7.7],"rotation":{"angle":0,"axis":"y","origin":[0,1,0]},"faces":{"north":{"uv":[0,8,8,16],"texture":"#2"},"east":{"uv":[0,0,0,4],"texture":"#2"},"south":{"uv":[8,8,0,16],"texture":"#2"},"west":{"uv":[0,0,0,4],"texture":"#2"},"up":{"uv":[0,0,4,0],"texture":"#2"},"down":{"uv":[0,0,4,0],"texture":"#2"}}},{"from":[-2,6,7.7],"to":[6,14,7.7],"rotation":{"angle":0,"axis":"y","origin":[0,1,0]},"faces":{"north":{"uv":[16,8,8,16],"texture":"#2"},"east":{"uv":[0,0,0,4],"texture":"#2"},"south":{"uv":[8,8,16,16],"texture":"#2"},"west":{"uv":[0,0,0,4],"texture":"#2"},"up":{"uv":[0,0,4,0],"texture":"#2"},"down":{"uv":[0,0,4,0],"texture":"#2"}}}],"gui_light":"front","display":{"thirdperson_righthand":{"rotation":[0,95,0],"translation":[0,6.25,1.5],"scale":[0.68,0.68,0.68]},"thirdperson_lefthand":{"rotation":[0,95,0],"translation":[0,6.25,1.5],"scale":[0.68,0.68,0.68]},"firstperson_righthand":{"rotation":[88,-77,90],"translation":[4.25,2.5,-3],"scale":[0.57031,0.57031,0.57031]},"firstperson_lefthand":{"rotation":[88,-77,90],"translation":[4.25,2.5,-3],"scale":[0.57031,0.57031,0.57031]},"ground":{"rotation":[79,0,0],"translation":[0,1.5,0],"scale":[0.5,0.5,0.5]},"gui":{"rotation":[0,0,45],"translation":[0.5,-0.75,-2],"scale":[0.38086,0.38086,0.38086]},"head":{"rotation":[0,0,135.5],"translation":[4.5,17.25,-0.75],"scale":[0.7,0.7,0.7]},"fixed":{"translation":[0.25,4,-2.75],"scale":[1.26445,1.26445,1.26445]}}}