{"credit":"MadewithBlockbench","texture_size":[64,64],"textures":{"0":"holy_knight:holy_knight_texture","2":"holy_knight:glitter","particle":"holy_knight:holy_knight_texture"},"elements":[{"from":[5.65775,19.7,-1.71283],"to":[5.65775,26.7,5.28717],"rotation":{"angle":45,"axis":"y","origin":[8,9.12394,7.18756]},"faces":{"north":{"uv":[4.875,9.375,4.875,11.125],"texture":"#0"},"east":{"uv":[6.375,9.375,4.875,11.125],"texture":"#0"},"south":{"uv":[4.875,9.375,4.875,11.125],"texture":"#0"},"west":{"uv":[4.875,9.375,6.375,11.125],"texture":"#0"},"up":{"uv":[4.875,10.875,4.875,9.375],"rotation":180,"texture":"#0"},"down":{"uv":[4.875,11.125,4.875,9.375],"rotation":180,"texture":"#0"}}},{"from":[10.34225,19.7,-1.71283],"to":[10.34225,26.7,5.28717],"rotation":{"angle":-45,"axis":"y","origin":[8,9.12394,7.18756]},"faces":{"north":{"uv":[4.875,9.375,4.875,11.125],"texture":"#0"},"east":{"uv":[6.375,9.375,4.875,11.125],"texture":"#0"},"south":{"uv":[4.875,9.375,4.875,11.125],"texture":"#0"},"west":{"uv":[4.875,9.375,6.375,11.125],"texture":"#0"},"up":{"uv":[4.875,10.875,4.875,9.375],"rotation":180,"texture":"#0"},"down":{"uv":[4.875,11.125,4.875,9.375],"rotation":180,"texture":"#0"}}},{"from":[-2,22,8.3],"to":[6,30,8.3],"rotation":{"angle":0,"axis":"y","origin":[8,9.12394,7.18756]},"faces":{"north":{"uv":[16,0,8,8],"texture":"#2"},"east":{"uv":[0,0,0,4],"texture":"#2"},"south":{"uv":[8,0,16,8],"texture":"#2"},"west":{"uv":[0,0,0,4],"texture":"#2"},"up":{"uv":[0,0,4,0],"texture":"#2"},"down":{"uv":[0,0,4,0],"texture":"#2"}}},{"from":[10,22,8.3],"to":[18,30,8.3],"rotation":{"angle":0,"axis":"y","origin":[8,9.12394,7.18756]},"faces":{"north":{"uv":[0,0,8,8],"texture":"#2"},"east":{"uv":[0,0,0,4],"texture":"#2"},"south":{"uv":[8,0,0,8],"texture":"#2"},"west":{"uv":[0,0,0,4],"texture":"#2"},"up":{"uv":[0,0,4,0],"texture":"#2"},"down":{"uv":[0,0,4,0],"texture":"#2"}}},{"from":[10,11,8.3],"to":[18,19,8.3],"rotation":{"angle":0,"axis":"y","origin":[8,9.12394,7.18756]},"faces":{"north":{"uv":[0,8,8,16],"texture":"#2"},"east":{"uv":[0,0,0,4],"texture":"#2"},"south":{"uv":[8,8,0,16],"texture":"#2"},"west":{"uv":[0,0,0,4],"texture":"#2"},"up":{"uv":[0,0,4,0],"texture":"#2"},"down":{"uv":[0,0,4,0],"texture":"#2"}}},{"from":[-2,11,8.3],"to":[6,19,8.3],"rotation":{"angle":0,"axis":"y","origin":[8,9.12394,7.18756]},"faces":{"north":{"uv":[16,8,8,16],"texture":"#2"},"east":{"uv":[0,0,0,4],"texture":"#2"},"south":{"uv":[8,8,16,16],"texture":"#2"},"west":{"uv":[0,0,0,4],"texture":"#2"},"up":{"uv":[0,0,4,0],"texture":"#2"},"down":{"uv":[0,0,4,0],"texture":"#2"}}},{"from":[8.6,4.4,8],"to":[15.6,16.4,8],"rotation":{"angle":0,"axis":"y","origin":[8,9.12394,7.18756]},"faces":{"north":{"uv":[11.375,13,13.125,16],"texture":"#0"},"east":{"uv":[11.375,13,11.375,16],"texture":"#0"},"south":{"uv":[13.125,13,11.375,16],"texture":"#0"},"west":{"uv":[11.375,13,11.375,16],"texture":"#0"},"up":{"uv":[1.75,0,0,0],"texture":"#0"},"down":{"uv":[1.75,0,0,0],"texture":"#0"}}},{"from":[0.4,4.4,8],"to":[7.4,16.4,8],"rotation":{"angle":0,"axis":"y","origin":[8,9.12394,7.18756]},"faces":{"north":{"uv":[13.125,13,11.375,16],"texture":"#0"},"east":{"uv":[11.375,13,11.375,16],"texture":"#0"},"south":{"uv":[11.375,13,13.125,16],"texture":"#0"},"west":{"uv":[11.375,13,11.375,16],"texture":"#0"},"up":{"uv":[0,0,1.75,0],"texture":"#0"},"down":{"uv":[0,0,1.75,0],"texture":"#0"}}},{"from":[20.25947,-5.09923,7.2],"to":[22.25947,-3.09923,8.8],"rotation":{"angle":-45,"axis":"z","origin":[8,9.12394,7.18756]},"faces":{"north":{"uv":[1.625,4.125,1.125,4.625],"texture":"#0"},"east":{"uv":[1.65,2.625,1.25,3.125],"texture":"#0"},"south":{"uv":[1.125,4.125,1.625,4.625],"texture":"#0"},"west":{"uv":[1.65,2.625,1.25,3.125],"rotation":180,"texture":"#0"},"up":{"uv":[1.65,2.625,1.25,3.125],"rotation":90,"texture":"#0"},"down":{"uv":[1.65,3.125,1.25,2.625],"rotation":90,"texture":"#0"}}},{"from":[7,-9.1,7],"to":[9,-0.1,9],"rotation":{"angle":0,"axis":"y","origin":[8,9.12394,7.18756]},"faces":{"north":{"uv":[0,3.125,0.5,0.875],"texture":"#0"},"east":{"uv":[0.6375,3.125,1.1375,0.875],"texture":"#0"},"south":{"uv":[0,3.125,0.5,0.875],"texture":"#0"},"west":{"uv":[1.1375,3.125,0.6375,0.875],"texture":"#0"},"up":{"uv":[0,0,0.5,0.5],"texture":"#0"},"down":{"uv":[0,0,0.5,0.5],"texture":"#0"}}},{"from":[7,-0.1,7],"to":[9,8.9,9],"rotation":{"angle":0,"axis":"y","origin":[8,9.12394,7.18756]},"faces":{"north":{"uv":[0,0.875,0.5,3.125],"texture":"#0"},"east":{"uv":[0.6375,0.875,1.1375,3.125],"texture":"#0"},"south":{"uv":[0,0.875,0.5,3.125],"texture":"#0"},"west":{"uv":[1.1375,0.875,0.6375,3.125],"texture":"#0"},"up":{"uv":[0,0.5,0.5,0],"texture":"#0"},"down":{"uv":[0,0.5,0.5,0],"texture":"#0"}}},{"from":[7,8.7,7],"to":[9,17.7,9],"rotation":{"angle":0,"axis":"y","origin":[8,9.12394,7.18756]},"faces":{"north":{"uv":[0,3.125,0.5,0.875],"texture":"#0"},"east":{"uv":[0.6375,3.125,1.1375,0.875],"texture":"#0"},"south":{"uv":[0,3.125,0.5,0.875],"texture":"#0"},"west":{"uv":[1.1375,3.125,0.6375,0.875],"texture":"#0"},"up":{"uv":[0,0,0.5,0.5],"texture":"#0"},"down":{"uv":[0,0,0.5,0.5],"texture":"#0"}}},{"from":[5,17.7,7.5],"to":[11,25.7,8.5],"rotation":{"angle":0,"axis":"y","origin":[8,9.12394,7.18756]},"faces":{"north":{"uv":[2.5,13.25,1,11.25],"texture":"#0"},"east":{"uv":[0.625,13.25,0.875,11.25],"texture":"#0"},"south":{"uv":[1,13.25,2.5,11.25],"texture":"#0"},"west":{"uv":[0.625,13.25,0.875,11.25],"texture":"#0"},"up":{"uv":[2.5,10.875,1,11.125],"texture":"#0"},"down":{"uv":[2.5,11,1,11.25],"texture":"#0"}}},{"from":[5.5,25.7,8],"to":[10.5,30,8],"rotation":{"angle":0,"axis":"y","origin":[8,9.12394,7.18756]},"faces":{"north":{"uv":[15.375,11.625,14.125,12.7],"texture":"#0"},"south":{"uv":[14.125,11.625,15.375,12.7],"texture":"#0"}}},{"from":[-0.1349,14.19513,6.9],"to":[2.8651,17.19513,9.1],"rotation":{"angle":-45,"axis":"z","origin":[8,9.12394,7.18756]},"faces":{"north":{"uv":[0.75,3.25,0,4],"texture":"#0"},"east":{"uv":[0.75,4.125,0,4.625],"texture":"#0"},"south":{"uv":[0,3.25,0.75,4],"texture":"#0"},"west":{"uv":[1.625,3.25,1.125,4],"texture":"#0"},"up":{"uv":[1.625,4,1.125,3.25],"rotation":90,"texture":"#0"},"down":{"uv":[0,4.625,0.75,4.125],"texture":"#0"}}},{"from":[6,15.5,6.65],"to":[10,20.5,6.65],"rotation":{"angle":0,"axis":"y","origin":[8,9.12394,7.18756]},"faces":{"north":{"uv":[6,11.25,5,12.5],"texture":"#0"},"east":{"uv":[0,0,0,1.25],"texture":"#0"},"south":{"uv":[6,11.25,5,12.5],"texture":"#0"},"west":{"uv":[0,0,0,1.25],"texture":"#0"},"up":{"uv":[0,0,1,0],"texture":"#0"},"down":{"uv":[0,0,1,0],"texture":"#0"}}},{"from":[6,15.5,9.35],"to":[10,20.5,9.35],"rotation":{"angle":0,"axis":"y","origin":[8,9.12394,7.18756]},"faces":{"north":{"uv":[5,11.25,6,12.5],"texture":"#0"},"east":{"uv":[0,0,0,1.25],"texture":"#0"},"south":{"uv":[5,11.25,6,12.5],"texture":"#0"},"west":{"uv":[0,0,0,1.25],"texture":"#0"},"up":{"uv":[0,0,1,0],"texture":"#0"},"down":{"uv":[0,0,1,0],"texture":"#0"}}}],"gui_light":"front","display":{"thirdperson_righthand":{"rotation":[0,134,0],"translation":[0,3,1],"scale":[0.65,0.65,0.65]},"thirdperson_lefthand":{"rotation":[0,134,0],"translation":[0,3,1],"scale":[0.65,0.65,0.65]},"firstperson_righthand":{"rotation":[-98.75,82.42,84.62],"translation":[3.75,1.5,-0.75],"scale":[0.50586,0.50586,0.50586]},"firstperson_lefthand":{"rotation":[-98.75,82.42,84.62],"translation":[3.75,1.5,-0.75],"scale":[0.50586,0.50586,0.50586]},"ground":{"rotation":[-82,0,0],"translation":[0,0.75,0],"scale":[0.46875,0.46875,0.46875]},"gui":{"rotation":[0,0,46],"translation":[0.75,-1,-2],"scale":[0.40703,0.40703,0.40703]},"head":{"rotation":[0,0,135.5],"translation":[2.25,16,-0.75],"scale":[0.53789,0.53789,0.53789]},"fixed":{"translation":[-0.25,-1,-2],"scale":[0.94023,0.94023,0.94023]}}}