{"credit":"MadewithBlockbench","texture_size":[64,64],"textures":{"0":"holy_knight:holy_knight_texture","2":"holy_knight:holy_core_2","particle":"holy_knight:holy_knight_texture"},"elements":[{"from":[8.6,5.4,8.1],"to":[15.6,17.4,8.1],"rotation":{"angle":0,"axis":"y","origin":[16,12,0]},"faces":{"north":{"uv":[11.375,13,13.125,16],"texture":"#0"},"east":{"uv":[11.375,13,11.375,16],"texture":"#0"},"south":{"uv":[13.125,13,11.375,16],"texture":"#0"},"west":{"uv":[11.375,13,11.375,16],"texture":"#0"},"up":{"uv":[1.75,0,0,0],"texture":"#0"},"down":{"uv":[1.75,0,0,0],"texture":"#0"}}},{"from":[0.4,5.4,8.1],"to":[7.4,17.4,8.1],"rotation":{"angle":0,"axis":"y","origin":[0,12,0]},"faces":{"north":{"uv":[13.125,13,11.375,16],"texture":"#0"},"east":{"uv":[11.375,13,11.375,16],"texture":"#0"},"south":{"uv":[11.375,13,13.125,16],"texture":"#0"},"west":{"uv":[11.375,13,11.375,16],"texture":"#0"},"up":{"uv":[0,0,1.75,0],"texture":"#0"},"down":{"uv":[0,0,1.75,0],"texture":"#0"}}},{"from":[0,13,6],"to":[16,29,6],"faces":{"north":{"uv":[0,0,16,16],"texture":"#2"},"east":{"uv":[0,0,16,16],"texture":"#2"},"south":{"uv":[0,0,16,16],"texture":"#2"},"west":{"uv":[0,0,16,16],"texture":"#2"},"up":{"uv":[0,0,16,16],"rotation":90,"texture":"#2"},"down":{"uv":[0,0,16,16],"rotation":270,"texture":"#2"}}},{"from":[0,13,10],"to":[16,29,10],"rotation":{"angle":0,"axis":"y","origin":[0,0,16]},"faces":{"north":{"uv":[16,0,0,16],"texture":"#2"},"east":{"uv":[16,0,0,16],"texture":"#2"},"south":{"uv":[16,0,0,16],"texture":"#2"},"west":{"uv":[16,0,0,16],"texture":"#2"},"up":{"uv":[16,0,0,16],"rotation":90,"texture":"#2"},"down":{"uv":[16,0,0,16],"rotation":270,"texture":"#2"}}},{"from":[8,21,7.9],"to":[17,32,7.9],"rotation":{"angle":0,"axis":"y","origin":[16,16,0]},"faces":{"north":{"uv":[13.5,10.5,16,7.75],"texture":"#0"},"east":{"uv":[2.75,5.75,2.75,3],"texture":"#0"},"south":{"uv":[16,10.5,13.5,7.75],"texture":"#0"},"west":{"uv":[2.75,5.75,2.75,3],"texture":"#0"},"up":{"uv":[2.75,0,0,0],"texture":"#0"},"down":{"uv":[2.75,0,0,0],"texture":"#0"}}},{"from":[-1,21,7.9],"to":[8,32,7.9],"rotation":{"angle":0,"axis":"y","origin":[0,16,0]},"faces":{"north":{"uv":[16,10.5,13.5,7.75],"texture":"#0"},"east":{"uv":[2.75,5.75,2.75,3],"texture":"#0"},"south":{"uv":[13.5,10.5,16,7.75],"texture":"#0"},"west":{"uv":[2.75,5.75,2.75,3],"texture":"#0"},"up":{"uv":[0,0,2.75,0],"texture":"#0"},"down":{"uv":[0,0,2.75,0],"texture":"#0"}}},{"from":[-1,10,7.9],"to":[8,21,7.9],"faces":{"north":{"uv":[16,7.75,13.5,10.5],"texture":"#0"},"east":{"uv":[2.75,3,2.75,5.75],"texture":"#0"},"south":{"uv":[13.5,7.75,16,10.5],"texture":"#0"},"west":{"uv":[2.75,3,2.75,5.75],"texture":"#0"},"up":{"uv":[0,0,2.75,0],"texture":"#0"},"down":{"uv":[0,0,2.75,0],"texture":"#0"}}},{"from":[8,10,7.9],"to":[17,21,7.9],"rotation":{"angle":0,"axis":"y","origin":[16,0,0]},"faces":{"north":{"uv":[13.5,7.75,16,10.5],"texture":"#0"},"east":{"uv":[2.75,3,2.75,5.75],"texture":"#0"},"south":{"uv":[16,7.75,13.5,10.5],"texture":"#0"},"west":{"uv":[2.75,3,2.75,5.75],"texture":"#0"},"up":{"uv":[2.75,0,0,0],"texture":"#0"},"down":{"uv":[2.75,0,0,0],"texture":"#0"}}},{"from":[7,-9.1,7],"to":[9,-0.1,9],"rotation":{"angle":0,"axis":"y","origin":[0,21,0]},"faces":{"north":{"uv":[0.5,3.125,0,0.875],"texture":"#0"},"east":{"uv":[1.1375,3.125,0.6375,0.875],"texture":"#0"},"south":{"uv":[0.5,3.125,0,0.875],"texture":"#0"},"west":{"uv":[0.6375,3.125,1.1375,0.875],"texture":"#0"},"up":{"uv":[0,0.5,0.5,0],"texture":"#0"},"down":{"uv":[0,0.5,0.5,0],"texture":"#0"}}},{"from":[7,-0.1,7],"to":[9,8.9,9],"rotation":{"angle":0,"axis":"y","origin":[0,2.8,0]},"faces":{"north":{"uv":[0.5,0.875,0,3.125],"texture":"#0"},"east":{"uv":[1.1375,0.875,0.6375,3.125],"texture":"#0"},"south":{"uv":[0.5,0.875,0,3.125],"texture":"#0"},"west":{"uv":[0.6375,0.875,1.1375,3.125],"texture":"#0"},"up":{"uv":[0,0,0.5,0.5],"texture":"#0"},"down":{"uv":[0,0,0.5,0.5],"texture":"#0"}}},{"from":[7,8.7,7],"to":[9,17.7,9],"rotation":{"angle":0,"axis":"y","origin":[0,18.8,0]},"faces":{"north":{"uv":[0.5,3.125,0,0.875],"texture":"#0"},"east":{"uv":[1.1375,3.125,0.6375,0.875],"texture":"#0"},"south":{"uv":[0.5,3.125,0,0.875],"texture":"#0"},"west":{"uv":[0.6375,3.125,1.1375,0.875],"texture":"#0"},"up":{"uv":[0,2.875,0.5,2.375],"texture":"#0"},"down":{"uv":[0,2.875,0.5,2.375],"texture":"#0"}}},{"from":[0,18.05,6.9],"to":[3,21.05,9.1],"rotation":{"angle":-45,"axis":"z","origin":[0,9.8,0]},"faces":{"north":{"uv":[0.75,3.25,0,4],"texture":"#0"},"east":{"uv":[0,4.125,0.75,4.625],"texture":"#0"},"south":{"uv":[0,3.25,0.75,4],"texture":"#0"},"west":{"uv":[1.125,3.25,1.625,4],"texture":"#0"},"up":{"uv":[1.125,4,1.625,3.25],"rotation":90,"texture":"#0"},"down":{"uv":[0,4.125,0.75,4.625],"texture":"#0"}}},{"from":[8,17.7,5.5],"to":[8,25.7,10.5],"rotation":{"angle":0,"axis":"y","origin":[16,-3,16]},"faces":{"north":{"uv":[12.5,4.5,12.5,6],"texture":"#0"},"east":{"uv":[12.25,4.25,13.5,6.25],"texture":"#0"},"south":{"uv":[12.5,4.5,12.5,6],"texture":"#0"},"west":{"uv":[12.25,4.25,13.5,6.25],"texture":"#0"},"up":{"uv":[0.75,0,0,0],"rotation":270,"texture":"#0"},"down":{"uv":[0.75,0,0,0],"rotation":90,"texture":"#0"}}},{"from":[5.5,17.7,8],"to":[10.5,25.7,8],"rotation":{"angle":0,"axis":"y","origin":[16,-3,16]},"faces":{"north":{"uv":[12.25,4.25,13.5,6.25],"texture":"#0"},"east":{"uv":[12.5,4.5,12.5,6],"texture":"#0"},"south":{"uv":[12.25,4.25,13.5,6.25],"texture":"#0"},"west":{"uv":[12.5,4.5,12.5,6],"texture":"#0"},"up":{"uv":[0.75,0,0,0],"texture":"#0"},"down":{"uv":[0.75,0,0,0],"texture":"#0"}}},{"from":[9,17,8],"to":[16,24,8],"rotation":{"angle":0,"axis":"y","origin":[32,0,0]},"faces":{"north":{"uv":[4.875,9.375,6.375,11.125],"texture":"#0"},"east":{"uv":[4.875,9.375,4.875,11.125],"texture":"#0"},"south":{"uv":[6.375,9.375,4.875,11.125],"texture":"#0"},"west":{"uv":[4.875,9.375,4.875,11.125],"texture":"#0"},"up":{"uv":[4.875,9.375,4.875,10.875],"rotation":90,"texture":"#0"},"down":{"uv":[4.875,9.375,4.875,10.875],"rotation":270,"texture":"#0"}}},{"from":[0,17,8],"to":[7,24,8],"rotation":{"angle":0,"axis":"y","origin":[16,0,16]},"faces":{"north":{"uv":[6.375,9.375,4.875,11.125],"texture":"#0"},"east":{"uv":[4.875,9.375,4.875,11.125],"texture":"#0"},"south":{"uv":[4.875,9.375,6.375,11.125],"texture":"#0"},"west":{"uv":[4.875,9.375,4.875,11.125],"texture":"#0"},"up":{"uv":[4.875,10.875,4.875,9.375],"rotation":90,"texture":"#0"},"down":{"uv":[4.875,10.875,4.875,9.375],"rotation":270,"texture":"#0"}}},{"from":[4,-15.8,8],"to":[12,-8.8,8],"rotation":{"angle":0,"axis":"y","origin":[8,-12.3,8]},"faces":{"north":{"uv":[1.75,6.5,0,8.5],"rotation":90,"texture":"#0"},"east":{"uv":[0,1.25,0,0],"texture":"#0"},"south":{"uv":[1.75,6.5,0,8.5],"rotation":90,"texture":"#0"},"west":{"uv":[0,1.25,0,0],"texture":"#0"},"up":{"uv":[2.25,6.875,4.25,6.875],"texture":"#0"},"down":{"uv":[2.25,6.875,4.25,6.875],"texture":"#0"}}},{"from":[8,-15.8,4],"to":[8,-8.8,12],"rotation":{"angle":0,"axis":"y","origin":[8,-12.3,8]},"faces":{"north":{"uv":[0,1.25,0,0],"texture":"#0"},"east":{"uv":[1.75,6.5,0,8.5],"rotation":90,"texture":"#0"},"south":{"uv":[0,1.25,0,0],"texture":"#0"},"west":{"uv":[1.75,6.5,0,8.5],"rotation":90,"texture":"#0"},"up":{"uv":[4.25,6.875,2.25,6.875],"rotation":270,"texture":"#0"},"down":{"uv":[4.25,6.875,2.25,6.875],"rotation":90,"texture":"#0"}}}],"gui_light":"front","display":{"thirdperson_righthand":{"rotation":[114,-79,86],"translation":[-0.75,2.5,3.5],"scale":[0.68,0.68,0.68]},"thirdperson_lefthand":{"rotation":[114,-79,86],"translation":[-0.75,2.5,3.5],"scale":[0.68,0.68,0.68]},"firstperson_righthand":{"rotation":[88,-77,90],"translation":[5.25,1,-3],"scale":[0.63672,0.63672,0.63672]},"firstperson_lefthand":{"rotation":[88,-77,90],"translation":[5.25,1,-3],"scale":[0.63672,0.63672,0.63672]},"ground":{"rotation":[79,0,0],"translation":[0,1.5,0],"scale":[0.5,0.5,0.5]},"gui":{"rotation":[0,0,45],"translation":[0.25,-0.25,-2],"scale":[0.38086,0.38086,0.38086]},"head":{"rotation":[0,0,135.5],"translation":[4.5,19.25,-0.75],"scale":[0.7,0.7,0.7]},"fixed":{"translation":[0.25,-1.5,-2.75],"scale":[1.26445,1.26445,1.26445]}}}