{"textures":{"0":"modelengine:entity/nocsy_cat1"},"elements":[{"from":[4.6357784,7.1110353,7.888546],"to":[8.06435,10.539607,7.9314027],"rotation":{"angle":22.5,"axis":"z","origin":[5.997525,9.077858,7.9717064]},"faces":{"east":{"uv":[4.625,6.375,4.75,7.125],"rotation":0,"texture":"#0","tintindex":0},"south":{"uv":[3.0,0.0,3.75,0.75],"rotation":0,"texture":"#0","tintindex":0},"north":{"uv":[0.875,2.75,1.625,3.5],"rotation":0,"texture":"#0","tintindex":0},"west":{"uv":[6.375,4.75,6.5,5.5],"rotation":0,"texture":"#0","tintindex":0},"up":{"uv":[7.0,2.125,6.25,2.0],"rotation":0,"texture":"#0","tintindex":0},"down":{"uv":[7.125,5.625,6.375,5.75],"rotation":0,"texture":"#0","tintindex":0}}},{"from":[7.9676204,7.1110353,7.888546],"to":[11.396192,10.539607,7.9314027],"rotation":{"angle":-22.5,"axis":"z","origin":[10.034445,9.077858,7.9717064]},"faces":{"east":{"uv":[0.0,6.5,0.125,7.25],"rotation":0,"texture":"#0","tintindex":0},"south":{"uv":[3.0,1.75,3.75,2.5],"rotation":0,"texture":"#0","tintindex":0},"north":{"uv":[3.0,0.875,3.75,1.625],"rotation":0,"texture":"#0","tintindex":0},"west":{"uv":[0.25,6.5,0.375,7.25],"rotation":0,"texture":"#0","tintindex":0},"up":{"uv":[7.125,6.0,6.375,5.875],"rotation":0,"texture":"#0","tintindex":0},"down":{"uv":[1.75,6.5,1.0,6.625],"rotation":0,"texture":"#0","tintindex":0}}}],"display":{"head":{"translation":[0.0,-6.4,0.0],"scale":[4.0,4.0,4.0]}}}