{"textures":{"0":"modelengine:entity/nocsy_cat1"},"elements":[{"from":[6.285714,6.428571,5.5714283],"to":[9.714286,9.857143,9.0],"rotation":{"angle":0.0,"axis":"y","origin":[8.0,1.2285709,10.714286]},"faces":{"east":{"uv":[2.125,0.0,2.875,0.75],"rotation":0,"texture":"#0","tintindex":0},"south":{"uv":[2.125,0.875,2.875,1.625],"rotation":0,"texture":"#0","tintindex":0},"north":{"uv":[0.0,1.5,0.75,2.25],"rotation":0,"texture":"#0","tintindex":0},"west":{"uv":[2.125,1.75,2.875,2.5],"rotation":0,"texture":"#0","tintindex":0},"up":{"uv":[0.75,3.125,0.0,2.375],"rotation":0,"texture":"#0","tintindex":0},"down":{"uv":[2.875,2.625,2.125,3.375],"rotation":0,"texture":"#0","tintindex":0}}},{"from":[9.742857,8.453889,5.4350576],"to":[9.742857,9.025317,6.0064864],"rotation":{"angle":22.5,"axis":"x","origin":[9.171715,8.625318,5.692772]},"faces":{"east":{"uv":[0.5,7.25,0.625,7.375],"rotation":0,"texture":"#0","tintindex":0},"south":{"uv":[4.5,7.375,4.5,7.5],"rotation":0,"texture":"#0","tintindex":0},"north":{"uv":[4.375,7.375,4.375,7.5],"rotation":0,"texture":"#0","tintindex":0},"west":{"uv":[0.75,7.25,0.875,7.375],"rotation":0,"texture":"#0","tintindex":0},"up":{"uv":[7.375,4.875,7.375,4.75],"rotation":0,"texture":"#0","tintindex":0},"down":{"uv":[4.875,7.375,4.875,7.5],"rotation":0,"texture":"#0","tintindex":0}}},{"from":[9.728572,7.571429,5.528571],"to":[9.728572,8.6,5.8142858],"rotation":{"angle":0.0,"axis":"y","origin":[9.714286,7.857143,5.8142858]},"faces":{"east":{"uv":[6.875,7.0,7.0,7.25],"rotation":0,"texture":"#0","tintindex":0},"south":{"uv":[4.0,7.375,4.0,7.625],"rotation":0,"texture":"#0","tintindex":0},"north":{"uv":[3.875,7.375,3.875,7.625],"rotation":0,"texture":"#0","tintindex":0},"west":{"uv":[7.125,0.5,7.25,0.75],"rotation":0,"texture":"#0","tintindex":0},"up":{"uv":[4.125,7.5,4.125,7.375],"rotation":0,"texture":"#0","tintindex":0},"down":{"uv":[4.25,7.375,4.25,7.5],"rotation":0,"texture":"#0","tintindex":0}}},{"from":[8.7,7.5714283,5.528571],"to":[9.728572,8.6,5.528571],"rotation":{"angle":0.0,"axis":"y","origin":[8.0,1.1142855,10.714286]},"faces":{"east":{"uv":[3.0,7.375,3.0,7.625],"rotation":0,"texture":"#0","tintindex":0},"south":{"uv":[6.125,6.75,6.375,7.0],"rotation":0,"texture":"#0","tintindex":0},"north":{"uv":[3.625,6.0,3.875,6.25],"rotation":0,"texture":"#0","tintindex":0},"west":{"uv":[3.125,7.375,3.125,7.625],"rotation":0,"texture":"#0","tintindex":0},"up":{"uv":[7.625,2.75,7.375,2.75],"rotation":0,"texture":"#0","tintindex":0},"down":{"uv":[3.5,7.375,3.25,7.375],"rotation":0,"texture":"#0","tintindex":0}}},{"from":[8.785714,7.642857,5.5142856],"to":[9.357143,8.385715,5.5142856],"rotation":{"angle":0.0,"axis":"y","origin":[9.157143,8.1285715,5.5142856]},"faces":{"east":{"uv":[7.375,2.5,7.375,2.625],"rotation":0,"texture":"#0","tintindex":0},"south":{"uv":[7.125,7.0,7.25,7.125],"rotation":0,"texture":"#0","tintindex":0},"north":{"uv":[6.125,7.125,6.25,7.25],"rotation":0,"texture":"#0","tintindex":0},"west":{"uv":[2.625,7.375,2.625,7.5],"rotation":0,"texture":"#0","tintindex":0},"up":{"uv":[7.375,6.875,7.25,6.875],"rotation":0,"texture":"#0","tintindex":0},"down":{"uv":[2.875,7.375,2.75,7.375],"rotation":0,"texture":"#0","tintindex":0}}},{"from":[8.728572,8.214286,5.5],"to":[8.957143,8.442857,5.5],"rotation":{"angle":0.0,"axis":"y","origin":[9.157143,8.1285715,5.5142856]},"faces":{"east":{"uv":[2.375,7.375,2.375,7.5],"rotation":0,"texture":"#0","tintindex":0},"south":{"uv":[5.875,7.125,6.0,7.25],"rotation":0,"texture":"#0","tintindex":0},"north":{"uv":[5.625,7.125,5.75,7.25],"rotation":0,"texture":"#0","tintindex":0},"west":{"uv":[2.5,7.375,2.5,7.5],"rotation":0,"texture":"#0","tintindex":0},"up":{"uv":[1.25,5.75,1.125,5.75],"rotation":0,"texture":"#0","tintindex":0},"down":{"uv":[7.125,5.5,7.0,5.5],"rotation":0,"texture":"#0","tintindex":0}}},{"from":[6.2714286,7.571429,5.528571],"to":[6.2714286,8.6,5.8142858],"rotation":{"angle":0.0,"axis":"y","origin":[6.285714,7.857143,5.8142858]},"faces":{"east":{"uv":[4.0,5.375,4.125,5.625],"rotation":0,"texture":"#0","tintindex":0},"south":{"uv":[2.0,7.375,2.0,7.625],"rotation":0,"texture":"#0","tintindex":0},"north":{"uv":[7.375,0.5,7.375,0.75],"rotation":0,"texture":"#0","tintindex":0},"west":{"uv":[7.0,6.625,7.125,6.875],"rotation":0,"texture":"#0","tintindex":0},"up":{"uv":[2.125,7.5,2.125,7.375],"rotation":0,"texture":"#0","tintindex":0},"down":{"uv":[2.25,7.375,2.25,7.5],"rotation":0,"texture":"#0","tintindex":0}}},{"from":[8.643429,8.453889,5.4356294],"to":[8.643429,9.025317,6.0070577],"rotation":{"angle":22.5,"axis":"x","origin":[9.171715,8.625318,5.692772]},"faces":{"east":{"uv":[7.125,5.25,7.25,5.375],"rotation":0,"texture":"#0","tintindex":0},"south":{"uv":[0.125,7.375,0.125,7.5],"rotation":0,"texture":"#0","tintindex":0},"north":{"uv":[0.0,7.375,0.0,7.5],"rotation":0,"texture":"#0","tintindex":0},"west":{"uv":[5.375,7.125,5.5,7.25],"rotation":0,"texture":"#0","tintindex":0},"up":{"uv":[0.25,7.5,0.25,7.375],"rotation":0,"texture":"#0","tintindex":0},"down":{"uv":[0.375,7.375,0.375,7.5],"rotation":0,"texture":"#0","tintindex":0}}},{"from":[8.642858,8.453889,5.4356294],"to":[9.742857,9.025317,5.4356294],"rotation":{"angle":22.5,"axis":"x","origin":[9.171715,8.625318,5.692772]},"faces":{"east":{"uv":[7.125,7.25,7.125,7.375],"rotation":0,"texture":"#0","tintindex":0},"south":{"uv":[6.5,7.0,6.75,7.125],"rotation":0,"texture":"#0","tintindex":0},"north":{"uv":[2.5,6.875,2.75,7.0],"rotation":0,"texture":"#0","tintindex":0},"west":{"uv":[7.25,7.25,7.25,7.375],"rotation":0,"texture":"#0","tintindex":0},"up":{"uv":[7.5,4.625,7.25,4.625],"rotation":0,"texture":"#0","tintindex":0},"down":{"uv":[7.5,6.0,7.25,6.0],"rotation":0,"texture":"#0","tintindex":0}}},{"from":[7.356571,8.453889,5.4356294],"to":[7.356571,9.025317,6.0070577],"rotation":{"angle":22.5,"axis":"x","origin":[6.8282857,8.625318,5.692772]},"faces":{"east":{"uv":[7.125,5.0,7.25,5.125],"rotation":0,"texture":"#0","tintindex":0},"south":{"uv":[6.625,7.25,6.625,7.375],"rotation":0,"texture":"#0","tintindex":0},"north":{"uv":[6.5,7.25,6.5,7.375],"rotation":0,"texture":"#0","tintindex":0},"west":{"uv":[5.125,7.125,5.25,7.25],"rotation":0,"texture":"#0","tintindex":0},"up":{"uv":[7.25,6.75,7.25,6.625],"rotation":0,"texture":"#0","tintindex":0},"down":{"uv":[6.75,7.25,6.75,7.375],"rotation":0,"texture":"#0","tintindex":0}}},{"from":[6.257143,8.453889,5.4350576],"to":[6.257143,9.025317,6.0064864],"rotation":{"angle":22.5,"axis":"x","origin":[6.8282857,8.625318,5.692772]},"faces":{"east":{"uv":[4.375,7.125,4.5,7.25],"rotation":0,"texture":"#0","tintindex":0},"south":{"uv":[6.625,3.0,6.625,3.125],"rotation":0,"texture":"#0","tintindex":0},"north":{"uv":[6.125,3.25,6.125,3.375],"rotation":0,"texture":"#0","tintindex":0},"west":{"uv":[7.125,4.75,7.25,4.875],"rotation":0,"texture":"#0","tintindex":0},"up":{"uv":[2.75,7.25,2.75,7.125],"rotation":0,"texture":"#0","tintindex":0},"down":{"uv":[6.375,7.125,6.375,7.25],"rotation":0,"texture":"#0","tintindex":0}}},{"from":[6.257143,8.453889,5.4356294],"to":[7.357143,9.025317,5.4356294],"rotation":{"angle":22.5,"axis":"x","origin":[6.8282857,8.625318,5.692772]},"faces":{"east":{"uv":[0.5,6.0,0.5,6.125],"rotation":0,"texture":"#0","tintindex":0},"south":{"uv":[5.125,6.5,5.375,6.625],"rotation":0,"texture":"#0","tintindex":0},"north":{"uv":[5.5,6.0,5.75,6.125],"rotation":0,"texture":"#0","tintindex":0},"west":{"uv":[6.125,1.0,6.125,1.125],"rotation":0,"texture":"#0","tintindex":0},"up":{"uv":[1.75,6.75,1.5,6.75],"rotation":0,"texture":"#0","tintindex":0},"down":{"uv":[7.5,1.875,7.25,1.875],"rotation":0,"texture":"#0","tintindex":0}}},{"from":[6.642857,7.642857,5.5142856],"to":[7.214286,8.385715,5.5142856],"rotation":{"angle":0.0,"axis":"y","origin":[6.842857,8.1285715,5.5142856]},"faces":{"east":{"uv":[2.375,5.125,2.375,5.25],"rotation":0,"texture":"#0","tintindex":0},"south":{"uv":[4.125,7.125,4.25,7.25],"rotation":0,"texture":"#0","tintindex":0},"north":{"uv":[3.875,7.125,4.0,7.25],"rotation":0,"texture":"#0","tintindex":0},"west":{"uv":[5.75,4.75,5.75,4.875],"rotation":0,"texture":"#0","tintindex":0},"up":{"uv":[0.625,4.875,0.5,4.875],"rotation":0,"texture":"#0","tintindex":0},"down":{"uv":[1.5,5.0,1.375,5.0],"rotation":0,"texture":"#0","tintindex":0}}},{"from":[6.2714286,7.5714283,5.528571],"to":[7.3,8.6,5.528571],"rotation":{"angle":0.0,"axis":"y","origin":[8.0,1.1142855,10.714286]},"faces":{"east":{"uv":[1.625,4.75,1.625,5.0],"rotation":0,"texture":"#0","tintindex":0},"south":{"uv":[1.75,3.125,2.0,3.375],"rotation":0,"texture":"#0","tintindex":0},"north":{"uv":[1.75,2.75,2.0,3.0],"rotation":0,"texture":"#0","tintindex":0},"west":{"uv":[5.125,4.5,5.125,4.75],"rotation":0,"texture":"#0","tintindex":0},"up":{"uv":[2.875,5.875,2.625,5.875],"rotation":0,"texture":"#0","tintindex":0},"down":{"uv":[6.875,5.5,6.625,5.5],"rotation":0,"texture":"#0","tintindex":0}}},{"from":[6.5857143,8.214286,5.5],"to":[6.8142858,8.442857,5.5],"rotation":{"angle":0.0,"axis":"y","origin":[6.842857,8.1285715,5.5142856]},"faces":{"east":{"uv":[0.75,4.125,0.75,4.25],"rotation":0,"texture":"#0","tintindex":0},"south":{"uv":[5.0,5.75,5.125,5.875],"rotation":0,"texture":"#0","tintindex":0},"north":{"uv":[0.625,5.5,0.75,5.625],"rotation":0,"texture":"#0","tintindex":0},"west":{"uv":[1.625,4.5,1.625,4.625],"rotation":0,"texture":"#0","tintindex":0},"up":{"uv":[0.125,4.875,0.0,4.875],"rotation":0,"texture":"#0","tintindex":0},"down":{"uv":[0.375,4.875,0.25,4.875],"rotation":0,"texture":"#0","tintindex":0}}},{"from":[4.588431,5.7032585,5.457143],"to":[8.017002,7.4175444,5.457143],"rotation":{"angle":22.5,"axis":"z","origin":[6.2279353,6.9018607,5.3999996]},"faces":{"east":{"uv":[5.0,7.375,5.0,7.75],"rotation":0,"texture":"#0","tintindex":0},"south":{"uv":[3.375,4.375,4.125,4.75],"rotation":0,"texture":"#0","tintindex":0},"north":{"uv":[2.5,4.375,3.25,4.75],"rotation":0,"texture":"#0","tintindex":0},"west":{"uv":[7.375,5.0,7.375,5.375],"rotation":0,"texture":"#0","tintindex":0},"up":{"uv":[5.875,7.375,5.125,7.375],"rotation":0,"texture":"#0","tintindex":0},"down":{"uv":[8.125,6.125,7.375,6.125],"rotation":0,"texture":"#0","tintindex":0}}},{"from":[4.2701545,6.437154,5.342857],"to":[7.698726,8.15144,5.342857],"rotation":{"angle":0.0,"axis":"y","origin":[6.2279353,6.9018607,5.3999996]},"faces":{"east":{"uv":[6.0,7.375,6.0,7.75],"rotation":0,"texture":"#0","tintindex":0},"south":{"uv":[4.375,4.0,5.125,4.375],"rotation":0,"texture":"#0","tintindex":0},"north":{"uv":[4.375,3.5,5.125,3.875],"rotation":0,"texture":"#0","tintindex":0},"west":{"uv":[6.125,7.375,6.125,7.75],"rotation":0,"texture":"#0","tintindex":0},"up":{"uv":[8.125,6.25,7.375,6.25],"rotation":0,"texture":"#0","tintindex":0},"down":{"uv":[8.125,6.375,7.375,6.375],"rotation":0,"texture":"#0","tintindex":0}}},{"from":[8.301273,6.437154,5.342857],"to":[11.729845,8.15144,5.342857],"rotation":{"angle":0.0,"axis":"y","origin":[9.772064,6.9018607,5.3999996]},"faces":{"east":{"uv":[6.25,7.375,6.25,7.75],"rotation":0,"texture":"#0","tintindex":0},"south":{"uv":[4.25,4.5,5.0,4.875],"rotation":0,"texture":"#0","tintindex":0},"north":{"uv":[0.75,4.5,1.5,4.875],"rotation":0,"texture":"#0","tintindex":0},"west":{"uv":[6.375,7.375,6.375,7.75],"rotation":0,"texture":"#0","tintindex":0},"up":{"uv":[8.125,6.5,7.375,6.5],"rotation":0,"texture":"#0","tintindex":0},"down":{"uv":[8.125,6.625,7.375,6.625],"rotation":0,"texture":"#0","tintindex":0}}},{"from":[7.9829974,5.7032585,5.457143],"to":[11.41157,7.4175444,5.457143],"rotation":{"angle":-22.5,"axis":"z","origin":[9.772064,6.9018607,5.3999996]},"faces":{"east":{"uv":[6.875,7.375,6.875,7.75],"rotation":0,"texture":"#0","tintindex":0},"south":{"uv":[4.75,0.5,5.5,0.875],"rotation":0,"texture":"#0","tintindex":0},"north":{"uv":[4.75,0.0,5.5,0.375],"rotation":0,"texture":"#0","tintindex":0},"west":{"uv":[7.0,7.375,7.0,7.75],"rotation":0,"texture":"#0","tintindex":0},"up":{"uv":[8.125,6.75,7.375,6.75],"rotation":0,"texture":"#0","tintindex":0},"down":{"uv":[8.125,7.0,7.375,7.0],"rotation":0,"texture":"#0","tintindex":0}}},{"from":[7.142857,6.714286,5.0],"to":[8.857143,7.857143,5.5714283],"rotation":{"angle":0.0,"axis":"y","origin":[7.714286,7.285714,5.285714]},"faces":{"east":{"uv":[1.0,7.125,1.125,7.375],"rotation":0,"texture":"#0","tintindex":0},"south":{"uv":[2.375,6.5,2.75,6.75],"rotation":0,"texture":"#0","tintindex":0},"north":{"uv":[1.875,6.5,2.25,6.75],"rotation":0,"texture":"#0","tintindex":0},"west":{"uv":[1.25,7.125,1.375,7.375],"rotation":0,"texture":"#0","tintindex":0},"up":{"uv":[7.125,4.625,6.75,4.5],"rotation":0,"texture":"#0","tintindex":0},"down":{"uv":[2.375,6.875,2.0,7.0],"rotation":0,"texture":"#0","tintindex":0}}},{"from":[7.714286,7.428571,4.957143],"to":[8.285714,7.885714,4.957143],"rotation":{"angle":0.0,"axis":"y","origin":[8.0,7.5714283,4.985714]},"faces":{"east":{"uv":[7.375,7.125,7.375,7.25],"rotation":0,"texture":"#0","tintindex":0},"south":{"uv":[7.25,1.125,7.375,1.25],"rotation":0,"texture":"#0","tintindex":0},"north":{"uv":[7.25,0.875,7.375,1.0],"rotation":0,"texture":"#0","tintindex":0},"west":{"uv":[7.375,7.375,7.375,7.5],"rotation":0,"texture":"#0","tintindex":0},"up":{"uv":[7.625,0.0,7.5,0.0],"rotation":0,"texture":"#0","tintindex":0},"down":{"uv":[7.625,0.125,7.5,0.125],"rotation":0,"texture":"#0","tintindex":0}}},{"from":[7.714286,7.885143,4.957143],"to":[8.285714,7.885143,5.3],"rotation":{"angle":0.0,"axis":"y","origin":[8.0,7.9137144,5.214286]},"faces":{"east":{"uv":[7.5,0.375,7.625,0.375],"rotation":0,"texture":"#0","tintindex":0},"south":{"uv":[0.5,7.5,0.625,7.5],"rotation":0,"texture":"#0","tintindex":0},"north":{"uv":[7.5,0.25,7.625,0.25],"rotation":0,"texture":"#0","tintindex":0},"west":{"uv":[7.5,0.5,7.625,0.5],"rotation":0,"texture":"#0","tintindex":0},"up":{"uv":[7.375,1.5,7.25,1.375],"rotation":0,"texture":"#0","tintindex":0},"down":{"uv":[1.625,7.25,1.5,7.375],"rotation":0,"texture":"#0","tintindex":0}}}],"display":{"head":{"translation":[0.0,-6.4,0.0],"scale":[4.0,4.0,4.0]}}}