{"textures":{"0":"modelengine:entity/nocsy_cat1"},"elements":[{"from":[7.1371427,7.194298,7.7524576],"to":[8.862857,8.920012,10.049601],"rotation":{"angle":0.0,"axis":"y","origin":[7.851576,7.8219476,9.039042]},"faces":{"east":{"uv":[0.0,5.5,0.5,5.875],"rotation":0,"texture":"#0","tintindex":0},"south":{"uv":[5.875,5.75,6.25,6.125],"rotation":0,"texture":"#0","tintindex":0},"north":{"uv":[5.875,5.25,6.25,5.625],"rotation":0,"texture":"#0","tintindex":0},"west":{"uv":[5.25,5.5,5.75,5.875],"rotation":0,"texture":"#0","tintindex":0},"up":{"uv":[6.0,0.5,5.625,0.0],"rotation":0,"texture":"#0","tintindex":0},"down":{"uv":[6.0,0.625,5.625,1.125],"rotation":0,"texture":"#0","tintindex":0}}}],"display":{"head":{"translation":[0.0,-6.4,0.0],"scale":[4.0,4.0,4.0]}}}