{"textures":{"0":"cosmetics:betahat","particle":"cosmetics:betahat"},"elements":[{"from":[2,0,-4],"to":[14,2,-1],"faces":{"down":{"uv":[6.75,0,3.75,0.75],"texture":"#0"},"up":{"uv":[3.75,0.75,0.75,0],"texture":"#0"},"north":{"uv":[0.75,0.75,3.75,1.25],"texture":"#0"},"south":{"uv":[4.5,0.75,7.5,1.25],"texture":"#0"},"west":{"uv":[3.75,0.75,4.5,1.25],"texture":"#0"},"east":{"uv":[0,0.75,0.75,1.25],"texture":"#0"}}},{"from":[1,0,-1],"to":[15,2,1],"faces":{"down":{"uv":[15,0,11.5,0.5],"texture":"#0"},"up":{"uv":[11.5,0.5,8,0],"texture":"#0"},"north":{"uv":[8,0.5,11.5,1],"texture":"#0"},"south":{"uv":[12,0.5,15.5,1],"texture":"#0"},"west":{"uv":[11.5,0.5,12,1],"texture":"#0"},"east":{"uv":[7.5,0.5,8,1],"texture":"#0"}}},{"from":[1,0,1],"to":[15,8,15],"faces":{"down":{"uv":[10.5,1.25,7,4.75],"texture":"#0"},"up":{"uv":[7,4.75,3.5,1.25],"texture":"#0"},"north":{"uv":[3.5,4.75,7,6.75],"texture":"#0"},"south":{"uv":[10.5,4.75,14,6.75],"texture":"#0"},"west":{"uv":[7,4.75,10.5,6.75],"texture":"#0"},"east":{"uv":[0,4.75,3.5,6.75],"texture":"#0"}}},{"from":[1,2,0.9899999],"to":[15,8,1.09],"faces":{"north":{"uv":[3,8.75,11,12.75],"texture":"#0"}}}],"display":{"thirdperson_righthand":{"translation":[0,2.7826,0],"scale":[0.5,0.5,0.5]},"thirdperson_lefthand":{"translation":[0,2.7826,0],"scale":[0.5,0.5,0.5]},"firstperson_righthand":{"rotation":[5,125,-14],"translation":[2.0869,4.8695,-3.478],"scale":[0.5,0.5,0.5]},"firstperson_lefthand":{"rotation":[5,125,-14],"translation":[2.0869,4.8695,-3.478],"scale":[0.5,0.5,0.5]},"gui":{"rotation":[14,143,-1],"translation":[0.6956,2.0869,0],"scale":[0.7,0.7,0.7]},"head":{"translation":[0,10,0],"scale":[1.1391,1,1.0695]},"ground":{"translation":[0,3.4782,0],"scale":[0.7,0.7,0.7]}}}