{"credit":"Made with Blockbench","textures":{"0":"pokemon/bulbasaur","particle":"pokemon/bulbasaur"},"elements":[{"from":[9.8,6,7],"to":[11.8,10,9],"faces":{"north":{"uv":[8,2,8.5,3],"texture":"#0"},"east":{"uv":[8,2,8.5,3],"texture":"#0"},"south":{"uv":[6.5,2,7,3],"texture":"#0"},"west":{"uv":[8,2,8.5,3],"texture":"#0"},"up":{"uv":[8,2,8.5,3],"rotation":180,"texture":"#0"},"down":{"uv":[8,2,8.5,3],"rotation":180,"texture":"#0"}}},{"from":[6.2,6,7],"to":[8.2,10,9],"faces":{"north":{"uv":[8,2,8.5,3],"texture":"#0"},"east":{"uv":[8,2,8.5,3],"texture":"#0"},"south":{"uv":[5.75,2,6.25,3],"texture":"#0"},"west":{"uv":[8,2,8.5,3],"texture":"#0"},"up":{"uv":[8,2,8.5,3],"rotation":180,"texture":"#0"},"down":{"uv":[8,2,8.5,3],"rotation":180,"texture":"#0"}}},{"from":[6,9.5,6],"to":[12,15.5,10],"faces":{"north":{"uv":[10,4,10.25,4.25],"texture":"#0"},"east":{"uv":[9,2,10.5,3],"rotation":270,"texture":"#0"},"south":{"uv":[9,3.25,10.5,4.75],"rotation":180,"texture":"#0"},"west":{"uv":[9,2,10.5,3],"rotation":90,"texture":"#0"},"up":{"uv":[9,2,10.5,3],"rotation":180,"texture":"#0"},"down":{"uv":[9,2,10.5,3],"texture":"#0"}}},{"from":[7,10.5,10],"to":[11,14.5,11],"faces":{"north":{"uv":[0,0,4,4],"rotation":180,"texture":"#0"},"east":{"uv":[9.25,2,10.25,2.25],"rotation":90,"texture":"#0"},"south":{"uv":[9.25,3.5,10.25,4.5],"rotation":180,"texture":"#0"},"west":{"uv":[9.25,2,10.25,2.25],"rotation":90,"texture":"#0"},"up":{"uv":[9.25,2,10.25,2.25],"rotation":180,"texture":"#0"},"down":{"uv":[9.25,2,10.25,2.25],"rotation":180,"texture":"#0"}}},{"from":[8,11.5,11],"to":[8.1,13.5,13],"faces":{"east":{"uv":[12.25,2.25,12.75,2.75],"rotation":270,"texture":"#0"},"west":{"uv":[11.5,2.25,12,2.75],"rotation":90,"texture":"#0"}}},{"from":[8.05,13.45,11],"to":[10.05,13.55,13],"faces":{"up":{"uv":[12.25,2.25,12.75,2.75],"rotation":180,"texture":"#0"},"down":{"uv":[11.5,2.25,12,2.75],"texture":"#0"}}},{"from":[10,11.5,11],"to":[10.1,13.5,13],"faces":{"east":{"uv":[11.5,2.25,12,2.75],"rotation":270,"texture":"#0"},"west":{"uv":[12.25,2.25,12.75,2.75],"rotation":90,"texture":"#0"}}},{"from":[8.05,11.45,11],"to":[10.05,11.55,13],"faces":{"up":{"uv":[11.5,2.25,12,2.75],"rotation":180,"texture":"#0"},"down":{"uv":[12.25,2.25,12.75,2.75],"texture":"#0"}}},{"from":[11,10,7],"to":[13,14,9],"rotation":{"angle":45,"axis":"z","origin":[12,12,8]},"faces":{"north":{"uv":[8,2,8.5,3],"texture":"#0"},"east":{"uv":[8,2,8.5,3],"texture":"#0"},"south":{"uv":[6.5,2,7,3],"texture":"#0"},"west":{"uv":[8,2,8.5,3],"texture":"#0"},"up":{"uv":[8,2,8.5,3],"rotation":180,"texture":"#0"},"down":{"uv":[8,2,8.5,3],"rotation":180,"texture":"#0"}}},{"from":[5,10,7],"to":[7,14,9],"rotation":{"angle":-45,"axis":"z","origin":[6,12,8]},"faces":{"north":{"uv":[8,2,8.5,3],"texture":"#0"},"east":{"uv":[8,2,8.5,3],"texture":"#0"},"south":{"uv":[6.5,2,7,3],"texture":"#0"},"west":{"uv":[8,2,8.5,3],"texture":"#0"},"up":{"uv":[8,2,8.5,3],"rotation":180,"texture":"#0"},"down":{"uv":[8,2,8.5,3],"rotation":180,"texture":"#0"}}},{"from":[11,14,3],"to":[12,15,6],"faces":{"north":{"uv":[10,4,10.25,4.25],"texture":"#0"},"east":{"uv":[10,4,10.25,4.25],"texture":"#0"},"south":{"uv":[10,4,10.25,4.25],"texture":"#0"},"west":{"uv":[10,4,10.25,4.25],"texture":"#0"},"up":{"uv":[10,4,10.25,4.25],"texture":"#0"},"down":{"uv":[10,4,10.25,4.25],"texture":"#0"}}},{"from":[6,14,3],"to":[7,15,6],"faces":{"north":{"uv":[10,4,10.25,4.25],"texture":"#0"},"east":{"uv":[10,4,10.25,4.25],"texture":"#0"},"south":{"uv":[10,4,10.25,4.25],"texture":"#0"},"west":{"uv":[10,4,10.25,4.25],"texture":"#0"},"up":{"uv":[10,4,10.25,4.25],"texture":"#0"},"down":{"uv":[10,4,10.25,4.25],"texture":"#0"}}},{"from":[6,10,3],"to":[7,11,6],"faces":{"north":{"uv":[10,4,10.25,4.25],"texture":"#0"},"east":{"uv":[10,4,10.25,4.25],"texture":"#0"},"south":{"uv":[10,4,10.25,4.25],"texture":"#0"},"west":{"uv":[10,4,10.25,4.25],"texture":"#0"},"up":{"uv":[10,4,10.25,4.25],"texture":"#0"},"down":{"uv":[10,4,10.25,4.25],"texture":"#0"}}},{"from":[11,10,3],"to":[12,11,6],"faces":{"north":{"uv":[10,4,10.25,4.25],"texture":"#0"},"east":{"uv":[10,4,10.25,4.25],"texture":"#0"},"south":{"uv":[10,4,10.25,4.25],"texture":"#0"},"west":{"uv":[10,4,10.25,4.25],"texture":"#0"},"up":{"uv":[10,4,10.25,4.25],"texture":"#0"},"down":{"uv":[10,4,10.25,4.25],"texture":"#0"}}},{"from":[11,10,2],"to":[12,15,3],"faces":{"north":{"uv":[10,4,10.25,4.25],"texture":"#0"},"east":{"uv":[10,4,10.25,4.25],"texture":"#0"},"south":{"uv":[10,4,10.25,4.25],"texture":"#0"},"west":{"uv":[10,4,10.25,4.25],"texture":"#0"},"up":{"uv":[10,4,10.25,4.25],"texture":"#0"},"down":{"uv":[10,4,10.25,4.25],"texture":"#0"}}},{"from":[6,10,2],"to":[7,15,3],"faces":{"north":{"uv":[10,4,10.25,4.25],"texture":"#0"},"east":{"uv":[10,4,10.25,4.25],"texture":"#0"},"south":{"uv":[10,4,10.25,4.25],"texture":"#0"},"west":{"uv":[10,4,10.25,4.25],"texture":"#0"},"up":{"uv":[10,4,10.25,4.25],"texture":"#0"},"down":{"uv":[10,4,10.25,4.25],"texture":"#0"}}}],"display":{"thirdperson_righthand":{"scale":[0.0001,0.0001,0.0001]},"thirdperson_lefthand":{"rotation":[70,0,0],"translation":[-4.6,-9.658,5.0078],"scale":[1.4,1.4,1.4]},"firstperson_righthand":{"scale":[0,0,0]},"firstperson_lefthand":{"scale":[0,0,0]},"ground":{"scale":[0.0001,0.0001,0.0001]},"gui":{"rotation":[30,135,0],"translation":[2,-3.5,0],"scale":[1.25,1.25,1.25]},"head":{"translation":[-2.4,-55.25,7.25],"scale":[2.4,2.25,2]},"fixed":{"scale":[0.0001,0.0001,0.0001]}}}