{"credit":"Model animated using Fizzy's model animator - http://fizzy81.github.io/animated-models/","textures":{"main":"cosmetics:camping_backpack"},"elements":[{"from":[4,0,0],"to":[12,25,16],"faces":{"north":{"uv":[1,1,1.5,2.5625],"texture":"#main"},"east":{"uv":[0,1,1,2.5625],"texture":"#main"},"south":{"uv":[2.5,1,3,2.5625],"texture":"#main"},"west":{"uv":[1.5,1,2.5,2.5625],"texture":"#main"},"up":{"uv":[1.5,1,1,0],"texture":"#main"},"down":{"uv":[2,0,1.5,1],"texture":"#main"}}},{"from":[3.01,23,-2],"to":[12.01,32,18],"faces":{"north":{"uv":[1.25,3.8125,1.8125,4.375],"texture":"#main"},"east":{"uv":[0,3.8125,1.25,4.375],"texture":"#main"},"south":{"uv":[3.0625,3.8125,3.625,4.375],"texture":"#main"},"west":{"uv":[1.8125,3.8125,3.0625,4.375],"texture":"#main"},"up":{"uv":[1.8125,3.8125,1.25,2.5625],"texture":"#main"},"down":{"uv":[2.375,2.5625,1.8125,3.8125],"texture":"#main"}}},{"from":[12,15,2],"to":[20,17,4],"faces":{"north":{"uv":[0.5,5.0625,1,5.1875],"texture":"#main"},"east":{"uv":[0.375,5.0625,0.5,5.1875],"texture":"#main"},"south":{"uv":[1.125,5.0625,1.625,5.1875],"texture":"#main"},"west":{"uv":[1,5.0625,1.125,5.1875],"texture":"#main"},"up":{"uv":[1,5.0625,0.5,4.9375],"texture":"#main"},"down":{"uv":[1.5,4.9375,1,5.0625],"texture":"#main"}}},{"from":[12,15,12],"to":[20,17,14],"faces":{"north":{"uv":[0.125,5.875,0.625,6],"texture":"#main"},"east":{"uv":[0,5.875,0.125,6],"texture":"#main"},"south":{"uv":[0.75,5.875,1.25,6],"texture":"#main"},"west":{"uv":[0.625,5.875,0.75,6],"texture":"#main"},"up":{"uv":[0.625,5.875,0.125,5.75],"texture":"#main"},"down":{"uv":[1.125,5.75,0.625,5.875],"texture":"#main"}}},{"from":[12,0,12],"to":[20,2,14],"faces":{"north":{"uv":[0.125,6.375,0.625,6.5],"texture":"#main"},"east":{"uv":[0,6.375,0.125,6.5],"texture":"#main"},"south":{"uv":[0.75,6.375,1.25,6.5],"texture":"#main"},"west":{"uv":[0.625,6.375,0.75,6.5],"texture":"#main"},"up":{"uv":[0.625,6.375,0.125,6.25],"texture":"#main"},"down":{"uv":[1.125,6.25,0.625,6.375],"texture":"#main"}}},{"from":[12,0,2],"to":[20,2,4],"faces":{"north":{"uv":[0.125,6.125,0.625,6.25],"texture":"#main"},"east":{"uv":[0,6.125,0.125,6.25],"texture":"#main"},"south":{"uv":[0.75,6.125,1.25,6.25],"texture":"#main"},"west":{"uv":[0.625,6.125,0.75,6.25],"texture":"#main"},"up":{"uv":[0.625,6.125,0.125,6],"texture":"#main"},"down":{"uv":[1.125,6,0.625,6.125],"texture":"#main"}}},{"from":[18,2,2],"to":[20,15,4],"faces":{"north":{"uv":[0.125,6.8125,0.25,7.625],"texture":"#main"},"east":{"uv":[0,6.8125,0.125,7.625],"texture":"#main"},"south":{"uv":[0.375,6.8125,0.5,7.625],"texture":"#main"},"west":{"uv":[0.25,6.8125,0.375,7.625],"texture":"#main"},"up":{"uv":[0.25,6.8125,0.125,6.6875],"texture":"#main"},"down":{"uv":[0.375,6.6875,0.25,6.8125],"texture":"#main"}}},{"from":[18,2,12],"to":[20,15,14],"faces":{"north":{"uv":[1.375,5.875,1.5,6.6875],"texture":"#main"},"east":{"uv":[1.25,5.875,1.375,6.6875],"texture":"#main"},"south":{"uv":[1.625,5.875,1.75,6.6875],"texture":"#main"},"west":{"uv":[1.5,5.875,1.625,6.6875],"texture":"#main"},"up":{"uv":[1.5,5.875,1.375,5.75],"texture":"#main"},"down":{"uv":[1.625,5.75,1.5,5.875],"texture":"#main"}}},{"from":[1,0.01,0],"to":[4,9.01,16],"faces":{"north":{"uv":[4.625,3.5625,4.8125,4.125],"texture":"#main"},"east":{"uv":[3.625,3.5625,4.625,4.125],"texture":"#main"},"south":{"uv":[5.8125,3.5625,6,4.125],"texture":"#main"},"west":{"uv":[4.8125,3.5625,5.8125,4.125],"texture":"#main"},"up":{"uv":[4.8125,3.5625,4.625,2.5625],"texture":"#main"},"down":{"uv":[5,2.5625,4.8125,3.5625],"texture":"#main"}}},{"from":[2,9,10],"to":[4,11,15],"faces":{"north":{"uv":[0.8125,7,0.9375,7.125],"texture":"#main"},"east":{"uv":[0.5,7,0.8125,7.125],"texture":"#main"},"south":{"uv":[1.25,7,1.375,7.125],"texture":"#main"},"west":{"uv":[0.9375,7,1.25,7.125],"texture":"#main"},"up":{"uv":[0.9375,7,0.8125,6.6875],"texture":"#main"},"down":{"uv":[1.0625,6.6875,0.9375,7],"texture":"#main"}}},{"from":[2,11,12],"to":[4,21,13],"faces":{"north":{"uv":[1.9375,6.75,2.0625,7.375],"texture":"#main"},"east":{"uv":[1.875,6.75,1.9375,7.375],"texture":"#main"},"south":{"uv":[2.125,6.75,2.25,7.375],"texture":"#main"},"west":{"uv":[2.0625,6.75,2.125,7.375],"texture":"#main"},"up":{"uv":[2.0625,6.75,1.9375,6.6875],"texture":"#main"},"down":{"uv":[2.1875,6.6875,2.0625,6.75],"texture":"#main"}}},{"from":[0,18,2],"to":[4,22,7],"faces":{"north":{"uv":[0.6875,4.6875,0.9375,4.9375],"texture":"#main"},"east":{"uv":[0.375,4.6875,0.6875,4.9375],"texture":"#main"},"south":{"uv":[1.25,4.6875,1.5,4.9375],"texture":"#main"},"west":{"uv":[0.9375,4.6875,1.25,4.9375],"texture":"#main"},"up":{"uv":[0.9375,4.6875,0.6875,4.375],"texture":"#main"},"down":{"uv":[1.1875,4.375,0.9375,4.6875],"texture":"#main"}}},{"from":[2,21,6],"to":[3,25,7],"rotation":{"angle":22.5,"axis":"x","origin":[8,19,0]},"faces":{"north":{"uv":[1.8125,7.6875,1.875,7.9375],"texture":"#main"},"east":{"uv":[1.75,7.6875,1.8125,7.9375],"texture":"#main"},"south":{"uv":[1.9375,7.6875,2,7.9375],"texture":"#main"},"west":{"uv":[1.875,7.6875,1.9375,7.9375],"texture":"#main"},"up":{"uv":[1.875,7.6875,1.8125,7.625],"texture":"#main"},"down":{"uv":[1.9375,7.625,1.875,7.6875],"texture":"#main"}}},{"from":[2,22,4],"to":[4,26,5],"faces":{"north":{"uv":[1.0625,7.875,1.1875,8.125],"texture":"#main"},"east":{"uv":[1,7.875,1.0625,8.125],"texture":"#main"},"south":{"uv":[1.25,7.875,1.375,8.125],"texture":"#main"},"west":{"uv":[1.1875,7.875,1.25,8.125],"texture":"#main"},"up":{"uv":[1.1875,7.875,1.0625,7.8125],"texture":"#main"},"down":{"uv":[1.3125,7.8125,1.1875,7.875],"texture":"#main"}}},{"from":[4,2,-3],"to":[6,23,-2],"rotation":{"angle":22.5,"axis":"y","origin":[8,19,0]},"faces":{"north":{"uv":[0.0625,4.4375,0.1875,5.75],"texture":"#main"},"east":{"uv":[0,4.4375,0.0625,5.75],"texture":"#main"},"south":{"uv":[0.25,4.4375,0.375,5.75],"texture":"#main"},"west":{"uv":[0.1875,4.4375,0.25,5.75],"texture":"#main"},"up":{"uv":[0.1875,4.4375,0.0625,4.375],"texture":"#main"},"down":{"uv":[0.3125,4.375,0.1875,4.4375],"texture":"#main"}}},{"from":[3,3,-3],"to":[4,5,-2],"rotation":{"angle":22.5,"axis":"y","origin":[8,19,0]},"faces":{"north":{"uv":[1.1875,8.3125,1.25,8.4375],"texture":"#main"},"east":{"uv":[1.125,8.3125,1.1875,8.4375],"texture":"#main"},"south":{"uv":[1.3125,8.3125,1.375,8.4375],"texture":"#main"},"west":{"uv":[1.25,8.3125,1.3125,8.4375],"texture":"#main"},"up":{"uv":[1.25,8.3125,1.1875,8.25],"texture":"#main"},"down":{"uv":[1.3125,8.25,1.25,8.3125],"texture":"#main"}}},{"from":[0,3,-3],"to":[3,9,-2],"rotation":{"angle":22.5,"axis":"y","origin":[8,19,0]},"faces":{"north":{"uv":[2.3125,6.75,2.5,7.125],"texture":"#main"},"east":{"uv":[2.25,6.75,2.3125,7.125],"texture":"#main"},"south":{"uv":[2.5625,6.75,2.75,7.125],"texture":"#main"},"west":{"uv":[2.5,6.75,2.5625,7.125],"texture":"#main"},"up":{"uv":[2.5,6.75,2.3125,6.6875],"texture":"#main"},"down":{"uv":[2.6875,6.6875,2.5,6.75],"texture":"#main"}}},{"from":[-1,3,-3],"to":[0,8,-2],"rotation":{"angle":22.5,"axis":"y","origin":[8,19,0]},"faces":{"north":{"uv":[1.5625,7.6875,1.625,8],"texture":"#main"},"east":{"uv":[1.5,7.6875,1.5625,8],"texture":"#main"},"south":{"uv":[1.6875,7.6875,1.75,8],"texture":"#main"},"west":{"uv":[1.625,7.6875,1.6875,8],"texture":"#main"},"up":{"uv":[1.625,7.6875,1.5625,7.625],"texture":"#main"},"down":{"uv":[1.6875,7.625,1.625,7.6875],"texture":"#main"}}},{"from":[-1,7,21],"to":[3,11,25],"rotation":{"angle":22.5,"axis":"x","origin":[8,19,-1]},"faces":{"north":{"uv":[0.625,5.4375,0.875,5.6875],"texture":"#main"},"east":{"uv":[0.375,5.4375,0.625,5.6875],"texture":"#main"},"south":{"uv":[1.125,5.4375,1.375,5.6875],"texture":"#main"},"west":{"uv":[0.875,5.4375,1.125,5.6875],"texture":"#main"},"up":{"uv":[0.875,5.4375,0.625,5.1875],"texture":"#main"},"down":{"uv":[1.125,5.1875,0.875,5.4375],"texture":"#main"}}},{"from":[0,10,19],"to":[2,11,21],"rotation":{"angle":22.5,"axis":"x","origin":[8,19,-1]},"faces":{"north":{"uv":[1.125,7.75,1.25,7.8125],"texture":"#main"},"east":{"uv":[1,7.75,1.125,7.8125],"texture":"#main"},"south":{"uv":[1.375,7.75,1.5,7.8125],"texture":"#main"},"west":{"uv":[1.25,7.75,1.375,7.8125],"texture":"#main"},"up":{"uv":[1.25,7.75,1.125,7.625],"texture":"#main"},"down":{"uv":[1.375,7.625,1.25,7.75],"texture":"#main"}}},{"from":[0,7,19],"to":[2,8,21],"rotation":{"angle":22.5,"axis":"x","origin":[8,19,-1]},"faces":{"north":{"uv":[0.625,8.125,0.75,8.1875],"texture":"#main"},"east":{"uv":[0.5,8.125,0.625,8.1875],"texture":"#main"},"south":{"uv":[0.875,8.125,1,8.1875],"texture":"#main"},"west":{"uv":[0.75,8.125,0.875,8.1875],"texture":"#main"},"up":{"uv":[0.75,8.125,0.625,8],"texture":"#main"},"down":{"uv":[0.875,8,0.75,8.125],"texture":"#main"}}},{"from":[0,8,19],"to":[2,10,20],"rotation":{"angle":22.5,"axis":"x","origin":[8,19,-1]},"faces":{"north":{"uv":[0.0625,8.3125,0.1875,8.4375],"texture":"#main"},"east":{"uv":[0,8.3125,0.0625,8.4375],"texture":"#main"},"south":{"uv":[0.25,8.3125,0.375,8.4375],"texture":"#main"},"west":{"uv":[0.1875,8.3125,0.25,8.4375],"texture":"#main"},"up":{"uv":[0.1875,8.3125,0.0625,8.25],"texture":"#main"},"down":{"uv":[0.3125,8.25,0.1875,8.3125],"texture":"#main"}}},{"from":[1,9,4],"to":[3,10,5],"faces":{"north":{"uv":[0.8125,8.3125,0.9375,8.375],"texture":"#main"},"east":{"uv":[0.75,8.3125,0.8125,8.375],"texture":"#main"},"south":{"uv":[1,8.3125,1.125,8.375],"texture":"#main"},"west":{"uv":[0.9375,8.3125,1,8.375],"texture":"#main"},"up":{"uv":[0.9375,8.3125,0.8125,8.25],"texture":"#main"},"down":{"uv":[1.0625,8.25,0.9375,8.3125],"texture":"#main"}}},{"from":[3,9,4],"to":[4,18,5],"faces":{"north":{"uv":[0.0625,7.6875,0.125,8.25],"texture":"#main"},"east":{"uv":[0,7.6875,0.0625,8.25],"texture":"#main"},"south":{"uv":[0.1875,7.6875,0.25,8.25],"texture":"#main"},"west":{"uv":[0.125,7.6875,0.1875,8.25],"texture":"#main"},"up":{"uv":[0.125,7.6875,0.0625,7.625],"texture":"#main"},"down":{"uv":[0.1875,7.625,0.125,7.6875],"texture":"#main"}}},{"from":[0,1,4],"to":[1,10,5],"faces":{"north":{"uv":[0.3125,7.6875,0.375,8.25],"texture":"#main"},"east":{"uv":[0.25,7.6875,0.3125,8.25],"texture":"#main"},"south":{"uv":[0.4375,7.6875,0.5,8.25],"texture":"#main"},"west":{"uv":[0.375,7.6875,0.4375,8.25],"texture":"#main"},"up":{"uv":[0.375,7.6875,0.3125,7.625],"texture":"#main"},"down":{"uv":[0.4375,7.625,0.375,7.6875],"texture":"#main"}}},{"from":[7,8,-1],"to":[10,16,0],"faces":{"north":{"uv":[1.4375,6.75,1.625,7.25],"texture":"#main"},"east":{"uv":[1.375,6.75,1.4375,7.25],"texture":"#main"},"south":{"uv":[1.6875,6.75,1.875,7.25],"texture":"#main"},"west":{"uv":[1.625,6.75,1.6875,7.25],"texture":"#main"},"up":{"uv":[1.625,6.75,1.4375,6.6875],"texture":"#main"},"down":{"uv":[1.8125,6.6875,1.625,6.75],"texture":"#main"}}},{"from":[7,16,-1],"to":[9,21,0],"faces":{"north":{"uv":[0.5625,7.6875,0.6875,8],"texture":"#main"},"east":{"uv":[0.5,7.6875,0.5625,8],"texture":"#main"},"south":{"uv":[0.75,7.6875,0.875,8],"texture":"#main"},"west":{"uv":[0.6875,7.6875,0.75,8],"texture":"#main"},"up":{"uv":[0.6875,7.6875,0.5625,7.625],"texture":"#main"},"down":{"uv":[0.8125,7.625,0.6875,7.6875],"texture":"#main"}}},{"from":[7,6,-1],"to":[9,8,0],"faces":{"north":{"uv":[0.4375,8.3125,0.5625,8.4375],"texture":"#main"},"east":{"uv":[0.375,8.3125,0.4375,8.4375],"texture":"#main"},"south":{"uv":[0.625,8.3125,0.75,8.4375],"texture":"#main"},"west":{"uv":[0.5625,8.3125,0.625,8.4375],"texture":"#main"},"up":{"uv":[0.5625,8.3125,0.4375,8.25],"texture":"#main"},"down":{"uv":[0.6875,8.25,0.5625,8.3125],"texture":"#main"}}}],"display":{"thirdperson_righthand":{"scale":[0.0001,0.0001,0.0001]},"thirdperson_lefthand":{"rotation":[65,-90,0],"translation":[-6,-6.955,9.1807],"scale":[0.6,0.6,0.6]},"firstperson_righthand":{"scale":[0.0001,0.0001,0.0001]},"firstperson_lefthand":{"scale":[0.0001,0.0001,0.0001]},"gui":{"rotation":[30,50,0],"translation":[0,-2,0],"scale":[0.38,0.38,0.38]},"head":{"rotation":[13,90,-5],"translation":[0,-62.25,6.25]}}}