{"credit":"Made with Blockbench","textures":{"0":"cosmetics:charmander_backpack","particle":"cosmetics:charmander_backpack"},"elements":[{"from":[11,-3,9],"to":[14,1,10],"faces":{"north":{"uv":[1.75,1,1,0],"rotation":180,"texture":"#0"},"east":{"uv":[0,1,1,1.25],"rotation":90,"texture":"#0"},"south":{"uv":[2.5,0,1.75,1],"texture":"#0"},"west":{"uv":[1.75,1,2.75,1.25],"rotation":270,"texture":"#0"},"up":{"uv":[2.75,1,3.5,1.25],"texture":"#0"},"down":{"uv":[1,1,1.75,1.25],"rotation":180,"texture":"#0"}}},{"from":[3,-3,9],"to":[6,1,10],"faces":{"north":{"uv":[1.75,2.25,1,1.25],"rotation":180,"texture":"#0"},"east":{"uv":[0,2.25,1,2.5],"rotation":90,"texture":"#0"},"south":{"uv":[2.5,1.25,1.75,2.25],"texture":"#0"},"west":{"uv":[1.75,2.25,2.75,2.5],"rotation":270,"texture":"#0"},"up":{"uv":[2.75,2.25,3.5,2.5],"texture":"#0"},"down":{"uv":[1,2.25,1.75,2.5],"rotation":180,"texture":"#0"}}},{"from":[5,3,5],"to":[12,14,12],"faces":{"north":{"uv":[5.25,1.75,7,4.5],"texture":"#0"},"east":{"uv":[7,1.75,8.75,4.5],"texture":"#0"},"south":{"uv":[7,1.75,8.75,4.5],"texture":"#0"},"west":{"uv":[7,1.75,8.75,4.5],"texture":"#0"},"up":{"uv":[7,1.75,5.25,0],"texture":"#0"},"down":{"uv":[8.75,0,7,1.75],"texture":"#0"}}},{"from":[5.01,11,3],"to":[12.01,19,11],"faces":{"north":{"uv":[2,6.5,3.75,8.5],"texture":"#0"},"east":{"uv":[0,6.5,2,8.5],"texture":"#0"},"south":{"uv":[5.75,6.5,7.5,8.5],"texture":"#0"},"west":{"uv":[3.75,6.5,5.75,8.5],"texture":"#0"},"up":{"uv":[3.75,6.5,2,4.5],"texture":"#0"},"down":{"uv":[5.5,4.5,3.75,6.5],"texture":"#0"}}},{"from":[11,1,6],"to":[14,7,10],"faces":{"north":{"uv":[8.5,5.5,9.25,7],"texture":"#0"},"east":{"uv":[7.5,5.5,8.5,7],"texture":"#0"},"south":{"uv":[8.5,5.5,9.25,7],"texture":"#0"},"west":{"uv":[9.5,5.5,10.5,7],"texture":"#0"},"up":{"uv":[9.25,5.5,8.5,4.5],"texture":"#0"},"down":{"uv":[10,4.5,9.25,5.5],"texture":"#0"}}},{"from":[3,1,6],"to":[6,7,10],"faces":{"north":{"uv":[9.75,5.5,10.5,7],"texture":"#0"},"east":{"uv":[7.5,5.5,8.5,7],"texture":"#0"},"south":{"uv":[8.5,5.5,9.25,7],"texture":"#0"},"west":{"uv":[9.5,5.5,10.5,7],"texture":"#0"},"up":{"uv":[12.75,5.5,12,4.5],"texture":"#0"},"down":{"uv":[13.5,4.5,12.75,5.5],"texture":"#0"}}},{"from":[2,9,2],"to":[5,16,5],"rotation":{"angle":22.5,"axis":"x","origin":[0,2,-4]},"faces":{"north":{"uv":[0,9.25,0.75,11],"texture":"#0"},"east":{"uv":[0,9.25,0.75,11],"texture":"#0"},"south":{"uv":[0.75,9.25,1.5,11],"texture":"#0"},"west":{"uv":[0.75,9.25,1.5,11],"texture":"#0"},"up":{"uv":[0.75,9.25,1.5,10],"rotation":270,"texture":"#0"},"down":{"uv":[2.25,8.5,1.5,9.25],"texture":"#0"}}},{"from":[12,9,2],"to":[15,16,5],"rotation":{"angle":22.5,"axis":"x","origin":[0,2,-3]},"faces":{"north":{"uv":[0.75,9.25,1.5,11],"texture":"#0"},"east":{"uv":[0,9.25,0.75,11],"texture":"#0"},"south":{"uv":[0,9.25,0.75,11],"texture":"#0"},"west":{"uv":[4.5,9.25,5.25,11],"texture":"#0"},"up":{"uv":[0.75,9.25,1.5,10],"rotation":180,"texture":"#0"},"down":{"uv":[2.25,8.5,1.5,9.25],"texture":"#0"}}},{"from":[7,-4.5,6.5],"to":[10,3.5,9.5],"faces":{"north":{"uv":[7.75,1.75,8.5,3.75],"texture":"#0"},"east":{"uv":[7.75,1.75,8.5,3.75],"texture":"#0"},"south":{"uv":[7.75,1.75,8.5,3.75],"texture":"#0"},"west":{"uv":[7.75,1.75,8.5,3.75],"texture":"#0"},"up":{"uv":[8.25,8.5,7.5,9.25],"rotation":180,"texture":"#0"},"down":{"uv":[7.5,9.25,6.75,8.5],"texture":"#0"}}},{"from":[7.5,-6.1954,7.0526],"to":[9.5,-2.1954,9.0526],"faces":{"north":{"uv":[7.75,1.75,8.25,2.75],"texture":"#0"},"east":{"uv":[7.75,1.75,8.25,2.75],"texture":"#0"},"south":{"uv":[7.75,1.75,8.25,2.75],"texture":"#0"},"west":{"uv":[7.75,1.75,8.25,2.75],"texture":"#0"},"up":{"uv":[1.5,11.25,1,11.75],"rotation":180,"texture":"#0"},"down":{"uv":[1,11.75,0.5,11.25],"texture":"#0"}}},{"from":[7,-11.9,7.9],"to":[10,-4.9,8],"faces":{"north":{"uv":[2.75,11.25,3.5,13],"texture":"#0"},"south":{"uv":[2,11.25,2.75,13],"rotation":180,"texture":"#0"}}},{"from":[5,3,12],"to":[6,4,17],"faces":{"north":{"uv":[4,3,5,4],"texture":"#0"},"east":{"uv":[4,3,5,4],"texture":"#0"},"south":{"uv":[4,3,5,4],"texture":"#0"},"west":{"uv":[4,3,5,4],"texture":"#0"},"up":{"uv":[4,3,5,4],"texture":"#0"},"down":{"uv":[4,3,5,4],"texture":"#0"}}},{"from":[5,13,12],"to":[6,14,17],"faces":{"north":{"uv":[4,3,5,4],"texture":"#0"},"east":{"uv":[4,3,5,4],"texture":"#0"},"south":{"uv":[4,3,5,4],"texture":"#0"},"west":{"uv":[4,3,5,4],"texture":"#0"},"up":{"uv":[4,3,5,4],"texture":"#0"},"down":{"uv":[4,3,5,4],"texture":"#0"}}},{"from":[11,3,12],"to":[12,4,17],"faces":{"north":{"uv":[4,3,5,4],"texture":"#0"},"east":{"uv":[4,3,5,4],"texture":"#0"},"south":{"uv":[4,3,5,4],"texture":"#0"},"west":{"uv":[4,3,5,4],"texture":"#0"},"up":{"uv":[4,3,5,4],"texture":"#0"},"down":{"uv":[4,3,5,4],"texture":"#0"}}},{"from":[11,13,12],"to":[12,14,17],"faces":{"north":{"uv":[4,3,5,4],"texture":"#0"},"east":{"uv":[4,3,5,4],"texture":"#0"},"south":{"uv":[4,3,5,4],"texture":"#0"},"west":{"uv":[4,3,5,4],"texture":"#0"},"up":{"uv":[4,3,5,4],"texture":"#0"},"down":{"uv":[4,3,5,4],"texture":"#0"}}},{"from":[11,4,16],"to":[12,13,17],"faces":{"north":{"uv":[4,3,5,4],"texture":"#0"},"east":{"uv":[4,3,5,4],"texture":"#0"},"south":{"uv":[4,3,5,4],"texture":"#0"},"west":{"uv":[4,3,5,4],"texture":"#0"},"up":{"uv":[4,3,5,4],"texture":"#0"},"down":{"uv":[4,3,5,4],"texture":"#0"}}},{"from":[5,4,16],"to":[6,13,17],"faces":{"north":{"uv":[4,3,5,4],"texture":"#0"},"east":{"uv":[4,3,5,4],"texture":"#0"},"south":{"uv":[4,3,5,4],"texture":"#0"},"west":{"uv":[4,3,5,4],"texture":"#0"},"up":{"uv":[4,3,5,4],"texture":"#0"},"down":{"uv":[4,3,5,4],"texture":"#0"}}}],"display":{"thirdperson_righthand":{"scale":[0.0001,0.0001,0.0001]},"thirdperson_lefthand":{"rotation":[70,180,0],"translation":[-6.45,-8.346,9.0434],"scale":[0.9,0.9,0.9]},"firstperson_righthand":{"scale":[0.0001,0.0001,0.0001]},"firstperson_lefthand":{"scale":[0.0001,0.0001,0.0001]},"ground":{"scale":[0.0001,0.0001,0.0001]},"gui":{"rotation":[30,135,0],"translation":[0,1,0],"scale":[0.6,0.5,0.6]},"head":{"rotation":[0,180,0],"translation":[0.5,-58.25,8.75],"scale":[1.5,1.5,1.35]},"fixed":{"scale":[0.0001,0.0001,0.0001]}}}