{"credit":"Made with Blockbench","textures":{"0":"cosmetics:charizard","particle":"cosmetics:charizard"},"elements":[{"from":[4.25,-15.5,6],"to":[7.25,-12.5,9],"rotation":{"angle":0,"axis":"y","origin":[0,-27,0]},"faces":{"north":{"uv":[0.25,2.75,1,3.5],"texture":"#0"},"east":{"uv":[0.25,2.75,1,3.5],"texture":"#0"},"south":{"uv":[0.25,2.75,1,3.5],"texture":"#0"},"west":{"uv":[0.25,2.75,1,3.5],"texture":"#0"},"up":{"uv":[0.25,2.75,1,3.5],"texture":"#0"},"down":{"uv":[0.25,2.75,1,3.5],"texture":"#0"}}},{"from":[6.885,-15.5,16.6251],"to":[29.885,2.5,16.6261],"rotation":{"angle":-22.5,"axis":"y","origin":[27.125,-21.5,16.625]},"faces":{"north":{"uv":[7,5.25,14,9.75],"texture":"#0"},"south":{"uv":[14,5.25,7,9.75],"texture":"#0"}}},{"from":[-14.985,-15.625,9.875],"to":[7.015,2.375,9.876],"rotation":{"angle":22.5,"axis":"y","origin":[4.375,-21.625,9.875]},"faces":{"north":{"uv":[0,5.25,7,9.75],"texture":"#0"},"south":{"uv":[7,5.25,0,9.75],"texture":"#0"}}},{"from":[8.25,-15.5,6],"to":[11.25,-12.5,9],"rotation":{"angle":0,"axis":"y","origin":[0,-27,0]},"faces":{"north":{"uv":[0.25,2.75,1,3.5],"texture":"#0"},"east":{"uv":[0.25,2.75,1,3.5],"texture":"#0"},"south":{"uv":[0.25,2.75,1,3.5],"texture":"#0"},"west":{"uv":[0.25,2.75,1,3.5],"texture":"#0"},"up":{"uv":[0.25,2.75,1,3.5],"texture":"#0"},"down":{"uv":[0.25,2.75,1,3.5],"texture":"#0"}}}],"display":{"thirdperson_righthand":{"translation":[0,-2.781,0.6956],"scale":[0.5,0.5,0.5]},"thirdperson_lefthand":{"rotation":[60,0,0],"translation":[-6.2,-7.6,6.4],"scale":[0.9,0.9,0.9]},"firstperson_righthand":{"scale":[0,0,0]},"firstperson_lefthand":{"scale":[0,0,0]},"ground":{"translation":[0,-2.782,0],"scale":[0.5,0.5,0.5]},"gui":{"rotation":[14,143,-1],"translation":[-1.9,-5.564,0],"scale":[0.4,0.4,0.4]},"head":{"translation":[0.1956,-27.25,6.42],"scale":[1.5,1.5,1.5]}}}