{"credit":"Made with Blockbench","texture_size":[128,128],"textures":{"1":"cosmetics:cupidon_wings","particle":"cosmetics:cupidon_wings"},"elements":[{"from":[7.57,10.98,6.66523],"to":[8.35,12.54,21.48523],"rotation":{"angle":-22.5,"axis":"x","origin":[7.18,17.61,21.48523]},"faces":{"north":{"uv":[4.125,7.125,4.375,7.375],"texture":"#1"},"east":{"uv":[0,5.75,2.375,6],"texture":"#1"},"south":{"uv":[6.625,7.125,6.875,7.375],"texture":"#1"},"west":{"uv":[2.375,5.75,4.75,6],"texture":"#1"},"up":{"uv":[5,8.125,4.75,5.75],"texture":"#1"},"down":{"uv":[5.25,5.75,5,8.125],"texture":"#1"}}},{"from":[7.57,0.84,-3.47477],"to":[8.35,2.4,11.34523],"rotation":{"angle":22.5,"axis":"x","origin":[7.18,17.61,21.48523]},"faces":{"north":{"uv":[7.125,7,7.375,7.25],"texture":"#1"},"east":{"uv":[5.25,5.75,7.625,6],"texture":"#1"},"south":{"uv":[1,7.25,1.25,7.5],"texture":"#1"},"west":{"uv":[0,6,2.375,6.25],"texture":"#1"},"up":{"uv":[2.625,8.375,2.375,6],"texture":"#1"},"down":{"uv":[2.875,6,2.625,8.375],"texture":"#1"}}},{"from":[7.57,12.306,18.52955],"to":[8.35,13.866,23.20955],"rotation":{"angle":-45,"axis":"x","origin":[8.35,18.43731,22.31255]},"faces":{"north":{"uv":[7.125,6.75,7.375,7],"texture":"#1"},"east":{"uv":[1,7,1.75,7.25],"texture":"#1"},"south":{"uv":[6.875,7.125,7.125,7.375],"texture":"#1"},"west":{"uv":[7,6,7.75,6.25],"texture":"#1"},"up":{"uv":[2.375,7.5,2.125,6.75],"texture":"#1"},"down":{"uv":[6,6.875,5.75,7.625],"texture":"#1"}}},{"from":[7.57,-7.74,0.97955],"to":[8.35,-6.18,5.65955],"rotation":{"angle":45,"axis":"x","origin":[8.35,18.43731,22.31255]},"faces":{"north":{"uv":[1.25,7.25,1.5,7.5],"texture":"#1"},"east":{"uv":[0,7.125,0.75,7.375],"texture":"#1"},"south":{"uv":[1.5,7.25,1.75,7.5],"texture":"#1"},"west":{"uv":[2.875,7.125,3.625,7.375],"texture":"#1"},"up":{"uv":[6.25,7.625,6,6.875],"texture":"#1"},"down":{"uv":[1,7.125,0.75,7.875],"texture":"#1"}}},{"from":[6.985,5.715,8.03023],"to":[8.935,11.175,11.15023],"rotation":{"angle":45,"axis":"x","origin":[8.35,7.08,5.49523]},"faces":{"north":{"uv":[5.25,6,5.75,6.875],"texture":"#1"},"east":{"uv":[5.75,6,6.25,6.875],"texture":"#1"},"south":{"uv":[0,6.25,0.5,7.125],"texture":"#1"},"west":{"uv":[0.5,6.25,1,7.125],"texture":"#1"},"up":{"uv":[2.25,6.75,1.75,6.25],"texture":"#1"},"down":{"uv":[3.375,6.625,2.875,7.125],"texture":"#1"}}},{"from":[6.205,6.105,8.42023],"to":[9.715,10.005,10.76023],"rotation":{"angle":45,"axis":"x","origin":[8.35,7.08,5.49523]},"faces":{"north":{"uv":[2.875,6,3.625,6.625],"texture":"#1"},"east":{"uv":[4.375,6,4.75,6.625],"texture":"#1"},"south":{"uv":[3.625,6,4.375,6.625],"texture":"#1"},"west":{"uv":[4.375,6.625,4.75,7.25],"texture":"#1"},"up":{"uv":[1.75,6.625,1,6.25],"texture":"#1"},"down":{"uv":[7,6,6.25,6.375],"texture":"#1"}}},{"from":[6.205,6.105,6.86023],"to":[9.715,8.445,8.42023],"rotation":{"angle":45,"axis":"x","origin":[8.35,7.08,5.49523]},"faces":{"north":{"uv":[6.25,6.375,7,6.75],"texture":"#1"},"east":{"uv":[3.625,7.125,3.875,7.5],"texture":"#1"},"south":{"uv":[1,6.625,1.75,7],"texture":"#1"},"west":{"uv":[3.875,7.125,4.125,7.5],"texture":"#1"},"up":{"uv":[7.75,6.5,7,6.25],"texture":"#1"},"down":{"uv":[7.75,6.5,7,6.75],"texture":"#1"}}},{"from":[6.985,5.715,5.69023],"to":[8.935,8.835,8.03023],"rotation":{"angle":45,"axis":"x","origin":[8.35,7.08,5.49523]},"faces":{"north":{"uv":[3.375,6.625,3.875,7.125],"texture":"#1"},"east":{"uv":[1.75,6.75,2.125,7.25],"texture":"#1"},"south":{"uv":[3.875,6.625,4.375,7.125],"texture":"#1"},"west":{"uv":[6.25,6.75,6.625,7.25],"texture":"#1"},"up":{"uv":[7.125,7.125,6.625,6.75],"texture":"#1"},"down":{"uv":[5.75,6.875,5.25,7.25],"texture":"#1"}}},{"from":[8.15,4.545,7.04],"to":[8.15,22.68,32],"rotation":{"angle":-45,"axis":"x","origin":[9.13,12.15,30.84523]},"faces":{"north":{"uv":[0,0,0,2.875],"texture":"#1"},"east":{"uv":[0,0,4,2.875],"texture":"#1"},"south":{"uv":[0,0,0,2.875],"texture":"#1"},"west":{"uv":[0,2.875,4,5.75],"texture":"#1"},"up":{"uv":[0,4,0,0],"texture":"#1"},"down":{"uv":[0,0,0,4],"texture":"#1"}}},{"from":[7.85,-2.82998,-14.57727],"to":[7.85,15.30502,10.38273],"rotation":{"angle":45,"axis":"x","origin":[8.35,7.98752,-5.03378]},"faces":{"north":{"uv":[0,0,0,2.875],"texture":"#1"},"east":{"uv":[8,0,4,2.875],"texture":"#1"},"south":{"uv":[0,0,0,2.875],"texture":"#1"},"west":{"uv":[8,2.875,4,5.75],"texture":"#1"},"up":{"uv":[0,4,0,0],"texture":"#1"},"down":{"uv":[0,0,0,4],"texture":"#1"}}}],"gui_light":"front","display":{"thirdperson_righthand":{"rotation":[72,-88,0],"translation":[-5.75,-10.25,-0.25]},"thirdperson_lefthand":{"rotation":[72,-88,0],"translation":[-5.75,-10.25,-0.25]},"firstperson_righthand":{"translation":[-80,0,-32],"scale":[0,0,0]},"firstperson_lefthand":{"scale":[0,0,0]},"ground":{"rotation":[0,0,90],"translation":[0,-1.5,0]},"gui":{"rotation":[-90,90,90],"translation":[-0.25,0,0],"scale":[0.3,0.3,0.3]},"head":{"rotation":[0,91,0],"translation":[0,-54.5,4],"scale":[1.5,1.5,1.5]},"fixed":{"rotation":[0,90,0],"translation":[0,2,-0.25],"scale":[0.6,0.6,0.6]}}}