{"credit":"Made with Blockbench","textures":{"0":"pokemon/golbat","particle":"pokemon/golbat"},"elements":[{"from":[7,2,6],"to":[7.1,30,22],"rotation":{"angle":-22.5,"axis":"y","origin":[8,3,2]},"faces":{"east":{"uv":[8,8.25,4,14.25],"texture":"#0"},"west":{"uv":[4,8.25,0,14],"texture":"#0"}}},{"from":[-2.125,2,-11],"to":[-2.025,30,5],"rotation":{"angle":22.5,"axis":"y","origin":[-1.125,3,-15]},"faces":{"east":{"uv":[4,8.25,8,14.25],"texture":"#0"},"west":{"uv":[0,8.25,4,14],"texture":"#0"}}}],"display":{"thirdperson_righthand":{"rotation":[0,89,0],"translation":[2.0869,0.0009,-1.07],"scale":[0.5,0.5,0.5]},"thirdperson_lefthand":{"rotation":[60,-90,0],"translation":[-9.3,-2.781,7.6521]},"firstperson_righthand":{"scale":[0,0,0]},"firstperson_lefthand":{"scale":[0,0,0]},"gui":{"rotation":[14,-118,0],"translation":[-3.291,-4.868,0],"scale":[0.5,0.5,0.5]},"head":{"rotation":[-1,92,0],"translation":[4.8,-59.25,-0.16],"scale":[1.5,1.5,1.5]}}}