{"credit":"Made with Blockbench","textures":{"0":"cosmetics:moltres_backpack"},"elements":[{"from":[2.3,7.05,7.8],"to":[7.7,16.95,13.2],"faces":{"north":{"uv":[0,1.75,2.75,3.25],"rotation":90,"texture":"#0"},"east":{"uv":[0,0,2.75,1.5],"rotation":270,"texture":"#0"},"south":{"uv":[3,1.75,5.75,3.25],"rotation":270,"texture":"#0"},"west":{"uv":[3,0,5.75,1.5],"rotation":90,"texture":"#0"},"up":{"uv":[7.75,0,9.25,1.5],"rotation":180,"texture":"#0"},"down":{"uv":[6,0,7.5,1.5],"texture":"#0"}}},{"from":[3.1992,16.9524,10.4984],"to":[12.1992,19.6524,13.1984],"faces":{"north":{"uv":[0,3.5,2,4.25],"texture":"#0"},"east":{"uv":[0,3.5,2,4.25],"rotation":180,"texture":"#0"},"south":{"uv":[0,3.5,2,4.25],"texture":"#0"},"west":{"uv":[0,3.5,2,4.25],"rotation":180,"texture":"#0"},"up":{"uv":[0,3.5,2,4.25],"rotation":180,"texture":"#0"},"down":{"uv":[0,3.5,2,4.25],"texture":"#0"}}},{"from":[7.7,19.2,10.05],"to":[7.79,24.6,23.55],"faces":{"east":{"uv":[4,8,7.75,9.5],"texture":"#0"},"west":{"uv":[0,8,3.75,9.5],"texture":"#0"}}},{"from":[7.7,-7.35,9.6],"to":[7.79,7.05,17.7],"faces":{"east":{"uv":[0,12.75,3.75,15],"rotation":270,"texture":"#0"},"west":{"uv":[0,10.25,3.75,12.5],"rotation":90,"texture":"#0"}}},{"from":[-11.155,11.55,13.155],"to":[3.245,25.95,13.245],"rotation":{"angle":-45,"axis":"z","origin":[-8.455,19.2,13.2]},"faces":{"north":{"uv":[10.5,10.25,14.25,14.25],"texture":"#0"},"south":{"uv":[9.5,0.25,13.25,4.25],"rotation":180,"texture":"#0"}}},{"from":[14.9,5.25,13.155],"to":[29.3,19.65,13.245],"rotation":{"angle":45,"axis":"z","origin":[17.6,12.9,13.2]},"faces":{"north":{"uv":[6.25,10.25,10,14.25],"texture":"#0"},"south":{"uv":[9.5,4.5,13.25,8.5],"rotation":180,"texture":"#0"}}},{"from":[7.7,7.05,7.8],"to":[13.1,16.95,13.2],"faces":{"north":{"uv":[0,1.75,2.75,3.25],"rotation":90,"texture":"#0"},"east":{"uv":[0,0,2.75,1.5],"rotation":270,"texture":"#0"},"south":{"uv":[3,1.75,5.75,3.25],"rotation":270,"texture":"#0"},"west":{"uv":[3,0,5.75,1.5],"rotation":90,"texture":"#0"},"up":{"uv":[7.75,0,9.25,1.5],"rotation":180,"texture":"#0"},"down":{"uv":[6,0,7.5,1.5],"texture":"#0"}}},{"from":[3.1992,16.9524,7.7984],"to":[12.1992,19.6524,10.4984],"faces":{"north":{"uv":[0,3.5,2,4.25],"texture":"#0"},"east":{"uv":[0,3.5,2,4.25],"rotation":180,"texture":"#0"},"south":{"uv":[0,3.5,2,4.25],"texture":"#0"},"west":{"uv":[0,3.5,2,4.25],"rotation":180,"texture":"#0"},"up":{"uv":[0,3.5,2,4.25],"rotation":180,"texture":"#0"},"down":{"uv":[0,3.5,2,4.25],"texture":"#0"}}},{"from":[3.1992,7.9524,11.3984],"to":[12.1992,10.6524,14.0984],"faces":{"north":{"uv":[7.25,10.75,9.25,11.5],"texture":"#0"},"east":{"uv":[7.5,10.75,8.25,11.5],"rotation":180,"texture":"#0"},"south":{"uv":[7.25,10.75,9.25,11.5],"texture":"#0"},"west":{"uv":[7.5,10.75,8.25,11.5],"rotation":180,"texture":"#0"},"up":{"uv":[7.25,10.75,9.25,11.5],"rotation":180,"texture":"#0"},"down":{"uv":[7.25,10.75,9.25,11.5],"texture":"#0"}}},{"from":[3.1992,10.6524,11.3984],"to":[12.1992,13.3524,14.0984],"faces":{"north":{"uv":[7.25,10.75,9.25,11.5],"texture":"#0"},"east":{"uv":[7.5,10.75,8.25,11.5],"rotation":180,"texture":"#0"},"south":{"uv":[7.25,10.75,9.25,11.5],"texture":"#0"},"west":{"uv":[7.5,10.75,8.25,11.5],"rotation":180,"texture":"#0"},"up":{"uv":[7.25,10.75,9.25,11.5],"rotation":180,"texture":"#0"},"down":{"uv":[7.25,10.75,9.25,11.5],"texture":"#0"}}},{"from":[3.2,7.5,1.05],"to":[4.1,8.4,8.25],"faces":{"north":{"uv":[1,0.5,1.25,0.75],"texture":"#0"},"east":{"uv":[1,0.5,1.25,0.75],"texture":"#0"},"south":{"uv":[1,0.5,1.25,0.75],"texture":"#0"},"west":{"uv":[1,0.5,1.25,0.75],"texture":"#0"},"up":{"uv":[1,0.5,1.25,0.75],"texture":"#0"},"down":{"uv":[1,0.5,1.25,0.75],"texture":"#0"}}},{"from":[3.2,15.6,1.05],"to":[4.1,16.5,8.25],"faces":{"north":{"uv":[1,0.5,1.25,0.75],"texture":"#0"},"east":{"uv":[1,0.5,1.25,0.75],"texture":"#0"},"south":{"uv":[1,0.5,1.25,0.75],"texture":"#0"},"west":{"uv":[1,0.5,1.25,0.75],"texture":"#0"},"up":{"uv":[1,0.5,1.25,0.75],"texture":"#0"},"down":{"uv":[1,0.5,1.25,0.75],"texture":"#0"}}},{"from":[3.2,8.4,1.05],"to":[4.1,15.6,1.95],"faces":{"north":{"uv":[1,0.5,1.25,0.75],"texture":"#0"},"east":{"uv":[1,0.5,1.25,0.75],"texture":"#0"},"south":{"uv":[1,0.5,1.25,0.75],"texture":"#0"},"west":{"uv":[1,0.5,1.25,0.75],"texture":"#0"},"up":{"uv":[1,0.5,1.25,0.75],"texture":"#0"},"down":{"uv":[1,0.5,1.25,0.75],"texture":"#0"}}},{"from":[11.3,7.5,1.05],"to":[12.2,8.4,8.25],"faces":{"north":{"uv":[1,0.5,1.25,0.75],"texture":"#0"},"east":{"uv":[1,0.5,1.25,0.75],"texture":"#0"},"south":{"uv":[1,0.5,1.25,0.75],"texture":"#0"},"west":{"uv":[1,0.5,1.25,0.75],"texture":"#0"},"up":{"uv":[1,0.5,1.25,0.75],"texture":"#0"},"down":{"uv":[1,0.5,1.25,0.75],"texture":"#0"}}},{"from":[11.3,8.4,1.05],"to":[12.2,15.6,1.95],"faces":{"north":{"uv":[1,0.5,1.25,0.75],"texture":"#0"},"east":{"uv":[1,0.5,1.25,0.75],"texture":"#0"},"south":{"uv":[1,0.5,1.25,0.75],"texture":"#0"},"west":{"uv":[1,0.5,1.25,0.75],"texture":"#0"},"up":{"uv":[1,0.5,1.25,0.75],"texture":"#0"},"down":{"uv":[1,0.5,1.25,0.75],"texture":"#0"}}},{"from":[11.3,15.6,1.05],"to":[12.2,16.5,8.25],"faces":{"north":{"uv":[1,0.5,1.25,0.75],"texture":"#0"},"east":{"uv":[1,0.5,1.25,0.75],"texture":"#0"},"south":{"uv":[1,0.5,1.25,0.75],"texture":"#0"},"west":{"uv":[1,0.5,1.25,0.75],"texture":"#0"},"up":{"uv":[1,0.5,1.25,0.75],"texture":"#0"},"down":{"uv":[1,0.5,1.25,0.75],"texture":"#0"}}}],"display":{"thirdperson_righthand":{"scale":[0.0001,0.0001,0.0001]},"thirdperson_lefthand":{"rotation":[70,0,0],"translation":[-6.25,-6.873,6.2608],"scale":[0.9,0.9,0.9]},"firstperson_righthand":{"scale":[0,0,0]},"firstperson_lefthand":{"scale":[0,0,0]},"ground":{"scale":[0.0001,0.0001,0.0001]},"gui":{"rotation":[30,135,0],"translation":[-1.5,-2,0],"scale":[0.45,0.45,0.45]},"head":{"translation":[0.5,-65.25,3.75],"scale":[1.5,1.5,1.5]},"fixed":{"scale":[0.0001,0.0001,0.0001]}}}