{"credit":"Made with Blockbench","textures":{"0":"cosmetics:pikachu_backpack","particle":"cosmetics:pikachu_backpack"},"elements":[{"from":[-1.5,9,6.001],"to":[8.5,13,6.101],"rotation":{"angle":-45,"axis":"z","origin":[10.5,13,0.501]},"faces":{"north":{"uv":[1.25,2.75,2.25,5.75],"rotation":90,"texture":"#0"},"south":{"uv":[0,2.75,1,5.75],"rotation":270,"texture":"#0"}}},{"from":[4.5,12,6.001],"to":[8.5,22,6.101],"rotation":{"angle":-45,"axis":"z","origin":[8.5,10,0.501]},"faces":{"north":{"uv":[0,2.75,1,5.75],"texture":"#0"},"south":{"uv":[1.25,2.75,2.25,5.75],"texture":"#0"}}},{"from":[3,0,2],"to":[14,12,11],"faces":{"north":{"uv":[2.5,4,5.25,7],"texture":"#0"},"east":{"uv":[2.5,4,5,7],"texture":"#0"},"south":{"uv":[2.5,4,5.25,7],"texture":"#0"},"west":{"uv":[2.5,4,5,7],"rotation":180,"texture":"#0"},"up":{"uv":[2.5,4.25,5.25,6.75],"texture":"#0"},"down":{"uv":[2.5,4.25,5.25,6.75],"texture":"#0"}}},{"from":[4.5,9,1.99],"to":[12.5,16,10.99],"faces":{"north":{"uv":[0,0,2.25,2.25],"texture":"#0"},"east":{"uv":[5,0,7.25,2],"texture":"#0"},"south":{"uv":[7.5,0,9.75,2.25],"texture":"#0"},"west":{"uv":[2.5,0,4.75,2],"texture":"#0"},"up":{"uv":[7.5,0,9.75,2.25],"texture":"#0"},"down":{"uv":[0,0,9,9],"texture":"#0"}}},{"from":[4,0,11],"to":[6,1,17],"faces":{"north":{"uv":[0,0,2,1],"texture":"#0"},"east":{"uv":[5.75,6,7.5,6.25],"texture":"#0"},"south":{"uv":[5.75,6,7.5,6.5],"rotation":270,"texture":"#0"},"west":{"uv":[5.75,6,7.5,6.25],"texture":"#0"},"up":{"uv":[5.75,6,7.5,6.5],"rotation":270,"texture":"#0"},"down":{"uv":[5.75,6,7.5,6.5],"rotation":270,"texture":"#0"}}},{"from":[4,12,11],"to":[6,13,17],"faces":{"north":{"uv":[5.75,6,7.5,6.5],"rotation":270,"texture":"#0"},"east":{"uv":[5.75,6,7.5,6.25],"texture":"#0"},"south":{"uv":[5.75,6,7.5,6.5],"rotation":270,"texture":"#0"},"west":{"uv":[5.75,6,7.5,6.25],"texture":"#0"},"up":{"uv":[5.75,6,7.5,6.5],"rotation":270,"texture":"#0"},"down":{"uv":[5.75,6,7.5,6.5],"rotation":270,"texture":"#0"}}},{"from":[10,12,11],"to":[12,13,17],"faces":{"north":{"uv":[0,0,2,1],"texture":"#0"},"east":{"uv":[5.75,6,7.5,6.25],"texture":"#0"},"south":{"uv":[5.75,6,7.5,6.5],"rotation":270,"texture":"#0"},"west":{"uv":[5.75,6,7.5,6.25],"texture":"#0"},"up":{"uv":[5.75,6,7.5,6.5],"rotation":270,"texture":"#0"},"down":{"uv":[5.75,6,7.5,6.5],"rotation":270,"texture":"#0"}}},{"from":[10,0,11],"to":[12,1,17],"faces":{"north":{"uv":[0,0,2,1],"texture":"#0"},"east":{"uv":[5.75,6,7.5,6.25],"texture":"#0"},"south":{"uv":[5.75,6,7.5,6.5],"rotation":270,"texture":"#0"},"west":{"uv":[5.75,6,7.25,6.25],"texture":"#0"},"up":{"uv":[5.75,6,7.25,6.5],"rotation":270,"texture":"#0"},"down":{"uv":[5.75,6,7.5,6.5],"rotation":270,"texture":"#0"}}},{"from":[4,1,16],"to":[6,12,17],"faces":{"north":{"uv":[5.75,6,7.5,6.5],"rotation":270,"texture":"#0"},"east":{"uv":[5.75,6,7.5,6.25],"texture":"#0"},"south":{"uv":[5.75,6,7.5,6.5],"rotation":270,"texture":"#0"},"west":{"uv":[5.75,6,7.5,6.25],"texture":"#0"},"up":{"uv":[0,0,2,1],"texture":"#0"},"down":{"uv":[0,0,2,1],"texture":"#0"}}},{"from":[10,1,16],"to":[12,12,17],"faces":{"north":{"uv":[5.75,6,7.5,6.5],"rotation":270,"texture":"#0"},"east":{"uv":[5.75,6,7.5,6.25],"texture":"#0"},"south":{"uv":[5.75,6,7.5,6.5],"rotation":270,"texture":"#0"},"west":{"uv":[5.75,6,7.5,6.25],"texture":"#0"},"up":{"uv":[0,0,2,1],"texture":"#0"},"down":{"uv":[0,0,2,1],"texture":"#0"}}},{"from":[14,0,4],"to":[15,9,9],"faces":{"north":{"uv":[8,4.75,8.25,7],"texture":"#0"},"east":{"uv":[8,4.75,9.25,7],"texture":"#0"},"south":{"uv":[8,4.75,8.25,7],"texture":"#0"},"west":{"uv":[0,0,5,9],"texture":"#0"},"up":{"uv":[8,4.75,9.25,5],"texture":"#0"},"down":{"uv":[8,4.75,9.25,5],"texture":"#0"}}},{"from":[2,0,4],"to":[3,9,9],"faces":{"north":{"uv":[8,4.75,8.25,7],"texture":"#0"},"east":{"uv":[0,0,5,9],"texture":"#0"},"south":{"uv":[8,4.75,8.25,7],"texture":"#0"},"west":{"uv":[8,4.75,9.25,7],"texture":"#0"},"up":{"uv":[8,4.75,9.25,5],"texture":"#0"},"down":{"uv":[8,4.75,9.25,5],"texture":"#0"}}},{"from":[4,1,1],"to":[13,8,2],"faces":{"north":{"uv":[5.5,5.25,7.75,7],"texture":"#0"},"east":{"uv":[5.5,5.25,5.75,7],"texture":"#0"},"south":{"uv":[0,0,9,7],"texture":"#0"},"west":{"uv":[5.5,5.25,5.75,7],"texture":"#0"},"up":{"uv":[5.5,5.25,7.75,5.5],"texture":"#0"},"down":{"uv":[5.5,5.25,7.75,5.5],"texture":"#0"}}},{"from":[-11,8.5,8.5],"to":[3.5,22.5,8.501],"rotation":{"angle":-22.5,"axis":"z","origin":[-11,8.5,8.5]},"faces":{"north":{"uv":[5,9.5,9.75,13.5],"texture":"#0"},"south":{"uv":[10,9.5,14.75,13.5],"texture":"#0"}}}],"display":{"thirdperson_righthand":{"scale":[0.0001,0.0001,0.0001]},"thirdperson_lefthand":{"rotation":[70,180,0],"translation":[-6,-7,9.75],"scale":[0.8,0.8,0.8]},"firstperson_righthand":{"scale":[0.0001,0.0001,0.0001]},"firstperson_lefthand":{"scale":[0.0001,0.0001,0.0001]},"ground":{"scale":[0.0001,0.0001,0.0001]},"gui":{"rotation":[30,135,0],"scale":[0.6,0.6,0.6]},"head":{"rotation":[0,180,0],"translation":[0.5,-58.25,8.25],"scale":[1.3,1.3,1.3]},"fixed":{"scale":[0.0001,0.0001,0.0001]}}}