{
  "parent": "minecraft:block/stone_button_inventory",
  "overrides": [
    {"predicate": {"custom_model_data":1}, "model": "item/crates/vote"},
    {"predicate": {"custom_model_data":2}, "model": "item/crates/uncommon"},
    {"predicate": {"custom_model_data":3}, "model": "item/crates/rare"},
    {"predicate": {"custom_model_data":4}, "model": "item/crates/mythical"},
    {"predicate": {"custom_model_data":5}, "model": "item/crates/legendary"},
    {"predicate": {"custom_model_data":6}, "model": "item/crates/royal"},
    {"predicate": {"custom_model_data":7}, "model": "item/crates/robot"},
    {"predicate": {"custom_model_data":8}, "model": "item/crates/pet"},
    {"predicate": {"custom_model_data":9}, "model": "item/crates/monthly"},
	{"predicate": {"custom_model_data":10}, "model": "item/crates/skin"}
  ]
}