{"providers":[{"file":"char/black.png","chars":[""],"height":1,"ascent":-5000,"type":"bitmap"},{"file":"char/black.png","chars":[""],"height":2,"ascent":-5000,"type":"bitmap"},{"file":"char/black.png","chars":[""],"height":3,"ascent":-5000,"type":"bitmap"},{"file":"char/black.png","chars":[""],"height":4,"ascent":-5000,"type":"bitmap"},{"file":"char/black.png","chars":[""],"height":5,"ascent":-5000,"type":"bitmap"},{"file":"char/black.png","chars":[""],"height":6,"ascent":-5000,"type":"bitmap"},{"file":"char/black.png","chars":[""],"height":7,"ascent":-5000,"type":"bitmap"},{"file":"char/black.png","chars":[""],"height":15,"ascent":-5000,"type":"bitmap"},{"file":"char/black.png","chars":[""],"height":31,"ascent":-5000,"type":"bitmap"},{"file":"char/black.png","chars":[""],"height":63,"ascent":-5000,"type":"bitmap"},{"file":"char/black.png","chars":[""],"height":127,"ascent":-5000,"type":"bitmap"},{"file":"char/black.png","chars":[""],"height":256,"ascent":-5000,"type":"bitmap"},{"file":"char/black.png","chars":[""],"height":512,"ascent":-5000,"type":"bitmap"},{"file":"char/black.png","chars":[""],"height":1024,"ascent":-5000,"type":"bitmap"},{"file":"char/black.png","chars":[""],"height":-3,"ascent":-5000,"type":"bitmap"},{"file":"char/black.png","chars":[""],"height":-4,"ascent":-5000,"type":"bitmap"},{"file":"char/black.png","chars":[""],"height":-5,"ascent":-5000,"type":"bitmap"},{"file":"char/black.png","chars":[""],"height":-6,"ascent":-5000,"type":"bitmap"},{"file":"char/black.png","chars":[""],"height":-7,"ascent":-5000,"type":"bitmap"},{"file":"char/black.png","chars":[""],"height":-8,"ascent":-5000,"type":"bitmap"},{"file":"char/black.png","chars":[""],"height":-9,"ascent":-5000,"type":"bitmap"},{"file":"char/black.png","chars":[""],"height":-10,"ascent":-5000,"type":"bitmap"},{"file":"char/black.png","chars":[""],"height":-18,"ascent":-5000,"type":"bitmap"},{"file":"char/black.png","chars":[""],"height":-34,"ascent":-5000,"type":"bitmap"},{"file":"char/black.png","chars":[""],"height":-66,"ascent":-5000,"type":"bitmap"},{"file":"char/black.png","chars":[""],"height":-130,"ascent":-5000,"type":"bitmap"},{"file":"char/black.png","chars":[""],"height":-259,"ascent":-5000,"type":"bitmap"},{"file":"char/black.png","chars":[""],"height":-515,"ascent":-5000,"type":"bitmap"},{"file":"char/black.png","chars":[""],"height":-1027,"ascent":-5000,"type":"bitmap"},{"file":"symbols:emojis/wave.png","chars":[""],"height":9,"ascent":8,"type":"bitmap"},{"file":"symbols:emojis/triumph.png","chars":[""],"height":9,"ascent":8,"type":"bitmap"},{"file":"symbols:emojis/thumbs_up.png","chars":[""],"height":9,"ascent":8,"type":"bitmap"},{"file":"symbols:emojis/thumbs_down.png","chars":[""],"height":9,"ascent":8,"type":"bitmap"},{"file":"symbols:emojis/sunglasses.png","chars":[""],"height":9,"ascent":8,"type":"bitmap"},{"file":"symbols:emojis/smile.png","chars":[""],"height":9,"ascent":8,"type":"bitmap"},{"file":"symbols:emojis/skull.png","chars":[""],"height":9,"ascent":8,"type":"bitmap"},{"file":"symbols:emojis/rat.png","chars":[""],"height":9,"ascent":8,"type":"bitmap"},{"file":"symbols:emojis/purple_heart.png","chars":[""],"height":9,"ascent":8,"type":"bitmap"},{"file":"symbols:emojis/joy.png","chars":[""],"height":9,"ascent":8,"type":"bitmap"},{"file":"symbols:emojis/fire.png","chars":[""],"height":9,"ascent":8,"type":"bitmap"},{"file":"symbols:emojis/heart.png","chars":[""],"height":9,"ascent":8,"type":"bitmap"},{"file":"symbols:emojis/eyes.png","chars":[""],"height":9,"ascent":8,"type":"bitmap"},{"file":"symbols:tags/premium_ranks/premium_crown.png","chars":["迹"],"height":9,"ascent":8,"type":"bitmap"},{"file":"symbols:tags/premium_ranks/trainer.png","chars":["游"],"height":9,"ascent":8,"type":"bitmap"},{"file":"symbols:tags/premium_ranks/pro.png","chars":["树"],"height":9,"ascent":8,"type":"bitmap"},{"file":"symbols:tags/premium_ranks/ace.png","chars":["层"],"height":9,"ascent":8,"type":"bitmap"},{"file":"symbols:tags/premium_ranks/ultra.png","chars":["洲"],"height":9,"ascent":8,"type":"bitmap"},{"file":"symbols:tags/premium_ranks/master.png","chars":["射"],"height":9,"ascent":8,"type":"bitmap"},{"file":"symbols:tags/premium_ranks/mythic.png","chars":["略"],"height":9,"ascent":8,"type":"bitmap"},{"file":"symbols:tags/premium_ranks/primal.png","chars":["竟"],"height":9,"ascent":8,"type":"bitmap"},{"file":"symbols:tags/premium_ranks/legend.png","chars":["句"],"height":9,"ascent":8,"type":"bitmap"},{"file":"symbols:tags/premium_ranks/eternal.png","chars":["˅"],"height":9,"ascent":8,"type":"bitmap"},{"file":"symbols:tags/staff_ranks/media.png","chars":["宗"],"height":9,"ascent":8,"type":"bitmap"},{"file":"symbols:tags/staff_ranks/builder.png","chars":["征"],"height":9,"ascent":8,"type":"bitmap"},{"file":"symbols:tags/staff_ranks/helper.png","chars":["余"],"height":9,"ascent":8,"type":"bitmap"},{"file":"symbols:tags/staff_ranks/moderator.png","chars":["检"],"height":9,"ascent":8,"type":"bitmap"},{"file":"symbols:tags/staff_ranks/senior_mod.png","chars":["协"],"height":9,"ascent":8,"type":"bitmap"},{"file":"symbols:tags/staff_ranks/admin.png","chars":["银"],"height":9,"ascent":8,"type":"bitmap"},{"file":"symbols:tags/staff_ranks/developer.png","chars":["刘"],"height":9,"ascent":8,"type":"bitmap"},{"file":"symbols:tags/staff_ranks/manager.png","chars":["沉"],"height":9,"ascent":8,"type":"bitmap"},{"file":"symbols:tags/staff_ranks/owner.png","chars":["皇"],"height":9,"ascent":8,"type":"bitmap"},{"file":"symbols:tags/box/summer_stars.png","chars":["那"],"height":9,"ascent":8,"type":"bitmap"},{"file":"symbols:tags/box/summer_boxfont.png","chars":["子"],"height":9,"ascent":8,"type":"bitmap"},{"file":"_iainternal:gui/cooking.png","chars":[""],"height":170,"ascent":47,"type":"bitmap"},{"file":"_iainternal:gui/blank_menu.png","chars":[""],"height":170,"ascent":47,"type":"bitmap"},{"file":"_iainternal:gui/smithing.png","chars":[""],"height":170,"ascent":47,"type":"bitmap"},{"file":"_iainternal:hud/small_cooldown_bar/0.png","chars":[""],"height":22,"ascent":-42,"type":"bitmap"},{"file":"_iainternal:hud/small_cooldown_bar/1.png","chars":[""],"height":22,"ascent":-42,"type":"bitmap"},{"file":"_iainternal:hud/small_cooldown_bar/2.png","chars":[""],"height":22,"ascent":-42,"type":"bitmap"},{"file":"_iainternal:hud/small_cooldown_bar/3.png","chars":[""],"height":22,"ascent":-42,"type":"bitmap"},{"file":"_iainternal:hud/small_cooldown_bar/4.png","chars":[""],"height":22,"ascent":-42,"type":"bitmap"},{"file":"_iainternal:hud/small_cooldown_bar/5.png","chars":[""],"height":22,"ascent":-42,"type":"bitmap"},{"file":"_iainternal:hud/small_cooldown_bar/6.png","chars":[""],"height":22,"ascent":-42,"type":"bitmap"},{"file":"_iainternal:hud/small_cooldown_bar/7.png","chars":[""],"height":22,"ascent":-42,"type":"bitmap"},{"file":"_iainternal:hud/small_cooldown_bar/8.png","chars":[""],"height":22,"ascent":-42,"type":"bitmap"},{"file":"_iainternal:hud/small_cooldown_bar/9.png","chars":[""],"height":22,"ascent":-42,"type":"bitmap"},{"file":"_iainternal:hud/small_cooldown_bar/10.png","chars":[""],"height":22,"ascent":-42,"type":"bitmap"},{"file":"_iainternal:hud/small_cooldown_bar/11.png","chars":[""],"height":22,"ascent":-42,"type":"bitmap"},{"file":"_iainternal:hud/small_cooldown_bar/12.png","chars":[""],"height":22,"ascent":-42,"type":"bitmap"},{"file":"_iainternal:hud/small_cooldown_bar/13.png","chars":[""],"height":22,"ascent":-42,"type":"bitmap"},{"file":"_iainternal:hud/small_cooldown_bar/14.png","chars":[""],"height":22,"ascent":-42,"type":"bitmap"},{"file":"_iainternal:hud/small_cooldown_bar/15.png","chars":[""],"height":22,"ascent":-42,"type":"bitmap"},{"file":"_iainternal:hud/small_cooldown_bar/16.png","chars":[""],"height":22,"ascent":-42,"type":"bitmap"},{"file":"_iainternal:hud/small_cooldown_bar/17.png","chars":[""],"height":22,"ascent":-42,"type":"bitmap"},{"file":"_iainternal:hud/small_cooldown_bar/18.png","chars":[""],"height":22,"ascent":-42,"type":"bitmap"},{"file":"_iainternal:hud/small_cooldown_bar/19.png","chars":[""],"height":22,"ascent":-42,"type":"bitmap"},{"file":"_iainternal:hud/small_cooldown_bar/20.png","chars":[""],"height":22,"ascent":-42,"type":"bitmap"},{"file":"symbols:currencies/token.png","chars":["ぺ"],"height":9,"ascent":8,"type":"bitmap"},{"file":"furnitures:signs/chair.png","chars":["武"],"height":50,"ascent":0,"type":"bitmap"},{"file":"furnitures:signs/beach_chair.png","chars":["红"],"height":50,"ascent":0,"type":"bitmap"},{"file":"furnitures:signs/little_table.png","chars":["响"],"height":50,"ascent":0,"type":"bitmap"},{"file":"furnitures:signs/pool_table.png","chars":["虽"],"height":50,"ascent":0,"type":"bitmap"},{"file":"furnitures:signs/garden_bench.png","chars":["推"],"height":50,"ascent":0,"type":"bitmap"},{"file":"furnitures:signs/desk.png","chars":["势"],"height":50,"ascent":0,"type":"bitmap"},{"file":"furnitures:signs/cabinet.png","chars":["参"],"height":50,"ascent":0,"type":"bitmap"},{"file":"furnitures:signs/drawer.png","chars":["希"],"height":50,"ascent":0,"type":"bitmap"},{"file":"symbols:tags/tags/trainer.png","chars":["駅"],"height":9,"ascent":8,"type":"bitmap"},{"file":"symbols:tags/tags/master.png","chars":["当"],"height":9,"ascent":8,"type":"bitmap"},{"file":"symbols:tags/tags/veteran.png","chars":["Δ"],"height":9,"ascent":8,"type":"bitmap"},{"file":"symbols:tags/tags/champion.png","chars":["Ϧ"],"height":9,"ascent":8,"type":"bitmap"},{"file":"symbols:tags/tags/gymleader.png","chars":["⭱"],"height":9,"ascent":8,"type":"bitmap"},{"file":"symbols:tags/tags/gymsub.png","chars":["⭜"],"height":9,"ascent":8,"type":"bitmap"},{"file":"symbols:tags/tags/gymmanager.png","chars":["⭝"],"height":9,"ascent":8,"type":"bitmap"},{"file":"symbols:tags/tags/gymomni.png","chars":["⭷"],"height":9,"ascent":8,"type":"bitmap"},{"file":"crates:display_menu_vote_crate.png","chars":[""],"height":256,"ascent":176,"type":"bitmap"},{"file":"crates:display_menu_pokeball_crate.png","chars":[""],"height":256,"ascent":60,"type":"bitmap"},{"file":"crates:display_menu_ultraball_crate.png","chars":[""],"height":256,"ascent":166,"type":"bitmap"},{"file":"crates:display_menu_greatball_crate.png","chars":[""],"height":256,"ascent":202,"type":"bitmap"},{"file":"crates:display_menu_duskball_crate.png","chars":[""],"height":256,"ascent":202,"type":"bitmap"},{"file":"crates:display_menu_masterball_crate.png","chars":[""],"height":256,"ascent":60,"type":"bitmap"},{"file":"menus:unique/auction/background.png","chars":[""],"height":256,"ascent":136,"type":"bitmap"},{"file":"menus:unique/pokepass/background.png","chars":[""],"height":256,"ascent":170,"type":"bitmap"},{"file":"menus:unique/vote/background.png","chars":[""],"height":256,"ascent":15,"type":"bitmap"},{"file":"menus:unique/pokepass/pokepass_tier.png","chars":[""],"height":256,"ascent":155,"type":"bitmap"},{"file":"menus:unique/pokedex/background.png","chars":[""],"height":256,"ascent":155,"type":"bitmap"},{"file":"menus:unique/profile/background.png","chars":[""],"height":256,"ascent":137,"type":"bitmap"},{"file":"menus:unique/wiki/species.png","chars":[""],"height":256,"ascent":155,"type":"bitmap"},{"file":"menus:unique/summary/background.png","chars":[""],"height":256,"ascent":137,"type":"bitmap"},{"file":"menus:unique/starter/background.png","chars":[""],"height":256,"ascent":137,"type":"bitmap"},{"file":"menus:unique/daycare/background.png","chars":[""],"height":256,"ascent":155,"type":"bitmap"},{"file":"menus:unique/pc/background.png","chars":[""],"height":256,"ascent":136,"type":"bitmap"},{"file":"menus:unique/pc/inventory.png","chars":[""],"height":256,"ascent":50,"type":"bitmap"},{"file":"menus:unique/recipebook/background.png","chars":[""],"height":256,"ascent":137,"type":"bitmap"},{"file":"menus:unique/giftbox/background.png","chars":[""],"height":256,"ascent":137,"type":"bitmap"},{"file":"menus:unique/pwarps/background.png","chars":[""],"height":256,"ascent":171,"type":"bitmap"},{"file":"menus:unique/lands/background.png","chars":[""],"height":256,"ascent":155,"type":"bitmap"},{"file":"menus:unique/store/background.png","chars":[""],"height":256,"ascent":137,"type":"bitmap"},{"file":"menus:unique/cosmetics/cosmetics.png","chars":[""],"height":256,"ascent":13,"type":"bitmap"},{"file":"menus:unique/store/rank_buy.png","chars":[""],"height":256,"ascent":136,"type":"bitmap"},{"file":"menus:unique/store/rank_select.png","chars":[""],"height":256,"ascent":154,"type":"bitmap"},{"file":"menus:unique/search/background.png","chars":[""],"height":256,"ascent":13,"type":"bitmap"},{"file":"menus:vanilla/crafting.png","chars":[""],"height":256,"ascent":154,"type":"bitmap"},{"file":"custom_esc:top_logo_1.png","chars":[""],"height":64,"ascent":64,"type":"bitmap"},{"file":"custom_esc:top_logo_2.png","chars":[""],"height":64,"ascent":64,"type":"bitmap"},{"file":"custom_esc:top_logo_1.png","chars":["ꃚ"],"height":64,"ascent":8,"type":"bitmap"},{"file":"custom_esc:top_logo_2.png","chars":["ꃛ"],"height":64,"ascent":8,"type":"bitmap"},{"file":"custom_esc:foreground.png","chars":[""],"height":256,"ascent":73,"type":"bitmap"},{"file":"letters:letter/a.png","chars":[""],"height":10,"ascent":10,"type":"bitmap"},{"file":"letters:letter/b.png","chars":[""],"height":10,"ascent":10,"type":"bitmap"},{"file":"letters:letter/c.png","chars":[""],"height":10,"ascent":10,"type":"bitmap"},{"file":"letters:letter/d.png","chars":[""],"height":10,"ascent":10,"type":"bitmap"},{"file":"letters:letter/e.png","chars":[""],"height":10,"ascent":10,"type":"bitmap"},{"file":"letters:letter/f.png","chars":[""],"height":10,"ascent":10,"type":"bitmap"},{"file":"letters:letter/g.png","chars":[""],"height":10,"ascent":10,"type":"bitmap"},{"file":"letters:letter/h.png","chars":[""],"height":10,"ascent":10,"type":"bitmap"},{"file":"letters:letter/i.png","chars":[""],"height":10,"ascent":10,"type":"bitmap"},{"file":"letters:letter/j.png","chars":[""],"height":10,"ascent":10,"type":"bitmap"},{"file":"letters:letter/k.png","chars":[""],"height":10,"ascent":10,"type":"bitmap"},{"file":"letters:letter/l.png","chars":[""],"height":10,"ascent":10,"type":"bitmap"},{"file":"letters:letter/m.png","chars":[""],"height":10,"ascent":10,"type":"bitmap"},{"file":"letters:letter/n.png","chars":[""],"height":10,"ascent":10,"type":"bitmap"},{"file":"letters:letter/o.png","chars":[""],"height":10,"ascent":10,"type":"bitmap"},{"file":"letters:letter/p.png","chars":[""],"height":10,"ascent":10,"type":"bitmap"},{"file":"letters:letter/q.png","chars":[""],"height":10,"ascent":10,"type":"bitmap"},{"file":"letters:letter/r.png","chars":[""],"height":10,"ascent":10,"type":"bitmap"},{"file":"letters:letter/s.png","chars":[""],"height":10,"ascent":10,"type":"bitmap"},{"file":"letters:letter/t.png","chars":[""],"height":10,"ascent":10,"type":"bitmap"},{"file":"letters:letter/u.png","chars":[""],"height":10,"ascent":10,"type":"bitmap"},{"file":"letters:letter/v.png","chars":[""],"height":10,"ascent":10,"type":"bitmap"},{"file":"letters:letter/w.png","chars":[""],"height":10,"ascent":10,"type":"bitmap"},{"file":"letters:letter/x.png","chars":[""],"height":10,"ascent":10,"type":"bitmap"},{"file":"letters:letter/y.png","chars":[""],"height":10,"ascent":10,"type":"bitmap"},{"file":"letters:letter/z.png","chars":[""],"height":10,"ascent":10,"type":"bitmap"},{"file":"letters:letter/0.png","chars":[""],"height":10,"ascent":10,"type":"bitmap"},{"file":"letters:letter/1.png","chars":[""],"height":10,"ascent":10,"type":"bitmap"},{"file":"letters:letter/2.png","chars":[""],"height":10,"ascent":10,"type":"bitmap"},{"file":"letters:letter/3.png","chars":[""],"height":10,"ascent":10,"type":"bitmap"},{"file":"letters:letter/4.png","chars":[""],"height":10,"ascent":10,"type":"bitmap"},{"file":"letters:letter/5.png","chars":[""],"height":10,"ascent":10,"type":"bitmap"},{"file":"letters:letter/6.png","chars":[""],"height":10,"ascent":10,"type":"bitmap"},{"file":"letters:letter/7.png","chars":[""],"height":10,"ascent":10,"type":"bitmap"},{"file":"letters:letter/8.png","chars":[""],"height":10,"ascent":10,"type":"bitmap"},{"file":"letters:letter/9.png","chars":[""],"height":10,"ascent":10,"type":"bitmap"},{"file":"letters:letter/space.png","chars":[""],"height":10,"ascent":10,"type":"bitmap"},{"file":"letters:letter/question.png","chars":[""],"height":10,"ascent":10,"type":"bitmap"},{"file":"letters:letter/exclaim.png","chars":[""],"height":10,"ascent":10,"type":"bitmap"},{"file":"letters:letter/colon.png","chars":[""],"height":10,"ascent":10,"type":"bitmap"},{"file":"letters:letter/forward_slash.png","chars":[""],"height":10,"ascent":10,"type":"bitmap"},{"file":"letters:letter/back_slash.png","chars":[""],"height":10,"ascent":10,"type":"bitmap"},{"file":"menus:template/gui_1_lines.png","chars":[""],"height":256,"ascent":225,"type":"bitmap"},{"file":"menus:template/gui_2_lines.png","chars":[""],"height":256,"ascent":208,"type":"bitmap"},{"file":"menus:template/gui_3_lines.png","chars":[""],"height":256,"ascent":190,"type":"bitmap"},{"file":"menus:template/gui_4_lines.png","chars":[""],"height":256,"ascent":172,"type":"bitmap"},{"file":"menus:template/gui_5_lines.png","chars":[""],"height":256,"ascent":154,"type":"bitmap"},{"file":"menus:template/gui_6_lines.png","chars":[""],"height":256,"ascent":136,"type":"bitmap"},{"file":"menus:template/gui_1_gridless.png","chars":[""],"height":256,"ascent":225,"type":"bitmap"},{"file":"menus:template/gui_2_gridless.png","chars":[""],"height":256,"ascent":208,"type":"bitmap"},{"file":"menus:template/gui_3_gridless.png","chars":[""],"height":256,"ascent":190,"type":"bitmap"},{"file":"menus:template/gui_4_gridless.png","chars":[""],"height":256,"ascent":172,"type":"bitmap"},{"file":"menus:template/gui_5_gridless.png","chars":[""],"height":256,"ascent":158,"type":"bitmap"},{"file":"menus:template/gui_6_gridless.png","chars":[""],"height":256,"ascent":136,"type":"bitmap"},{"file":"menus:template/gui_inventory.png","chars":[""],"height":256,"ascent":50,"type":"bitmap"},{"file":"menus:template/gui_inventory.png","chars":[""],"height":256,"ascent":68,"type":"bitmap"},{"file":"menus:template/gui_inventory.png","chars":[""],"height":256,"ascent":86,"type":"bitmap"},{"file":"menus:template/gui_inventory.png","chars":[""],"height":256,"ascent":104,"type":"bitmap"},{"file":"menus:template/gui_inventory.png","chars":[""],"height":256,"ascent":122,"type":"bitmap"},{"file":"menus:template/gui_inventory.png","chars":[""],"height":256,"ascent":137,"type":"bitmap"},{"file":"symbols:icons/hologram/commands_hologram.png","chars":["矿"],"height":9,"ascent":8,"type":"bitmap"},{"file":"symbols:icons/hologram/rtp_hologram.png","chars":["旋"],"height":9,"ascent":8,"type":"bitmap"},{"file":"symbols:icons/hologram/ranks_hologram.png","chars":["冬"],"height":9,"ascent":8,"type":"bitmap"},{"file":"symbols:icons/hologram/menu_hologram.png","chars":["奉"],"height":9,"ascent":8,"type":"bitmap"},{"file":"symbols:icons/hologram/wiki_hologram.png","chars":["奉"],"height":9,"ascent":8,"type":"bitmap"},{"file":"symbols:icons/hologram/store_hologram.png","chars":["壁"],"height":9,"ascent":8,"type":"bitmap"},{"file":"symbols:icons/hologram/vote_hologram.png","chars":["凶"],"height":9,"ascent":8,"type":"bitmap"},{"file":"symbols:icons/hologram/ip_hologram.png","chars":["署"],"height":9,"ascent":8,"type":"bitmap"},{"file":"symbols:icons/rarities/easter.png","chars":["⺡"],"height":9,"ascent":8,"type":"bitmap"},{"file":"symbols:icons/rarities/eastertitle.png","chars":["⚉"],"height":9,"ascent":8,"type":"bitmap"},{"file":"menus:icons/pokecoins.png","chars":["㐀"],"height":13,"ascent":10,"type":"bitmap"},{"file":"menus:icons/pokegems.png","chars":["㐁"],"height":13,"ascent":10,"type":"bitmap"},{"file":"symbols:icons/npc/store.png","chars":["构"],"height":22,"ascent":18,"type":"bitmap"},{"file":"symbols:icons/npc/gyms.png","chars":["平"],"height":19,"ascent":16,"type":"bitmap"},{"file":"symbols:icons/npc/profile.png","chars":["房"],"height":14,"ascent":14,"type":"bitmap"},{"file":"symbols:icons/npc/battlepass.png","chars":["半"],"height":16,"ascent":16,"type":"bitmap"},{"file":"symbols:icons/npc/rtp.png","chars":["节"],"height":16,"ascent":16,"type":"bitmap"},{"file":"symbols:icons/npc/playtime.png","chars":["土"],"height":16,"ascent":16,"type":"bitmap"},{"file":"symbols:icons/npc/pwarps.png","chars":["案"],"height":17,"ascent":16,"type":"bitmap"},{"file":"symbols:icons/npc/rappel.png","chars":["兴"],"height":17,"ascent":16,"type":"bitmap"},{"file":"symbols:icons/npc/warp.png","chars":["派"],"height":18,"ascent":16,"type":"bitmap"},{"file":"symbols:icons/npc/battletower.png","chars":["题"],"height":17,"ascent":16,"type":"bitmap"},{"file":"symbols:icons/npc/cosmetics.png","chars":["ん"],"height":16,"ascent":16,"type":"bitmap"},{"file":"symbols:icons/npc/shop.png","chars":["投"],"height":17,"ascent":16,"type":"bitmap"},{"file":"symbols:icons/npc/tarak.png","chars":["弱"],"height":17,"ascent":16,"type":"bitmap"},{"file":"symbols:logos/logo_tab.png","chars":["ㅙ"],"height":45,"ascent":8,"type":"bitmap"},{"file":"symbols:logos/logo_tab.png","chars":["䫼"],"height":20,"ascent":10,"type":"bitmap"},{"file":"menus:title/drops.png","chars":[""],"height":64,"ascent":7,"type":"bitmap"},{"file":"menus:title/bingo.png","chars":[""],"height":64,"ascent":7,"type":"bitmap"},{"file":"menus:title/pokedex_rewards.png","chars":[""],"height":64,"ascent":10,"type":"bitmap"},{"file":"menus:title/pokemart.png","chars":[""],"height":64,"ascent":10,"type":"bitmap"},{"file":"menus:title/login_rewards.png","chars":[""],"height":64,"ascent":10,"type":"bitmap"},{"file":"menus:title/playtime_rewards.png","chars":[""],"height":64,"ascent":10,"type":"bitmap"},{"file":"menus:title/kits.png","chars":[""],"height":64,"ascent":10,"type":"bitmap"},{"file":"menus:title/gyms.png","chars":[""],"height":64,"ascent":10,"type":"bitmap"},{"file":"menus:title/pc.png","chars":[""],"height":64,"ascent":10,"type":"bitmap"},{"file":"menus:title/favorites_box.png","chars":[""],"height":64,"ascent":10,"type":"bitmap"},{"file":"menus:title/pokemon_info.png","chars":[""],"height":64,"ascent":10,"type":"bitmap"},{"file":"menus:title/wiki.png","chars":[""],"height":64,"ascent":7,"type":"bitmap"},{"file":"menus:title/ev_chart.png","chars":[""],"height":64,"ascent":10,"type":"bitmap"},{"file":"menus:title/ranch_guide.png","chars":[""],"height":64,"ascent":6,"type":"bitmap"},{"file":"menus:title/player_warps.png","chars":[""],"height":64,"ascent":10,"type":"bitmap"},{"type":"bitmap","file":"minecraft:font/accented.png","height":12,"ascent":10,"chars":["ÀÁÂÃÄÅÆÇÈÉÊËÌÍÎÏ","ÐÑÒÓÔÕÖÙÚÛÜÝàáâã","äåæçìíîïñòóôõöùú","ûüýÿĀāĂăĄąĆćĈĉĊċ","ČčĎďĐđĒēĔĕĖėĘęĚě","ĜĝḠḡĞğĠġĢģĤĥĦħĨĩ","ĪīĬĭĮįİıĴĵĶķĹĺĻļ","ĽľĿŀŁłŃńŅņŇňŊŋŌō","ŎŏŐőŒœŔŕŖŗŘřŚśŜŝ","ŞşŠšŢţŤťŦŧŨũŪūŬŭ","ŮůŰűŲųŴŵŶŷŸŹźŻżŽ","žǼǽǾǿȘșȚțΆΈΉΊΌΎΏ","ΐΪΫάέήίΰϊϋόύώЀЁЃ","ЇЌЍЎЙйѐёђѓїћќѝўџ","ҐґḂḃḊḋḞḟḢḣḰḱṀṁṖṗ","ṠṡṪṫẀẁẂẃẄẅỲỳèéêë","ŉǧǫЏḍḥṛṭẒỊịỌọỤụ№","ȇƔɣʃ⁇ǱǲǳǄǅǆǇǈǊǋǌ","ℹᵫꜲꜳꜴꜵꜶꜷꜸꜺꜼꜽꝎꝏꝠꝡ","ﬄﬆᚡᚵƠơƯưẮắẤấẾếốỚ","ớỨứẰằẦầỀềồỜờỪừẢả","ẲẳẨẩẺẻổỞỂểỈỉỎỏỔở","ỦủỬửỶỷẠạẶặẬậẸẹỆệ","ỘộỢợỰựỴỵỐƕẪẫỖỗữ☞","☜☮ẴẵẼẽỄễỒỠỡỮỸỹҘҙ","ҠҡҪҫǶ\u0000\u0000\u0000\u0000\u0000\u0000\u0000\u0000\u0000\u0000\u0000"]},{"type":"bitmap","file":"minecraft:unicode/typedisplay/bug.png","ascent":8,"height":8,"chars":["ꀀ"]},{"type":"bitmap","file":"minecraft:unicode/typedisplay/dark.png","ascent":8,"height":8,"chars":["ꀁ"]},{"type":"bitmap","file":"minecraft:unicode/typedisplay/dragon.png","ascent":8,"height":8,"chars":["ꀂ"]},{"type":"bitmap","file":"minecraft:unicode/typedisplay/electric.png","ascent":8,"height":8,"chars":["ꀃ"]},{"type":"bitmap","file":"minecraft:unicode/typedisplay/fairy.png","ascent":8,"height":8,"chars":["ꀄ"]},{"type":"bitmap","file":"minecraft:unicode/typedisplay/fighting.png","ascent":8,"height":8,"chars":["ꀅ"]},{"type":"bitmap","file":"minecraft:unicode/typedisplay/fire.png","ascent":8,"height":8,"chars":["ꀆ"]},{"type":"bitmap","file":"minecraft:unicode/typedisplay/flying.png","ascent":8,"height":8,"chars":["ꀇ"]},{"type":"bitmap","file":"minecraft:unicode/typedisplay/ghost.png","ascent":8,"height":8,"chars":["ꀈ"]},{"type":"bitmap","file":"minecraft:unicode/typedisplay/grass.png","ascent":8,"height":8,"chars":["ꀉ"]},{"type":"bitmap","file":"minecraft:unicode/typedisplay/ground.png","ascent":8,"height":8,"chars":["ꀊ"]},{"type":"bitmap","file":"minecraft:unicode/typedisplay/ice.png","ascent":8,"height":8,"chars":["ꀋ"]},{"type":"bitmap","file":"minecraft:unicode/typedisplay/physical.png","ascent":6,"height":6,"chars":["ꀌ"]},{"type":"bitmap","file":"minecraft:unicode/typedisplay/poison.png","ascent":8,"height":8,"chars":["ꀍ"]},{"type":"bitmap","file":"minecraft:unicode/typedisplay/rock.png","ascent":8,"height":8,"chars":["ꀎ"]},{"type":"bitmap","file":"minecraft:unicode/typedisplay/special.png","ascent":6,"height":6,"chars":["ꀏ"]},{"type":"bitmap","file":"minecraft:unicode/typedisplay/status.png","ascent":6,"height":6,"chars":["ꀐ"]},{"type":"bitmap","file":"minecraft:unicode/typedisplay/steel.png","ascent":8,"height":8,"chars":["ꀑ"]},{"type":"bitmap","file":"minecraft:unicode/typedisplay/unkown.png","ascent":8,"height":8,"chars":["ꀒ"]},{"type":"bitmap","file":"minecraft:unicode/typedisplay/water.png","ascent":8,"height":8,"chars":["ꀓ"]},{"type":"bitmap","file":"minecraft:unicode/healthbar/health.png","ascent":8,"height":8,"chars":["ꀖ"]},{"type":"bitmap","file":"minecraft:unicode/healthbar/damage.png","ascent":8,"height":8,"chars":["ꀗ"]},{"type":"bitmap","file":"minecraft:unicode/healthbar/empty.png","ascent":8,"height":8,"chars":["ꀘ"]},{"type":"bitmap","file":"minecraft:unicode/healthbar/framestart.png","ascent":8,"height":8,"chars":["ꀙ"]},{"type":"bitmap","file":"minecraft:unicode/healthbar/frameend.png","ascent":8,"height":8,"chars":["ꀚ"]},{"type":"bitmap","file":"minecraft:unicode/typedisplay/psychic.png","ascent":8,"height":8,"chars":["ꀛ"]},{"type":"bitmap","file":"minecraft:unicode/typedisplay/normal.png","ascent":8,"height":8,"chars":["ꀜ"]},{"type":"bitmap","file":"minecraft:unicode/healthbar/darkred.png","ascent":8,"height":8,"chars":["ꀝ"]},{"type":"bitmap","file":"minecraft:unicode/healthbar/yellow.png","ascent":8,"height":8,"chars":["ꀞ"]},{"type":"bitmap","file":"minecraft:unicode/healthbar/white.png","ascent":8,"height":8,"chars":["ꀟ"]},{"type":"bitmap","file":"minecraft:unicode/healthbar/asleep.png","ascent":8,"height":8,"chars":["ꀠ"]},{"type":"bitmap","file":"minecraft:unicode/healthbar/burned.png","ascent":8,"height":8,"chars":["ꀡ"]},{"type":"bitmap","file":"minecraft:unicode/healthbar/fainted.png","ascent":8,"height":8,"chars":["ꀢ"]},{"type":"bitmap","file":"minecraft:unicode/healthbar/frozen.png","ascent":8,"height":8,"chars":["ꀣ"]},{"type":"bitmap","file":"minecraft:unicode/healthbar/paralyzed.png","ascent":8,"height":8,"chars":["ꀤ"]},{"type":"bitmap","file":"minecraft:unicode/healthbar/poisoned.png","ascent":8,"height":8,"chars":["ꀥ"]},{"type":"bitmap","file":"minecraft:gameitems/customitems/badges/honolei_badge.png","ascent":8,"height":8,"chars":["ꀦ"]},{"type":"bitmap","file":"minecraft:gameitems/customitems/badges/lakecross_badge.png","ascent":8,"height":8,"chars":["ꀧ"]},{"type":"bitmap","file":"minecraft:gameitems/customitems/badges/whitebank_badge.png","ascent":8,"height":8,"chars":["ꀨ"]},{"type":"bitmap","file":"minecraft:gameitems/customitems/badges/takayama_badge.png","ascent":8,"height":8,"chars":["ꀩ"]},{"type":"bitmap","file":"minecraft:gameitems/customitems/badges/brokenhowl_badge.png","ascent":8,"height":8,"chars":["ꀪ"]},{"type":"bitmap","file":"minecraft:gameitems/customitems/badges/kamal_badge.png","ascent":8,"height":8,"chars":["ꀫ"]},{"type":"bitmap","file":"minecraft:gameitems/customitems/medicine/rare_candy.png","ascent":8,"height":8,"chars":["ꀬ"]},{"type":"bitmap","file":"minecraft:unicode/icons/exp.png","ascent":8,"height":10,"chars":["ꀭ"]},{"type":"bitmap","file":"minecraft:unicode/icons/pokecoin.png","ascent":8,"height":8,"chars":["ꀮ"]},{"type":"bitmap","file":"minecraft:unicode/icons/pokeball.png","ascent":8,"height":8,"chars":["ꀯ"]},{"type":"bitmap","file":"minecraft:item/filled_map.png","ascent":8,"height":8,"chars":["ꀳ"]},{"type":"bitmap","file":"minecraft:unicode/icons/speechbubble.png","ascent":8,"height":8,"chars":["ꀴ"]},{"type":"bitmap","file":"minecraft:unicode/icons/fastball.png","ascent":8,"height":8,"chars":["ꀵ"]},{"type":"bitmap","file":"minecraft:unicode/icons/friendball.png","ascent":8,"height":8,"chars":["ꀶ"]},{"type":"bitmap","file":"minecraft:unicode/icons/greatball.png","ascent":8,"height":8,"chars":["ꀷ"]},{"type":"bitmap","file":"minecraft:unicode/icons/left-click.png","ascent":7,"height":8,"chars":["᎘"]},{"type":"bitmap","file":"minecraft:unicode/icons/right-click.png","ascent":7,"height":8,"chars":["᎙"]},{"type":"bitmap","file":"minecraft:unicode/icons/shift.png","ascent":7,"height":8,"chars":["Ꭱ"]},{"type":"bitmap","file":"minecraft:unicode/icons/gsball.png","ascent":8,"height":8,"chars":["ꀸ"]},{"type":"bitmap","file":"minecraft:unicode/icons/healball.png","ascent":8,"height":8,"chars":["ꀹ"]},{"type":"bitmap","file":"minecraft:unicode/icons/heavyball.png","ascent":8,"height":8,"chars":["ꀺ"]},{"type":"bitmap","file":"minecraft:unicode/icons/levelball.png","ascent":8,"height":8,"chars":["ꀻ"]},{"type":"bitmap","file":"minecraft:unicode/icons/loveball.png","ascent":8,"height":8,"chars":["ꀼ"]},{"type":"bitmap","file":"minecraft:unicode/icons/lureball.png","ascent":8,"height":8,"chars":["ꀽ"]},{"type":"bitmap","file":"minecraft:unicode/icons/luxuryball.png","ascent":8,"height":8,"chars":["ꀾ"]},{"type":"bitmap","file":"minecraft:unicode/icons/masterball.png","ascent":8,"height":8,"chars":["ꀿ"]},{"type":"bitmap","file":"minecraft:unicode/icons/moonball.png","ascent":8,"height":8,"chars":["ꁀ"]},{"type":"bitmap","file":"minecraft:unicode/icons/nestball.png","ascent":8,"height":8,"chars":["ꁁ"]},{"type":"bitmap","file":"minecraft:unicode/icons/netball.png","ascent":8,"height":8,"chars":["ꁂ"]},{"type":"bitmap","file":"minecraft:unicode/icons/parkball.png","ascent":8,"height":8,"chars":["ꁃ"]},{"type":"bitmap","file":"minecraft:unicode/icons/premierball.png","ascent":8,"height":8,"chars":["ꁄ"]},{"type":"bitmap","file":"minecraft:unicode/icons/quickball.png","ascent":8,"height":8,"chars":["ꁅ"]},{"type":"bitmap","file":"minecraft:unicode/icons/repeatball.png","ascent":8,"height":8,"chars":["ꁆ"]},{"type":"bitmap","file":"minecraft:unicode/icons/safariball.png","ascent":8,"height":8,"chars":["ꁇ"]},{"type":"bitmap","file":"minecraft:unicode/icons/sportball.png","ascent":8,"height":8,"chars":["ꁈ"]},{"type":"bitmap","file":"minecraft:unicode/icons/timerball.png","ascent":8,"height":8,"chars":["ꁉ"]},{"type":"bitmap","file":"minecraft:unicode/icons/ultraball.png","ascent":8,"height":8,"chars":["ꁊ"]},{"type":"bitmap","file":"minecraft:unicode/icons/diveball.png","ascent":8,"height":8,"chars":["ꃆ"]},{"type":"bitmap","file":"minecraft:unicode/icons/pokegem.png","ascent":8,"height":8,"chars":["ꁋ"]},{"type":"bitmap","file":"minecraft:unicode/healthbar/staticbar/staticbar-50.png","ascent":8,"height":8,"chars":["ꁎ"]},{"type":"bitmap","file":"minecraft:unicode/healthbar/staticbar/staticbar-49.png","ascent":8,"height":8,"chars":["ꁏ"]},{"type":"bitmap","file":"minecraft:unicode/healthbar/staticbar/staticbar-48.png","ascent":8,"height":8,"chars":["ꁐ"]},{"type":"bitmap","file":"minecraft:unicode/healthbar/staticbar/staticbar-47.png","ascent":8,"height":8,"chars":["ꁑ"]},{"type":"bitmap","file":"minecraft:unicode/healthbar/staticbar/staticbar-46.png","ascent":8,"height":8,"chars":["ꁒ"]},{"type":"bitmap","file":"minecraft:unicode/healthbar/staticbar/staticbar-45.png","ascent":8,"height":8,"chars":["ꁓ"]},{"type":"bitmap","file":"minecraft:unicode/healthbar/staticbar/staticbar-44.png","ascent":8,"height":8,"chars":["ꁔ"]},{"type":"bitmap","file":"minecraft:unicode/healthbar/staticbar/staticbar-43.png","ascent":8,"height":8,"chars":["ꁕ"]},{"type":"bitmap","file":"minecraft:unicode/healthbar/staticbar/staticbar-42.png","ascent":8,"height":8,"chars":["ꁖ"]},{"type":"bitmap","file":"minecraft:unicode/healthbar/staticbar/staticbar-41.png","ascent":8,"height":8,"chars":["ꁗ"]},{"type":"bitmap","file":"minecraft:unicode/healthbar/staticbar/staticbar-40.png","ascent":8,"height":8,"chars":["ꁘ"]},{"type":"bitmap","file":"minecraft:unicode/healthbar/staticbar/staticbar-39.png","ascent":8,"height":8,"chars":["ꁙ"]},{"type":"bitmap","file":"minecraft:unicode/healthbar/staticbar/staticbar-38.png","ascent":8,"height":8,"chars":["ꁚ"]},{"type":"bitmap","file":"minecraft:unicode/healthbar/staticbar/staticbar-37.png","ascent":8,"height":8,"chars":["ꁛ"]},{"type":"bitmap","file":"minecraft:unicode/healthbar/staticbar/staticbar-36.png","ascent":8,"height":8,"chars":["ꁜ"]},{"type":"bitmap","file":"minecraft:unicode/healthbar/staticbar/staticbar-35.png","ascent":8,"height":8,"chars":["ꁝ"]},{"type":"bitmap","file":"minecraft:unicode/healthbar/staticbar/staticbar-34.png","ascent":8,"height":8,"chars":["ꁞ"]},{"type":"bitmap","file":"minecraft:unicode/healthbar/staticbar/staticbar-33.png","ascent":8,"height":8,"chars":["ꁟ"]},{"type":"bitmap","file":"minecraft:unicode/healthbar/staticbar/staticbar-32.png","ascent":8,"height":8,"chars":["ꁠ"]},{"type":"bitmap","file":"minecraft:unicode/healthbar/staticbar/staticbar-31.png","ascent":8,"height":8,"chars":["ꁡ"]},{"type":"bitmap","file":"minecraft:unicode/healthbar/staticbar/staticbar-30.png","ascent":8,"height":8,"chars":["ꁢ"]},{"type":"bitmap","file":"minecraft:unicode/healthbar/staticbar/staticbar-29.png","ascent":8,"height":8,"chars":["ꁣ"]},{"type":"bitmap","file":"minecraft:unicode/healthbar/staticbar/staticbar-28.png","ascent":8,"height":8,"chars":["ꁤ"]},{"type":"bitmap","file":"minecraft:unicode/healthbar/staticbar/staticbar-27.png","ascent":8,"height":8,"chars":["ꁥ"]},{"type":"bitmap","file":"minecraft:unicode/healthbar/staticbar/staticbar-26.png","ascent":8,"height":8,"chars":["ꁦ"]},{"type":"bitmap","file":"minecraft:unicode/healthbar/staticbar/staticbar-25.png","ascent":8,"height":8,"chars":["ꁧ"]},{"type":"bitmap","file":"minecraft:unicode/healthbar/staticbar/staticbar-24.png","ascent":8,"height":8,"chars":["ꁨ"]},{"type":"bitmap","file":"minecraft:unicode/healthbar/staticbar/staticbar-23.png","ascent":8,"height":8,"chars":["ꁩ"]},{"type":"bitmap","file":"minecraft:unicode/healthbar/staticbar/staticbar-22.png","ascent":8,"height":8,"chars":["ꁪ"]},{"type":"bitmap","file":"minecraft:unicode/healthbar/staticbar/staticbar-21.png","ascent":8,"height":8,"chars":["ꁫ"]},{"type":"bitmap","file":"minecraft:unicode/healthbar/staticbar/staticbar-20.png","ascent":8,"height":8,"chars":["ꁬ"]},{"type":"bitmap","file":"minecraft:unicode/healthbar/staticbar/staticbar-19.png","ascent":8,"height":8,"chars":["ꁭ"]},{"type":"bitmap","file":"minecraft:unicode/healthbar/staticbar/staticbar-18.png","ascent":8,"height":8,"chars":["ꁮ"]},{"type":"bitmap","file":"minecraft:unicode/healthbar/staticbar/staticbar-17.png","ascent":8,"height":8,"chars":["ꁯ"]},{"type":"bitmap","file":"minecraft:unicode/healthbar/staticbar/staticbar-16.png","ascent":8,"height":8,"chars":["ꁰ"]},{"type":"bitmap","file":"minecraft:unicode/healthbar/staticbar/staticbar-15.png","ascent":8,"height":8,"chars":["ꁱ"]},{"type":"bitmap","file":"minecraft:unicode/healthbar/staticbar/staticbar-14.png","ascent":8,"height":8,"chars":["ꁲ"]},{"type":"bitmap","file":"minecraft:unicode/healthbar/staticbar/staticbar-13.png","ascent":8,"height":8,"chars":["ꁳ"]},{"type":"bitmap","file":"minecraft:unicode/healthbar/staticbar/staticbar-12.png","ascent":8,"height":8,"chars":["ꁴ"]},{"type":"bitmap","file":"minecraft:unicode/healthbar/staticbar/staticbar-11.png","ascent":8,"height":8,"chars":["ꁵ"]},{"type":"bitmap","file":"minecraft:unicode/healthbar/staticbar/staticbar-10.png","ascent":8,"height":8,"chars":["ꁶ"]},{"type":"bitmap","file":"minecraft:unicode/healthbar/staticbar/staticbar-9.png","ascent":8,"height":8,"chars":["ꁷ"]},{"type":"bitmap","file":"minecraft:unicode/healthbar/staticbar/staticbar-8.png","ascent":8,"height":8,"chars":["ꁸ"]},{"type":"bitmap","file":"minecraft:unicode/healthbar/staticbar/staticbar-7.png","ascent":8,"height":8,"chars":["ꁹ"]},{"type":"bitmap","file":"minecraft:unicode/healthbar/staticbar/staticbar-6.png","ascent":8,"height":8,"chars":["ꁺ"]},{"type":"bitmap","file":"minecraft:unicode/healthbar/staticbar/staticbar-5.png","ascent":8,"height":8,"chars":["ꁻ"]},{"type":"bitmap","file":"minecraft:unicode/healthbar/staticbar/staticbar-4.png","ascent":8,"height":8,"chars":["ꁼ"]},{"type":"bitmap","file":"minecraft:unicode/healthbar/staticbar/staticbar-3.png","ascent":8,"height":8,"chars":["ꁽ"]},{"type":"bitmap","file":"minecraft:unicode/healthbar/staticbar/staticbar-2.png","ascent":8,"height":8,"chars":["ꁾ"]},{"type":"bitmap","file":"minecraft:unicode/healthbar/staticbar/staticbar-1.png","ascent":8,"height":8,"chars":["ꁿ"]},{"type":"bitmap","file":"minecraft:unicode/healthbar/staticbar/staticbar-0.png","ascent":8,"height":8,"chars":["ꂀ"]},{"type":"bitmap","file":"minecraft:unicode/icons/duskball.png","ascent":8,"height":8,"chars":["ꂂ"]},{"type":"bitmap","file":"minecraft:unicode/icons/trainers/beginner_trainer.png","ascent":7,"height":8,"chars":["ꂃ"]},{"type":"bitmap","file":"minecraft:unicode/icons/trainers/tactical_trainer.png","ascent":7,"height":8,"chars":["ꂄ"]},{"type":"bitmap","file":"minecraft:unicode/icons/trainers/expert_trainer.png","ascent":7,"height":8,"chars":["ꂅ"]},{"type":"bitmap","file":"minecraft:unicode/icons/reddown.png","ascent":8,"height":8,"chars":["ꂇ"]},{"type":"bitmap","file":"minecraft:unicode/icons/greenup.png","ascent":8,"height":8,"chars":["ꂈ"]},{"type":"bitmap","file":"minecraft:unicode/icons/exclamation-red.png","ascent":8,"height":8,"chars":["ꂉ"]},{"type":"bitmap","file":"minecraft:unicode/icons/exclamation-green.png","ascent":8,"height":8,"chars":["ꂊ"]},{"type":"bitmap","file":"minecraft:unicode/icons/exclamation-yellow.png","ascent":8,"height":8,"chars":["ꂋ"]},{"type":"bitmap","file":"minecraft:unicode/icons/checkmark-basic.png","ascent":8,"height":8,"chars":["ꂌ"]},{"type":"bitmap","file":"minecraft:unicode/icons/x.png","ascent":8,"height":8,"chars":["ꂍ"]},{"type":"bitmap","file":"minecraft:unicode/icons/exclamation-basic.png","ascent":8,"height":8,"chars":["ꂎ"]},{"type":"bitmap","file":"minecraft:unicode/icons/exclamation-blue.png","ascent":8,"height":8,"chars":["ㅁ"]},{"type":"bitmap","file":"minecraft:unicode/icons/checkmark.png","ascent":8,"height":8,"chars":["ꂏ"]},{"type":"bitmap","file":"minecraft:unicode/icons/party_pokeball.png","ascent":8,"height":8,"chars":["ꂐ"]},{"type":"bitmap","file":"minecraft:unicode/icons/party_pokeball-status.png","ascent":8,"height":8,"chars":["ꂑ"]},{"type":"bitmap","file":"minecraft:unicode/icons/party_pokeball-empty.png","ascent":8,"height":8,"chars":["ꂒ"]},{"type":"bitmap","file":"minecraft:unicode/icons/alolan.png","ascent":8,"height":8,"chars":["ꂱ"]},{"type":"bitmap","file":"minecraft:unicode/icons/shiny.png","ascent":8,"height":8,"chars":["ꂲ"]},{"type":"bitmap","file":"minecraft:unicode/icons/no_effect_help.png","ascent":8,"height":8,"chars":["ꂳ"]},{"type":"bitmap","file":"minecraft:unicode/icons/not_effective_help.png","ascent":8,"height":8,"chars":["ꂴ"]},{"type":"bitmap","file":"minecraft:unicode/icons/effective_help.png","ascent":8,"height":8,"chars":["ꂵ"]},{"type":"bitmap","file":"minecraft:unicode/icons/super_effective_help.png","ascent":8,"height":8,"chars":["ꂶ"]},{"type":"bitmap","file":"minecraft:gui/displays/battlepoints.png","ascent":10,"height":14,"chars":["ꂷ"]},{"type":"bitmap","file":"minecraft:gameitems/customitems/badges/wild_rock_badge.png","ascent":8,"height":8,"chars":["ꂾ"]},{"type":"bitmap","file":"minecraft:gameitems/customitems/badges/wild_grass_badge.png","ascent":8,"height":8,"chars":["ꂿ"]},{"type":"bitmap","file":"minecraft:gameitems/customitems/badges/wild_ghost_badge.png","ascent":8,"height":8,"chars":["ꃀ"]},{"type":"bitmap","file":"minecraft:gameitems/customitems/badges/wild_fighting_badge.png","ascent":8,"height":8,"chars":["ꃁ"]},{"type":"bitmap","file":"minecraft:gameitems/customitems/badges/wild_water_badge.png","ascent":8,"height":8,"chars":["ꃂ"]},{"type":"bitmap","file":"minecraft:gameitems/customitems/badges/wild_steel_badge.png","ascent":8,"height":8,"chars":["ꃃ"]},{"type":"bitmap","file":"minecraft:gameitems/customitems/badges/wild_ice_badge.png","ascent":8,"height":8,"chars":["ꃄ"]},{"type":"bitmap","file":"minecraft:gameitems/customitems/badges/wild_electric_badge.png","ascent":8,"height":8,"chars":["ꃅ"]},{"type":"bitmap","file":"minecraft:gameitems/customitems/badges/wild_challenge_badge_1.png","ascent":8,"height":8,"chars":["ꃇ"]},{"type":"bitmap","file":"minecraft:gameitems/customitems/badges/wild_challenge_badge_2.png","ascent":8,"height":8,"chars":["ꃈ"]},{"type":"bitmap","file":"minecraft:gameitems/customitems/badges/wild_challenge_badge_3.png","ascent":8,"height":8,"chars":["ꃉ"]},{"type":"bitmap","file":"minecraft:gameitems/customitems/badges/wild_challenge_badge_4.png","ascent":8,"height":8,"chars":["ꃊ"]},{"type":"bitmap","file":"minecraft:gameitems/customitems/badges/wild_challenge_badge_5.png","ascent":8,"height":8,"chars":["ꃋ"]},{"type":"bitmap","file":"minecraft:gameitems/customitems/badges/wild_challenge_badge_6.png","ascent":8,"height":8,"chars":["ꃌ"]},{"type":"bitmap","file":"minecraft:gameitems/customitems/badges/wild_challenge_badge_7.png","ascent":8,"height":8,"chars":["ꃍ"]},{"type":"bitmap","file":"minecraft:gameitems/customitems/badges/wild_challenge_badge_8.png","ascent":8,"height":8,"chars":["ꃎ"]},{"type":"bitmap","file":"minecraft:gameitems/customitems/keyitems/shiny_charm.png","ascent":8,"height":8,"chars":["ꃐ"]},{"type":"bitmap","file":"minecraft:unicode/icons/breeding/fertility_stage_0.png","ascent":8,"height":8,"chars":["ꃑ"]},{"type":"bitmap","file":"minecraft:unicode/icons/breeding/fertility_stage_1.png","ascent":8,"height":8,"chars":["ꃒ"]},{"type":"bitmap","file":"minecraft:unicode/icons/breeding/fertility_stage_2.png","ascent":8,"height":8,"chars":["ꃓ"]},{"type":"bitmap","file":"minecraft:unicode/icons/breeding/fertility_stage_3.png","ascent":8,"height":8,"chars":["ꃔ"]},{"type":"bitmap","file":"minecraft:unicode/icons/breeding/fertility_stage_4.png","ascent":8,"height":8,"chars":["ꃕ"]},{"type":"bitmap","file":"minecraft:unicode/icons/breeding/fertility_stage_5.png","ascent":8,"height":8,"chars":["ꃖ"]},{"type":"bitmap","file":"minecraft:unicode/icons/breeding/fertility_stage_6.png","ascent":8,"height":8,"chars":["ꃗ"]},{"type":"bitmap","file":"minecraft:gameitems/customitems/keyitems/empty_shiny_charm.png","ascent":8,"height":8,"chars":["ꃙ"]},{"chars":["ꃞ"],"file":"minecraft:unicode/space/dark_screen.png","ascent":250,"height":1500,"type":"bitmap"},{"chars":["ꃟ"],"file":"minecraft:unicode/space/dark_screen.png","ascent":10,"height":300,"type":"bitmap"},{"type":"bitmap","file":"minecraft:unicode/icons/emojis/sunglasses.png","ascent":8,"height":8,"chars":["ꃮ"]},{"type":"bitmap","file":"minecraft:unicode/icons/emojis/heart.png","ascent":8,"height":8,"chars":["ꃯ"]},{"type":"bitmap","file":"minecraft:unicode/icons/emojis/skull.png","ascent":8,"height":8,"chars":["ꃰ"]},{"type":"bitmap","file":"minecraft:unicode/icons/emojis/smile.png","ascent":8,"height":8,"chars":["ꃱ"]},{"type":"bitmap","file":"minecraft:unicode/icons/emojis/thumbs_up.png","ascent":8,"height":8,"chars":["ꃲ"]},{"type":"bitmap","file":"minecraft:unicode/icons/emojis/thumbs_down.png","ascent":8,"height":8,"chars":["ꃳ"]},{"type":"bitmap","file":"minecraft:unicode/icons/emojis/eyes.png","ascent":8,"height":8,"chars":["ꃴ"]},{"type":"bitmap","file":"minecraft:unicode/icons/emojis/triumph.png","ascent":8,"height":8,"chars":["ꃵ"]},{"type":"bitmap","file":"minecraft:unicode/icons/emojis/wave.png","ascent":8,"height":8,"chars":["ꃶ"]},{"type":"bitmap","file":"minecraft:unicode/icons/emojis/fire.png","ascent":8,"height":8,"chars":["ꃷ"]},{"type":"bitmap","file":"minecraft:unicode/icons/emojis/purple_heart.png","ascent":8,"height":8,"chars":["ꃸ"]},{"type":"bitmap","file":"minecraft:unicode/icons/emojis/joy.png","ascent":8,"height":8,"chars":["ꃹ"]},{"type":"bitmap","file":"minecraft:unicode/icons/emojis/rat.png","ascent":8,"height":8,"chars":["ꃺ"]},{"type":"bitmap","file":"minecraft:unicode/icons/emojis/bird.png","ascent":8,"height":8,"chars":["ꃻ"]},{"type":"bitmap","file":"minecraft:unicode/icons/emojis/boom.png","ascent":8,"height":8,"chars":["ꃼ"]},{"type":"bitmap","file":"minecraft:unicode/icons/emojis/cat2.png","ascent":8,"height":8,"chars":["ꃽ"]},{"type":"bitmap","file":"minecraft:unicode/icons/emojis/confused.png","ascent":8,"height":8,"chars":["ꃾ"]},{"type":"bitmap","file":"minecraft:unicode/icons/emojis/cowboy.png","ascent":8,"height":8,"chars":["ꃿ"]},{"type":"bitmap","file":"minecraft:unicode/icons/npcs/profoak5.png","ascent":8,"height":50,"chars":["♩"]},{"type":"bitmap","file":"minecraft:unicode/icons/npcs/chatbox_officer.png","ascent":8,"height":50,"chars":["♩"]},{"type":"bitmap","file":"minecraft:unicode/icons/npcs/chatbox_nurse.png","ascent":8,"height":50,"chars":["♪"]},{"type":"bitmap","file":"minecraft:unicode/icons/npcs/chat_msg_icon.png","ascent":10,"height":13,"chars":["✀"]},{"type":"bitmap","file":"minecraft:unicode/icons/emojis/crown.png","ascent":8,"height":8,"chars":["ꄀ"]},{"type":"bitmap","file":"minecraft:unicode/icons/emojis/cupcake.png","ascent":8,"height":8,"chars":["ꄁ"]},{"type":"bitmap","file":"minecraft:unicode/icons/emojis/dove.png","ascent":8,"height":8,"chars":["ꄂ"]},{"type":"bitmap","file":"minecraft:unicode/icons/emojis/first_place.png","ascent":8,"height":8,"chars":["ꄃ"]},{"type":"bitmap","file":"minecraft:unicode/icons/emojis/second_place.png","ascent":8,"height":8,"chars":["ꄄ"]},{"type":"bitmap","file":"minecraft:unicode/icons/emojis/third_place.png","ascent":8,"height":8,"chars":["ꄅ"]},{"type":"bitmap","file":"minecraft:unicode/icons/emojis/flushed.png","ascent":8,"height":8,"chars":["ꄆ"]},{"type":"bitmap","file":"minecraft:unicode/icons/emojis/frog.png","ascent":8,"height":8,"chars":["ꄇ"]},{"type":"bitmap","file":"minecraft:unicode/icons/emojis/grin.png","ascent":8,"height":8,"chars":["ꄈ"]},{"type":"bitmap","file":"minecraft:unicode/icons/emojis/monocle.png","ascent":8,"height":8,"chars":["ꄉ"]},{"type":"bitmap","file":"minecraft:unicode/icons/emojis/open_mouth.png","ascent":8,"height":8,"chars":["ꄊ"]},{"type":"bitmap","file":"minecraft:unicode/icons/emojis/pensive.png","ascent":8,"height":8,"chars":["ꄋ"]},{"type":"bitmap","file":"minecraft:unicode/icons/emojis/pleading_face.png","ascent":8,"height":8,"chars":["ꄌ"]},{"type":"bitmap","file":"minecraft:unicode/icons/emojis/pray.png","ascent":8,"height":8,"chars":["ꄍ"]},{"type":"bitmap","file":"minecraft:unicode/icons/emojis/raised_eyebrow.png","ascent":8,"height":8,"chars":["ꄎ"]},{"type":"bitmap","file":"minecraft:unicode/icons/emojis/slight_smile.png","ascent":8,"height":8,"chars":["ꄏ"]},{"type":"bitmap","file":"minecraft:unicode/icons/emojis/sob.png","ascent":8,"height":8,"chars":["ꄐ"]},{"type":"bitmap","file":"minecraft:unicode/icons/emojis/t_rex.png","ascent":8,"height":8,"chars":["ꄑ"]},{"type":"bitmap","file":"minecraft:unicode/icons/emojis/tada.png","ascent":8,"height":8,"chars":["ꄒ"]},{"type":"bitmap","file":"minecraft:unicode/icons/emojis/thinking.png","ascent":8,"height":8,"chars":["ꄓ"]},{"type":"bitmap","file":"minecraft:unicode/icons/emojis/yum.png","ascent":8,"height":8,"chars":["ꄔ"]},{"type":"bitmap","file":"minecraft:unicode/icons/emojis/joltikheart.png","ascent":8,"height":8,"chars":["ꄕ"]},{"type":"bitmap","file":"minecraft:unicode/space/space_split.png","ascent":-65536,"height":-32770,"chars":[""]},{"type":"bitmap","file":"minecraft:unicode/space/space_split.png","ascent":-32768,"height":0,"chars":[""]},{"type":"bitmap","file":"minecraft:unicode/space/space_split.png","ascent":-65536,"height":32767,"chars":[""]},{"type":"bitmap","file":"minecraft:unicode/space/space_nosplit.png","ascent":-32768,"height":-3,"chars":[""]},{"type":"bitmap","file":"minecraft:unicode/space/space_nosplit.png","ascent":-32768,"height":-4,"chars":[""]},{"type":"bitmap","file":"minecraft:unicode/space/space_nosplit.png","ascent":-32768,"height":-5,"chars":[""]},{"type":"bitmap","file":"minecraft:unicode/space/space_nosplit.png","ascent":-32768,"height":-6,"chars":[""]},{"type":"bitmap","file":"minecraft:unicode/space/space_nosplit.png","ascent":-32768,"height":-7,"chars":[""]},{"type":"bitmap","file":"minecraft:unicode/space/space_nosplit.png","ascent":-32768,"height":-8,"chars":[""]},{"type":"bitmap","file":"minecraft:unicode/space/space_nosplit.png","ascent":-32768,"height":-9,"chars":[""]},{"type":"bitmap","file":"minecraft:unicode/space/space_nosplit.png","ascent":-32768,"height":-10,"chars":[""]},{"type":"bitmap","file":"minecraft:unicode/space/space_nosplit.png","ascent":-32768,"height":-18,"chars":[""]},{"type":"bitmap","file":"minecraft:unicode/space/space_nosplit.png","ascent":-32768,"height":-34,"chars":[""]},{"type":"bitmap","file":"minecraft:unicode/space/space_nosplit.png","ascent":-32768,"height":-66,"chars":[""]},{"type":"bitmap","file":"minecraft:unicode/space/space_nosplit.png","ascent":-32768,"height":-130,"chars":[""]},{"type":"bitmap","file":"minecraft:unicode/space/space_nosplit.png","ascent":-32768,"height":-258,"chars":[""]},{"type":"bitmap","file":"minecraft:unicode/space/space_nosplit.png","ascent":-32768,"height":-514,"chars":[""]},{"type":"bitmap","file":"minecraft:unicode/space/space_nosplit.png","ascent":-32768,"height":-1026,"chars":[""]},{"type":"bitmap","file":"minecraft:unicode/space/space_nosplit.png","ascent":-65536,"height":-32770,"chars":[""]},{"type":"bitmap","file":"minecraft:unicode/space/space_nosplit.png","ascent":-32768,"height":0,"chars":[""]},{"type":"bitmap","file":"minecraft:unicode/space/space_nosplit.png","ascent":-32768,"height":1,"chars":[""]},{"type":"bitmap","file":"minecraft:unicode/space/space_nosplit.png","ascent":-32768,"height":2,"chars":[""]},{"type":"bitmap","file":"minecraft:unicode/space/space_nosplit.png","ascent":-32768,"height":3,"chars":[""]},{"type":"bitmap","file":"minecraft:unicode/space/space_nosplit.png","ascent":-32768,"height":4,"chars":[""]},{"type":"bitmap","file":"minecraft:unicode/space/space_nosplit.png","ascent":-32768,"height":5,"chars":[""]},{"type":"bitmap","file":"minecraft:unicode/space/space_nosplit.png","ascent":-32768,"height":6,"chars":[""]},{"type":"bitmap","file":"minecraft:unicode/space/space_nosplit.png","ascent":-32768,"height":7,"chars":[""]},{"type":"bitmap","file":"minecraft:unicode/space/space_nosplit.png","ascent":-32768,"height":15,"chars":[""]},{"type":"bitmap","file":"minecraft:unicode/space/space_nosplit.png","ascent":-32768,"height":31,"chars":[""]},{"type":"bitmap","file":"minecraft:unicode/space/space_nosplit.png","ascent":-32768,"height":63,"chars":[""]},{"type":"bitmap","file":"minecraft:unicode/space/space_nosplit.png","ascent":-32768,"height":127,"chars":[""]},{"type":"bitmap","file":"minecraft:unicode/space/space_nosplit.png","ascent":-32768,"height":255,"chars":[""]},{"type":"bitmap","file":"minecraft:unicode/space/space_nosplit.png","ascent":-32768,"height":511,"chars":[""]},{"type":"bitmap","file":"minecraft:unicode/space/space_nosplit.png","ascent":-32768,"height":1023,"chars":[""]},{"type":"bitmap","file":"minecraft:unicode/space/space_nosplit.png","ascent":-65536,"height":32767,"chars":[""]},{"type":"bitmap","file":"minecraft:unicode/icons/crates/empty_stars.png","ascent":8,"height":8,"chars":["示"]},{"type":"bitmap","file":"minecraft:unicode/icons/crates/stars.png","ascent":8,"height":8,"chars":["借"]},{"type":"bitmap","file":"minecraft:unicode/icons/crates/vote_box.png","ascent":8,"height":8,"chars":["我"]},{"type":"bitmap","file":"minecraft:unicode/icons/crates/poke_box.png","ascent":8,"height":8,"chars":["在"]},{"type":"bitmap","file":"minecraft:unicode/icons/crates/great_box.png","ascent":8,"height":8,"chars":["是"]},{"type":"bitmap","file":"minecraft:unicode/icons/crates/ultra_box.png","ascent":8,"height":8,"chars":["不"]},{"type":"bitmap","file":"minecraft:unicode/icons/crates/dusk_box.png","ascent":8,"height":8,"chars":["人"]},{"type":"bitmap","file":"minecraft:unicode/icons/crates/master_box.png","ascent":8,"height":8,"chars":["但"]},{"type":"bitmap","file":"minecraft:unicode/icons/crates/trainer_box.png","ascent":8,"height":8,"chars":["漢"]},{"type":"space","advances":{"ᛞ":-8}},{"type":"space","advances":{"¿":-52}},{"type":"space","advances":{"ꃜ":-1}}]}