{"textures":{"0":"modelengine:entity/nocsy_drakonin4"},"elements":[{"from":[6.5714283,6.5714283,6.857143],"to":[10.0,9.428572,9.714286],"rotation":{"angle":0.0,"axis":"y","origin":[8.742857,8.0,9.542857]},"faces":{"east":{"uv":[0.0,8.625,0.3125,8.9375],"rotation":0,"texture":"#0","tintindex":0},"south":{"uv":[8.1875,0.5,8.5625,0.8125],"rotation":0,"texture":"#0","tintindex":0},"north":{"uv":[8.125,4.8125,8.5,5.125],"rotation":0,"texture":"#0","tintindex":0},"west":{"uv":[8.625,0.3125,8.9375,0.625],"rotation":0,"texture":"#0","tintindex":0},"up":{"uv":[8.5625,7.125,8.1875,6.8125],"rotation":0,"texture":"#0","tintindex":0},"down":{"uv":[3.75,8.25,3.375,8.5625],"rotation":0,"texture":"#0","tintindex":0}}},{"from":[6.062521,6.5657144,6.035991],"to":[8.359664,8.862857,8.333134],"rotation":{"angle":22.5,"axis":"y","origin":[7.2110925,8.0,7.1845627]},"faces":{"east":{"uv":[0.9375,9.5,1.1875,9.75],"rotation":0,"texture":"#0","tintindex":0},"south":{"uv":[1.25,9.5,1.5,9.75],"rotation":0,"texture":"#0","tintindex":0},"north":{"uv":[0.625,9.5,0.875,9.75],"rotation":0,"texture":"#0","tintindex":0},"west":{"uv":[1.5625,9.5,1.8125,9.75],"rotation":0,"texture":"#0","tintindex":0},"up":{"uv":[9.75,1.875,9.5,1.625],"rotation":0,"texture":"#0","tintindex":0},"down":{"uv":[2.125,9.5,1.875,9.75],"rotation":0,"texture":"#0","tintindex":0}}},{"from":[10.550106,6.5657144,16.778849],"to":[12.84725,8.862857,19.075993],"rotation":{"angle":-22.5,"axis":"y","origin":[36.898678,8.0,7.1845627]},"faces":{"east":{"uv":[2.6875,9.5,2.9375,9.75],"rotation":0,"texture":"#0","tintindex":0},"south":{"uv":[3.0,9.5,3.25,9.75],"rotation":0,"texture":"#0","tintindex":0},"north":{"uv":[9.5,2.625,9.75,2.875],"rotation":0,"texture":"#0","tintindex":0},"west":{"uv":[3.3125,9.5,3.5625,9.75],"rotation":0,"texture":"#0","tintindex":0},"up":{"uv":[3.875,9.75,3.625,9.5],"rotation":0,"texture":"#0","tintindex":0},"down":{"uv":[4.1875,9.5,3.9375,9.75],"rotation":0,"texture":"#0","tintindex":0}}},{"from":[11.698677,6.5714283,13.355991],"to":[11.698677,9.428572,19.641705],"rotation":{"angle":-22.5,"axis":"y","origin":[36.898678,8.0,7.1845627]},"faces":{"east":{"uv":[7.3125,1.25,6.625,1.5625],"rotation":0,"texture":"#0","tintindex":0},"south":{"uv":[4.625,9.875,4.625,10.1875],"rotation":0,"texture":"#0","tintindex":0},"north":{"uv":[9.0625,5.1875,9.0625,5.5],"rotation":0,"texture":"#0","tintindex":0},"west":{"uv":[6.625,1.25,7.3125,1.5625],"rotation":0,"texture":"#0","tintindex":0},"up":{"uv":[4.6875,10.5625,4.6875,9.875],"rotation":0,"texture":"#0","tintindex":0},"down":{"uv":[0.25,10.0,0.25,10.6875],"rotation":0,"texture":"#0","tintindex":0}}},{"from":[7.268235,6.5714283,3.0702767],"to":[7.268235,9.428572,9.355991],"rotation":{"angle":22.5,"axis":"y","origin":[7.2110925,8.0,7.1845627]},"faces":{"east":{"uv":[7.3125,4.4375,6.625,4.75],"rotation":0,"texture":"#0","tintindex":0},"south":{"uv":[8.1875,10.0,8.1875,10.3125],"rotation":0,"texture":"#0","tintindex":0},"north":{"uv":[0.3125,10.0,0.3125,10.3125],"rotation":0,"texture":"#0","tintindex":0},"west":{"uv":[6.625,4.4375,7.3125,4.75],"rotation":0,"texture":"#0","tintindex":0},"up":{"uv":[8.25,10.6875,8.25,10.0],"rotation":0,"texture":"#0","tintindex":0},"down":{"uv":[8.3125,10.0,8.3125,10.6875],"rotation":0,"texture":"#0","tintindex":0}}}],"display":{"head":{"translation":[0.0,-6.4,0.0],"scale":[4.0,4.0,4.0]}}}