{"textures":{"0":"modelengine:entity/nocsy_drakonin4"},"elements":[{"from":[7.428571,4.7771745,6.7942166],"to":[9.142858,8.777175,9.079931],"rotation":{"angle":22.5,"axis":"x","origin":[7.714286,8.662889,7.594217]},"faces":{"east":{"uv":[1.75,8.5,2.0,8.9375],"rotation":0,"texture":"#0","tintindex":0},"south":{"uv":[9.125,5.1875,9.3125,5.625],"rotation":0,"texture":"#0","tintindex":0},"north":{"uv":[8.0,9.0,8.1875,9.4375],"rotation":0,"texture":"#0","tintindex":0},"west":{"uv":[2.0625,8.5,2.3125,8.9375],"rotation":0,"texture":"#0","tintindex":0},"up":{"uv":[8.375,9.9375,8.1875,9.6875],"rotation":0,"texture":"#0","tintindex":0},"down":{"uv":[9.3125,9.6875,9.125,9.9375],"rotation":0,"texture":"#0","tintindex":0}}}],"display":{"head":{"translation":[0.0,-6.4,0.0],"scale":[4.0,4.0,4.0]}}}