{"credit":"Made with Blockbench","texture_size":[128,128],"textures":{"1":"furnitures:rivrs/banc_seasonsky"},"elements":[{"from":[20,-4,-1.1],"to":[20,32,15.9],"rotation":{"angle":0,"axis":"y","origin":[0,12,-5]},"faces":{"north":{"uv":[0,0,0,4.5],"texture":"#1"},"east":{"uv":[5.125,4.75,7.625,9.25],"texture":"#1"},"south":{"uv":[0,0,0,4.5],"texture":"#1"},"west":{"uv":[7.625,4.75,10.125,9.25],"texture":"#1"},"up":{"uv":[0,2.5,0,0],"texture":"#1"},"down":{"uv":[0,0,0,2.5],"texture":"#1"}}},{"from":[-4,-4,-1.1],"to":[-4,32,15.9],"rotation":{"angle":0,"axis":"y","origin":[16,12,-5]},"faces":{"north":{"uv":[0,0,0,4.5],"texture":"#1"},"east":{"uv":[10.125,4.75,7.625,9.25],"texture":"#1"},"south":{"uv":[0,0,0,4.5],"texture":"#1"},"west":{"uv":[7.625,4.75,5.125,9.25],"texture":"#1"},"up":{"uv":[0,2.5,0,0],"texture":"#1"},"down":{"uv":[0,0,0,2.5],"texture":"#1"}}},{"from":[-8,12,-1],"to":[24,14,6],"rotation":{"angle":0,"axis":"y","origin":[0,12,-5]},"faces":{"north":{"uv":[12,0,16,0.25],"texture":"#1"},"east":{"uv":[12,0.5,12.875,0.75],"texture":"#1"},"south":{"uv":[12,0.25,16,0.5],"texture":"#1"},"west":{"uv":[12,0.75,12.875,1],"texture":"#1"},"up":{"uv":[12,2.75,8,1.875],"texture":"#1"},"down":{"uv":[16,1.875,12,2.75],"texture":"#1"}}},{"from":[-8,12,7],"to":[24,14,14],"rotation":{"angle":0,"axis":"y","origin":[8,13,10.5]},"faces":{"north":{"uv":[12,0,16,0.25],"texture":"#1"},"east":{"uv":[12,0.5,12.875,0.75],"texture":"#1"},"south":{"uv":[12,0.25,16,0.5],"texture":"#1"},"west":{"uv":[12,0.75,12.875,1],"texture":"#1"},"up":{"uv":[12,2.75,8,1.875],"texture":"#1"},"down":{"uv":[16,1.875,12,2.75],"texture":"#1"}}},{"from":[-8,18.5,9.5],"to":[24,25.5,11.5],"rotation":{"angle":22.5,"axis":"x","origin":[8,13,8.5]},"faces":{"north":{"uv":[12,2.75,8,1.875],"rotation":180,"texture":"#1"},"east":{"uv":[12,0.5,12.875,0.75],"rotation":90,"texture":"#1"},"south":{"uv":[16,1.875,12,2.75],"texture":"#1"},"west":{"uv":[12,0.75,12.875,1],"rotation":270,"texture":"#1"},"up":{"uv":[12,0.25,16,0.5],"texture":"#1"},"down":{"uv":[12,0,16,0.25],"rotation":180,"texture":"#1"}}}],"gui_light":"front","display":{"thirdperson_righthand":{"scale":[0.25,0.25,0.25]},"thirdperson_lefthand":{"scale":[0.25,0.25,0.25]},"firstperson_righthand":{"rotation":[10,180,0],"translation":[1,2.25,2.25],"scale":[0.3,0.3,0.3]},"firstperson_lefthand":{"rotation":[10,180,0],"translation":[1,2.25,2.25],"scale":[0.3,0.3,0.3]},"ground":{"translation":[0,2,0],"scale":[0.5,0.5,0.5]},"gui":{"rotation":[15,145,0],"translation":[0,-2.25,0],"scale":[0.4,0.4,0.4]},"head":{"translation":[0,0.75,0]},"fixed":{"rotation":[-90,0,0],"translation":[0,0,-14],"scale":[2,2,2]}}}