{"credit":"Made with Blockbench","texture_size":[64,64],"textures":{"0":"furnitures:rivrs/city_base","particle":"furnitures:rivrs/city_base"},"elements":[{"from":[-10,0,0],"to":[-10,25,24],"rotation":{"angle":0,"axis":"y","origin":[6,0,0]},"faces":{"north":{"uv":[0,0,0,6.25],"texture":"#0"},"east":{"uv":[0,0,6,6.25],"texture":"#0"},"south":{"uv":[0,0,0,6.25],"texture":"#0"},"west":{"uv":[6,0,0,6.25],"texture":"#0"},"up":{"uv":[0,6,0,0],"texture":"#0"},"down":{"uv":[0,0,0,6],"texture":"#0"}}},{"from":[26.5,0,0],"to":[26.5,25,24],"rotation":{"angle":0,"axis":"y","origin":[6,0,0]},"faces":{"north":{"uv":[0,0,0,6.25],"texture":"#0"},"east":{"uv":[0,0,6,6.25],"texture":"#0"},"south":{"uv":[0,0,0,6.25],"texture":"#0"},"west":{"uv":[6,0,0,6.25],"texture":"#0"},"up":{"uv":[0,6,0,0],"texture":"#0"},"down":{"uv":[0,0,0,6],"texture":"#0"}}},{"from":[-9.75,9.15,3.9],"to":[26.25,10.75,8.9],"rotation":{"angle":0,"axis":"y","origin":[6,0,0]},"faces":{"north":{"uv":[8,6.25,16,6.75],"texture":"#0"},"east":{"uv":[8,7.25,9.25,7.75],"texture":"#0"},"south":{"uv":[8,6.75,16,7.25],"texture":"#0"},"west":{"uv":[8,7.75,9.25,8.25],"texture":"#0"},"up":{"uv":[8,7.5,0,6.25],"texture":"#0"},"down":{"uv":[8,7.5,0,8.75],"texture":"#0"}}},{"from":[-9.75,9.15,10.25],"to":[26.25,10.75,15.25],"rotation":{"angle":0,"axis":"y","origin":[6,0,16]},"faces":{"north":{"uv":[16,6.75,8,7.25],"texture":"#0"},"east":{"uv":[9.25,7.25,8,7.75],"texture":"#0"},"south":{"uv":[16,6.25,8,6.75],"texture":"#0"},"west":{"uv":[9.25,7.75,8,8.25],"texture":"#0"},"up":{"uv":[8,6.25,0,7.5],"texture":"#0"},"down":{"uv":[8,8.75,0,7.5],"texture":"#0"}}},{"from":[-9.75,16.75,12],"to":[26.25,21.75,13.6],"rotation":{"angle":22.5,"axis":"x","origin":[6,0,16]},"faces":{"north":{"uv":[8,6.25,0,7.5],"rotation":180,"texture":"#0"},"east":{"uv":[9.25,7.25,8,7.75],"rotation":90,"texture":"#0"},"south":{"uv":[8,8.75,0,7.5],"texture":"#0"},"west":{"uv":[9.25,7.75,8,8.25],"rotation":270,"texture":"#0"},"up":{"uv":[16,6.25,8,6.75],"texture":"#0"},"down":{"uv":[16,6.75,8,7.25],"rotation":180,"texture":"#0"}}},{"from":[-9.75,10.5,12],"to":[26.25,15.5,13.6],"rotation":{"angle":22.5,"axis":"x","origin":[6,0,16]},"faces":{"north":{"uv":[8,7.5,0,6.25],"rotation":180,"texture":"#0"},"east":{"uv":[8,7.25,9.25,7.75],"rotation":90,"texture":"#0"},"south":{"uv":[8,7.5,0,8.75],"texture":"#0"},"west":{"uv":[8,7.75,9.25,8.25],"rotation":270,"texture":"#0"},"up":{"uv":[8,6.75,16,7.25],"texture":"#0"},"down":{"uv":[8,6.25,16,6.75],"rotation":180,"texture":"#0"}}}],"gui_light":"front","display":{"thirdperson_righthand":{"rotation":[0,180,0],"translation":[0,3,1],"scale":[0.3,0.3,0.3]},"thirdperson_lefthand":{"rotation":[0,180,0],"translation":[0,3,1],"scale":[0.3,0.3,0.3]},"firstperson_righthand":{"rotation":[0,180,0],"translation":[3.5,3,2.5],"scale":[0.3,0.3,0.3]},"firstperson_lefthand":{"rotation":[0,180,0],"translation":[3.5,3,2.5],"scale":[0.3,0.3,0.3]},"ground":{"translation":[0,2,0],"scale":[0.5,0.5,0.5]},"gui":{"rotation":[11,131,0],"translation":[-1,-2.5,0],"scale":[0.4,0.4,0.4]},"fixed":{"rotation":[-90,0,0],"translation":[0,-3.25,-15.5],"scale":[2,2,2]}}}