{"credit":"Made with Blockbench","texture_size":[64,64],"textures":{"0":"furnitures:rivrs/furnitures_color_3","particle":"furnitures:rivrs/furnitures_color_3"},"elements":[{"from":[0,0,4],"to":[16,16,16],"faces":{"north":{"uv":[14.09375,0,14.59375,0.5],"texture":"#0"},"east":{"uv":[14.59375,0,14.96875,0.5],"texture":"#0"},"south":{"uv":[14.09375,0.5,14.59375,1],"texture":"#0"},"west":{"uv":[14.59375,0.5,14.96875,1],"texture":"#0"},"up":{"uv":[15.46875,0.375,14.96875,0],"texture":"#0"},"down":{"uv":[15.46875,0,14.96875,0.375],"texture":"#0"}}}],"gui_light":"front","display":{"thirdperson_righthand":{"translation":[0,3,1],"scale":[0.55,0.55,0.55]},"thirdperson_lefthand":{"translation":[0,3,1],"scale":[0.55,0.55,0.55]},"firstperson_righthand":{"rotation":[0,-90,25],"translation":[3.13,1.7,1.13],"scale":[0.5,0.5,0.5]},"firstperson_lefthand":{"rotation":[0,-90,25],"translation":[3.13,1.7,1.13],"scale":[0.5,0.5,0.5]},"ground":{"translation":[0,2,0],"scale":[0.5,0.5,0.5]},"gui":{"rotation":[21,148,0],"translation":[-0.75,-0.5,0],"scale":[0.8,0.8,0.8]},"head":{"translation":[0,0,-2.5]},"fixed":{"translation":[0,0,-16],"scale":[2,2,2]}}}