{"credit":"Made with Blockbench","texture_size":[128,128],"textures":{"0":"furnitures:rivrs/furnitures_color_2","particle":"furnitures:rivrs/furnitures_color_2"},"elements":[{"from":[-5,10,-16],"to":[21,15,32],"faces":{"north":{"uv":[6,10.96875,6.8125,11.125],"texture":"#0"},"east":{"uv":[5.625,12,7.125,12.15625],"texture":"#0"},"south":{"uv":[6,11.125,6.8125,11.28125],"texture":"#0"},"west":{"uv":[6,10.5,7.5,10.65625],"texture":"#0"},"up":{"uv":[5.1875,12,4.375,10.5],"texture":"#0"},"down":{"uv":[6,10.5,5.1875,12],"texture":"#0"}}},{"from":[-2,5,-11],"to":[18,10,27],"faces":{"north":{"uv":[6,11.28125,6.625,11.4375],"texture":"#0"},"east":{"uv":[6,10.65625,7.1875,10.8125],"texture":"#0"},"south":{"uv":[6,11.4375,6.625,11.59375],"texture":"#0"},"west":{"uv":[6,10.8125,7.1875,10.96875],"texture":"#0"},"up":{"uv":[5,13.1875,4.375,12],"texture":"#0"},"down":{"uv":[5.625,12,5,13.1875],"texture":"#0"}}},{"from":[16,0,-12],"to":[19,10,-9],"faces":{"north":{"uv":[6.125,12.25,6.21875,12.5625],"texture":"#0"},"east":{"uv":[6.21875,12.25,6.3125,12.5625],"texture":"#0"},"south":{"uv":[6.3125,12.25,6.40625,12.5625],"texture":"#0"},"west":{"uv":[6.40625,12.25,6.5,12.5625],"texture":"#0"},"up":{"uv":[6.59375,12.46875,6.5,12.375],"texture":"#0"},"down":{"uv":[6.59375,12.46875,6.5,12.5625],"texture":"#0"}}},{"from":[27.85217,-15.95195,-9],"to":[28.85217,19.04805,-8],"rotation":{"angle":22.5,"axis":"z","origin":[-14,-10.5,-11]},"faces":{"north":{"uv":[6,12.25,6.03125,13.34375],"texture":"#0"},"east":{"uv":[6.03125,12.25,6.0625,13.34375],"texture":"#0"},"south":{"uv":[6.0625,12.25,6.09375,13.34375],"texture":"#0"},"west":{"uv":[6.09375,12.25,6.125,13.34375],"texture":"#0"},"up":{"uv":[6.75,12.4375,6.71875,12.40625],"texture":"#0"},"down":{"uv":[6.75,12.4375,6.71875,12.46875],"texture":"#0"}}},{"from":[-3,0,-12],"to":[0,10,-9],"faces":{"north":{"uv":[6.125,12.5625,6.21875,12.875],"texture":"#0"},"east":{"uv":[6.21875,12.5625,6.3125,12.875],"texture":"#0"},"south":{"uv":[6.3125,12.5625,6.40625,12.875],"texture":"#0"},"west":{"uv":[6.40625,12.5625,6.5,12.875],"texture":"#0"},"up":{"uv":[6.59375,12.65625,6.5,12.5625],"texture":"#0"},"down":{"uv":[6.59375,12.65625,6.5,12.75],"texture":"#0"}}},{"from":[-3,0,25],"to":[0,10,28],"rotation":{"angle":0,"axis":"y","origin":[0,0,16]},"faces":{"north":{"uv":[6.40625,12.5625,6.3125,12.875],"texture":"#0"},"east":{"uv":[6.3125,12.5625,6.21875,12.875],"texture":"#0"},"south":{"uv":[6.21875,12.5625,6.125,12.875],"texture":"#0"},"west":{"uv":[6.5,12.5625,6.40625,12.875],"texture":"#0"},"up":{"uv":[6.59375,12.5625,6.5,12.65625],"texture":"#0"},"down":{"uv":[6.59375,12.75,6.5,12.65625],"texture":"#0"}}},{"from":[16,0,25],"to":[19,10,28],"rotation":{"angle":0,"axis":"y","origin":[0,0,16]},"faces":{"north":{"uv":[6.40625,12.25,6.3125,12.5625],"texture":"#0"},"east":{"uv":[6.3125,12.25,6.21875,12.5625],"texture":"#0"},"south":{"uv":[6.21875,12.25,6.125,12.5625],"texture":"#0"},"west":{"uv":[6.5,12.25,6.40625,12.5625],"texture":"#0"},"up":{"uv":[6.59375,12.375,6.5,12.46875],"texture":"#0"},"down":{"uv":[6.59375,12.5625,6.5,12.46875],"texture":"#0"}}},{"from":[-5,15,-16],"to":[21,16,-13],"faces":{"north":{"uv":[6.5,12.25,7.3125,12.28125],"texture":"#0"},"east":{"uv":[6.6875,11.53125,6.78125,11.5625],"texture":"#0"},"south":{"uv":[6.5,12.28125,7.3125,12.3125],"texture":"#0"},"west":{"uv":[6.6875,11.5625,6.78125,11.59375],"texture":"#0"},"up":{"uv":[6.8125,11.6875,6,11.59375],"texture":"#0"},"down":{"uv":[6.8125,11.6875,6,11.78125],"texture":"#0"}}},{"from":[9,15,-6],"to":[11,17,-4],"faces":{"north":{"uv":[6.59375,12.375,6.65625,12.4375],"texture":"#0"},"east":{"uv":[6.59375,12.4375,6.65625,12.5],"texture":"#0"},"south":{"uv":[6.59375,12.5,6.65625,12.5625],"texture":"#0"},"west":{"uv":[6.59375,12.5625,6.65625,12.625],"texture":"#0"},"up":{"uv":[6.65625,12.6875,6.59375,12.625],"texture":"#0"},"down":{"uv":[6.65625,12.6875,6.59375,12.75],"texture":"#0"}}},{"from":[0,15,22],"to":[2,17,24],"faces":{"north":{"uv":[6.625,11.28125,6.6875,11.34375],"texture":"#0"},"east":{"uv":[6.625,11.34375,6.6875,11.40625],"texture":"#0"},"south":{"uv":[6.625,11.40625,6.6875,11.46875],"texture":"#0"},"west":{"uv":[6.625,11.46875,6.6875,11.53125],"texture":"#0"},"up":{"uv":[6.6875,11.59375,6.625,11.53125],"texture":"#0"},"down":{"uv":[6.5625,12.75,6.5,12.8125],"texture":"#0"}}},{"from":[12,15,3],"to":[14,17,5],"faces":{"north":{"uv":[6.5625,12.75,6.625,12.8125],"texture":"#0"},"east":{"uv":[6.625,12.75,6.6875,12.8125],"texture":"#0"},"south":{"uv":[6.65625,12.375,6.71875,12.4375],"texture":"#0"},"west":{"uv":[6.65625,12.4375,6.71875,12.5],"texture":"#0"},"up":{"uv":[6.71875,12.5625,6.65625,12.5],"texture":"#0"},"down":{"uv":[6.71875,12.5625,6.65625,12.625],"texture":"#0"}}},{"from":[8,15,2],"to":[10,17,4],"faces":{"north":{"uv":[6.65625,12.625,6.71875,12.6875],"texture":"#0"},"east":{"uv":[6.65625,12.6875,6.71875,12.75],"texture":"#0"},"south":{"uv":[6.6875,11.28125,6.75,11.34375],"texture":"#0"},"west":{"uv":[6.6875,11.34375,6.75,11.40625],"texture":"#0"},"up":{"uv":[6.75,11.46875,6.6875,11.40625],"texture":"#0"},"down":{"uv":[6.75,11.46875,6.6875,11.53125],"texture":"#0"}}},{"from":[-5,15,29],"to":[21,16,32],"faces":{"north":{"uv":[6.5,12.3125,7.3125,12.34375],"texture":"#0"},"east":{"uv":[6.5,12.8125,6.59375,12.84375],"texture":"#0"},"south":{"uv":[6.5,12.34375,7.3125,12.375],"texture":"#0"},"west":{"uv":[6.59375,12.8125,6.6875,12.84375],"texture":"#0"},"up":{"uv":[6.8125,11.875,6,11.78125],"texture":"#0"},"down":{"uv":[6.8125,11.875,6,11.96875],"texture":"#0"}}},{"from":[-5,15,-13],"to":[-2,16,29],"faces":{"north":{"uv":[6.6875,12.75,6.78125,12.78125],"texture":"#0"},"east":{"uv":[6,11.96875,7.3125,12],"texture":"#0"},"south":{"uv":[6.6875,12.78125,6.78125,12.8125],"texture":"#0"},"west":{"uv":[6,12.15625,7.3125,12.1875],"texture":"#0"},"up":{"uv":[5.71875,13.46875,5.625,12.15625],"texture":"#0"},"down":{"uv":[5.8125,12.15625,5.71875,13.46875],"texture":"#0"}}},{"from":[18,15,-13],"to":[21,16,29],"faces":{"north":{"uv":[6.6875,12.8125,6.78125,12.84375],"texture":"#0"},"east":{"uv":[6,12.1875,7.3125,12.21875],"texture":"#0"},"south":{"uv":[6.71875,12.375,6.8125,12.40625],"texture":"#0"},"west":{"uv":[6,12.21875,7.3125,12.25],"texture":"#0"},"up":{"uv":[5.90625,13.46875,5.8125,12.15625],"texture":"#0"},"down":{"uv":[6,12.15625,5.90625,13.46875],"texture":"#0"}}}],"gui_light":"front","display":{"thirdperson_righthand":{"rotation":[0,90,0],"translation":[0,-1,1],"scale":[0.2,0.2,0.2]},"thirdperson_lefthand":{"rotation":[0,90,0],"translation":[0,-1,1],"scale":[0.2,0.2,0.2]},"firstperson_righthand":{"rotation":[0,90,0],"translation":[4,0,1],"scale":[0.2,0.2,0.2]},"firstperson_lefthand":{"rotation":[0,90,0],"translation":[4,0,1],"scale":[0.2,0.2,0.2]},"ground":{"translation":[0,2,0],"scale":[0.5,0.5,0.5]},"gui":{"rotation":[22,-26,0],"translation":[0,-0.75,0],"scale":[0.35,0.35,0.35]},"head":{"rotation":[0,90,0],"translation":[0.25,0,1],"scale":[0.2,0.2,0.2]},"fixed":{"rotation":[-90,0,0],"translation":[0,0,-15.75],"scale":[2,2,2]}}}