{"credit":"Made with Blockbench","texture_size":[64,64],"textures":{"0":"furnitures:rivrs/city_base","particle":"furnitures:rivrs/city_base"},"elements":[{"from":[3,7.7,2],"to":[13,9.7,12],"faces":{"north":{"uv":[10.75,4,13.25,4.5],"texture":"#0"},"east":{"uv":[10.75,4.5,13.25,5],"texture":"#0"},"south":{"uv":[10.75,5,13.25,5.5],"texture":"#0"},"west":{"uv":[10.75,5.5,13.25,6],"texture":"#0"},"up":{"uv":[16,2.5,13.5,0],"texture":"#0"},"down":{"uv":[16,2.5,13.5,5],"texture":"#0"}}},{"from":[3,0,3],"to":[13,8,3],"faces":{"north":{"uv":[8,10.5,10.5,12.5],"texture":"#0"},"east":{"uv":[0,0,0,2],"texture":"#0"},"south":{"uv":[8,10.5,10.5,12.5],"texture":"#0"},"west":{"uv":[0,0,0,2],"texture":"#0"},"up":{"uv":[2.5,0,0,0],"texture":"#0"},"down":{"uv":[2.5,0,0,0],"texture":"#0"}}},{"from":[3,0,11],"to":[13,8,11],"rotation":{"angle":0,"axis":"y","origin":[8,4,11]},"faces":{"north":{"uv":[8,10.5,10.5,12.5],"texture":"#0"},"east":{"uv":[0,0,0,2],"texture":"#0"},"south":{"uv":[8,10.5,10.5,12.5],"texture":"#0"},"west":{"uv":[0,0,0,2],"texture":"#0"},"up":{"uv":[2.5,0,0,0],"texture":"#0"},"down":{"uv":[2.5,0,0,0],"texture":"#0"}}},{"from":[4,0,2],"to":[4,8,12],"rotation":{"angle":0,"axis":"y","origin":[8,4,7]},"faces":{"north":{"uv":[0,0,0,2],"texture":"#0"},"east":{"uv":[8,10.5,10.5,12.5],"texture":"#0"},"south":{"uv":[0,0,0,2],"texture":"#0"},"west":{"uv":[8,10.5,10.5,12.5],"texture":"#0"},"up":{"uv":[2.5,0,0,0],"rotation":90,"texture":"#0"},"down":{"uv":[2.5,0,0,0],"rotation":270,"texture":"#0"}}},{"from":[12,0,2],"to":[12,8,12],"rotation":{"angle":0,"axis":"y","origin":[8,4,7]},"faces":{"north":{"uv":[0,0,0,2],"texture":"#0"},"east":{"uv":[8,10.5,10.5,12.5],"texture":"#0"},"south":{"uv":[0,0,0,2],"texture":"#0"},"west":{"uv":[8,10.5,10.5,12.5],"texture":"#0"},"up":{"uv":[2.5,0,0,0],"rotation":90,"texture":"#0"},"down":{"uv":[2.5,0,0,0],"rotation":270,"texture":"#0"}}},{"from":[1,8.7,14.4],"to":[15,22.7,14.4],"rotation":{"angle":22.5,"axis":"x","origin":[8,16,13]},"faces":{"north":{"uv":[10,0,13.5,3.5],"texture":"#0"},"east":{"uv":[0,0,0,3.5],"texture":"#0"},"south":{"uv":[10,0,13.5,3.5],"texture":"#0"},"west":{"uv":[0,0,0,3.5],"texture":"#0"},"up":{"uv":[3.5,0,0,0],"texture":"#0"},"down":{"uv":[3.5,0,0,0],"texture":"#0"}}}],"gui_light":"front","display":{"thirdperson_righthand":{"translation":[0,3,1],"scale":[0.55,0.55,0.55]},"thirdperson_lefthand":{"translation":[0,3,1],"scale":[0.55,0.55,0.55]},"firstperson_righthand":{"rotation":[0,-180,0],"translation":[3.38,1.2,1.13],"scale":[0.68,0.68,0.68]},"firstperson_lefthand":{"rotation":[0,-180,0],"translation":[3.38,1.2,1.13],"scale":[0.68,0.68,0.68]},"ground":{"translation":[0,2,0],"scale":[0.5,0.5,0.5]},"gui":{"rotation":[5,147,0],"translation":[0,-2,0],"scale":[0.75,0.76,0.79]},"fixed":{"rotation":[-90,0,0],"translation":[0,0,-16],"scale":[2.17,2,2.14]}}}