{"credit":"Made with Blockbench","texture_size":[128,128],"textures":{"3":"furnitures:rivrs/tableau","particle":"furnitures:rivrs/tableau"},"elements":[{"from":[2,0,14],"to":[14,17,16],"faces":{"north":{"uv":[13.875,6.125,15.375,8.25],"texture":"#3"},"east":{"uv":[0.875,8.25,1.125,10.375],"texture":"#3"},"south":{"uv":[2.375,6.125,3.875,8.25],"texture":"#3"},"west":{"uv":[1.125,8.25,1.375,10.375],"texture":"#3"},"up":{"uv":[2.875,8.5,1.375,8.25],"texture":"#3"},"down":{"uv":[4.375,8.25,2.875,8.5],"texture":"#3"}}}],"gui_light":"front","display":{"thirdperson_righthand":{"translation":[0,3,-4],"scale":[0.55,0.55,0.55]},"thirdperson_lefthand":{"translation":[0,3,-4],"scale":[0.55,0.55,0.55]},"firstperson_righthand":{"rotation":[0,90,25],"translation":[-3.25,3.2,4],"scale":[0.68,0.68,0.68]},"firstperson_lefthand":{"rotation":[0,90,25],"translation":[-3.25,3.2,4],"scale":[0.68,0.68,0.68]},"ground":{"translation":[0,2,0],"scale":[0.5,0.5,0.5]},"gui":{"rotation":[14,152,0],"translation":[-2.75,-2,0],"scale":[0.87,0.86,0.88]},"head":{"translation":[0,0,-14]},"fixed":{"translation":[0,0,-16],"scale":[2,2,2]}}}