{"credit":"Made with Blockbench","texture_size":[512,512],"textures":{"0":"furnitures:rivrs/furnitures_color_2","particle":"furnitures:rivrs/furnitures_color_2"},"elements":[{"from":[5,0,8],"to":[13,4,15],"faces":{"north":{"uv":[9.875,13.625,10.125,13.75],"texture":"#0"},"east":{"uv":[9.875,13.875,10.09375,14],"texture":"#0"},"south":{"uv":[9.875,13.75,10.125,13.875],"texture":"#0"},"west":{"uv":[9.875,14,10.09375,14.125],"texture":"#0"},"up":{"uv":[9.875,13.84375,9.625,13.625],"texture":"#0"},"down":{"uv":[9.875,13.84375,9.625,14.0625],"texture":"#0"}}},{"from":[-2,0,4],"to":[3,3,9],"rotation":{"angle":22.5,"axis":"y","origin":[0,0,0]},"faces":{"north":{"uv":[10.09375,14.03125,10.25,14.125],"texture":"#0"},"east":{"uv":[10.125,13.625,10.28125,13.71875],"texture":"#0"},"south":{"uv":[10.125,13.71875,10.28125,13.8125],"texture":"#0"},"west":{"uv":[9.78125,14.125,9.9375,14.21875],"texture":"#0"},"up":{"uv":[9.78125,14.21875,9.625,14.0625],"texture":"#0"},"down":{"uv":[10.25,13.875,10.09375,14.03125],"texture":"#0"}}},{"from":[6.06878,0,2.40046],"to":[9.06878,2,5.40046],"rotation":{"angle":-22.5,"axis":"y","origin":[7.56878,1,3.90046]},"faces":{"north":{"uv":[9.78125,14.0625,9.875,14.125],"texture":"#0"},"east":{"uv":[10.125,13.8125,10.21875,13.875],"texture":"#0"},"south":{"uv":[9.71875,14.21875,9.8125,14.28125],"texture":"#0"},"west":{"uv":[9.8125,14.21875,9.90625,14.28125],"texture":"#0"},"up":{"uv":[10.03125,14.21875,9.9375,14.125],"texture":"#0"},"down":{"uv":[10.125,14.125,10.03125,14.21875],"texture":"#0"}}},{"from":[14.06878,0,13.40046],"to":[17.06878,2,16.40046],"rotation":{"angle":-22.5,"axis":"y","origin":[7.56878,1,3.90046]},"faces":{"north":{"uv":[10.21875,13.8125,10.3125,13.875],"texture":"#0"},"east":{"uv":[9.90625,14.21875,10,14.28125],"texture":"#0"},"south":{"uv":[10,14.21875,10.09375,14.28125],"texture":"#0"},"west":{"uv":[10.09375,14.21875,10.1875,14.28125],"texture":"#0"},"up":{"uv":[10.21875,14.21875,10.125,14.125],"texture":"#0"},"down":{"uv":[9.71875,14.21875,9.625,14.3125],"texture":"#0"}}}],"gui_light":"front","display":{"thirdperson_righthand":{"translation":[0,3,1],"scale":[0.55,0.55,0.55]},"thirdperson_lefthand":{"translation":[0,3,1],"scale":[0.55,0.55,0.55]},"firstperson_righthand":{"rotation":[45,-45,25],"translation":[1,4.5,3],"scale":[0.3,0.3,0.3]},"firstperson_lefthand":{"rotation":[45,-45,25],"translation":[1,4.5,3],"scale":[0.3,0.3,0.3]},"ground":{"translation":[0,2,0],"scale":[0.5,0.5,0.5]},"gui":{"rotation":[90,23,0],"translation":[0.5,1,0],"scale":[0.9,0.9,0.9]},"head":{"rotation":[45,-45,25],"translation":[1,4.5,3],"scale":[0.3,0.3,0.3]},"fixed":{"rotation":[-90,0,0],"translation":[0.5,-4.75,-16],"scale":[2,2,2]}}}