{"credit":"Made with Blockbench","texture_size":[32,32],"textures":{"0":"furnitures:rivrs/furnitures_color_3","particle":"furnitures:rivrs/furnitures_color_3"},"elements":[{"from":[7,0,0],"to":[10,7,2],"faces":{"north":{"uv":[8.6875,15.3125,8.78125,15.53125],"texture":"#0"},"east":{"uv":[8.75,15.53125,8.8125,15.75],"texture":"#0"},"south":{"uv":[8.78125,15.3125,8.875,15.53125],"texture":"#0"},"west":{"uv":[8.8125,15.53125,8.875,15.75],"texture":"#0"},"up":{"uv":[9.1875,15.6875,9.09375,15.625],"texture":"#0"},"down":{"uv":[9.25,15,9.15625,15.0625],"texture":"#0"}}},{"from":[7,4,-1],"to":[10,7,0],"faces":{"north":{"uv":[9.09375,15.15625,9.1875,15.25],"texture":"#0"},"east":{"uv":[9.0625,15.71875,9.09375,15.8125],"texture":"#0"},"south":{"uv":[9,15.625,9.09375,15.71875],"texture":"#0"},"west":{"uv":[8.5,15.75,8.53125,15.84375],"texture":"#0"},"up":{"uv":[9.34375,15.03125,9.25,15],"texture":"#0"},"down":{"uv":[8.625,15.75,8.53125,15.78125],"texture":"#0"}}},{"from":[7.5,4.5,-1.25],"to":[9.5,6.5,-0.25],"faces":{"north":{"uv":[9.1875,15.1875,9.25,15.25],"texture":"#0"},"east":{"uv":[9.25,15.03125,9.28125,15.09375],"texture":"#0"},"south":{"uv":[8.875,15.71875,8.9375,15.78125],"texture":"#0"},"west":{"uv":[8.625,15.75,8.65625,15.8125],"texture":"#0"},"up":{"uv":[9.3125,15.125,9.25,15.09375],"texture":"#0"},"down":{"uv":[9.3125,15.1875,9.25,15.21875],"texture":"#0"}}},{"from":[8.75,5.75,-1.5],"to":[9.75,6.75,-1.5],"faces":{"north":{"uv":[9.15625,15.125,9.1875,15.15625],"texture":"#0"},"east":{"uv":[8.5,15,8.5,15.03125],"texture":"#0"},"south":{"uv":[9.15625,15.6875,9.1875,15.71875],"texture":"#0"},"west":{"uv":[8.5,15,8.5,15.03125],"texture":"#0"},"up":{"uv":[8.53125,15,8.5,15],"texture":"#0"},"down":{"uv":[8.53125,15,8.5,15],"texture":"#0"}}},{"from":[7,0,2],"to":[10,2,11],"faces":{"north":{"uv":[9.15625,15.0625,9.25,15.125],"texture":"#0"},"east":{"uv":[8.875,15.3125,9.15625,15.375],"texture":"#0"},"south":{"uv":[9.15625,15.3125,9.25,15.375],"texture":"#0"},"west":{"uv":[8.875,15.375,9.15625,15.4375],"texture":"#0"},"up":{"uv":[8.59375,15.59375,8.5,15.3125],"texture":"#0"},"down":{"uv":[8.6875,15.3125,8.59375,15.59375],"texture":"#0"}}},{"from":[8,2,2],"to":[10,7,11],"faces":{"north":{"uv":[8.5,15.59375,8.5625,15.75],"texture":"#0"},"east":{"uv":[8.5,15,8.78125,15.15625],"texture":"#0"},"south":{"uv":[9.09375,15,9.15625,15.15625],"texture":"#0"},"west":{"uv":[8.5,15.15625,8.78125,15.3125],"texture":"#0"},"up":{"uv":[8.9375,15.71875,8.875,15.4375],"texture":"#0"},"down":{"uv":[9,15.4375,8.9375,15.71875],"texture":"#0"}}},{"from":[8,5.8,10.3],"to":[10,7.8,13.3],"rotation":{"angle":-22.5,"axis":"x","origin":[9,6,12.5]},"faces":{"north":{"uv":[8.9375,15.71875,9,15.78125],"texture":"#0"},"east":{"uv":[9.15625,15.375,9.25,15.4375],"texture":"#0"},"south":{"uv":[9,15.71875,9.0625,15.78125],"texture":"#0"},"west":{"uv":[9.1875,15.125,9.28125,15.1875],"texture":"#0"},"up":{"uv":[9.15625,15.78125,9.09375,15.6875],"texture":"#0"},"down":{"uv":[9.25,15.625,9.1875,15.71875],"texture":"#0"}}},{"from":[9,1,-1],"to":[11,3,7],"rotation":{"angle":-22.5,"axis":"z","origin":[10,2,3]},"faces":{"north":{"uv":[9.15625,15.71875,9.21875,15.78125],"texture":"#0"},"east":{"uv":[9,15.4375,9.25,15.5],"texture":"#0"},"south":{"uv":[9.21875,15.71875,9.28125,15.78125],"texture":"#0"},"west":{"uv":[9,15.5,9.25,15.5625],"texture":"#0"},"up":{"uv":[9.09375,15.25,9.03125,15],"texture":"#0"},"down":{"uv":[8.75,15.53125,8.6875,15.78125],"texture":"#0"}}},{"from":[1.65,1.75,2.5],"to":[9.65,6.75,4.5],"rotation":{"angle":22.5,"axis":"y","origin":[6,3.5,7.5]},"faces":{"north":{"uv":[8.78125,15,9.03125,15.15625],"texture":"#0"},"east":{"uv":[8.5625,15.59375,8.625,15.75],"texture":"#0"},"south":{"uv":[8.78125,15.15625,9.03125,15.3125],"texture":"#0"},"west":{"uv":[8.625,15.59375,8.6875,15.75],"texture":"#0"},"up":{"uv":[9.28125,15.3125,9.03125,15.25],"texture":"#0"},"down":{"uv":[9.25,15.5625,9,15.625],"texture":"#0"}}}],"gui_light":"front","display":{"thirdperson_righthand":{"translation":[0,3,1],"scale":[0.55,0.55,0.55]},"thirdperson_lefthand":{"translation":[0,3,1],"scale":[0.55,0.55,0.55]},"firstperson_righthand":{"rotation":[0,-90,25],"translation":[1.13,3.2,1.13],"scale":[0.68,0.68,0.68]},"firstperson_lefthand":{"rotation":[0,-90,25],"translation":[1.13,3.2,1.13],"scale":[0.68,0.68,0.68]},"ground":{"translation":[0,2,0],"scale":[0.5,0.5,0.5]},"gui":{"rotation":[15,147,0],"translation":[1,3.25,0]},"head":{"translation":[0,14.25,2.5]},"fixed":{"rotation":[-90,0,0],"translation":[0,5,-16],"scale":[2,2,2]}}}