{"credit":"Made with Blockbench","texture_size":[64,64],"textures":{"0":"furnitures:rivrs/furnitures_color_2","particle":"furnitures:rivrs/furnitures_color_2"},"elements":[{"from":[3,26,7],"to":[13,28,9],"rotation":{"angle":45,"axis":"x","origin":[1,11.5,1]},"faces":{"north":{"uv":[9.875,7.59375,10.1875,7.65625],"texture":"#0"},"east":{"uv":[9.625,7.84375,9.6875,7.90625],"texture":"#0"},"south":{"uv":[9.875,7.65625,10.1875,7.71875],"texture":"#0"},"west":{"uv":[9.6875,7.84375,9.75,7.90625],"texture":"#0"},"up":{"uv":[9.875,7.84375,9.5625,7.78125],"texture":"#0"},"down":{"uv":[10.1875,7.78125,9.875,7.84375],"texture":"#0"}}},{"from":[3,10.85295,13.77361],"to":[13,17.85295,13.77361],"rotation":{"angle":22.5,"axis":"x","origin":[8,13.35295,13.77361]},"faces":{"north":{"uv":[9.25,7.125,9.5625,7.34375],"texture":"#0"},"east":{"uv":[9.25,7.125,9.25,7.34375],"texture":"#0"},"south":{"uv":[9.25,7.34375,9.5625,7.125],"texture":"#0"},"west":{"uv":[9.25,7.125,9.25,7.34375],"texture":"#0"},"up":{"uv":[9.5625,7.125,9.25,7.125],"texture":"#0"},"down":{"uv":[9.5625,7.125,9.25,7.125],"texture":"#0"}}},{"from":[3,8.65484,0.81383],"to":[13,8.65484,7.81383],"rotation":{"angle":22.5,"axis":"x","origin":[8,8.65484,2.81383]},"faces":{"north":{"uv":[9.25,7.125,9.5625,7.125],"texture":"#0"},"east":{"uv":[9.25,7.125,9.46875,7.125],"texture":"#0"},"south":{"uv":[9.25,7.125,9.5625,7.125],"texture":"#0"},"west":{"uv":[9.25,7.125,9.46875,7.125],"texture":"#0"},"up":{"uv":[9.875,7.34375,9.5625,7.125],"texture":"#0"},"down":{"uv":[9.875,7.34375,9.5625,7.125],"texture":"#0"}}},{"from":[3,8.92122,8.69629],"to":[13,8.92122,13.69629],"rotation":{"angle":-45,"axis":"x","origin":[8,8.92122,10.69629]},"faces":{"north":{"uv":[9.25,7.125,9.5625,7.125],"texture":"#0"},"east":{"uv":[9.25,7.125,9.40625,7.125],"texture":"#0"},"south":{"uv":[9.25,7.125,9.5625,7.125],"texture":"#0"},"west":{"uv":[9.25,7.125,9.40625,7.125],"texture":"#0"},"up":{"uv":[9.5625,7.71875,9.25,7.5625],"texture":"#0"},"down":{"uv":[9.25,7.5625,9.5625,7.71875],"texture":"#0"}}},{"from":[3,7.12411,7.35787],"to":[13,7.12411,9.35787],"rotation":{"angle":-22.5,"axis":"x","origin":[8,7.12411,8.35787]},"faces":{"north":{"uv":[9.25,7.125,9.5625,7.125],"texture":"#0"},"east":{"uv":[9.25,7.125,9.3125,7.125],"texture":"#0"},"south":{"uv":[9.25,7.125,9.5625,7.125],"texture":"#0"},"west":{"uv":[9.25,7.125,9.3125,7.125],"texture":"#0"},"up":{"uv":[10.25,7.25,9.9375,7.1875],"texture":"#0"},"down":{"uv":[10.25,7.25,9.9375,7.1875],"texture":"#0"}}},{"from":[3,4.37868,0.27817],"to":[13,6.37868,2.27817],"rotation":{"angle":22.5,"axis":"x","origin":[1.5,9.37868,8.77817]},"faces":{"north":{"uv":[9.9375,7.3125,10.25,7.375],"texture":"#0"},"east":{"uv":[9.75,7.84375,9.8125,7.90625],"texture":"#0"},"south":{"uv":[9.9375,7.375,10.25,7.4375],"texture":"#0"},"west":{"uv":[9.8125,7.84375,9.875,7.90625],"texture":"#0"},"up":{"uv":[10.25,7.5,9.9375,7.4375],"texture":"#0"},"down":{"uv":[10.25,7.5,9.9375,7.5625],"texture":"#0"}}},{"from":[1,3,7],"to":[2,28,9],"rotation":{"angle":45,"axis":"x","origin":[1,11.5,1]},"faces":{"north":{"uv":[9.4375,7.78125,9.46875,8.5625],"texture":"#0"},"east":{"uv":[9.25,7.71875,9.3125,8.5],"texture":"#0"},"south":{"uv":[9.46875,7.78125,9.5,8.5625],"texture":"#0"},"west":{"uv":[9.3125,7.71875,9.375,8.5],"texture":"#0"},"up":{"uv":[9.90625,7.90625,9.875,7.84375],"texture":"#0"},"down":{"uv":[9.9375,7.84375,9.90625,7.90625],"texture":"#0"}}},{"from":[2,4.37868,0.27817],"to":[3,6.37868,21.27817],"rotation":{"angle":22.5,"axis":"x","origin":[1.5,9.37868,8.77817]},"faces":{"north":{"uv":[9.9375,7.84375,9.96875,7.90625],"texture":"#0"},"east":{"uv":[9.375,7.71875,10.03125,7.78125],"texture":"#0"},"south":{"uv":[9.96875,7.84375,10,7.90625],"texture":"#0"},"west":{"uv":[9.875,7.125,10.53125,7.1875],"texture":"#0"},"up":{"uv":[9.53125,8.4375,9.5,7.78125],"texture":"#0"},"down":{"uv":[9.5625,7.78125,9.53125,8.4375],"texture":"#0"}}},{"from":[1.5,2.6517,14.88547],"to":[2.5,15.6517,16.88547],"rotation":{"angle":-22.5,"axis":"x","origin":[2.5,5.9017,19.78547]},"faces":{"north":{"uv":[9.5625,7.84375,9.59375,8.25],"texture":"#0"},"east":{"uv":[9.875,7.1875,9.9375,7.59375],"texture":"#0"},"south":{"uv":[9.59375,7.84375,9.625,8.25],"texture":"#0"},"west":{"uv":[9.375,7.78125,9.4375,8.1875],"texture":"#0"},"up":{"uv":[10.03125,7.90625,10,7.84375],"texture":"#0"},"down":{"uv":[9.65625,7.90625,9.625,7.96875],"texture":"#0"}}},{"from":[1.4,17,16.4],"to":[3.4,18,17.4],"faces":{"north":{"uv":[9.9375,7.875,10,7.90625],"texture":"#0"},"east":{"uv":[9.9375,7.875,9.96875,7.90625],"texture":"#0"},"south":{"uv":[9.90625,7.84375,9.96875,7.875],"texture":"#0"},"west":{"uv":[9.90625,7.84375,9.9375,7.875],"texture":"#0"},"up":{"uv":[9.90625,7.84375,9.96875,7.875],"texture":"#0"},"down":{"uv":[9.875,7.875,9.9375,7.90625],"texture":"#0"}}},{"from":[14,3,7],"to":[15,28,9],"rotation":{"angle":45,"axis":"x","origin":[15,11.5,1]},"faces":{"north":{"uv":[9.46875,7.78125,9.4375,8.5625],"texture":"#0"},"east":{"uv":[9.375,7.71875,9.3125,8.5],"texture":"#0"},"south":{"uv":[9.5,7.78125,9.46875,8.5625],"texture":"#0"},"west":{"uv":[9.3125,7.71875,9.25,8.5],"texture":"#0"},"up":{"uv":[9.875,7.90625,9.90625,7.84375],"texture":"#0"},"down":{"uv":[9.90625,7.84375,9.9375,7.90625],"texture":"#0"}}},{"from":[13,4.37868,0.27817],"to":[14,6.37868,21.27817],"rotation":{"angle":22.5,"axis":"x","origin":[14.5,9.37868,8.77817]},"faces":{"north":{"uv":[9.96875,7.84375,9.9375,7.90625],"texture":"#0"},"east":{"uv":[10.53125,7.125,9.875,7.1875],"texture":"#0"},"south":{"uv":[10,7.84375,9.96875,7.90625],"texture":"#0"},"west":{"uv":[10.03125,7.71875,9.375,7.78125],"texture":"#0"},"up":{"uv":[9.5,8.4375,9.53125,7.78125],"texture":"#0"},"down":{"uv":[9.53125,7.78125,9.5625,8.4375],"texture":"#0"}}},{"from":[13.5,2.6517,14.88547],"to":[14.5,15.6517,16.88547],"rotation":{"angle":-22.5,"axis":"x","origin":[13.5,5.9017,19.78547]},"faces":{"north":{"uv":[9.59375,7.84375,9.5625,8.25],"texture":"#0"},"east":{"uv":[9.4375,7.78125,9.375,8.1875],"texture":"#0"},"south":{"uv":[9.625,7.84375,9.59375,8.25],"texture":"#0"},"west":{"uv":[9.9375,7.1875,9.875,7.59375],"texture":"#0"},"up":{"uv":[10,7.90625,10.03125,7.84375],"texture":"#0"},"down":{"uv":[9.625,7.90625,9.65625,7.96875],"texture":"#0"}}},{"from":[12.6,17,16.4],"to":[14.6,18,17.4],"rotation":{"angle":0,"axis":"y","origin":[16,0,0]},"faces":{"north":{"uv":[10,7.875,9.9375,7.90625],"texture":"#0"},"east":{"uv":[9.9375,7.84375,9.90625,7.875],"texture":"#0"},"south":{"uv":[9.96875,7.84375,9.90625,7.875],"texture":"#0"},"west":{"uv":[9.96875,7.875,9.9375,7.90625],"texture":"#0"},"up":{"uv":[9.96875,7.84375,9.90625,7.875],"texture":"#0"},"down":{"uv":[9.9375,7.875,9.875,7.90625],"texture":"#0"}}}],"gui_light":"front","display":{"thirdperson_righthand":{"translation":[0,3,1],"scale":[0.55,0.55,0.55]},"thirdperson_lefthand":{"translation":[0,3,1],"scale":[0.55,0.55,0.55]},"firstperson_righthand":{"rotation":[0,180,0],"translation":[5.5,0,1],"scale":[0.3,0.3,0.3]},"firstperson_lefthand":{"rotation":[0,180,0],"translation":[5.5,0,1],"scale":[0.3,0.3,0.3]},"ground":{"translation":[0,2,0],"scale":[0.5,0.5,0.5]},"gui":{"rotation":[19,152,0],"translation":[0,-1.5,0],"scale":[0.5,0.5,0.5]},"head":{"translation":[0,10.25,0],"scale":[0.5,0.5,0.5]},"fixed":{"rotation":[-90,0,0],"translation":[0,0,-15.75],"scale":[2,2,2]}}}