{"credit":"Made with Blockbench","texture_size":[64,64],"textures":{"0":"furnitures:rivrs/texture_chevet","particle":"furnitures:rivrs/texture_chevet"},"elements":[{"from":[2.001,0,2.001],"to":[14.001,7,14.001],"rotation":{"angle":0,"axis":"y","origin":[8,13.25,8.001]},"faces":{"north":{"uv":[3,6,6,7.75],"texture":"#0"},"east":{"uv":[3,6,6,7.75],"texture":"#0"},"south":{"uv":[3,6,6,7.75],"texture":"#0"},"west":{"uv":[3,6,6,7.75],"texture":"#0"},"up":{"uv":[3,3,0,0],"rotation":90,"texture":"#0"},"down":{"uv":[3,3,0,6],"rotation":270,"texture":"#0"}}},{"from":[2.001,7,2.001],"to":[14.001,14,14.001],"rotation":{"angle":0,"axis":"y","origin":[8,13.25,8.001]},"faces":{"north":{"uv":[0,7.75,3,9.5],"texture":"#0"},"east":{"uv":[6,3.5,9,5.25],"texture":"#0"},"south":{"uv":[9,3.5,6,5.25],"texture":"#0"},"west":{"uv":[6,3.5,9,5.25],"texture":"#0"},"up":{"uv":[6,3,3,0],"rotation":90,"texture":"#0"},"down":{"uv":[6,3,3,6],"rotation":270,"texture":"#0"}}},{"from":[5.001,14,5.001],"to":[11.001,15,11.001],"rotation":{"angle":0,"axis":"y","origin":[8,13.25,8.001]},"faces":{"north":{"uv":[0,11,1.5,11.25],"texture":"#0"},"east":{"uv":[6.5,10.75,8,11],"texture":"#0"},"south":{"uv":[8,10.75,9.5,11],"texture":"#0"},"west":{"uv":[9.5,10.75,11,11],"texture":"#0"},"up":{"uv":[1.5,11,0,9.5],"rotation":90,"texture":"#0"},"down":{"uv":[3,9.5,1.5,11],"rotation":270,"texture":"#0"}}},{"from":[7.001,15,7.001],"to":[9.001,20,9.001],"rotation":{"angle":0,"axis":"y","origin":[8,13.25,8.001]},"faces":{"north":{"uv":[4.5,9.75,5,11],"texture":"#0"},"east":{"uv":[3,9.75,3.5,11],"texture":"#0"},"south":{"uv":[3.5,9.75,4,11],"texture":"#0"},"west":{"uv":[4,9.75,4.5,11],"texture":"#0"},"up":{"uv":[11.5,0.5,11,0],"rotation":90,"texture":"#0"},"down":{"uv":[11.5,0.5,11,1],"rotation":270,"texture":"#0"}}},{"from":[12.001,19,4.001],"to":[12.001,27,12.001],"rotation":{"angle":0,"axis":"y","origin":[8,13.25,8.001]},"faces":{"north":{"uv":[3,7.75,5,9.75],"texture":"#0"},"east":{"uv":[3,7.75,5,9.75],"texture":"#0"},"south":{"uv":[5,8.75,7,10.75],"texture":"#0"},"west":{"uv":[3,7.75,5,9.75],"texture":"#0"},"up":{"uv":[11,4,9,2],"rotation":90,"texture":"#0"},"down":{"uv":[11,4,9,6],"rotation":270,"texture":"#0"}}},{"from":[4,19,12.001],"to":[12,27,12.001],"rotation":{"angle":0,"axis":"y","origin":[8,13.25,8.001]},"faces":{"north":{"uv":[3,7.75,5,9.75],"texture":"#0"},"east":{"uv":[9,0,11,2],"texture":"#0"},"south":{"uv":[3,7.75,5,9.75],"texture":"#0"},"west":{"uv":[3,7.75,5,9.75],"texture":"#0"},"up":{"uv":[11,4,9,2],"rotation":180,"texture":"#0"},"down":{"uv":[11,4,9,6],"rotation":180,"texture":"#0"}}},{"from":[4,19,4.001],"to":[12,27,4.001],"rotation":{"angle":0,"axis":"y","origin":[8,13.25,8.001]},"faces":{"north":{"uv":[3,7.75,5,9.75],"texture":"#0"},"east":{"uv":[3,7.75,5,9.75],"texture":"#0"},"south":{"uv":[3,7.75,5,9.75],"texture":"#0"},"west":{"uv":[9,0,11,2],"texture":"#0"},"up":{"uv":[11,4,9,2],"texture":"#0"},"down":{"uv":[11,4,9,6],"texture":"#0"}}},{"from":[3.999,19,4.001],"to":[3.999,27,12.001],"rotation":{"angle":0,"axis":"y","origin":[8,13.25,8.001]},"faces":{"north":{"uv":[3,7.75,5,9.75],"texture":"#0"},"east":{"uv":[3,8,5,10],"texture":"#0"},"south":{"uv":[9,0,11,2],"texture":"#0"},"west":{"uv":[5,7.75,3,9.75],"texture":"#0"},"up":{"uv":[11,4,9,2],"rotation":270,"texture":"#0"},"down":{"uv":[11,4,9,6],"rotation":90,"texture":"#0"}}},{"from":[4.001,20,4.001],"to":[12.001,20,12.001],"rotation":{"angle":0,"axis":"y","origin":[8,13.25,8.001]},"faces":{"north":{"uv":[0,0,2,0],"texture":"#0"},"east":{"uv":[0,0,2,0],"texture":"#0"},"south":{"uv":[0,0,2,0],"texture":"#0"},"west":{"uv":[0,0,2,0],"texture":"#0"},"up":{"uv":[11,8,9,6],"rotation":90,"texture":"#0"},"down":{"uv":[11,6,9,8],"rotation":270,"texture":"#0"}}},{"from":[6.501,21,6.501],"to":[9.501,24,9.501],"rotation":{"angle":0,"axis":"y","origin":[8,13.25,8.001]},"faces":{"north":{"uv":[10.5,10,11.25,10.75],"texture":"#0"},"east":{"uv":[5,7.75,5.75,8.5],"texture":"#0"},"south":{"uv":[9,10,9.75,10.75],"texture":"#0"},"west":{"uv":[9.75,10,10.5,10.75],"texture":"#0"},"up":{"uv":[5.75,11.5,5,10.75],"rotation":90,"texture":"#0"},"down":{"uv":[6.5,10.75,5.75,11.5],"rotation":270,"texture":"#0"}}}],"gui_light":"front","display":{"thirdperson_righthand":{"translation":[0,3,1],"scale":[0.55,0.55,0.55]},"thirdperson_lefthand":{"translation":[0,3,1],"scale":[0.55,0.55,0.55]},"firstperson_righthand":{"rotation":[0,-90,25],"translation":[1.13,3.2,1.13],"scale":[0.68,0.68,0.68]},"firstperson_lefthand":{"rotation":[0,-90,25],"translation":[1.13,3.2,1.13],"scale":[0.68,0.68,0.68]},"ground":{"translation":[0,2,0],"scale":[0.5,0.5,0.5]},"gui":{"rotation":[14,150,0],"translation":[0,-3.25,0],"scale":[0.58,0.59,0.61]},"fixed":{"rotation":[-90,0,0],"translation":[0,0,-16],"scale":[2,2,2]}}}