{"credit":"Made with Blockbench","texture_size":[32,32],"textures":{"0":"furnitures:rivrs/furnitures_color_3","particle":"furnitures:rivrs/furnitures_color_3"},"elements":[{"from":[4,1.25,2.5],"to":[12,9.25,10.5],"rotation":{"angle":22.5,"axis":"x","origin":[0,0,0]},"faces":{"north":{"uv":[7.0625,9.625,7.3125,9.875],"texture":"#0"},"east":{"uv":[7.0625,9.875,7.3125,10.125],"texture":"#0"},"south":{"uv":[7.3125,9.625,7.5625,9.875],"texture":"#0"},"west":{"uv":[7.3125,9.875,7.5625,10.125],"texture":"#0"},"up":{"uv":[7.3125,10.375,7.0625,10.125],"texture":"#0"},"down":{"uv":[7.8125,9.625,7.5625,9.875],"texture":"#0"}}}],"gui_light":"front","display":{"firstperson_righthand":{"translation":[5,3.5,0]},"firstperson_lefthand":{"translation":[5,3.5,0]},"ground":{"translation":[0,2,0],"scale":[0.5,0.5,0.5]},"gui":{"rotation":[44,151,0],"translation":[0,3.25,0]},"head":{"rotation":[-22.5,0,0],"translation":[0,9,-3.75],"scale":[1.7,1.7,1.7]},"fixed":{"rotation":[-90,0,0],"translation":[0,0,-15.25],"scale":[2,2,2]}}}