{"credit":"Made with Blockbench","texture_size":[64,64],"textures":{"0":"furnitures:rivrs/furnitures_color_2","particle":"furnitures:rivrs/furnitures_color_2"},"elements":[{"from":[-8,6,6],"to":[24,8,7],"faces":{"north":{"uv":[14.53125,0,15.53125,0.0625],"texture":"#0"},"east":{"uv":[14.65625,0.3125,14.6875,0.375],"texture":"#0"},"south":{"uv":[14.53125,0.0625,15.53125,0.125],"texture":"#0"},"west":{"uv":[14.65625,0.375,14.6875,0.4375],"texture":"#0"},"up":{"uv":[15.65625,0.15625,14.65625,0.125],"texture":"#0"},"down":{"uv":[15.65625,0.15625,14.65625,0.1875],"texture":"#0"}}},{"from":[-8,14,6],"to":[24,16,7],"faces":{"north":{"uv":[14.53125,0,15.53125,0.0625],"texture":"#0"},"east":{"uv":[14.65625,0.3125,14.6875,0.375],"texture":"#0"},"south":{"uv":[14.53125,0.0625,15.53125,0.125],"texture":"#0"},"west":{"uv":[14.65625,0.375,14.6875,0.4375],"texture":"#0"},"up":{"uv":[15.65625,0.15625,14.65625,0.125],"texture":"#0"},"down":{"uv":[15.65625,0.15625,14.65625,0.1875],"texture":"#0"}}},{"from":[14,0,7],"to":[18,24,9],"faces":{"north":{"uv":[14.28125,0,14.40625,0.75],"texture":"#0"},"east":{"uv":[14.53125,0.125,14.59375,0.875],"texture":"#0"},"south":{"uv":[14.40625,0,14.53125,0.75],"texture":"#0"},"west":{"uv":[14.59375,0.125,14.65625,0.875],"texture":"#0"},"up":{"uv":[14.78125,0.25,14.65625,0.1875],"texture":"#0"},"down":{"uv":[14.78125,0.25,14.65625,0.3125],"texture":"#0"}}},{"from":[-2,0,7],"to":[2,24,9],"faces":{"north":{"uv":[14.28125,0,14.40625,0.75],"texture":"#0"},"east":{"uv":[14.53125,0.125,14.59375,0.875],"texture":"#0"},"south":{"uv":[14.40625,0,14.53125,0.75],"texture":"#0"},"west":{"uv":[14.59375,0.125,14.65625,0.875],"texture":"#0"},"up":{"uv":[14.78125,0.25,14.65625,0.1875],"texture":"#0"},"down":{"uv":[14.78125,0.25,14.65625,0.3125],"texture":"#0"}}}],"gui_light":"front","display":{"thirdperson_righthand":{"rotation":[75,45,0],"translation":[0,2.5,0],"scale":[0.375,0.375,0.375]},"thirdperson_lefthand":{"rotation":[75,45,0],"translation":[0,2.5,0],"scale":[0.375,0.375,0.375]},"firstperson_righthand":{"rotation":[0,45,0],"translation":[4.75,0,0],"scale":[0.4,0.4,0.4]},"firstperson_lefthand":{"rotation":[0,45,0],"translation":[4.75,0,0],"scale":[0.4,0.4,0.4]},"ground":{"translation":[0,2,0],"scale":[0.5,0.5,0.5]},"gui":{"translation":[0,-4,0],"scale":[0.5,0.5,0.5]},"fixed":{"rotation":[-90,0,0],"translation":[0,2,-16],"scale":[2,2,2]}}}