{"credit":"Made with Blockbench","texture_size":[128,128],"textures":{"1":"furnitures:rivrs/texture_water_sheet","2":"furnitures:rivrs/furnitures_color_4","particle":"furnitures:rivrs/texture_water"},"elements":[{"from":[3,-12,3],"to":[13,-11,13],"rotation":{"angle":0,"axis":"y","origin":[0,-9,0]},"faces":{"north":{"uv":[11.375,3.28125,11.6875,3.3125],"texture":"#2"},"east":{"uv":[11.6875,3.28125,11.375,3.3125],"texture":"#2"},"south":{"uv":[11.375,3.28125,11.6875,3.3125],"texture":"#2"},"west":{"uv":[11.6875,3.28125,11.375,3.3125],"texture":"#2"},"up":{"uv":[10.875,3.59375,10.5625,3.28125],"texture":"#2"},"down":{"uv":[11.1875,3.28125,10.875,3.59375],"texture":"#2"}}},{"from":[4,-11,4],"to":[12,-8,12],"rotation":{"angle":0,"axis":"y","origin":[0,-9,0]},"faces":{"north":{"uv":[11.3125,1.9375,11.5625,2.03125],"texture":"#2"},"east":{"uv":[11.5625,1.9375,11.3125,2.03125],"texture":"#2"},"south":{"uv":[11.3125,1.9375,11.5625,2.03125],"texture":"#2"},"west":{"uv":[11.5625,1.9375,11.3125,2.03125],"texture":"#2"},"up":{"uv":[11.34375,2.8125,11.09375,2.5625],"texture":"#2"},"down":{"uv":[9.59375,3.5625,9.34375,3.8125],"texture":"#2"}}},{"from":[6,-8,6],"to":[10,-6,10],"rotation":{"angle":0,"axis":"y","origin":[0,-9,0]},"faces":{"north":{"uv":[10.25,3.21875,10.375,3.28125],"texture":"#2"},"east":{"uv":[10.125,3.5625,10.25,3.625],"texture":"#2"},"south":{"uv":[11.375,3.40625,11.5,3.46875],"texture":"#2"},"west":{"uv":[11.375,3.46875,11.5,3.53125],"texture":"#2"},"up":{"uv":[10.375,3.21875,10.25,3.09375],"texture":"#2"},"down":{"uv":[9.9375,3.71875,9.8125,3.84375],"texture":"#2"}}},{"from":[5,-6.5,5],"to":[11,-3.5,11],"rotation":{"angle":0,"axis":"y","origin":[0,-9,0]},"faces":{"north":{"uv":[10.125,3.78125,10.3125,3.875],"texture":"#2"},"east":{"uv":[10.3125,3.78125,10.125,3.875],"texture":"#2"},"south":{"uv":[10.125,3.78125,10.3125,3.875],"texture":"#2"},"west":{"uv":[10.3125,3.78125,10.125,3.875],"texture":"#2"},"up":{"uv":[11.09375,3.78125,10.90625,3.59375],"texture":"#2"},"down":{"uv":[11.28125,3.59375,11.09375,3.78125],"texture":"#2"}}},{"from":[6,-4,6],"to":[10,-2,10],"rotation":{"angle":0,"axis":"y","origin":[0,-9,0]},"faces":{"north":{"uv":[11.375,3.53125,11.5,3.59375],"texture":"#2"},"east":{"uv":[9.59375,3.84375,9.71875,3.90625],"texture":"#2"},"south":{"uv":[9.71875,3.84375,9.84375,3.90625],"texture":"#2"},"west":{"uv":[10.5,3.84375,10.625,3.90625],"texture":"#2"},"up":{"uv":[10.9375,3.90625,10.8125,3.78125],"texture":"#2"},"down":{"uv":[11.0625,3.78125,10.9375,3.90625],"texture":"#2"}}},{"from":[6.31883,10.23028,1.4],"to":[19.31883,22.23028,14.4],"rotation":{"angle":-22.5,"axis":"z","origin":[12.81883,16.23028,8]},"faces":{"north":{"uv":[9.96875,2.71875,10.375,3.09375],"texture":"#2"},"east":{"uv":[10.375,2.1875,10.78125,2.5625],"texture":"#2"},"south":{"uv":[10.375,2.71875,9.96875,3.09375],"texture":"#2"},"west":{"uv":[9.34375,2.84375,9.75,3.21875],"texture":"#2"},"up":{"uv":[10.375,2.71875,9.96875,2.3125],"texture":"#2"},"down":{"uv":[10.4375,1.78125,10.03125,2.1875],"texture":"#2"}}},{"from":[-1.10608,13.09414,-5.6],"to":[4.89392,15.09414,2.4],"rotation":{"angle":-22.5,"axis":"x","origin":[2.89392,17.09414,-1.6]},"faces":{"north":{"uv":[9.9375,3.8125,10.125,3.875],"texture":"#2"},"east":{"uv":[10.4375,2.125,10.6875,2.1875],"texture":"#2"},"south":{"uv":[11.375,3.125,11.5625,3.1875],"texture":"#2"},"west":{"uv":[11.34375,2.75,11.59375,2.8125],"texture":"#2"},"up":{"uv":[9.9375,3.09375,9.75,2.84375],"texture":"#2"},"down":{"uv":[10.125,3.5625,9.9375,3.8125],"texture":"#2"}}},{"from":[-0.68117,-0.76972,2.4],"to":[9.31883,16.23028,13.4],"rotation":{"angle":-22.5,"axis":"z","origin":[12.81883,16.23028,8]},"faces":{"north":{"uv":[9.34375,2.3125,9.65625,2.84375],"texture":"#2"},"east":{"uv":[9.34375,1.78125,9.6875,2.3125],"texture":"#2"},"south":{"uv":[9.65625,2.3125,9.34375,2.84375],"texture":"#2"},"west":{"uv":[9.6875,1.78125,10.03125,2.3125],"texture":"#2"},"up":{"uv":[11.03125,3.28125,10.71875,2.9375],"texture":"#2"},"down":{"uv":[9.65625,3.21875,9.34375,3.5625],"texture":"#2"}}},{"from":[2.31883,16.23028,2.4],"to":[9.31883,20.23028,13.4],"rotation":{"angle":-22.5,"axis":"z","origin":[12.81883,16.23028,8]},"faces":{"north":{"uv":[10.78125,2.8125,11,2.9375],"texture":"#2"},"east":{"uv":[10.03125,2.1875,10.375,2.3125],"texture":"#2"},"south":{"uv":[9.59375,3.71875,9.8125,3.84375],"texture":"#2"},"west":{"uv":[11.03125,3.15625,11.375,3.28125],"texture":"#2"},"up":{"uv":[11.25,3.15625,11.03125,2.8125],"texture":"#2"},"down":{"uv":[11.3125,1.78125,11.09375,2.125],"texture":"#2"}}},{"from":[1.31883,-3.76972,4.4],"to":[12.31883,1.23028,11.4],"rotation":{"angle":-22.5,"axis":"z","origin":[12.81883,16.23028,8]},"faces":{"north":{"uv":[9.59375,3.5625,9.9375,3.71875],"texture":"#2"},"east":{"uv":[10.125,3.625,10.34375,3.78125],"texture":"#2"},"south":{"uv":[9.9375,3.5625,9.59375,3.71875],"texture":"#2"},"west":{"uv":[10.34375,3.625,10.5625,3.78125],"texture":"#2"},"up":{"uv":[11.4375,2.34375,11.09375,2.125],"texture":"#2"},"down":{"uv":[11.4375,2.34375,11.09375,2.5625],"texture":"#2"}}},{"from":[11.31883,9.23028,2.4],"to":[21.31883,20.23028,13.4],"rotation":{"angle":-22.5,"axis":"z","origin":[12.81883,16.23028,8]},"faces":{"north":{"uv":[10.78125,1.78125,11.09375,2.125],"texture":"#2"},"east":{"uv":[10.4375,1.78125,10.78125,2.125],"texture":"#2"},"south":{"uv":[11.09375,1.78125,10.78125,2.125],"texture":"#2"},"west":{"uv":[10.375,2.9375,10.71875,3.28125],"texture":"#2"},"up":{"uv":[11.09375,2.8125,10.78125,2.46875],"texture":"#2"},"down":{"uv":[10.5625,3.28125,10.25,3.625],"texture":"#2"}}},{"from":[4.05677,-2.1457,5.5],"to":[10.05677,2.8543,10.5],"rotation":{"angle":0,"axis":"z","origin":[7.05677,1.3543,8.5]},"faces":{"north":{"uv":[11.1875,3.28125,11.375,3.4375],"texture":"#2"},"east":{"uv":[11.28125,3.59375,11.4375,3.75],"texture":"#2"},"south":{"uv":[11.375,3.28125,11.1875,3.4375],"texture":"#2"},"west":{"uv":[11.3125,1.78125,11.46875,1.9375],"texture":"#2"},"up":{"uv":[11.4375,2.96875,11.25,2.8125],"texture":"#2"},"down":{"uv":[11.4375,2.96875,11.25,3.125],"texture":"#2"}}},{"from":[8.75648,-1.6087,6.5],"to":[12.75648,2.3913,9.5],"rotation":{"angle":22.5,"axis":"z","origin":[10.75648,1.3913,7.5]},"faces":{"north":{"uv":[11.0625,3.78125,11.1875,3.90625],"texture":"#2"},"east":{"uv":[9.65625,3.21875,9.75,3.34375],"texture":"#2"},"south":{"uv":[11.1875,3.78125,11.0625,3.90625],"texture":"#2"},"west":{"uv":[9.65625,3.34375,9.75,3.46875],"texture":"#2"},"up":{"uv":[9.59375,3.90625,9.46875,3.8125],"texture":"#2"},"down":{"uv":[11.5,3.1875,11.375,3.28125],"texture":"#2"}}},{"from":[13.7478,2.41576,0.5],"to":[21.7478,2.41576,15.5],"rotation":{"angle":45,"axis":"z","origin":[17.4478,0.91576,8]},"faces":{"north":{"uv":[9.34375,1.78125,9.59375,1.78125],"texture":"#2"},"east":{"uv":[9.34375,1.78125,9.8125,1.78125],"texture":"#2"},"south":{"uv":[9.34375,1.78125,9.59375,1.78125],"texture":"#2"},"west":{"uv":[9.34375,1.78125,9.8125,1.78125],"texture":"#2"},"up":{"uv":[10.25,3.5625,10,3.09375],"texture":"#2"},"down":{"uv":[10.25,3.09375,10,3.5625],"texture":"#2"}}},{"from":[15,-14,9.75],"to":[32,-1,9.75],"rotation":{"angle":-22.5,"axis":"y","origin":[8.75,24,8]},"faces":{"north":{"uv":[0,11.25,4.25,14.5],"texture":"#1"},"east":{"uv":[0,0,0,3.25],"texture":"#1"},"south":{"uv":[4.25,11.25,0,14.5],"texture":"#1"},"west":{"uv":[0,0,0,3.25],"texture":"#1"},"up":{"uv":[4.25,0,0,0],"texture":"#1"},"down":{"uv":[4.25,0,0,0],"texture":"#1"}}},{"from":[23.5,-14,1.25],"to":[23.5,-1,18.25],"rotation":{"angle":-22.5,"axis":"y","origin":[8.75,24,8]},"faces":{"north":{"uv":[0,0,0,3.25],"texture":"#1"},"east":{"uv":[0,11.25,4.25,14.5],"texture":"#1"},"south":{"uv":[0,0,0,3.25],"texture":"#1"},"west":{"uv":[4.25,11.25,0,14.5],"texture":"#1"},"up":{"uv":[4.25,0,0,0],"rotation":90,"texture":"#1"},"down":{"uv":[4.25,0,0,0],"rotation":270,"texture":"#1"}}},{"from":[15,-14,10.25],"to":[32,-1,10.25],"rotation":{"angle":-22.5,"axis":"y","origin":[8.75,24,8]},"faces":{"north":{"uv":[0,11.25,4.25,14.5],"texture":"#1"},"east":{"uv":[0,0,0,3.25],"texture":"#1"},"south":{"uv":[4.25,11.25,0,14.5],"texture":"#1"},"west":{"uv":[0,0,0,3.25],"texture":"#1"},"up":{"uv":[4.25,0,0,0],"texture":"#1"},"down":{"uv":[4.25,0,0,0],"texture":"#1"}}},{"from":[6,-13,10],"to":[30,32,10],"rotation":{"angle":-22.5,"axis":"y","origin":[8.75,24,8]},"faces":{"north":{"uv":[0,0,6,11.25],"texture":"#1"},"east":{"uv":[0,0,0,11.25],"texture":"#1"},"south":{"uv":[6,0,0,11.25],"texture":"#1"},"west":{"uv":[0,0,0,11.25],"texture":"#1"},"up":{"uv":[6,0,0,0],"texture":"#1"},"down":{"uv":[6,0,0,0],"texture":"#1"}}},{"from":[6.5,-14,-15.25],"to":[6.5,-1,1.75],"rotation":{"angle":0,"axis":"y","origin":[8.75,24,8]},"faces":{"north":{"uv":[0,0,0,3.25],"texture":"#1"},"east":{"uv":[4.25,11.25,0,14.5],"texture":"#1"},"south":{"uv":[0,0,0,3.25],"texture":"#1"},"west":{"uv":[0,11.25,4.25,14.5],"texture":"#1"},"up":{"uv":[4.25,0,0,0],"rotation":270,"texture":"#1"},"down":{"uv":[4.25,0,0,0],"rotation":90,"texture":"#1"}}},{"from":[-2,-14,-6.75],"to":[15,-1,-6.75],"rotation":{"angle":0,"axis":"y","origin":[8.75,24,8]},"faces":{"north":{"uv":[0,11.25,4.25,14.5],"texture":"#1"},"east":{"uv":[0,0,0,3.25],"texture":"#1"},"south":{"uv":[4.25,11.25,0,14.5],"texture":"#1"},"west":{"uv":[0,0,0,3.25],"texture":"#1"},"up":{"uv":[4.25,0,0,0],"texture":"#1"},"down":{"uv":[4.25,0,0,0],"texture":"#1"}}},{"from":[7,-14,-15.25],"to":[7,-1,1.75],"rotation":{"angle":0,"axis":"y","origin":[8.75,24,8]},"faces":{"north":{"uv":[0,0,0,3.25],"texture":"#1"},"east":{"uv":[4.25,11.25,0,14.5],"texture":"#1"},"south":{"uv":[0,0,0,3.25],"texture":"#1"},"west":{"uv":[0,11.25,4.25,14.5],"texture":"#1"},"up":{"uv":[4.25,0,0,0],"rotation":270,"texture":"#1"},"down":{"uv":[4.25,0,0,0],"rotation":90,"texture":"#1"}}},{"from":[6.75,-13,-13.25],"to":[6.75,32,10.75],"rotation":{"angle":0,"axis":"y","origin":[8.75,24,8]},"faces":{"north":{"uv":[0,0,0,11.25],"texture":"#1"},"east":{"uv":[6,0,0,11.25],"texture":"#1"},"south":{"uv":[0,0,0,11.25],"texture":"#1"},"west":{"uv":[0,0,6,11.25],"texture":"#1"},"up":{"uv":[6,0,0,0],"rotation":270,"texture":"#1"},"down":{"uv":[6,0,0,0],"rotation":90,"texture":"#1"}}},{"from":[-15.5,-14,7.25],"to":[1.5,-1,7.25],"rotation":{"angle":45,"axis":"y","origin":[8.75,24,8]},"faces":{"north":{"uv":[4.25,11.25,0,14.5],"texture":"#1"},"east":{"uv":[0,0,0,3.25],"texture":"#1"},"south":{"uv":[0,11.25,4.25,14.5],"texture":"#1"},"west":{"uv":[0,0,0,3.25],"texture":"#1"},"up":{"uv":[4.25,0,0,0],"rotation":180,"texture":"#1"},"down":{"uv":[4.25,0,0,0],"rotation":180,"texture":"#1"}}},{"from":[-7,-14,-1.25],"to":[-7,-1,15.75],"rotation":{"angle":45,"axis":"y","origin":[8.75,24,8]},"faces":{"north":{"uv":[0,0,0,3.25],"texture":"#1"},"east":{"uv":[4.25,11.25,0,14.5],"texture":"#1"},"south":{"uv":[0,0,0,3.25],"texture":"#1"},"west":{"uv":[0,11.25,4.25,14.5],"texture":"#1"},"up":{"uv":[4.25,0,0,0],"rotation":270,"texture":"#1"},"down":{"uv":[4.25,0,0,0],"rotation":90,"texture":"#1"}}},{"from":[-15.5,-14,6.75],"to":[1.5,-1,6.75],"rotation":{"angle":45,"axis":"y","origin":[8.75,24,8]},"faces":{"north":{"uv":[4.25,11.25,0,14.5],"texture":"#1"},"east":{"uv":[0,0,0,3.25],"texture":"#1"},"south":{"uv":[0,11.25,4.25,14.5],"texture":"#1"},"west":{"uv":[0,0,0,3.25],"texture":"#1"},"up":{"uv":[4.25,0,0,0],"rotation":180,"texture":"#1"},"down":{"uv":[4.25,0,0,0],"rotation":180,"texture":"#1"}}},{"from":[-13.5,-13,7],"to":[10.5,32,7],"rotation":{"angle":45,"axis":"y","origin":[8.75,24,8]},"faces":{"north":{"uv":[6,0,0,11.25],"texture":"#1"},"east":{"uv":[0,0,0,11.25],"texture":"#1"},"south":{"uv":[0,0,6,11.25],"texture":"#1"},"west":{"uv":[0,0,0,11.25],"texture":"#1"},"up":{"uv":[6,0,0,0],"rotation":180,"texture":"#1"},"down":{"uv":[6,0,0,0],"rotation":180,"texture":"#1"}}}],"gui_light":"front","display":{"thirdperson_righthand":{"rotation":[75,45,0],"translation":[0,2.5,0],"scale":[0.375,0.375,0.375]},"thirdperson_lefthand":{"rotation":[75,45,0],"translation":[0,2.5,0],"scale":[0.375,0.375,0.375]},"firstperson_righthand":{"rotation":[0,45,0],"translation":[4.25,0,0],"scale":[0.25,0.25,0.25]},"firstperson_lefthand":{"rotation":[0,45,0],"translation":[4.25,0,0],"scale":[0.25,0.25,0.25]},"ground":{"translation":[0,8.25,0],"scale":[0.5,0.5,0.5]},"gui":{"rotation":[13,-136,0],"translation":[0.5,0,0],"scale":[0.3,0.3,0.3]},"head":{"translation":[0,26.5,0]},"fixed":{"rotation":[-90,0,0],"translation":[0,0,-42],"scale":[2.1,2.1,2.1]}}}