{"credit":"Made with Blockbench","texture_size":[32,32],"textures":{"0":"furnitures:rivrs/furnitures_color_3","particle":"furnitures:rivrs/furnitures_color_3"},"elements":[{"from":[1,9.25,12],"to":[15,11.25,14],"rotation":{"angle":0,"axis":"y","origin":[0.5,2.25,5]},"faces":{"north":{"uv":[11.5625,13.21875,12,13.28125],"texture":"#0"},"east":{"uv":[11.0625,14.125,11.125,14.1875],"texture":"#0"},"south":{"uv":[11.5625,13.28125,12,13.34375],"texture":"#0"},"west":{"uv":[11.125,14.125,11.1875,14.1875],"texture":"#0"},"up":{"uv":[12,13.40625,11.5625,13.34375],"texture":"#0"},"down":{"uv":[12,13.40625,11.5625,13.46875],"texture":"#0"}}},{"from":[7,7.85,12],"to":[9,8.85,14],"rotation":{"angle":0,"axis":"y","origin":[0.5,2.25,5]},"faces":{"north":{"uv":[12,13.21875,12.0625,13.25],"texture":"#0"},"east":{"uv":[12,13.25,12.0625,13.28125],"texture":"#0"},"south":{"uv":[12,13.28125,12.0625,13.3125],"texture":"#0"},"west":{"uv":[12,13.3125,12.0625,13.34375],"texture":"#0"},"up":{"uv":[11.25,14.1875,11.1875,14.125],"texture":"#0"},"down":{"uv":[11.3125,14.125,11.25,14.1875],"texture":"#0"}}},{"from":[7,2.85,12],"to":[9,3.85,14],"rotation":{"angle":0,"axis":"y","origin":[0.5,3.25,5]},"faces":{"north":{"uv":[12,13.34375,12.0625,13.375],"texture":"#0"},"east":{"uv":[12,13.375,12.0625,13.40625],"texture":"#0"},"south":{"uv":[12,13.40625,12.0625,13.4375],"texture":"#0"},"west":{"uv":[12,13.4375,12.0625,13.46875],"texture":"#0"},"up":{"uv":[11.375,14.1875,11.3125,14.125],"texture":"#0"},"down":{"uv":[12.03125,13.46875,11.96875,13.53125],"texture":"#0"}}},{"from":[8,7.75,9],"to":[8,11.75,12],"rotation":{"angle":0,"axis":"y","origin":[0.5,2.25,5]},"faces":{"north":{"uv":[11.0625,13.21875,11.0625,13.34375],"texture":"#0"},"east":{"uv":[11.6875,13.46875,11.78125,13.59375],"texture":"#0"},"south":{"uv":[11.0625,13.21875,11.0625,13.34375],"texture":"#0"},"west":{"uv":[11.78125,13.46875,11.6875,13.59375],"texture":"#0"},"up":{"uv":[11.0625,13.3125,11.0625,13.21875],"texture":"#0"},"down":{"uv":[11.0625,13.21875,11.0625,13.3125],"texture":"#0"}}},{"from":[6.5,8.75,11.5],"to":[9.5,11.75,14.5],"rotation":{"angle":0,"axis":"y","origin":[0.5,2.25,5]},"faces":{"north":{"uv":[11.78125,13.59375,11.875,13.6875],"texture":"#0"},"east":{"uv":[11.5625,13.96875,11.65625,14.0625],"texture":"#0"},"south":{"uv":[11.65625,13.96875,11.75,14.0625],"texture":"#0"},"west":{"uv":[11.75,13.96875,11.84375,14.0625],"texture":"#0"},"up":{"uv":[11.9375,13.9375,11.84375,13.84375],"texture":"#0"},"down":{"uv":[11.9375,13.9375,11.84375,14.03125],"texture":"#0"}}},{"from":[8,10.75,9.6],"to":[8,13.75,11.1],"rotation":{"angle":-22.5,"axis":"x","origin":[8,16.25,12.725]},"faces":{"north":{"uv":[11.0625,13.21875,11.0625,13.3125],"texture":"#0"},"east":{"uv":[11.78125,14.0625,11.84375,14.15625],"texture":"#0"},"south":{"uv":[11.0625,13.21875,11.0625,13.3125],"texture":"#0"},"west":{"uv":[11.9375,14.03125,12,14.125],"texture":"#0"},"up":{"uv":[11.0625,13.28125,11.0625,13.21875],"texture":"#0"},"down":{"uv":[11.0625,13.21875,11.0625,13.28125],"texture":"#0"}}},{"from":[7,13.75,9.3],"to":[9,17.75,11.3],"rotation":{"angle":-22.5,"axis":"x","origin":[8,16.25,12.725]},"faces":{"north":{"uv":[11.53125,14.0625,11.59375,14.1875],"texture":"#0"},"east":{"uv":[11.59375,14.0625,11.65625,14.1875],"texture":"#0"},"south":{"uv":[11.65625,14.0625,11.71875,14.1875],"texture":"#0"},"west":{"uv":[11.71875,14.0625,11.78125,14.1875],"texture":"#0"},"up":{"uv":[11.4375,14.1875,11.375,14.125],"texture":"#0"},"down":{"uv":[12.03125,13.53125,11.96875,13.59375],"texture":"#0"}}},{"from":[3,7.75,9],"to":[3,11.75,12],"rotation":{"angle":0,"axis":"y","origin":[-4.5,2.25,5]},"faces":{"north":{"uv":[11.0625,13.21875,11.0625,13.34375],"texture":"#0"},"east":{"uv":[11.6875,13.46875,11.78125,13.59375],"texture":"#0"},"south":{"uv":[11.0625,13.21875,11.0625,13.34375],"texture":"#0"},"west":{"uv":[11.78125,13.46875,11.6875,13.59375],"texture":"#0"},"up":{"uv":[11.0625,13.3125,11.0625,13.21875],"texture":"#0"},"down":{"uv":[11.0625,13.21875,11.0625,13.3125],"texture":"#0"}}},{"from":[1.5,8.75,11.5],"to":[4.5,11.75,14.5],"rotation":{"angle":0,"axis":"y","origin":[-4.5,2.25,5]},"faces":{"north":{"uv":[11.78125,13.59375,11.875,13.6875],"texture":"#0"},"east":{"uv":[11.5625,13.96875,11.65625,14.0625],"texture":"#0"},"south":{"uv":[11.65625,13.96875,11.75,14.0625],"texture":"#0"},"west":{"uv":[11.75,13.96875,11.84375,14.0625],"texture":"#0"},"up":{"uv":[11.9375,13.9375,11.84375,13.84375],"texture":"#0"},"down":{"uv":[11.9375,13.9375,11.84375,14.03125],"texture":"#0"}}},{"from":[3,10.75,9.6],"to":[3,13.75,11.1],"rotation":{"angle":-22.5,"axis":"x","origin":[3,16.25,12.725]},"faces":{"north":{"uv":[11.0625,13.21875,11.0625,13.3125],"texture":"#0"},"east":{"uv":[11.78125,14.0625,11.84375,14.15625],"texture":"#0"},"south":{"uv":[11.0625,13.21875,11.0625,13.3125],"texture":"#0"},"west":{"uv":[11.9375,14.03125,12,14.125],"texture":"#0"},"up":{"uv":[11.0625,13.28125,11.0625,13.21875],"texture":"#0"},"down":{"uv":[11.0625,13.21875,11.0625,13.28125],"texture":"#0"}}},{"from":[2,13.75,9.3],"to":[4,17.75,11.3],"rotation":{"angle":-22.5,"axis":"x","origin":[3,16.25,12.725]},"faces":{"north":{"uv":[11.53125,14.0625,11.59375,14.1875],"texture":"#0"},"east":{"uv":[11.59375,14.0625,11.65625,14.1875],"texture":"#0"},"south":{"uv":[11.65625,14.0625,11.71875,14.1875],"texture":"#0"},"west":{"uv":[11.71875,14.0625,11.78125,14.1875],"texture":"#0"},"up":{"uv":[11.4375,14.1875,11.375,14.125],"texture":"#0"},"down":{"uv":[12.03125,13.53125,11.96875,13.59375],"texture":"#0"}}},{"from":[13,7.75,9],"to":[13,11.75,12],"rotation":{"angle":0,"axis":"y","origin":[5.5,2.25,5]},"faces":{"north":{"uv":[11.0625,13.21875,11.0625,13.34375],"texture":"#0"},"east":{"uv":[11.6875,13.46875,11.78125,13.59375],"texture":"#0"},"south":{"uv":[11.0625,13.21875,11.0625,13.34375],"texture":"#0"},"west":{"uv":[11.78125,13.46875,11.6875,13.59375],"texture":"#0"},"up":{"uv":[11.0625,13.3125,11.0625,13.21875],"texture":"#0"},"down":{"uv":[11.0625,13.21875,11.0625,13.3125],"texture":"#0"}}},{"from":[11.5,8.75,11.5],"to":[14.5,11.75,14.5],"rotation":{"angle":0,"axis":"y","origin":[5.5,2.25,5]},"faces":{"north":{"uv":[11.78125,13.59375,11.875,13.6875],"texture":"#0"},"east":{"uv":[11.5625,13.96875,11.65625,14.0625],"texture":"#0"},"south":{"uv":[11.65625,13.96875,11.75,14.0625],"texture":"#0"},"west":{"uv":[11.75,13.96875,11.84375,14.0625],"texture":"#0"},"up":{"uv":[11.9375,13.9375,11.84375,13.84375],"texture":"#0"},"down":{"uv":[11.9375,13.9375,11.84375,14.03125],"texture":"#0"}}},{"from":[13,10.75,9.6],"to":[13,13.75,11.1],"rotation":{"angle":-22.5,"axis":"x","origin":[13,16.25,12.725]},"faces":{"north":{"uv":[11.0625,13.21875,11.0625,13.3125],"texture":"#0"},"east":{"uv":[11.78125,14.0625,11.84375,14.15625],"texture":"#0"},"south":{"uv":[11.0625,13.21875,11.0625,13.3125],"texture":"#0"},"west":{"uv":[11.9375,14.03125,12,14.125],"texture":"#0"},"up":{"uv":[11.0625,13.28125,11.0625,13.21875],"texture":"#0"},"down":{"uv":[11.0625,13.21875,11.0625,13.28125],"texture":"#0"}}},{"from":[12,13.75,9.3],"to":[14,17.75,11.3],"rotation":{"angle":-22.5,"axis":"x","origin":[13,16.25,12.725]},"faces":{"north":{"uv":[11.53125,14.0625,11.59375,14.1875],"texture":"#0"},"east":{"uv":[11.59375,14.0625,11.65625,14.1875],"texture":"#0"},"south":{"uv":[11.65625,14.0625,11.71875,14.1875],"texture":"#0"},"west":{"uv":[11.71875,14.0625,11.78125,14.1875],"texture":"#0"},"up":{"uv":[11.4375,14.1875,11.375,14.125],"texture":"#0"},"down":{"uv":[12.03125,13.53125,11.96875,13.59375],"texture":"#0"}}},{"from":[6.5,3.85,11.5],"to":[9.5,7.85,14.5],"rotation":{"angle":0,"axis":"y","origin":[0.5,2.25,5]},"faces":{"north":{"uv":[11.5625,13.84375,11.65625,13.96875],"texture":"#0"},"east":{"uv":[11.65625,13.84375,11.75,13.96875],"texture":"#0"},"south":{"uv":[11.5625,13.84375,11.65625,13.96875],"texture":"#0"},"west":{"uv":[11.65625,13.84375,11.75,13.96875],"texture":"#0"},"up":{"uv":[11.15625,14.125,11.0625,14.03125],"texture":"#0"},"down":{"uv":[11.25,14.03125,11.15625,14.125],"texture":"#0"}}},{"from":[6,0.85,11],"to":[10,2.85,15],"rotation":{"angle":0,"axis":"y","origin":[0.5,3.25,5]},"faces":{"north":{"uv":[11.875,13.65625,12,13.71875],"texture":"#0"},"east":{"uv":[11.9375,13.84375,12.0625,13.90625],"texture":"#0"},"south":{"uv":[11.9375,13.90625,12.0625,13.96875],"texture":"#0"},"west":{"uv":[11.9375,13.96875,12.0625,14.03125],"texture":"#0"},"up":{"uv":[11.6875,13.59375,11.5625,13.46875],"texture":"#0"},"down":{"uv":[11.6875,13.59375,11.5625,13.71875],"texture":"#0"}}},{"from":[0,-0.15,2],"to":[16,0.85,15],"rotation":{"angle":0,"axis":"y","origin":[0.5,3.25,5]},"faces":{"north":{"uv":[11.5625,13.71875,12.0625,13.75],"texture":"#0"},"east":{"uv":[11.5625,13.78125,11.96875,13.8125],"texture":"#0"},"south":{"uv":[11.5625,13.75,12.0625,13.78125],"texture":"#0"},"west":{"uv":[11.5625,13.8125,11.96875,13.84375],"texture":"#0"},"up":{"uv":[11.5625,13.625,11.0625,13.21875],"texture":"#0"},"down":{"uv":[11.5625,13.625,11.0625,14.03125],"texture":"#0"}}},{"from":[6.5,9.25,8.5],"to":[9.5,12.25,9.5],"rotation":{"angle":22.5,"axis":"x","origin":[8,10.25,10]},"faces":{"north":{"uv":[11.25,14.03125,11.34375,14.125],"texture":"#0"},"east":{"uv":[11.4375,14.125,11.46875,14.21875],"texture":"#0"},"south":{"uv":[11.875,13.46875,11.96875,13.5625],"texture":"#0"},"west":{"uv":[11.46875,14.125,11.5,14.21875],"texture":"#0"},"up":{"uv":[11.875,13.71875,11.78125,13.6875],"texture":"#0"},"down":{"uv":[12.0625,13.59375,11.96875,13.625],"texture":"#0"}}},{"from":[11.5,9.25,8.5],"to":[14.5,12.25,9.5],"rotation":{"angle":22.5,"axis":"x","origin":[8,10.25,10]},"faces":{"north":{"uv":[11.34375,14.03125,11.4375,14.125],"texture":"#0"},"east":{"uv":[11.5,14.125,11.53125,14.21875],"texture":"#0"},"south":{"uv":[11.875,13.5625,11.96875,13.65625],"texture":"#0"},"west":{"uv":[11.84375,14.125,11.875,14.21875],"texture":"#0"},"up":{"uv":[12.0625,13.65625,11.96875,13.625],"texture":"#0"},"down":{"uv":[12.0625,13.78125,11.96875,13.8125],"texture":"#0"}}},{"from":[1.5,9.25,8.5],"to":[4.5,12.25,9.5],"rotation":{"angle":22.5,"axis":"x","origin":[8,10.25,10]},"faces":{"north":{"uv":[11.4375,14.03125,11.53125,14.125],"texture":"#0"},"east":{"uv":[11.875,14.125,11.90625,14.21875],"texture":"#0"},"south":{"uv":[11.84375,14.03125,11.9375,14.125],"texture":"#0"},"west":{"uv":[11.90625,14.125,11.9375,14.21875],"texture":"#0"},"up":{"uv":[12.0625,13.84375,11.96875,13.8125],"texture":"#0"},"down":{"uv":[12.03125,14.125,11.9375,14.15625],"texture":"#0"}}}],"gui_light":"front","display":{"thirdperson_righthand":{"rotation":[0,180,0],"translation":[0,4.25,1],"scale":[0.55,0.55,0.55]},"thirdperson_lefthand":{"rotation":[0,180,0],"translation":[0,4.25,1],"scale":[0.55,0.55,0.55]},"firstperson_righthand":{"translation":[2,1,0],"scale":[0.8,0.8,0.8]},"firstperson_lefthand":{"translation":[2,1,0],"scale":[0.8,0.8,0.8]},"ground":{"translation":[0,2,0],"scale":[0.5,0.5,0.5]},"gui":{"rotation":[12,-26,0],"scale":[0.8,0.8,0.79]},"head":{"translation":[0,14.5,0]},"fixed":{"rotation":[-90,0,0],"translation":[0,0,-16.25],"scale":[2,2,2]}}}