{"credit":"Made with Blockbench","texture_size":[128,128],"textures":{"0":"furnitures:rivrs/furnitures_color_4","particle":"furnitures:rivrs/furnitures_color_4"},"elements":[{"from":[-5,0,-5],"to":[2,5,2],"faces":{"north":{"uv":[7.4375,5.6875,7.65625,5.84375],"texture":"#0"},"east":{"uv":[7.65625,5.6875,7.875,5.84375],"texture":"#0"},"south":{"uv":[7.875,5.6875,8.09375,5.84375],"texture":"#0"},"west":{"uv":[8.3125,5.34375,8.53125,5.5],"texture":"#0"},"up":{"uv":[8.3125,5.65625,8.09375,5.4375],"texture":"#0"},"down":{"uv":[8.375,5.125,8.15625,5.34375],"texture":"#0"}}},{"from":[-8,0,-8],"to":[1,1,1],"faces":{"north":{"uv":[7.90625,6,8.1875,6.03125],"texture":"#0"},"east":{"uv":[8.53125,5.375,8.8125,5.40625],"texture":"#0"},"south":{"uv":[8.53125,5.40625,8.8125,5.4375],"texture":"#0"},"west":{"uv":[8.53125,5.4375,8.8125,5.46875],"texture":"#0"},"up":{"uv":[7.3125,5.4375,7.03125,5.15625],"texture":"#0"},"down":{"uv":[7.59375,5.15625,7.3125,5.4375],"texture":"#0"}}},{"from":[-8,0,15],"to":[1,1,24],"faces":{"north":{"uv":[8.53125,5.46875,8.8125,5.5],"texture":"#0"},"east":{"uv":[8.53125,5.5,8.8125,5.53125],"texture":"#0"},"south":{"uv":[8.53125,5.53125,8.8125,5.5625],"texture":"#0"},"west":{"uv":[8.53125,5.5625,8.8125,5.59375],"texture":"#0"},"up":{"uv":[7.875,5.4375,7.59375,5.15625],"texture":"#0"},"down":{"uv":[8.15625,5.15625,7.875,5.4375],"texture":"#0"}}},{"from":[-11,0,-3],"to":[-8,1,19],"faces":{"north":{"uv":[7.90625,5.125,8,5.15625],"texture":"#0"},"east":{"uv":[8.375,5.28125,9.0625,5.3125],"texture":"#0"},"south":{"uv":[8,5.125,8.09375,5.15625],"texture":"#0"},"west":{"uv":[8.375,5.3125,9.0625,5.34375],"texture":"#0"},"up":{"uv":[7.125,6.125,7.03125,5.4375],"texture":"#0"},"down":{"uv":[7.21875,5.4375,7.125,6.125],"texture":"#0"}}},{"from":[-3,0,24],"to":[19,1,27],"rotation":{"angle":0,"axis":"y","origin":[8,0.5,8]},"faces":{"north":{"uv":[7.21875,5.96875,7.90625,6],"texture":"#0"},"east":{"uv":[8.15625,5.34375,8.25,5.375],"texture":"#0"},"south":{"uv":[8.3125,5.96875,9,6],"texture":"#0"},"west":{"uv":[8.15625,5.375,8.25,5.40625],"texture":"#0"},"up":{"uv":[8.59375,4.59375,7.90625,4.5],"texture":"#0"},"down":{"uv":[8.59375,4.59375,7.90625,4.6875],"texture":"#0"}}},{"from":[-3,0,-11],"to":[19,1,-8],"rotation":{"angle":0,"axis":"y","origin":[8,0.5,8]},"faces":{"north":{"uv":[7.21875,6,7.90625,6.03125],"texture":"#0"},"east":{"uv":[8.15625,5.40625,8.25,5.4375],"texture":"#0"},"south":{"uv":[8.53125,5.34375,9.21875,5.375],"texture":"#0"},"west":{"uv":[7.21875,5.90625,7.3125,5.9375],"texture":"#0"},"up":{"uv":[8.59375,4.78125,7.90625,4.6875],"texture":"#0"},"down":{"uv":[8.59375,4.78125,7.90625,4.875],"texture":"#0"}}},{"from":[-5,0,14],"to":[2,5,21],"faces":{"north":{"uv":[8.3125,5.5,8.53125,5.65625],"texture":"#0"},"east":{"uv":[8.3125,5.65625,8.53125,5.8125],"texture":"#0"},"south":{"uv":[8.34375,4.875,8.5625,5.03125],"texture":"#0"},"west":{"uv":[8.3125,5.8125,8.53125,5.96875],"texture":"#0"},"up":{"uv":[8.3125,5.875,8.09375,5.65625],"texture":"#0"},"down":{"uv":[7.4375,5.6875,7.21875,5.90625],"texture":"#0"}}},{"from":[-8,0,1],"to":[-1,4,15],"faces":{"north":{"uv":[7.4375,5.84375,7.65625,5.96875],"texture":"#0"},"east":{"uv":[7.90625,4.875,8.34375,5],"texture":"#0"},"south":{"uv":[8.375,5.03125,8.59375,5.15625],"texture":"#0"},"west":{"uv":[7.90625,5,8.34375,5.125],"texture":"#0"},"up":{"uv":[7.25,4.9375,7.03125,4.5],"texture":"#0"},"down":{"uv":[7.46875,4.5,7.25,4.9375],"texture":"#0"}}},{"from":[14,0,14],"to":[21,5,21],"rotation":{"angle":0,"axis":"y","origin":[16,0,0]},"faces":{"north":{"uv":[8.53125,5.5,8.3125,5.65625],"texture":"#0"},"east":{"uv":[8.53125,5.8125,8.3125,5.96875],"texture":"#0"},"south":{"uv":[8.5625,4.875,8.34375,5.03125],"texture":"#0"},"west":{"uv":[8.53125,5.65625,8.3125,5.8125],"texture":"#0"},"up":{"uv":[8.09375,5.875,8.3125,5.65625],"texture":"#0"},"down":{"uv":[7.21875,5.6875,7.4375,5.90625],"texture":"#0"}}},{"from":[15,0,15],"to":[24,1,24],"rotation":{"angle":0,"axis":"y","origin":[16,0,0]},"faces":{"north":{"uv":[8.8125,5.46875,8.53125,5.5],"texture":"#0"},"east":{"uv":[8.8125,5.5625,8.53125,5.59375],"texture":"#0"},"south":{"uv":[8.8125,5.53125,8.53125,5.5625],"texture":"#0"},"west":{"uv":[8.8125,5.5,8.53125,5.53125],"texture":"#0"},"up":{"uv":[7.59375,5.4375,7.875,5.15625],"texture":"#0"},"down":{"uv":[7.875,5.15625,8.15625,5.4375],"texture":"#0"}}},{"from":[17,0,1],"to":[24,4,15],"rotation":{"angle":0,"axis":"y","origin":[16,0,0]},"faces":{"north":{"uv":[7.65625,5.84375,7.4375,5.96875],"texture":"#0"},"east":{"uv":[8.34375,5,7.90625,5.125],"texture":"#0"},"south":{"uv":[8.59375,5.03125,8.375,5.15625],"texture":"#0"},"west":{"uv":[8.34375,4.875,7.90625,5],"texture":"#0"},"up":{"uv":[7.03125,4.9375,7.25,4.5],"texture":"#0"},"down":{"uv":[7.25,4.5,7.46875,4.9375],"texture":"#0"}}},{"from":[14,0,-5],"to":[21,5,2],"rotation":{"angle":0,"axis":"y","origin":[16,0,0]},"faces":{"north":{"uv":[7.65625,5.6875,7.4375,5.84375],"texture":"#0"},"east":{"uv":[8.53125,5.34375,8.3125,5.5],"texture":"#0"},"south":{"uv":[8.09375,5.6875,7.875,5.84375],"texture":"#0"},"west":{"uv":[7.875,5.6875,7.65625,5.84375],"texture":"#0"},"up":{"uv":[8.09375,5.65625,8.3125,5.4375],"texture":"#0"},"down":{"uv":[8.15625,5.125,8.375,5.34375],"texture":"#0"}}},{"from":[15,0,-8],"to":[24,1,1],"rotation":{"angle":0,"axis":"y","origin":[16,0,0]},"faces":{"north":{"uv":[8.1875,6,7.90625,6.03125],"texture":"#0"},"east":{"uv":[8.8125,5.4375,8.53125,5.46875],"texture":"#0"},"south":{"uv":[8.8125,5.40625,8.53125,5.4375],"texture":"#0"},"west":{"uv":[8.8125,5.375,8.53125,5.40625],"texture":"#0"},"up":{"uv":[7.03125,5.4375,7.3125,5.15625],"texture":"#0"},"down":{"uv":[7.3125,5.15625,7.59375,5.4375],"texture":"#0"}}},{"from":[24,0,-3],"to":[27,1,19],"rotation":{"angle":0,"axis":"y","origin":[16,0,0]},"faces":{"north":{"uv":[8,5.125,7.90625,5.15625],"texture":"#0"},"east":{"uv":[9.0625,5.3125,8.375,5.34375],"texture":"#0"},"south":{"uv":[8.09375,5.125,8,5.15625],"texture":"#0"},"west":{"uv":[9.0625,5.28125,8.375,5.3125],"texture":"#0"},"up":{"uv":[7.03125,6.125,7.125,5.4375],"texture":"#0"},"down":{"uv":[7.125,5.4375,7.21875,6.125],"texture":"#0"}}},{"from":[1,0,17],"to":[15,4,24],"rotation":{"angle":0,"axis":"y","origin":[16,0,0]},"faces":{"north":{"uv":[7.21875,5.4375,7.65625,5.5625],"texture":"#0"},"east":{"uv":[7.65625,5.84375,7.875,5.96875],"texture":"#0"},"south":{"uv":[7.65625,5.4375,8.09375,5.5625],"texture":"#0"},"west":{"uv":[8.375,5.15625,8.59375,5.28125],"texture":"#0"},"up":{"uv":[7.46875,5.15625,7.03125,4.9375],"texture":"#0"},"down":{"uv":[7.90625,4.5,7.46875,4.71875],"texture":"#0"}}},{"from":[1,0,-8],"to":[15,4,-1],"rotation":{"angle":0,"axis":"y","origin":[16,0,0]},"faces":{"north":{"uv":[7.21875,5.5625,7.65625,5.6875],"texture":"#0"},"east":{"uv":[7.875,5.84375,8.09375,5.96875],"texture":"#0"},"south":{"uv":[7.65625,5.5625,8.09375,5.6875],"texture":"#0"},"west":{"uv":[8.09375,5.875,8.3125,6],"texture":"#0"},"up":{"uv":[7.90625,4.9375,7.46875,4.71875],"texture":"#0"},"down":{"uv":[7.90625,4.9375,7.46875,5.15625],"texture":"#0"}}}],"gui_light":"front","display":{"thirdperson_righthand":{"rotation":[75,45,0],"translation":[0,2.5,0],"scale":[0.375,0.375,0.375]},"thirdperson_lefthand":{"rotation":[75,45,0],"translation":[0,2.5,0],"scale":[0.375,0.375,0.375]},"firstperson_righthand":{"rotation":[0,45,0],"translation":[7,0,0],"scale":[0.4,0.4,0.4]},"firstperson_lefthand":{"rotation":[0,45,0],"translation":[7,0,0],"scale":[0.4,0.4,0.4]},"ground":{"translation":[0,2,0],"scale":[0.5,0.5,0.5]},"gui":{"rotation":[104,-180,-34],"translation":[-1.5,-1,0],"scale":[0.43,0.42,0.43]},"head":{"rotation":[0,90,-90],"translation":[0,0,-12.25]},"fixed":{"rotation":[-90,0,0],"translation":[-16,16,-16],"scale":[2,2,2]}}}