{"credit":"Made with Blockbench","texture_size":[64,64],"textures":{"0":"furnitures:rivrs/furnitures_color_2","particle":"furnitures:rivrs/furnitures_color_2"},"elements":[{"from":[3,-16,3],"to":[13,-14,13],"faces":{"north":{"uv":[10.4375,6,10.75,6.0625],"texture":"#0"},"east":{"uv":[10.75,6,10.4375,6.0625],"texture":"#0"},"south":{"uv":[10.4375,6,10.75,6.0625],"texture":"#0"},"west":{"uv":[10.75,6,10.4375,6.0625],"texture":"#0"},"up":{"uv":[9.6875,5.4375,9.375,5.125],"texture":"#0"},"down":{"uv":[9.6875,5.4375,9.375,5.75],"texture":"#0"}}},{"from":[4,-2,4],"to":[12,0,12],"faces":{"north":{"uv":[10.5,5.125,10.75,5.1875],"texture":"#0"},"east":{"uv":[10.75,5.125,10.5,5.1875],"texture":"#0"},"south":{"uv":[10.5,5.125,10.75,5.1875],"texture":"#0"},"west":{"uv":[10.75,5.125,10.5,5.1875],"texture":"#0"},"up":{"uv":[9.625,6,9.375,5.75],"texture":"#0"},"down":{"uv":[10.3125,5.125,10.0625,5.375],"texture":"#0"}}},{"from":[4,-14,4],"to":[12,-11,12],"faces":{"north":{"uv":[9.9375,6.1875,10.1875,6.28125],"texture":"#0"},"east":{"uv":[10.1875,6.1875,9.9375,6.28125],"texture":"#0"},"south":{"uv":[9.9375,6.1875,10.1875,6.28125],"texture":"#0"},"west":{"uv":[10.1875,6.1875,9.9375,6.28125],"texture":"#0"},"up":{"uv":[10.3125,5.625,10.0625,5.375],"texture":"#0"},"down":{"uv":[10.3125,5.625,10.0625,5.875],"texture":"#0"}}},{"from":[5,-11,5],"to":[11,-1,11],"faces":{"north":{"uv":[10.0625,5.875,10.25,6.1875],"texture":"#0"},"east":{"uv":[10.25,5.875,10.0625,6.1875],"texture":"#0"},"south":{"uv":[10.0625,5.875,10.25,6.1875],"texture":"#0"},"west":{"uv":[10.25,5.875,10.0625,6.1875],"texture":"#0"},"up":{"uv":[9.75,6.25,9.5625,6.0625],"texture":"#0"},"down":{"uv":[10.5,5.4375,10.3125,5.625],"texture":"#0"}}},{"from":[5,0,5],"to":[11,2,11],"faces":{"north":{"uv":[10.5,5.4375,10.6875,5.5],"texture":"#0"},"east":{"uv":[10.6875,5.4375,10.5,5.5],"texture":"#0"},"south":{"uv":[10.5,5.4375,10.6875,5.5],"texture":"#0"},"west":{"uv":[10.6875,5.4375,10.5,5.5],"texture":"#0"},"up":{"uv":[9.9375,6.25,9.75,6.0625],"texture":"#0"},"down":{"uv":[10.5,5.625,10.3125,5.8125],"texture":"#0"}}},{"from":[6,3,6],"to":[10,5,10],"faces":{"north":{"uv":[9.5625,6,9.6875,6.0625],"texture":"#0"},"east":{"uv":[9.6875,6,9.5625,6.0625],"texture":"#0"},"south":{"uv":[9.5625,6,9.6875,6.0625],"texture":"#0"},"west":{"uv":[9.6875,6,9.5625,6.0625],"texture":"#0"},"up":{"uv":[10.0625,6.1875,9.9375,6.0625],"texture":"#0"},"down":{"uv":[10.625,5.3125,10.5,5.4375],"texture":"#0"}}},{"from":[6.5,2,6.5],"to":[9.5,32,9.5],"faces":{"north":{"uv":[9.6875,5.125,9.78125,6.0625],"texture":"#0"},"east":{"uv":[9.78125,5.125,9.6875,6.0625],"texture":"#0"},"south":{"uv":[9.6875,5.125,9.78125,6.0625],"texture":"#0"},"west":{"uv":[9.78125,5.125,9.6875,6.0625],"texture":"#0"},"up":{"uv":[9.90625,6.34375,9.8125,6.25],"texture":"#0"},"down":{"uv":[10.59375,5.6875,10.5,5.78125],"texture":"#0"}}}],"gui_light":"front","display":{"thirdperson_righthand":{"translation":[0,3,1],"scale":[0.3,0.3,0.3]},"thirdperson_lefthand":{"translation":[0,3,1],"scale":[0.3,0.3,0.3]},"firstperson_righthand":{"translation":[3.75,1.25,1.25],"scale":[0.3,0.3,0.3]},"firstperson_lefthand":{"translation":[3.75,1.25,1.25],"scale":[0.3,0.3,0.3]},"ground":{"translation":[0,8.5,0],"scale":[0.5,0.5,0.5]},"gui":{"rotation":[23,-17,0],"scale":[0.34,0.35,0.35]},"head":{"translation":[0,30,0]},"fixed":{"rotation":[-90,0,0],"translation":[0,0,-48],"scale":[2,2,2]}}}