{"credit":"Made with Blockbench","texture_size":[32,32],"textures":{"0":"furnitures:rivrs/furnitures_color_3","particle":"furnitures:rivrs/furnitures_color_3"},"elements":[{"from":[3,8.8,4],"to":[13,12.8,9],"rotation":{"angle":-22.5,"axis":"x","origin":[8,10,6.5]},"faces":{"north":{"uv":[3.8125,5.9375,4.125,6.0625],"texture":"#0"},"east":{"uv":[3.5,6.15625,3.65625,6.28125],"texture":"#0"},"south":{"uv":[3.8125,6.0625,4.125,6.1875],"texture":"#0"},"west":{"uv":[3.65625,6.15625,3.8125,6.28125],"texture":"#0"},"up":{"uv":[3.625,6.09375,3.3125,5.9375],"texture":"#0"},"down":{"uv":[4,5.5625,3.6875,5.71875],"texture":"#0"}}},{"from":[2,10,6.5],"to":[14,10,12.5],"rotation":{"angle":22.5,"axis":"x","origin":[8,10,9.5]},"faces":{"north":{"uv":[3.3125,5.5625,3.6875,5.5625],"texture":"#0"},"east":{"uv":[3.3125,5.5625,3.5,5.5625],"texture":"#0"},"south":{"uv":[3.3125,5.5625,3.6875,5.5625],"texture":"#0"},"west":{"uv":[3.3125,5.5625,3.5,5.5625],"texture":"#0"},"up":{"uv":[3.6875,5.75,3.3125,5.5625],"texture":"#0"},"down":{"uv":[3.6875,5.5625,3.3125,5.75],"texture":"#0"}}},{"from":[7,7.55643,10.9409],"to":[9,9.55643,12.9409],"rotation":{"angle":0,"axis":"x","origin":[8,5.15643,10.7409]},"faces":{"north":{"uv":[3.5,6.09375,3.5625,6.15625],"texture":"#0"},"east":{"uv":[3.5625,6.09375,3.625,6.15625],"texture":"#0"},"south":{"uv":[4,5.59375,4.0625,5.65625],"texture":"#0"},"west":{"uv":[4,5.65625,4.0625,5.71875],"texture":"#0"},"up":{"uv":[3.875,6.3125,3.8125,6.25],"texture":"#0"},"down":{"uv":[3.9375,6.25,3.875,6.3125],"texture":"#0"}}},{"from":[7,0.55643,8.9409],"to":[9,1.55643,10.9409],"rotation":{"angle":0,"axis":"x","origin":[8,5.15643,10.7409]},"faces":{"north":{"uv":[4,6.25,4.0625,6.28125],"texture":"#0"},"east":{"uv":[3.3125,6.28125,3.375,6.3125],"texture":"#0"},"south":{"uv":[3.375,6.28125,3.4375,6.3125],"texture":"#0"},"west":{"uv":[3.4375,6.28125,3.5,6.3125],"texture":"#0"},"up":{"uv":[4,6.3125,3.9375,6.25],"texture":"#0"},"down":{"uv":[4.0625,6.1875,4,6.25],"texture":"#0"}}},{"from":[8,1.55643,8.9409],"to":[8,8.55643,14.9409],"rotation":{"angle":0,"axis":"x","origin":[8,5.15643,10.7409]},"faces":{"north":{"uv":[3.3125,5.5625,3.3125,5.78125],"texture":"#0"},"east":{"uv":[3.8125,5.9375,3.625,6.15625],"texture":"#0"},"south":{"uv":[3.3125,5.5625,3.3125,5.78125],"texture":"#0"},"west":{"uv":[3.625,5.9375,3.8125,6.15625],"texture":"#0"},"up":{"uv":[3.3125,5.75,3.3125,5.5625],"texture":"#0"},"down":{"uv":[3.3125,5.5625,3.3125,5.75],"texture":"#0"}}},{"from":[5,-0.44357,6.9409],"to":[11,0.55643,12.9409],"rotation":{"angle":0,"axis":"x","origin":[8,5.15643,10.7409]},"faces":{"north":{"uv":[3.875,5.90625,4.0625,5.9375],"texture":"#0"},"east":{"uv":[3.8125,6.1875,4,6.21875],"texture":"#0"},"south":{"uv":[3.8125,6.21875,4,6.25],"texture":"#0"},"west":{"uv":[4,5.5625,4.1875,5.59375],"texture":"#0"},"up":{"uv":[3.5,6.28125,3.3125,6.09375],"texture":"#0"},"down":{"uv":[4.0625,5.71875,3.875,5.90625],"texture":"#0"}}},{"from":[3,8.8,4],"to":[13,12.8,9],"rotation":{"angle":-22.5,"axis":"x","origin":[8,10,6.5]},"faces":{"north":{"uv":[3.8125,5.9375,4.125,6.0625],"texture":"#0"},"east":{"uv":[3.5,6.15625,3.65625,6.28125],"texture":"#0"},"south":{"uv":[3.8125,6.0625,4.125,6.1875],"texture":"#0"},"west":{"uv":[3.65625,6.15625,3.8125,6.28125],"texture":"#0"},"up":{"uv":[3.625,6.09375,3.3125,5.9375],"texture":"#0"},"down":{"uv":[4,5.5625,3.6875,5.71875],"texture":"#0"}}},{"from":[2,10,6.5],"to":[14,10,12.5],"rotation":{"angle":22.5,"axis":"x","origin":[8,10,9.5]},"faces":{"north":{"uv":[3.3125,5.5625,3.6875,5.5625],"texture":"#0"},"east":{"uv":[3.3125,5.5625,3.5,5.5625],"texture":"#0"},"south":{"uv":[3.3125,5.5625,3.6875,5.5625],"texture":"#0"},"west":{"uv":[3.3125,5.5625,3.5,5.5625],"texture":"#0"},"up":{"uv":[3.6875,5.75,3.3125,5.5625],"texture":"#0"},"down":{"uv":[3.6875,5.5625,3.3125,5.75],"texture":"#0"}}},{"from":[7,7.55643,10.9409],"to":[9,9.55643,12.9409],"rotation":{"angle":0,"axis":"x","origin":[8,5.15643,10.7409]},"faces":{"north":{"uv":[3.5,6.09375,3.5625,6.15625],"texture":"#0"},"east":{"uv":[3.5625,6.09375,3.625,6.15625],"texture":"#0"},"south":{"uv":[4,5.59375,4.0625,5.65625],"texture":"#0"},"west":{"uv":[4,5.65625,4.0625,5.71875],"texture":"#0"},"up":{"uv":[3.875,6.3125,3.8125,6.25],"texture":"#0"},"down":{"uv":[3.9375,6.25,3.875,6.3125],"texture":"#0"}}},{"from":[7,0.55643,8.9409],"to":[9,1.55643,10.9409],"rotation":{"angle":0,"axis":"x","origin":[8,5.15643,10.7409]},"faces":{"north":{"uv":[4,6.25,4.0625,6.28125],"texture":"#0"},"east":{"uv":[3.3125,6.28125,3.375,6.3125],"texture":"#0"},"south":{"uv":[3.375,6.28125,3.4375,6.3125],"texture":"#0"},"west":{"uv":[3.4375,6.28125,3.5,6.3125],"texture":"#0"},"up":{"uv":[4,6.3125,3.9375,6.25],"texture":"#0"},"down":{"uv":[4.0625,6.1875,4,6.25],"texture":"#0"}}},{"from":[8,1.55643,8.9409],"to":[8,8.55643,14.9409],"rotation":{"angle":0,"axis":"x","origin":[8,5.15643,10.7409]},"faces":{"north":{"uv":[3.3125,5.5625,3.3125,5.78125],"texture":"#0"},"east":{"uv":[3.8125,5.9375,3.625,6.15625],"texture":"#0"},"south":{"uv":[3.3125,5.5625,3.3125,5.78125],"texture":"#0"},"west":{"uv":[3.625,5.9375,3.8125,6.15625],"texture":"#0"},"up":{"uv":[3.3125,5.75,3.3125,5.5625],"texture":"#0"},"down":{"uv":[3.3125,5.5625,3.3125,5.75],"texture":"#0"}}},{"from":[5,-0.44357,6.9409],"to":[11,0.55643,12.9409],"rotation":{"angle":0,"axis":"x","origin":[8,5.15643,10.7409]},"faces":{"north":{"uv":[3.875,5.90625,4.0625,5.9375],"texture":"#0"},"east":{"uv":[3.8125,6.1875,4,6.21875],"texture":"#0"},"south":{"uv":[3.8125,6.21875,4,6.25],"texture":"#0"},"west":{"uv":[4,5.5625,4.1875,5.59375],"texture":"#0"},"up":{"uv":[3.5,6.28125,3.3125,6.09375],"texture":"#0"},"down":{"uv":[4.0625,5.71875,3.875,5.90625],"texture":"#0"}}}],"gui_light":"front","display":{"thirdperson_righthand":{"translation":[0,3,1],"scale":[0.55,0.55,0.55]},"thirdperson_lefthand":{"translation":[0,3,1],"scale":[0.55,0.55,0.55]},"firstperson_righthand":{"rotation":[0,-90,25],"translation":[1.13,3.2,1.13],"scale":[0.68,0.68,0.68]},"firstperson_lefthand":{"rotation":[0,-90,25],"translation":[1.13,3.2,1.13],"scale":[0.68,0.68,0.68]},"ground":{"translation":[0,2,0],"scale":[0.5,0.5,0.5]},"gui":{"rotation":[14,141,0],"translation":[0,0.5,0]},"head":{"translation":[0,14.75,0]},"fixed":{"rotation":[-90,0,0],"translation":[0,0,-16.25],"scale":[2,2,2]}}}