{"credit":"Made with Blockbench","texture_size":[64,64],"textures":{"0":"furnitures:rivrs/furnitures_color_3","particle":"furnitures:rivrs/furnitures_color_3"},"elements":[{"from":[8,1,4],"to":[16,3,16],"faces":{"north":{"uv":[2.5,13.5,2.75,13.5625],"texture":"#0"},"east":{"uv":[2.40625,13.4375,2.78125,13.5],"texture":"#0"},"south":{"uv":[2.5,13.5625,2.75,13.625],"texture":"#0"},"west":{"uv":[2.40625,14.03125,2.78125,14.09375],"texture":"#0"},"up":{"uv":[1.75,13.65625,1.5,13.28125],"texture":"#0"},"down":{"uv":[2,13.28125,1.75,13.65625],"texture":"#0"}}},{"from":[8,0,5],"to":[16,1,15],"faces":{"north":{"uv":[2.5,13.8125,2.75,13.84375],"texture":"#0"},"east":{"uv":[2.5,13.6875,2.8125,13.71875],"texture":"#0"},"south":{"uv":[2.5625,13.28125,2.8125,13.3125],"texture":"#0"},"west":{"uv":[2.5,13.71875,2.8125,13.75],"texture":"#0"},"up":{"uv":[2.25,13.59375,2,13.28125],"texture":"#0"},"down":{"uv":[2.25,13.59375,2,13.90625],"texture":"#0"}}},{"from":[8,3,11],"to":[16,11,16],"faces":{"north":{"uv":[2,13.90625,2.25,14.15625],"texture":"#0"},"east":{"uv":[2.25,13.28125,2.40625,13.53125],"texture":"#0"},"south":{"uv":[1.5,14.03125,1.75,14.28125],"texture":"#0"},"west":{"uv":[1.75,14.03125,1.90625,14.28125],"texture":"#0"},"up":{"uv":[2.5,13.6875,2.25,13.53125],"texture":"#0"},"down":{"uv":[2.5,13.6875,2.25,13.84375],"texture":"#0"}}},{"from":[8,11,4],"to":[16,14,16],"faces":{"north":{"uv":[2.40625,14.09375,2.65625,14.1875],"texture":"#0"},"east":{"uv":[2.25,13.84375,2.625,13.9375],"texture":"#0"},"south":{"uv":[2.40625,14.1875,2.65625,14.28125],"texture":"#0"},"west":{"uv":[2.25,13.9375,2.625,14.03125],"texture":"#0"},"up":{"uv":[1.75,14.03125,1.5,13.65625],"texture":"#0"},"down":{"uv":[2,13.65625,1.75,14.03125],"texture":"#0"}}},{"from":[13,11.5,3],"to":[15,13.5,4],"faces":{"north":{"uv":[1.90625,14.03125,1.96875,14.09375],"texture":"#0"},"east":{"uv":[1.96875,14.03125,2,14.09375],"texture":"#0"},"south":{"uv":[1.90625,14.09375,1.96875,14.15625],"texture":"#0"},"west":{"uv":[1.96875,14.09375,2,14.15625],"texture":"#0"},"up":{"uv":[2.46875,13.53125,2.40625,13.5],"texture":"#0"},"down":{"uv":[1.75,14.34375,1.6875,14.375],"texture":"#0"}}},{"from":[9.5,8.7,5],"to":[14.5,10.7,10],"rotation":{"angle":0,"axis":"y","origin":[0.5,0.7,0]},"faces":{"north":{"uv":[2.5,13.75,2.65625,13.8125],"texture":"#0"},"east":{"uv":[2.0625,14.3125,2.21875,14.375],"texture":"#0"},"south":{"uv":[2.21875,14.3125,2.375,14.375],"texture":"#0"},"west":{"uv":[2.53125,14.28125,2.6875,14.34375],"texture":"#0"},"up":{"uv":[2.21875,14.3125,2.0625,14.15625],"texture":"#0"},"down":{"uv":[2.5625,13.28125,2.40625,13.4375],"texture":"#0"}}},{"from":[9.5,4.1,5],"to":[14.5,4.1,11],"rotation":{"angle":0,"axis":"y","origin":[0.5,0.7,0]},"faces":{"north":{"uv":[1.5,13.28125,1.65625,13.28125],"texture":"#0"},"east":{"uv":[1.5,13.28125,1.6875,13.28125],"texture":"#0"},"south":{"uv":[1.5,13.28125,1.65625,13.28125],"texture":"#0"},"west":{"uv":[1.5,13.28125,1.6875,13.28125],"texture":"#0"},"up":{"uv":[2.40625,14.21875,2.25,14.03125],"texture":"#0"},"down":{"uv":[2.40625,14.03125,2.25,14.21875],"texture":"#0"}}},{"from":[12,6.7,2],"to":[12,9.7,8],"rotation":{"angle":0,"axis":"y","origin":[0.5,0.7,0]},"faces":{"north":{"uv":[1.5,13.28125,1.5,13.375],"texture":"#0"},"east":{"uv":[2.21875,14.21875,2.40625,14.3125],"texture":"#0"},"south":{"uv":[1.5,13.28125,1.5,13.375],"texture":"#0"},"west":{"uv":[2.40625,14.21875,2.21875,14.3125],"texture":"#0"},"up":{"uv":[1.5,13.46875,1.5,13.28125],"texture":"#0"},"down":{"uv":[1.5,13.28125,1.5,13.46875],"texture":"#0"}}},{"from":[11,6.3,0.2],"to":[13,8.3,6.2],"rotation":{"angle":-22.5,"axis":"x","origin":[0.5,0.7,0]},"faces":{"north":{"uv":[2.5625,13.3125,2.625,13.375],"texture":"#0"},"east":{"uv":[1.6875,14.28125,1.875,14.34375],"texture":"#0"},"south":{"uv":[2.5625,13.375,2.625,13.4375],"texture":"#0"},"west":{"uv":[2.5,13.625,2.6875,13.6875],"texture":"#0"},"up":{"uv":[2.46875,14.46875,2.40625,14.28125],"texture":"#0"},"down":{"uv":[2.53125,14.28125,2.46875,14.46875],"texture":"#0"}}},{"from":[0,1,4],"to":[8,3,16],"rotation":{"angle":0,"axis":"y","origin":[-8,0,0]},"faces":{"north":{"uv":[2.5,13.5,2.75,13.5625],"texture":"#0"},"east":{"uv":[2.40625,13.4375,2.78125,13.5],"texture":"#0"},"south":{"uv":[2.5,13.5625,2.75,13.625],"texture":"#0"},"west":{"uv":[2.40625,14.03125,2.78125,14.09375],"texture":"#0"},"up":{"uv":[1.75,13.65625,1.5,13.28125],"texture":"#0"},"down":{"uv":[2,13.28125,1.75,13.65625],"texture":"#0"}}},{"from":[0,0,5],"to":[8,1,15],"rotation":{"angle":0,"axis":"y","origin":[-8,0,0]},"faces":{"north":{"uv":[2.5,13.8125,2.75,13.84375],"texture":"#0"},"east":{"uv":[2.5,13.6875,2.8125,13.71875],"texture":"#0"},"south":{"uv":[2.5625,13.28125,2.8125,13.3125],"texture":"#0"},"west":{"uv":[2.5,13.71875,2.8125,13.75],"texture":"#0"},"up":{"uv":[2.25,13.59375,2,13.28125],"texture":"#0"},"down":{"uv":[2.25,13.59375,2,13.90625],"texture":"#0"}}},{"from":[0,3,11],"to":[8,11,16],"rotation":{"angle":0,"axis":"y","origin":[-8,0,0]},"faces":{"north":{"uv":[2,13.90625,2.25,14.15625],"texture":"#0"},"east":{"uv":[2.25,13.28125,2.40625,13.53125],"texture":"#0"},"south":{"uv":[1.5,14.03125,1.75,14.28125],"texture":"#0"},"west":{"uv":[1.75,14.03125,1.90625,14.28125],"texture":"#0"},"up":{"uv":[2.5,13.6875,2.25,13.53125],"texture":"#0"},"down":{"uv":[2.5,13.6875,2.25,13.84375],"texture":"#0"}}},{"from":[0,11,4],"to":[8,14,16],"rotation":{"angle":0,"axis":"y","origin":[-8,0,0]},"faces":{"north":{"uv":[2.40625,14.09375,2.65625,14.1875],"texture":"#0"},"east":{"uv":[2.25,13.84375,2.625,13.9375],"texture":"#0"},"south":{"uv":[2.40625,14.1875,2.65625,14.28125],"texture":"#0"},"west":{"uv":[2.25,13.9375,2.625,14.03125],"texture":"#0"},"up":{"uv":[1.75,14.03125,1.5,13.65625],"texture":"#0"},"down":{"uv":[2,13.65625,1.75,14.03125],"texture":"#0"}}},{"from":[5,11.5,3],"to":[7,13.5,4],"rotation":{"angle":0,"axis":"y","origin":[-8,0,0]},"faces":{"north":{"uv":[1.90625,14.03125,1.96875,14.09375],"texture":"#0"},"east":{"uv":[1.96875,14.03125,2,14.09375],"texture":"#0"},"south":{"uv":[1.90625,14.09375,1.96875,14.15625],"texture":"#0"},"west":{"uv":[1.96875,14.09375,2,14.15625],"texture":"#0"},"up":{"uv":[2.46875,13.53125,2.40625,13.5],"texture":"#0"},"down":{"uv":[1.75,14.34375,1.6875,14.375],"texture":"#0"}}},{"from":[1.5,8.7,5],"to":[6.5,10.7,10],"rotation":{"angle":0,"axis":"y","origin":[-7.5,0.7,0]},"faces":{"north":{"uv":[2.5,13.75,2.65625,13.8125],"texture":"#0"},"east":{"uv":[2.0625,14.3125,2.21875,14.375],"texture":"#0"},"south":{"uv":[2.21875,14.3125,2.375,14.375],"texture":"#0"},"west":{"uv":[2.53125,14.28125,2.6875,14.34375],"texture":"#0"},"up":{"uv":[2.21875,14.3125,2.0625,14.15625],"texture":"#0"},"down":{"uv":[2.5625,13.28125,2.40625,13.4375],"texture":"#0"}}},{"from":[1.5,4.1,5],"to":[6.5,4.1,11],"rotation":{"angle":0,"axis":"y","origin":[-7.5,0.7,0]},"faces":{"north":{"uv":[1.5,13.28125,1.65625,13.28125],"texture":"#0"},"east":{"uv":[1.5,13.28125,1.6875,13.28125],"texture":"#0"},"south":{"uv":[1.5,13.28125,1.65625,13.28125],"texture":"#0"},"west":{"uv":[1.5,13.28125,1.6875,13.28125],"texture":"#0"},"up":{"uv":[2.40625,14.21875,2.25,14.03125],"texture":"#0"},"down":{"uv":[2.40625,14.03125,2.25,14.21875],"texture":"#0"}}},{"from":[4,6.7,2],"to":[4,9.7,8],"rotation":{"angle":0,"axis":"y","origin":[-7.5,0.7,0]},"faces":{"north":{"uv":[1.5,13.28125,1.5,13.375],"texture":"#0"},"east":{"uv":[2.21875,14.21875,2.40625,14.3125],"texture":"#0"},"south":{"uv":[1.5,13.28125,1.5,13.375],"texture":"#0"},"west":{"uv":[2.40625,14.21875,2.21875,14.3125],"texture":"#0"},"up":{"uv":[1.5,13.46875,1.5,13.28125],"texture":"#0"},"down":{"uv":[1.5,13.28125,1.5,13.46875],"texture":"#0"}}},{"from":[3,6.3,0.2],"to":[5,8.3,6.2],"rotation":{"angle":-22.5,"axis":"x","origin":[-7.5,0.7,0]},"faces":{"north":{"uv":[2.5625,13.3125,2.625,13.375],"texture":"#0"},"east":{"uv":[1.6875,14.28125,1.875,14.34375],"texture":"#0"},"south":{"uv":[2.5625,13.375,2.625,13.4375],"texture":"#0"},"west":{"uv":[2.5,13.625,2.6875,13.6875],"texture":"#0"},"up":{"uv":[2.46875,14.46875,2.40625,14.28125],"texture":"#0"},"down":{"uv":[2.53125,14.28125,2.46875,14.46875],"texture":"#0"}}}],"gui_light":"front","display":{"thirdperson_righthand":{"translation":[0,3,1],"scale":[0.55,0.55,0.55]},"thirdperson_lefthand":{"translation":[0,3,1],"scale":[0.55,0.55,0.55]},"firstperson_righthand":{"rotation":[0,-90,25],"translation":[2.13,0.95,1.13],"scale":[0.68,0.68,0.68]},"firstperson_lefthand":{"rotation":[0,-90,25],"translation":[2.13,0.95,1.13],"scale":[0.68,0.68,0.68]},"ground":{"translation":[0,2,0],"scale":[0.5,0.5,0.5]},"gui":{"rotation":[14,149,0],"translation":[-0.5,0,0],"scale":[0.79,0.81,0.81]},"head":{"translation":[0,0,-3],"scale":[1.3,1.3,1.3]},"fixed":{"rotation":[-90,0,0],"translation":[0,0,-14],"scale":[2,2,2]}}}