{"credit":"Made with Blockbench","texture_size":[256,256],"textures":{"1":"furnitures:rivrs/furnitures_color_4"},"elements":[{"from":[8,-16,-8],"to":[32,-13,-6],"rotation":{"angle":0,"axis":"y","origin":[16,0,0]},"faces":{"north":{"uv":[3.875,1.03125,3.125,1.125],"texture":"#1"},"east":{"uv":[3.125,4.03125,3.0625,4.125],"texture":"#1"},"south":{"uv":[3.875,1.125,3.125,1.21875],"texture":"#1"},"west":{"uv":[0.5625,3.28125,0.5,3.375],"texture":"#1"},"up":{"uv":[3.40625,0.28125,4.15625,0.21875],"texture":"#1"},"down":{"uv":[3.40625,2.96875,4.15625,3.03125],"texture":"#1"}}},{"from":[30,-16,-6],"to":[32,-13,16],"rotation":{"angle":0,"axis":"y","origin":[16,0,0]},"faces":{"north":{"uv":[2.9375,4.0625,2.875,4.15625],"texture":"#1"},"east":{"uv":[1.53125,3.28125,0.84375,3.375],"texture":"#1"},"south":{"uv":[1.4375,4.125,1.375,4.21875],"texture":"#1"},"west":{"uv":[2.78125,3.1875,2.09375,3.28125],"texture":"#1"},"up":{"uv":[1.1875,4.125,1.25,3.4375],"texture":"#1"},"down":{"uv":[1.25,3.4375,1.3125,4.125],"texture":"#1"}}},{"from":[30,-3,-6],"to":[32,0,16],"rotation":{"angle":0,"axis":"y","origin":[16,0,0]},"faces":{"north":{"uv":[0.5625,4.15625,0.5,4.25],"texture":"#1"},"east":{"uv":[4.0625,1.46875,3.375,1.5625],"texture":"#1"},"south":{"uv":[1.71875,4.15625,1.65625,4.25],"texture":"#1"},"west":{"uv":[2.78125,3.28125,2.09375,3.375],"texture":"#1"},"up":{"uv":[1.3125,4.125,1.375,3.4375],"texture":"#1"},"down":{"uv":[1.375,3.4375,1.4375,4.125],"texture":"#1"}}},{"from":[28,-16,15],"to":[30,-13,16],"rotation":{"angle":0,"axis":"y","origin":[16,0,0]},"faces":{"north":{"uv":[0.40625,4.21875,0.34375,4.3125],"texture":"#1"},"east":{"uv":[1,3.09375,0.96875,3.1875],"texture":"#1"},"south":{"uv":[4.28125,0.59375,4.21875,0.6875],"texture":"#1"},"west":{"uv":[2.8125,1.8125,2.78125,1.90625],"texture":"#1"},"up":{"uv":[4.25,2.125,4.3125,2.09375],"texture":"#1"},"down":{"uv":[4.25,2.125,4.3125,2.15625],"texture":"#1"}}},{"from":[28,-3,15],"to":[30,0,16],"rotation":{"angle":0,"axis":"y","origin":[16,0,0]},"faces":{"north":{"uv":[0.6875,4.21875,0.625,4.3125],"texture":"#1"},"east":{"uv":[0.5,3.59375,0.46875,3.6875],"texture":"#1"},"south":{"uv":[0.75,4.21875,0.6875,4.3125],"texture":"#1"},"west":{"uv":[1.5625,3.28125,1.53125,3.375],"texture":"#1"},"up":{"uv":[4.25,2.1875,4.3125,2.15625],"texture":"#1"},"down":{"uv":[4.25,2.1875,4.3125,2.21875],"texture":"#1"}}},{"from":[8,-3,-8],"to":[32,0,-6],"rotation":{"angle":0,"axis":"y","origin":[16,0,0]},"faces":{"north":{"uv":[3.875,1.21875,3.125,1.3125],"texture":"#1"},"east":{"uv":[1.25,4.21875,1.1875,4.3125],"texture":"#1"},"south":{"uv":[3.875,1.3125,3.125,1.40625],"texture":"#1"},"west":{"uv":[0.8125,4.21875,0.75,4.3125],"texture":"#1"},"up":{"uv":[3.40625,3.09375,4.15625,3.03125],"texture":"#1"},"down":{"uv":[3.5,3.34375,4.25,3.40625],"texture":"#1"}}},{"from":[8,-16,-6],"to":[30,0,-4],"rotation":{"angle":0,"axis":"y","origin":[16,0,0]},"faces":{"north":{"uv":[2.0625,0,1.375,0.5],"texture":"#1"},"east":{"uv":[2.5,3.6875,2.4375,4.1875],"texture":"#1"},"south":{"uv":[2.0625,0.5,1.375,1],"texture":"#1"},"west":{"uv":[2.4375,3.6875,2.375,4.1875],"texture":"#1"},"up":{"uv":[3.59375,3.34375,4.28125,3.28125],"texture":"#1"},"down":{"uv":[3.625,0.96875,4.3125,1.03125],"texture":"#1"}}},{"from":[27,-16,29],"to":[30,32,31.9],"rotation":{"angle":0,"axis":"y","origin":[16,0,0]},"faces":{"north":{"uv":[1.8125,2.34375,1.71875,3.84375],"texture":"#1"},"east":{"uv":[2.09375,2.625,2,4.125],"texture":"#1"},"south":{"uv":[2,2.625,1.90625,4.125],"texture":"#1"},"west":{"uv":[1.90625,2.625,1.8125,4.125],"texture":"#1"},"up":{"uv":[4.15625,3.0625,4.25,2.96875],"texture":"#1"},"down":{"uv":[4.15625,3.0625,4.25,3.15625],"texture":"#1"}}},{"from":[7,29.5,29.5],"to":[32,31.5,31.5],"rotation":{"angle":0,"axis":"y","origin":[16,0,0]},"faces":{"north":{"uv":[4.15625,2.46875,3.375,2.53125],"texture":"#1"},"east":{"uv":[2.21875,4.21875,2.15625,4.28125],"texture":"#1"},"south":{"uv":[4.15625,2.53125,3.375,2.59375],"texture":"#1"},"west":{"uv":[2.15625,4.21875,2.09375,4.28125],"texture":"#1"},"up":{"uv":[3.375,2.65625,4.15625,2.59375],"texture":"#1"},"down":{"uv":[3.375,2.65625,4.15625,2.71875],"texture":"#1"}}},{"from":[8,18.5,29.5],"to":[31,20.5,31.5],"rotation":{"angle":0,"axis":"y","origin":[16,0,0]},"faces":{"north":{"uv":[4.21875,3.40625,3.5,3.46875],"texture":"#1"},"east":{"uv":[2.65625,4.21875,2.59375,4.28125],"texture":"#1"},"south":{"uv":[4.21875,3.46875,3.5,3.53125],"texture":"#1"},"west":{"uv":[2.59375,4.21875,2.53125,4.28125],"texture":"#1"},"up":{"uv":[3.5,3.59375,4.21875,3.53125],"texture":"#1"},"down":{"uv":[3.59375,2.71875,4.3125,2.78125],"texture":"#1"}}},{"from":[8,28.9,7],"to":[31,31.9,10],"rotation":{"angle":0,"axis":"y","origin":[16,0,0]},"faces":{"north":{"uv":[3.90625,0.3125,3.1875,0.40625],"texture":"#1"},"east":{"uv":[3.875,4.15625,3.78125,4.25],"texture":"#1"},"south":{"uv":[3.90625,0.40625,3.1875,0.5],"texture":"#1"},"west":{"uv":[3.78125,4.15625,3.6875,4.25],"texture":"#1"},"up":{"uv":[3.1875,0.59375,3.90625,0.5],"texture":"#1"},"down":{"uv":[0.84375,3.1875,1.5625,3.28125],"texture":"#1"}}},{"from":[8,29.9,10],"to":[30,29.9,30],"rotation":{"angle":0,"axis":"y","origin":[16,0,0]},"faces":{"north":{"uv":[0.6875,0,0,0],"texture":"#1"},"east":{"uv":[0.625,0,0,0],"texture":"#1"},"south":{"uv":[0.6875,0,0,0],"texture":"#1"},"west":{"uv":[0.625,0,0,0],"texture":"#1"},"up":{"uv":[0.6875,1.40625,1.375,0.78125],"texture":"#1"},"down":{"uv":[0.6875,0.78125,1.375,1.40625],"texture":"#1"}}},{"from":[8,20.9,-2],"to":[31,22.9,0],"rotation":{"angle":0,"axis":"y","origin":[16,0,0]},"faces":{"north":{"uv":[4.3125,2.78125,3.59375,2.84375],"texture":"#1"},"east":{"uv":[3.125,4.21875,3.0625,4.28125],"texture":"#1"},"south":{"uv":[4.3125,2.84375,3.59375,2.90625],"texture":"#1"},"west":{"uv":[2.71875,4.21875,2.65625,4.28125],"texture":"#1"},"up":{"uv":[3.59375,2.96875,4.3125,2.90625],"texture":"#1"},"down":{"uv":[2.96875,3.59375,3.6875,3.65625],"texture":"#1"}}},{"from":[26,19.9,-1.9],"to":[28,21.9,31.9],"rotation":{"angle":0,"axis":"y","origin":[16,0,0]},"faces":{"north":{"uv":[3.1875,4.21875,3.125,4.28125],"texture":"#1"},"east":{"uv":[1.5625,3.375,0.5,3.4375],"texture":"#1"},"south":{"uv":[3.25,4.21875,3.1875,4.28125],"texture":"#1"},"west":{"uv":[4.1875,1.40625,3.125,1.46875],"texture":"#1"},"up":{"uv":[1.5625,3.875,1.625,2.8125],"texture":"#1"},"down":{"uv":[1.625,2.8125,1.6875,3.875],"texture":"#1"}}},{"from":[28,26.3,3.1],"to":[29,28.3,32],"rotation":{"angle":45,"axis":"x","origin":[27,20.9,9.05]},"faces":{"north":{"uv":[4.28125,2.21875,4.25,2.28125],"texture":"#1"},"east":{"uv":[4.28125,1.84375,3.375,1.90625],"texture":"#1"},"south":{"uv":[2.28125,4.25,2.25,4.3125],"texture":"#1"},"west":{"uv":[4.28125,1.78125,3.375,1.84375],"texture":"#1"},"up":{"uv":[1.6875,3.71875,1.71875,2.8125],"texture":"#1"},"down":{"uv":[1.53125,3.4375,1.5625,4.34375],"texture":"#1"}}},{"from":[8,20,-5],"to":[30,20,8],"rotation":{"angle":-45,"axis":"x","origin":[28.5,25,-7]},"faces":{"north":{"uv":[0.6875,0,0,0],"texture":"#1"},"east":{"uv":[0.40625,0,0,0],"texture":"#1"},"south":{"uv":[0.6875,0,0,0],"texture":"#1"},"west":{"uv":[0.40625,0,0,0],"texture":"#1"},"up":{"uv":[0.6875,5.59375,1.375,5.1875],"texture":"#1"},"down":{"uv":[0.6875,5.1875,1.375,5.59375],"texture":"#1"}}},{"from":[8,15.87939,-2.05096],"to":[30,22.87939,-2.05096],"rotation":{"angle":0,"axis":"y","origin":[28.5,16.37939,-2.05096]},"faces":{"north":{"uv":[1.375,6.15625,0.6875,6.375],"texture":"#1"},"east":{"uv":[0,0,0,0.21875],"texture":"#1"},"south":{"uv":[0.6875,6.15625,1.375,6.375],"texture":"#1"},"west":{"uv":[0,0,0,0.21875],"texture":"#1"},"up":{"uv":[0,0,0.6875,0],"texture":"#1"},"down":{"uv":[0,0,0.6875,0],"texture":"#1"}}},{"from":[8,16,31.999],"to":[30,32,31.999],"rotation":{"angle":0,"axis":"y","origin":[28.5,25.501,31.999]},"faces":{"north":{"uv":[0.6875,5.625,1.375,6.125],"texture":"#1"},"east":{"uv":[0,0,0,0.5],"texture":"#1"},"south":{"uv":[1.375,5.625,0.6875,6.125],"texture":"#1"},"west":{"uv":[0,0,0,0.5],"texture":"#1"},"up":{"uv":[0,0,0.6875,0],"texture":"#1"},"down":{"uv":[0,0,0.6875,0],"texture":"#1"}}},{"from":[8,32,7],"to":[30,32,32],"rotation":{"angle":0,"axis":"y","origin":[28.5,31.57077,7.14143]},"faces":{"north":{"uv":[0.6875,0,0,0],"texture":"#1"},"east":{"uv":[0.78125,0,0,0],"texture":"#1"},"south":{"uv":[0.6875,0,0,0],"texture":"#1"},"west":{"uv":[0.78125,0,0,0],"texture":"#1"},"up":{"uv":[0.6875,5.15625,1.375,4.375],"texture":"#1"},"down":{"uv":[0.6875,4.375,1.375,5.15625],"texture":"#1"}}},{"from":[8,-2,-4],"to":[28,0,5],"rotation":{"angle":0,"axis":"y","origin":[16,0,0]},"faces":{"north":{"uv":[4.28125,2.40625,3.65625,2.46875],"texture":"#1"},"east":{"uv":[4.3125,1.15625,4.03125,1.21875],"texture":"#1"},"south":{"uv":[3.28125,3.65625,2.65625,3.71875],"texture":"#1"},"west":{"uv":[4.3125,1.09375,4.03125,1.15625],"texture":"#1"},"up":{"uv":[1.875,2.1875,2.5,1.90625],"texture":"#1"},"down":{"uv":[0.6875,2,1.3125,2.28125],"texture":"#1"}}},{"from":[28,-16,-4],"to":[30,0,15],"rotation":{"angle":0,"axis":"y","origin":[16,0,0]},"faces":{"north":{"uv":[2.5625,3.6875,2.5,4.1875],"texture":"#1"},"east":{"uv":[1.875,1.5,1.28125,2],"texture":"#1"},"south":{"uv":[0.40625,3.71875,0.34375,4.21875],"texture":"#1"},"west":{"uv":[1.28125,1.40625,0.6875,1.90625],"texture":"#1"},"up":{"uv":[3.28125,4.25,3.34375,3.65625],"texture":"#1"},"down":{"uv":[3.34375,3.65625,3.40625,4.25],"texture":"#1"}}},{"from":[-3,3.15,-7.1],"to":[-3,6.15,7.9],"rotation":{"angle":-22.5,"axis":"x","origin":[0,0,0]},"faces":{"north":{"uv":[0,0,0,0.09375],"texture":"#1"},"east":{"uv":[0.6875,1.90625,1.15625,2],"texture":"#1"},"south":{"uv":[0,0,0,0.09375],"texture":"#1"},"west":{"uv":[0.6875,1.90625,1.15625,2],"texture":"#1"},"up":{"uv":[0,0.46875,0,0],"texture":"#1"},"down":{"uv":[0,0,0,0.46875],"texture":"#1"}}},{"from":[-14,3.15,7.9],"to":[-3,6.15,7.9],"rotation":{"angle":-22.5,"axis":"x","origin":[0,0,0]},"faces":{"north":{"uv":[0.65625,3.71875,1,3.8125],"texture":"#1"},"east":{"uv":[0,0,0,0.09375],"texture":"#1"},"south":{"uv":[0.65625,3.71875,1,3.8125],"texture":"#1"},"west":{"uv":[0,0,0,0.09375],"texture":"#1"},"up":{"uv":[0.34375,0,0,0],"texture":"#1"},"down":{"uv":[0.34375,0,0,0],"texture":"#1"}}},{"from":[-14,2.15,-7.1],"to":[-3,3.15,7.9],"rotation":{"angle":-22.5,"axis":"x","origin":[0,0,0]},"faces":{"north":{"uv":[2.09375,3,2.4375,3.03125],"texture":"#1"},"east":{"uv":[2.0625,1.46875,2.53125,1.5],"texture":"#1"},"south":{"uv":[3.1875,0.59375,3.53125,0.625],"texture":"#1"},"west":{"uv":[3.40625,0.28125,3.875,0.3125],"texture":"#1"},"up":{"uv":[2.53125,2.65625,2.1875,2.1875],"texture":"#1"},"down":{"uv":[1.03125,2.28125,0.6875,2.75],"texture":"#1"}}},{"from":[-13,-1.85,2.9],"to":[-12,2.15,5.9],"rotation":{"angle":-22.5,"axis":"x","origin":[0,0,0]},"faces":{"north":{"uv":[3.0625,0.625,3.09375,0.75],"texture":"#1"},"east":{"uv":[0.25,4.09375,0.34375,4.21875],"texture":"#1"},"south":{"uv":[3.0625,3.1875,3.09375,3.3125],"texture":"#1"},"west":{"uv":[0.625,4.09375,0.71875,4.21875],"texture":"#1"},"up":{"uv":[3,3.90625,2.96875,3.8125],"texture":"#1"},"down":{"uv":[3.15625,3.90625,3.125,4],"texture":"#1"}}},{"from":[-5,-1.85,2.9],"to":[-4,2.15,5.9],"rotation":{"angle":-22.5,"axis":"x","origin":[0,0,0]},"faces":{"north":{"uv":[3.375,2.71875,3.40625,2.84375],"texture":"#1"},"east":{"uv":[4.09375,0.6875,4.1875,0.8125],"texture":"#1"},"south":{"uv":[1.6875,3.71875,1.71875,3.84375],"texture":"#1"},"west":{"uv":[0.71875,4.09375,0.8125,4.21875],"texture":"#1"},"up":{"uv":[1.1875,4.09375,1.15625,4],"texture":"#1"},"down":{"uv":[1.53125,4,1.5,4.09375],"texture":"#1"}}},{"from":[-14,3.15,-7.1],"to":[-3,6.15,-7.1],"rotation":{"angle":-22.5,"axis":"x","origin":[0,0,0]},"faces":{"north":{"uv":[2.65625,3.71875,3,3.8125],"texture":"#1"},"east":{"uv":[0,0,0,0.09375],"texture":"#1"},"south":{"uv":[2.65625,3.71875,3,3.8125],"texture":"#1"},"west":{"uv":[0,0,0,0.09375],"texture":"#1"},"up":{"uv":[0.34375,0,0,0],"texture":"#1"},"down":{"uv":[0.34375,0,0,0],"texture":"#1"}}},{"from":[-14,3.15,-7.1],"to":[-14,6.15,7.9],"rotation":{"angle":-22.5,"axis":"x","origin":[0,0,0]},"faces":{"north":{"uv":[0,0,0,0.09375],"texture":"#1"},"east":{"uv":[3.59375,3.1875,4.0625,3.28125],"texture":"#1"},"south":{"uv":[0,0,0,0.09375],"texture":"#1"},"west":{"uv":[3.59375,3.1875,4.0625,3.28125],"texture":"#1"},"up":{"uv":[0,0.46875,0,0],"texture":"#1"},"down":{"uv":[0,0,0,0.46875],"texture":"#1"}}},{"from":[20,3.15,-7.1],"to":[20,6.15,7.9],"rotation":{"angle":-22.5,"axis":"x","origin":[0,0,0]},"faces":{"north":{"uv":[0,0,0,0.09375],"texture":"#1"},"east":{"uv":[0.6875,1.90625,1.15625,2],"texture":"#1"},"south":{"uv":[0,0,0,0.09375],"texture":"#1"},"west":{"uv":[0.6875,1.90625,1.15625,2],"texture":"#1"},"up":{"uv":[0,0.46875,0,0],"texture":"#1"},"down":{"uv":[0,0,0,0.46875],"texture":"#1"}}},{"from":[9,3.15,7.9],"to":[20,6.15,7.9],"rotation":{"angle":-22.5,"axis":"x","origin":[0,0,0]},"faces":{"north":{"uv":[0.65625,3.71875,1,3.8125],"texture":"#1"},"east":{"uv":[0,0,0,0.09375],"texture":"#1"},"south":{"uv":[0.65625,3.71875,1,3.8125],"texture":"#1"},"west":{"uv":[0,0,0,0.09375],"texture":"#1"},"up":{"uv":[0.34375,0,0,0],"texture":"#1"},"down":{"uv":[0.34375,0,0,0],"texture":"#1"}}},{"from":[9,2.15,-7.1],"to":[20,3.15,7.9],"rotation":{"angle":-22.5,"axis":"x","origin":[0,0,0]},"faces":{"north":{"uv":[2.09375,3,2.4375,3.03125],"texture":"#1"},"east":{"uv":[2.0625,1.46875,2.53125,1.5],"texture":"#1"},"south":{"uv":[3.1875,0.59375,3.53125,0.625],"texture":"#1"},"west":{"uv":[3.40625,0.28125,3.875,0.3125],"texture":"#1"},"up":{"uv":[2.53125,2.65625,2.1875,2.1875],"texture":"#1"},"down":{"uv":[1.03125,2.28125,0.6875,2.75],"texture":"#1"}}},{"from":[10,-1.85,2.9],"to":[11,2.15,5.9],"rotation":{"angle":-22.5,"axis":"x","origin":[0,0,0]},"faces":{"north":{"uv":[3.0625,0.625,3.09375,0.75],"texture":"#1"},"east":{"uv":[0.25,4.09375,0.34375,4.21875],"texture":"#1"},"south":{"uv":[3.0625,3.1875,3.09375,3.3125],"texture":"#1"},"west":{"uv":[0.625,4.09375,0.71875,4.21875],"texture":"#1"},"up":{"uv":[3,3.90625,2.96875,3.8125],"texture":"#1"},"down":{"uv":[3.15625,3.90625,3.125,4],"texture":"#1"}}},{"from":[18,-1.85,2.9],"to":[19,2.15,5.9],"rotation":{"angle":-22.5,"axis":"x","origin":[0,0,0]},"faces":{"north":{"uv":[3.375,2.71875,3.40625,2.84375],"texture":"#1"},"east":{"uv":[4.09375,0.6875,4.1875,0.8125],"texture":"#1"},"south":{"uv":[1.6875,3.71875,1.71875,3.84375],"texture":"#1"},"west":{"uv":[0.71875,4.09375,0.8125,4.21875],"texture":"#1"},"up":{"uv":[1.1875,4.09375,1.15625,4],"texture":"#1"},"down":{"uv":[1.53125,4,1.5,4.09375],"texture":"#1"}}},{"from":[9,3.15,-7.1],"to":[20,6.15,-7.1],"rotation":{"angle":-22.5,"axis":"x","origin":[0,0,0]},"faces":{"north":{"uv":[2.65625,3.71875,3,3.8125],"texture":"#1"},"east":{"uv":[0,0,0,0.09375],"texture":"#1"},"south":{"uv":[2.65625,3.71875,3,3.8125],"texture":"#1"},"west":{"uv":[0,0,0,0.09375],"texture":"#1"},"up":{"uv":[0.34375,0,0,0],"texture":"#1"},"down":{"uv":[0.34375,0,0,0],"texture":"#1"}}},{"from":[9,3.15,-7.1],"to":[9,6.15,7.9],"rotation":{"angle":-22.5,"axis":"x","origin":[0,0,0]},"faces":{"north":{"uv":[0,0,0,0.09375],"texture":"#1"},"east":{"uv":[3.59375,3.1875,4.0625,3.28125],"texture":"#1"},"south":{"uv":[0,0,0,0.09375],"texture":"#1"},"west":{"uv":[3.59375,3.1875,4.0625,3.28125],"texture":"#1"},"up":{"uv":[0,0.46875,0,0],"texture":"#1"},"down":{"uv":[0,0,0,0.46875],"texture":"#1"}}},{"from":[32,3.15,-7.1],"to":[32,6.15,7.9],"rotation":{"angle":-22.5,"axis":"x","origin":[0,0,0]},"faces":{"north":{"uv":[0,0,0,0.09375],"texture":"#1"},"east":{"uv":[0.6875,1.90625,1.15625,2],"texture":"#1"},"south":{"uv":[0,0,0,0.09375],"texture":"#1"},"west":{"uv":[0.6875,1.90625,1.15625,2],"texture":"#1"},"up":{"uv":[0,0.46875,0,0],"texture":"#1"},"down":{"uv":[0,0,0,0.46875],"texture":"#1"}}},{"from":[21,3.15,7.9],"to":[32,6.15,7.9],"rotation":{"angle":-22.5,"axis":"x","origin":[0,0,0]},"faces":{"north":{"uv":[0.65625,3.71875,1,3.8125],"texture":"#1"},"east":{"uv":[0,0,0,0.09375],"texture":"#1"},"south":{"uv":[0.65625,3.71875,1,3.8125],"texture":"#1"},"west":{"uv":[0,0,0,0.09375],"texture":"#1"},"up":{"uv":[0.34375,0,0,0],"texture":"#1"},"down":{"uv":[0.34375,0,0,0],"texture":"#1"}}},{"from":[21,2.15,-7.1],"to":[32,3.15,7.9],"rotation":{"angle":-22.5,"axis":"x","origin":[0,0,0]},"faces":{"north":{"uv":[2.09375,3,2.4375,3.03125],"texture":"#1"},"east":{"uv":[2.0625,1.46875,2.53125,1.5],"texture":"#1"},"south":{"uv":[3.1875,0.59375,3.53125,0.625],"texture":"#1"},"west":{"uv":[3.40625,0.28125,3.875,0.3125],"texture":"#1"},"up":{"uv":[2.53125,2.65625,2.1875,2.1875],"texture":"#1"},"down":{"uv":[1.03125,2.28125,0.6875,2.75],"texture":"#1"}}},{"from":[22,-1.85,2.9],"to":[23,2.15,5.9],"rotation":{"angle":-22.5,"axis":"x","origin":[0,0,0]},"faces":{"north":{"uv":[3.0625,0.625,3.09375,0.75],"texture":"#1"},"east":{"uv":[0.25,4.09375,0.34375,4.21875],"texture":"#1"},"south":{"uv":[3.0625,3.1875,3.09375,3.3125],"texture":"#1"},"west":{"uv":[0.625,4.09375,0.71875,4.21875],"texture":"#1"},"up":{"uv":[3,3.90625,2.96875,3.8125],"texture":"#1"},"down":{"uv":[3.15625,3.90625,3.125,4],"texture":"#1"}}},{"from":[30,-1.85,2.9],"to":[31,2.15,5.9],"rotation":{"angle":-22.5,"axis":"x","origin":[0,0,0]},"faces":{"north":{"uv":[3.375,2.71875,3.40625,2.84375],"texture":"#1"},"east":{"uv":[4.09375,0.6875,4.1875,0.8125],"texture":"#1"},"south":{"uv":[1.6875,3.71875,1.71875,3.84375],"texture":"#1"},"west":{"uv":[0.71875,4.09375,0.8125,4.21875],"texture":"#1"},"up":{"uv":[1.1875,4.09375,1.15625,4],"texture":"#1"},"down":{"uv":[1.53125,4,1.5,4.09375],"texture":"#1"}}},{"from":[21,3.15,-7.1],"to":[32,6.15,-7.1],"rotation":{"angle":-22.5,"axis":"x","origin":[0,0,0]},"faces":{"north":{"uv":[2.65625,3.71875,3,3.8125],"texture":"#1"},"east":{"uv":[0,0,0,0.09375],"texture":"#1"},"south":{"uv":[2.65625,3.71875,3,3.8125],"texture":"#1"},"west":{"uv":[0,0,0,0.09375],"texture":"#1"},"up":{"uv":[0.34375,0,0,0],"texture":"#1"},"down":{"uv":[0.34375,0,0,0],"texture":"#1"}}},{"from":[21,3.15,-7.1],"to":[21,6.15,7.9],"rotation":{"angle":-22.5,"axis":"x","origin":[0,0,0]},"faces":{"north":{"uv":[0,0,0,0.09375],"texture":"#1"},"east":{"uv":[3.59375,3.1875,4.0625,3.28125],"texture":"#1"},"south":{"uv":[0,0,0,0.09375],"texture":"#1"},"west":{"uv":[3.59375,3.1875,4.0625,3.28125],"texture":"#1"},"up":{"uv":[0,0.46875,0,0],"texture":"#1"},"down":{"uv":[0,0,0,0.46875],"texture":"#1"}}},{"from":[-10,8.32278,29.31466],"to":[1,20.32278,29.31466],"rotation":{"angle":0,"axis":"y","origin":[-8.5,8.82278,22.21466]},"faces":{"north":{"uv":[2.5625,0,2.90625,0.375],"texture":"#1"},"east":{"uv":[0,0,0,0.375],"texture":"#1"},"south":{"uv":[2.5625,0,2.90625,0.375],"texture":"#1"},"west":{"uv":[0,0,0,0.375],"texture":"#1"},"up":{"uv":[0.34375,0,0,0],"texture":"#1"},"down":{"uv":[0.34375,0,0,0],"texture":"#1"}}},{"from":[15,14.32278,29.31466],"to":[20,20.32278,29.31466],"rotation":{"angle":0,"axis":"y","origin":[-8.5,8.82278,22.21466]},"faces":{"north":{"uv":[2.65625,3.8125,2.8125,4],"texture":"#1"},"east":{"uv":[0,0,0,0.1875],"texture":"#1"},"south":{"uv":[2.8125,3.8125,2.96875,4],"texture":"#1"},"west":{"uv":[0,0,0,0.1875],"texture":"#1"},"up":{"uv":[0.15625,0,0,0],"texture":"#1"},"down":{"uv":[0.15625,0,0,0],"texture":"#1"}}},{"from":[21,14.32278,29.31466],"to":[26,20.32278,29.31466],"rotation":{"angle":0,"axis":"y","origin":[-8.5,8.82278,22.21466]},"faces":{"north":{"uv":[1,3.71875,1.15625,3.90625],"texture":"#1"},"east":{"uv":[0,0,0,0.1875],"texture":"#1"},"south":{"uv":[3,3.71875,3.15625,3.90625],"texture":"#1"},"west":{"uv":[0,0,0,0.1875],"texture":"#1"},"up":{"uv":[0.15625,0,0,0],"texture":"#1"},"down":{"uv":[0.15625,0,0,0],"texture":"#1"}}},{"from":[-7.5,3.15,-0.6],"to":[-3.5,6.15,5.4],"rotation":{"angle":-22.5,"axis":"x","origin":[0,0,0]},"faces":{"north":{"uv":[1.0625,3.90625,1.1875,4],"texture":"#1"},"east":{"uv":[4.03125,1.21875,4.21875,1.3125],"texture":"#1"},"south":{"uv":[4.09375,0.59375,4.21875,0.6875],"texture":"#1"},"west":{"uv":[2.09375,4.03125,2.28125,4.125],"texture":"#1"},"up":{"uv":[0.1875,4.09375,0.0625,3.90625],"texture":"#1"},"down":{"uv":[0.3125,3.90625,0.1875,4.09375],"texture":"#1"}}},{"from":[-9.5,5.15,-4.6],"to":[-5.5,8.15,1.4],"rotation":{"angle":-22.5,"axis":"x","origin":[0,0,0]},"faces":{"north":{"uv":[1.0625,3.90625,1.1875,4],"texture":"#1"},"east":{"uv":[4.03125,1.21875,4.21875,1.3125],"texture":"#1"},"south":{"uv":[4.09375,0.59375,4.21875,0.6875],"texture":"#1"},"west":{"uv":[2.09375,4.03125,2.28125,4.125],"texture":"#1"},"up":{"uv":[0.1875,4.09375,0.0625,3.90625],"texture":"#1"},"down":{"uv":[0.3125,3.90625,0.1875,4.09375],"texture":"#1"}}},{"from":[-13.5,3.15,-0.6],"to":[-9.5,6.15,5.4],"rotation":{"angle":-22.5,"axis":"x","origin":[0,0,0]},"faces":{"north":{"uv":[1.0625,3.90625,1.1875,4],"texture":"#1"},"east":{"uv":[4.03125,1.21875,4.21875,1.3125],"texture":"#1"},"south":{"uv":[4.09375,0.59375,4.21875,0.6875],"texture":"#1"},"west":{"uv":[2.09375,4.03125,2.28125,4.125],"texture":"#1"},"up":{"uv":[0.1875,4.09375,0.0625,3.90625],"texture":"#1"},"down":{"uv":[0.3125,3.90625,0.1875,4.09375],"texture":"#1"}}},{"from":[-7.5,3.15,-6.85],"to":[-3.5,6.15,-0.85],"rotation":{"angle":-22.5,"axis":"x","origin":[0,0,0]},"faces":{"north":{"uv":[1.0625,3.90625,1.1875,4],"texture":"#1"},"east":{"uv":[4.03125,1.21875,4.21875,1.3125],"texture":"#1"},"south":{"uv":[4.09375,0.59375,4.21875,0.6875],"texture":"#1"},"west":{"uv":[2.09375,4.03125,2.28125,4.125],"texture":"#1"},"up":{"uv":[0.1875,4.09375,0.0625,3.90625],"texture":"#1"},"down":{"uv":[0.3125,3.90625,0.1875,4.09375],"texture":"#1"}}},{"from":[-12.5,3.15,-6.85],"to":[-8.5,6.15,-0.85],"rotation":{"angle":-22.5,"axis":"x","origin":[0,0,0]},"faces":{"north":{"uv":[1.0625,3.90625,1.1875,4],"texture":"#1"},"east":{"uv":[4.03125,1.21875,4.21875,1.3125],"texture":"#1"},"south":{"uv":[4.09375,0.59375,4.21875,0.6875],"texture":"#1"},"west":{"uv":[2.09375,4.03125,2.28125,4.125],"texture":"#1"},"up":{"uv":[0.1875,4.09375,0.0625,3.90625],"texture":"#1"},"down":{"uv":[0.3125,3.90625,0.1875,4.09375],"texture":"#1"}}},{"from":[9.5,1.30357,-6.88261],"to":[12.5,4.30357,-3.88261],"rotation":{"angle":-22.5,"axis":"x","origin":[11,2.80357,-5.38261]},"faces":{"north":{"uv":[2.4375,4.28125,2.34375,4.1875],"rotation":180,"texture":"#1"},"east":{"uv":[4.1875,0.78125,4.28125,0.875],"rotation":90,"texture":"#1"},"south":{"uv":[2.53125,4.1875,2.4375,4.28125],"texture":"#1"},"west":{"uv":[4.1875,1.53125,4.28125,1.625],"rotation":270,"texture":"#1"},"up":{"uv":[4.1875,1.34375,4.28125,1.4375],"texture":"#1"},"down":{"uv":[4.1875,0.6875,4.28125,0.78125],"rotation":180,"texture":"#1"}}},{"from":[9.5,3.15,-1.8],"to":[12.5,6.15,1.2],"rotation":{"angle":-22.5,"axis":"x","origin":[0,0,0]},"faces":{"north":{"uv":[4.1875,0.6875,4.28125,0.78125],"texture":"#1"},"east":{"uv":[4.1875,0.78125,4.28125,0.875],"texture":"#1"},"south":{"uv":[4.1875,1.34375,4.28125,1.4375],"texture":"#1"},"west":{"uv":[4.1875,1.53125,4.28125,1.625],"texture":"#1"},"up":{"uv":[2.4375,4.28125,2.34375,4.1875],"texture":"#1"},"down":{"uv":[2.53125,4.1875,2.4375,4.28125],"texture":"#1"}}},{"from":[13,3.15,-2.1],"to":[16,6.15,0.9],"rotation":{"angle":-22.5,"axis":"x","origin":[0,0,0]},"faces":{"north":{"uv":[4.1875,0.6875,4.28125,0.78125],"texture":"#1"},"east":{"uv":[4.1875,0.78125,4.28125,0.875],"texture":"#1"},"south":{"uv":[4.1875,1.34375,4.28125,1.4375],"texture":"#1"},"west":{"uv":[4.1875,1.53125,4.28125,1.625],"texture":"#1"},"up":{"uv":[2.4375,4.28125,2.34375,4.1875],"texture":"#1"},"down":{"uv":[2.53125,4.1875,2.4375,4.28125],"texture":"#1"}}},{"from":[13,1.0357,-7.52932],"to":[16,4.0357,-4.52932],"rotation":{"angle":-22.5,"axis":"x","origin":[14.5,2.5357,-6.02932]},"faces":{"north":{"uv":[4.1875,1.53125,4.28125,1.625],"texture":"#1"},"east":{"uv":[4.1875,0.6875,4.28125,0.78125],"texture":"#1"},"south":{"uv":[4.1875,0.78125,4.28125,0.875],"texture":"#1"},"west":{"uv":[4.1875,1.34375,4.28125,1.4375],"texture":"#1"},"up":{"uv":[2.4375,4.28125,2.34375,4.1875],"rotation":90,"texture":"#1"},"down":{"uv":[2.53125,4.1875,2.4375,4.28125],"rotation":270,"texture":"#1"}}},{"from":[16.6,2.86643,-3.83381],"to":[19.6,5.86643,-0.83381],"rotation":{"angle":-22.5,"axis":"x","origin":[17.5,4.06643,-2.33381]},"faces":{"north":{"uv":[2.4375,4.28125,2.34375,4.1875],"rotation":90,"texture":"#1"},"east":{"uv":[4.1875,1.34375,4.28125,1.4375],"rotation":90,"texture":"#1"},"south":{"uv":[2.53125,4.1875,2.4375,4.28125],"rotation":90,"texture":"#1"},"west":{"uv":[4.1875,0.6875,4.28125,0.78125],"rotation":270,"texture":"#1"},"up":{"uv":[4.1875,1.53125,4.28125,1.625],"texture":"#1"},"down":{"uv":[4.1875,0.78125,4.28125,0.875],"rotation":180,"texture":"#1"}}},{"from":[16.4,3.15,-6.1],"to":[19.4,6.15,-3.1],"rotation":{"angle":-22.5,"axis":"x","origin":[0,0,0]},"faces":{"north":{"uv":[4.1875,0.6875,4.28125,0.78125],"texture":"#1"},"east":{"uv":[4.1875,0.78125,4.28125,0.875],"texture":"#1"},"south":{"uv":[4.1875,1.34375,4.28125,1.4375],"texture":"#1"},"west":{"uv":[4.1875,1.53125,4.28125,1.625],"texture":"#1"},"up":{"uv":[2.4375,4.28125,2.34375,4.1875],"texture":"#1"},"down":{"uv":[2.53125,4.1875,2.4375,4.28125],"texture":"#1"}}},{"from":[22,3.15,-6.8],"to":[25,6.15,7.2],"rotation":{"angle":-22.5,"axis":"x","origin":[0,0,0]},"faces":{"north":{"uv":[3.96875,4.15625,4.0625,4.25],"texture":"#1"},"east":{"uv":[3.65625,1.5625,4.09375,1.65625],"texture":"#1"},"south":{"uv":[4.15625,4.125,4.25,4.21875],"texture":"#1"},"west":{"uv":[3.65625,1.65625,4.09375,1.75],"texture":"#1"},"up":{"uv":[1.53125,3.875,1.4375,3.4375],"texture":"#1"},"down":{"uv":[2.65625,3.625,2.5625,4.0625],"texture":"#1"}}},{"from":[26,3.15,-6.8],"to":[29,6.15,7.2],"rotation":{"angle":-22.5,"axis":"x","origin":[0,0,0]},"faces":{"north":{"uv":[3.96875,4.15625,4.0625,4.25],"texture":"#1"},"east":{"uv":[3.65625,1.5625,4.09375,1.65625],"texture":"#1"},"south":{"uv":[4.15625,4.125,4.25,4.21875],"texture":"#1"},"west":{"uv":[3.65625,1.65625,4.09375,1.75],"texture":"#1"},"up":{"uv":[1.53125,3.875,1.4375,3.4375],"texture":"#1"},"down":{"uv":[2.65625,3.625,2.5625,4.0625],"texture":"#1"}}},{"from":[28,2.15,-6.8],"to":[31,5.15,7.2],"rotation":{"angle":-22.5,"axis":"x","origin":[0,0,0]},"faces":{"north":{"uv":[3.96875,4.15625,4.0625,4.25],"texture":"#1"},"east":{"uv":[3.65625,1.5625,4.09375,1.65625],"texture":"#1"},"south":{"uv":[4.15625,4.125,4.25,4.21875],"texture":"#1"},"west":{"uv":[3.65625,1.65625,4.09375,1.75],"texture":"#1"},"up":{"uv":[1.53125,3.875,1.4375,3.4375],"texture":"#1"},"down":{"uv":[2.65625,3.625,2.5625,4.0625],"texture":"#1"}}},{"from":[-13,-7.8,-8.3],"to":[-4,0.2,-8.3],"rotation":{"angle":0,"axis":"y","origin":[16,0,0]},"faces":{"north":{"uv":[3.09375,3.125,3.375,3.375],"texture":"#1"},"east":{"uv":[0,0,0,0.25],"texture":"#1"},"south":{"uv":[0,3.15625,0.28125,3.40625],"texture":"#1"},"west":{"uv":[0,0,0,0.25],"texture":"#1"},"up":{"uv":[0.28125,0,0,0],"texture":"#1"},"down":{"uv":[0.28125,0,0,0],"texture":"#1"}}},{"from":[-13,0.2,-8.3],"to":[-4,0.2,3.7],"rotation":{"angle":0,"axis":"y","origin":[16,0,0]},"faces":{"north":{"uv":[0,0,0.28125,0],"texture":"#1"},"east":{"uv":[0,0,0.375,0],"texture":"#1"},"south":{"uv":[0,0,0.28125,0],"texture":"#1"},"west":{"uv":[0,0,0.375,0],"texture":"#1"},"up":{"uv":[3.09375,2.0625,2.8125,1.6875],"texture":"#1"},"down":{"uv":[3.09375,2.0625,2.8125,2.4375],"texture":"#1"}}},{"from":[10,-6.8,-8.3],"to":[19,0.2,-8.3],"rotation":{"angle":0,"axis":"y","origin":[16,0,0]},"faces":{"north":{"uv":[2.78125,3.1875,3.0625,3.40625],"texture":"#1"},"east":{"uv":[0,0,0,0.21875],"texture":"#1"},"south":{"uv":[3.375,1.5625,3.65625,1.78125],"texture":"#1"},"west":{"uv":[0,0,0,0.21875],"texture":"#1"},"up":{"uv":[0.28125,0,0,0],"texture":"#1"},"down":{"uv":[0.28125,0,0,0],"texture":"#1"}}},{"from":[10,0.2,-8.3],"to":[19,0.2,3.7],"rotation":{"angle":0,"axis":"y","origin":[16,0,0]},"faces":{"north":{"uv":[0,0,0.28125,0],"texture":"#1"},"east":{"uv":[0,0,0.375,0],"texture":"#1"},"south":{"uv":[0,0,0.28125,0],"texture":"#1"},"west":{"uv":[0,0,0.375,0],"texture":"#1"},"up":{"uv":[3.09375,2.8125,2.8125,2.4375],"texture":"#1"},"down":{"uv":[3.09375,2.8125,2.8125,3.1875],"texture":"#1"}}},{"from":[22,-8.8,-8.3],"to":[31,0.2,-8.3],"rotation":{"angle":0,"axis":"y","origin":[16,0,0]},"faces":{"north":{"uv":[3.09375,2.3125,3.375,2.59375],"texture":"#1"},"east":{"uv":[0,0,0,0.28125],"texture":"#1"},"south":{"uv":[3.09375,2.59375,3.375,2.875],"texture":"#1"},"west":{"uv":[0,0,0,0.28125],"texture":"#1"},"up":{"uv":[0.28125,0,0,0],"texture":"#1"},"down":{"uv":[0.28125,0,0,0],"texture":"#1"}}},{"from":[22,0.2,-8.3],"to":[31,0.2,1.7],"rotation":{"angle":0,"axis":"y","origin":[16,0,0]},"faces":{"north":{"uv":[0,0,0.28125,0],"texture":"#1"},"east":{"uv":[0,0,0.3125,0],"texture":"#1"},"south":{"uv":[0,0,0.28125,0],"texture":"#1"},"west":{"uv":[0,0,0.3125,0],"texture":"#1"},"up":{"uv":[3.1875,0.3125,2.90625,0],"texture":"#1"},"down":{"uv":[3.1875,0.3125,2.90625,0.625],"texture":"#1"}}},{"from":[-16,-16,-8],"to":[8,-13,-6],"faces":{"north":{"uv":[3.125,1.03125,3.875,1.125],"texture":"#1"},"east":{"uv":[0.5,3.28125,0.5625,3.375],"texture":"#1"},"south":{"uv":[3.125,1.125,3.875,1.21875],"texture":"#1"},"west":{"uv":[3.0625,4.03125,3.125,4.125],"texture":"#1"},"up":{"uv":[4.15625,0.28125,3.40625,0.21875],"texture":"#1"},"down":{"uv":[4.15625,2.96875,3.40625,3.03125],"texture":"#1"}}},{"from":[-16,-16,-6],"to":[-14,-13,16],"faces":{"north":{"uv":[2.875,4.0625,2.9375,4.15625],"texture":"#1"},"east":{"uv":[2.09375,3.1875,2.78125,3.28125],"texture":"#1"},"south":{"uv":[1.375,4.125,1.4375,4.21875],"texture":"#1"},"west":{"uv":[0.84375,3.28125,1.53125,3.375],"texture":"#1"},"up":{"uv":[1.25,4.125,1.1875,3.4375],"texture":"#1"},"down":{"uv":[1.3125,3.4375,1.25,4.125],"texture":"#1"}}},{"from":[-16,-3,-6],"to":[-14,0,16],"faces":{"north":{"uv":[0.5,4.15625,0.5625,4.25],"texture":"#1"},"east":{"uv":[2.09375,3.28125,2.78125,3.375],"texture":"#1"},"south":{"uv":[1.65625,4.15625,1.71875,4.25],"texture":"#1"},"west":{"uv":[3.375,1.46875,4.0625,1.5625],"texture":"#1"},"up":{"uv":[1.375,4.125,1.3125,3.4375],"texture":"#1"},"down":{"uv":[1.4375,3.4375,1.375,4.125],"texture":"#1"}}},{"from":[-14,-16,15],"to":[-12,-13,16],"faces":{"north":{"uv":[0.34375,4.21875,0.40625,4.3125],"texture":"#1"},"east":{"uv":[2.78125,1.8125,2.8125,1.90625],"texture":"#1"},"south":{"uv":[4.21875,0.59375,4.28125,0.6875],"texture":"#1"},"west":{"uv":[0.96875,3.09375,1,3.1875],"texture":"#1"},"up":{"uv":[4.3125,2.125,4.25,2.09375],"texture":"#1"},"down":{"uv":[4.3125,2.125,4.25,2.15625],"texture":"#1"}}},{"from":[-14,-3,15],"to":[-12,0,16],"faces":{"north":{"uv":[0.625,4.21875,0.6875,4.3125],"texture":"#1"},"east":{"uv":[1.53125,3.28125,1.5625,3.375],"texture":"#1"},"south":{"uv":[0.6875,4.21875,0.75,4.3125],"texture":"#1"},"west":{"uv":[0.46875,3.59375,0.5,3.6875],"texture":"#1"},"up":{"uv":[4.3125,2.1875,4.25,2.15625],"texture":"#1"},"down":{"uv":[4.3125,2.1875,4.25,2.21875],"texture":"#1"}}},{"from":[-16,-3,-8],"to":[8,0,-6],"faces":{"north":{"uv":[3.125,1.21875,3.875,1.3125],"texture":"#1"},"east":{"uv":[0.75,4.21875,0.8125,4.3125],"texture":"#1"},"south":{"uv":[3.125,1.3125,3.875,1.40625],"texture":"#1"},"west":{"uv":[1.1875,4.21875,1.25,4.3125],"texture":"#1"},"up":{"uv":[4.15625,3.09375,3.40625,3.03125],"texture":"#1"},"down":{"uv":[4.25,3.34375,3.5,3.40625],"texture":"#1"}}},{"from":[-14,-16,-6],"to":[8,0,-4],"faces":{"north":{"uv":[1.375,0,2.0625,0.5],"texture":"#1"},"east":{"uv":[2.375,3.6875,2.4375,4.1875],"texture":"#1"},"south":{"uv":[1.375,0.5,2.0625,1],"texture":"#1"},"west":{"uv":[2.4375,3.6875,2.5,4.1875],"texture":"#1"},"up":{"uv":[4.28125,3.34375,3.59375,3.28125],"texture":"#1"},"down":{"uv":[4.3125,0.96875,3.625,1.03125],"texture":"#1"}}},{"from":[-14,-16,29],"to":[-11,32,31.9],"faces":{"north":{"uv":[1.71875,2.34375,1.8125,3.84375],"texture":"#1"},"east":{"uv":[1.8125,2.625,1.90625,4.125],"texture":"#1"},"south":{"uv":[1.90625,2.625,2,4.125],"texture":"#1"},"west":{"uv":[2,2.625,2.09375,4.125],"texture":"#1"},"up":{"uv":[4.25,3.0625,4.15625,2.96875],"texture":"#1"},"down":{"uv":[4.25,3.0625,4.15625,3.15625],"texture":"#1"}}},{"from":[-16,29.5,29.5],"to":[9,31.5,31.5],"faces":{"north":{"uv":[3.375,2.46875,4.15625,2.53125],"texture":"#1"},"east":{"uv":[2.09375,4.21875,2.15625,4.28125],"texture":"#1"},"south":{"uv":[3.375,2.53125,4.15625,2.59375],"texture":"#1"},"west":{"uv":[2.15625,4.21875,2.21875,4.28125],"texture":"#1"},"up":{"uv":[4.15625,2.65625,3.375,2.59375],"texture":"#1"},"down":{"uv":[4.15625,2.65625,3.375,2.71875],"texture":"#1"}}},{"from":[-15,18.5,29.5],"to":[8,20.5,31.5],"faces":{"north":{"uv":[3.5,3.40625,4.21875,3.46875],"texture":"#1"},"east":{"uv":[2.53125,4.21875,2.59375,4.28125],"texture":"#1"},"south":{"uv":[3.5,3.46875,4.21875,3.53125],"texture":"#1"},"west":{"uv":[2.59375,4.21875,2.65625,4.28125],"texture":"#1"},"up":{"uv":[4.21875,3.59375,3.5,3.53125],"texture":"#1"},"down":{"uv":[4.3125,2.71875,3.59375,2.78125],"texture":"#1"}}},{"from":[-15,28.9,7],"to":[8,31.9,10],"faces":{"north":{"uv":[3.1875,0.3125,3.90625,0.40625],"texture":"#1"},"east":{"uv":[3.6875,4.15625,3.78125,4.25],"texture":"#1"},"south":{"uv":[3.1875,0.40625,3.90625,0.5],"texture":"#1"},"west":{"uv":[3.78125,4.15625,3.875,4.25],"texture":"#1"},"up":{"uv":[3.90625,0.59375,3.1875,0.5],"texture":"#1"},"down":{"uv":[1.5625,3.1875,0.84375,3.28125],"texture":"#1"}}},{"from":[-14,29.9,10],"to":[8,29.9,30],"faces":{"north":{"uv":[0,0,0.6875,0],"texture":"#1"},"east":{"uv":[0,0,0.625,0],"texture":"#1"},"south":{"uv":[0,0,0.6875,0],"texture":"#1"},"west":{"uv":[0,0,0.625,0],"texture":"#1"},"up":{"uv":[1.375,1.40625,0.6875,0.78125],"texture":"#1"},"down":{"uv":[1.375,0.78125,0.6875,1.40625],"texture":"#1"}}},{"from":[-15,20.9,-2],"to":[8,22.9,0],"faces":{"north":{"uv":[3.59375,2.78125,4.3125,2.84375],"texture":"#1"},"east":{"uv":[2.65625,4.21875,2.71875,4.28125],"texture":"#1"},"south":{"uv":[3.59375,2.84375,4.3125,2.90625],"texture":"#1"},"west":{"uv":[3.0625,4.21875,3.125,4.28125],"texture":"#1"},"up":{"uv":[4.3125,2.96875,3.59375,2.90625],"texture":"#1"},"down":{"uv":[3.6875,3.59375,2.96875,3.65625],"texture":"#1"}}},{"from":[-12,19.9,-1.9],"to":[-10,21.9,31.9],"faces":{"north":{"uv":[3.125,4.21875,3.1875,4.28125],"texture":"#1"},"east":{"uv":[3.125,1.40625,4.1875,1.46875],"texture":"#1"},"south":{"uv":[3.1875,4.21875,3.25,4.28125],"texture":"#1"},"west":{"uv":[0.5,3.375,1.5625,3.4375],"texture":"#1"},"up":{"uv":[1.625,3.875,1.5625,2.8125],"texture":"#1"},"down":{"uv":[1.6875,2.8125,1.625,3.875],"texture":"#1"}}},{"from":[-13,26.3,3.1],"to":[-12,28.3,32],"rotation":{"angle":45,"axis":"x","origin":[-11,20.9,9.05]},"faces":{"north":{"uv":[4.25,2.21875,4.28125,2.28125],"texture":"#1"},"east":{"uv":[3.375,1.78125,4.28125,1.84375],"texture":"#1"},"south":{"uv":[2.25,4.25,2.28125,4.3125],"texture":"#1"},"west":{"uv":[3.375,1.84375,4.28125,1.90625],"texture":"#1"},"up":{"uv":[1.71875,3.71875,1.6875,2.8125],"texture":"#1"},"down":{"uv":[1.5625,3.4375,1.53125,4.34375],"texture":"#1"}}},{"from":[-14,20,-5],"to":[8,20,8],"rotation":{"angle":-45,"axis":"x","origin":[-12.5,25,-7]},"faces":{"north":{"uv":[0,0,0.6875,0],"texture":"#1"},"east":{"uv":[0,0,0.40625,0],"texture":"#1"},"south":{"uv":[0,0,0.6875,0],"texture":"#1"},"west":{"uv":[0,0,0.40625,0],"texture":"#1"},"up":{"uv":[1.375,5.59375,0.6875,5.1875],"texture":"#1"},"down":{"uv":[1.375,5.1875,0.6875,5.59375],"texture":"#1"}}},{"from":[-14,15.87939,-2.05096],"to":[8,22.87939,-2.05096],"rotation":{"angle":0,"axis":"y","origin":[-12.5,16.37939,-2.05096]},"faces":{"north":{"uv":[0.6875,6.15625,1.375,6.375],"texture":"#1"},"east":{"uv":[0,0,0,0.21875],"texture":"#1"},"south":{"uv":[1.375,6.15625,0.6875,6.375],"texture":"#1"},"west":{"uv":[0,0,0,0.21875],"texture":"#1"},"up":{"uv":[0.6875,0,0,0],"texture":"#1"},"down":{"uv":[0.6875,0,0,0],"texture":"#1"}}},{"from":[-14,16,31.999],"to":[8,32,31.999],"rotation":{"angle":0,"axis":"y","origin":[-12.5,25.501,31.999]},"faces":{"north":{"uv":[1.375,5.625,0.6875,6.125],"texture":"#1"},"east":{"uv":[0,0,0,0.5],"texture":"#1"},"south":{"uv":[0.6875,5.625,1.375,6.125],"texture":"#1"},"west":{"uv":[0,0,0,0.5],"texture":"#1"},"up":{"uv":[0.6875,0,0,0],"texture":"#1"},"down":{"uv":[0.6875,0,0,0],"texture":"#1"}}},{"from":[-14,32,7],"to":[8,32,32],"rotation":{"angle":0,"axis":"y","origin":[-12.5,31.57077,7.14143]},"faces":{"north":{"uv":[0,0,0.6875,0],"texture":"#1"},"east":{"uv":[0,0,0.78125,0],"texture":"#1"},"south":{"uv":[0,0,0.6875,0],"texture":"#1"},"west":{"uv":[0,0,0.78125,0],"texture":"#1"},"up":{"uv":[1.375,5.15625,0.6875,4.375],"texture":"#1"},"down":{"uv":[1.375,4.375,0.6875,5.15625],"texture":"#1"}}},{"from":[-12,-2,-4],"to":[8,0,5],"faces":{"north":{"uv":[3.65625,2.40625,4.28125,2.46875],"texture":"#1"},"east":{"uv":[4.03125,1.09375,4.3125,1.15625],"texture":"#1"},"south":{"uv":[2.65625,3.65625,3.28125,3.71875],"texture":"#1"},"west":{"uv":[4.03125,1.15625,4.3125,1.21875],"texture":"#1"},"up":{"uv":[2.5,2.1875,1.875,1.90625],"texture":"#1"},"down":{"uv":[1.3125,2,0.6875,2.28125],"texture":"#1"}}},{"from":[-14,-16,-4],"to":[-12,0,15],"faces":{"north":{"uv":[2.5,3.6875,2.5625,4.1875],"texture":"#1"},"east":{"uv":[0.6875,1.40625,1.28125,1.90625],"texture":"#1"},"south":{"uv":[0.34375,3.71875,0.40625,4.21875],"texture":"#1"},"west":{"uv":[1.28125,1.5,1.875,2],"texture":"#1"},"up":{"uv":[3.34375,4.25,3.28125,3.65625],"texture":"#1"},"down":{"uv":[3.40625,3.65625,3.34375,4.25],"texture":"#1"}}}],"gui_light":"front","display":{"thirdperson_righthand":{"translation":[0,3,1],"scale":[0.3,0.3,0.3]},"thirdperson_lefthand":{"translation":[0,3,1],"scale":[0.3,0.3,0.3]},"firstperson_righthand":{"rotation":[-38,90,25],"translation":[1.5,3.75,4.5],"scale":[0.3,0.3,0.3]},"firstperson_lefthand":{"rotation":[-43,90,25],"translation":[0.75,3.2,4],"scale":[0.3,0.3,0.3]},"ground":{"translation":[0,6.5,0],"scale":[0.3,0.3,0.3]},"gui":{"rotation":[12,147,0],"translation":[-0.5,0,0],"scale":[0.2,0.2,0.2]},"fixed":{"rotation":[-90,0,0],"translation":[0,18.75,-48],"scale":[2,2,2]}}}