{"credit":"Made with Blockbench","texture_size":[64,64],"textures":{"0":"furnitures:rivrs/furnitures_color_3","particle":"furnitures:rivrs/furnitures_color_3"},"elements":[{"from":[0,-6,10],"to":[16,4,16],"faces":{"north":{"uv":[4.4375,2.40625,4.9375,2.71875],"texture":"#0"},"east":{"uv":[4.9375,2.78125,5.125,3.09375],"texture":"#0"},"south":{"uv":[4.4375,2.71875,4.9375,3.03125],"texture":"#0"},"west":{"uv":[4.4375,3.03125,4.625,3.34375],"texture":"#0"},"up":{"uv":[5.4375,2.59375,4.9375,2.40625],"texture":"#0"},"down":{"uv":[5.4375,2.59375,4.9375,2.78125],"texture":"#0"}}},{"from":[13,-11,15],"to":[15,-6,16],"faces":{"north":{"uv":[5,3.1875,5.0625,3.34375],"texture":"#0"},"east":{"uv":[4.59375,3.34375,4.625,3.5],"texture":"#0"},"south":{"uv":[5.0625,3.1875,5.125,3.34375],"texture":"#0"},"west":{"uv":[5.4375,2.40625,5.46875,2.5625],"texture":"#0"},"up":{"uv":[5.5,3.4375,5.4375,3.40625],"texture":"#0"},"down":{"uv":[5.53125,2.40625,5.46875,2.4375],"texture":"#0"}}},{"from":[1,-11,15],"to":[3,-6,16],"faces":{"north":{"uv":[5,3.34375,5.0625,3.5],"texture":"#0"},"east":{"uv":[5.4375,2.5625,5.46875,2.71875],"texture":"#0"},"south":{"uv":[5.0625,3.34375,5.125,3.5],"texture":"#0"},"west":{"uv":[5.40625,3.40625,5.4375,3.5625],"texture":"#0"},"up":{"uv":[5.53125,2.46875,5.46875,2.4375],"texture":"#0"},"down":{"uv":[5.53125,2.46875,5.46875,2.5],"texture":"#0"}}},{"from":[2,-11,10],"to":[2,-6,15],"faces":{"north":{"uv":[4.4375,2.40625,4.4375,2.5625],"texture":"#0"},"east":{"uv":[5.25,3.125,5.40625,3.28125],"texture":"#0"},"south":{"uv":[4.4375,2.40625,4.4375,2.5625],"texture":"#0"},"west":{"uv":[5.25,3.28125,5.40625,3.4375],"texture":"#0"},"up":{"uv":[4.4375,2.5625,4.4375,2.40625],"texture":"#0"},"down":{"uv":[4.4375,2.40625,4.4375,2.5625],"texture":"#0"}}},{"from":[14,-11,10],"to":[14,-6,15],"rotation":{"angle":0,"axis":"y","origin":[16,0,0]},"faces":{"north":{"uv":[4.4375,2.40625,4.4375,2.5625],"texture":"#0"},"east":{"uv":[5.40625,3.28125,5.25,3.4375],"texture":"#0"},"south":{"uv":[4.4375,2.40625,4.4375,2.5625],"texture":"#0"},"west":{"uv":[5.40625,3.125,5.25,3.28125],"texture":"#0"},"up":{"uv":[4.4375,2.5625,4.4375,2.40625],"texture":"#0"},"down":{"uv":[4.4375,2.40625,4.4375,2.5625],"texture":"#0"}}},{"from":[0,27,14],"to":[16,29,16],"faces":{"north":{"uv":[5.25,2.875,5.75,2.9375],"texture":"#0"},"east":{"uv":[4.625,3.03125,4.6875,3.09375],"texture":"#0"},"south":{"uv":[5.25,2.9375,5.75,3],"texture":"#0"},"west":{"uv":[4.6875,3.03125,4.75,3.09375],"texture":"#0"},"up":{"uv":[5.75,3.0625,5.25,3],"texture":"#0"},"down":{"uv":[5.75,3.0625,5.25,3.125],"texture":"#0"}}},{"from":[2,4,15.75],"to":[14,27,15.75],"faces":{"north":{"uv":[5.8125,3.46875,6.3125,4.40625],"texture":"#0"},"east":{"uv":[4.625,3.03125,4.6875,3.09375],"texture":"#0"},"south":{"uv":[5.8125,3.46875,6.3125,4.40625],"texture":"#0"},"west":{"uv":[4.6875,3.03125,4.75,3.09375],"texture":"#0"},"up":{"uv":[5.75,3.0625,5.25,3],"texture":"#0"},"down":{"uv":[5.75,3.0625,5.25,3.125],"texture":"#0"}}},{"from":[2,4,15],"to":[14,6,15],"faces":{"north":{"uv":[5.40625,3.28125,5.78125,3.34375],"texture":"#0"},"east":{"uv":[4.4375,2.40625,4.4375,2.46875],"texture":"#0"},"south":{"uv":[5.40625,3.34375,5.78125,3.40625],"texture":"#0"},"west":{"uv":[4.4375,2.40625,4.4375,2.46875],"texture":"#0"},"up":{"uv":[4.8125,2.40625,4.4375,2.40625],"texture":"#0"},"down":{"uv":[4.8125,2.40625,4.4375,2.40625],"texture":"#0"}}},{"from":[0,29,14],"to":[16,32,14],"faces":{"north":{"uv":[4.625,3.09375,5.125,3.1875],"texture":"#0"},"east":{"uv":[4.4375,2.40625,4.4375,2.5],"texture":"#0"},"south":{"uv":[4.625,3.09375,5.125,3.1875],"texture":"#0"},"west":{"uv":[4.4375,2.40625,4.4375,2.5],"texture":"#0"},"up":{"uv":[4.9375,2.40625,4.4375,2.40625],"texture":"#0"},"down":{"uv":[4.9375,2.40625,4.4375,2.40625],"texture":"#0"}}},{"from":[14,4,14],"to":[16,27,16],"faces":{"north":{"uv":[5.125,2.875,5.1875,3.59375],"texture":"#0"},"east":{"uv":[5.1875,2.875,5.25,3.59375],"texture":"#0"},"south":{"uv":[4.625,3.1875,4.6875,3.90625],"texture":"#0"},"west":{"uv":[4.6875,3.1875,4.75,3.90625],"texture":"#0"},"up":{"uv":[4.8125,3.09375,4.75,3.03125],"texture":"#0"},"down":{"uv":[4.875,3.03125,4.8125,3.09375],"texture":"#0"}}},{"from":[0,4,14],"to":[2,27,16],"faces":{"north":{"uv":[4.75,3.1875,4.8125,3.90625],"texture":"#0"},"east":{"uv":[4.8125,3.1875,4.875,3.90625],"texture":"#0"},"south":{"uv":[4.875,3.1875,4.9375,3.90625],"texture":"#0"},"west":{"uv":[4.9375,3.1875,5,3.90625],"texture":"#0"},"up":{"uv":[4.9375,3.09375,4.875,3.03125],"texture":"#0"},"down":{"uv":[5.5,2.71875,5.4375,2.78125],"texture":"#0"}}}],"gui_light":"front","display":{"thirdperson_righthand":{"scale":[0.3,0.31,0.33]},"thirdperson_lefthand":{"scale":[0.3,0.31,0.33]},"firstperson_righthand":{"rotation":[0,180,0],"translation":[7,1.75,0],"scale":[0.3,0.31,0.33]},"firstperson_lefthand":{"rotation":[0,180,0],"translation":[7,1.75,0],"scale":[0.3,0.31,0.33]},"ground":{"translation":[0,6.5,0],"scale":[0.5,0.5,0.5]},"gui":{"rotation":[10,156,0],"translation":[-1.25,-1,0],"scale":[0.35,0.35,0.35]},"head":{"translation":[0,-7.25,-22.5],"scale":[2,2,2]},"fixed":{"translation":[0,24.25,-16],"scale":[2,2,2]}}}