{"credit":"Made with Blockbench","texture_size":[32,32],"textures":{"0":"furnitures:rivrs/furnitures_color_3","particle":"furnitures:rivrs/furnitures_color_3"},"elements":[{"from":[4,3,12],"to":[12,9,13],"rotation":{"angle":22.5,"axis":"x","origin":[8,6.25,11.75]},"faces":{"north":{"uv":[11.125,2.71875,11.375,2.90625],"texture":"#0"},"east":{"uv":[10.96875,3.09375,11,3.28125],"texture":"#0"},"south":{"uv":[11.125,2.90625,11.375,3.09375],"texture":"#0"},"west":{"uv":[11.4375,3.125,11.46875,3.3125],"texture":"#0"},"up":{"uv":[11.6875,2.6875,11.4375,2.65625],"texture":"#0"},"down":{"uv":[11.6875,2.6875,11.4375,2.71875],"texture":"#0"}}},{"from":[2,2,10],"to":[14,11,12],"rotation":{"angle":22.5,"axis":"x","origin":[8,6.25,11.75]},"faces":{"north":{"uv":[10.75,2.40625,11.125,2.6875],"texture":"#0"},"east":{"uv":[11,2.96875,11.0625,3.25],"texture":"#0"},"south":{"uv":[10.75,2.6875,11.125,2.96875],"texture":"#0"},"west":{"uv":[11.0625,2.96875,11.125,3.25],"texture":"#0"},"up":{"uv":[11.75,2.90625,11.375,2.84375],"texture":"#0"},"down":{"uv":[11.75,2.90625,11.375,2.96875],"texture":"#0"}}},{"from":[4,0,10.5],"to":[12,1,14.5],"faces":{"north":{"uv":[11.1875,3.09375,11.4375,3.125],"texture":"#0"},"east":{"uv":[11.5,2.4375,11.625,2.46875],"texture":"#0"},"south":{"uv":[11.4375,3.09375,11.6875,3.125],"texture":"#0"},"west":{"uv":[11.5,2.46875,11.625,2.5],"texture":"#0"},"up":{"uv":[11,3.09375,10.75,2.96875],"texture":"#0"},"down":{"uv":[11.625,2.71875,11.375,2.84375],"texture":"#0"}}},{"from":[4,0,2],"to":[14,1,7],"faces":{"north":{"uv":[11.4375,2.59375,11.75,2.625],"texture":"#0"},"east":{"uv":[11.46875,3.125,11.625,3.15625],"texture":"#0"},"south":{"uv":[11.4375,2.625,11.75,2.65625],"texture":"#0"},"west":{"uv":[11.5,2.40625,11.65625,2.4375],"texture":"#0"},"up":{"uv":[11.4375,2.5625,11.125,2.40625],"texture":"#0"},"down":{"uv":[11.4375,2.5625,11.125,2.71875],"texture":"#0"}}},{"from":[0,0,3],"to":[3,2,7],"faces":{"north":{"uv":[11.46875,2.96875,11.5625,3.03125],"texture":"#0"},"east":{"uv":[11.1875,3.125,11.3125,3.1875],"texture":"#0"},"south":{"uv":[11.46875,3.03125,11.5625,3.09375],"texture":"#0"},"west":{"uv":[11.3125,3.125,11.4375,3.1875],"texture":"#0"},"up":{"uv":[11.46875,3.09375,11.375,2.96875],"texture":"#0"},"down":{"uv":[10.84375,3.09375,10.75,3.21875],"texture":"#0"}}},{"from":[7,1,12],"to":[9,7,14],"faces":{"north":{"uv":[11.4375,2.40625,11.5,2.59375],"texture":"#0"},"east":{"uv":[10.84375,3.09375,10.90625,3.28125],"texture":"#0"},"south":{"uv":[10.90625,3.09375,10.96875,3.28125],"texture":"#0"},"west":{"uv":[11.125,3.09375,11.1875,3.28125],"texture":"#0"},"up":{"uv":[11.5625,2.5625,11.5,2.5],"texture":"#0"},"down":{"uv":[11.53125,3.15625,11.46875,3.21875],"texture":"#0"}}}],"gui_light":"front","display":{"thirdperson_righthand":{"rotation":[75,45,0],"translation":[0,2.5,0],"scale":[0.375,0.375,0.375]},"thirdperson_lefthand":{"rotation":[75,45,0],"translation":[0,2.5,0],"scale":[0.375,0.375,0.375]},"firstperson_righthand":{"rotation":[0,180,0],"translation":[2.63,3.2,2.63],"scale":[0.68,0.68,0.68]},"firstperson_lefthand":{"rotation":[0,180,0],"translation":[2.63,3.2,2.63],"scale":[0.68,0.68,0.68]},"ground":{"translation":[0,2,0],"scale":[0.5,0.5,0.5]},"gui":{"rotation":[18,171,1],"translation":[0,1.75,0],"scale":[0.91,0.92,0.9]},"head":{"translation":[0,14.25,0]},"fixed":{"rotation":[-90,0,0],"translation":[0,0,-15.25],"scale":[2,2,2]}}}