{"credit":"Made with Blockbench","texture_size":[128,128],"textures":{"2":"furnitures:rivrs/furnitures_color_2"},"elements":[{"from":[-3,-16,-11],"to":[8,-12,8],"rotation":{"angle":0,"axis":"y","origin":[1,0,0]},"faces":{"north":{"uv":[2.875,6.875,4.25,7.375],"texture":"#2"},"east":{"uv":[6.125,4,8.5,4.5],"texture":"#2"},"south":{"uv":[4.25,7.25,5.625,7.75],"texture":"#2"},"west":{"uv":[6.125,4.5,8.5,5],"texture":"#2"},"up":{"uv":[4.125,5.125,2.75,2.75],"texture":"#2"},"down":{"uv":[5.375,0,4,2.375],"texture":"#2"}}},{"from":[-5,-12,-13],"to":[-3,-2,-2],"rotation":{"angle":0,"axis":"y","origin":[1,0,0]},"faces":{"north":{"uv":[0,7.625,0.25,8.875],"texture":"#2"},"east":{"uv":[4.75,5.125,6.125,6.375],"texture":"#2"},"south":{"uv":[0.25,7.625,0.5,8.875],"texture":"#2"},"west":{"uv":[5.375,0,6.75,1.25],"texture":"#2"},"up":{"uv":[4.25,8.75,4,7.375],"texture":"#2"},"down":{"uv":[7.75,2.25,7.5,3.625],"texture":"#2"}}},{"from":[-4,-2,-11],"to":[-3,17,-9],"rotation":{"angle":0,"axis":"y","origin":[1,0,0]},"faces":{"north":{"uv":[3.875,7.625,4,10],"texture":"#2"},"east":{"uv":[1.25,7.375,1.5,9.75],"texture":"#2"},"south":{"uv":[4.25,7.75,4.375,10.125],"texture":"#2"},"west":{"uv":[1.5,7.375,1.75,9.75],"texture":"#2"},"up":{"uv":[4.125,2.625,4,2.375],"texture":"#2"},"down":{"uv":[6.125,6.375,6,6.625],"texture":"#2"}}},{"from":[-3.25,5.1,-10.3],"to":[-3.25,20.1,-8.3],"rotation":{"angle":45,"axis":"x","origin":[-2.5,7.5,-7]},"faces":{"north":{"uv":[0,0,0,1.875],"texture":"#2"},"east":{"uv":[1.75,7.375,2,9.25],"texture":"#2"},"south":{"uv":[0,0,0,1.875],"texture":"#2"},"west":{"uv":[2,7.375,2.25,9.25],"texture":"#2"},"up":{"uv":[0,0.25,0,0],"texture":"#2"},"down":{"uv":[0,0,0,0.25],"texture":"#2"}}},{"from":[-3,-8,-11],"to":[8,-6,-4],"rotation":{"angle":0,"axis":"y","origin":[1,0,0]},"faces":{"north":{"uv":[7.375,6.5,8.75,6.75],"texture":"#2"},"east":{"uv":[7.75,2.5,8.625,2.75],"texture":"#2"},"south":{"uv":[7.5,3.625,8.875,3.875],"texture":"#2"},"west":{"uv":[7.75,2.75,8.625,3],"texture":"#2"},"up":{"uv":[7.5,3.125,6.125,2.25],"texture":"#2"},"down":{"uv":[7.5,3.125,6.125,4],"texture":"#2"}}},{"from":[-5,-2,-13],"to":[-5,2,-2],"rotation":{"angle":0,"axis":"y","origin":[1,0,0]},"faces":{"north":{"uv":[0,0,0,0.5],"texture":"#2"},"east":{"uv":[8.375,7.25,7,7.75],"texture":"#2"},"south":{"uv":[0,0,0,0.5],"texture":"#2"},"west":{"uv":[7,7.25,8.375,7.75],"texture":"#2"},"up":{"uv":[0,1.375,0,0],"texture":"#2"},"down":{"uv":[0,0,0,1.375],"texture":"#2"}}},{"from":[-5,-5,-2],"to":[-5,2,8],"rotation":{"angle":0,"axis":"y","origin":[1,0,0]},"faces":{"north":{"uv":[0,0,0,0.875],"texture":"#2"},"east":{"uv":[7.375,5.875,6.125,6.75],"texture":"#2"},"south":{"uv":[0,0,0,0.875],"texture":"#2"},"west":{"uv":[6.125,5.875,7.375,6.75],"texture":"#2"},"up":{"uv":[0,1.25,0,0],"texture":"#2"},"down":{"uv":[0,0,0,1.25],"texture":"#2"}}},{"from":[-5,-2,-13],"to":[8,2,-13],"rotation":{"angle":0,"axis":"y","origin":[1,0,0]},"faces":{"north":{"uv":[6,6.75,7.625,7.25],"texture":"#2"},"east":{"uv":[0,0,0,0.5],"texture":"#2"},"south":{"uv":[7.625,6.75,6,7.25],"texture":"#2"},"west":{"uv":[0,0,0,0.5],"texture":"#2"},"up":{"uv":[1.625,0,0,0],"texture":"#2"},"down":{"uv":[1.625,0,0,0],"texture":"#2"}}},{"from":[-5,-12,-2],"to":[-3,-5,8],"rotation":{"angle":0,"axis":"y","origin":[1,0,0]},"faces":{"north":{"uv":[4.375,7.75,4.625,8.625],"texture":"#2"},"east":{"uv":[4.75,6.375,6,7.25],"texture":"#2"},"south":{"uv":[4.625,7.75,4.875,8.625],"texture":"#2"},"west":{"uv":[0,6.75,1.25,7.625],"texture":"#2"},"up":{"uv":[0.75,8.875,0.5,7.625],"texture":"#2"},"down":{"uv":[1,7.625,0.75,8.875],"texture":"#2"}}},{"from":[-3,-12,-13],"to":[8,-2,-11],"rotation":{"angle":0,"axis":"y","origin":[1,0,0]},"faces":{"north":{"uv":[0,5.5,1.375,6.75],"texture":"#2"},"east":{"uv":[1,7.625,1.25,8.875],"texture":"#2"},"south":{"uv":[1.375,5.5,2.75,6.75],"texture":"#2"},"west":{"uv":[3.625,7.625,3.875,8.875],"texture":"#2"},"up":{"uv":[3.625,7.875,2.25,7.625],"texture":"#2"},"down":{"uv":[9,6.75,7.625,7],"texture":"#2"}}},{"from":[-8.00071,13.1865,-13.81421],"to":[-8.00071,17.1865,8.18579],"rotation":{"angle":0,"axis":"y","origin":[0.99929,-1.8135,1.37158]},"faces":{"north":{"uv":[0,0,0,0.5],"texture":"#2"},"east":{"uv":[8.125,1.75,5.375,2.25],"texture":"#2"},"south":{"uv":[0,0,0,0.5],"texture":"#2"},"west":{"uv":[5.375,1.75,8.125,2.25],"texture":"#2"},"up":{"uv":[0,2.75,0,0],"texture":"#2"},"down":{"uv":[0,0,0,2.75],"texture":"#2"}}},{"from":[-8.00071,17.1865,-13.81421],"to":[7.99929,17.1865,8.18579],"rotation":{"angle":0,"axis":"y","origin":[0.99929,-1.8135,1.37158]},"faces":{"north":{"uv":[0,0,2,0],"texture":"#2"},"east":{"uv":[0,0,2.75,0],"texture":"#2"},"south":{"uv":[0,0,2,0],"texture":"#2"},"west":{"uv":[0,0,2.75,0],"texture":"#2"},"up":{"uv":[4,2.75,2,0],"texture":"#2"},"down":{"uv":[4,0,2,2.75],"texture":"#2"}}},{"from":[-8.00071,13.1865,-13.81421],"to":[7.99929,17.1865,-13.81421],"rotation":{"angle":0,"axis":"y","origin":[0.99929,-1.8135,1.37158]},"faces":{"north":{"uv":[6.75,0,8.75,0.5],"texture":"#2"},"east":{"uv":[0,0,0,0.5],"texture":"#2"},"south":{"uv":[8.75,0,6.75,0.5],"texture":"#2"},"west":{"uv":[0,0,0,0.5],"texture":"#2"},"up":{"uv":[2,0,0,0],"texture":"#2"},"down":{"uv":[2,0,0,0],"texture":"#2"}}},{"from":[-0.25,24,-6],"to":[8,26,8],"rotation":{"angle":0,"axis":"y","origin":[1,-1,0]},"faces":{"north":{"uv":[7.625,7,8.625,7.25],"texture":"#2"},"east":{"uv":[6.75,1,8.5,1.25],"texture":"#2"},"south":{"uv":[7.75,2.25,8.75,2.5],"texture":"#2"},"west":{"uv":[2.25,7.375,4,7.625],"texture":"#2"},"up":{"uv":[3.75,6.875,2.75,5.125],"texture":"#2"},"down":{"uv":[4.75,5.125,3.75,6.875],"texture":"#2"}}},{"from":[7,26,4],"to":[8,32,8],"rotation":{"angle":0,"axis":"y","origin":[1,-1,0]},"faces":{"north":{"uv":[4.875,7.75,5,8.5],"texture":"#2"},"east":{"uv":[7.375,5,7.875,5.75],"texture":"#2"},"south":{"uv":[5,7.75,5.125,8.5],"texture":"#2"},"west":{"uv":[7.375,5.75,7.875,6.5],"texture":"#2"},"up":{"uv":[7.875,3.5,7.75,3],"texture":"#2"},"down":{"uv":[5.25,7.75,5.125,8.25],"texture":"#2"}}},{"from":[-8,20.79269,-15.25686],"to":[8,20.79269,-4.25686],"rotation":{"angle":-45,"axis":"x","origin":[4.5,20.79269,-10.2059]},"faces":{"north":{"uv":[0,0,2,0],"texture":"#2"},"east":{"uv":[0,0,1.375,0],"texture":"#2"},"south":{"uv":[0,0,2,0],"texture":"#2"},"west":{"uv":[0,0,1.375,0],"texture":"#2"},"up":{"uv":[6.125,3.75,4.125,2.375],"texture":"#2"},"down":{"uv":[6.125,2.375,4.125,3.75],"texture":"#2"}}},{"from":[-12.64508,20.4,-13.81421],"to":[-1.64508,20.4,8.18579],"rotation":{"angle":45,"axis":"z","origin":[-6.44265,24.4,16.18579]},"faces":{"north":{"uv":[0,0,1.375,0],"texture":"#2"},"east":{"uv":[0,0,2.75,0],"texture":"#2"},"south":{"uv":[0,0,1.375,0],"texture":"#2"},"west":{"uv":[0,0,2.75,0],"texture":"#2"},"up":{"uv":[1.375,5.5,0,2.75],"texture":"#2"},"down":{"uv":[1.375,2.75,0,5.5],"texture":"#2"}}},{"from":[-3,-16,8],"to":[8,-12,27],"rotation":{"angle":0,"axis":"y","origin":[1,0,16]},"faces":{"north":{"uv":[5.625,7.25,4.25,7.75],"texture":"#2"},"east":{"uv":[8.5,4,6.125,4.5],"texture":"#2"},"south":{"uv":[4.25,6.875,2.875,7.375],"texture":"#2"},"west":{"uv":[8.5,4.5,6.125,5],"texture":"#2"},"up":{"uv":[4.125,2.75,2.75,5.125],"texture":"#2"},"down":{"uv":[5.375,2.375,4,0],"texture":"#2"}}},{"from":[-5,-12,18],"to":[-3,-2,29],"rotation":{"angle":0,"axis":"y","origin":[1,0,16]},"faces":{"north":{"uv":[0.5,7.625,0.25,8.875],"texture":"#2"},"east":{"uv":[6.125,5.125,4.75,6.375],"texture":"#2"},"south":{"uv":[0.25,7.625,0,8.875],"texture":"#2"},"west":{"uv":[6.75,0,5.375,1.25],"texture":"#2"},"up":{"uv":[4.25,7.375,4,8.75],"texture":"#2"},"down":{"uv":[7.75,3.625,7.5,2.25],"texture":"#2"}}},{"from":[-4,-2,25],"to":[-3,17,27],"rotation":{"angle":0,"axis":"y","origin":[1,0,16]},"faces":{"north":{"uv":[4.375,7.75,4.25,10.125],"texture":"#2"},"east":{"uv":[1.5,7.375,1.25,9.75],"texture":"#2"},"south":{"uv":[4,7.625,3.875,10],"texture":"#2"},"west":{"uv":[1.75,7.375,1.5,9.75],"texture":"#2"},"up":{"uv":[4.125,2.375,4,2.625],"texture":"#2"},"down":{"uv":[6.125,6.625,6,6.375],"texture":"#2"}}},{"from":[-3.25,5.1,24.3],"to":[-3.25,20.1,26.3],"rotation":{"angle":-45,"axis":"x","origin":[-2.5,7.5,23]},"faces":{"north":{"uv":[0,0,0,1.875],"texture":"#2"},"east":{"uv":[2,7.375,1.75,9.25],"texture":"#2"},"south":{"uv":[0,0,0,1.875],"texture":"#2"},"west":{"uv":[2.25,7.375,2,9.25],"texture":"#2"},"up":{"uv":[0,0,0,0.25],"texture":"#2"},"down":{"uv":[0,0.25,0,0],"texture":"#2"}}},{"from":[-3,-8,20],"to":[8,-6,27],"rotation":{"angle":0,"axis":"y","origin":[1,0,16]},"faces":{"north":{"uv":[8.875,3.625,7.5,3.875],"texture":"#2"},"east":{"uv":[8.625,2.5,7.75,2.75],"texture":"#2"},"south":{"uv":[8.75,6.5,7.375,6.75],"texture":"#2"},"west":{"uv":[8.625,2.75,7.75,3],"texture":"#2"},"up":{"uv":[7.5,2.25,6.125,3.125],"texture":"#2"},"down":{"uv":[7.5,4,6.125,3.125],"texture":"#2"}}},{"from":[-5,-2,18],"to":[-5,2,29],"rotation":{"angle":0,"axis":"y","origin":[1,0,16]},"faces":{"north":{"uv":[0,0,0,0.5],"texture":"#2"},"east":{"uv":[7,7.25,8.375,7.75],"texture":"#2"},"south":{"uv":[0,0,0,0.5],"texture":"#2"},"west":{"uv":[8.375,7.25,7,7.75],"texture":"#2"},"up":{"uv":[0,0,0,1.375],"texture":"#2"},"down":{"uv":[0,1.375,0,0],"texture":"#2"}}},{"from":[-5,-5,8],"to":[-5,2,18],"rotation":{"angle":0,"axis":"y","origin":[1,0,16]},"faces":{"north":{"uv":[0,0,0,0.875],"texture":"#2"},"east":{"uv":[6.125,5.875,7.375,6.75],"texture":"#2"},"south":{"uv":[0,0,0,0.875],"texture":"#2"},"west":{"uv":[7.375,5.875,6.125,6.75],"texture":"#2"},"up":{"uv":[0,0,0,1.25],"texture":"#2"},"down":{"uv":[0,1.25,0,0],"texture":"#2"}}},{"from":[-5,-2,29],"to":[8,2,29],"rotation":{"angle":0,"axis":"y","origin":[1,0,16]},"faces":{"north":{"uv":[6,6.75,7.625,7.25],"texture":"#2"},"east":{"uv":[0,0,0,0.5],"texture":"#2"},"south":{"uv":[7.625,6.75,6,7.25],"texture":"#2"},"west":{"uv":[0,0,0,0.5],"texture":"#2"},"up":{"uv":[1.625,0,0,0],"texture":"#2"},"down":{"uv":[1.625,0,0,0],"texture":"#2"}}},{"from":[-5,-12,8],"to":[-3,-5,18],"rotation":{"angle":0,"axis":"y","origin":[1,0,16]},"faces":{"north":{"uv":[4.875,7.75,4.625,8.625],"texture":"#2"},"east":{"uv":[6,6.375,4.75,7.25],"texture":"#2"},"south":{"uv":[4.625,7.75,4.375,8.625],"texture":"#2"},"west":{"uv":[1.25,6.75,0,7.625],"texture":"#2"},"up":{"uv":[0.75,7.625,0.5,8.875],"texture":"#2"},"down":{"uv":[1,8.875,0.75,7.625],"texture":"#2"}}},{"from":[-3,-12,27],"to":[8,-2,29],"rotation":{"angle":0,"axis":"y","origin":[1,0,16]},"faces":{"north":{"uv":[2.75,5.5,1.375,6.75],"texture":"#2"},"east":{"uv":[1.25,7.625,1,8.875],"texture":"#2"},"south":{"uv":[1.375,5.5,0,6.75],"texture":"#2"},"west":{"uv":[3.875,7.625,3.625,8.875],"texture":"#2"},"up":{"uv":[3.625,7.625,2.25,7.875],"texture":"#2"},"down":{"uv":[9,7,7.625,6.75],"texture":"#2"}}},{"from":[-8.00071,13.1865,7.81421],"to":[-8.00071,17.1865,29.81421],"rotation":{"angle":0,"axis":"y","origin":[0.99929,-1.8135,14.62842]},"faces":{"north":{"uv":[0,0,0,0.5],"texture":"#2"},"east":{"uv":[5.25,1.75,8.125,2.25],"texture":"#2"},"south":{"uv":[0,0,0,0.5],"texture":"#2"},"west":{"uv":[8.125,1.75,5.375,2.25],"texture":"#2"},"up":{"uv":[0,0,0,2.75],"texture":"#2"},"down":{"uv":[0,2.75,0,0],"texture":"#2"}}},{"from":[-8.00071,17.1865,7.81421],"to":[7.99929,17.1865,29.81421],"rotation":{"angle":0,"axis":"y","origin":[0.99929,-1.8135,14.62842]},"faces":{"north":{"uv":[2,0,0,0],"texture":"#2"},"east":{"uv":[2.75,0,0,0],"texture":"#2"},"south":{"uv":[2,0,0,0],"texture":"#2"},"west":{"uv":[2.75,0,0,0],"texture":"#2"},"up":{"uv":[4,0,2,2.75],"texture":"#2"},"down":{"uv":[4,2.75,2,0],"texture":"#2"}}},{"from":[-8.00071,13.1865,29.81421],"to":[7.99929,17.1865,29.81421],"rotation":{"angle":0,"axis":"y","origin":[0.99929,-1.8135,14.62842]},"faces":{"north":{"uv":[6.75,0,8.75,0.5],"texture":"#2"},"east":{"uv":[0,0,0,0.5],"texture":"#2"},"south":{"uv":[8.75,0,6.75,0.5],"texture":"#2"},"west":{"uv":[0,0,0,0.5],"texture":"#2"},"up":{"uv":[2,0,0,0],"texture":"#2"},"down":{"uv":[2,0,0,0],"texture":"#2"}}},{"from":[-0.25,24,8],"to":[8,26,22],"rotation":{"angle":0,"axis":"y","origin":[1,-1,16]},"faces":{"north":{"uv":[8.75,2.25,7.75,2.5],"texture":"#2"},"east":{"uv":[8.5,1,6.75,1.25],"texture":"#2"},"south":{"uv":[8.625,7,7.625,7.25],"texture":"#2"},"west":{"uv":[4,7.375,2.25,7.625],"texture":"#2"},"up":{"uv":[3.75,5.125,2.75,6.875],"texture":"#2"},"down":{"uv":[4.75,6.875,3.75,5.125],"texture":"#2"}}},{"from":[7,26,8],"to":[8,32,12],"rotation":{"angle":0,"axis":"y","origin":[1,-1,16]},"faces":{"north":{"uv":[5.125,7.75,5,8.5],"texture":"#2"},"east":{"uv":[7.875,5,7.375,5.75],"texture":"#2"},"south":{"uv":[5,7.75,4.875,8.5],"texture":"#2"},"west":{"uv":[7.875,5.75,7.375,6.5],"texture":"#2"},"up":{"uv":[7.875,3,7.75,3.5],"texture":"#2"},"down":{"uv":[5.25,8.25,5.125,7.75],"texture":"#2"}}},{"from":[-8,20.79269,20.25686],"to":[8,20.79269,31.25686],"rotation":{"angle":45,"axis":"x","origin":[4.5,20.79269,26.2059]},"faces":{"north":{"uv":[2,0,0,0],"texture":"#2"},"east":{"uv":[1.375,0,0,0],"texture":"#2"},"south":{"uv":[2,0,0,0],"texture":"#2"},"west":{"uv":[1.375,0,0,0],"texture":"#2"},"up":{"uv":[6.125,2.375,4.125,3.75],"texture":"#2"},"down":{"uv":[6.125,3.75,4.125,2.375],"texture":"#2"}}},{"from":[-12.64508,20.4,7.81421],"to":[-1.64508,20.4,29.81421],"rotation":{"angle":45,"axis":"z","origin":[-6.44265,24.4,-0.18579]},"faces":{"north":{"uv":[1.375,0,0,0],"texture":"#2"},"east":{"uv":[2.75,0,0,0],"texture":"#2"},"south":{"uv":[1.375,0,0,0],"texture":"#2"},"west":{"uv":[2.75,0,0,0],"texture":"#2"},"up":{"uv":[1.375,2.75,0,5.5],"texture":"#2"},"down":{"uv":[1.375,5.5,0,2.75],"texture":"#2"}}},{"from":[8,-16,8],"to":[19,-12,27],"rotation":{"angle":0,"axis":"y","origin":[15,0,16]},"faces":{"north":{"uv":[4.25,7.25,5.625,7.75],"texture":"#2"},"east":{"uv":[6.125,4.5,8.5,5],"texture":"#2"},"south":{"uv":[2.875,6.875,4.25,7.375],"texture":"#2"},"west":{"uv":[6.125,4,8.5,4.5],"texture":"#2"},"up":{"uv":[2.75,2.75,4.125,5.125],"texture":"#2"},"down":{"uv":[4,2.375,5.375,0],"texture":"#2"}}},{"from":[19,-12,18],"to":[21,-2,29],"rotation":{"angle":0,"axis":"y","origin":[15,0,16]},"faces":{"north":{"uv":[0.25,7.625,0.5,8.875],"texture":"#2"},"east":{"uv":[5.375,0,6.75,1.25],"texture":"#2"},"south":{"uv":[0,7.625,0.25,8.875],"texture":"#2"},"west":{"uv":[4.75,5.125,6.125,6.375],"texture":"#2"},"up":{"uv":[4,7.375,4.25,8.75],"texture":"#2"},"down":{"uv":[7.5,3.625,7.75,2.25],"texture":"#2"}}},{"from":[19,-2,25],"to":[20,17,27],"rotation":{"angle":0,"axis":"y","origin":[15,0,16]},"faces":{"north":{"uv":[4.25,7.75,4.375,10.125],"texture":"#2"},"east":{"uv":[1.5,7.375,1.75,9.75],"texture":"#2"},"south":{"uv":[3.875,7.625,4,10],"texture":"#2"},"west":{"uv":[1.25,7.375,1.5,9.75],"texture":"#2"},"up":{"uv":[4,2.375,4.125,2.625],"texture":"#2"},"down":{"uv":[6,6.625,6.125,6.375],"texture":"#2"}}},{"from":[19.25,5.1,24.3],"to":[19.25,20.1,26.3],"rotation":{"angle":-45,"axis":"x","origin":[18.5,7.5,23]},"faces":{"north":{"uv":[0,0,0,1.875],"texture":"#2"},"east":{"uv":[2,7.375,2.25,9.25],"texture":"#2"},"south":{"uv":[0,0,0,1.875],"texture":"#2"},"west":{"uv":[1.75,7.375,2,9.25],"texture":"#2"},"up":{"uv":[0,0,0,0.25],"texture":"#2"},"down":{"uv":[0,0.25,0,0],"texture":"#2"}}},{"from":[8,-8,20],"to":[19,-6,27],"rotation":{"angle":0,"axis":"y","origin":[15,0,16]},"faces":{"north":{"uv":[7.5,3.625,8.875,3.875],"texture":"#2"},"east":{"uv":[7.75,2.75,8.625,3],"texture":"#2"},"south":{"uv":[7.375,6.5,8.75,6.75],"texture":"#2"},"west":{"uv":[7.75,2.5,8.625,2.75],"texture":"#2"},"up":{"uv":[6.125,2.25,7.5,3.125],"texture":"#2"},"down":{"uv":[6.125,4,7.5,3.125],"texture":"#2"}}},{"from":[21,-2,18],"to":[21,2,29],"rotation":{"angle":0,"axis":"y","origin":[15,0,16]},"faces":{"north":{"uv":[0,0,0,0.5],"texture":"#2"},"east":{"uv":[7,7.25,8.375,7.75],"texture":"#2"},"south":{"uv":[0,0,0,0.5],"texture":"#2"},"west":{"uv":[8.375,7.25,7,7.75],"texture":"#2"},"up":{"uv":[0,0,0,1.375],"texture":"#2"},"down":{"uv":[0,1.375,0,0],"texture":"#2"}}},{"from":[21,-5,8],"to":[21,2,18],"rotation":{"angle":0,"axis":"y","origin":[15,0,16]},"faces":{"north":{"uv":[0,0,0,0.875],"texture":"#2"},"east":{"uv":[6.125,5.875,7.375,6.75],"texture":"#2"},"south":{"uv":[0,0,0,0.875],"texture":"#2"},"west":{"uv":[7.375,5.875,6.125,6.75],"texture":"#2"},"up":{"uv":[0,0,0,1.25],"texture":"#2"},"down":{"uv":[0,1.25,0,0],"texture":"#2"}}},{"from":[8,-2,29],"to":[21,2,29],"rotation":{"angle":0,"axis":"y","origin":[15,0,16]},"faces":{"north":{"uv":[7.625,6.75,6,7.25],"texture":"#2"},"east":{"uv":[0,0,0,0.5],"texture":"#2"},"south":{"uv":[6,6.75,7.625,7.25],"texture":"#2"},"west":{"uv":[0,0,0,0.5],"texture":"#2"},"up":{"uv":[0,0,1.625,0],"texture":"#2"},"down":{"uv":[0,0,1.625,0],"texture":"#2"}}},{"from":[19,-12,8],"to":[21,-5,18],"rotation":{"angle":0,"axis":"y","origin":[15,0,16]},"faces":{"north":{"uv":[4.625,7.75,4.875,8.625],"texture":"#2"},"east":{"uv":[0,6.75,1.25,7.625],"texture":"#2"},"south":{"uv":[4.375,7.75,4.625,8.625],"texture":"#2"},"west":{"uv":[4.75,6.375,6,7.25],"texture":"#2"},"up":{"uv":[0.5,7.625,0.75,8.875],"texture":"#2"},"down":{"uv":[0.75,8.875,1,7.625],"texture":"#2"}}},{"from":[8,-12,27],"to":[19,-2,29],"rotation":{"angle":0,"axis":"y","origin":[15,0,16]},"faces":{"north":{"uv":[1.375,5.5,2.75,6.75],"texture":"#2"},"east":{"uv":[3.625,7.625,3.875,8.875],"texture":"#2"},"south":{"uv":[0,5.5,1.375,6.75],"texture":"#2"},"west":{"uv":[1,7.625,1.25,8.875],"texture":"#2"},"up":{"uv":[2.25,7.625,3.625,7.875],"texture":"#2"},"down":{"uv":[7.625,7,9,6.75],"texture":"#2"}}},{"from":[24.00071,13.1865,7.81421],"to":[24.00071,17.1865,29.81421],"rotation":{"angle":0,"axis":"y","origin":[15.00071,-1.8135,14.62842]},"faces":{"north":{"uv":[0,0,0,0.5],"texture":"#2"},"east":{"uv":[5.375,1.75,8.125,2.25],"texture":"#2"},"south":{"uv":[0,0,0,0.5],"texture":"#2"},"west":{"uv":[8.125,1.75,5.25,2.25],"texture":"#2"},"up":{"uv":[0,0,0,2.75],"texture":"#2"},"down":{"uv":[0,2.75,0,0],"texture":"#2"}}},{"from":[8.00071,17.1865,7.81421],"to":[24.00071,17.1865,29.81421],"rotation":{"angle":0,"axis":"y","origin":[15.00071,-1.8135,14.62842]},"faces":{"north":{"uv":[0,0,2,0],"texture":"#2"},"east":{"uv":[0,0,2.75,0],"texture":"#2"},"south":{"uv":[0,0,2,0],"texture":"#2"},"west":{"uv":[0,0,2.75,0],"texture":"#2"},"up":{"uv":[2,0,4,2.75],"texture":"#2"},"down":{"uv":[2,2.75,4,0],"texture":"#2"}}},{"from":[8.00071,13.1865,29.81421],"to":[24.00071,17.1865,29.81421],"rotation":{"angle":0,"axis":"y","origin":[15.00071,-1.8135,14.62842]},"faces":{"north":{"uv":[8.75,0,6.75,0.5],"texture":"#2"},"east":{"uv":[0,0,0,0.5],"texture":"#2"},"south":{"uv":[6.75,0,8.75,0.5],"texture":"#2"},"west":{"uv":[0,0,0,0.5],"texture":"#2"},"up":{"uv":[0,0,2,0],"texture":"#2"},"down":{"uv":[0,0,2,0],"texture":"#2"}}},{"from":[8,24,8],"to":[16.25,26,22],"rotation":{"angle":0,"axis":"y","origin":[15,-1,16]},"faces":{"north":{"uv":[7.75,2.25,8.75,2.5],"texture":"#2"},"east":{"uv":[2.25,7.375,4,7.625],"texture":"#2"},"south":{"uv":[7.625,7,8.625,7.25],"texture":"#2"},"west":{"uv":[6.75,1,8.5,1.25],"texture":"#2"},"up":{"uv":[2.75,5.125,3.75,6.875],"texture":"#2"},"down":{"uv":[3.75,6.875,4.75,5.125],"texture":"#2"}}},{"from":[8,26,8],"to":[9,32,12],"rotation":{"angle":0,"axis":"y","origin":[15,-1,16]},"faces":{"north":{"uv":[5,7.75,5.125,8.5],"texture":"#2"},"east":{"uv":[7.375,5.75,7.875,6.5],"texture":"#2"},"south":{"uv":[4.875,7.75,5,8.5],"texture":"#2"},"west":{"uv":[7.375,5,7.875,5.75],"texture":"#2"},"up":{"uv":[7.75,3,7.875,3.5],"texture":"#2"},"down":{"uv":[5.125,8.25,5.25,7.75],"texture":"#2"}}},{"from":[8,20.79269,20.25686],"to":[24,20.79269,31.25686],"rotation":{"angle":45,"axis":"x","origin":[11.5,20.79269,26.2059]},"faces":{"north":{"uv":[0,0,2,0],"texture":"#2"},"east":{"uv":[0,0,1.375,0],"texture":"#2"},"south":{"uv":[0,0,2,0],"texture":"#2"},"west":{"uv":[0,0,1.375,0],"texture":"#2"},"up":{"uv":[4.125,2.375,6.125,3.75],"texture":"#2"},"down":{"uv":[4.125,3.75,6.125,2.375],"texture":"#2"}}},{"from":[17.64508,20.4,7.81421],"to":[28.64508,20.4,29.81421],"rotation":{"angle":-45,"axis":"z","origin":[22.44265,24.4,-0.18579]},"faces":{"north":{"uv":[0,0,1.375,0],"texture":"#2"},"east":{"uv":[0,0,2.75,0],"texture":"#2"},"south":{"uv":[0,0,1.375,0],"texture":"#2"},"west":{"uv":[0,0,2.75,0],"texture":"#2"},"up":{"uv":[0,2.75,1.375,5.5],"texture":"#2"},"down":{"uv":[0,5.5,1.375,2.75],"texture":"#2"}}},{"from":[8,-16,-11],"to":[19,-12,8],"rotation":{"angle":0,"axis":"y","origin":[15,0,0]},"faces":{"north":{"uv":[4.25,6.875,2.875,7.375],"texture":"#2"},"east":{"uv":[8.5,4.5,6.125,5],"texture":"#2"},"south":{"uv":[5.625,7.25,4.25,7.75],"texture":"#2"},"west":{"uv":[8.5,4,6.125,4.5],"texture":"#2"},"up":{"uv":[2.75,5.125,4.125,2.75],"texture":"#2"},"down":{"uv":[4,0,5.375,2.375],"texture":"#2"}}},{"from":[19,-12,-13],"to":[21,-2,-2],"rotation":{"angle":0,"axis":"y","origin":[15,0,0]},"faces":{"north":{"uv":[0.25,7.625,0,8.875],"texture":"#2"},"east":{"uv":[6.75,0,5.375,1.25],"texture":"#2"},"south":{"uv":[0.5,7.625,0.25,8.875],"texture":"#2"},"west":{"uv":[6.125,5.125,4.75,6.375],"texture":"#2"},"up":{"uv":[4,8.75,4.25,7.375],"texture":"#2"},"down":{"uv":[7.5,2.25,7.75,3.625],"texture":"#2"}}},{"from":[19,-2,-11],"to":[20,17,-9],"rotation":{"angle":0,"axis":"y","origin":[15,0,0]},"faces":{"north":{"uv":[4,7.625,3.875,10],"texture":"#2"},"east":{"uv":[1.75,7.375,1.5,9.75],"texture":"#2"},"south":{"uv":[4.375,7.75,4.25,10.125],"texture":"#2"},"west":{"uv":[1.5,7.375,1.25,9.75],"texture":"#2"},"up":{"uv":[4,2.625,4.125,2.375],"texture":"#2"},"down":{"uv":[6,6.375,6.125,6.625],"texture":"#2"}}},{"from":[19.25,5.1,-10.3],"to":[19.25,20.1,-8.3],"rotation":{"angle":45,"axis":"x","origin":[18.5,7.5,-7]},"faces":{"north":{"uv":[0,0,0,1.875],"texture":"#2"},"east":{"uv":[2.25,7.375,2,9.25],"texture":"#2"},"south":{"uv":[0,0,0,1.875],"texture":"#2"},"west":{"uv":[2,7.375,1.75,9.25],"texture":"#2"},"up":{"uv":[0,0.25,0,0],"texture":"#2"},"down":{"uv":[0,0,0,0.25],"texture":"#2"}}},{"from":[8,-8,-11],"to":[19,-6,-4],"rotation":{"angle":0,"axis":"y","origin":[15,0,0]},"faces":{"north":{"uv":[8.75,6.5,7.375,6.75],"texture":"#2"},"east":{"uv":[8.625,2.75,7.75,3],"texture":"#2"},"south":{"uv":[8.875,3.625,7.5,3.875],"texture":"#2"},"west":{"uv":[8.625,2.5,7.75,2.75],"texture":"#2"},"up":{"uv":[6.125,3.125,7.5,2.25],"texture":"#2"},"down":{"uv":[6.125,3.125,7.5,4],"texture":"#2"}}},{"from":[21,-2,-13],"to":[21,2,-2],"rotation":{"angle":0,"axis":"y","origin":[15,0,0]},"faces":{"north":{"uv":[0,0,0,0.5],"texture":"#2"},"east":{"uv":[8.375,7.25,7,7.75],"texture":"#2"},"south":{"uv":[0,0,0,0.5],"texture":"#2"},"west":{"uv":[7,7.25,8.375,7.75],"texture":"#2"},"up":{"uv":[0,1.375,0,0],"texture":"#2"},"down":{"uv":[0,0,0,1.375],"texture":"#2"}}},{"from":[21,-5,-2],"to":[21,2,8],"rotation":{"angle":0,"axis":"y","origin":[15,0,0]},"faces":{"north":{"uv":[0,0,0,0.875],"texture":"#2"},"east":{"uv":[7.375,5.875,6.125,6.75],"texture":"#2"},"south":{"uv":[0,0,0,0.875],"texture":"#2"},"west":{"uv":[6.125,5.875,7.375,6.75],"texture":"#2"},"up":{"uv":[0,1.25,0,0],"texture":"#2"},"down":{"uv":[0,0,0,1.25],"texture":"#2"}}},{"from":[8,-2,-13],"to":[21,2,-13],"rotation":{"angle":0,"axis":"y","origin":[15,0,0]},"faces":{"north":{"uv":[7.625,6.75,6,7.25],"texture":"#2"},"east":{"uv":[0,0,0,0.5],"texture":"#2"},"south":{"uv":[6,6.75,7.625,7.25],"texture":"#2"},"west":{"uv":[0,0,0,0.5],"texture":"#2"},"up":{"uv":[0,0,1.625,0],"texture":"#2"},"down":{"uv":[0,0,1.625,0],"texture":"#2"}}},{"from":[19,-12,-2],"to":[21,-5,8],"rotation":{"angle":0,"axis":"y","origin":[15,0,0]},"faces":{"north":{"uv":[4.625,7.75,4.375,8.625],"texture":"#2"},"east":{"uv":[1.25,6.75,0,7.625],"texture":"#2"},"south":{"uv":[4.875,7.75,4.625,8.625],"texture":"#2"},"west":{"uv":[6,6.375,4.75,7.25],"texture":"#2"},"up":{"uv":[0.5,8.875,0.75,7.625],"texture":"#2"},"down":{"uv":[0.75,7.625,1,8.875],"texture":"#2"}}},{"from":[8,-12,-13],"to":[19,-2,-11],"rotation":{"angle":0,"axis":"y","origin":[15,0,0]},"faces":{"north":{"uv":[1.375,5.5,0,6.75],"texture":"#2"},"east":{"uv":[3.875,7.625,3.625,8.875],"texture":"#2"},"south":{"uv":[2.75,5.5,1.375,6.75],"texture":"#2"},"west":{"uv":[1.25,7.625,1,8.875],"texture":"#2"},"up":{"uv":[2.25,7.875,3.625,7.625],"texture":"#2"},"down":{"uv":[7.625,6.75,9,7],"texture":"#2"}}},{"from":[24.00071,13.1865,-13.81421],"to":[24.00071,17.1865,8.18579],"rotation":{"angle":0,"axis":"y","origin":[15.00071,-1.8135,1.37158]},"faces":{"north":{"uv":[0,0,0,0.5],"texture":"#2"},"east":{"uv":[8.125,1.75,5.375,2.25],"texture":"#2"},"south":{"uv":[0,0,0,0.5],"texture":"#2"},"west":{"uv":[5.25,1.75,8.125,2.25],"texture":"#2"},"up":{"uv":[0,2.75,0,0],"texture":"#2"},"down":{"uv":[0,0,0,2.75],"texture":"#2"}}},{"from":[8.00071,17.1865,-13.81421],"to":[24.00071,17.1865,8.18579],"rotation":{"angle":0,"axis":"y","origin":[15.00071,-1.8135,1.37158]},"faces":{"north":{"uv":[2,0,0,0],"texture":"#2"},"east":{"uv":[2.75,0,0,0],"texture":"#2"},"south":{"uv":[2,0,0,0],"texture":"#2"},"west":{"uv":[2.75,0,0,0],"texture":"#2"},"up":{"uv":[2,2.75,4,0],"texture":"#2"},"down":{"uv":[2,0,4,2.75],"texture":"#2"}}},{"from":[8.00071,13.1865,-13.81421],"to":[24.00071,17.1865,-13.81421],"rotation":{"angle":0,"axis":"y","origin":[15.00071,-1.8135,1.37158]},"faces":{"north":{"uv":[8.75,0,6.75,0.5],"texture":"#2"},"east":{"uv":[0,0,0,0.5],"texture":"#2"},"south":{"uv":[6.75,0,8.75,0.5],"texture":"#2"},"west":{"uv":[0,0,0,0.5],"texture":"#2"},"up":{"uv":[0,0,2,0],"texture":"#2"},"down":{"uv":[0,0,2,0],"texture":"#2"}}},{"from":[8,24,-6],"to":[16.25,26,8],"rotation":{"angle":0,"axis":"y","origin":[15,-1,0]},"faces":{"north":{"uv":[8.625,7,7.625,7.25],"texture":"#2"},"east":{"uv":[4,7.375,2.25,7.625],"texture":"#2"},"south":{"uv":[8.75,2.25,7.75,2.5],"texture":"#2"},"west":{"uv":[8.5,1,6.75,1.25],"texture":"#2"},"up":{"uv":[2.75,6.875,3.75,5.125],"texture":"#2"},"down":{"uv":[3.75,5.125,4.75,6.875],"texture":"#2"}}},{"from":[8,26,4],"to":[9,32,8],"rotation":{"angle":0,"axis":"y","origin":[15,-1,0]},"faces":{"north":{"uv":[5,7.75,4.875,8.5],"texture":"#2"},"east":{"uv":[7.875,5.75,7.375,6.5],"texture":"#2"},"south":{"uv":[5.125,7.75,5,8.5],"texture":"#2"},"west":{"uv":[7.875,5,7.375,5.75],"texture":"#2"},"up":{"uv":[7.75,3.5,7.875,3],"texture":"#2"},"down":{"uv":[5.125,7.75,5.25,8.25],"texture":"#2"}}},{"from":[8,20.79269,-15.25686],"to":[24,20.79269,-4.25686],"rotation":{"angle":-45,"axis":"x","origin":[11.5,20.79269,-10.2059]},"faces":{"north":{"uv":[2,0,0,0],"texture":"#2"},"east":{"uv":[1.375,0,0,0],"texture":"#2"},"south":{"uv":[2,0,0,0],"texture":"#2"},"west":{"uv":[1.375,0,0,0],"texture":"#2"},"up":{"uv":[4.125,3.75,6.125,2.375],"texture":"#2"},"down":{"uv":[4.125,2.375,6.125,3.75],"texture":"#2"}}},{"from":[17.64508,20.4,-13.81421],"to":[28.64508,20.4,8.18579],"rotation":{"angle":-45,"axis":"z","origin":[22.44265,24.4,16.18579]},"faces":{"north":{"uv":[1.375,0,0,0],"texture":"#2"},"east":{"uv":[2.75,0,0,0],"texture":"#2"},"south":{"uv":[1.375,0,0,0],"texture":"#2"},"west":{"uv":[2.75,0,0,0],"texture":"#2"},"up":{"uv":[0,5.5,1.375,2.75],"texture":"#2"},"down":{"uv":[0,2.75,1.375,5.5],"texture":"#2"}}}],"gui_light":"front","display":{"thirdperson_righthand":{"translation":[0,3,1],"scale":[0.2,0.2,0.2]},"thirdperson_lefthand":{"translation":[0,3,1],"scale":[0.2,0.2,0.2]},"firstperson_righthand":{"rotation":[0,-90,25],"translation":[1.13,3.2,1.13],"scale":[0.2,0.2,0.2]},"firstperson_lefthand":{"rotation":[0,-90,25],"translation":[1.13,3.2,1.13],"scale":[0.2,0.2,0.2]},"ground":{"translation":[0,9,0],"scale":[0.5,0.5,0.5]},"gui":{"rotation":[14,-28,0],"translation":[-0.25,0.75,0],"scale":[0.25,0.25,0.25]},"fixed":{"rotation":[90,0,0],"translation":[0,0,-80],"scale":[3.5,3.5,3.5]}}}