{"credit":"Made with Blockbench","texture_size":[64,64],"textures":{"1":"furnitures:rivrs/furnitures_color_3"},"elements":[{"from":[-8,0,16],"to":[24,32,16],"faces":{"north":{"uv":[0,5.90625,1,6.90625],"texture":"#1"},"east":{"uv":[0,0,0,8],"texture":"#1"},"south":{"uv":[0,5.90625,1,6.90625],"texture":"#1"},"west":{"uv":[0,0,0,8],"texture":"#1"},"up":{"uv":[8,0,0,0],"texture":"#1"},"down":{"uv":[8,0,0,0],"texture":"#1"}}}],"gui_light":"front","display":{"thirdperson_righthand":{"rotation":[75,45,0],"translation":[0,2.5,0],"scale":[0.375,0.375,0.375]},"thirdperson_lefthand":{"rotation":[75,45,0],"translation":[0,2.5,0],"scale":[0.375,0.375,0.375]},"firstperson_righthand":{"rotation":[0,45,0],"scale":[0.4,0.4,0.4]},"firstperson_lefthand":{"rotation":[0,45,0],"scale":[0.4,0.4,0.4]},"ground":{"translation":[0,2,0],"scale":[0.5,0.5,0.5]},"gui":{"translation":[0,-4.5,0],"scale":[0.5,0.5,0.5]},"head":{"translation":[0,0,-14.75]},"fixed":{"rotation":[-90,0,0],"translation":[0,-0.75,-16],"scale":[2,2,2]}}}