{"credit":"Made with Blockbench","texture_size":[128,128],"textures":{"0":"furnitures:rivrs/furnitures_color_3","particle":"furnitures:rivrs/furnitures_color_3"},"elements":[{"from":[-15,-16,16],"to":[31,32,16],"faces":{"north":{"uv":[2.1875,3.75,3.625,5.25],"texture":"#0"},"east":{"uv":[0,0,0,6],"texture":"#0"},"south":{"uv":[2.1875,3.75,3.625,5.25],"texture":"#0"},"west":{"uv":[0,0,0,6],"texture":"#0"},"up":{"uv":[5.75,0,0,0],"texture":"#0"},"down":{"uv":[5.75,0,0,0],"texture":"#0"}}}],"gui_light":"front","display":{"thirdperson_righthand":{"rotation":[75,45,0],"translation":[0,2.5,0],"scale":[0.375,0.375,0.375]},"thirdperson_lefthand":{"rotation":[75,45,0],"translation":[0,2.5,0],"scale":[0.375,0.375,0.375]},"firstperson_righthand":{"rotation":[0,45,0],"scale":[0.4,0.4,0.4]},"firstperson_lefthand":{"rotation":[0,45,0],"scale":[0.4,0.4,0.4]},"ground":{"translation":[0,7.5,0],"scale":[0.5,0.5,0.5]},"gui":{"scale":[0.3,0.3,0.3]},"head":{"translation":[0,0,-18.75]},"fixed":{"rotation":[-90,0,0],"translation":[0,-16,-48],"scale":[2,2,2]}}}