{"credit":"Made with Blockbench","texture_size":[512,512],"textures":{"0":"furnitures:rivrs/furnitures_color","particle":"furnitures:rivrs/furnitures_color"},"elements":[{"from":[0,14,30],"to":[16,16,32],"faces":{"north":{"uv":[0,4.375,0.5,4.4375],"texture":"#0"},"east":{"uv":[0,4.5,0.0625,4.5625],"texture":"#0"},"south":{"uv":[0.5,4.375,1,4.4375],"texture":"#0"},"west":{"uv":[0.0625,4.5,0.125,4.5625],"texture":"#0"},"up":{"uv":[0.5,4.5,0,4.4375],"texture":"#0"},"down":{"uv":[1,4.4375,0.5,4.5],"texture":"#0"}}},{"from":[0,-9.60251,-12.49884],"to":[16,-1.60251,-12.49884],"rotation":{"angle":0,"axis":"y","origin":[0,-17.60251,-21.49884]},"faces":{"north":{"uv":[0,4.25,0.5,4.375],"texture":"#0"},"east":{"uv":[0,0,0,2],"texture":"#0"},"south":{"uv":[0.5,4.25,0,4.375],"texture":"#0"},"west":{"uv":[0,0,0,2],"texture":"#0"},"up":{"uv":[4,0,0,0],"texture":"#0"},"down":{"uv":[4,0,0,0],"texture":"#0"}}},{"from":[0,16,-16],"to":[16,16,30],"rotation":{"angle":-22.5,"axis":"x","origin":[1,16,30]},"faces":{"north":{"uv":[0,0,4,0],"texture":"#0"},"east":{"uv":[0,0,11.5,0],"texture":"#0"},"south":{"uv":[0,0,4,0],"texture":"#0"},"west":{"uv":[0,0,11.5,0],"texture":"#0"},"up":{"uv":[0.5,4.25,0,3.6875],"texture":"#0"},"down":{"uv":[0.5,3.6875,0,4.25],"texture":"#0"}}}],"gui_light":"front","display":{"thirdperson_righthand":{"translation":[0,0.75,1],"scale":[0.3,0.3,0.3]},"thirdperson_lefthand":{"translation":[0,0.75,1],"scale":[0.3,0.3,0.3]},"firstperson_righthand":{"translation":[5.5,0.75,1],"scale":[0.3,0.3,0.3]},"firstperson_lefthand":{"translation":[4.25,0.75,1],"scale":[0.3,0.3,0.3]},"ground":{"translation":[0,7.25,0],"scale":[0.5,0.5,0.5]},"gui":{"rotation":[12,157,0],"translation":[0,2,0],"scale":[0.46,0.46,0.45]},"head":{"translation":[0,0.25,-24.25]},"fixed":{"translation":[0,0,-46],"scale":[2,2,2]}}}