{"credit":"Made with Blockbench","texture_size":[32,32],"textures":{"2":"furnitures:rivrs/furnitures_color_3"},"elements":[{"from":[1.34358,0,7.56232],"to":[5.34358,2,11.56232],"rotation":{"angle":-22.5,"axis":"y","origin":[4.15381,2,10.01981]},"faces":{"north":{"uv":[11.4375,7.25,11.5625,7.3125],"texture":"#2"},"east":{"uv":[10.96875,7.5625,11.09375,7.625],"texture":"#2"},"south":{"uv":[10.96875,7.5625,11.09375,7.625],"texture":"#2"},"west":{"uv":[11.4375,7.25,11.5625,7.3125],"texture":"#2"},"up":{"uv":[10.71875,7.5,10.59375,7.375],"texture":"#2"},"down":{"uv":[10.84375,7.375,10.71875,7.5],"texture":"#2"}}},{"from":[8.09358,12,3.81232],"to":[12.09358,14,7.81232],"rotation":{"angle":-22.5,"axis":"y","origin":[4.15381,2,10.01981]},"faces":{"north":{"uv":[11.4375,7.25,11.5625,7.3125],"texture":"#2"},"east":{"uv":[10.96875,7.5625,11.09375,7.625],"texture":"#2"},"south":{"uv":[10.96875,7.5625,11.09375,7.625],"texture":"#2"},"west":{"uv":[11.4375,7.25,11.5625,7.3125],"texture":"#2"},"up":{"uv":[10.71875,7.5,10.59375,7.375],"texture":"#2"},"down":{"uv":[10.84375,7.375,10.71875,7.5],"texture":"#2"}}},{"from":[10.34358,0,9.56232],"to":[14.34358,2,13.56232],"rotation":{"angle":-22.5,"axis":"y","origin":[4.15381,2,10.01981]},"faces":{"north":{"uv":[11.4375,7.25,11.5625,7.3125],"texture":"#2"},"east":{"uv":[10.96875,7.5625,11.09375,7.625],"texture":"#2"},"south":{"uv":[10.96875,7.5625,11.09375,7.625],"texture":"#2"},"west":{"uv":[11.4375,7.25,11.5625,7.3125],"texture":"#2"},"up":{"uv":[10.71875,7.5,10.59375,7.375],"texture":"#2"},"down":{"uv":[10.84375,7.375,10.71875,7.5],"texture":"#2"}}},{"from":[5.40717,0,-0.95171],"to":[9.40717,2,3.04829],"rotation":{"angle":-45,"axis":"x","origin":[7.40717,1,0.04829]},"faces":{"north":{"uv":[11.4375,7.25,11.5625,7.3125],"texture":"#2"},"east":{"uv":[10.96875,7.5625,11.09375,7.625],"texture":"#2"},"south":{"uv":[10.96875,7.5625,11.09375,7.625],"texture":"#2"},"west":{"uv":[11.4375,7.25,11.5625,7.3125],"texture":"#2"},"up":{"uv":[10.71875,7.5,10.59375,7.375],"texture":"#2"},"down":{"uv":[10.84375,7.375,10.71875,7.5],"texture":"#2"}}},{"from":[0.34358,0,12.56232],"to":[4.34358,2,16.56232],"rotation":{"angle":22.5,"axis":"y","origin":[4.15381,2,10.01981]},"faces":{"north":{"uv":[11.4375,7.25,11.5625,7.3125],"texture":"#2"},"east":{"uv":[10.96875,7.5625,11.09375,7.625],"texture":"#2"},"south":{"uv":[10.96875,7.5625,11.09375,7.625],"texture":"#2"},"west":{"uv":[11.4375,7.25,11.5625,7.3125],"texture":"#2"},"up":{"uv":[10.71875,7.5,10.59375,7.375],"texture":"#2"},"down":{"uv":[10.84375,7.375,10.71875,7.5],"texture":"#2"}}},{"from":[3.87643,4,1.74381],"to":[7.87643,6,5.74381],"rotation":{"angle":22.5,"axis":"y","origin":[5.87643,5,3.74381]},"faces":{"north":{"uv":[10.96875,7.5625,11.09375,7.625],"texture":"#2"},"east":{"uv":[11.4375,7.25,11.5625,7.3125],"texture":"#2"},"south":{"uv":[11.4375,7.25,11.5625,7.3125],"texture":"#2"},"west":{"uv":[10.96875,7.5625,11.09375,7.625],"texture":"#2"},"up":{"uv":[10.71875,7.5,10.59375,7.375],"rotation":180,"texture":"#2"},"down":{"uv":[10.84375,7.375,10.71875,7.5],"rotation":180,"texture":"#2"}}},{"from":[2.5,0,10.25],"to":[6.5,6,14.25],"rotation":{"angle":45,"axis":"y","origin":[5.15381,2,10.01981]},"faces":{"north":{"uv":[11.0625,7.0625,11.1875,7.25],"texture":"#2"},"east":{"uv":[11.1875,7.25,11.3125,7.4375],"texture":"#2"},"south":{"uv":[11.0625,7.0625,11.1875,7.25],"texture":"#2"},"west":{"uv":[11.1875,7.25,11.3125,7.4375],"texture":"#2"},"up":{"uv":[10.71875,7.5,10.59375,7.375],"texture":"#2"},"down":{"uv":[11.5625,7.3125,11.4375,7.4375],"texture":"#2"}}},{"from":[2.5,6,10.25],"to":[6.5,12,14.25],"rotation":{"angle":45,"axis":"y","origin":[5.15381,2,10.01981]},"faces":{"north":{"uv":[11.0625,7.0625,11.1875,7.25],"texture":"#2"},"east":{"uv":[11.1875,7.25,11.3125,7.4375],"texture":"#2"},"south":{"uv":[11.0625,7.0625,11.1875,7.25],"texture":"#2"},"west":{"uv":[11.1875,7.25,11.3125,7.4375],"texture":"#2"},"up":{"uv":[10.71875,7.5,10.59375,7.375],"texture":"#2"},"down":{"uv":[11.5625,7.3125,11.4375,7.4375],"texture":"#2"}}},{"from":[9.21822,6,6.10936],"to":[13.21822,12,10.10936],"rotation":{"angle":0,"axis":"y","origin":[11.21822,6,7.10936]},"faces":{"north":{"uv":[11.0625,7.0625,11.1875,7.25],"texture":"#2"},"east":{"uv":[11.1875,7.25,11.3125,7.4375],"texture":"#2"},"south":{"uv":[11.0625,7.0625,11.1875,7.25],"texture":"#2"},"west":{"uv":[11.1875,7.25,11.3125,7.4375],"texture":"#2"},"up":{"uv":[10.71875,7.5,10.59375,7.375],"texture":"#2"},"down":{"uv":[11.5625,7.3125,11.4375,7.4375],"texture":"#2"}}},{"from":[9.21822,0,6.10936],"to":[13.21822,6,10.10936],"rotation":{"angle":0,"axis":"y","origin":[11.21822,3,8.10936]},"faces":{"north":{"uv":[11.1875,7.25,11.3125,7.4375],"texture":"#2"},"east":{"uv":[11.0625,7.0625,11.1875,7.25],"texture":"#2"},"south":{"uv":[11.1875,7.25,11.3125,7.4375],"texture":"#2"},"west":{"uv":[11.0625,7.0625,11.1875,7.25],"texture":"#2"},"up":{"uv":[10.71875,7.5,10.59375,7.375],"rotation":90,"texture":"#2"},"down":{"uv":[11.5625,7.3125,11.4375,7.4375],"rotation":270,"texture":"#2"}}},{"from":[12.21822,0,2.10936],"to":[16.21822,6,6.10936],"rotation":{"angle":45,"axis":"y","origin":[11.21822,6,7.10936]},"faces":{"north":{"uv":[11.0625,7.0625,11.1875,7.25],"texture":"#2"},"east":{"uv":[11.1875,7.25,11.3125,7.4375],"texture":"#2"},"south":{"uv":[11.0625,7.0625,11.1875,7.25],"texture":"#2"},"west":{"uv":[11.1875,7.25,11.3125,7.4375],"texture":"#2"},"up":{"uv":[10.71875,7.5,10.59375,7.375],"texture":"#2"},"down":{"uv":[11.5625,7.3125,11.4375,7.4375],"texture":"#2"}}},{"from":[5.21822,4,1.10936],"to":[9.21822,10,5.10936],"rotation":{"angle":22.5,"axis":"y","origin":[11.21822,6,7.10936]},"faces":{"north":{"uv":[11.0625,7.0625,11.1875,7.25],"texture":"#2"},"east":{"uv":[11.1875,7.25,11.3125,7.4375],"texture":"#2"},"south":{"uv":[11.0625,7.0625,11.1875,7.25],"texture":"#2"},"west":{"uv":[11.1875,7.25,11.3125,7.4375],"texture":"#2"},"up":{"uv":[10.71875,7.5,10.59375,7.375],"texture":"#2"},"down":{"uv":[11.5625,7.3125,11.4375,7.4375],"texture":"#2"}}},{"from":[5.21822,0,1.10936],"to":[9.21822,6,5.10936],"rotation":{"angle":22.5,"axis":"y","origin":[11.21822,6,7.10936]},"faces":{"north":{"uv":[11.0625,7.0625,11.1875,7.25],"texture":"#2"},"east":{"uv":[11.1875,7.25,11.3125,7.4375],"texture":"#2"},"south":{"uv":[11.0625,7.0625,11.1875,7.25],"texture":"#2"},"west":{"uv":[11.1875,7.25,11.3125,7.4375],"texture":"#2"},"up":{"uv":[10.71875,7.5,10.59375,7.375],"texture":"#2"},"down":{"uv":[11.5625,7.3125,11.4375,7.4375],"texture":"#2"}}},{"from":[2.5,12,10.25],"to":[6.5,18,14.25],"rotation":{"angle":45,"axis":"y","origin":[5.15381,2,10.01981]},"faces":{"north":{"uv":[11.0625,7.0625,11.1875,7.25],"texture":"#2"},"east":{"uv":[11.1875,7.25,11.3125,7.4375],"texture":"#2"},"south":{"uv":[11.0625,7.0625,11.1875,7.25],"texture":"#2"},"west":{"uv":[11.1875,7.25,11.3125,7.4375],"texture":"#2"},"up":{"uv":[10.71875,7.5,10.59375,7.375],"texture":"#2"},"down":{"uv":[11.5625,7.3125,11.4375,7.4375],"texture":"#2"}}}],"gui_light":"front","display":{"thirdperson_righthand":{"rotation":[75,45,0],"translation":[0,2.5,0],"scale":[0.375,0.375,0.375]},"thirdperson_lefthand":{"rotation":[75,45,0],"translation":[0,2.5,0],"scale":[0.375,0.375,0.375]},"firstperson_righthand":{"rotation":[0,45,0],"translation":[3,0.5,0],"scale":[0.4,0.4,0.4]},"firstperson_lefthand":{"rotation":[0,45,0],"translation":[3,0.5,0],"scale":[0.4,0.4,0.4]},"ground":{"translation":[0,2,0],"scale":[0.5,0.5,0.5]},"gui":{"translation":[0,-0.75,0],"scale":[0.8,0.8,0.8]},"head":{"translation":[0,14.25,0]},"fixed":{"rotation":[-90,0,0],"translation":[0,-0.25,-16],"scale":[2,2,2]}}}