{"credit":"Made with Blockbench","texture_size":[512,512],"textures":{"2":"furnitures:rivrs/furnitures_color","particle":"furnitures:rivrs/furnitures_color"},"elements":[{"from":[2,0,0],"to":[14,10,16],"faces":{"north":{"uv":[13.5625,3.9375,13.9375,4.25],"texture":"#2"},"east":{"uv":[12.8125,4.4375,13.3125,4.75],"texture":"#2"},"south":{"uv":[12.8125,4.75,13.1875,5.0625],"texture":"#2"},"west":{"uv":[13.3125,4.4375,13.8125,4.75],"texture":"#2"},"up":{"uv":[13.1875,4.4375,12.8125,3.9375],"texture":"#2"},"down":{"uv":[13.5625,3.9375,13.1875,4.4375],"texture":"#2"}}}],"gui_light":"front","display":{"thirdperson_righthand":{"translation":[0,3,1],"scale":[0.55,0.55,0.55]},"thirdperson_lefthand":{"translation":[0,3,1],"scale":[0.55,0.55,0.55]},"firstperson_righthand":{"rotation":[0,-90,25],"translation":[1.13,3.2,1.13],"scale":[0.68,0.68,0.68]},"firstperson_lefthand":{"rotation":[0,-90,25],"translation":[1.13,3.2,1.13],"scale":[0.68,0.68,0.68]},"ground":{"translation":[0,2,0],"scale":[0.5,0.5,0.5]},"gui":{"rotation":[15,145,0],"translation":[0,2,0],"scale":[0.75,0.75,0.75]},"head":{"rotation":[0,180,0],"translation":[0,14.25,0]},"fixed":{"rotation":[-90,0,0],"translation":[0,0,-16],"scale":[2,2,2]}}}