{"credit":"Made with Blockbench","texture_size":[64,64],"textures":{"3":"furnitures:rivrs/texture_projecteur_2"},"elements":[{"from":[5,-15,-5],"to":[11,-13,1],"rotation":{"angle":22.5,"axis":"x","origin":[5.75,-8.5,-2]},"faces":{"north":{"uv":[9.5,4,11,4.5],"texture":"#3"},"east":{"uv":[9.5,4.5,11,5],"texture":"#3"},"south":{"uv":[1.5,10,3,10.5],"texture":"#3"},"west":{"uv":[3,10,4.5,10.5],"texture":"#3"},"up":{"uv":[7.5,11,6,9.5],"texture":"#3"},"down":{"uv":[9,9.5,7.5,11],"texture":"#3"}}},{"from":[5,-7.88214,-13.80172],"to":[11,32,-7.80172],"rotation":{"angle":22.5,"axis":"x","origin":[5.75,-31.5,-2]},"faces":{"north":{"uv":[12,0,13.5,10],"texture":"#3"},"east":{"uv":[12,0,13.5,10],"texture":"#3"},"south":{"uv":[12,0,13.5,10],"texture":"#3"},"west":{"uv":[12,0,13.5,10],"texture":"#3"},"up":{"uv":[10.5,11,9,9.5],"texture":"#3"},"down":{"uv":[1.5,10,0,11.5],"texture":"#3"}}},{"from":[4,-13,-6],"to":[12,-4,2],"rotation":{"angle":22.5,"axis":"x","origin":[5.75,-8.5,-2]},"faces":{"north":{"uv":[6,5,8,7.25],"texture":"#3"},"east":{"uv":[6,7.25,8,9.5],"texture":"#3"},"south":{"uv":[8,5,10,7.25],"texture":"#3"},"west":{"uv":[8,7.25,10,9.5],"texture":"#3"},"up":{"uv":[11.5,2,9.5,0],"texture":"#3"},"down":{"uv":[11.5,2,9.5,4],"texture":"#3"}}},{"from":[3,-9,-3],"to":[4,-7,-1],"rotation":{"angle":22.5,"axis":"x","origin":[5.75,-8.5,-2]},"faces":{"north":{"uv":[10,5,10.25,5.5],"texture":"#3"},"east":{"uv":[4.5,10,5,10.5],"texture":"#3"},"south":{"uv":[5.5,10,5.75,10.5],"texture":"#3"},"west":{"uv":[5,10,5.5,10.5],"texture":"#3"},"up":{"uv":[10.25,6,10,5.5],"texture":"#3"},"down":{"uv":[6,10,5.75,10.5],"texture":"#3"}}},{"from":[12,-9,-3],"to":[13,-7,-1],"rotation":{"angle":22.5,"axis":"x","origin":[10.25,-8.5,-2]},"faces":{"north":{"uv":[10.25,5,10,5.5],"texture":"#3"},"east":{"uv":[5.5,10,5,10.5],"texture":"#3"},"south":{"uv":[5.75,10,5.5,10.5],"texture":"#3"},"west":{"uv":[5,10,4.5,10.5],"texture":"#3"},"up":{"uv":[10,6,10.25,5.5],"texture":"#3"},"down":{"uv":[5.75,10,6,10.5],"texture":"#3"}}},{"from":[3.75,-16,-9],"to":[3.75,-6,5],"rotation":{"angle":0,"axis":"y","origin":[0,0,-10]},"faces":{"north":{"uv":[0,0,0,2.5],"texture":"#3"},"east":{"uv":[9.5,2.5,6,5],"texture":"#3"},"south":{"uv":[0,0,0,2.5],"texture":"#3"},"west":{"uv":[6,2.5,9.5,5],"texture":"#3"},"up":{"uv":[0,3.5,0,0],"texture":"#3"},"down":{"uv":[0,0,0,3.5],"texture":"#3"}}},{"from":[12.75,-16,-9],"to":[12.75,-6,5],"rotation":{"angle":0,"axis":"y","origin":[0,0,-10]},"faces":{"north":{"uv":[0,0,0,2.5],"texture":"#3"},"east":{"uv":[9.5,2.5,6,5],"texture":"#3"},"south":{"uv":[0,0,0,2.5],"texture":"#3"},"west":{"uv":[6,2.5,9.5,5],"texture":"#3"},"up":{"uv":[0,3.5,0,0],"texture":"#3"},"down":{"uv":[0,0,0,3.5],"texture":"#3"}}}],"gui_light":"front","display":{"thirdperson_righthand":{"rotation":[25,180,0],"translation":[0,6.75,0],"scale":[0.3,0.3,0.3]},"thirdperson_lefthand":{"rotation":[25,180,0],"translation":[0,6.75,0],"scale":[0.3,0.3,0.3]},"firstperson_righthand":{"rotation":[-13,180,0],"translation":[0,6.75,0],"scale":[0.3,0.3,0.3]},"firstperson_lefthand":{"rotation":[-13,180,0],"translation":[0,6.75,0],"scale":[0.3,0.3,0.3]},"ground":{"translation":[0,11,0],"scale":[0.5,0.5,0.5]},"gui":{"rotation":[0,89,0],"translation":[0,2.5,0],"scale":[0.4,0.4,0.4]},"head":{"rotation":[0,-180,0],"translation":[0,30,-9.75]},"fixed":{"rotation":[-90,0,0],"translation":[0,19.25,-46],"scale":[2,2,2]}}}