{"credit":"Made with Blockbench","texture_size":[32,32],"textures":{"0":"furnitures:rivrs/furnitures_color_3","particle":"furnitures:rivrs/furnitures_color_3"},"elements":[{"from":[5,0,5],"to":[11,7,11],"faces":{"north":{"uv":[6.34375,8.21875,6.53125,8.4375],"texture":"#0"},"east":{"uv":[6.53125,8.21875,6.71875,8.4375],"texture":"#0"},"south":{"uv":[6.34375,8.4375,6.53125,8.65625],"texture":"#0"},"west":{"uv":[6.53125,8.4375,6.71875,8.65625],"texture":"#0"},"up":{"uv":[6.90625,8.40625,6.71875,8.21875],"texture":"#0"},"down":{"uv":[6.90625,8.40625,6.71875,8.59375],"texture":"#0"}}},{"from":[5.5,7,5.5],"to":[10.5,8,10.5],"faces":{"north":{"uv":[6.90625,8.5625,7.0625,8.59375],"texture":"#0"},"east":{"uv":[6.84375,8.78125,7,8.8125],"texture":"#0"},"south":{"uv":[6.34375,8.8125,6.5,8.84375],"texture":"#0"},"west":{"uv":[6.5,8.8125,6.65625,8.84375],"texture":"#0"},"up":{"uv":[6.875,8.75,6.71875,8.59375],"texture":"#0"},"down":{"uv":[6.5,8.65625,6.34375,8.8125],"texture":"#0"}}},{"from":[7,9,7],"to":[9,14,9],"faces":{"north":{"uv":[6.5,8.65625,6.5625,8.8125],"texture":"#0"},"east":{"uv":[6.5625,8.65625,6.625,8.8125],"texture":"#0"},"south":{"uv":[6.625,8.65625,6.6875,8.8125],"texture":"#0"},"west":{"uv":[6.6875,8.75,6.75,8.90625],"texture":"#0"},"up":{"uv":[6.90625,8.875,6.84375,8.8125],"texture":"#0"},"down":{"uv":[6.96875,8.8125,6.90625,8.875],"texture":"#0"}}},{"from":[6.5,8,6.5],"to":[9.5,9,9.5],"faces":{"north":{"uv":[6.34375,8.84375,6.4375,8.875],"texture":"#0"},"east":{"uv":[6.4375,8.84375,6.53125,8.875],"texture":"#0"},"south":{"uv":[6.53125,8.84375,6.625,8.875],"texture":"#0"},"west":{"uv":[6.96875,8.59375,7.0625,8.625],"texture":"#0"},"up":{"uv":[6.96875,8.6875,6.875,8.59375],"texture":"#0"},"down":{"uv":[6.84375,8.75,6.75,8.84375],"texture":"#0"}}},{"from":[6.5,11,6.5],"to":[9.5,13,9.5],"faces":{"north":{"uv":[6.90625,8.3125,7,8.375],"texture":"#0"},"east":{"uv":[6.90625,8.375,7,8.4375],"texture":"#0"},"south":{"uv":[6.90625,8.4375,7,8.5],"texture":"#0"},"west":{"uv":[6.90625,8.5,7,8.5625],"texture":"#0"},"up":{"uv":[6.96875,8.78125,6.875,8.6875],"texture":"#0"},"down":{"uv":[7,8.21875,6.90625,8.3125],"texture":"#0"}}}],"gui_light":"front","display":{"firstperson_righthand":{"translation":[3.75,3,0],"scale":[0.5,0.5,0.5]},"firstperson_lefthand":{"translation":[3.75,3,0],"scale":[0.5,0.5,0.5]},"ground":{"translation":[0,2,0],"scale":[0.5,0.5,0.5]},"gui":{"rotation":[26,-105,0],"translation":[0,1.25,0]},"head":{"translation":[0,14.25,0]},"fixed":{"rotation":[-90,0,0],"translation":[0,0,-16],"scale":[2,2,2]}}}