{"credit":"Made with Blockbench","texture_size":[64,64],"textures":{"0":"furnitures:rivrs/furnitures_color_3","particle":"furnitures:rivrs/furnitures_color_3"},"elements":[{"from":[7,0,3],"to":[13,7,9],"rotation":{"angle":0,"axis":"y","origin":[2,0,-2]},"faces":{"north":{"uv":[6.625,13.21875,6.8125,13.4375],"texture":"#0"},"east":{"uv":[6.8125,13.21875,7,13.4375],"texture":"#0"},"south":{"uv":[6.84375,12.78125,7.03125,13],"texture":"#0"},"west":{"uv":[6.84375,13,7.03125,13.21875],"texture":"#0"},"up":{"uv":[6.90625,13.625,6.71875,13.4375],"texture":"#0"},"down":{"uv":[7.1875,13.21875,7,13.40625],"texture":"#0"}}},{"from":[2,0,5],"to":[4,2,16],"rotation":{"angle":45,"axis":"y","origin":[3,1,8]},"faces":{"north":{"uv":[6.53125,13.34375,6.59375,13.40625],"texture":"#0"},"east":{"uv":[6.90625,13.4375,7.25,13.5],"texture":"#0"},"south":{"uv":[7.1875,13.21875,7.25,13.28125],"texture":"#0"},"west":{"uv":[7.03125,12.78125,7.375,12.84375],"texture":"#0"},"up":{"uv":[7.09375,13.1875,7.03125,12.84375],"texture":"#0"},"down":{"uv":[6.96875,13.5,6.90625,13.84375],"texture":"#0"}}},{"from":[0,0,3],"to":[6,2,5],"rotation":{"angle":45,"axis":"y","origin":[3,1,8]},"faces":{"north":{"uv":[7.09375,13.125,7.28125,13.1875],"texture":"#0"},"east":{"uv":[7.1875,13.28125,7.25,13.34375],"texture":"#0"},"south":{"uv":[6.34375,13.5625,6.53125,13.625],"texture":"#0"},"west":{"uv":[7.1875,13.34375,7.25,13.40625],"texture":"#0"},"up":{"uv":[7.15625,13.65625,6.96875,13.59375],"texture":"#0"},"down":{"uv":[7.34375,13.59375,7.15625,13.65625],"texture":"#0"}}},{"from":[0,1,16],"to":[6,2,23],"rotation":{"angle":45,"axis":"y","origin":[3,1,8]},"faces":{"north":{"uv":[6.34375,13.625,6.53125,13.65625],"texture":"#0"},"east":{"uv":[7,13.40625,7.21875,13.4375],"texture":"#0"},"south":{"uv":[6.71875,13.625,6.90625,13.65625],"texture":"#0"},"west":{"uv":[7.03125,13.1875,7.25,13.21875],"texture":"#0"},"up":{"uv":[6.53125,13.5625,6.34375,13.34375],"texture":"#0"},"down":{"uv":[6.71875,13.4375,6.53125,13.65625],"texture":"#0"}}},{"from":[6.5,5,2.5],"to":[13.5,8,9.5],"rotation":{"angle":0,"axis":"y","origin":[2,0,-2]},"faces":{"north":{"uv":[6.96875,13.5,7.1875,13.59375],"texture":"#0"},"east":{"uv":[7.09375,12.84375,7.3125,12.9375],"texture":"#0"},"south":{"uv":[7.09375,12.9375,7.3125,13.03125],"texture":"#0"},"west":{"uv":[7.09375,13.03125,7.3125,13.125],"texture":"#0"},"up":{"uv":[6.84375,13,6.625,12.78125],"texture":"#0"},"down":{"uv":[6.84375,13,6.625,13.21875],"texture":"#0"}}},{"from":[5.5,8.5,-5.5],"to":[14.5,8.5,3.5],"rotation":{"angle":-45,"axis":"x","origin":[10,11.5,6]},"faces":{"north":{"uv":[6.34375,12.78125,6.625,12.78125],"texture":"#0"},"east":{"uv":[6.34375,12.78125,6.625,12.78125],"texture":"#0"},"south":{"uv":[6.34375,12.78125,6.625,12.78125],"texture":"#0"},"west":{"uv":[6.34375,12.78125,6.625,12.78125],"texture":"#0"},"up":{"uv":[6.625,13.0625,6.34375,12.78125],"texture":"#0"},"down":{"uv":[6.625,13.0625,6.34375,13.34375],"texture":"#0"}}}],"gui_light":"front","display":{"thirdperson_righthand":{"rotation":[0,-180,0],"translation":[1.25,3,-3],"scale":[0.55,0.55,0.55]},"thirdperson_lefthand":{"rotation":[0,-180,0],"translation":[-1,3,-3],"scale":[0.55,0.55,0.55]},"firstperson_righthand":{"translation":[3.75,0,0]},"firstperson_lefthand":{"translation":[3.75,0,0]},"ground":{"translation":[0,2,0],"scale":[0.5,0.5,0.5]},"gui":{"rotation":[27,129,-1],"translation":[0,2.25,0],"scale":[0.93,0.9,0.91]},"head":{"translation":[0,14.5,0]},"fixed":{"rotation":[-90,0,0],"translation":[0,-2,-16],"scale":[2,2,2]}}}