{"credit":"Made with Blockbench","texture_size":[128,128],"textures":{"1":"furnitures:rivrs/tableau","particle":"furnitures:rivrs/tableau"},"elements":[{"from":[-11,-16,13],"to":[27,32,15],"faces":{"north":{"uv":[0,0,4.75,6],"texture":"#1"},"east":{"uv":[0,10,0.25,16],"texture":"#1"},"south":{"uv":[4.75,0,9.5,6],"texture":"#1"},"west":{"uv":[0.375,10,0.625,16],"texture":"#1"},"up":{"uv":[9.875,12.25,5.125,12],"texture":"#1"},"down":{"uv":[9.875,12.375,5.125,12.625],"texture":"#1"}}},{"from":[-11,29,11],"to":[27,32,13],"faces":{"north":{"uv":[4.875,15.125,9.625,15.5],"texture":"#1"},"east":{"uv":[0,7.75,0.25,8.125],"texture":"#1"},"south":{"uv":[5.125,10.875,9.875,11.125],"texture":"#1"},"west":{"uv":[0,8.125,0.25,8.5],"texture":"#1"},"up":{"uv":[9.875,13,5.125,12.75],"texture":"#1"},"down":{"uv":[9.875,13.125,5.125,13.375],"texture":"#1"}}},{"from":[-11,-16,11],"to":[27,-13,13],"faces":{"north":{"uv":[4.875,15.625,9.625,16],"texture":"#1"},"east":{"uv":[0,8.5,0.25,8.875],"texture":"#1"},"south":{"uv":[5.125,10.875,9.875,11.125],"texture":"#1"},"west":{"uv":[0,9,0.25,9.375],"texture":"#1"},"up":{"uv":[9.875,13.75,5.125,13.5],"texture":"#1"},"down":{"uv":[9.875,10.5,5.125,10.75],"texture":"#1"}}},{"from":[24,-13,11],"to":[27,29,13],"faces":{"north":{"uv":[14.125,10.75,14.5,16],"texture":"#1"},"east":{"uv":[0.75,10.75,1,16],"texture":"#1"},"south":{"uv":[14.625,10.75,15,16],"texture":"#1"},"west":{"uv":[1.125,10.75,1.375,16],"texture":"#1"},"up":{"uv":[0.25,7.625,0,7.375],"texture":"#1"},"down":{"uv":[0.25,7.125,0,7.375],"texture":"#1"}}},{"from":[-11,-13,11],"to":[-8,29,13],"faces":{"north":{"uv":[15.125,10.75,15.5,16],"texture":"#1"},"east":{"uv":[1.5,10.75,1.75,16],"texture":"#1"},"south":{"uv":[15.625,10.75,16,16],"texture":"#1"},"west":{"uv":[1.875,10.75,2.125,16],"texture":"#1"},"up":{"uv":[0,7.625,0.25,7.375],"texture":"#1"},"down":{"uv":[0.25,7.125,0,7.375],"texture":"#1"}}}],"gui_light":"front","display":{"thirdperson_righthand":{"scale":[0.2,0.2,0.2]},"thirdperson_lefthand":{"scale":[0.2,0.2,0.2]},"firstperson_righthand":{"rotation":[0,180,0],"translation":[5,0,0],"scale":[0.2,0.2,0.2]},"firstperson_lefthand":{"rotation":[0,180,0],"translation":[5,0,0],"scale":[0.2,0.2,0.2]},"ground":{"translation":[0,10,0],"scale":[0.5,0.5,0.5]},"gui":{"rotation":[7,156,0],"translation":[0,-0.25,0],"scale":[0.25,0.25,0.25]},"head":{"translation":[0,0,-14]},"fixed":{"rotation":[-1,0,0],"translation":[0,0,-14],"scale":[2,2,2]}}}