{"credit":"Made with Blockbench","texture_size":[128,128],"textures":{"0":"furnitures:rivrs/furnitures_color_3","particle":"furnitures:rivrs/furnitures_color_3"},"elements":[{"from":[3,0,1],"to":[13,13,15],"faces":{"north":{"uv":[12.40625,1,12.71875,1.40625],"texture":"#0"},"east":{"uv":[11.78125,0,12.21875,0.40625],"texture":"#0"},"south":{"uv":[12.71875,1,13.03125,1.40625],"texture":"#0"},"west":{"uv":[11.78125,0.40625,12.21875,0.8125],"texture":"#0"},"up":{"uv":[12.09375,1.25,11.78125,0.8125],"texture":"#0"},"down":{"uv":[12.40625,1,12.09375,1.4375],"texture":"#0"}}},{"from":[3,15.25,3],"to":[13,15.25,13],"faces":{"north":{"uv":[11.78125,0,12.09375,0],"texture":"#0"},"east":{"uv":[11.78125,0,12.09375,0],"texture":"#0"},"south":{"uv":[11.78125,0,12.09375,0],"texture":"#0"},"west":{"uv":[11.78125,0,12.09375,0],"texture":"#0"},"up":{"uv":[13.15625,0.3125,12.84375,0],"texture":"#0"},"down":{"uv":[13.15625,0.3125,12.84375,0.625],"texture":"#0"}}},{"from":[3,13,13],"to":[13,16,15],"faces":{"north":{"uv":[12.09375,1.4375,12.40625,1.53125],"texture":"#0"},"east":{"uv":[12.96875,1.40625,13.03125,1.5],"texture":"#0"},"south":{"uv":[12.09375,1.53125,12.40625,1.625],"texture":"#0"},"west":{"uv":[11.9375,1.71875,12,1.8125],"texture":"#0"},"up":{"uv":[12.40625,1.6875,12.09375,1.625],"texture":"#0"},"down":{"uv":[12.09375,1.65625,11.78125,1.71875],"texture":"#0"}}},{"from":[3,13,1],"to":[13,16,3],"faces":{"north":{"uv":[11.78125,1.5625,12.09375,1.65625],"texture":"#0"},"east":{"uv":[12,1.71875,12.0625,1.8125],"texture":"#0"},"south":{"uv":[13.34375,0.9375,13.65625,1.03125],"texture":"#0"},"west":{"uv":[12.40625,1.71875,12.46875,1.8125],"texture":"#0"},"up":{"uv":[13.75,1.09375,13.4375,1.03125],"texture":"#0"},"down":{"uv":[13.75,1.09375,13.4375,1.15625],"texture":"#0"}}},{"from":[13,0,3],"to":[15,16,13],"faces":{"north":{"uv":[12.71875,1.40625,12.78125,1.90625],"texture":"#0"},"east":{"uv":[12.21875,0,12.53125,0.5],"texture":"#0"},"south":{"uv":[12.78125,1.40625,12.84375,1.90625],"texture":"#0"},"west":{"uv":[12.21875,0.5,12.53125,1],"texture":"#0"},"up":{"uv":[13.53125,0.3125,13.46875,0],"texture":"#0"},"down":{"uv":[12.15625,1.6875,12.09375,2],"texture":"#0"}}},{"from":[1,0,3],"to":[3,16,13],"faces":{"north":{"uv":[12.84375,1.40625,12.90625,1.90625],"texture":"#0"},"east":{"uv":[12.53125,0,12.84375,0.5],"texture":"#0"},"south":{"uv":[12.90625,1.40625,12.96875,1.90625],"texture":"#0"},"west":{"uv":[12.53125,0.5,12.84375,1],"texture":"#0"},"up":{"uv":[13.53125,0.625,13.46875,0.3125],"texture":"#0"},"down":{"uv":[12.21875,1.6875,12.15625,2],"texture":"#0"}}}],"gui_light":"front","display":{"thirdperson_righthand":{"rotation":[75,45,0],"translation":[0,2.5,0],"scale":[0.375,0.375,0.375]},"thirdperson_lefthand":{"rotation":[75,45,0],"translation":[0,2.5,0],"scale":[0.375,0.375,0.375]},"firstperson_righthand":{"translation":[4,-0.25,0],"scale":[0.5,0.5,0.5]},"firstperson_lefthand":{"translation":[4,-0.25,0],"scale":[0.5,0.5,0.5]},"ground":{"translation":[0,2,0],"scale":[0.5,0.5,0.5]},"gui":{"rotation":[29,-19,0],"translation":[0,-0.5,0],"scale":[0.6,0.6,0.6]},"head":{"translation":[0,-1.25,0],"scale":[1.5,1.5,1.5]},"fixed":{"rotation":[-90,0,0],"translation":[0,0,-16],"scale":[2,2,2]}}}