{"credit":"Made with Blockbench","texture_size":[64,64],"textures":{"1":"furnitures:rivrs/furnitures_color_3","particle":"furnitures:rivrs/furnitures_color_3"},"elements":[{"from":[-12,26,4],"to":[28,32,12],"faces":{"north":{"uv":[8.09375,0.5,9.1274,0.6875],"texture":"#1"},"east":{"uv":[8.2488,1.1875,8.45553,1.375],"texture":"#1"},"south":{"uv":[8.09375,0.6875,9.1274,0.875],"texture":"#1"},"west":{"uv":[9.07572,1.0625,9.28245,1.25],"texture":"#1"},"up":{"uv":[9.1274,0.25,8.09375,0],"texture":"#1"},"down":{"uv":[9.1274,0.25,8.09375,0.5],"texture":"#1"}}},{"from":[-15.26531,8.92023,5],"to":[-11.26531,17.92023,11],"rotation":{"angle":-22.5,"axis":"z","origin":[-10.26531,11.42023,8]},"faces":{"north":{"uv":[9.1274,0.5625,9.23077,0.84375],"texture":"#1"},"east":{"uv":[8.92067,1.0625,9.07572,1.34375],"texture":"#1"},"south":{"uv":[9.07572,1.25,9.17909,1.53125],"texture":"#1"},"west":{"uv":[8.09375,1.1875,8.2488,1.46875],"texture":"#1"},"up":{"uv":[9.28245,1.4375,9.17909,1.25],"texture":"#1"},"down":{"uv":[9.02404,1.34375,8.92067,1.53125],"texture":"#1"}}},{"from":[-12.16468,15.10039,5],"to":[-8.16468,25.00039,11],"rotation":{"angle":-45,"axis":"z","origin":[-7.16468,17.50039,8]},"faces":{"north":{"uv":[8.45553,1.1875,8.55889,1.5],"texture":"#1"},"east":{"uv":[8.61058,1.0625,8.76563,1.375],"texture":"#1"},"south":{"uv":[9.1274,0.25,9.23077,0.5625],"texture":"#1"},"west":{"uv":[8.76563,1.0625,8.92067,1.375],"texture":"#1"},"up":{"uv":[8.35216,1.5625,8.2488,1.375],"texture":"#1"},"down":{"uv":[9.33413,0.25,9.23077,0.4375],"texture":"#1"}}},{"from":[0.32067,20.09501,5],"to":[12.32067,24.09501,11],"rotation":{"angle":22.5,"axis":"z","origin":[-8.17933,10.84501,8]},"faces":{"north":{"uv":[9.10156,0,9.41166,0.125],"texture":"#1"},"east":{"uv":[9.23077,0.4375,9.38582,0.5625],"texture":"#1"},"south":{"uv":[9.1274,0.125,9.4375,0.25],"texture":"#1"},"west":{"uv":[8.55889,1.375,8.71394,1.5],"texture":"#1"},"up":{"uv":[8.92067,1.0625,8.61058,0.875],"texture":"#1"},"down":{"uv":[9.23077,0.875,8.92067,1.0625],"texture":"#1"}}},{"from":[-12,16,5.25],"to":[-2,26,5.25],"faces":{"north":{"uv":[8.09375,0.875,8.35216,1.1875],"texture":"#1"},"east":{"uv":[8.09375,0,8.09375,0.3125],"texture":"#1"},"south":{"uv":[8.35216,0.875,8.09375,1.1875],"texture":"#1"},"west":{"uv":[8.09375,0,8.09375,0.3125],"texture":"#1"},"up":{"uv":[8.35216,0,8.09375,0],"texture":"#1"},"down":{"uv":[8.35216,0,8.09375,0],"texture":"#1"}}},{"from":[-12,16,10.75],"to":[-2,26,10.75],"faces":{"north":{"uv":[8.09375,0.875,8.35216,1.1875],"texture":"#1"},"east":{"uv":[8.09375,0,8.09375,0.3125],"texture":"#1"},"south":{"uv":[8.35216,0.875,8.09375,1.1875],"texture":"#1"},"west":{"uv":[8.09375,0,8.09375,0.3125],"texture":"#1"},"up":{"uv":[8.35216,0,8.09375,0],"texture":"#1"},"down":{"uv":[8.35216,0,8.09375,0],"texture":"#1"}}},{"from":[18,16,5.25],"to":[28,26,5.25],"rotation":{"angle":0,"axis":"y","origin":[16,0,0]},"faces":{"north":{"uv":[8.35216,0.875,8.09375,1.1875],"texture":"#1"},"east":{"uv":[8.09375,0,8.09375,0.3125],"texture":"#1"},"south":{"uv":[8.09375,0.875,8.35216,1.1875],"texture":"#1"},"west":{"uv":[8.09375,0,8.09375,0.3125],"texture":"#1"},"up":{"uv":[8.09375,0,8.35216,0],"texture":"#1"},"down":{"uv":[8.09375,0,8.35216,0],"texture":"#1"}}},{"from":[18,16,10.75],"to":[28,26,10.75],"rotation":{"angle":0,"axis":"y","origin":[16,0,0]},"faces":{"north":{"uv":[8.35216,0.875,8.09375,1.1875],"texture":"#1"},"east":{"uv":[8.09375,0,8.09375,0.3125],"texture":"#1"},"south":{"uv":[8.09375,0.875,8.35216,1.1875],"texture":"#1"},"west":{"uv":[8.09375,0,8.09375,0.3125],"texture":"#1"},"up":{"uv":[8.09375,0,8.35216,0],"texture":"#1"},"down":{"uv":[8.09375,0,8.35216,0],"texture":"#1"}}},{"from":[27.26531,8.92023,5],"to":[31.26531,17.92023,11],"rotation":{"angle":22.5,"axis":"z","origin":[26.26531,11.42023,8]},"faces":{"north":{"uv":[9.23077,0.5625,9.1274,0.84375],"texture":"#1"},"east":{"uv":[8.2488,1.1875,8.09375,1.46875],"texture":"#1"},"south":{"uv":[9.17909,1.25,9.07572,1.53125],"texture":"#1"},"west":{"uv":[9.07572,1.0625,8.92067,1.34375],"texture":"#1"},"up":{"uv":[9.17909,1.4375,9.28245,1.25],"texture":"#1"},"down":{"uv":[8.92067,1.34375,9.02404,1.53125],"texture":"#1"}}},{"from":[24.16468,15.10039,5],"to":[28.16468,25.00039,11],"rotation":{"angle":45,"axis":"z","origin":[23.16468,17.50039,8]},"faces":{"north":{"uv":[8.55889,1.1875,8.45553,1.5],"texture":"#1"},"east":{"uv":[8.92067,1.0625,8.76563,1.375],"texture":"#1"},"south":{"uv":[9.23077,0.25,9.1274,0.5625],"texture":"#1"},"west":{"uv":[8.76563,1.0625,8.61058,1.375],"texture":"#1"},"up":{"uv":[8.2488,1.5625,8.35216,1.375],"texture":"#1"},"down":{"uv":[9.23077,0.25,9.33413,0.4375],"texture":"#1"}}},{"from":[3.67933,20.09501,5],"to":[15.67933,24.09501,11],"rotation":{"angle":-22.5,"axis":"z","origin":[24.17933,10.84501,8]},"faces":{"north":{"uv":[9.41166,0,9.10156,0.125],"texture":"#1"},"east":{"uv":[8.71394,1.375,8.55889,1.5],"texture":"#1"},"south":{"uv":[9.4375,0.125,9.1274,0.25],"texture":"#1"},"west":{"uv":[9.38582,0.4375,9.23077,0.5625],"texture":"#1"},"up":{"uv":[8.61058,1.0625,8.92067,0.875],"texture":"#1"},"down":{"uv":[8.92067,0.875,9.23077,1.0625],"texture":"#1"}}}],"gui_light":"front","display":{"thirdperson_righthand":{"rotation":[75,45,0],"translation":[0,2.5,0],"scale":[0.375,0.375,0.375]},"thirdperson_lefthand":{"rotation":[75,45,0],"translation":[0,2.5,0],"scale":[0.375,0.375,0.375]},"firstperson_righthand":{"rotation":[0,45,0],"translation":[4,-0.75,0],"scale":[0.3,0.3,0.3]},"firstperson_lefthand":{"rotation":[0,45,0],"translation":[4,-0.75,0],"scale":[0.3,0.3,0.3]},"ground":{"translation":[0,2,0],"scale":[0.5,0.5,0.5]},"gui":{"rotation":[-12,147,2],"translation":[0,-5.25,0],"scale":[0.43,0.49,0.56]},"fixed":{"rotation":[0,-90,0],"translation":[0,-32,-32],"scale":[2,2,2]}}}