{"credit":"Made with Blockbench","texture_size":[64,64],"textures":{"0":"furnitures:rivrs/furnitures_color_3","particle":"furnitures:rivrs/furnitures_color_3"},"elements":[{"from":[-11.4099,-0.50431,8.1],"to":[29.5901,1.49569,8.1],"rotation":{"angle":-45,"axis":"z","origin":[8.0901,0.49569,7]},"faces":{"north":{"uv":[13.84375,13.90625,15,13.96875],"texture":"#0"},"east":{"uv":[13.84375,13.90625,13.84375,13.96875],"texture":"#0"},"south":{"uv":[13.84375,13.96875,15,14.03125],"texture":"#0"},"west":{"uv":[13.84375,13.90625,13.84375,13.96875],"texture":"#0"},"up":{"uv":[15,13.90625,13.84375,13.90625],"texture":"#0"},"down":{"uv":[15,13.90625,13.84375,13.90625],"texture":"#0"}}},{"from":[-13.5901,-0.50431,7.9],"to":[27.4099,1.49569,7.9],"rotation":{"angle":45,"axis":"z","origin":[7.9099,0.49569,7]},"faces":{"north":{"uv":[15,13.90625,13.84375,13.96875],"texture":"#0"},"east":{"uv":[13.84375,13.90625,13.84375,13.96875],"texture":"#0"},"south":{"uv":[15,13.96875,13.84375,14.03125],"texture":"#0"},"west":{"uv":[13.84375,13.90625,13.84375,13.96875],"texture":"#0"},"up":{"uv":[13.84375,13.90625,15,13.90625],"texture":"#0"},"down":{"uv":[13.84375,13.90625,15,13.90625],"texture":"#0"}}},{"from":[-8,-16,7],"to":[24,-14,9],"faces":{"north":{"uv":[13.84375,14.03125,14.84375,14.09375],"texture":"#0"},"east":{"uv":[13.84375,14.28125,13.90625,14.34375],"texture":"#0"},"south":{"uv":[13.84375,14.09375,14.84375,14.15625],"texture":"#0"},"west":{"uv":[13.90625,14.28125,13.96875,14.34375],"texture":"#0"},"up":{"uv":[14.84375,14.21875,13.84375,14.15625],"texture":"#0"},"down":{"uv":[14.84375,14.21875,13.84375,14.28125],"texture":"#0"}}},{"from":[22,-16,7],"to":[24,16,9],"rotation":{"angle":0,"axis":"y","origin":[8,0,0]},"faces":{"north":{"uv":[13.84375,14.03125,14.84375,14.09375],"rotation":90,"texture":"#0"},"east":{"uv":[14.84375,14.21875,13.84375,14.28125],"rotation":270,"texture":"#0"},"south":{"uv":[13.84375,14.09375,14.84375,14.15625],"rotation":270,"texture":"#0"},"west":{"uv":[14.84375,14.21875,13.84375,14.15625],"rotation":270,"texture":"#0"},"up":{"uv":[13.84375,14.28125,13.90625,14.34375],"rotation":270,"texture":"#0"},"down":{"uv":[13.90625,14.28125,13.96875,14.34375],"rotation":270,"texture":"#0"}}},{"from":[-8,14,7],"to":[24,16,9],"rotation":{"angle":0,"axis":"y","origin":[8,0,0]},"faces":{"north":{"uv":[13.84375,14.03125,14.84375,14.09375],"rotation":180,"texture":"#0"},"east":{"uv":[13.90625,14.28125,13.96875,14.34375],"rotation":180,"texture":"#0"},"south":{"uv":[13.84375,14.09375,14.84375,14.15625],"rotation":180,"texture":"#0"},"west":{"uv":[13.84375,14.28125,13.90625,14.34375],"rotation":180,"texture":"#0"},"up":{"uv":[14.84375,14.21875,13.84375,14.28125],"rotation":180,"texture":"#0"},"down":{"uv":[14.84375,14.21875,13.84375,14.15625],"rotation":180,"texture":"#0"}}},{"from":[-8,-16,7],"to":[-6,16,9],"rotation":{"angle":0,"axis":"y","origin":[8,0,0]},"faces":{"north":{"uv":[13.84375,14.03125,14.84375,14.09375],"rotation":270,"texture":"#0"},"east":{"uv":[14.84375,14.21875,13.84375,14.15625],"rotation":90,"texture":"#0"},"south":{"uv":[13.84375,14.09375,14.84375,14.15625],"rotation":90,"texture":"#0"},"west":{"uv":[14.84375,14.21875,13.84375,14.28125],"rotation":90,"texture":"#0"},"up":{"uv":[13.90625,14.28125,13.96875,14.34375],"rotation":90,"texture":"#0"},"down":{"uv":[13.84375,14.28125,13.90625,14.34375],"rotation":90,"texture":"#0"}}}],"gui_light":"front","display":{"thirdperson_righthand":{"translation":[0,3,1],"scale":[0.3,0.3,0.3]},"thirdperson_lefthand":{"translation":[0,3,1],"scale":[0.3,0.3,0.3]},"firstperson_righthand":{"rotation":[0,-85,0],"translation":[6.25,0,0],"scale":[0.5,0.5,0.5]},"firstperson_lefthand":{"rotation":[0,-85,0],"translation":[7.25,0,0],"scale":[0.5,0.5,0.5]},"ground":{"translation":[0,11.25,0],"scale":[0.5,0.5,0.5]},"gui":{"rotation":[15,145,0],"translation":[0,3.75,0],"scale":[0.35,0.35,0.35]},"head":{"translation":[0,0,-8.75]},"fixed":{"rotation":[90,0,0],"translation":[0,0,-16],"scale":[2,2,2]}}}