{
    "providers": [
        {"type": "ttf", "file": "minecraft:negative_spaces.ttf", "shift": [0.0, 0.0], "size": 10.0, "oversample": 1.0},
        {"type": "bitmap", "file": "minecraft:unicode/typedisplay/bug.png", "ascent": 8, "height": 8, "chars": ["\uA000"]},
        {"type": "bitmap", "file": "minecraft:unicode/typedisplay/dark.png", "ascent": 8, "height": 8, "chars": ["\uA001"]},
        {"type": "bitmap", "file": "minecraft:unicode/typedisplay/dragon.png", "ascent": 8, "height": 8, "chars": ["\uA002"]},
        {"type": "bitmap", "file": "minecraft:unicode/typedisplay/electric.png", "ascent": 8, "height": 8, "chars": ["\uA003"]},
        {"type": "bitmap", "file": "minecraft:unicode/typedisplay/fairy.png", "ascent": 8, "height": 8, "chars": ["\uA004"]},
        {"type": "bitmap", "file": "minecraft:unicode/typedisplay/fighting.png", "ascent": 8, "height": 8, "chars": ["\uA005"]},
        {"type": "bitmap", "file": "minecraft:unicode/typedisplay/fire.png", "ascent": 8, "height": 8, "chars": ["\uA006"]},
        {"type": "bitmap", "file": "minecraft:unicode/typedisplay/flying.png", "ascent": 8, "height": 8, "chars": ["\uA007"]},
        {"type": "bitmap", "file": "minecraft:unicode/typedisplay/ghost.png", "ascent": 8, "height": 8, "chars": ["\uA008"]},
        {"type": "bitmap", "file": "minecraft:unicode/typedisplay/grass.png", "ascent": 8, "height": 8, "chars": ["\uA009"]},
        {"type": "bitmap", "file": "minecraft:unicode/typedisplay/ground.png", "ascent": 8, "height": 8, "chars": ["\uA00A"]},
        {"type": "bitmap", "file": "minecraft:unicode/typedisplay/ice.png", "ascent": 8, "height": 8, "chars": ["\uA00B"]},
        {"type": "bitmap", "file": "minecraft:unicode/typedisplay/physical.png", "ascent": 6, "height": 6, "chars": ["\uA00C"]},
        {"type": "bitmap", "file": "minecraft:unicode/typedisplay/poison.png", "ascent": 8, "height": 8, "chars": ["\uA00D"]},
        {"type": "bitmap", "file": "minecraft:unicode/typedisplay/rock.png", "ascent": 8, "height": 8, "chars": ["\uA00E"]},
        {"type": "bitmap", "file": "minecraft:unicode/typedisplay/special.png", "ascent": 6, "height": 6, "chars": ["\uA00F"]},
        {"type": "bitmap", "file": "minecraft:unicode/typedisplay/status.png", "ascent": 6, "height": 6, "chars": ["\uA010"]},
        {"type": "bitmap", "file": "minecraft:unicode/typedisplay/steel.png", "ascent": 8, "height": 8, "chars": ["\uA011"]},
        {"type": "bitmap", "file": "minecraft:unicode/typedisplay/unkown.png", "ascent": 8, "height": 8, "chars": ["\uA012"]},
        {"type": "bitmap", "file": "minecraft:unicode/typedisplay/water.png", "ascent": 8, "height": 8, "chars": ["\uA013"]},
        {"type": "bitmap", "file": "minecraft:unicode/dialogue/basicmessage.png", "ascent": 11, "height": 16, "chars": ["\uA014"]},
        {"type": "bitmap", "file": "minecraft:unicode/dialogue/downarrow.png", "ascent": 8, "height": 8, "chars": ["\uA015"]},
        {"type": "bitmap", "file": "minecraft:unicode/healthbar/health.png", "ascent": 8, "height": 8, "chars": ["\uA016"]},
        {"type": "bitmap", "file": "minecraft:unicode/healthbar/damage.png", "ascent": 8, "height": 8, "chars": ["\uA017"]},
        {"type": "bitmap", "file": "minecraft:unicode/healthbar/empty.png", "ascent": 8, "height": 8, "chars": ["\uA018"]},
        {"type": "bitmap", "file": "minecraft:unicode/healthbar/framestart.png", "ascent": 8, "height": 8, "chars": ["\uA019"]},
        {"type": "bitmap", "file": "minecraft:unicode/healthbar/frameend.png", "ascent": 8, "height": 8, "chars": ["\uA01A"]},
        {"type": "bitmap", "file": "minecraft:unicode/typedisplay/psychic.png", "ascent": 8, "height": 8, "chars": ["\uA01B"]},
        {"type": "bitmap", "file": "minecraft:unicode/typedisplay/normal.png", "ascent": 8, "height": 8, "chars": ["\uA01C"]},
        {"type": "bitmap", "file": "minecraft:unicode/healthbar/darkred.png", "ascent": 8, "height": 8, "chars": ["\uA01D"]},
        {"type": "bitmap", "file": "minecraft:unicode/healthbar/yellow.png", "ascent": 8, "height": 8, "chars": ["\uA01E"]},
        {"type": "bitmap", "file": "minecraft:unicode/healthbar/white.png", "ascent": 8, "height": 8, "chars": ["\uA01F"]},
        {"type": "bitmap", "file": "minecraft:unicode/healthbar/asleep.png", "ascent": 8, "height": 8, "chars": ["\uA020"]},
        {"type": "bitmap", "file": "minecraft:unicode/healthbar/burned.png", "ascent": 8, "height": 8, "chars": ["\uA021"]},
        {"type": "bitmap", "file": "minecraft:unicode/healthbar/fainted.png", "ascent": 8, "height": 8, "chars": ["\uA022"]},
        {"type": "bitmap", "file": "minecraft:unicode/healthbar/frozen.png", "ascent": 8, "height": 8, "chars": ["\uA023"]},
        {"type": "bitmap", "file": "minecraft:unicode/healthbar/paralyzed.png", "ascent": 8, "height": 8, "chars": ["\uA024"]},
        {"type": "bitmap", "file": "minecraft:unicode/healthbar/poisoned.png", "ascent": 8, "height": 8, "chars": ["\uA025"]},
        {"type": "bitmap", "file": "minecraft:gameitems/customitems/badges/honolei_badge.png", "ascent": 8, "height": 8, "chars": ["\uA026"]},
        {"type": "bitmap", "file": "minecraft:gameitems/customitems/badges/lakecross_badge.png", "ascent": 8, "height": 8, "chars": ["\uA027"]},
        {"type": "bitmap", "file": "minecraft:gameitems/customitems/badges/whitebank_badge.png", "ascent": 8, "height": 8, "chars": ["\uA028"]},
        {"type": "bitmap", "file": "minecraft:gameitems/customitems/badges/takayama_badge.png", "ascent": 8, "height": 8, "chars": ["\uA029"]},
        {"type": "bitmap", "file": "minecraft:gameitems/customitems/badges/brokenhowl_badge.png", "ascent": 8, "height": 8, "chars": ["\uA02A"]},
        {"type": "bitmap", "file": "minecraft:gameitems/customitems/badges/kamal_badge.png", "ascent": 8, "height": 8, "chars": ["\uA02B"]},
        {"type": "bitmap", "file": "minecraft:gameitems/customitems/medicine/rare_candy.png", "ascent": 8, "height": 8, "chars": ["\uA02C"]},
        {"type": "bitmap", "file": "minecraft:unicode/icons/exp.png", "ascent": 8, "height": 10, "chars": ["\uA02D"]},
        {"type": "bitmap", "file": "minecraft:unicode/icons/pokecoin.png", "ascent": 8, "height": 8, "chars": ["\uA02E"]},
        {"type": "bitmap", "file": "minecraft:unicode/icons/pokeball.png", "ascent": 8, "height": 8, "chars": ["\uA02F"]},
        {"type": "bitmap", "file": "minecraft:gui/displays/memorycard2.png", "ascent": 7, "height": 8, "chars": ["\uA030"]},
        {"type": "bitmap", "file": "minecraft:gui/displays/memorycard1.png", "ascent": 7, "height": 8, "chars": ["\uA031"]},
        {"type": "bitmap", "file": "minecraft:gui/displays/memorycard3.png", "ascent": 7, "height": 8, "chars": ["\uA032"]},
        {"type": "bitmap", "file": "minecraft:item/filled_map.png", "ascent": 8, "height": 8, "chars": ["\uA033"]},
        {"type": "bitmap", "file": "minecraft:unicode/icons/speechbubble.png", "ascent": 8, "height": 8, "chars": ["\uA034"]},
        {"type": "bitmap", "file": "minecraft:unicode/icons/fastball.png", "ascent": 8, "height": 8, "chars": ["\uA035"]},
        {"type": "bitmap", "file": "minecraft:unicode/icons/friendball.png", "ascent": 8, "height": 8, "chars": ["\uA036"]},
        {"type": "bitmap", "file": "minecraft:unicode/icons/greatball.png", "ascent": 8, "height": 8, "chars": ["\uA037"]},
        {"type": "bitmap", "file": "minecraft:unicode/icons/gsball.png", "ascent": 8, "height": 8, "chars": ["\uA038"]},
        {"type": "bitmap", "file": "minecraft:unicode/icons/healball.png", "ascent": 8, "height": 8, "chars": ["\uA039"]},
        {"type": "bitmap", "file": "minecraft:unicode/icons/heavyball.png", "ascent": 8, "height": 8, "chars": ["\uA03A"]},
        {"type": "bitmap", "file": "minecraft:unicode/icons/levelball.png", "ascent": 8, "height": 8, "chars": ["\uA03B"]},
        {"type": "bitmap", "file": "minecraft:unicode/icons/loveball.png", "ascent": 8, "height": 8, "chars": ["\uA03C"]},
        {"type": "bitmap", "file": "minecraft:unicode/icons/lureball.png", "ascent": 8, "height": 8, "chars": ["\uA03D"]},
        {"type": "bitmap", "file": "minecraft:unicode/icons/luxuryball.png", "ascent": 8, "height": 8, "chars": ["\uA03E"]},
        {"type": "bitmap", "file": "minecraft:unicode/icons/masterball.png", "ascent": 8, "height": 8, "chars": ["\uA03F"]},
        {"type": "bitmap", "file": "minecraft:unicode/icons/moonball.png", "ascent": 8, "height": 8, "chars": ["\uA040"]},
        {"type": "bitmap", "file": "minecraft:unicode/icons/nestball.png", "ascent": 8, "height": 8, "chars": ["\uA041"]},
        {"type": "bitmap", "file": "minecraft:unicode/icons/netball.png", "ascent": 8, "height": 8, "chars": ["\uA042"]},
        {"type": "bitmap", "file": "minecraft:unicode/icons/parkball.png", "ascent": 8, "height": 8, "chars": ["\uA043"]},
        {"type": "bitmap", "file": "minecraft:unicode/icons/premierball.png", "ascent": 8, "height": 8, "chars": ["\uA044"]},
        {"type": "bitmap", "file": "minecraft:unicode/icons/quickball.png", "ascent": 8, "height": 8, "chars": ["\uA045"]},
        {"type": "bitmap", "file": "minecraft:unicode/icons/repeatball.png", "ascent": 8, "height": 8, "chars": ["\uA046"]},
        {"type": "bitmap", "file": "minecraft:unicode/icons/safariball.png", "ascent": 8, "height": 8, "chars": ["\uA047"]},
        {"type": "bitmap", "file": "minecraft:unicode/icons/sportball.png", "ascent": 8, "height": 8, "chars": ["\uA048"]},
        {"type": "bitmap", "file": "minecraft:unicode/icons/timerball.png", "ascent": 8, "height": 8, "chars": ["\uA049"]},
        {"type": "bitmap", "file": "minecraft:unicode/icons/ultraball.png", "ascent": 8, "height": 8, "chars": ["\uA04A"]},
        {"type": "bitmap", "file": "minecraft:unicode/icons/diveball.png", "ascent": 8, "height": 8, "chars": ["\uA0C6"]},
        {"type": "bitmap", "file": "minecraft:unicode/icons/pokegem.png", "ascent": 8, "height": 8, "chars": ["\uA04B"]},
        {"type": "bitmap", "file": "minecraft:unicode/dialogue/leftarrow.png", "ascent": 8, "height": 8, "chars": ["\uA04C"]},
        {"type": "bitmap", "file": "minecraft:unicode/dialogue/rightarrow.png", "ascent": 8, "height": 8, "chars": ["\uA04D"]},
        {"type": "bitmap", "file": "minecraft:unicode/healthbar/staticbar/staticbar-50.png", "ascent": 8, "height": 8, "chars": ["\uA04E"]},
        {"type": "bitmap", "file": "minecraft:unicode/healthbar/staticbar/staticbar-49.png", "ascent": 8, "height": 8, "chars": ["\uA04F"]},
        {"type": "bitmap", "file": "minecraft:unicode/healthbar/staticbar/staticbar-48.png", "ascent": 8, "height": 8, "chars": ["\uA050"]},
        {"type": "bitmap", "file": "minecraft:unicode/healthbar/staticbar/staticbar-47.png", "ascent": 8, "height": 8, "chars": ["\uA051"]},
        {"type": "bitmap", "file": "minecraft:unicode/healthbar/staticbar/staticbar-46.png", "ascent": 8, "height": 8, "chars": ["\uA052"]},
        {"type": "bitmap", "file": "minecraft:unicode/healthbar/staticbar/staticbar-45.png", "ascent": 8, "height": 8, "chars": ["\uA053"]},
        {"type": "bitmap", "file": "minecraft:unicode/healthbar/staticbar/staticbar-44.png", "ascent": 8, "height": 8, "chars": ["\uA054"]},
        {"type": "bitmap", "file": "minecraft:unicode/healthbar/staticbar/staticbar-43.png", "ascent": 8, "height": 8, "chars": ["\uA055"]},
        {"type": "bitmap", "file": "minecraft:unicode/healthbar/staticbar/staticbar-42.png", "ascent": 8, "height": 8, "chars": ["\uA056"]},
        {"type": "bitmap", "file": "minecraft:unicode/healthbar/staticbar/staticbar-41.png", "ascent": 8, "height": 8, "chars": ["\uA057"]},
        {"type": "bitmap", "file": "minecraft:unicode/healthbar/staticbar/staticbar-40.png", "ascent": 8, "height": 8, "chars": ["\uA058"]},
        {"type": "bitmap", "file": "minecraft:unicode/healthbar/staticbar/staticbar-39.png", "ascent": 8, "height": 8, "chars": ["\uA059"]},
        {"type": "bitmap", "file": "minecraft:unicode/healthbar/staticbar/staticbar-38.png", "ascent": 8, "height": 8, "chars": ["\uA05A"]},
        {"type": "bitmap", "file": "minecraft:unicode/healthbar/staticbar/staticbar-37.png", "ascent": 8, "height": 8, "chars": ["\uA05B"]},
        {"type": "bitmap", "file": "minecraft:unicode/healthbar/staticbar/staticbar-36.png", "ascent": 8, "height": 8, "chars": ["\uA05C"]},
        {"type": "bitmap", "file": "minecraft:unicode/healthbar/staticbar/staticbar-35.png", "ascent": 8, "height": 8, "chars": ["\uA05D"]},
        {"type": "bitmap", "file": "minecraft:unicode/healthbar/staticbar/staticbar-34.png", "ascent": 8, "height": 8, "chars": ["\uA05E"]},
        {"type": "bitmap", "file": "minecraft:unicode/healthbar/staticbar/staticbar-33.png", "ascent": 8, "height": 8, "chars": ["\uA05F"]},
        {"type": "bitmap", "file": "minecraft:unicode/healthbar/staticbar/staticbar-32.png", "ascent": 8, "height": 8, "chars": ["\uA060"]},
        {"type": "bitmap", "file": "minecraft:unicode/healthbar/staticbar/staticbar-31.png", "ascent": 8, "height": 8, "chars": ["\uA061"]},
        {"type": "bitmap", "file": "minecraft:unicode/healthbar/staticbar/staticbar-30.png", "ascent": 8, "height": 8, "chars": ["\uA062"]},
        {"type": "bitmap", "file": "minecraft:unicode/healthbar/staticbar/staticbar-29.png", "ascent": 8, "height": 8, "chars": ["\uA063"]},
        {"type": "bitmap", "file": "minecraft:unicode/healthbar/staticbar/staticbar-28.png", "ascent": 8, "height": 8, "chars": ["\uA064"]},
        {"type": "bitmap", "file": "minecraft:unicode/healthbar/staticbar/staticbar-27.png", "ascent": 8, "height": 8, "chars": ["\uA065"]},
        {"type": "bitmap", "file": "minecraft:unicode/healthbar/staticbar/staticbar-26.png", "ascent": 8, "height": 8, "chars": ["\uA066"]},
        {"type": "bitmap", "file": "minecraft:unicode/healthbar/staticbar/staticbar-25.png", "ascent": 8, "height": 8, "chars": ["\uA067"]},
        {"type": "bitmap", "file": "minecraft:unicode/healthbar/staticbar/staticbar-24.png", "ascent": 8, "height": 8, "chars": ["\uA068"]},
        {"type": "bitmap", "file": "minecraft:unicode/healthbar/staticbar/staticbar-23.png", "ascent": 8, "height": 8, "chars": ["\uA069"]},
        {"type": "bitmap", "file": "minecraft:unicode/healthbar/staticbar/staticbar-22.png", "ascent": 8, "height": 8, "chars": ["\uA06A"]},
        {"type": "bitmap", "file": "minecraft:unicode/healthbar/staticbar/staticbar-21.png", "ascent": 8, "height": 8, "chars": ["\uA06B"]},
        {"type": "bitmap", "file": "minecraft:unicode/healthbar/staticbar/staticbar-20.png", "ascent": 8, "height": 8, "chars": ["\uA06C"]},
        {"type": "bitmap", "file": "minecraft:unicode/healthbar/staticbar/staticbar-19.png", "ascent": 8, "height": 8, "chars": ["\uA06D"]},
        {"type": "bitmap", "file": "minecraft:unicode/healthbar/staticbar/staticbar-18.png", "ascent": 8, "height": 8, "chars": ["\uA06E"]},
        {"type": "bitmap", "file": "minecraft:unicode/healthbar/staticbar/staticbar-17.png", "ascent": 8, "height": 8, "chars": ["\uA06F"]},
        {"type": "bitmap", "file": "minecraft:unicode/healthbar/staticbar/staticbar-16.png", "ascent": 8, "height": 8, "chars": ["\uA070"]},
        {"type": "bitmap", "file": "minecraft:unicode/healthbar/staticbar/staticbar-15.png", "ascent": 8, "height": 8, "chars": ["\uA071"]},
        {"type": "bitmap", "file": "minecraft:unicode/healthbar/staticbar/staticbar-14.png", "ascent": 8, "height": 8, "chars": ["\uA072"]},
        {"type": "bitmap", "file": "minecraft:unicode/healthbar/staticbar/staticbar-13.png", "ascent": 8, "height": 8, "chars": ["\uA073"]},
        {"type": "bitmap", "file": "minecraft:unicode/healthbar/staticbar/staticbar-12.png", "ascent": 8, "height": 8, "chars": ["\uA074"]},
        {"type": "bitmap", "file": "minecraft:unicode/healthbar/staticbar/staticbar-11.png", "ascent": 8, "height": 8, "chars": ["\uA075"]},
        {"type": "bitmap", "file": "minecraft:unicode/healthbar/staticbar/staticbar-10.png", "ascent": 8, "height": 8, "chars": ["\uA076"]},
        {"type": "bitmap", "file": "minecraft:unicode/healthbar/staticbar/staticbar-9.png", "ascent": 8, "height": 8, "chars": ["\uA077"]},
        {"type": "bitmap", "file": "minecraft:unicode/healthbar/staticbar/staticbar-8.png", "ascent": 8, "height": 8, "chars": ["\uA078"]},
        {"type": "bitmap", "file": "minecraft:unicode/healthbar/staticbar/staticbar-7.png", "ascent": 8, "height": 8, "chars": ["\uA079"]},
        {"type": "bitmap", "file": "minecraft:unicode/healthbar/staticbar/staticbar-6.png", "ascent": 8, "height": 8, "chars": ["\uA07A"]},
        {"type": "bitmap", "file": "minecraft:unicode/healthbar/staticbar/staticbar-5.png", "ascent": 8, "height": 8, "chars": ["\uA07B"]},
        {"type": "bitmap", "file": "minecraft:unicode/healthbar/staticbar/staticbar-4.png", "ascent": 8, "height": 8, "chars": ["\uA07C"]},
        {"type": "bitmap", "file": "minecraft:unicode/healthbar/staticbar/staticbar-3.png", "ascent": 8, "height": 8, "chars": ["\uA07D"]},
        {"type": "bitmap", "file": "minecraft:unicode/healthbar/staticbar/staticbar-2.png", "ascent": 8, "height": 8, "chars": ["\uA07E"]},
        {"type": "bitmap", "file": "minecraft:unicode/healthbar/staticbar/staticbar-1.png", "ascent": 8, "height": 8, "chars": ["\uA07F"]},
        {"type": "bitmap", "file": "minecraft:unicode/healthbar/staticbar/staticbar-0.png", "ascent": 8, "height": 8, "chars": ["\uA080"]},
        {"type": "bitmap", "file": "minecraft:unicode/dialogue/basicdoublemessage.png", "ascent": 24, "height": 24, "chars": ["\uA081"]},
        {"type": "bitmap", "file": "minecraft:unicode/icons/duskball.png", "ascent": 8, "height": 8, "chars": ["\uA082"]},
        {"type": "bitmap", "file": "minecraft:unicode/icons/trainers/beginner_trainer.png", "ascent": 7, "height": 8, "chars": ["\uA083"]},
        {"type": "bitmap", "file": "minecraft:unicode/icons/trainers/tactical_trainer.png", "ascent": 7, "height": 8, "chars": ["\uA084"]},
        {"type": "bitmap", "file": "minecraft:unicode/icons/trainers/expert_trainer.png", "ascent": 7, "height": 8, "chars": ["\uA085"]},
        {"type": "bitmap", "file": "minecraft:unicode/dialogue/uparrow.png", "ascent": 8, "height": 8, "chars": ["\uA086"]},
        {"type": "bitmap", "file": "minecraft:unicode/icons/reddown.png", "ascent": 8, "height": 8, "chars": ["\uA087"]},
        {"type": "bitmap", "file": "minecraft:unicode/icons/greenup.png", "ascent": 8, "height": 8, "chars": ["\uA088"]},
        {"type": "bitmap", "file": "minecraft:unicode/icons/exclamation-red.png", "ascent": 8, "height": 8, "chars": ["\uA089"]},
        {"type": "bitmap", "file": "minecraft:unicode/icons/exclamation-green.png", "ascent": 8, "height": 8, "chars": ["\uA08A"]},
        {"type": "bitmap", "file": "minecraft:unicode/icons/exclamation-yellow.png", "ascent": 8, "height": 8, "chars": ["\uA08B"]},
        {"type": "bitmap", "file": "minecraft:unicode/icons/checkmark-basic.png", "ascent": 8, "height": 8, "chars": ["\uA08C"]},
        {"type": "bitmap", "file": "minecraft:unicode/icons/x.png", "ascent": 8, "height": 8, "chars": ["\uA08D"]},
        {"type": "bitmap", "file": "minecraft:unicode/icons/exclamation-basic.png", "ascent": 8, "height": 8, "chars": ["\uA08E"]},
        {"type": "bitmap", "file": "minecraft:unicode/icons/checkmark.png", "ascent": 8, "height": 8, "chars": ["\uA08F"]},
        {"type": "bitmap", "file": "minecraft:unicode/icons/party_pokeball.png", "ascent": 8, "height": 8, "chars": ["\uA090"]},
        {"type": "bitmap", "file": "minecraft:unicode/icons/party_pokeball-status.png", "ascent": 8, "height": 8, "chars": ["\uA091"]},
        {"type": "bitmap", "file": "minecraft:unicode/icons/party_pokeball-empty.png", "ascent": 8, "height": 8, "chars": ["\uA092"]},
        {"type": "bitmap", "file": "minecraft:unicode/emotes/face_with_open_mouth.png", "ascent": 8, "height": 8, "chars": ["\uA093"]},
        {"type": "bitmap", "file": "minecraft:unicode/emotes/face_with_tears_of_joy.png", "ascent": 8, "height": 8, "chars": ["\uA094"]},
        {"type": "bitmap", "file": "minecraft:unicode/emotes/grimacing_face.png", "ascent": 8, "height": 8, "chars": ["\uA095"]},
        {"type": "bitmap", "file": "minecraft:unicode/emotes/grinning_face.png", "ascent": 8, "height": 8, "chars": ["\uA096"]},
        {"type": "bitmap", "file": "minecraft:unicode/emotes/grinning_squinting_face.png", "ascent": 8, "height": 8, "chars": ["\uA097"]},
        {"type": "bitmap", "file": "minecraft:unicode/emotes/loudly_crying_face.png", "ascent": 8, "height": 8, "chars": ["\uA098"]},
        {"type": "bitmap", "file": "minecraft:unicode/emotes/thinking_face.png", "ascent": 8, "height": 8, "chars": ["\uA099"]},
        {"type": "bitmap", "file": "minecraft:unicode/icons/pixelverse/pixelverse-0.png", "ascent": 10, "height": 14, "chars": ["\uA09A"]},
        {"type": "bitmap", "file": "minecraft:unicode/icons/pixelverse/pixelverse-0.png", "ascent": 10, "height": 14, "chars": ["\uA09A"]},
        {"type": "bitmap", "file": "minecraft:unicode/icons/pixelverse/pixelverse-1.png", "ascent": 10, "height": 14, "chars": ["\uA09B"]},
        {"type": "bitmap", "file": "minecraft:unicode/icons/pixelverse/pixelverse-2.png", "ascent": 10, "height": 14, "chars": ["\uA09C"]},
        {"type": "bitmap", "file": "minecraft:unicode/icons/pixelverse/pixelverse-3.png", "ascent": 10, "height": 14, "chars": ["\uA09D"]},
        {"type": "bitmap", "file": "minecraft:unicode/icons/pixelverse/pixelverse-4.png", "ascent": 10, "height": 14, "chars": ["\uA09E"]},
        {"type": "bitmap", "file": "minecraft:unicode/icons/pixelverse/pixelverse-5.png", "ascent": 10, "height": 14, "chars": ["\uA09F"]},
        {"type": "bitmap", "file": "minecraft:unicode/icons/pixelverse/pixelverse-6.png", "ascent": 10, "height": 14, "chars": ["\uA0A0"]},
        {"type": "bitmap", "file": "minecraft:unicode/icons/pixelverse/pixelverse-7.png", "ascent": 10, "height": 14, "chars": ["\uA0A1"]},
        {"type": "bitmap", "file": "minecraft:unicode/icons/pixelverse/pixelverse-8.png", "ascent": 10, "height": 14, "chars": ["\uA0A2"]},
        {"type": "bitmap", "file": "minecraft:unicode/icons/pixelverse/pixelverse-9.png", "ascent": 10, "height": 14, "chars": ["\uA0A3"]},
        {"type": "bitmap", "file": "minecraft:unicode/icons/pixelverse/pixelverse-10.png", "ascent": 10, "height": 14, "chars": ["\uA0A4"]},
        {"type": "bitmap", "file": "minecraft:unicode/icons/pixelverse/pixelverse-11.png", "ascent": 10, "height": 14, "chars": ["\uA0A5"]},
        {"type": "bitmap", "file": "minecraft:unicode/icons/pixelverse/pixelverse-12.png", "ascent": 10, "height": 14, "chars": ["\uA0A6"]},
        {"type": "bitmap", "file": "minecraft:unicode/icons/pixelverse/pixelverse-13.png", "ascent": 10, "height": 14, "chars": ["\uA0A7"]},
        {"type": "bitmap", "file": "minecraft:unicode/icons/pixelverse/pixelverse-14.png", "ascent": 10, "height": 14, "chars": ["\uA0A8"]},
        {"type": "bitmap", "file": "minecraft:unicode/icons/pixelverse/pixelverse-15.png", "ascent": 10, "height": 14, "chars": ["\uA0A9"]},
        {"type": "bitmap", "file": "minecraft:unicode/icons/pixelverse/pixelverse-16.png", "ascent": 10, "height": 14, "chars": ["\uA0AA"]},
        {"type": "bitmap", "file": "minecraft:unicode/icons/pixelverse/pixelverse-17.png", "ascent": 10, "height": 14, "chars": ["\uA0AB"]},
        {"type": "bitmap", "file": "minecraft:unicode/icons/pixelverse/pixelverse-18.png", "ascent": 10, "height": 14, "chars": ["\uA0AC"]},
        {"type": "bitmap", "file": "minecraft:unicode/icons/pixelverse/pixelverse-19.png", "ascent": 10, "height": 14, "chars": ["\uA0AD"]},
        {"type": "bitmap", "file": "minecraft:unicode/icons/pixelverse/pixelverse-20.png", "ascent": 10, "height": 14, "chars": ["\uA0AE"]},
        {"type": "bitmap", "file": "minecraft:unicode/icons/pixelverse/pixelverse-21.png", "ascent": 10, "height": 14, "chars": ["\uA0AF"]},
        {"type": "bitmap", "file": "minecraft:unicode/icons/pixelverse/pixelverse-22.png", "ascent": 10, "height": 14, "chars": ["\uA0B0"]},
        {"type": "bitmap", "file": "minecraft:unicode/icons/alolan.png", "ascent": 8, "height": 8, "chars": ["\uA0B1"]},
        {"type": "bitmap", "file": "minecraft:unicode/icons/shiny.png", "ascent": 8, "height": 8, "chars": ["\uA0B2"]},
        {"type": "bitmap", "file": "minecraft:unicode/icons/no_effect_help.png", "ascent": 8, "height": 8, "chars": ["\uA0B3"]},
        {"type": "bitmap", "file": "minecraft:unicode/icons/not_effective_help.png", "ascent": 8, "height": 8, "chars": ["\uA0B4"]},
        {"type": "bitmap", "file": "minecraft:unicode/icons/effective_help.png", "ascent": 8, "height": 8, "chars": ["\uA0B5"]},
        {"type": "bitmap", "file": "minecraft:unicode/icons/super_effective_help.png", "ascent": 8, "height": 8, "chars": ["\uA0B6"]},
		{"type": "bitmap", "file": "minecraft:gui/displays/battlepoints.png", "ascent": 10, "height": 14, "chars": ["\uA0B7"]},
		{"type": "bitmap", "file": "minecraft:unicode/icons/players/pro_player.png", "ascent": 7, "height": 8, "chars": ["\uA0B8"]},
        {"type": "bitmap", "file": "minecraft:unicode/icons/players/ace_player.png", "ascent": 7, "height": 8, "chars": ["\uA0B9"]},
        {"type": "bitmap", "file": "minecraft:unicode/icons/players/ultra_player.png", "ascent": 7, "height": 8, "chars": ["\uA0BA"]},
        {"type": "bitmap", "file": "minecraft:unicode/icons/players/master_player.png", "ascent": 7, "height": 8, "chars": ["\uA0BB"]},
        {"type": "bitmap", "file": "minecraft:unicode/icons/players/mythic_player.png", "ascent": 7, "height": 8, "chars": ["\uA0BC"]},
        {"type": "bitmap", "file": "minecraft:unicode/dialogue/textinputborder.png", "ascent": 41, "height": 48, "chars": ["\uA0BD"]},
        {"type": "bitmap", "file": "minecraft:gameitems/customitems/badges/wild_rock_badge.png", "ascent": 8, "height": 8, "chars": ["\uA0BE"]},
        {"type": "bitmap", "file": "minecraft:gameitems/customitems/badges/wild_grass_badge.png", "ascent": 8, "height": 8, "chars": ["\uA0BF"]},
        {"type": "bitmap", "file": "minecraft:gameitems/customitems/badges/wild_ghost_badge.png", "ascent": 8, "height": 8, "chars": ["\uA0C0"]},
        {"type": "bitmap", "file": "minecraft:gameitems/customitems/badges/wild_fighting_badge.png", "ascent": 8, "height": 8, "chars": ["\uA0C1"]},
        {"type": "bitmap", "file": "minecraft:gameitems/customitems/badges/wild_water_badge.png", "ascent": 8, "height": 8, "chars": ["\uA0C2"]},
        {"type": "bitmap", "file": "minecraft:gameitems/customitems/badges/wild_steel_badge.png", "ascent": 8, "height": 8, "chars": ["\uA0C3"]},
        {"type": "bitmap", "file": "minecraft:gameitems/customitems/badges/wild_ice_badge.png", "ascent": 8, "height": 8, "chars": ["\uA0C4"]},
        {"type": "bitmap", "file": "minecraft:gameitems/customitems/badges/wild_electric_badge.png", "ascent": 8, "height": 8, "chars": ["\uA0C5"]},
        {"type": "bitmap", "file": "minecraft:gameitems/customitems/badges/wild_challenge_badge_1.png", "ascent": 8, "height": 8, "chars": ["\uA0C7"]},
        {"type": "bitmap", "file": "minecraft:gameitems/customitems/badges/wild_challenge_badge_2.png", "ascent": 8, "height": 8, "chars": ["\uA0C8"]},
        {"type": "bitmap", "file": "minecraft:gameitems/customitems/badges/wild_challenge_badge_3.png", "ascent": 8, "height": 8, "chars": ["\uA0C9"]},
        {"type": "bitmap", "file": "minecraft:gameitems/customitems/badges/wild_challenge_badge_4.png", "ascent": 8, "height": 8, "chars": ["\uA0CA"]},
        {"type": "bitmap", "file": "minecraft:gameitems/customitems/badges/wild_challenge_badge_5.png", "ascent": 8, "height": 8, "chars": ["\uA0CB"]},
        {"type": "bitmap", "file": "minecraft:gameitems/customitems/badges/wild_challenge_badge_6.png", "ascent": 8, "height": 8, "chars": ["\uA0CC"]},
        {"type": "bitmap", "file": "minecraft:gameitems/customitems/badges/wild_challenge_badge_7.png", "ascent": 8, "height": 8, "chars": ["\uA0CD"]},
        {"type": "bitmap", "file": "minecraft:gameitems/customitems/badges/wild_challenge_badge_8.png", "ascent": 8, "height": 8, "chars": ["\uA0CE"]},
        {"type": "bitmap", "file": "minecraft:unicode/icons/players/legendary_player.png", "ascent": 8, "height": 8, "chars": ["\uA0CF"]}
	]
}