{"parent":"minecraft:item/handheld","textures":{"layer0":"minecraft:item/diamond_axe"},"overrides":[{"predicate":{"custom_model_data":8002},"model":"elitecreatures:diablo_weapon_set/axe"},{"predicate":{"custom_model_data":8003},"model":"elitecreatures:diablo_weapon_set/hammer"},{"predicate":{"custom_model_data":10000},"model":"rpgbundle_vol2:ia_auto_gen/rpgbundle_vol2_axe1"},{"predicate":{"custom_model_data":10001},"model":"rpgbundle_vol2:ia_auto_gen/rpgbundle_vol2_axe2"},{"predicate":{"custom_model_data":10002},"model":"rpgbundle_vol2:ia_auto_gen/rpgbundle_vol2_axe3"},{"predicate":{"custom_model_data":10003},"model":"rpgbundle_vol2:ia_auto_gen/rpgbundle_vol2_axe4"},{"predicate":{"custom_model_data":10004},"model":"rpgbundle_vol2:ia_auto_gen/rpgbundle_vol2_axe5"},{"predicate":{"custom_model_data":10005},"model":"rpgbundle_vol2:ia_auto_gen/rpgbundle_vol2_axe6"},{"predicate":{"custom_model_data":10006},"model":"rpgbundle_vol2:ia_auto_gen/rpgbundle_vol2_axe7"},{"predicate":{"custom_model_data":10007},"model":"holy_knight:axe"},{"predicate":{"custom_model_data":10008},"model":"holy_knight:hammer"},{"predicate":{"custom_model_data":10009},"model":"item/diamond_axe"}]}