{"parent":"minecraft:item/handheld","textures":{"layer0":"minecraft:item/diamond_sword"},"overrides":[{"predicate":{"custom_model_data":10011},"model":"itemskin:item/warrior_sword"},{"predicate":{"custom_model_data":10012},"model":"itemskin:item/abyssion_sword"},{"predicate":{"custom_model_data":10013},"model":"itemskin:item/abyssion_sword_shiny"},{"predicate":{"custom_model_data":10014},"model":"itemskin:item/excalibur"},{"predicate":{"custom_model_data":10015},"model":"itemskin:item/flamos_scythe"},{"predicate":{"custom_model_data":10016},"model":"itemskin:item/flamos_scythe_shiny"},{"predicate":{"custom_model_data":10017},"model":"itemskin:item/steampunk_sword"},{"predicate":{"custom_model_data":10018},"model":"itemskin:item/warrior_sword_shiny"},{"predicate":{"custom_model_data":10019},"model":"item/diamond_sword"}]}