{"parent":"item/handheld_rod","textures":{"layer0":"item/fishing_rod"},"overrides":[{"predicate":{"cast":1},"model":"item/fishing_rod_cast"},{"predicate":{"custom_model_data":10000},"model":"saint_patricks_v1:fishing_rod"},{"predicate":{"cast":1,"custom_model_data":10000},"model":"saint_patricks_v1:fishing_rod_cast"},{"predicate":{"custom_model_data":10001},"model":"saint_patricks_v2:fishing_rod"},{"predicate":{"cast":1,"custom_model_data":10001},"model":"saint_patricks_v2:fishing_rod_cast"},{"predicate":{"custom_model_data":10006},"model":"evergreenset:fishing_rod"},{"predicate":{"cast":1,"custom_model_data":10006},"model":"evergreenset:fishing_rod_cast"},{"predicate":{"custom_model_data":10007},"model":"elitecreatures:diablo_weapon_set/fishing_rod"},{"predicate":{"cast":1,"custom_model_data":10007},"model":"elitecreatures:diablo_weapon_set/fishing_rod_cast"},{"predicate":{"custom_model_data":10008},"model":"discordnitroset:fishing_rod"},{"predicate":{"cast":1,"custom_model_data":10008},"model":"discordnitroset:fishing_rod_cast"},{"predicate":{"custom_model_data":10009},"model":"thunderboltset:fishing_rod"},{"predicate":{"cast":1,"custom_model_data":10009},"model":"thunderboltset:fishing_rod_cast"},{"predicate":{"custom_model_data":10010},"model":"item/fishing_rod"}]}