{"parent":"minecraft:item/handheld","textures":{"layer0":"minecraft:item/iron_shovel"},"overrides":[{"predicate":{"custom_model_data":8005},"model":"elitecreatures:diablo_weapon_set/shovel"},{"predicate":{"custom_model_data":10000},"model":"evergreenset:shovel"},{"predicate":{"custom_model_data":10001},"model":"saint_patricks_v1:shovel"},{"predicate":{"custom_model_data":10002},"model":"discordnitroset:shovel"},{"predicate":{"custom_model_data":10003},"model":"thunderboltset:shovel"},{"predicate":{"custom_model_data":10004},"model":"saint_patricks_v2:shovel"},{"predicate":{"custom_model_data":10005},"model":"valerieset:shovel"},{"predicate":{"custom_model_data":10006},"model":"elitecreatures:fantasy_roman_warrior/shovel"},{"predicate":{"custom_model_data":10007},"model":"item/iron_shovel"}]}