{"parent":"minecraft:item/handheld","textures":{"layer0":"minecraft:item/iron_sword"},"overrides":[{"predicate":{"custom_model_data":4000},"model":"elitecreatures:diablo_weapon_set/sword_2"},{"predicate":{"custom_model_data":5009},"model":"elitecreatures:diablo_weapon_set/sword"},{"predicate":{"custom_model_data":8006},"model":"elitecreatures:diablo_weapon_set/spear"},{"predicate":{"custom_model_data":10000},"model":"saint_patricks_v1:hammer"},{"predicate":{"custom_model_data":10001},"model":"saint_patricks_v1:spear"},{"predicate":{"custom_model_data":10002},"model":"saint_patricks_v1:sword"},{"predicate":{"custom_model_data":10003},"model":"saint_patricks_v1:sickle"},{"predicate":{"custom_model_data":10004},"model":"saint_patricks_v1:staff"},{"predicate":{"custom_model_data":10005},"model":"evergreenset:hammer"},{"predicate":{"custom_model_data":10006},"model":"evergreenset:spear"},{"predicate":{"custom_model_data":10007},"model":"evergreenset:sword"},{"predicate":{"custom_model_data":10008},"model":"evergreenset:scythe"},{"predicate":{"custom_model_data":10009},"model":"evergreenset:staff"},{"predicate":{"custom_model_data":10010},"model":"evergreenset:greatsword"},{"predicate":{"custom_model_data":10011},"model":"evergreenset:trident"},{"predicate":{"custom_model_data":10012},"model":"elitecreatures:diablo_weapon_set/dagger"},{"predicate":{"custom_model_data":10013},"model":"saint_patricks_v1:quiver"},{"predicate":{"custom_model_data":10014},"model":"elitecreatures:diablo_weapon_set/staff"},{"predicate":{"custom_model_data":10015},"model":"saint_patricks_v1:grenade"},{"predicate":{"custom_model_data":10016},"model":"saint_patricks_v2:hammer"},{"predicate":{"custom_model_data":10017},"model":"discordnitroset:hammer"},{"predicate":{"custom_model_data":10018},"model":"discordnitroset:spear"},{"predicate":{"custom_model_data":10019},"model":"discordnitroset:sword"},{"predicate":{"custom_model_data":10020},"model":"discordnitroset:scythe"},{"predicate":{"custom_model_data":10021},"model":"discordnitroset:staff"},{"predicate":{"custom_model_data":10022},"model":"discordnitroset:greatsword"},{"predicate":{"custom_model_data":10023},"model":"discordnitroset:trident"},{"predicate":{"custom_model_data":10024},"model":"thunderboltset:hammer"},{"predicate":{"custom_model_data":10025},"model":"thunderboltset:spear"},{"predicate":{"custom_model_data":10026},"model":"thunderboltset:sword"},{"predicate":{"custom_model_data":10027},"model":"thunderboltset:scythe"},{"predicate":{"custom_model_data":10028},"model":"saint_patricks_v2:spear"},{"predicate":{"custom_model_data":10029},"model":"saint_patricks_v2:sword"},{"predicate":{"custom_model_data":10030},"model":"saint_patricks_v2:sickle"},{"predicate":{"custom_model_data":10031},"model":"saint_patricks_v2:staff"},{"predicate":{"custom_model_data":10032},"model":"saint_patricks_v2:quiver"},{"predicate":{"custom_model_data":10033},"model":"saint_patricks_v2:grenade"},{"predicate":{"custom_model_data":10034},"model":"valerieset:hammer"},{"predicate":{"custom_model_data":10035},"model":"valerieset:spear"},{"predicate":{"custom_model_data":10036},"model":"valerieset:sword"},{"predicate":{"custom_model_data":10037},"model":"valerieset:scythe"},{"predicate":{"custom_model_data":10038},"model":"valerieset:staff"},{"predicate":{"custom_model_data":10039},"model":"valerieset:greatsword"},{"predicate":{"custom_model_data":10040},"model":"valerieset:trident"},{"predicate":{"custom_model_data":10041},"model":"elitecreatures:fantasy_roman_warrior/dagger"},{"predicate":{"custom_model_data":10042},"model":"elitecreatures:fantasy_roman_warrior/spear"},{"predicate":{"custom_model_data":10043},"model":"elitecreatures:fantasy_roman_warrior/sword"},{"predicate":{"custom_model_data":10044},"model":"item/iron_sword"}]}