{"parent":"minecraft:item/handheld","textures":{"layer0":"minecraft:item/iron_pickaxe"},"overrides":[{"predicate":{"custom_model_data":8000},"model":"elitecreatures:diablo_weapon_set/pickaxe"},{"predicate":{"custom_model_data":10000},"model":"saint_patricks_v1:pickaxe"},{"predicate":{"custom_model_data":10001},"model":"evergreenset:pickaxe"},{"predicate":{"custom_model_data":10002},"model":"saint_patricks_v2:pickaxe"},{"predicate":{"custom_model_data":10003},"model":"discordnitroset:pickaxe"},{"predicate":{"custom_model_data":10004},"model":"thunderboltset:pickaxe"},{"predicate":{"custom_model_data":10005},"model":"valerieset:pickaxe"},{"predicate":{"custom_model_data":10006},"model":"elitecreatures:fantasy_roman_warrior/pickaxe"},{"predicate":{"custom_model_data":10007},"model":"item/iron_pickaxe"}]}