{"parent":"item/generated","textures":{"layer0":"item/leather_leggings","layer1":"item/leather_leggings_overlay"},"overrides":[{"predicate":{"custom_model_data":10000},"model":"saint_patricks_v1:ia_auto_gen/saint_patricks_leggings"},{"predicate":{"custom_model_data":10001},"model":"saint_patricks_v2:ia_auto_gen/saint_patricks_leggings"},{"predicate":{"custom_model_data":10005},"model":"evergreenset:ia_auto_gen/evergreenleggings"},{"predicate":{"custom_model_data":10006},"model":"elitecreatures:ia_auto_gen/diablo_weapon_set_leggings"},{"predicate":{"custom_model_data":10007},"model":"discordnitroset:ia_auto_gen/discordnitroleggings"},{"predicate":{"custom_model_data":10008},"model":"thunderboltset:ia_auto_gen/thunderboltleggings"},{"predicate":{"custom_model_data":10009},"model":"item/leather_leggings"}]}