{"parent":"item/generated","textures":{"layer0":"item/leather_helmet","layer1":"item/leather_helmet_overlay"},"overrides":[{"predicate":{"custom_model_data":10000},"model":"saint_patricks_v1:ia_auto_gen/saint_patricks_helmet_icon"},{"predicate":{"custom_model_data":10001},"model":"saint_patricks_v2:ia_auto_gen/saint_patricks_helmet_icon"},{"predicate":{"custom_model_data":10004},"model":"elitecreatures:ia_auto_gen/diablo_weapon_set_helmet"},{"predicate":{"custom_model_data":10005},"model":"discordnitroset:ia_auto_gen/discordnitro_helmet_icon"},{"predicate":{"custom_model_data":10006},"model":"item/leather_helmet"}]}