{"parent":"item/generated","textures":{"layer0":"item/leather_chestplate","layer1":"item/leather_chestplate_overlay"},"overrides":[{"predicate":{"custom_model_data":10000},"model":"saint_patricks_v1:ia_auto_gen/saint_patricks_chestplate"},{"predicate":{"custom_model_data":10001},"model":"saint_patricks_v2:ia_auto_gen/saint_patricks_chestplate"},{"predicate":{"custom_model_data":10005},"model":"evergreenset:ia_auto_gen/evergreenchestplate"},{"predicate":{"custom_model_data":10006},"model":"elitecreatures:ia_auto_gen/diablo_weapon_set_chestplate"},{"predicate":{"custom_model_data":10007},"model":"discordnitroset:ia_auto_gen/discordnitrochestplate"},{"predicate":{"custom_model_data":10008},"model":"thunderboltset:ia_auto_gen/thunderboltchestplate"},{"predicate":{"custom_model_data":10009},"model":"item/leather_chestplate"}]}