{"parent":"minecraft:item/generated","textures":{"layer0":"minecraft:item/leather_horse_armor"},"overrides":[{"predicate":{"custom_model_data":1},"model":"modelengine:atlas_companion/antenna"},{"predicate":{"custom_model_data":2},"model":"modelengine:atlas_companion/head"},{"predicate":{"custom_model_data":3},"model":"modelengine:atlas_companion/f_happy"},{"predicate":{"custom_model_data":4},"model":"modelengine:atlas_companion/f_blink"},{"predicate":{"custom_model_data":5},"model":"modelengine:atlas_companion/f_annoyed"},{"predicate":{"custom_model_data":6},"model":"modelengine:atlas_companion/f_curious"},{"predicate":{"custom_model_data":7},"model":"modelengine:atlas_companion/f_lol"},{"predicate":{"custom_model_data":8},"model":"modelengine:atlas_companion/right_arm"},{"predicate":{"custom_model_data":9},"model":"modelengine:atlas_companion/left_arm"},{"predicate":{"custom_model_data":10},"model":"modelengine:atlas_companion/exhaust"},{"predicate":{"custom_model_data":11},"model":"modelengine:atlas_companion/body"},{"predicate":{"custom_model_data":12},"model":"modelengine:destructible_loot_pot/piece_1"},{"predicate":{"custom_model_data":13},"model":"modelengine:destructible_loot_pot/piece_2"},{"predicate":{"custom_model_data":14},"model":"modelengine:destructible_loot_pot/piece_3"},{"predicate":{"custom_model_data":15},"model":"modelengine:destructible_loot_pot/piece_4"},{"predicate":{"custom_model_data":16},"model":"modelengine:dragon_desert/upper_body"},{"predicate":{"custom_model_data":17},"model":"modelengine:dragon_desert/stomach"},{"predicate":{"custom_model_data":18},"model":"modelengine:dragon_desert/chest"},{"predicate":{"custom_model_data":19},"model":"modelengine:dragon_desert/upper_neck"},{"predicate":{"custom_model_data":20},"model":"modelengine:dragon_desert/head"},{"predicate":{"custom_model_data":21},"model":"modelengine:dragon_desert/jaw"},{"predicate":{"custom_model_data":22},"model":"modelengine:dragon_desert/neck"},{"predicate":{"custom_model_data":23},"model":"modelengine:dragon_desert/left_wing"},{"predicate":{"custom_model_data":24},"model":"modelengine:dragon_desert/left_wing_mid"},{"predicate":{"custom_model_data":25},"model":"modelengine:dragon_desert/left_wing_end"},{"predicate":{"custom_model_data":26},"model":"modelengine:dragon_desert/right_wing"},{"predicate":{"custom_model_data":27},"model":"modelengine:dragon_desert/right_wing_mid"},{"predicate":{"custom_model_data":28},"model":"modelengine:dragon_desert/right_wing_end"},{"predicate":{"custom_model_data":29},"model":"modelengine:dragon_desert/left_arm"},{"predicate":{"custom_model_data":30},"model":"modelengine:dragon_desert/left_wrist"},{"predicate":{"custom_model_data":31},"model":"modelengine:dragon_desert/left_hand"},{"predicate":{"custom_model_data":32},"model":"modelengine:dragon_desert/right_arm"},{"predicate":{"custom_model_data":33},"model":"modelengine:dragon_desert/right_wrist"},{"predicate":{"custom_model_data":34},"model":"modelengine:dragon_desert/right_hand"},{"predicate":{"custom_model_data":35},"model":"modelengine:dragon_desert/tail"},{"predicate":{"custom_model_data":36},"model":"modelengine:dragon_desert/tail_2"},{"predicate":{"custom_model_data":37},"model":"modelengine:dragon_desert/tail_3"},{"predicate":{"custom_model_data":38},"model":"modelengine:dragon_desert/tail_end"},{"predicate":{"custom_model_data":39},"model":"modelengine:dragon_desert/left_thigh"},{"predicate":{"custom_model_data":40},"model":"modelengine:dragon_desert/left_leg"},{"predicate":{"custom_model_data":41},"model":"modelengine:dragon_desert/left_ankle"},{"predicate":{"custom_model_data":42},"model":"modelengine:dragon_desert/left_foot"},{"predicate":{"custom_model_data":43},"model":"modelengine:dragon_desert/right_thigh"},{"predicate":{"custom_model_data":44},"model":"modelengine:dragon_desert/right_leg"},{"predicate":{"custom_model_data":45},"model":"modelengine:dragon_desert/right_ankle"},{"predicate":{"custom_model_data":46},"model":"modelengine:dragon_desert/right_foot"},{"predicate":{"custom_model_data":47},"model":"modelengine:dragon_glacial/upper_body"},{"predicate":{"custom_model_data":48},"model":"modelengine:dragon_glacial/stomach"},{"predicate":{"custom_model_data":49},"model":"modelengine:dragon_glacial/chest"},{"predicate":{"custom_model_data":50},"model":"modelengine:dragon_glacial/upper_neck"},{"predicate":{"custom_model_data":51},"model":"modelengine:dragon_glacial/head"},{"predicate":{"custom_model_data":52},"model":"modelengine:dragon_glacial/jaw"},{"predicate":{"custom_model_data":53},"model":"modelengine:dragon_glacial/neck"},{"predicate":{"custom_model_data":54},"model":"modelengine:dragon_glacial/left_wing"},{"predicate":{"custom_model_data":55},"model":"modelengine:dragon_glacial/left_wing_mid"},{"predicate":{"custom_model_data":56},"model":"modelengine:dragon_glacial/left_wing_end"},{"predicate":{"custom_model_data":57},"model":"modelengine:dragon_glacial/right_wing"},{"predicate":{"custom_model_data":58},"model":"modelengine:dragon_glacial/right_wing_mid"},{"predicate":{"custom_model_data":59},"model":"modelengine:dragon_glacial/right_wing_end"},{"predicate":{"custom_model_data":60},"model":"modelengine:dragon_glacial/left_arm"},{"predicate":{"custom_model_data":61},"model":"modelengine:dragon_glacial/left_wrist"},{"predicate":{"custom_model_data":62},"model":"modelengine:dragon_glacial/left_hand"},{"predicate":{"custom_model_data":63},"model":"modelengine:dragon_glacial/right_arm"},{"predicate":{"custom_model_data":64},"model":"modelengine:dragon_glacial/right_wrist"},{"predicate":{"custom_model_data":65},"model":"modelengine:dragon_glacial/right_hand"},{"predicate":{"custom_model_data":66},"model":"modelengine:dragon_glacial/tail"},{"predicate":{"custom_model_data":67},"model":"modelengine:dragon_glacial/tail_2"},{"predicate":{"custom_model_data":68},"model":"modelengine:dragon_glacial/tail_3"},{"predicate":{"custom_model_data":69},"model":"modelengine:dragon_glacial/tail_end"},{"predicate":{"custom_model_data":70},"model":"modelengine:dragon_glacial/left_thigh"},{"predicate":{"custom_model_data":71},"model":"modelengine:dragon_glacial/left_leg"},{"predicate":{"custom_model_data":72},"model":"modelengine:dragon_glacial/left_ankle"},{"predicate":{"custom_model_data":73},"model":"modelengine:dragon_glacial/left_foot"},{"predicate":{"custom_model_data":74},"model":"modelengine:dragon_glacial/right_thigh"},{"predicate":{"custom_model_data":75},"model":"modelengine:dragon_glacial/right_leg"},{"predicate":{"custom_model_data":76},"model":"modelengine:dragon_glacial/right_ankle"},{"predicate":{"custom_model_data":77},"model":"modelengine:dragon_glacial/right_foot"},{"predicate":{"custom_model_data":78},"model":"modelengine:dragon_nether/upper_body"},{"predicate":{"custom_model_data":79},"model":"modelengine:dragon_nether/stomach"},{"predicate":{"custom_model_data":80},"model":"modelengine:dragon_nether/chest"},{"predicate":{"custom_model_data":81},"model":"modelengine:dragon_nether/upper_neck"},{"predicate":{"custom_model_data":82},"model":"modelengine:dragon_nether/head"},{"predicate":{"custom_model_data":83},"model":"modelengine:dragon_nether/jaw"},{"predicate":{"custom_model_data":84},"model":"modelengine:dragon_nether/neck"},{"predicate":{"custom_model_data":85},"model":"modelengine:dragon_nether/left_wing"},{"predicate":{"custom_model_data":86},"model":"modelengine:dragon_nether/left_wing_mid"},{"predicate":{"custom_model_data":87},"model":"modelengine:dragon_nether/left_wing_end"},{"predicate":{"custom_model_data":88},"model":"modelengine:dragon_nether/right_wing"},{"predicate":{"custom_model_data":89},"model":"modelengine:dragon_nether/right_wing_mid"},{"predicate":{"custom_model_data":90},"model":"modelengine:dragon_nether/right_wing_end"},{"predicate":{"custom_model_data":91},"model":"modelengine:dragon_nether/left_arm"},{"predicate":{"custom_model_data":92},"model":"modelengine:dragon_nether/left_wrist"},{"predicate":{"custom_model_data":93},"model":"modelengine:dragon_nether/left_hand"},{"predicate":{"custom_model_data":94},"model":"modelengine:dragon_nether/right_arm"},{"predicate":{"custom_model_data":95},"model":"modelengine:dragon_nether/right_wrist"},{"predicate":{"custom_model_data":96},"model":"modelengine:dragon_nether/right_hand"},{"predicate":{"custom_model_data":97},"model":"modelengine:dragon_nether/tail"},{"predicate":{"custom_model_data":98},"model":"modelengine:dragon_nether/tail_2"},{"predicate":{"custom_model_data":99},"model":"modelengine:dragon_nether/tail_3"},{"predicate":{"custom_model_data":100},"model":"modelengine:dragon_nether/tail_end"},{"predicate":{"custom_model_data":101},"model":"modelengine:dragon_nether/left_thigh"},{"predicate":{"custom_model_data":102},"model":"modelengine:dragon_nether/left_leg"},{"predicate":{"custom_model_data":103},"model":"modelengine:dragon_nether/left_ankle"},{"predicate":{"custom_model_data":104},"model":"modelengine:dragon_nether/left_foot"},{"predicate":{"custom_model_data":105},"model":"modelengine:dragon_nether/right_thigh"},{"predicate":{"custom_model_data":106},"model":"modelengine:dragon_nether/right_leg"},{"predicate":{"custom_model_data":107},"model":"modelengine:dragon_nether/right_ankle"},{"predicate":{"custom_model_data":108},"model":"modelengine:dragon_nether/right_foot"},{"predicate":{"custom_model_data":109},"model":"modelengine:dragon_sculk/upper_body"},{"predicate":{"custom_model_data":110},"model":"modelengine:dragon_sculk/stomach"},{"predicate":{"custom_model_data":111},"model":"modelengine:dragon_sculk/chest"},{"predicate":{"custom_model_data":112},"model":"modelengine:dragon_sculk/upper_neck"},{"predicate":{"custom_model_data":113},"model":"modelengine:dragon_sculk/head"},{"predicate":{"custom_model_data":114},"model":"modelengine:dragon_sculk/jaw"},{"predicate":{"custom_model_data":115},"model":"modelengine:dragon_sculk/neck"},{"predicate":{"custom_model_data":116},"model":"modelengine:dragon_sculk/left_wing"},{"predicate":{"custom_model_data":117},"model":"modelengine:dragon_sculk/left_wing_mid"},{"predicate":{"custom_model_data":118},"model":"modelengine:dragon_sculk/left_wing_end"},{"predicate":{"custom_model_data":119},"model":"modelengine:dragon_sculk/right_wing"},{"predicate":{"custom_model_data":120},"model":"modelengine:dragon_sculk/right_wing_mid"},{"predicate":{"custom_model_data":121},"model":"modelengine:dragon_sculk/right_wing_end"},{"predicate":{"custom_model_data":122},"model":"modelengine:dragon_sculk/left_arm"},{"predicate":{"custom_model_data":123},"model":"modelengine:dragon_sculk/left_wrist"},{"predicate":{"custom_model_data":124},"model":"modelengine:dragon_sculk/left_hand"},{"predicate":{"custom_model_data":125},"model":"modelengine:dragon_sculk/right_arm"},{"predicate":{"custom_model_data":126},"model":"modelengine:dragon_sculk/right_wrist"},{"predicate":{"custom_model_data":127},"model":"modelengine:dragon_sculk/right_hand"},{"predicate":{"custom_model_data":128},"model":"modelengine:dragon_sculk/tail"},{"predicate":{"custom_model_data":129},"model":"modelengine:dragon_sculk/tail_2"},{"predicate":{"custom_model_data":130},"model":"modelengine:dragon_sculk/tail_3"},{"predicate":{"custom_model_data":131},"model":"modelengine:dragon_sculk/tail_end"},{"predicate":{"custom_model_data":132},"model":"modelengine:dragon_sculk/left_thigh"},{"predicate":{"custom_model_data":133},"model":"modelengine:dragon_sculk/left_leg"},{"predicate":{"custom_model_data":134},"model":"modelengine:dragon_sculk/left_ankle"},{"predicate":{"custom_model_data":135},"model":"modelengine:dragon_sculk/left_foot"},{"predicate":{"custom_model_data":136},"model":"modelengine:dragon_sculk/right_thigh"},{"predicate":{"custom_model_data":137},"model":"modelengine:dragon_sculk/right_leg"},{"predicate":{"custom_model_data":138},"model":"modelengine:dragon_sculk/right_ankle"},{"predicate":{"custom_model_data":139},"model":"modelengine:dragon_sculk/right_foot"},{"predicate":{"custom_model_data":140},"model":"modelengine:frost_lord/bowl"},{"predicate":{"custom_model_data":141},"model":"modelengine:frost_lord/rite"},{"predicate":{"custom_model_data":142},"model":"modelengine:frost_lord/lete"},{"predicate":{"custom_model_data":143},"model":"modelengine:frost_lord/head"},{"predicate":{"custom_model_data":144},"model":"modelengine:frost_lord/bridge"},{"predicate":{"custom_model_data":145},"model":"modelengine:frost_lord/left_hand"},{"predicate":{"custom_model_data":146},"model":"modelengine:frost_lord/left_elbow"},{"predicate":{"custom_model_data":147},"model":"modelengine:frost_lord/left_arm"},{"predicate":{"custom_model_data":148},"model":"modelengine:frost_lord/fire_left"},{"predicate":{"custom_model_data":149},"model":"modelengine:frost_lord/left_sh"},{"predicate":{"custom_model_data":150},"model":"modelengine:frost_lord/right_hand"},{"predicate":{"custom_model_data":151},"model":"modelengine:frost_lord/right_elbow"},{"predicate":{"custom_model_data":152},"model":"modelengine:frost_lord/right_arm"},{"predicate":{"custom_model_data":153},"model":"modelengine:frost_lord/fire_right"},{"predicate":{"custom_model_data":154},"model":"modelengine:frost_lord/right_sh"},{"predicate":{"custom_model_data":155},"model":"modelengine:frost_lord/torso"},{"predicate":{"custom_model_data":156},"model":"modelengine:frost_lord/spine"},{"predicate":{"custom_model_data":157},"model":"modelengine:frost_lord/pelvis"},{"predicate":{"custom_model_data":158},"model":"modelengine:frost_lord/left_f"},{"predicate":{"custom_model_data":159},"model":"modelengine:frost_lord/left_k"},{"predicate":{"custom_model_data":160},"model":"modelengine:frost_lord/left_l"},{"predicate":{"custom_model_data":161},"model":"modelengine:frost_lord/right_f"},{"predicate":{"custom_model_data":162},"model":"modelengine:frost_lord/right_k"},{"predicate":{"custom_model_data":163},"model":"modelengine:frost_lord/right_l"},{"predicate":{"custom_model_data":164},"model":"modelengine:lizard_aqua/upper_body"},{"predicate":{"custom_model_data":165},"model":"modelengine:lizard_aqua/chest"},{"predicate":{"custom_model_data":166},"model":"modelengine:lizard_aqua/neck"},{"predicate":{"custom_model_data":167},"model":"modelengine:lizard_aqua/head"},{"predicate":{"custom_model_data":168},"model":"modelengine:lizard_aqua/jaw"},{"predicate":{"custom_model_data":169},"model":"modelengine:lizard_aqua/left_arm"},{"predicate":{"custom_model_data":170},"model":"modelengine:lizard_aqua/left_wrist"},{"predicate":{"custom_model_data":171},"model":"modelengine:lizard_aqua/left_hand"},{"predicate":{"custom_model_data":172},"model":"modelengine:lizard_aqua/right_arm"},{"predicate":{"custom_model_data":173},"model":"modelengine:lizard_aqua/right_wrist"},{"predicate":{"custom_model_data":174},"model":"modelengine:lizard_aqua/right_hand"},{"predicate":{"custom_model_data":175},"model":"modelengine:lizard_aqua/tail"},{"predicate":{"custom_model_data":176},"model":"modelengine:lizard_aqua/tail_2"},{"predicate":{"custom_model_data":177},"model":"modelengine:lizard_aqua/tail_3"},{"predicate":{"custom_model_data":178},"model":"modelengine:lizard_aqua/tail_end"},{"predicate":{"custom_model_data":179},"model":"modelengine:lizard_lava/upper_body"},{"predicate":{"custom_model_data":180},"model":"modelengine:lizard_lava/chest"},{"predicate":{"custom_model_data":181},"model":"modelengine:lizard_lava/neck"},{"predicate":{"custom_model_data":182},"model":"modelengine:lizard_lava/head"},{"predicate":{"custom_model_data":183},"model":"modelengine:lizard_lava/jaw"},{"predicate":{"custom_model_data":184},"model":"modelengine:lizard_lava/left_arm"},{"predicate":{"custom_model_data":185},"model":"modelengine:lizard_lava/left_wrist"},{"predicate":{"custom_model_data":186},"model":"modelengine:lizard_lava/left_hand"},{"predicate":{"custom_model_data":187},"model":"modelengine:lizard_lava/right_arm"},{"predicate":{"custom_model_data":188},"model":"modelengine:lizard_lava/right_wrist"},{"predicate":{"custom_model_data":189},"model":"modelengine:lizard_lava/right_hand"},{"predicate":{"custom_model_data":190},"model":"modelengine:lizard_lava/tail"},{"predicate":{"custom_model_data":191},"model":"modelengine:lizard_lava/tail_2"},{"predicate":{"custom_model_data":192},"model":"modelengine:lizard_lava/tail_3"},{"predicate":{"custom_model_data":193},"model":"modelengine:lizard_lava/tail_end"},{"predicate":{"custom_model_data":194},"model":"modelengine:manticore_aether/left_thigh"},{"predicate":{"custom_model_data":195},"model":"modelengine:manticore_aether/left_leg"},{"predicate":{"custom_model_data":196},"model":"modelengine:manticore_aether/left_ankle"},{"predicate":{"custom_model_data":197},"model":"modelengine:manticore_aether/left_foot"},{"predicate":{"custom_model_data":198},"model":"modelengine:manticore_aether/right_thigh"},{"predicate":{"custom_model_data":199},"model":"modelengine:manticore_aether/right_leg"},{"predicate":{"custom_model_data":200},"model":"modelengine:manticore_aether/right_ankle"},{"predicate":{"custom_model_data":201},"model":"modelengine:manticore_aether/right_foot"},{"predicate":{"custom_model_data":202},"model":"modelengine:manticore_aether/upper_body"},{"predicate":{"custom_model_data":203},"model":"modelengine:manticore_aether/stomach"},{"predicate":{"custom_model_data":204},"model":"modelengine:manticore_aether/chest"},{"predicate":{"custom_model_data":205},"model":"modelengine:manticore_aether/head"},{"predicate":{"custom_model_data":206},"model":"modelengine:manticore_aether/jaw"},{"predicate":{"custom_model_data":207},"model":"modelengine:manticore_aether/left_braid"},{"predicate":{"custom_model_data":208},"model":"modelengine:manticore_aether/left_braid_end"},{"predicate":{"custom_model_data":209},"model":"modelengine:manticore_aether/right_braid"},{"predicate":{"custom_model_data":210},"model":"modelengine:manticore_aether/right_braid_end"},{"predicate":{"custom_model_data":211},"model":"modelengine:manticore_aether/left_arm"},{"predicate":{"custom_model_data":212},"model":"modelengine:manticore_aether/left_hand"},{"predicate":{"custom_model_data":213},"model":"modelengine:manticore_aether/left_wrist"},{"predicate":{"custom_model_data":214},"model":"modelengine:manticore_aether/right_arm"},{"predicate":{"custom_model_data":215},"model":"modelengine:manticore_aether/right_hand"},{"predicate":{"custom_model_data":216},"model":"modelengine:manticore_aether/right_wrist"},{"predicate":{"custom_model_data":217},"model":"modelengine:manticore_aether/left_wing"},{"predicate":{"custom_model_data":218},"model":"modelengine:manticore_aether/left_wing_end"},{"predicate":{"custom_model_data":219},"model":"modelengine:manticore_aether/right_wing"},{"predicate":{"custom_model_data":220},"model":"modelengine:manticore_aether/right_wing_end"},{"predicate":{"custom_model_data":221},"model":"modelengine:manticore_aether/tail"},{"predicate":{"custom_model_data":222},"model":"modelengine:manticore_aether/tail_2"},{"predicate":{"custom_model_data":223},"model":"modelengine:manticore_aether/tail_3"},{"predicate":{"custom_model_data":224},"model":"modelengine:manticore_aether/tail_end"},{"predicate":{"custom_model_data":225},"model":"modelengine:manticore_dusk/left_thigh"},{"predicate":{"custom_model_data":226},"model":"modelengine:manticore_dusk/left_leg"},{"predicate":{"custom_model_data":227},"model":"modelengine:manticore_dusk/left_ankle"},{"predicate":{"custom_model_data":228},"model":"modelengine:manticore_dusk/left_foot"},{"predicate":{"custom_model_data":229},"model":"modelengine:manticore_dusk/right_thigh"},{"predicate":{"custom_model_data":230},"model":"modelengine:manticore_dusk/right_leg"},{"predicate":{"custom_model_data":231},"model":"modelengine:manticore_dusk/right_ankle"},{"predicate":{"custom_model_data":232},"model":"modelengine:manticore_dusk/right_foot"},{"predicate":{"custom_model_data":233},"model":"modelengine:manticore_dusk/upper_body"},{"predicate":{"custom_model_data":234},"model":"modelengine:manticore_dusk/stomach"},{"predicate":{"custom_model_data":235},"model":"modelengine:manticore_dusk/chest"},{"predicate":{"custom_model_data":236},"model":"modelengine:manticore_dusk/head"},{"predicate":{"custom_model_data":237},"model":"modelengine:manticore_dusk/jaw"},{"predicate":{"custom_model_data":238},"model":"modelengine:manticore_dusk/left_braid"},{"predicate":{"custom_model_data":239},"model":"modelengine:manticore_dusk/left_braid_end"},{"predicate":{"custom_model_data":240},"model":"modelengine:manticore_dusk/right_braid"},{"predicate":{"custom_model_data":241},"model":"modelengine:manticore_dusk/right_braid_end"},{"predicate":{"custom_model_data":242},"model":"modelengine:manticore_dusk/left_arm"},{"predicate":{"custom_model_data":243},"model":"modelengine:manticore_dusk/left_hand"},{"predicate":{"custom_model_data":244},"model":"modelengine:manticore_dusk/left_wrist"},{"predicate":{"custom_model_data":245},"model":"modelengine:manticore_dusk/right_arm"},{"predicate":{"custom_model_data":246},"model":"modelengine:manticore_dusk/right_hand"},{"predicate":{"custom_model_data":247},"model":"modelengine:manticore_dusk/right_wrist"},{"predicate":{"custom_model_data":248},"model":"modelengine:manticore_dusk/left_wing"},{"predicate":{"custom_model_data":249},"model":"modelengine:manticore_dusk/left_wing_end"},{"predicate":{"custom_model_data":250},"model":"modelengine:manticore_dusk/right_wing"},{"predicate":{"custom_model_data":251},"model":"modelengine:manticore_dusk/right_wing_end"},{"predicate":{"custom_model_data":252},"model":"modelengine:manticore_dusk/tail"},{"predicate":{"custom_model_data":253},"model":"modelengine:manticore_dusk/tail_2"},{"predicate":{"custom_model_data":254},"model":"modelengine:manticore_dusk/tail_3"},{"predicate":{"custom_model_data":255},"model":"modelengine:manticore_dusk/tail_end"},{"predicate":{"custom_model_data":256},"model":"modelengine:manticore_soul/left_thigh"},{"predicate":{"custom_model_data":257},"model":"modelengine:manticore_soul/left_leg"},{"predicate":{"custom_model_data":258},"model":"modelengine:manticore_soul/left_ankle"},{"predicate":{"custom_model_data":259},"model":"modelengine:manticore_soul/left_foot"},{"predicate":{"custom_model_data":260},"model":"modelengine:manticore_soul/right_thigh"},{"predicate":{"custom_model_data":261},"model":"modelengine:manticore_soul/right_leg"},{"predicate":{"custom_model_data":262},"model":"modelengine:manticore_soul/right_ankle"},{"predicate":{"custom_model_data":263},"model":"modelengine:manticore_soul/right_foot"},{"predicate":{"custom_model_data":264},"model":"modelengine:manticore_soul/upper_body"},{"predicate":{"custom_model_data":265},"model":"modelengine:manticore_soul/stomach"},{"predicate":{"custom_model_data":266},"model":"modelengine:manticore_soul/chest"},{"predicate":{"custom_model_data":267},"model":"modelengine:manticore_soul/head"},{"predicate":{"custom_model_data":268},"model":"modelengine:manticore_soul/jaw"},{"predicate":{"custom_model_data":269},"model":"modelengine:manticore_soul/left_braid"},{"predicate":{"custom_model_data":270},"model":"modelengine:manticore_soul/left_braid_end"},{"predicate":{"custom_model_data":271},"model":"modelengine:manticore_soul/right_braid"},{"predicate":{"custom_model_data":272},"model":"modelengine:manticore_soul/right_braid_end"},{"predicate":{"custom_model_data":273},"model":"modelengine:manticore_soul/left_arm"},{"predicate":{"custom_model_data":274},"model":"modelengine:manticore_soul/left_hand"},{"predicate":{"custom_model_data":275},"model":"modelengine:manticore_soul/left_wrist"},{"predicate":{"custom_model_data":276},"model":"modelengine:manticore_soul/right_arm"},{"predicate":{"custom_model_data":277},"model":"modelengine:manticore_soul/right_hand"},{"predicate":{"custom_model_data":278},"model":"modelengine:manticore_soul/right_wrist"},{"predicate":{"custom_model_data":279},"model":"modelengine:manticore_soul/left_wing"},{"predicate":{"custom_model_data":280},"model":"modelengine:manticore_soul/left_wing_end"},{"predicate":{"custom_model_data":281},"model":"modelengine:manticore_soul/right_wing"},{"predicate":{"custom_model_data":282},"model":"modelengine:manticore_soul/right_wing_end"},{"predicate":{"custom_model_data":283},"model":"modelengine:manticore_soul/tail"},{"predicate":{"custom_model_data":284},"model":"modelengine:manticore_soul/tail_2"},{"predicate":{"custom_model_data":285},"model":"modelengine:manticore_soul/tail_3"},{"predicate":{"custom_model_data":286},"model":"modelengine:manticore_soul/tail_end"},{"predicate":{"custom_model_data":287},"model":"modelengine:manticore_venom/left_thigh"},{"predicate":{"custom_model_data":288},"model":"modelengine:manticore_venom/left_leg"},{"predicate":{"custom_model_data":289},"model":"modelengine:manticore_venom/left_ankle"},{"predicate":{"custom_model_data":290},"model":"modelengine:manticore_venom/left_foot"},{"predicate":{"custom_model_data":291},"model":"modelengine:manticore_venom/right_thigh"},{"predicate":{"custom_model_data":292},"model":"modelengine:manticore_venom/right_leg"},{"predicate":{"custom_model_data":293},"model":"modelengine:manticore_venom/right_ankle"},{"predicate":{"custom_model_data":294},"model":"modelengine:manticore_venom/right_foot"},{"predicate":{"custom_model_data":295},"model":"modelengine:manticore_venom/upper_body"},{"predicate":{"custom_model_data":296},"model":"modelengine:manticore_venom/stomach"},{"predicate":{"custom_model_data":297},"model":"modelengine:manticore_venom/chest"},{"predicate":{"custom_model_data":298},"model":"modelengine:manticore_venom/head"},{"predicate":{"custom_model_data":299},"model":"modelengine:manticore_venom/jaw"},{"predicate":{"custom_model_data":300},"model":"modelengine:manticore_venom/left_braid"},{"predicate":{"custom_model_data":301},"model":"modelengine:manticore_venom/left_braid_end"},{"predicate":{"custom_model_data":302},"model":"modelengine:manticore_venom/right_braid"},{"predicate":{"custom_model_data":303},"model":"modelengine:manticore_venom/right_braid_end"},{"predicate":{"custom_model_data":304},"model":"modelengine:manticore_venom/left_arm"},{"predicate":{"custom_model_data":305},"model":"modelengine:manticore_venom/left_hand"},{"predicate":{"custom_model_data":306},"model":"modelengine:manticore_venom/left_wrist"},{"predicate":{"custom_model_data":307},"model":"modelengine:manticore_venom/right_arm"},{"predicate":{"custom_model_data":308},"model":"modelengine:manticore_venom/right_hand"},{"predicate":{"custom_model_data":309},"model":"modelengine:manticore_venom/right_wrist"},{"predicate":{"custom_model_data":310},"model":"modelengine:manticore_venom/left_wing"},{"predicate":{"custom_model_data":311},"model":"modelengine:manticore_venom/left_wing_end"},{"predicate":{"custom_model_data":312},"model":"modelengine:manticore_venom/right_wing"},{"predicate":{"custom_model_data":313},"model":"modelengine:manticore_venom/right_wing_end"},{"predicate":{"custom_model_data":314},"model":"modelengine:manticore_venom/tail"},{"predicate":{"custom_model_data":315},"model":"modelengine:manticore_venom/tail_2"},{"predicate":{"custom_model_data":316},"model":"modelengine:manticore_venom/tail_3"},{"predicate":{"custom_model_data":317},"model":"modelengine:manticore_venom/tail_end"},{"predicate":{"custom_model_data":318},"model":"modelengine:nocsy_cat1/body"},{"predicate":{"custom_model_data":319},"model":"modelengine:nocsy_cat1/tail"},{"predicate":{"custom_model_data":320},"model":"modelengine:nocsy_cat1/tail_half"},{"predicate":{"custom_model_data":321},"model":"modelengine:nocsy_cat1/tail_end"},{"predicate":{"custom_model_data":322},"model":"modelengine:nocsy_cat1/head"},{"predicate":{"custom_model_data":323},"model":"modelengine:nocsy_cat1/ears"},{"predicate":{"custom_model_data":324},"model":"modelengine:nocsy_cat1/head_eyes_closed"},{"predicate":{"custom_model_data":325},"model":"modelengine:nocsy_cat1/ears2"},{"predicate":{"custom_model_data":326},"model":"modelengine:nocsy_cat1/front_foot_left"},{"predicate":{"custom_model_data":327},"model":"modelengine:nocsy_cat1/front_leg_left"},{"predicate":{"custom_model_data":328},"model":"modelengine:nocsy_cat1/front_foot_right"},{"predicate":{"custom_model_data":329},"model":"modelengine:nocsy_cat1/front_leg_right"},{"predicate":{"custom_model_data":330},"model":"modelengine:nocsy_cat1/back_foot_left"},{"predicate":{"custom_model_data":331},"model":"modelengine:nocsy_cat1/back_leg_left"},{"predicate":{"custom_model_data":332},"model":"modelengine:nocsy_cat1/back_foot_right"},{"predicate":{"custom_model_data":333},"model":"modelengine:nocsy_cat1/back_leg_right"},{"predicate":{"custom_model_data":334},"model":"modelengine:nocsy_cat2/body"},{"predicate":{"custom_model_data":335},"model":"modelengine:nocsy_cat2/tail"},{"predicate":{"custom_model_data":336},"model":"modelengine:nocsy_cat2/tail_half"},{"predicate":{"custom_model_data":337},"model":"modelengine:nocsy_cat2/tail_end"},{"predicate":{"custom_model_data":338},"model":"modelengine:nocsy_cat2/head"},{"predicate":{"custom_model_data":339},"model":"modelengine:nocsy_cat2/ears"},{"predicate":{"custom_model_data":340},"model":"modelengine:nocsy_cat2/head_eyes_closed"},{"predicate":{"custom_model_data":341},"model":"modelengine:nocsy_cat2/ears2"},{"predicate":{"custom_model_data":342},"model":"modelengine:nocsy_cat2/front_foot_left"},{"predicate":{"custom_model_data":343},"model":"modelengine:nocsy_cat2/front_leg_left"},{"predicate":{"custom_model_data":344},"model":"modelengine:nocsy_cat2/front_foot_right"},{"predicate":{"custom_model_data":345},"model":"modelengine:nocsy_cat2/front_leg_right"},{"predicate":{"custom_model_data":346},"model":"modelengine:nocsy_cat2/back_foot_right"},{"predicate":{"custom_model_data":347},"model":"modelengine:nocsy_cat2/back_leg_right"},{"predicate":{"custom_model_data":348},"model":"modelengine:nocsy_cat2/back_foot_left"},{"predicate":{"custom_model_data":349},"model":"modelengine:nocsy_cat2/back_leg_left"},{"predicate":{"custom_model_data":350},"model":"modelengine:nocsy_cat3/body"},{"predicate":{"custom_model_data":351},"model":"modelengine:nocsy_cat3/tail"},{"predicate":{"custom_model_data":352},"model":"modelengine:nocsy_cat3/tail_half"},{"predicate":{"custom_model_data":353},"model":"modelengine:nocsy_cat3/tail_end"},{"predicate":{"custom_model_data":354},"model":"modelengine:nocsy_cat3/head"},{"predicate":{"custom_model_data":355},"model":"modelengine:nocsy_cat3/ears"},{"predicate":{"custom_model_data":356},"model":"modelengine:nocsy_cat3/head_eyes_closed"},{"predicate":{"custom_model_data":357},"model":"modelengine:nocsy_cat3/ears2"},{"predicate":{"custom_model_data":358},"model":"modelengine:nocsy_cat3/front_foot_left"},{"predicate":{"custom_model_data":359},"model":"modelengine:nocsy_cat3/front_leg_left"},{"predicate":{"custom_model_data":360},"model":"modelengine:nocsy_cat3/front_foot_right"},{"predicate":{"custom_model_data":361},"model":"modelengine:nocsy_cat3/front_leg_right"},{"predicate":{"custom_model_data":362},"model":"modelengine:nocsy_cat3/back_foot_left"},{"predicate":{"custom_model_data":363},"model":"modelengine:nocsy_cat3/back_leg_left"},{"predicate":{"custom_model_data":364},"model":"modelengine:nocsy_cat3/back_foot_right"},{"predicate":{"custom_model_data":365},"model":"modelengine:nocsy_cat3/back_leg_right"},{"predicate":{"custom_model_data":366},"model":"modelengine:nocsy_cat4/body"},{"predicate":{"custom_model_data":367},"model":"modelengine:nocsy_cat4/tail"},{"predicate":{"custom_model_data":368},"model":"modelengine:nocsy_cat4/tail_half"},{"predicate":{"custom_model_data":369},"model":"modelengine:nocsy_cat4/tail_end"},{"predicate":{"custom_model_data":370},"model":"modelengine:nocsy_cat4/head"},{"predicate":{"custom_model_data":371},"model":"modelengine:nocsy_cat4/ear_left"},{"predicate":{"custom_model_data":372},"model":"modelengine:nocsy_cat4/ear_right"},{"predicate":{"custom_model_data":373},"model":"modelengine:nocsy_cat4/head_eyes_closed"},{"predicate":{"custom_model_data":374},"model":"modelengine:nocsy_cat4/ear_left2"},{"predicate":{"custom_model_data":375},"model":"modelengine:nocsy_cat4/ear_right2"},{"predicate":{"custom_model_data":376},"model":"modelengine:nocsy_cat4/front_foot_left"},{"predicate":{"custom_model_data":377},"model":"modelengine:nocsy_cat4/front_leg_left"},{"predicate":{"custom_model_data":378},"model":"modelengine:nocsy_cat4/front_foot_right"},{"predicate":{"custom_model_data":379},"model":"modelengine:nocsy_cat4/front_leg_right"},{"predicate":{"custom_model_data":380},"model":"modelengine:nocsy_cat4/back_foot_right"},{"predicate":{"custom_model_data":381},"model":"modelengine:nocsy_cat4/back_leg_right"},{"predicate":{"custom_model_data":382},"model":"modelengine:nocsy_cat4/back_foot_left"},{"predicate":{"custom_model_data":383},"model":"modelengine:nocsy_cat4/back_leg_left"},{"predicate":{"custom_model_data":384},"model":"modelengine:nocsy_cat5/body"},{"predicate":{"custom_model_data":385},"model":"modelengine:nocsy_cat5/tail"},{"predicate":{"custom_model_data":386},"model":"modelengine:nocsy_cat5/tail_half"},{"predicate":{"custom_model_data":387},"model":"modelengine:nocsy_cat5/tail_end"},{"predicate":{"custom_model_data":388},"model":"modelengine:nocsy_cat5/head"},{"predicate":{"custom_model_data":389},"model":"modelengine:nocsy_cat5/ears"},{"predicate":{"custom_model_data":390},"model":"modelengine:nocsy_cat5/head_eyes_closed"},{"predicate":{"custom_model_data":391},"model":"modelengine:nocsy_cat5/ears2"},{"predicate":{"custom_model_data":392},"model":"modelengine:nocsy_cat5/front_foot_left"},{"predicate":{"custom_model_data":393},"model":"modelengine:nocsy_cat5/front_leg_left"},{"predicate":{"custom_model_data":394},"model":"modelengine:nocsy_cat5/front_foot_right"},{"predicate":{"custom_model_data":395},"model":"modelengine:nocsy_cat5/front_leg_right"},{"predicate":{"custom_model_data":396},"model":"modelengine:nocsy_cat5/back_foot_left"},{"predicate":{"custom_model_data":397},"model":"modelengine:nocsy_cat5/back_leg_left"},{"predicate":{"custom_model_data":398},"model":"modelengine:nocsy_cat5/back_foot_right"},{"predicate":{"custom_model_data":399},"model":"modelengine:nocsy_cat5/back_leg_right"},{"predicate":{"custom_model_data":400},"model":"modelengine:nocsy_cat6/body"},{"predicate":{"custom_model_data":401},"model":"modelengine:nocsy_cat6/tail"},{"predicate":{"custom_model_data":402},"model":"modelengine:nocsy_cat6/tail_half"},{"predicate":{"custom_model_data":403},"model":"modelengine:nocsy_cat6/tail_end"},{"predicate":{"custom_model_data":404},"model":"modelengine:nocsy_cat6/head"},{"predicate":{"custom_model_data":405},"model":"modelengine:nocsy_cat6/ears"},{"predicate":{"custom_model_data":406},"model":"modelengine:nocsy_cat6/head_eyes_closed"},{"predicate":{"custom_model_data":407},"model":"modelengine:nocsy_cat6/ears2"},{"predicate":{"custom_model_data":408},"model":"modelengine:nocsy_cat6/front_foot_left"},{"predicate":{"custom_model_data":409},"model":"modelengine:nocsy_cat6/front_leg_left"},{"predicate":{"custom_model_data":410},"model":"modelengine:nocsy_cat6/front_foot_right"},{"predicate":{"custom_model_data":411},"model":"modelengine:nocsy_cat6/front_leg_right"},{"predicate":{"custom_model_data":412},"model":"modelengine:nocsy_cat6/back_foot_left"},{"predicate":{"custom_model_data":413},"model":"modelengine:nocsy_cat6/back_leg_left"},{"predicate":{"custom_model_data":414},"model":"modelengine:nocsy_cat6/back_foot_right"},{"predicate":{"custom_model_data":415},"model":"modelengine:nocsy_cat6/back_leg_right"},{"predicate":{"custom_model_data":416},"model":"modelengine:nocsy_cat_fallen/body"},{"predicate":{"custom_model_data":417},"model":"modelengine:nocsy_cat_fallen/tail"},{"predicate":{"custom_model_data":418},"model":"modelengine:nocsy_cat_fallen/tail_half"},{"predicate":{"custom_model_data":419},"model":"modelengine:nocsy_cat_fallen/tail_end"},{"predicate":{"custom_model_data":420},"model":"modelengine:nocsy_cat_fallen/head"},{"predicate":{"custom_model_data":421},"model":"modelengine:nocsy_cat_fallen/ears"},{"predicate":{"custom_model_data":422},"model":"modelengine:nocsy_cat_fallen/head_eyes_closed"},{"predicate":{"custom_model_data":423},"model":"modelengine:nocsy_cat_fallen/ears2"},{"predicate":{"custom_model_data":424},"model":"modelengine:nocsy_cat_fallen/front_foot_left"},{"predicate":{"custom_model_data":425},"model":"modelengine:nocsy_cat_fallen/front_leg_left"},{"predicate":{"custom_model_data":426},"model":"modelengine:nocsy_cat_fallen/front_foot_right"},{"predicate":{"custom_model_data":427},"model":"modelengine:nocsy_cat_fallen/front_leg_right"},{"predicate":{"custom_model_data":428},"model":"modelengine:nocsy_cat_fallen/back_foot_left"},{"predicate":{"custom_model_data":429},"model":"modelengine:nocsy_cat_fallen/back_leg_left"},{"predicate":{"custom_model_data":430},"model":"modelengine:nocsy_cat_fallen/back_foot_right"},{"predicate":{"custom_model_data":431},"model":"modelengine:nocsy_cat_fallen/back_leg_right"},{"predicate":{"custom_model_data":432},"model":"modelengine:nocsy_thread_ball/body"},{"predicate":{"custom_model_data":433},"model":"modelengine:nocsy_thread_ball/thread"},{"predicate":{"custom_model_data":434},"model":"modelengine:nocsy_thread_ball/thread_end"},{"predicate":{"custom_model_data":435},"model":"modelengine:paladin_wings/paladin_wings"},{"predicate":{"custom_model_data":436},"model":"modelengine:paladin_wings/left_wing"},{"predicate":{"custom_model_data":437},"model":"modelengine:paladin_wings/left_wing_end"},{"predicate":{"custom_model_data":438},"model":"modelengine:paladin_wings/right_wing"},{"predicate":{"custom_model_data":439},"model":"modelengine:paladin_wings/right_wing_end"},{"predicate":{"custom_model_data":440},"model":"modelengine:panda_normal/upper_body"},{"predicate":{"custom_model_data":441},"model":"modelengine:panda_normal/chest"},{"predicate":{"custom_model_data":442},"model":"modelengine:panda_normal/left_wrist"},{"predicate":{"custom_model_data":443},"model":"modelengine:panda_normal/left_hand"},{"predicate":{"custom_model_data":444},"model":"modelengine:panda_normal/left_arm"},{"predicate":{"custom_model_data":445},"model":"modelengine:panda_normal/right_wrist"},{"predicate":{"custom_model_data":446},"model":"modelengine:panda_normal/right_hand"},{"predicate":{"custom_model_data":447},"model":"modelengine:panda_normal/right_arm"},{"predicate":{"custom_model_data":448},"model":"modelengine:panda_normal/head"},{"predicate":{"custom_model_data":449},"model":"modelengine:panda_normal/bamboo"},{"predicate":{"custom_model_data":450},"model":"modelengine:panda_normal/stomach"},{"predicate":{"custom_model_data":451},"model":"modelengine:panda_normal/left_thigh"},{"predicate":{"custom_model_data":452},"model":"modelengine:panda_normal/left_leg"},{"predicate":{"custom_model_data":453},"model":"modelengine:panda_normal/left_ankle"},{"predicate":{"custom_model_data":454},"model":"modelengine:panda_normal/left_foot"},{"predicate":{"custom_model_data":455},"model":"modelengine:panda_normal/right_thigh"},{"predicate":{"custom_model_data":456},"model":"modelengine:panda_normal/right_leg"},{"predicate":{"custom_model_data":457},"model":"modelengine:panda_normal/right_ankle"},{"predicate":{"custom_model_data":458},"model":"modelengine:panda_normal/right_foot"},{"predicate":{"custom_model_data":459},"model":"modelengine:sabertooth_arctic/upper_body"},{"predicate":{"custom_model_data":460},"model":"modelengine:sabertooth_arctic/stomach"},{"predicate":{"custom_model_data":461},"model":"modelengine:sabertooth_arctic/chest"},{"predicate":{"custom_model_data":462},"model":"modelengine:sabertooth_arctic/left_arm"},{"predicate":{"custom_model_data":463},"model":"modelengine:sabertooth_arctic/left_wrist"},{"predicate":{"custom_model_data":464},"model":"modelengine:sabertooth_arctic/left_hand"},{"predicate":{"custom_model_data":465},"model":"modelengine:sabertooth_arctic/right_arm"},{"predicate":{"custom_model_data":466},"model":"modelengine:sabertooth_arctic/right_wrist"},{"predicate":{"custom_model_data":467},"model":"modelengine:sabertooth_arctic/right_hand"},{"predicate":{"custom_model_data":468},"model":"modelengine:sabertooth_arctic/head"},{"predicate":{"custom_model_data":469},"model":"modelengine:sabertooth_arctic/jaw"},{"predicate":{"custom_model_data":470},"model":"modelengine:sabertooth_arctic/neck"},{"predicate":{"custom_model_data":471},"model":"modelengine:sabertooth_arctic/tail"},{"predicate":{"custom_model_data":472},"model":"modelengine:sabertooth_arctic/tail_mid"},{"predicate":{"custom_model_data":473},"model":"modelengine:sabertooth_arctic/tail_end"},{"predicate":{"custom_model_data":474},"model":"modelengine:sabertooth_arctic/left_thigh"},{"predicate":{"custom_model_data":475},"model":"modelengine:sabertooth_arctic/left_ankle"},{"predicate":{"custom_model_data":476},"model":"modelengine:sabertooth_arctic/left_foot"},{"predicate":{"custom_model_data":477},"model":"modelengine:sabertooth_arctic/left_leg"},{"predicate":{"custom_model_data":478},"model":"modelengine:sabertooth_arctic/right_thigh"},{"predicate":{"custom_model_data":479},"model":"modelengine:sabertooth_arctic/right_ankle"},{"predicate":{"custom_model_data":480},"model":"modelengine:sabertooth_arctic/right_foot"},{"predicate":{"custom_model_data":481},"model":"modelengine:sabertooth_arctic/right_leg"},{"predicate":{"custom_model_data":482},"model":"modelengine:sabertooth_midnight/upper_body"},{"predicate":{"custom_model_data":483},"model":"modelengine:sabertooth_midnight/stomach"},{"predicate":{"custom_model_data":484},"model":"modelengine:sabertooth_midnight/chest"},{"predicate":{"custom_model_data":485},"model":"modelengine:sabertooth_midnight/left_arm"},{"predicate":{"custom_model_data":486},"model":"modelengine:sabertooth_midnight/left_wrist"},{"predicate":{"custom_model_data":487},"model":"modelengine:sabertooth_midnight/left_hand"},{"predicate":{"custom_model_data":488},"model":"modelengine:sabertooth_midnight/right_arm"},{"predicate":{"custom_model_data":489},"model":"modelengine:sabertooth_midnight/right_wrist"},{"predicate":{"custom_model_data":490},"model":"modelengine:sabertooth_midnight/right_hand"},{"predicate":{"custom_model_data":491},"model":"modelengine:sabertooth_midnight/head"},{"predicate":{"custom_model_data":492},"model":"modelengine:sabertooth_midnight/jaw"},{"predicate":{"custom_model_data":493},"model":"modelengine:sabertooth_midnight/neck"},{"predicate":{"custom_model_data":494},"model":"modelengine:sabertooth_midnight/tail"},{"predicate":{"custom_model_data":495},"model":"modelengine:sabertooth_midnight/tail_mid"},{"predicate":{"custom_model_data":496},"model":"modelengine:sabertooth_midnight/tail_end"},{"predicate":{"custom_model_data":497},"model":"modelengine:sabertooth_midnight/left_thigh"},{"predicate":{"custom_model_data":498},"model":"modelengine:sabertooth_midnight/left_ankle"},{"predicate":{"custom_model_data":499},"model":"modelengine:sabertooth_midnight/left_foot"},{"predicate":{"custom_model_data":500},"model":"modelengine:sabertooth_midnight/left_leg"},{"predicate":{"custom_model_data":501},"model":"modelengine:sabertooth_midnight/right_thigh"},{"predicate":{"custom_model_data":502},"model":"modelengine:sabertooth_midnight/right_ankle"},{"predicate":{"custom_model_data":503},"model":"modelengine:sabertooth_midnight/right_foot"},{"predicate":{"custom_model_data":504},"model":"modelengine:sabertooth_midnight/right_leg"},{"predicate":{"custom_model_data":505},"model":"modelengine:sabertooth_savanna/upper_body"},{"predicate":{"custom_model_data":506},"model":"modelengine:sabertooth_savanna/stomach"},{"predicate":{"custom_model_data":507},"model":"modelengine:sabertooth_savanna/chest"},{"predicate":{"custom_model_data":508},"model":"modelengine:sabertooth_savanna/left_arm"},{"predicate":{"custom_model_data":509},"model":"modelengine:sabertooth_savanna/left_wrist"},{"predicate":{"custom_model_data":510},"model":"modelengine:sabertooth_savanna/left_hand"},{"predicate":{"custom_model_data":511},"model":"modelengine:sabertooth_savanna/right_arm"},{"predicate":{"custom_model_data":512},"model":"modelengine:sabertooth_savanna/right_wrist"},{"predicate":{"custom_model_data":513},"model":"modelengine:sabertooth_savanna/right_hand"},{"predicate":{"custom_model_data":514},"model":"modelengine:sabertooth_savanna/head"},{"predicate":{"custom_model_data":515},"model":"modelengine:sabertooth_savanna/jaw"},{"predicate":{"custom_model_data":516},"model":"modelengine:sabertooth_savanna/neck"},{"predicate":{"custom_model_data":517},"model":"modelengine:sabertooth_savanna/tail"},{"predicate":{"custom_model_data":518},"model":"modelengine:sabertooth_savanna/tail_mid"},{"predicate":{"custom_model_data":519},"model":"modelengine:sabertooth_savanna/tail_end"},{"predicate":{"custom_model_data":520},"model":"modelengine:sabertooth_savanna/left_thigh"},{"predicate":{"custom_model_data":521},"model":"modelengine:sabertooth_savanna/left_ankle"},{"predicate":{"custom_model_data":522},"model":"modelengine:sabertooth_savanna/left_foot"},{"predicate":{"custom_model_data":523},"model":"modelengine:sabertooth_savanna/left_leg"},{"predicate":{"custom_model_data":524},"model":"modelengine:sabertooth_savanna/right_thigh"},{"predicate":{"custom_model_data":525},"model":"modelengine:sabertooth_savanna/right_ankle"},{"predicate":{"custom_model_data":526},"model":"modelengine:sabertooth_savanna/right_foot"},{"predicate":{"custom_model_data":527},"model":"modelengine:sabertooth_savanna/right_leg"},{"predicate":{"custom_model_data":528},"model":"modelengine:scout_mech/body"},{"predicate":{"custom_model_data":529},"model":"modelengine:scout_mech/turret"},{"predicate":{"custom_model_data":530},"model":"modelengine:scout_mech/lamp"},{"predicate":{"custom_model_data":531},"model":"modelengine:scout_mech/left_front_foot"},{"predicate":{"custom_model_data":532},"model":"modelengine:scout_mech/left_front_ancle"},{"predicate":{"custom_model_data":533},"model":"modelengine:scout_mech/left_front_knee"},{"predicate":{"custom_model_data":534},"model":"modelengine:scout_mech/left_front_leg"},{"predicate":{"custom_model_data":535},"model":"modelengine:scout_mech/right_front_foot"},{"predicate":{"custom_model_data":536},"model":"modelengine:scout_mech/right_front_ancle"},{"predicate":{"custom_model_data":537},"model":"modelengine:scout_mech/right_front_knee"},{"predicate":{"custom_model_data":538},"model":"modelengine:scout_mech/right_front_leg"},{"predicate":{"custom_model_data":539},"model":"modelengine:scout_mech/left_back_foot"},{"predicate":{"custom_model_data":540},"model":"modelengine:scout_mech/left_back_ancle"},{"predicate":{"custom_model_data":541},"model":"modelengine:scout_mech/left_back_knee"},{"predicate":{"custom_model_data":542},"model":"modelengine:scout_mech/left_back_leg"},{"predicate":{"custom_model_data":543},"model":"modelengine:scout_mech/right_back_foot"},{"predicate":{"custom_model_data":544},"model":"modelengine:scout_mech/right_back_ancle"},{"predicate":{"custom_model_data":545},"model":"modelengine:scout_mech/right_back_knee"},{"predicate":{"custom_model_data":546},"model":"modelengine:scout_mech/right_back_leg"},{"predicate":{"custom_model_data":547},"model":"modelengine:teeny_warden/body"},{"predicate":{"custom_model_data":548},"model":"modelengine:teeny_warden/left_ribs"},{"predicate":{"custom_model_data":549},"model":"modelengine:teeny_warden/right_ribs"},{"predicate":{"custom_model_data":550},"model":"modelengine:teeny_warden/head"},{"predicate":{"custom_model_data":551},"model":"modelengine:teeny_warden/left_tendril"},{"predicate":{"custom_model_data":552},"model":"modelengine:teeny_warden/right_tendril"},{"predicate":{"custom_model_data":553},"model":"modelengine:teeny_warden/left_arm"},{"predicate":{"custom_model_data":554},"model":"modelengine:teeny_warden/right_arm"},{"predicate":{"custom_model_data":555},"model":"modelengine:teeny_warden/left_leg"},{"predicate":{"custom_model_data":556},"model":"modelengine:teeny_warden/right_leg"},{"predicate":{"custom_model_data":557},"model":"modelengine:teeny_warden_chestglow/body"},{"predicate":{"custom_model_data":1000},"model":"modelengine:nocsy_drakonin/body"},{"predicate":{"custom_model_data":1001},"model":"modelengine:nocsy_drakonin/left_wing"},{"predicate":{"custom_model_data":1002},"model":"modelengine:nocsy_drakonin/left_wing_end"},{"predicate":{"custom_model_data":1003},"model":"modelengine:nocsy_drakonin/right_wing"},{"predicate":{"custom_model_data":1004},"model":"modelengine:nocsy_drakonin/right_wing_end"},{"predicate":{"custom_model_data":1005},"model":"modelengine:nocsy_drakonin/neck"},{"predicate":{"custom_model_data":1006},"model":"modelengine:nocsy_drakonin/head"},{"predicate":{"custom_model_data":1007},"model":"modelengine:nocsy_drakonin/horn_left"},{"predicate":{"custom_model_data":1008},"model":"modelengine:nocsy_drakonin/horn_right"},{"predicate":{"custom_model_data":1009},"model":"modelengine:nocsy_drakonin/right_leg"},{"predicate":{"custom_model_data":1010},"model":"modelengine:nocsy_drakonin/right_tibia"},{"predicate":{"custom_model_data":1011},"model":"modelengine:nocsy_drakonin/right_foot"},{"predicate":{"custom_model_data":1012},"model":"modelengine:nocsy_drakonin/left_leg"},{"predicate":{"custom_model_data":1013},"model":"modelengine:nocsy_drakonin/left_tibia"},{"predicate":{"custom_model_data":1014},"model":"modelengine:nocsy_drakonin/left_foot"},{"predicate":{"custom_model_data":1015},"model":"modelengine:nocsy_drakonin/right_backleg"},{"predicate":{"custom_model_data":1016},"model":"modelengine:nocsy_drakonin/right_backtibia"},{"predicate":{"custom_model_data":1017},"model":"modelengine:nocsy_drakonin/right_backfoot"},{"predicate":{"custom_model_data":1018},"model":"modelengine:nocsy_drakonin/left_backleg"},{"predicate":{"custom_model_data":1019},"model":"modelengine:nocsy_drakonin/left_backtibia"},{"predicate":{"custom_model_data":1020},"model":"modelengine:nocsy_drakonin/left_backfoot"},{"predicate":{"custom_model_data":1021},"model":"modelengine:nocsy_drakonin/tail_1"},{"predicate":{"custom_model_data":1022},"model":"modelengine:nocsy_drakonin/tail_2"},{"predicate":{"custom_model_data":1023},"model":"modelengine:nocsy_drakonin/tail_3"},{"predicate":{"custom_model_data":1024},"model":"modelengine:nocsy_drakonin2/body"},{"predicate":{"custom_model_data":1025},"model":"modelengine:nocsy_drakonin2/left_wing"},{"predicate":{"custom_model_data":1026},"model":"modelengine:nocsy_drakonin2/left_wing_end"},{"predicate":{"custom_model_data":1027},"model":"modelengine:nocsy_drakonin2/right_wing"},{"predicate":{"custom_model_data":1028},"model":"modelengine:nocsy_drakonin2/right_wing_end"},{"predicate":{"custom_model_data":1029},"model":"modelengine:nocsy_drakonin2/neck"},{"predicate":{"custom_model_data":1030},"model":"modelengine:nocsy_drakonin2/head"},{"predicate":{"custom_model_data":1031},"model":"modelengine:nocsy_drakonin2/horn_left"},{"predicate":{"custom_model_data":1032},"model":"modelengine:nocsy_drakonin2/horn_right"},{"predicate":{"custom_model_data":1033},"model":"modelengine:nocsy_drakonin2/left_leg"},{"predicate":{"custom_model_data":1034},"model":"modelengine:nocsy_drakonin2/left_tibia"},{"predicate":{"custom_model_data":1035},"model":"modelengine:nocsy_drakonin2/left_foot"},{"predicate":{"custom_model_data":1036},"model":"modelengine:nocsy_drakonin2/right_leg"},{"predicate":{"custom_model_data":1037},"model":"modelengine:nocsy_drakonin2/right_tibia"},{"predicate":{"custom_model_data":1038},"model":"modelengine:nocsy_drakonin2/right_foot"},{"predicate":{"custom_model_data":1039},"model":"modelengine:nocsy_drakonin2/right_backleg"},{"predicate":{"custom_model_data":1040},"model":"modelengine:nocsy_drakonin2/right_backtibia"},{"predicate":{"custom_model_data":1041},"model":"modelengine:nocsy_drakonin2/right_backfoot"},{"predicate":{"custom_model_data":1042},"model":"modelengine:nocsy_drakonin2/left_backleg"},{"predicate":{"custom_model_data":1043},"model":"modelengine:nocsy_drakonin2/left_backtibia"},{"predicate":{"custom_model_data":1044},"model":"modelengine:nocsy_drakonin2/left_backfoot"},{"predicate":{"custom_model_data":1045},"model":"modelengine:nocsy_drakonin2/tail_1"},{"predicate":{"custom_model_data":1046},"model":"modelengine:nocsy_drakonin2/tail_2"},{"predicate":{"custom_model_data":1047},"model":"modelengine:nocsy_drakonin2/tail_3"},{"predicate":{"custom_model_data":1048},"model":"modelengine:nocsy_drakonin3/body"},{"predicate":{"custom_model_data":1049},"model":"modelengine:nocsy_drakonin3/left_wing"},{"predicate":{"custom_model_data":1050},"model":"modelengine:nocsy_drakonin3/left_hand"},{"predicate":{"custom_model_data":1051},"model":"modelengine:nocsy_drakonin3/left_wing_end"},{"predicate":{"custom_model_data":1052},"model":"modelengine:nocsy_drakonin3/right_wing"},{"predicate":{"custom_model_data":1053},"model":"modelengine:nocsy_drakonin3/right_hand"},{"predicate":{"custom_model_data":1054},"model":"modelengine:nocsy_drakonin3/right_wing_end"},{"predicate":{"custom_model_data":1055},"model":"modelengine:nocsy_drakonin3/neck"},{"predicate":{"custom_model_data":1056},"model":"modelengine:nocsy_drakonin3/head"},{"predicate":{"custom_model_data":1057},"model":"modelengine:nocsy_drakonin3/horn_left"},{"predicate":{"custom_model_data":1058},"model":"modelengine:nocsy_drakonin3/horn_right"},{"predicate":{"custom_model_data":1059},"model":"modelengine:nocsy_drakonin3/right_backleg"},{"predicate":{"custom_model_data":1060},"model":"modelengine:nocsy_drakonin3/right_backtibia"},{"predicate":{"custom_model_data":1061},"model":"modelengine:nocsy_drakonin3/right_backfoot"},{"predicate":{"custom_model_data":1062},"model":"modelengine:nocsy_drakonin3/left_backleg"},{"predicate":{"custom_model_data":1063},"model":"modelengine:nocsy_drakonin3/left_backtibia"},{"predicate":{"custom_model_data":1064},"model":"modelengine:nocsy_drakonin3/left_backfoot"},{"predicate":{"custom_model_data":1065},"model":"modelengine:nocsy_drakonin3/tail_1"},{"predicate":{"custom_model_data":1066},"model":"modelengine:nocsy_drakonin3/tail_2"},{"predicate":{"custom_model_data":1067},"model":"modelengine:nocsy_drakonin3/tail_3"},{"predicate":{"custom_model_data":1068},"model":"modelengine:nocsy_drakonin4/body"},{"predicate":{"custom_model_data":1069},"model":"modelengine:nocsy_drakonin4/left_wing"},{"predicate":{"custom_model_data":1070},"model":"modelengine:nocsy_drakonin4/left_hand"},{"predicate":{"custom_model_data":1071},"model":"modelengine:nocsy_drakonin4/left_wing_end"},{"predicate":{"custom_model_data":1072},"model":"modelengine:nocsy_drakonin4/right_wing"},{"predicate":{"custom_model_data":1073},"model":"modelengine:nocsy_drakonin4/right_hand"},{"predicate":{"custom_model_data":1074},"model":"modelengine:nocsy_drakonin4/right_wing_end"},{"predicate":{"custom_model_data":1075},"model":"modelengine:nocsy_drakonin4/neck"},{"predicate":{"custom_model_data":1076},"model":"modelengine:nocsy_drakonin4/head"},{"predicate":{"custom_model_data":1077},"model":"modelengine:nocsy_drakonin4/horn_left"},{"predicate":{"custom_model_data":1078},"model":"modelengine:nocsy_drakonin4/horn_right"},{"predicate":{"custom_model_data":1079},"model":"modelengine:nocsy_drakonin4/left_backleg"},{"predicate":{"custom_model_data":1080},"model":"modelengine:nocsy_drakonin4/left_backtibia"},{"predicate":{"custom_model_data":1081},"model":"modelengine:nocsy_drakonin4/left_backfoot"},{"predicate":{"custom_model_data":1082},"model":"modelengine:nocsy_drakonin4/right_backleg"},{"predicate":{"custom_model_data":1083},"model":"modelengine:nocsy_drakonin4/right_backtibia"},{"predicate":{"custom_model_data":1084},"model":"modelengine:nocsy_drakonin4/right_backfoot"},{"predicate":{"custom_model_data":1085},"model":"modelengine:nocsy_drakonin4/tail_1"},{"predicate":{"custom_model_data":1086},"model":"modelengine:nocsy_drakonin4/tail_2"},{"predicate":{"custom_model_data":1087},"model":"modelengine:nocsy_drakonin4/tail_3"},{"predicate":{"custom_model_data":1088},"model":"modelengine:nocsy_drakonin4/tail_4"},{"predicate":{"custom_model_data":1089},"model":"modelengine:nocsy_drakonin5/body"},{"predicate":{"custom_model_data":1090},"model":"modelengine:nocsy_drakonin5/left_wing"},{"predicate":{"custom_model_data":1091},"model":"modelengine:nocsy_drakonin5/left_wing_end"},{"predicate":{"custom_model_data":1092},"model":"modelengine:nocsy_drakonin5/right_wing"},{"predicate":{"custom_model_data":1093},"model":"modelengine:nocsy_drakonin5/right_wing_end"},{"predicate":{"custom_model_data":1094},"model":"modelengine:nocsy_drakonin5/neck"},{"predicate":{"custom_model_data":1095},"model":"modelengine:nocsy_drakonin5/head"},{"predicate":{"custom_model_data":1096},"model":"modelengine:nocsy_drakonin5/horn_left"},{"predicate":{"custom_model_data":1097},"model":"modelengine:nocsy_drakonin5/horn_right"},{"predicate":{"custom_model_data":1098},"model":"modelengine:nocsy_drakonin5/left_leg"},{"predicate":{"custom_model_data":1099},"model":"modelengine:nocsy_drakonin5/left_tibia"},{"predicate":{"custom_model_data":1100},"model":"modelengine:nocsy_drakonin5/left_foot"},{"predicate":{"custom_model_data":1101},"model":"modelengine:nocsy_drakonin5/right_leg"},{"predicate":{"custom_model_data":1102},"model":"modelengine:nocsy_drakonin5/right_tibia"},{"predicate":{"custom_model_data":1103},"model":"modelengine:nocsy_drakonin5/right_foot"},{"predicate":{"custom_model_data":1104},"model":"modelengine:nocsy_drakonin5/left_backleg"},{"predicate":{"custom_model_data":1105},"model":"modelengine:nocsy_drakonin5/left_backtibia"},{"predicate":{"custom_model_data":1106},"model":"modelengine:nocsy_drakonin5/left_backfoot"},{"predicate":{"custom_model_data":1107},"model":"modelengine:nocsy_drakonin5/right_backleg"},{"predicate":{"custom_model_data":1108},"model":"modelengine:nocsy_drakonin5/right_backtibia"},{"predicate":{"custom_model_data":1109},"model":"modelengine:nocsy_drakonin5/right_backfoot"},{"predicate":{"custom_model_data":1110},"model":"modelengine:nocsy_drakonin5/tail_1"},{"predicate":{"custom_model_data":1111},"model":"modelengine:nocsy_drakonin5/tail_2"},{"predicate":{"custom_model_data":1112},"model":"modelengine:nocsy_drakonin5/tail_3"},{"predicate":{"custom_model_data":1113},"model":"modelengine:nocsy_drakonin6/body"},{"predicate":{"custom_model_data":1114},"model":"modelengine:nocsy_drakonin6/left_wing"},{"predicate":{"custom_model_data":1115},"model":"modelengine:nocsy_drakonin6/left_hand"},{"predicate":{"custom_model_data":1116},"model":"modelengine:nocsy_drakonin6/left_wing_end"},{"predicate":{"custom_model_data":1117},"model":"modelengine:nocsy_drakonin6/right_wing"},{"predicate":{"custom_model_data":1118},"model":"modelengine:nocsy_drakonin6/right_hand"},{"predicate":{"custom_model_data":1119},"model":"modelengine:nocsy_drakonin6/right_wing_end"},{"predicate":{"custom_model_data":1120},"model":"modelengine:nocsy_drakonin6/neck"},{"predicate":{"custom_model_data":1121},"model":"modelengine:nocsy_drakonin6/head"},{"predicate":{"custom_model_data":1122},"model":"modelengine:nocsy_drakonin6/horn_left"},{"predicate":{"custom_model_data":1123},"model":"modelengine:nocsy_drakonin6/horn_right"},{"predicate":{"custom_model_data":1124},"model":"modelengine:nocsy_drakonin6/right_backleg"},{"predicate":{"custom_model_data":1125},"model":"modelengine:nocsy_drakonin6/right_backtibia"},{"predicate":{"custom_model_data":1126},"model":"modelengine:nocsy_drakonin6/right_backfoot"},{"predicate":{"custom_model_data":1127},"model":"modelengine:nocsy_drakonin6/left_backleg"},{"predicate":{"custom_model_data":1128},"model":"modelengine:nocsy_drakonin6/left_backtibia"},{"predicate":{"custom_model_data":1129},"model":"modelengine:nocsy_drakonin6/left_backfoot"},{"predicate":{"custom_model_data":1130},"model":"modelengine:nocsy_drakonin6/tail_1"},{"predicate":{"custom_model_data":1131},"model":"modelengine:nocsy_drakonin6/tail_2"},{"predicate":{"custom_model_data":1132},"model":"modelengine:nocsy_drakonin6/tail_3"},{"predicate":{"custom_model_data":1133},"model":"modelengine:nocsy_drakonin7/body"},{"predicate":{"custom_model_data":1134},"model":"modelengine:nocsy_drakonin7/right_wing"},{"predicate":{"custom_model_data":1135},"model":"modelengine:nocsy_drakonin7/right_wing_end"},{"predicate":{"custom_model_data":1136},"model":"modelengine:nocsy_drakonin7/left_wing"},{"predicate":{"custom_model_data":1137},"model":"modelengine:nocsy_drakonin7/left_wing_end"},{"predicate":{"custom_model_data":1138},"model":"modelengine:nocsy_drakonin7/neck"},{"predicate":{"custom_model_data":1139},"model":"modelengine:nocsy_drakonin7/head"},{"predicate":{"custom_model_data":1140},"model":"modelengine:nocsy_drakonin7/horn_left"},{"predicate":{"custom_model_data":1141},"model":"modelengine:nocsy_drakonin7/horn_right"},{"predicate":{"custom_model_data":1142},"model":"modelengine:nocsy_drakonin7/left_leg"},{"predicate":{"custom_model_data":1143},"model":"modelengine:nocsy_drakonin7/left_tibia"},{"predicate":{"custom_model_data":1144},"model":"modelengine:nocsy_drakonin7/left_foot"},{"predicate":{"custom_model_data":1145},"model":"modelengine:nocsy_drakonin7/right_leg"},{"predicate":{"custom_model_data":1146},"model":"modelengine:nocsy_drakonin7/right_tibia"},{"predicate":{"custom_model_data":1147},"model":"modelengine:nocsy_drakonin7/right_foot"},{"predicate":{"custom_model_data":1148},"model":"modelengine:nocsy_drakonin7/left_backleg"},{"predicate":{"custom_model_data":1149},"model":"modelengine:nocsy_drakonin7/left_backtibia"},{"predicate":{"custom_model_data":1150},"model":"modelengine:nocsy_drakonin7/left_backfoot"},{"predicate":{"custom_model_data":1151},"model":"modelengine:nocsy_drakonin7/right_backleg"},{"predicate":{"custom_model_data":1152},"model":"modelengine:nocsy_drakonin7/right_backtibia"},{"predicate":{"custom_model_data":1153},"model":"modelengine:nocsy_drakonin7/right_backfoot"},{"predicate":{"custom_model_data":1154},"model":"modelengine:nocsy_drakonin7/tail_1"},{"predicate":{"custom_model_data":1155},"model":"modelengine:nocsy_drakonin7/tail_2"},{"predicate":{"custom_model_data":1156},"model":"modelengine:nocsy_drakonin7/tail_3"},{"predicate":{"custom_model_data":1157},"model":"modelengine:nocsy_drakonin8/body"},{"predicate":{"custom_model_data":1158},"model":"modelengine:nocsy_drakonin8/right_wing"},{"predicate":{"custom_model_data":1159},"model":"modelengine:nocsy_drakonin8/right_hand"},{"predicate":{"custom_model_data":1160},"model":"modelengine:nocsy_drakonin8/right_wing_end"},{"predicate":{"custom_model_data":1161},"model":"modelengine:nocsy_drakonin8/left_wing"},{"predicate":{"custom_model_data":1162},"model":"modelengine:nocsy_drakonin8/left_hand"},{"predicate":{"custom_model_data":1163},"model":"modelengine:nocsy_drakonin8/left_wing_end"},{"predicate":{"custom_model_data":1164},"model":"modelengine:nocsy_drakonin8/neck"},{"predicate":{"custom_model_data":1165},"model":"modelengine:nocsy_drakonin8/head"},{"predicate":{"custom_model_data":1166},"model":"modelengine:nocsy_drakonin8/horn_left"},{"predicate":{"custom_model_data":1167},"model":"modelengine:nocsy_drakonin8/horn_right"},{"predicate":{"custom_model_data":1168},"model":"modelengine:nocsy_drakonin8/left_backleg"},{"predicate":{"custom_model_data":1169},"model":"modelengine:nocsy_drakonin8/left_backtibia"},{"predicate":{"custom_model_data":1170},"model":"modelengine:nocsy_drakonin8/left_backfoot"},{"predicate":{"custom_model_data":1171},"model":"modelengine:nocsy_drakonin8/right_backleg"},{"predicate":{"custom_model_data":1172},"model":"modelengine:nocsy_drakonin8/right_backtibia"},{"predicate":{"custom_model_data":1173},"model":"modelengine:nocsy_drakonin8/right_backfoot"},{"predicate":{"custom_model_data":1174},"model":"modelengine:nocsy_drakonin8/tail_1"},{"predicate":{"custom_model_data":1175},"model":"modelengine:nocsy_drakonin8/tail_2"},{"predicate":{"custom_model_data":1176},"model":"modelengine:nocsy_drakonin8/tail_3"},{"predicate":{"custom_model_data":1177},"model":"modelengine:nocsy_drakonin8/tail_4"},{"predicate":{"custom_model_data":2000},"model":"modelengine:nocsy_drakonin_baby/body"},{"predicate":{"custom_model_data":2001},"model":"modelengine:nocsy_drakonin_baby/right_wing"},{"predicate":{"custom_model_data":2002},"model":"modelengine:nocsy_drakonin_baby/right_wing_end"},{"predicate":{"custom_model_data":2003},"model":"modelengine:nocsy_drakonin_baby/left_wing"},{"predicate":{"custom_model_data":2004},"model":"modelengine:nocsy_drakonin_baby/left_wing_end"},{"predicate":{"custom_model_data":2005},"model":"modelengine:nocsy_drakonin_baby/neck"},{"predicate":{"custom_model_data":2006},"model":"modelengine:nocsy_drakonin_baby/head"},{"predicate":{"custom_model_data":2007},"model":"modelengine:nocsy_drakonin_baby/horn_left"},{"predicate":{"custom_model_data":2008},"model":"modelengine:nocsy_drakonin_baby/horn_right"},{"predicate":{"custom_model_data":2009},"model":"modelengine:nocsy_drakonin_baby/left_leg"},{"predicate":{"custom_model_data":2010},"model":"modelengine:nocsy_drakonin_baby/left_tibia"},{"predicate":{"custom_model_data":2011},"model":"modelengine:nocsy_drakonin_baby/left_foot"},{"predicate":{"custom_model_data":2012},"model":"modelengine:nocsy_drakonin_baby/right_leg"},{"predicate":{"custom_model_data":2013},"model":"modelengine:nocsy_drakonin_baby/right_tibia"},{"predicate":{"custom_model_data":2014},"model":"modelengine:nocsy_drakonin_baby/right_foot"},{"predicate":{"custom_model_data":2015},"model":"modelengine:nocsy_drakonin_baby/left_backleg"},{"predicate":{"custom_model_data":2016},"model":"modelengine:nocsy_drakonin_baby/left_backtibia"},{"predicate":{"custom_model_data":2017},"model":"modelengine:nocsy_drakonin_baby/left_backfoot"},{"predicate":{"custom_model_data":2018},"model":"modelengine:nocsy_drakonin_baby/right_backleg"},{"predicate":{"custom_model_data":2019},"model":"modelengine:nocsy_drakonin_baby/right_backtibia"},{"predicate":{"custom_model_data":2020},"model":"modelengine:nocsy_drakonin_baby/right_backfoot"},{"predicate":{"custom_model_data":2021},"model":"modelengine:nocsy_drakonin_baby/tail"},{"predicate":{"custom_model_data":2022},"model":"modelengine:nocsy_drakonin_baby2/body"},{"predicate":{"custom_model_data":2023},"model":"modelengine:nocsy_drakonin_baby2/right_wing"},{"predicate":{"custom_model_data":2024},"model":"modelengine:nocsy_drakonin_baby2/right_wing_end"},{"predicate":{"custom_model_data":2025},"model":"modelengine:nocsy_drakonin_baby2/left_wing"},{"predicate":{"custom_model_data":2026},"model":"modelengine:nocsy_drakonin_baby2/left_wing_end"},{"predicate":{"custom_model_data":2027},"model":"modelengine:nocsy_drakonin_baby2/neck"},{"predicate":{"custom_model_data":2028},"model":"modelengine:nocsy_drakonin_baby2/head"},{"predicate":{"custom_model_data":2029},"model":"modelengine:nocsy_drakonin_baby2/horn_left"},{"predicate":{"custom_model_data":2030},"model":"modelengine:nocsy_drakonin_baby2/horn_right"},{"predicate":{"custom_model_data":2031},"model":"modelengine:nocsy_drakonin_baby2/left_leg"},{"predicate":{"custom_model_data":2032},"model":"modelengine:nocsy_drakonin_baby2/left_tibia"},{"predicate":{"custom_model_data":2033},"model":"modelengine:nocsy_drakonin_baby2/left_foot"},{"predicate":{"custom_model_data":2034},"model":"modelengine:nocsy_drakonin_baby2/right_leg"},{"predicate":{"custom_model_data":2035},"model":"modelengine:nocsy_drakonin_baby2/right_tibia"},{"predicate":{"custom_model_data":2036},"model":"modelengine:nocsy_drakonin_baby2/right_foot"},{"predicate":{"custom_model_data":2037},"model":"modelengine:nocsy_drakonin_baby2/left_backleg"},{"predicate":{"custom_model_data":2038},"model":"modelengine:nocsy_drakonin_baby2/left_backtibia"},{"predicate":{"custom_model_data":2039},"model":"modelengine:nocsy_drakonin_baby2/left_backfoot"},{"predicate":{"custom_model_data":2040},"model":"modelengine:nocsy_drakonin_baby2/right_backleg"},{"predicate":{"custom_model_data":2041},"model":"modelengine:nocsy_drakonin_baby2/right_backtibia"},{"predicate":{"custom_model_data":2042},"model":"modelengine:nocsy_drakonin_baby2/right_backfoot"},{"predicate":{"custom_model_data":2043},"model":"modelengine:nocsy_drakonin_baby2/tail"},{"predicate":{"custom_model_data":2044},"model":"modelengine:nocsy_drakonin_baby3/body"},{"predicate":{"custom_model_data":2045},"model":"modelengine:nocsy_drakonin_baby3/left_wing"},{"predicate":{"custom_model_data":2046},"model":"modelengine:nocsy_drakonin_baby3/left_hand"},{"predicate":{"custom_model_data":2047},"model":"modelengine:nocsy_drakonin_baby3/left_wing_end"},{"predicate":{"custom_model_data":2048},"model":"modelengine:nocsy_drakonin_baby3/right_wing"},{"predicate":{"custom_model_data":2049},"model":"modelengine:nocsy_drakonin_baby3/right_hand"},{"predicate":{"custom_model_data":2050},"model":"modelengine:nocsy_drakonin_baby3/right_wing_end"},{"predicate":{"custom_model_data":2051},"model":"modelengine:nocsy_drakonin_baby3/neck"},{"predicate":{"custom_model_data":2052},"model":"modelengine:nocsy_drakonin_baby3/head"},{"predicate":{"custom_model_data":2053},"model":"modelengine:nocsy_drakonin_baby3/horn_left"},{"predicate":{"custom_model_data":2054},"model":"modelengine:nocsy_drakonin_baby3/horn_right"},{"predicate":{"custom_model_data":2055},"model":"modelengine:nocsy_drakonin_baby3/left_backleg"},{"predicate":{"custom_model_data":2056},"model":"modelengine:nocsy_drakonin_baby3/left_backtibia"},{"predicate":{"custom_model_data":2057},"model":"modelengine:nocsy_drakonin_baby3/left_backfoot"},{"predicate":{"custom_model_data":2058},"model":"modelengine:nocsy_drakonin_baby3/right_backleg"},{"predicate":{"custom_model_data":2059},"model":"modelengine:nocsy_drakonin_baby3/right_backtibia"},{"predicate":{"custom_model_data":2060},"model":"modelengine:nocsy_drakonin_baby3/right_backfoot"},{"predicate":{"custom_model_data":2061},"model":"modelengine:nocsy_drakonin_baby3/tail"},{"predicate":{"custom_model_data":2062},"model":"modelengine:nocsy_drakonin_baby4/body"},{"predicate":{"custom_model_data":2063},"model":"modelengine:nocsy_drakonin_baby4/right_wing"},{"predicate":{"custom_model_data":2064},"model":"modelengine:nocsy_drakonin_baby4/right_hand"},{"predicate":{"custom_model_data":2065},"model":"modelengine:nocsy_drakonin_baby4/right_wing_end"},{"predicate":{"custom_model_data":2066},"model":"modelengine:nocsy_drakonin_baby4/left_wing"},{"predicate":{"custom_model_data":2067},"model":"modelengine:nocsy_drakonin_baby4/left_hand"},{"predicate":{"custom_model_data":2068},"model":"modelengine:nocsy_drakonin_baby4/left_wing_end"},{"predicate":{"custom_model_data":2069},"model":"modelengine:nocsy_drakonin_baby4/neck"},{"predicate":{"custom_model_data":2070},"model":"modelengine:nocsy_drakonin_baby4/head"},{"predicate":{"custom_model_data":2071},"model":"modelengine:nocsy_drakonin_baby4/horn_left"},{"predicate":{"custom_model_data":2072},"model":"modelengine:nocsy_drakonin_baby4/horn_right"},{"predicate":{"custom_model_data":2073},"model":"modelengine:nocsy_drakonin_baby4/left_backleg"},{"predicate":{"custom_model_data":2074},"model":"modelengine:nocsy_drakonin_baby4/left_backtibia"},{"predicate":{"custom_model_data":2075},"model":"modelengine:nocsy_drakonin_baby4/left_backfoot"},{"predicate":{"custom_model_data":2076},"model":"modelengine:nocsy_drakonin_baby4/right_backleg"},{"predicate":{"custom_model_data":2077},"model":"modelengine:nocsy_drakonin_baby4/right_backtibia"},{"predicate":{"custom_model_data":2078},"model":"modelengine:nocsy_drakonin_baby4/right_backfoot"},{"predicate":{"custom_model_data":2079},"model":"modelengine:nocsy_drakonin_baby4/tail"},{"predicate":{"custom_model_data":2080},"model":"modelengine:nocsy_drakonin_baby5/body"},{"predicate":{"custom_model_data":2081},"model":"modelengine:nocsy_drakonin_baby5/left_wing"},{"predicate":{"custom_model_data":2082},"model":"modelengine:nocsy_drakonin_baby5/left_wing_end"},{"predicate":{"custom_model_data":2083},"model":"modelengine:nocsy_drakonin_baby5/right_wing"},{"predicate":{"custom_model_data":2084},"model":"modelengine:nocsy_drakonin_baby5/right_wing_end"},{"predicate":{"custom_model_data":2085},"model":"modelengine:nocsy_drakonin_baby5/neck"},{"predicate":{"custom_model_data":2086},"model":"modelengine:nocsy_drakonin_baby5/head"},{"predicate":{"custom_model_data":2087},"model":"modelengine:nocsy_drakonin_baby5/horn_left"},{"predicate":{"custom_model_data":2088},"model":"modelengine:nocsy_drakonin_baby5/horn_right"},{"predicate":{"custom_model_data":2089},"model":"modelengine:nocsy_drakonin_baby5/machoire"},{"predicate":{"custom_model_data":2090},"model":"modelengine:nocsy_drakonin_baby5/left_leg"},{"predicate":{"custom_model_data":2091},"model":"modelengine:nocsy_drakonin_baby5/left_tibia"},{"predicate":{"custom_model_data":2092},"model":"modelengine:nocsy_drakonin_baby5/left_foot"},{"predicate":{"custom_model_data":2093},"model":"modelengine:nocsy_drakonin_baby5/right_leg"},{"predicate":{"custom_model_data":2094},"model":"modelengine:nocsy_drakonin_baby5/right_tibia"},{"predicate":{"custom_model_data":2095},"model":"modelengine:nocsy_drakonin_baby5/right_foot"},{"predicate":{"custom_model_data":2096},"model":"modelengine:nocsy_drakonin_baby5/left_backleg"},{"predicate":{"custom_model_data":2097},"model":"modelengine:nocsy_drakonin_baby5/left_backtibia"},{"predicate":{"custom_model_data":2098},"model":"modelengine:nocsy_drakonin_baby5/left_backfoot"},{"predicate":{"custom_model_data":2099},"model":"modelengine:nocsy_drakonin_baby5/right_backleg"},{"predicate":{"custom_model_data":2100},"model":"modelengine:nocsy_drakonin_baby5/right_backtibia"},{"predicate":{"custom_model_data":2101},"model":"modelengine:nocsy_drakonin_baby5/right_backfoot"},{"predicate":{"custom_model_data":2102},"model":"modelengine:nocsy_drakonin_baby5/tail"},{"predicate":{"custom_model_data":2103},"model":"modelengine:nocsy_drakonin_baby6/body"},{"predicate":{"custom_model_data":2104},"model":"modelengine:nocsy_drakonin_baby6/right_wing"},{"predicate":{"custom_model_data":2105},"model":"modelengine:nocsy_drakonin_baby6/right_hand"},{"predicate":{"custom_model_data":2106},"model":"modelengine:nocsy_drakonin_baby6/right_wing_end"},{"predicate":{"custom_model_data":2107},"model":"modelengine:nocsy_drakonin_baby6/left_wing"},{"predicate":{"custom_model_data":2108},"model":"modelengine:nocsy_drakonin_baby6/left_hand"},{"predicate":{"custom_model_data":2109},"model":"modelengine:nocsy_drakonin_baby6/left_wing_end"},{"predicate":{"custom_model_data":2110},"model":"modelengine:nocsy_drakonin_baby6/neck"},{"predicate":{"custom_model_data":2111},"model":"modelengine:nocsy_drakonin_baby6/head"},{"predicate":{"custom_model_data":2112},"model":"modelengine:nocsy_drakonin_baby6/horn_left"},{"predicate":{"custom_model_data":2113},"model":"modelengine:nocsy_drakonin_baby6/horn_right"},{"predicate":{"custom_model_data":2114},"model":"modelengine:nocsy_drakonin_baby6/left_backleg"},{"predicate":{"custom_model_data":2115},"model":"modelengine:nocsy_drakonin_baby6/left_backtibia"},{"predicate":{"custom_model_data":2116},"model":"modelengine:nocsy_drakonin_baby6/left_backfoot"},{"predicate":{"custom_model_data":2117},"model":"modelengine:nocsy_drakonin_baby6/right_backleg"},{"predicate":{"custom_model_data":2118},"model":"modelengine:nocsy_drakonin_baby6/right_backtibia"},{"predicate":{"custom_model_data":2119},"model":"modelengine:nocsy_drakonin_baby6/right_backfoot"},{"predicate":{"custom_model_data":2120},"model":"modelengine:nocsy_drakonin_baby6/tail"},{"predicate":{"custom_model_data":2121},"model":"modelengine:nocsy_drakonin_baby7/body"},{"predicate":{"custom_model_data":2122},"model":"modelengine:nocsy_drakonin_baby7/right_wing"},{"predicate":{"custom_model_data":2123},"model":"modelengine:nocsy_drakonin_baby7/right_wing_end"},{"predicate":{"custom_model_data":2124},"model":"modelengine:nocsy_drakonin_baby7/left_wing"},{"predicate":{"custom_model_data":2125},"model":"modelengine:nocsy_drakonin_baby7/left_wing_end"},{"predicate":{"custom_model_data":2126},"model":"modelengine:nocsy_drakonin_baby7/neck"},{"predicate":{"custom_model_data":2127},"model":"modelengine:nocsy_drakonin_baby7/head"},{"predicate":{"custom_model_data":2128},"model":"modelengine:nocsy_drakonin_baby7/horn_left"},{"predicate":{"custom_model_data":2129},"model":"modelengine:nocsy_drakonin_baby7/horn_right"},{"predicate":{"custom_model_data":2130},"model":"modelengine:nocsy_drakonin_baby7/left_leg"},{"predicate":{"custom_model_data":2131},"model":"modelengine:nocsy_drakonin_baby7/left_tibia"},{"predicate":{"custom_model_data":2132},"model":"modelengine:nocsy_drakonin_baby7/left_foot"},{"predicate":{"custom_model_data":2133},"model":"modelengine:nocsy_drakonin_baby7/right_leg"},{"predicate":{"custom_model_data":2134},"model":"modelengine:nocsy_drakonin_baby7/right_tibia"},{"predicate":{"custom_model_data":2135},"model":"modelengine:nocsy_drakonin_baby7/right_foot"},{"predicate":{"custom_model_data":2136},"model":"modelengine:nocsy_drakonin_baby7/left_backleg"},{"predicate":{"custom_model_data":2137},"model":"modelengine:nocsy_drakonin_baby7/left_backtibia"},{"predicate":{"custom_model_data":2138},"model":"modelengine:nocsy_drakonin_baby7/left_backfoot"},{"predicate":{"custom_model_data":2139},"model":"modelengine:nocsy_drakonin_baby7/right_backleg"},{"predicate":{"custom_model_data":2140},"model":"modelengine:nocsy_drakonin_baby7/right_backtibia"},{"predicate":{"custom_model_data":2141},"model":"modelengine:nocsy_drakonin_baby7/right_backfoot"},{"predicate":{"custom_model_data":2142},"model":"modelengine:nocsy_drakonin_baby7/tail"},{"predicate":{"custom_model_data":2143},"model":"modelengine:nocsy_drakonin_baby8/body"},{"predicate":{"custom_model_data":2144},"model":"modelengine:nocsy_drakonin_baby8/left_wing"},{"predicate":{"custom_model_data":2145},"model":"modelengine:nocsy_drakonin_baby8/left_hand"},{"predicate":{"custom_model_data":2146},"model":"modelengine:nocsy_drakonin_baby8/left_wing_end"},{"predicate":{"custom_model_data":2147},"model":"modelengine:nocsy_drakonin_baby8/right_wing"},{"predicate":{"custom_model_data":2148},"model":"modelengine:nocsy_drakonin_baby8/right_hand"},{"predicate":{"custom_model_data":2149},"model":"modelengine:nocsy_drakonin_baby8/right_wing_end"},{"predicate":{"custom_model_data":2150},"model":"modelengine:nocsy_drakonin_baby8/neck"},{"predicate":{"custom_model_data":2151},"model":"modelengine:nocsy_drakonin_baby8/head"},{"predicate":{"custom_model_data":2152},"model":"modelengine:nocsy_drakonin_baby8/horn_left"},{"predicate":{"custom_model_data":2153},"model":"modelengine:nocsy_drakonin_baby8/horn_right"},{"predicate":{"custom_model_data":2154},"model":"modelengine:nocsy_drakonin_baby8/left_backleg"},{"predicate":{"custom_model_data":2155},"model":"modelengine:nocsy_drakonin_baby8/left_backtibia"},{"predicate":{"custom_model_data":2156},"model":"modelengine:nocsy_drakonin_baby8/left_backfoot"},{"predicate":{"custom_model_data":2157},"model":"modelengine:nocsy_drakonin_baby8/right_backleg"},{"predicate":{"custom_model_data":2158},"model":"modelengine:nocsy_drakonin_baby8/right_backtibia"},{"predicate":{"custom_model_data":2159},"model":"modelengine:nocsy_drakonin_baby8/right_backfoot"},{"predicate":{"custom_model_data":2160},"model":"modelengine:nocsy_drakonin_baby8/tail"},{"predicate":{"custom_model_data":2161},"model":"modelengine:nocsy_drakonin_baby8/tail_end"},{"predicate":{"custom_model_data":3000},"model":"modelengine:nocsy_drakonin_egg/egg"},{"predicate":{"custom_model_data":3001},"model":"modelengine:nocsy_drakonin_egg/shell"},{"predicate":{"custom_model_data":4000},"model":"modelengine:dark_element_pet/body"},{"predicate":{"custom_model_data":4001},"model":"modelengine:dark_element_pet/head"},{"predicate":{"custom_model_data":4002},"model":"modelengine:dark_element_pet/tail"},{"predicate":{"custom_model_data":4003},"model":"modelengine:dark_element_pet/tail2"},{"predicate":{"custom_model_data":4004},"model":"modelengine:dark_element_pet/tail3"},{"predicate":{"custom_model_data":4005},"model":"modelengine:dark_element_pet/tail4"},{"predicate":{"custom_model_data":4006},"model":"modelengine:dark_element_pet/right_arm"},{"predicate":{"custom_model_data":4007},"model":"modelengine:dark_element_pet/right_arm2"},{"predicate":{"custom_model_data":4008},"model":"modelengine:dark_element_pet/left_arm"},{"predicate":{"custom_model_data":4009},"model":"modelengine:dark_element_pet/left_arm2"},{"predicate":{"custom_model_data":4010},"model":"modelengine:dark_element_pet/right_leg"},{"predicate":{"custom_model_data":4011},"model":"modelengine:dark_element_pet/left_leg"},{"predicate":{"custom_model_data":4012},"model":"modelengine:dark_element_pet_attack/f1"},{"predicate":{"custom_model_data":4013},"model":"modelengine:dark_element_pet_attack_vfx/f1"},{"predicate":{"custom_model_data":4014},"model":"modelengine:dark_element_pet_attack_vfx/f2"},{"predicate":{"custom_model_data":4015},"model":"modelengine:dark_element_pet_attack_vfx/f3"},{"predicate":{"custom_model_data":4016},"model":"modelengine:dark_element_pet_attack_vfx/f4"},{"predicate":{"custom_model_data":4017},"model":"modelengine:dark_element_pet_attack_vfx/f5"},{"predicate":{"custom_model_data":4018},"model":"modelengine:dark_element_pet_skill/circle"},{"predicate":{"custom_model_data":4019},"model":"modelengine:dark_element_pet_skill/t1"},{"predicate":{"custom_model_data":4020},"model":"modelengine:dark_element_pet_skill/t2"},{"predicate":{"custom_model_data":4021},"model":"modelengine:dark_element_pet_skill/t3"},{"predicate":{"custom_model_data":4022},"model":"modelengine:dark_element_pet_skill/t4"},{"predicate":{"custom_model_data":4023},"model":"modelengine:forest_element_pet/body"},{"predicate":{"custom_model_data":4024},"model":"modelengine:forest_element_pet/head"},{"predicate":{"custom_model_data":4025},"model":"modelengine:forest_element_pet/left_wing"},{"predicate":{"custom_model_data":4026},"model":"modelengine:forest_element_pet/right_wing"},{"predicate":{"custom_model_data":4027},"model":"modelengine:forest_element_pet/right_leg"},{"predicate":{"custom_model_data":4028},"model":"modelengine:forest_element_pet/left_leg"},{"predicate":{"custom_model_data":4029},"model":"modelengine:forest_element_pet_attack/f1"},{"predicate":{"custom_model_data":4030},"model":"modelengine:forest_element_pet_attack_vfx/f1"},{"predicate":{"custom_model_data":4031},"model":"modelengine:forest_element_pet_attack_vfx/f2"},{"predicate":{"custom_model_data":4032},"model":"modelengine:forest_element_pet_attack_vfx/f3"},{"predicate":{"custom_model_data":4033},"model":"modelengine:forest_element_pet_attack_vfx/f4"},{"predicate":{"custom_model_data":4034},"model":"modelengine:forest_element_pet_attack_vfx/f5"},{"predicate":{"custom_model_data":4035},"model":"modelengine:forest_element_pet_skill/bone"},{"predicate":{"custom_model_data":4036},"model":"modelengine:forest_element_pet_skill/bone2"},{"predicate":{"custom_model_data":4037},"model":"modelengine:forzen_element_pet/front"},{"predicate":{"custom_model_data":4038},"model":"modelengine:forzen_element_pet/head"},{"predicate":{"custom_model_data":4039},"model":"modelengine:forzen_element_pet/right_f_leg"},{"predicate":{"custom_model_data":4040},"model":"modelengine:forzen_element_pet/left_f_leg"},{"predicate":{"custom_model_data":4041},"model":"modelengine:forzen_element_pet/waist"},{"predicate":{"custom_model_data":4042},"model":"modelengine:forzen_element_pet/tail"},{"predicate":{"custom_model_data":4043},"model":"modelengine:forzen_element_pet/tail2"},{"predicate":{"custom_model_data":4044},"model":"modelengine:forzen_element_pet/tail3"},{"predicate":{"custom_model_data":4045},"model":"modelengine:forzen_element_pet/left_b_leg"},{"predicate":{"custom_model_data":4046},"model":"modelengine:forzen_element_pet/right_b_leg"},{"predicate":{"custom_model_data":4047},"model":"modelengine:forzen_element_pet_attack/f1"},{"predicate":{"custom_model_data":4048},"model":"modelengine:forzen_element_pet_attack_vfx/f1"},{"predicate":{"custom_model_data":4049},"model":"modelengine:forzen_element_pet_attack_vfx/f2"},{"predicate":{"custom_model_data":4050},"model":"modelengine:forzen_element_pet_attack_vfx/f3"},{"predicate":{"custom_model_data":4051},"model":"modelengine:forzen_element_pet_attack_vfx/f4"},{"predicate":{"custom_model_data":4052},"model":"modelengine:forzen_element_pet_attack_vfx/f5"},{"predicate":{"custom_model_data":4053},"model":"modelengine:forzen_element_pet_skill/bone"},{"predicate":{"custom_model_data":4054},"model":"modelengine:forzen_element_pet_skill2/f1"},{"predicate":{"custom_model_data":4055},"model":"modelengine:forzen_element_pet_skill2_vfx/f1"},{"predicate":{"custom_model_data":4056},"model":"modelengine:forzen_element_pet_skill2_vfx/f2"},{"predicate":{"custom_model_data":4057},"model":"modelengine:forzen_element_pet_skill2_vfx/f3"},{"predicate":{"custom_model_data":4058},"model":"modelengine:forzen_element_pet_skill2_vfx/f4"},{"predicate":{"custom_model_data":4059},"model":"modelengine:forzen_element_pet_skill2_vfx/f5"},{"predicate":{"custom_model_data":4060},"model":"modelengine:forzen_element_pet_skill2_vfx/f6"},{"predicate":{"custom_model_data":4061},"model":"modelengine:forzen_element_pet_skill2_vfx/f7"},{"predicate":{"custom_model_data":4062},"model":"modelengine:forzen_element_pet_skill2_vfx/f8"},{"predicate":{"custom_model_data":4063},"model":"modelengine:forzen_element_pet_skill2_vfx/f9"},{"predicate":{"custom_model_data":4064},"model":"modelengine:forzen_element_pet_skill2_vfx/f10"},{"predicate":{"custom_model_data":4065},"model":"modelengine:forzen_element_pet_skill2_vfx/f11"},{"predicate":{"custom_model_data":4066},"model":"modelengine:forzen_element_pet_skill2_vfx/f12"},{"predicate":{"custom_model_data":4067},"model":"modelengine:forzen_element_pet_skill2_vfx/f13"},{"predicate":{"custom_model_data":4068},"model":"modelengine:forzen_element_pet_skill2_vfx/f14"},{"predicate":{"custom_model_data":4069},"model":"modelengine:forzen_element_pet_skill2_vfx/f15"},{"predicate":{"custom_model_data":4070},"model":"modelengine:forzen_element_pet_skill2_vfx/f16"},{"predicate":{"custom_model_data":4071},"model":"modelengine:forzen_element_pet_skill2_vfx/f17"},{"predicate":{"custom_model_data":4072},"model":"modelengine:forzen_element_pet_skill2_vfx/f18"},{"predicate":{"custom_model_data":5000},"model":"modelengine:nocsy_drakonin_firespell/body"},{"predicate":{"custom_model_data":5001},"model":"modelengine:nocsy_drakonin_firespell/second_ring"},{"predicate":{"custom_model_data":5002},"model":"modelengine:nocsy_drakonin_poisoncloud/groundbone"},{"predicate":{"custom_model_data":5003},"model":"modelengine:nocsy_drakonin_poisoncloud/spell"},{"predicate":{"custom_model_data":5004},"model":"modelengine:nocsy_drakonin_rocks/spell"},{"predicate":{"custom_model_data":5005},"model":"modelengine:nocsy_drakonin_roots/root_right"},{"predicate":{"custom_model_data":5006},"model":"modelengine:nocsy_drakonin_roots/root_left"},{"predicate":{"custom_model_data":5007},"model":"modelengine:nocsy_drakonin_shadowspell/meteor"},{"predicate":{"custom_model_data":5008},"model":"modelengine:nocsy_drakonin_tornado/tornado"},{"predicate":{"custom_model_data":5009},"model":"modelengine:nocsy_drakonin_tornado/bottom_part"},{"predicate":{"custom_model_data":5010},"model":"modelengine:nocsy_drakonin_tornado/ring_big"},{"predicate":{"custom_model_data":5011},"model":"modelengine:nocsy_drakonin_tornado/ring_tiny"},{"predicate":{"custom_model_data":5012},"model":"modelengine:nocsy_drakonin_water_geyser/main_geyser"},{"predicate":{"custom_model_data":5013},"model":"modelengine:nocsy_drakonin_water_geyser/poof_water"},{"predicate":{"custom_model_data":10016},"model":"hmccosmetics:item/beanie"},{"predicate":{"custom_model_data":10017},"model":"hmccosmetics:item/paintbrush"},{"predicate":{"custom_model_data":10018},"model":"hmccosmetics:item/explorer_backpack"},{"predicate":{"custom_model_data":10019},"model":"item/leather_horse_armor"}]}