{"parent":"item/generated","textures":{"layer0":"item/leather_boots","layer1":"item/leather_boots_overlay"},"overrides":[{"predicate":{"custom_model_data":10000},"model":"saint_patricks_v1:ia_auto_gen/saint_patricks_boots"},{"predicate":{"custom_model_data":10001},"model":"saint_patricks_v2:ia_auto_gen/saint_patricks_boots"},{"predicate":{"custom_model_data":10002},"model":"valerieset:ia_auto_gen/valerieboots"},{"predicate":{"custom_model_data":10003},"model":"elitecreatures:ia_auto_gen/fantasy_roman_warrior_boots"},{"predicate":{"custom_model_data":10005},"model":"evergreenset:ia_auto_gen/evergreenboots"},{"predicate":{"custom_model_data":10006},"model":"elitecreatures:ia_auto_gen/diablo_weapon_set_boots"},{"predicate":{"custom_model_data":10007},"model":"discordnitroset:ia_auto_gen/discordnitroboots"},{"predicate":{"custom_model_data":10008},"model":"thunderboltset:ia_auto_gen/thunderboltboots"},{"predicate":{"custom_model_data":10009},"model":"item/leather_boots"}]}