{"parent":"minecraft:item/generated","textures":{"layer0":"minecraft:item/paper"},"overrides":[{"predicate":{"custom_model_data":9999},"model":"elitecreatures:diablo_weapon_set/chest"},{"predicate":{"custom_model_data":10000},"model":"_iainternal:ia_auto_gen/icon_left_blue"},{"predicate":{"custom_model_data":10001},"model":"_iainternal:ia_auto_gen/icon_right_blue"},{"predicate":{"custom_model_data":10002},"model":"_iainternal:ia_auto_gen/icon_search"},{"predicate":{"custom_model_data":10003},"model":"_iainternal:ia_auto_gen/icon_cancel"},{"predicate":{"custom_model_data":10004},"model":"_iainternal:ia_auto_gen/icon_arrow_chest"},{"predicate":{"custom_model_data":10005},"model":"_iainternal:ia_auto_gen/icon_back_orange"},{"predicate":{"custom_model_data":10006},"model":"_iainternal:ia_auto_gen/icon_next_orange"},{"predicate":{"custom_model_data":10007},"model":"rpgbundle_vol1:ia_auto_gen/rpgbundle_vol1_chest1"},{"predicate":{"custom_model_data":10008},"model":"rpgbundle_vol1:ia_auto_gen/rpgbundle_vol1_chest2"},{"predicate":{"custom_model_data":10009},"model":"rpgbundle_vol1:ia_auto_gen/rpgbundle_vol1_chest3"},{"predicate":{"custom_model_data":10010},"model":"rpgbundle_vol1:ia_auto_gen/rpgbundle_vol1_christmas1"},{"predicate":{"custom_model_data":10011},"model":"rpgbundle_vol1:ia_auto_gen/rpgbundle_vol1_christmas2"},{"predicate":{"custom_model_data":10012},"model":"rpgbundle_vol1:ia_auto_gen/rpgbundle_vol1_christmas3"},{"predicate":{"custom_model_data":10013},"model":"rpgbundle_vol1:ia_auto_gen/rpgbundle_vol1_christmas4"},{"predicate":{"custom_model_data":10014},"model":"rpgbundle_vol1:ia_auto_gen/rpgbundle_vol1_christmas5"},{"predicate":{"custom_model_data":10015},"model":"rpgbundle_vol1:ia_auto_gen/rpgbundle_vol1_christmas6"},{"predicate":{"custom_model_data":10016},"model":"rpgbundle_vol1:ia_auto_gen/rpgbundle_vol1_christmas7"},{"predicate":{"custom_model_data":10017},"model":"rpgbundle_vol1:ia_auto_gen/rpgbundle_vol1_gem1"},{"predicate":{"custom_model_data":10018},"model":"rpgbundle_vol1:ia_auto_gen/rpgbundle_vol1_gem10"},{"predicate":{"custom_model_data":10019},"model":"rpgbundle_vol1:ia_auto_gen/rpgbundle_vol1_gem11"},{"predicate":{"custom_model_data":10020},"model":"rpgbundle_vol1:ia_auto_gen/rpgbundle_vol1_gem12"},{"predicate":{"custom_model_data":10021},"model":"rpgbundle_vol1:ia_auto_gen/rpgbundle_vol1_gem13"},{"predicate":{"custom_model_data":10022},"model":"rpgbundle_vol1:ia_auto_gen/rpgbundle_vol1_gem14"},{"predicate":{"custom_model_data":10023},"model":"rpgbundle_vol1:ia_auto_gen/rpgbundle_vol1_gem15"},{"predicate":{"custom_model_data":10024},"model":"rpgbundle_vol1:ia_auto_gen/rpgbundle_vol1_gem16"},{"predicate":{"custom_model_data":10025},"model":"rpgbundle_vol1:ia_auto_gen/rpgbundle_vol1_gem17"},{"predicate":{"custom_model_data":10026},"model":"rpgbundle_vol1:ia_auto_gen/rpgbundle_vol1_gem18"},{"predicate":{"custom_model_data":10027},"model":"rpgbundle_vol1:ia_auto_gen/rpgbundle_vol1_gem19"},{"predicate":{"custom_model_data":10028},"model":"rpgbundle_vol1:ia_auto_gen/rpgbundle_vol1_gem2"},{"predicate":{"custom_model_data":10029},"model":"rpgbundle_vol1:ia_auto_gen/rpgbundle_vol1_gem20"},{"predicate":{"custom_model_data":10030},"model":"rpgbundle_vol1:ia_auto_gen/rpgbundle_vol1_gem3"},{"predicate":{"custom_model_data":10031},"model":"rpgbundle_vol1:ia_auto_gen/rpgbundle_vol1_gem4"},{"predicate":{"custom_model_data":10032},"model":"rpgbundle_vol1:ia_auto_gen/rpgbundle_vol1_gem5"},{"predicate":{"custom_model_data":10033},"model":"rpgbundle_vol1:ia_auto_gen/rpgbundle_vol1_gem6"},{"predicate":{"custom_model_data":10034},"model":"rpgbundle_vol1:ia_auto_gen/rpgbundle_vol1_gem7"},{"predicate":{"custom_model_data":10035},"model":"rpgbundle_vol1:ia_auto_gen/rpgbundle_vol1_gem8"},{"predicate":{"custom_model_data":10036},"model":"rpgbundle_vol1:ia_auto_gen/rpgbundle_vol1_gem9"},{"predicate":{"custom_model_data":10037},"model":"rpgbundle_vol1:ia_auto_gen/rpgbundle_vol1_necklace1"},{"predicate":{"custom_model_data":10038},"model":"rpgbundle_vol1:ia_auto_gen/rpgbundle_vol1_necklace2"},{"predicate":{"custom_model_data":10039},"model":"rpgbundle_vol1:ia_auto_gen/rpgbundle_vol1_necklace3"},{"predicate":{"custom_model_data":10040},"model":"rpgbundle_vol1:ia_auto_gen/rpgbundle_vol1_necklace4"},{"predicate":{"custom_model_data":10041},"model":"rpgbundle_vol1:ia_auto_gen/rpgbundle_vol1_necklace5"},{"predicate":{"custom_model_data":10042},"model":"rpgbundle_vol1:ia_auto_gen/rpgbundle_vol1_necklace6"},{"predicate":{"custom_model_data":10043},"model":"rpgbundle_vol1:ia_auto_gen/rpgbundle_vol1_paper1"},{"predicate":{"custom_model_data":10044},"model":"rpgbundle_vol1:ia_auto_gen/rpgbundle_vol1_paper2"},{"predicate":{"custom_model_data":10045},"model":"rpgbundle_vol1:ia_auto_gen/rpgbundle_vol1_paper3"},{"predicate":{"custom_model_data":10046},"model":"rpgbundle_vol1:ia_auto_gen/rpgbundle_vol1_paper4"},{"predicate":{"custom_model_data":10047},"model":"rpgbundle_vol1:ia_auto_gen/rpgbundle_vol1_paper5"},{"predicate":{"custom_model_data":10048},"model":"rpgbundle_vol1:ia_auto_gen/rpgbundle_vol1_paper6"},{"predicate":{"custom_model_data":10049},"model":"rpgbundle_vol1:ia_auto_gen/rpgbundle_vol1_paper7"},{"predicate":{"custom_model_data":10050},"model":"rpgbundle_vol1:ia_auto_gen/rpgbundle_vol1_paper8"},{"predicate":{"custom_model_data":10051},"model":"rpgbundle_vol1:ia_auto_gen/rpgbundle_vol1_ring1"},{"predicate":{"custom_model_data":10052},"model":"rpgbundle_vol1:ia_auto_gen/rpgbundle_vol1_ring2"},{"predicate":{"custom_model_data":10053},"model":"rpgbundle_vol1:ia_auto_gen/rpgbundle_vol1_ring3"},{"predicate":{"custom_model_data":10054},"model":"rpgbundle_vol1:ia_auto_gen/rpgbundle_vol1_ring4"},{"predicate":{"custom_model_data":10055},"model":"rpgbundle_vol1:ia_auto_gen/rpgbundle_vol1_ring5"},{"predicate":{"custom_model_data":10056},"model":"rpgbundle_vol1:ia_auto_gen/rpgbundle_vol1_ring6"},{"predicate":{"custom_model_data":10057},"model":"rpgbundle_vol2:ia_auto_gen/rpgbundle_vol2_item1"},{"predicate":{"custom_model_data":10058},"model":"rpgbundle_vol2:ia_auto_gen/rpgbundle_vol2_item10"},{"predicate":{"custom_model_data":10059},"model":"rpgbundle_vol2:ia_auto_gen/rpgbundle_vol2_item11"},{"predicate":{"custom_model_data":10060},"model":"rpgbundle_vol2:ia_auto_gen/rpgbundle_vol2_item12"},{"predicate":{"custom_model_data":10061},"model":"rpgbundle_vol2:ia_auto_gen/rpgbundle_vol2_item13"},{"predicate":{"custom_model_data":10062},"model":"rpgbundle_vol2:ia_auto_gen/rpgbundle_vol2_item14"},{"predicate":{"custom_model_data":10063},"model":"rpgbundle_vol2:ia_auto_gen/rpgbundle_vol2_item15"},{"predicate":{"custom_model_data":10064},"model":"rpgbundle_vol2:ia_auto_gen/rpgbundle_vol2_item16"},{"predicate":{"custom_model_data":10065},"model":"rpgbundle_vol2:ia_auto_gen/rpgbundle_vol2_item17"},{"predicate":{"custom_model_data":10066},"model":"rpgbundle_vol2:ia_auto_gen/rpgbundle_vol2_item18"},{"predicate":{"custom_model_data":10067},"model":"rpgbundle_vol2:ia_auto_gen/rpgbundle_vol2_item19"},{"predicate":{"custom_model_data":10068},"model":"rpgbundle_vol2:ia_auto_gen/rpgbundle_vol2_item2"},{"predicate":{"custom_model_data":10069},"model":"rpgbundle_vol2:ia_auto_gen/rpgbundle_vol2_item20"},{"predicate":{"custom_model_data":10070},"model":"rpgbundle_vol2:ia_auto_gen/rpgbundle_vol2_item3"},{"predicate":{"custom_model_data":10071},"model":"rpgbundle_vol2:ia_auto_gen/rpgbundle_vol2_item4"},{"predicate":{"custom_model_data":10072},"model":"rpgbundle_vol2:ia_auto_gen/rpgbundle_vol2_item5"},{"predicate":{"custom_model_data":10073},"model":"rpgbundle_vol2:ia_auto_gen/rpgbundle_vol2_item6"},{"predicate":{"custom_model_data":10074},"model":"rpgbundle_vol2:ia_auto_gen/rpgbundle_vol2_item7"},{"predicate":{"custom_model_data":10075},"model":"rpgbundle_vol2:ia_auto_gen/rpgbundle_vol2_item8"},{"predicate":{"custom_model_data":10076},"model":"rpgbundle_vol2:ia_auto_gen/rpgbundle_vol2_item9"},{"predicate":{"custom_model_data":10077},"model":"decoration:item/quest_board"},{"predicate":{"custom_model_data":10078},"model":"elitecreatures:adventure_backpack_cosmetic/backpack_1"},{"predicate":{"custom_model_data":10079},"model":"elitecreatures:adventure_backpack_cosmetic/backpack_1_self"},{"predicate":{"custom_model_data":10080},"model":"elitecreatures:adventure_backpack_cosmetic/backpack_2"},{"predicate":{"custom_model_data":10081},"model":"elitecreatures:adventure_backpack_cosmetic/backpack_2_self"},{"predicate":{"custom_model_data":10082},"model":"elitecreatures:adventure_backpack_cosmetic/backpack_3"},{"predicate":{"custom_model_data":10083},"model":"elitecreatures:adventure_backpack_cosmetic/backpack_3_self"},{"predicate":{"custom_model_data":10084},"model":"elitecreatures:adventure_backpack_cosmetic/backpack_4"},{"predicate":{"custom_model_data":10085},"model":"elitecreatures:adventure_backpack_cosmetic/backpack_4_self"},{"predicate":{"custom_model_data":10086},"model":"elitecreatures:adventure_backpack_cosmetic/backpack_5"},{"predicate":{"custom_model_data":10087},"model":"elitecreatures:adventure_backpack_cosmetic/backpack_5_self"},{"predicate":{"custom_model_data":10088},"model":"elitecreatures:adventure_backpack_cosmetic/backpack_6"},{"predicate":{"custom_model_data":10089},"model":"elitecreatures:adventure_backpack_cosmetic/backpack_6_self"},{"predicate":{"custom_model_data":10090},"model":"elitecreatures:adventure_backpack_cosmetic/backpack_7"},{"predicate":{"custom_model_data":10091},"model":"elitecreatures:adventure_backpack_cosmetic/backpack_7_self"},{"predicate":{"custom_model_data":10092},"model":"elitecreatures:adventure_backpack_cosmetic/backpack_8"},{"predicate":{"custom_model_data":10093},"model":"elitecreatures:adventure_backpack_cosmetic/backpack_8_self"},{"predicate":{"custom_model_data":10094},"model":"elitecreatures:adventure_backpack_cosmetic/backpack_9"},{"predicate":{"custom_model_data":10095},"model":"elitecreatures:adventure_backpack_cosmetic/backpack_9_self"},{"predicate":{"custom_model_data":10096},"model":"elitecreatures:adventure_backpack_cosmetic/backpack_10"},{"predicate":{"custom_model_data":10097},"model":"elitecreatures:adventure_backpack_cosmetic/backpack_10_self"},{"predicate":{"custom_model_data":10098},"model":"elitecreatures:adventure_backpack_cosmetic/backpack_11"},{"predicate":{"custom_model_data":10099},"model":"elitecreatures:adventure_backpack_cosmetic/backpack_11_self"},{"predicate":{"custom_model_data":10100},"model":"elitecreatures:adventure_backpack_cosmetic/backpack_12"},{"predicate":{"custom_model_data":10101},"model":"elitecreatures:adventure_backpack_cosmetic/backpack_12_self"},{"predicate":{"custom_model_data":10102},"model":"elitecreatures:adventure_backpack_cosmetic/backpack_13"},{"predicate":{"custom_model_data":10103},"model":"elitecreatures:adventure_backpack_cosmetic/backpack_13_self"},{"predicate":{"custom_model_data":10104},"model":"evergreenset:chest"},{"predicate":{"custom_model_data":10105},"model":"evergreenset:chest_opening"},{"predicate":{"custom_model_data":10106},"model":"evergreenset:crown"},{"predicate":{"custom_model_data":10107},"model":"evergreenset:key"},{"predicate":{"custom_model_data":10108},"model":"evergreenset:wings"},{"predicate":{"custom_model_data":10109},"model":"rpgbundle_vol2:ia_auto_gen/rpgbundle_vol2_shield1"},{"predicate":{"custom_model_data":10110},"model":"elitecreatures:diablo_weapon_set/hat_1"},{"predicate":{"custom_model_data":10111},"model":"elitecreatures:diablo_weapon_set/hat_2"},{"predicate":{"custom_model_data":10112},"model":"elitecreatures:diablo_weapon_set/key"},{"predicate":{"custom_model_data":10113},"model":"elitecreatures:diablo_weapon_set/wings_1"},{"predicate":{"custom_model_data":10114},"model":"elitecreatures:diablo_weapon_set/wings_2"},{"predicate":{"custom_model_data":10115},"model":"discordnitroset:chest"},{"predicate":{"custom_model_data":10116},"model":"discordnitroset:chest_opening"},{"predicate":{"custom_model_data":10117},"model":"discordnitroset:helmet"},{"predicate":{"custom_model_data":10118},"model":"discordnitroset:key"},{"predicate":{"custom_model_data":10119},"model":"discordnitroset:wings"},{"predicate":{"custom_model_data":10120},"model":"hmccosmetics:item/backpack"},{"predicate":{"custom_model_data":10121},"model":"hmccosmetics:item/backpack_thirdperson"},{"predicate":{"custom_model_data":10122},"model":"hmccosmetics:item/lantern_cosmetic"},{"predicate":{"custom_model_data":10123},"model":"hmccosmetics:item/baseball_hat"},{"predicate":{"custom_model_data":10124},"model":"hmccosmetics:ia_auto_gen/hmccosmetics_icon"},{"predicate":{"custom_model_data":10125},"model":"hmccosmetics:ia_auto_gen/arrow_back"},{"predicate":{"custom_model_data":10126},"model":"hmccosmetics:ia_auto_gen/arrow_next"},{"predicate":{"custom_model_data":10127},"model":"hmccosmetics:item/kite"},{"predicate":{"custom_model_data":10128},"model":"hmccosmetics:item/future_wings"},{"predicate":{"custom_model_data":10129},"model":"hmccosmetics:item/future_wings_thirdperson"},{"predicate":{"custom_model_data":10130},"model":"hmccosmetics:item/frog_hat"},{"predicate":{"custom_model_data":10131},"model":"hmccosmetics:item/jetpack"},{"predicate":{"custom_model_data":10132},"model":"hmccosmetics:item/hammer"},{"predicate":{"custom_model_data":10133},"model":"thunderboltset:chest"},{"predicate":{"custom_model_data":10134},"model":"thunderboltset:chest_opening"},{"predicate":{"custom_model_data":10135},"model":"thunderboltset:helmet"},{"predicate":{"custom_model_data":10136},"model":"thunderboltset:key"},{"predicate":{"custom_model_data":10137},"model":"thunderboltset:wings"},{"predicate":{"custom_model_data":10138},"model":"rpgbundle_vol2:ia_auto_gen/rpgbundle_vol2_shield2"},{"predicate":{"custom_model_data":10139},"model":"rpgbundle_vol2:ia_auto_gen/rpgbundle_vol2_shield3"},{"predicate":{"custom_model_data":10140},"model":"rpgbundle_vol2:ia_auto_gen/rpgbundle_vol2_shield4"},{"predicate":{"custom_model_data":10141},"model":"rpgbundle_vol2:ia_auto_gen/rpgbundle_vol2_shield5"},{"predicate":{"custom_model_data":10142},"model":"rpgbundle_vol3:ia_auto_gen/rpgbundle_vol3_item1"},{"predicate":{"custom_model_data":10143},"model":"rpgbundle_vol3:ia_auto_gen/rpgbundle_vol3_item10"},{"predicate":{"custom_model_data":10144},"model":"rpgbundle_vol3:ia_auto_gen/rpgbundle_vol3_item11"},{"predicate":{"custom_model_data":10145},"model":"rpgbundle_vol3:ia_auto_gen/rpgbundle_vol3_item12"},{"predicate":{"custom_model_data":10146},"model":"rpgbundle_vol3:ia_auto_gen/rpgbundle_vol3_item13"},{"predicate":{"custom_model_data":10147},"model":"rpgbundle_vol3:ia_auto_gen/rpgbundle_vol3_item14"},{"predicate":{"custom_model_data":10148},"model":"rpgbundle_vol3:ia_auto_gen/rpgbundle_vol3_item15"},{"predicate":{"custom_model_data":10149},"model":"rpgbundle_vol3:ia_auto_gen/rpgbundle_vol3_item2"},{"predicate":{"custom_model_data":10150},"model":"rpgbundle_vol3:ia_auto_gen/rpgbundle_vol3_item3"},{"predicate":{"custom_model_data":10151},"model":"rpgbundle_vol3:ia_auto_gen/rpgbundle_vol3_item4"},{"predicate":{"custom_model_data":10152},"model":"rpgbundle_vol3:ia_auto_gen/rpgbundle_vol3_item5"},{"predicate":{"custom_model_data":10153},"model":"rpgbundle_vol3:ia_auto_gen/rpgbundle_vol3_item6"},{"predicate":{"custom_model_data":10154},"model":"rpgbundle_vol3:ia_auto_gen/rpgbundle_vol3_item7"},{"predicate":{"custom_model_data":10155},"model":"rpgbundle_vol3:ia_auto_gen/rpgbundle_vol3_item8"},{"predicate":{"custom_model_data":10156},"model":"rpgbundle_vol3:ia_auto_gen/rpgbundle_vol3_item9"},{"predicate":{"custom_model_data":10157},"model":"jeqo:icons/alert"},{"predicate":{"custom_model_data":10158},"model":"jeqo:icons/arrow_down"},{"predicate":{"custom_model_data":10159},"model":"jeqo:icons/arrow_down2"},{"predicate":{"custom_model_data":10160},"model":"jeqo:icons/arrow_left"},{"predicate":{"custom_model_data":10161},"model":"jeqo:icons/arrow_left2"},{"predicate":{"custom_model_data":10162},"model":"jeqo:icons/arrow_right"},{"predicate":{"custom_model_data":10163},"model":"jeqo:icons/arrow_right2"},{"predicate":{"custom_model_data":10164},"model":"jeqo:icons/arrow_up"},{"predicate":{"custom_model_data":10165},"model":"jeqo:icons/arrow_up2"},{"predicate":{"custom_model_data":10166},"model":"jeqo:icons/back"},{"predicate":{"custom_model_data":10167},"model":"jeqo:icons/blocked"},{"predicate":{"custom_model_data":10168},"model":"jeqo:icons/blocked_thin"},{"predicate":{"custom_model_data":10169},"model":"jeqo:icons/boxed_arrow_down"},{"predicate":{"custom_model_data":10170},"model":"jeqo:icons/boxed_arrow_left"},{"predicate":{"custom_model_data":10171},"model":"jeqo:icons/boxed_arrow_right"},{"predicate":{"custom_model_data":10172},"model":"jeqo:icons/boxed_arrow_up"},{"predicate":{"custom_model_data":10173},"model":"jeqo:icons/bronze_trophy"},{"predicate":{"custom_model_data":10174},"model":"jeqo:icons/check"},{"predicate":{"custom_model_data":10175},"model":"jeqo:icons/crafting"},{"predicate":{"custom_model_data":10176},"model":"jeqo:icons/cross"},{"predicate":{"custom_model_data":10177},"model":"jeqo:icons/curved_arrow_left"},{"predicate":{"custom_model_data":10178},"model":"jeqo:icons/curved_arrow_left2"},{"predicate":{"custom_model_data":10179},"model":"jeqo:icons/curved_arrow_right"},{"predicate":{"custom_model_data":10180},"model":"jeqo:icons/curved_arrow_right2"},{"predicate":{"custom_model_data":10181},"model":"jeqo:icons/discord"},{"predicate":{"custom_model_data":10182},"model":"jeqo:icons/filler"},{"predicate":{"custom_model_data":10183},"model":"jeqo:icons/gold_trophy"},{"predicate":{"custom_model_data":10184},"model":"jeqo:icons/gray_boxed_arrow_down"},{"predicate":{"custom_model_data":10185},"model":"jeqo:icons/gray_boxed_arrow_left"},{"predicate":{"custom_model_data":10186},"model":"jeqo:icons/gray_boxed_arrow_right"},{"predicate":{"custom_model_data":10187},"model":"jeqo:icons/gray_boxed_arrow_up"},{"predicate":{"custom_model_data":10188},"model":"jeqo:icons/home"},{"predicate":{"custom_model_data":10189},"model":"jeqo:icons/info"},{"predicate":{"custom_model_data":10190},"model":"jeqo:icons/lock"},{"predicate":{"custom_model_data":10191},"model":"jeqo:icons/repair"},{"predicate":{"custom_model_data":10192},"model":"jeqo:icons/scroll_bottom"},{"predicate":{"custom_model_data":10193},"model":"jeqo:icons/scroll_bottom2"},{"predicate":{"custom_model_data":10194},"model":"jeqo:icons/scroll_middle"},{"predicate":{"custom_model_data":10195},"model":"jeqo:icons/scroll_middle2"},{"predicate":{"custom_model_data":10196},"model":"jeqo:icons/scroll_middle3"},{"predicate":{"custom_model_data":10197},"model":"jeqo:icons/scroll_middle4"},{"predicate":{"custom_model_data":10198},"model":"jeqo:icons/scroll_top"},{"predicate":{"custom_model_data":10199},"model":"jeqo:icons/scroll_top2"},{"predicate":{"custom_model_data":10200},"model":"jeqo:icons/search"},{"predicate":{"custom_model_data":10201},"model":"jeqo:icons/silver_trophy"},{"predicate":{"custom_model_data":10202},"model":"jeqo:icons/speech"},{"predicate":{"custom_model_data":10203},"model":"jeqo:icons/speech_blocked"},{"predicate":{"custom_model_data":10204},"model":"jeqo:icons/unlock"},{"predicate":{"custom_model_data":10205},"model":"saint_patricks_v1:chest"},{"predicate":{"custom_model_data":10206},"model":"saint_patricks_v1:helmet"},{"predicate":{"custom_model_data":10207},"model":"saint_patricks_v1:key"},{"predicate":{"custom_model_data":10208},"model":"saint_patricks_v1:wings"},{"predicate":{"custom_model_data":10209},"model":"saint_patricks_v2:chest"},{"predicate":{"custom_model_data":10210},"model":"saint_patricks_v2:helmet"},{"predicate":{"custom_model_data":10211},"model":"saint_patricks_v2:key"},{"predicate":{"custom_model_data":10212},"model":"saint_patricks_v2:wings"},{"predicate":{"custom_model_data":20320},"model":"dragon_warrior:dragon_warrior_model/dragon_circle_1"},{"predicate":{"custom_model_data":20321},"model":"dragon_warrior:dragon_warrior_model/dragon_circle_2"},{"predicate":{"custom_model_data":20322},"model":"dragon_warrior:dragon_warrior_model/dragon_circle_3"},{"predicate":{"custom_model_data":20323},"model":"dragon_warrior:dragon_warrior_model/dragon_circle_4"},{"predicate":{"custom_model_data":20324},"model":"dragon_warrior:dragon_warrior_model/dragon_circle_5"},{"predicate":{"custom_model_data":20325},"model":"dragon_warrior:dragon_warrior_model/dragon_dash_charge_1"},{"predicate":{"custom_model_data":20326},"model":"dragon_warrior:dragon_warrior_model/dragon_dash_charge_2"},{"predicate":{"custom_model_data":20327},"model":"dragon_warrior:dragon_warrior_model/dragon_dash_charge_3"},{"predicate":{"custom_model_data":20328},"model":"dragon_warrior:dragon_warrior_model/dragon_dash_charge_4"},{"predicate":{"custom_model_data":20329},"model":"dragon_warrior:dragon_warrior_model/dragon_dash_pierce_1"},{"predicate":{"custom_model_data":20330},"model":"dragon_warrior:dragon_warrior_model/dragon_dash_pierce_2"},{"predicate":{"custom_model_data":20331},"model":"dragon_warrior:dragon_warrior_model/dragon_dash_pierce_3"},{"predicate":{"custom_model_data":20332},"model":"dragon_warrior:dragon_warrior_model/dragon_dash_pierce_4"},{"predicate":{"custom_model_data":20333},"model":"dragon_warrior:dragon_warrior_model/dragon_dash_pierce_5"},{"predicate":{"custom_model_data":20334},"model":"dragon_warrior:dragon_warrior_model/dragon_ground_slash"},{"predicate":{"custom_model_data":20335},"model":"dragon_warrior:dragon_warrior_model/dragon_slash_1"},{"predicate":{"custom_model_data":20336},"model":"dragon_warrior:dragon_warrior_model/dragon_slash_2"},{"predicate":{"custom_model_data":20337},"model":"dragon_warrior:dragon_warrior_model/dragon_slash_3"},{"predicate":{"custom_model_data":20338},"model":"dragon_warrior:dragon_warrior_model/dragon_slash_4"},{"predicate":{"custom_model_data":20339},"model":"dragon_warrior:dragon_warrior_model/dragon_slash_5"},{"predicate":{"custom_model_data":20340},"model":"dragon_warrior:dragon_warrior_model/dragon_slash_6"},{"predicate":{"custom_model_data":20341},"model":"dragon_warrior:dragon_warrior_model/dragon_smash_rupture_1"},{"predicate":{"custom_model_data":20342},"model":"dragon_warrior:dragon_warrior_model/dragon_smash_rupture_2"},{"predicate":{"custom_model_data":20343},"model":"dragon_warrior:dragon_warrior_model/dragon_smash_rupture_3"},{"predicate":{"custom_model_data":20344},"model":"dragon_warrior:dragon_warrior_model/dragon_smash_rupture_4"},{"predicate":{"custom_model_data":20345},"model":"dragon_warrior:dragon_warrior_model/dragon_smash_rupture_5"},{"predicate":{"custom_model_data":20346},"model":"dragon_warrior:dragon_warrior_model/dragon_smash_rupture_6"},{"predicate":{"custom_model_data":20347},"model":"dragon_warrior:dragon_warrior_model/dragon_spin"},{"predicate":{"custom_model_data":20348},"model":"dragon_warrior:dragon_warrior_model/dragon_spin_1"},{"predicate":{"custom_model_data":20349},"model":"dragon_warrior:dragon_warrior_model/dragon_spin_2"},{"predicate":{"custom_model_data":20350},"model":"dragon_warrior:dragon_warrior_model/dragon_spin_3"},{"predicate":{"custom_model_data":20351},"model":"dragon_warrior:dragon_warrior_model/dragon_warrior_spear_spirit_1"},{"predicate":{"custom_model_data":20352},"model":"dragon_warrior:dragon_warrior_model/dragon_warrior_spear_spirit_2"},{"predicate":{"custom_model_data":20353},"model":"dragon_warrior:dragon_warrior_model/dragon_warrior_spear_spirit_3"},{"predicate":{"custom_model_data":20354},"model":"dragon_warrior:dragon_warrior_model/dragon_warrior_spear_spirit_4"},{"predicate":{"custom_model_data":20355},"model":"dragon_warrior:dragon_warrior_model/dragon_wings_1"},{"predicate":{"custom_model_data":20356},"model":"dragon_warrior:dragon_warrior_model/dragon_wings_2"},{"predicate":{"custom_model_data":20357},"model":"dragon_warrior:dragon_warrior_model/dragon_wings_3"},{"predicate":{"custom_model_data":20358},"model":"dragon_warrior:dragon_warrior_model/dragon_wings_4"},{"predicate":{"custom_model_data":20359},"model":"dragon_warrior:dragon_warrior_model/dragon_wings_5"},{"predicate":{"custom_model_data":20360},"model":"dragon_warrior:dragon_warrior_model/dragon_wings_6"},{"predicate":{"custom_model_data":20361},"model":"dragon_warrior:dragon_warrior_model/dragon_wings_7"},{"predicate":{"custom_model_data":20362},"model":"dragon_warrior:dragon_warrior_model/dragon_wings_8"},{"predicate":{"custom_model_data":20363},"model":"dragon_warrior:dragon_warrior_model/dragon_wings_9"},{"predicate":{"custom_model_data":20364},"model":"dragon_warrior:dragon_warrior_model/dragon_wings_a"},{"predicate":{"custom_model_data":20365},"model":"dragon_warrior:dragon_warrior_model/dragon_slash_2_opp"},{"predicate":{"custom_model_data":20366},"model":"item/paper"}]}