{"parent":"minecraft:item/generated","textures":{"layer0":"minecraft:item/pink_dye"},"overrides":[{"predicate":{"custom_model_data":1},"model":"blocs:ia_auto_gen/bricks"},{"predicate":{"custom_model_data":2},"model":"blocs:ia_auto_gen/cartoon_bricks"},{"predicate":{"custom_model_data":3},"model":"blocs:ia_auto_gen/dirty_bricks"},{"predicate":{"custom_model_data":4},"model":"blocs:ia_auto_gen/light_bricks"},{"predicate":{"custom_model_data":5},"model":"blocs:ia_auto_gen/ceiling_led_workspace"},{"predicate":{"custom_model_data":6},"model":"blocs:ia_auto_gen/ceiling_workspace"},{"predicate":{"custom_model_data":7},"model":"blocs:ia_auto_gen/blue_concrete"},{"predicate":{"custom_model_data":8},"model":"blocs:ia_auto_gen/brown_concrete"},{"predicate":{"custom_model_data":9},"model":"blocs:ia_auto_gen/cyan_concrete"},{"predicate":{"custom_model_data":10},"model":"blocs:ia_auto_gen/green_concrete"},{"predicate":{"custom_model_data":11},"model":"blocs:ia_auto_gen/light_blue_concrete"},{"predicate":{"custom_model_data":12},"model":"blocs:ia_auto_gen/lime_concrete"},{"predicate":{"custom_model_data":13},"model":"blocs:ia_auto_gen/magenta_concrete"},{"predicate":{"custom_model_data":14},"model":"blocs:ia_auto_gen/orange_concrete"},{"predicate":{"custom_model_data":15},"model":"blocs:ia_auto_gen/pink_concrete"},{"predicate":{"custom_model_data":16},"model":"blocs:ia_auto_gen/purple_concrete"},{"predicate":{"custom_model_data":17},"model":"blocs:ia_auto_gen/white_concrete"},{"predicate":{"custom_model_data":18},"model":"blocs:ia_auto_gen/yellow_concrete"},{"predicate":{"custom_model_data":19},"model":"blocs:ia_auto_gen/beige_concrete_powder"},{"predicate":{"custom_model_data":20},"model":"blocs:ia_auto_gen/brown_concrete_powder"},{"predicate":{"custom_model_data":21},"model":"blocs:ia_auto_gen/dirty_concrete_powder"},{"predicate":{"custom_model_data":22},"model":"blocs:ia_auto_gen/floor_concrete_powder"},{"predicate":{"custom_model_data":23},"model":"blocs:ia_auto_gen/green_concrete_powder"},{"predicate":{"custom_model_data":24},"model":"blocs:ia_auto_gen/light_gray_concrete_powder"},{"predicate":{"custom_model_data":25},"model":"blocs:ia_auto_gen/lime_concrete_powder"},{"predicate":{"custom_model_data":26},"model":"blocs:ia_auto_gen/magenta_concrete_powder"},{"predicate":{"custom_model_data":27},"model":"blocs:ia_auto_gen/pink_concrete_powder"},{"predicate":{"custom_model_data":28},"model":"blocs:ia_auto_gen/red_concrete_powder"},{"predicate":{"custom_model_data":29},"model":"blocs:ia_auto_gen/red_dirty_concrete_powder"},{"predicate":{"custom_model_data":30},"model":"blocs:ia_auto_gen/white_concrete_powder"},{"predicate":{"custom_model_data":31},"model":"blocs:ia_auto_gen/yellow_concrete_powder"},{"predicate":{"custom_model_data":32},"model":"blocs:ia_auto_gen/barrel_horizontal"},{"predicate":{"custom_model_data":33},"model":"blocs:ia_auto_gen/barrel_vertical"},{"predicate":{"custom_model_data":34},"model":"blocs:ia_auto_gen/bookshelf"},{"predicate":{"custom_model_data":35},"model":"blocs:ia_auto_gen/bookshelf_1"},{"predicate":{"custom_model_data":36},"model":"blocs:ia_auto_gen/bookshelf_2"},{"predicate":{"custom_model_data":37},"model":"blocs:ia_auto_gen/bookshelf_3"},{"predicate":{"custom_model_data":38},"model":"blocs:ia_auto_gen/wood"},{"predicate":{"custom_model_data":39},"model":"blocs:ia_auto_gen/box"},{"predicate":{"custom_model_data":40},"model":"blocs:ia_auto_gen/box_1"},{"predicate":{"custom_model_data":41},"model":"blocs:ia_auto_gen/box_2"},{"predicate":{"custom_model_data":42},"model":"blocs:ia_auto_gen/box_3"},{"predicate":{"custom_model_data":43},"model":"blocs:ia_auto_gen/box_cover_1"},{"predicate":{"custom_model_data":44},"model":"blocs:ia_auto_gen/box_cover_2"},{"predicate":{"custom_model_data":45},"model":"blocs:ia_auto_gen/box_cover_3"},{"predicate":{"custom_model_data":46},"model":"blocs:ia_auto_gen/box_coal_1"},{"predicate":{"custom_model_data":47},"model":"blocs:ia_auto_gen/box_coal_2"},{"predicate":{"custom_model_data":48},"model":"blocs:ia_auto_gen/box_coal_3"},{"predicate":{"custom_model_data":49},"model":"blocs:ia_auto_gen/box_iron_1"},{"predicate":{"custom_model_data":50},"model":"blocs:ia_auto_gen/box_iron_2"},{"predicate":{"custom_model_data":51},"model":"blocs:ia_auto_gen/box_iron_3"},{"predicate":{"custom_model_data":52},"model":"blocs:ia_auto_gen/cardboard"},{"predicate":{"custom_model_data":53},"model":"blocs:ia_auto_gen/stove_1"},{"predicate":{"custom_model_data":54},"model":"blocs:ia_auto_gen/stove_2"},{"predicate":{"custom_model_data":55},"model":"blocs:ia_auto_gen/stove_3"},{"predicate":{"custom_model_data":56},"model":"blocs:ia_auto_gen/stove_4"},{"predicate":{"custom_model_data":57},"model":"blocs:ia_auto_gen/stove_5"},{"predicate":{"custom_model_data":58},"model":"blocs:ia_auto_gen/cabinet_kitchen_1"},{"predicate":{"custom_model_data":59},"model":"blocs:ia_auto_gen/cabinet_kitchen_2"},{"predicate":{"custom_model_data":60},"model":"blocs:ia_auto_gen/cabinet_kitchen_3"},{"predicate":{"custom_model_data":61},"model":"blocs:ia_auto_gen/cabinet_kitchen_4"},{"predicate":{"custom_model_data":62},"model":"blocs:ia_auto_gen/cabinet_kitchen_5"},{"predicate":{"custom_model_data":63},"model":"blocs:ia_auto_gen/cabinet_kitchen_6"},{"predicate":{"custom_model_data":64},"model":"blocs:ia_auto_gen/cabinet_kitchen_7"},{"predicate":{"custom_model_data":65},"model":"blocs:ia_auto_gen/cabinet_kitchen_8"},{"predicate":{"custom_model_data":66},"model":"blocs:ia_auto_gen/letter_box_1"},{"predicate":{"custom_model_data":67},"model":"blocs:ia_auto_gen/letter_box_2"},{"predicate":{"custom_model_data":68},"model":"blocs:ia_auto_gen/letter_box_3"},{"predicate":{"custom_model_data":69},"model":"blocs:ia_auto_gen/letter_box_4"},{"predicate":{"custom_model_data":70},"model":"blocs:ia_auto_gen/barel_metalic_blue"},{"predicate":{"custom_model_data":71},"model":"blocs:ia_auto_gen/barel_metalic_lime"},{"predicate":{"custom_model_data":72},"model":"blocs:ia_auto_gen/barel_metalic_red"},{"predicate":{"custom_model_data":73},"model":"blocs:ia_auto_gen/tnt_1"},{"predicate":{"custom_model_data":74},"model":"blocs:ia_auto_gen/tnt_2"},{"predicate":{"custom_model_data":75},"model":"blocs:ia_auto_gen/glass_sand"},{"predicate":{"custom_model_data":76},"model":"blocs:ia_auto_gen/glass2_sand"},{"predicate":{"custom_model_data":77},"model":"blocs:ia_auto_gen/glass2_1_sand"},{"predicate":{"custom_model_data":78},"model":"blocs:ia_auto_gen/glass2_2_sand"},{"predicate":{"custom_model_data":79},"model":"blocs:ia_auto_gen/glass2_3_sand"},{"predicate":{"custom_model_data":80},"model":"blocs:ia_auto_gen/glass2_4_sand"},{"predicate":{"custom_model_data":81},"model":"blocs:ia_auto_gen/glass1_sand_round"},{"predicate":{"custom_model_data":82},"model":"blocs:ia_auto_gen/glass2_sand_round"},{"predicate":{"custom_model_data":83},"model":"blocs:ia_auto_gen/glass3_sand_round"},{"predicate":{"custom_model_data":84},"model":"blocs:ia_auto_gen/glass4_sand_round"},{"predicate":{"custom_model_data":85},"model":"blocs:ia_auto_gen/gres"},{"predicate":{"custom_model_data":86},"model":"blocs:ia_auto_gen/roche_claire"},{"predicate":{"custom_model_data":87},"model":"blocs:ia_auto_gen/roche_peu_claire"},{"predicate":{"custom_model_data":88},"model":"blocs:ia_auto_gen/roche_peu_sombre"},{"predicate":{"custom_model_data":89},"model":"blocs:ia_auto_gen/roche_sombre"},{"predicate":{"custom_model_data":90},"model":"blocs:ia_auto_gen/sand"},{"predicate":{"custom_model_data":91},"model":"blocs:ia_auto_gen/wet_sand"},{"predicate":{"custom_model_data":92},"model":"blocs:ia_auto_gen/balcony_floor"},{"predicate":{"custom_model_data":93},"model":"blocs:ia_auto_gen/balcony_floor_2"},{"predicate":{"custom_model_data":94},"model":"blocs:ia_auto_gen/big_pave"},{"predicate":{"custom_model_data":95},"model":"blocs:ia_auto_gen/casino_floor"},{"predicate":{"custom_model_data":96},"model":"blocs:ia_auto_gen/casino_floor_light"},{"predicate":{"custom_model_data":97},"model":"blocs:ia_auto_gen/dark_floor"},{"predicate":{"custom_model_data":98},"model":"blocs:ia_auto_gen/dirt"},{"predicate":{"custom_model_data":99},"model":"blocs:ia_auto_gen/disco_blue_floor"},{"predicate":{"custom_model_data":100},"model":"blocs:ia_auto_gen/disco_green_floor"},{"predicate":{"custom_model_data":101},"model":"blocs:ia_auto_gen/disco_red_floor"},{"predicate":{"custom_model_data":102},"model":"blocs:ia_auto_gen/disco_yellow_floor"},{"predicate":{"custom_model_data":103},"model":"blocs:ia_auto_gen/farmland"},{"predicate":{"custom_model_data":104},"model":"blocs:ia_auto_gen/floor"},{"predicate":{"custom_model_data":105},"model":"blocs:ia_auto_gen/hdv_floor"},{"predicate":{"custom_model_data":106},"model":"blocs:ia_auto_gen/kitchen_floor"},{"predicate":{"custom_model_data":107},"model":"blocs:ia_auto_gen/little_kitchen_floor"},{"predicate":{"custom_model_data":108},"model":"blocs:ia_auto_gen/little_pave"},{"predicate":{"custom_model_data":109},"model":"blocs:ia_auto_gen/manhole_cover"},{"predicate":{"custom_model_data":110},"model":"blocs:ia_auto_gen/pave"},{"predicate":{"custom_model_data":111},"model":"blocs:ia_auto_gen/red_tile_floor"},{"predicate":{"custom_model_data":112},"model":"blocs:ia_auto_gen/solid_floor"},{"predicate":{"custom_model_data":113},"model":"blocs:ia_auto_gen/autumn_grass"},{"predicate":{"custom_model_data":114},"model":"blocs:ia_auto_gen/flowery_moss"},{"predicate":{"custom_model_data":115},"model":"blocs:ia_auto_gen/grass"},{"predicate":{"custom_model_data":116},"model":"blocs:ia_auto_gen/moss"},{"predicate":{"custom_model_data":117},"model":"blocs:ia_auto_gen/winter_grass_1"},{"predicate":{"custom_model_data":118},"model":"blocs:ia_auto_gen/winter_grass"},{"predicate":{"custom_model_data":119},"model":"blocs:ia_auto_gen/autumn_leaves"},{"predicate":{"custom_model_data":120},"model":"blocs:ia_auto_gen/autumn_palm_leaves"},{"predicate":{"custom_model_data":121},"model":"blocs:ia_auto_gen/city_leaves"},{"predicate":{"custom_model_data":122},"model":"blocs:ia_auto_gen/leaves"},{"predicate":{"custom_model_data":123},"model":"blocs:ia_auto_gen/oak_leaves"},{"predicate":{"custom_model_data":124},"model":"blocs:ia_auto_gen/palm_leaves_1"},{"predicate":{"custom_model_data":125},"model":"blocs:ia_auto_gen/palm_leaves_2"},{"predicate":{"custom_model_data":126},"model":"blocs:ia_auto_gen/spruce_leaves"},{"predicate":{"custom_model_data":127},"model":"blocs:ia_auto_gen/spruce_leaves_2"},{"predicate":{"custom_model_data":128},"model":"blocs:ia_auto_gen/spruce_leaves_berrys"},{"predicate":{"custom_model_data":129},"model":"blocs:ia_auto_gen/winter_city_leave"},{"predicate":{"custom_model_data":130},"model":"blocs:ia_auto_gen/winter_leave"},{"predicate":{"custom_model_data":131},"model":"blocs:ia_auto_gen/winter_palm_leave"},{"predicate":{"custom_model_data":132},"model":"blocs:ia_auto_gen/winter_spruce_leaves_berrys"},{"predicate":{"custom_model_data":133},"model":"blocs:ia_auto_gen/winter_spruce_leaves"},{"predicate":{"custom_model_data":134},"model":"blocs:ia_auto_gen/winter_spruce_leaves_2"},{"predicate":{"custom_model_data":135},"model":"blocs:ia_auto_gen/lego_blue"},{"predicate":{"custom_model_data":136},"model":"blocs:ia_auto_gen/lego_orange"},{"predicate":{"custom_model_data":137},"model":"blocs:ia_auto_gen/lego_purple"},{"predicate":{"custom_model_data":138},"model":"blocs:ia_auto_gen/lego_green"},{"predicate":{"custom_model_data":139},"model":"blocs:ia_auto_gen/log"},{"predicate":{"custom_model_data":140},"model":"blocs:ia_auto_gen/log_1"},{"predicate":{"custom_model_data":141},"model":"blocs:ia_auto_gen/log_2"},{"predicate":{"custom_model_data":142},"model":"blocs:ia_auto_gen/log_3"},{"predicate":{"custom_model_data":143},"model":"blocs:ia_auto_gen/oak_log"},{"predicate":{"custom_model_data":144},"model":"blocs:ia_auto_gen/palm_log"},{"predicate":{"custom_model_data":145},"model":"blocs:ia_auto_gen/spruce_log"},{"predicate":{"custom_model_data":146},"model":"blocs:ia_auto_gen/palm_stripped_log"},{"predicate":{"custom_model_data":147},"model":"blocs:ia_auto_gen/palm_stripped_log_1"},{"predicate":{"custom_model_data":148},"model":"blocs:ia_auto_gen/palm_stripped_log_2"},{"predicate":{"custom_model_data":149},"model":"blocs:ia_auto_gen/palm_stripped_log_3"},{"predicate":{"custom_model_data":150},"model":"blocs:ia_auto_gen/spruce_stripped_log"},{"predicate":{"custom_model_data":151},"model":"blocs:ia_auto_gen/spruce_stripped_log_1"},{"predicate":{"custom_model_data":152},"model":"blocs:ia_auto_gen/spruce_stripped_log_2"},{"predicate":{"custom_model_data":153},"model":"blocs:ia_auto_gen/spruce_stripped_log_3"},{"predicate":{"custom_model_data":154},"model":"blocs:ia_auto_gen/magenta_metal"},{"predicate":{"custom_model_data":155},"model":"blocs:ia_auto_gen/metal_conduit"},{"predicate":{"custom_model_data":156},"model":"blocs:ia_auto_gen/metal_frame"},{"predicate":{"custom_model_data":157},"model":"blocs:ia_auto_gen/purple_metal"},{"predicate":{"custom_model_data":158},"model":"blocs:ia_auto_gen/red_metal"},{"predicate":{"custom_model_data":159},"model":"blocs:ia_auto_gen/yellow_metal"},{"predicate":{"custom_model_data":160},"model":"blocs:ia_auto_gen/acacia_planks"},{"predicate":{"custom_model_data":161},"model":"blocs:ia_auto_gen/blue_planks"},{"predicate":{"custom_model_data":162},"model":"blocs:ia_auto_gen/blue_wood"},{"predicate":{"custom_model_data":163},"model":"blocs:ia_auto_gen/brown_planks"},{"predicate":{"custom_model_data":164},"model":"blocs:ia_auto_gen/cyan_planks"},{"predicate":{"custom_model_data":165},"model":"blocs:ia_auto_gen/dark_planks"},{"predicate":{"custom_model_data":166},"model":"blocs:ia_auto_gen/green_planks"},{"predicate":{"custom_model_data":167},"model":"blocs:ia_auto_gen/light_blue_planks"},{"predicate":{"custom_model_data":168},"model":"blocs:ia_auto_gen/light_pink_planks"},{"predicate":{"custom_model_data":169},"model":"blocs:ia_auto_gen/lime_planks"},{"predicate":{"custom_model_data":170},"model":"blocs:ia_auto_gen/magenta_planks"},{"predicate":{"custom_model_data":171},"model":"blocs:ia_auto_gen/oak_planks"},{"predicate":{"custom_model_data":172},"model":"blocs:ia_auto_gen/other_planks"},{"predicate":{"custom_model_data":173},"model":"blocs:ia_auto_gen/pink_planks"},{"predicate":{"custom_model_data":174},"model":"blocs:ia_auto_gen/purple_planks"},{"predicate":{"custom_model_data":175},"model":"blocs:ia_auto_gen/white_planks"},{"predicate":{"custom_model_data":176},"model":"blocs:ia_auto_gen/yellow_planks"},{"predicate":{"custom_model_data":177},"model":"blocs:ia_auto_gen/broken_line_road_horizontal"},{"predicate":{"custom_model_data":178},"model":"blocs:ia_auto_gen/broken_line_road_vertical"},{"predicate":{"custom_model_data":179},"model":"blocs:ia_auto_gen/double_line_road_horizontal"},{"predicate":{"custom_model_data":180},"model":"blocs:ia_auto_gen/double_line_road_vertical"},{"predicate":{"custom_model_data":181},"model":"blocs:ia_auto_gen/left_corner_road_1"},{"predicate":{"custom_model_data":182},"model":"blocs:ia_auto_gen/left_corner_road_2"},{"predicate":{"custom_model_data":183},"model":"blocs:ia_auto_gen/light_tar"},{"predicate":{"custom_model_data":184},"model":"blocs:ia_auto_gen/line_road_horizontal"},{"predicate":{"custom_model_data":185},"model":"blocs:ia_auto_gen/line_road_vertical"},{"predicate":{"custom_model_data":186},"model":"blocs:ia_auto_gen/pedestrian_crossing_road"},{"predicate":{"custom_model_data":187},"model":"blocs:ia_auto_gen/right_corner_road_1"},{"predicate":{"custom_model_data":188},"model":"blocs:ia_auto_gen/right_corner_road_2"},{"predicate":{"custom_model_data":189},"model":"blocs:ia_auto_gen/roundabout_road"},{"predicate":{"custom_model_data":190},"model":"blocs:ia_auto_gen/tar"},{"predicate":{"custom_model_data":191},"model":"blocs:ia_auto_gen/black_roof"},{"predicate":{"custom_model_data":192},"model":"blocs:ia_auto_gen/blue_roof_1"},{"predicate":{"custom_model_data":193},"model":"blocs:ia_auto_gen/blue_roof_2"},{"predicate":{"custom_model_data":194},"model":"blocs:ia_auto_gen/blue_roof_3"},{"predicate":{"custom_model_data":195},"model":"blocs:ia_auto_gen/blue_roof_4"},{"predicate":{"custom_model_data":196},"model":"blocs:ia_auto_gen/blue_roof_5"},{"predicate":{"custom_model_data":197},"model":"blocs:ia_auto_gen/brown_roof_1"},{"predicate":{"custom_model_data":198},"model":"blocs:ia_auto_gen/brown_roof_2"},{"predicate":{"custom_model_data":199},"model":"blocs:ia_auto_gen/brown_roof_3"},{"predicate":{"custom_model_data":200},"model":"blocs:ia_auto_gen/brown_roof_4"},{"predicate":{"custom_model_data":201},"model":"blocs:ia_auto_gen/brown_roof_5"},{"predicate":{"custom_model_data":202},"model":"blocs:ia_auto_gen/coal_roof_1"},{"predicate":{"custom_model_data":203},"model":"blocs:ia_auto_gen/coal_roof_2"},{"predicate":{"custom_model_data":204},"model":"blocs:ia_auto_gen/coal_roof_3"},{"predicate":{"custom_model_data":205},"model":"blocs:ia_auto_gen/coal_roof_4"},{"predicate":{"custom_model_data":206},"model":"blocs:ia_auto_gen/copper_roof_1"},{"predicate":{"custom_model_data":207},"model":"blocs:ia_auto_gen/copper_roof_2"},{"predicate":{"custom_model_data":208},"model":"blocs:ia_auto_gen/copper_roof_3"},{"predicate":{"custom_model_data":209},"model":"blocs:ia_auto_gen/copper_roof_4"},{"predicate":{"custom_model_data":210},"model":"blocs:ia_auto_gen/cyan_roof_1"},{"predicate":{"custom_model_data":211},"model":"blocs:ia_auto_gen/cyan_roof_2"},{"predicate":{"custom_model_data":212},"model":"blocs:ia_auto_gen/cyan_roof_3"},{"predicate":{"custom_model_data":213},"model":"blocs:ia_auto_gen/cyan_roof_4"},{"predicate":{"custom_model_data":214},"model":"blocs:ia_auto_gen/cyan_roof_5"},{"predicate":{"custom_model_data":215},"model":"blocs:ia_auto_gen/green_roof_1"},{"predicate":{"custom_model_data":216},"model":"blocs:ia_auto_gen/green_roof_2"},{"predicate":{"custom_model_data":217},"model":"blocs:ia_auto_gen/green_roof_3"},{"predicate":{"custom_model_data":218},"model":"blocs:ia_auto_gen/green_roof_4"},{"predicate":{"custom_model_data":219},"model":"blocs:ia_auto_gen/green_roof_5"},{"predicate":{"custom_model_data":220},"model":"blocs:ia_auto_gen/light_green_roof_1"},{"predicate":{"custom_model_data":221},"model":"blocs:ia_auto_gen/light_green_roof_2"},{"predicate":{"custom_model_data":222},"model":"blocs:ia_auto_gen/light_green_roof_3"},{"predicate":{"custom_model_data":223},"model":"blocs:ia_auto_gen/light_green_roof_4"},{"predicate":{"custom_model_data":224},"model":"blocs:ia_auto_gen/light_green_roof_5"},{"predicate":{"custom_model_data":225},"model":"blocs:ia_auto_gen/lime_roof_1"},{"predicate":{"custom_model_data":226},"model":"blocs:ia_auto_gen/lime_roof_2"},{"predicate":{"custom_model_data":227},"model":"blocs:ia_auto_gen/lime_roof_3"},{"predicate":{"custom_model_data":228},"model":"blocs:ia_auto_gen/lime_roof_4"},{"predicate":{"custom_model_data":229},"model":"blocs:ia_auto_gen/lime_roof_5"},{"predicate":{"custom_model_data":230},"model":"blocs:ia_auto_gen/magenta_roof_1"},{"predicate":{"custom_model_data":231},"model":"blocs:ia_auto_gen/magenta_roof_2"},{"predicate":{"custom_model_data":232},"model":"blocs:ia_auto_gen/magenta_roof_3"},{"predicate":{"custom_model_data":233},"model":"blocs:ia_auto_gen/magenta_roof_4"},{"predicate":{"custom_model_data":234},"model":"blocs:ia_auto_gen/magenta_roof_5"},{"predicate":{"custom_model_data":235},"model":"blocs:ia_auto_gen/mauve_roof_1"},{"predicate":{"custom_model_data":236},"model":"blocs:ia_auto_gen/mauve_roof_2"},{"predicate":{"custom_model_data":237},"model":"blocs:ia_auto_gen/mauve_roof_3"},{"predicate":{"custom_model_data":238},"model":"blocs:ia_auto_gen/mauve_roof_4"},{"predicate":{"custom_model_data":239},"model":"blocs:ia_auto_gen/orange_roof_1"},{"predicate":{"custom_model_data":240},"model":"blocs:ia_auto_gen/orange_roof_2"},{"predicate":{"custom_model_data":241},"model":"blocs:ia_auto_gen/orange_roof_3"},{"predicate":{"custom_model_data":242},"model":"blocs:ia_auto_gen/orange_roof_4"},{"predicate":{"custom_model_data":243},"model":"blocs:ia_auto_gen/orange_roof_5"},{"predicate":{"custom_model_data":244},"model":"blocs:ia_auto_gen/orange_roof_6"},{"predicate":{"custom_model_data":245},"model":"blocs:ia_auto_gen/pink_roof_1"},{"predicate":{"custom_model_data":246},"model":"blocs:ia_auto_gen/pink_roof_2"},{"predicate":{"custom_model_data":247},"model":"blocs:ia_auto_gen/pink_roof_3"},{"predicate":{"custom_model_data":248},"model":"blocs:ia_auto_gen/pink_roof_4"},{"predicate":{"custom_model_data":249},"model":"blocs:ia_auto_gen/pink_roof_5"},{"predicate":{"custom_model_data":250},"model":"blocs:ia_auto_gen/pink_roof_6"},{"predicate":{"custom_model_data":251},"model":"blocs:ia_auto_gen/quartz_roof_1"},{"predicate":{"custom_model_data":252},"model":"blocs:ia_auto_gen/quartz_roof_2"},{"predicate":{"custom_model_data":253},"model":"blocs:ia_auto_gen/quartz_roof_3"},{"predicate":{"custom_model_data":254},"model":"blocs:ia_auto_gen/quartz_roof_4"},{"predicate":{"custom_model_data":255},"model":"blocs:ia_auto_gen/quartz_roof_5"},{"predicate":{"custom_model_data":256},"model":"blocs:ia_auto_gen/stone_1"},{"predicate":{"custom_model_data":257},"model":"blocs:ia_auto_gen/stone_2"},{"predicate":{"custom_model_data":258},"model":"blocs:ia_auto_gen/stone_3"},{"predicate":{"custom_model_data":259},"model":"blocs:ia_auto_gen/stone_4"},{"predicate":{"custom_model_data":260},"model":"blocs:ia_auto_gen/stone_5"},{"predicate":{"custom_model_data":261},"model":"blocs:ia_auto_gen/stone_6"},{"predicate":{"custom_model_data":262},"model":"blocs:ia_auto_gen/stone_7"},{"predicate":{"custom_model_data":263},"model":"blocs:ia_auto_gen/stone_8"},{"predicate":{"custom_model_data":264},"model":"blocs:ia_auto_gen/moss_1"},{"predicate":{"custom_model_data":265},"model":"blocs:ia_auto_gen/moss_2"},{"predicate":{"custom_model_data":266},"model":"blocs:ia_auto_gen/bloc_mine_1"},{"predicate":{"custom_model_data":267},"model":"blocs:ia_auto_gen/bloc_mine_2"},{"predicate":{"custom_model_data":268},"model":"blocs:ia_auto_gen/bloc_mine_3"},{"predicate":{"custom_model_data":269},"model":"blocs:ia_auto_gen/bloc_mine_4"},{"predicate":{"custom_model_data":270},"model":"blocs:ia_auto_gen/bloc_mine_5"},{"predicate":{"custom_model_data":271},"model":"blocs:ia_auto_gen/bloc_mine_6"},{"predicate":{"custom_model_data":272},"model":"blocs:ia_auto_gen/bloc_mine_7"},{"predicate":{"custom_model_data":273},"model":"blocs:ia_auto_gen/bloc_mine_8"},{"predicate":{"custom_model_data":274},"model":"blocs:ia_auto_gen/bloc_mine_9"},{"predicate":{"custom_model_data":275},"model":"blocs:ia_auto_gen/mur_bas_br"},{"predicate":{"custom_model_data":276},"model":"blocs:ia_auto_gen/mur_haut_br"},{"predicate":{"custom_model_data":277},"model":"blocs:ia_auto_gen/mur_rouge"},{"predicate":{"custom_model_data":278},"model":"blocs:ia_auto_gen/mur_vert"},{"predicate":{"custom_model_data":279},"model":"blocs:ia_auto_gen/mur_vert_claire"},{"predicate":{"custom_model_data":280},"model":"blocs:ia_auto_gen/pizza_bas"},{"predicate":{"custom_model_data":281},"model":"blocs:ia_auto_gen/pizza_haut"},{"predicate":{"custom_model_data":282},"model":"blocs:ia_auto_gen/pizza_milieu"},{"predicate":{"custom_model_data":283},"model":"blocs:ia_auto_gen/quartz_pillar"},{"predicate":{"custom_model_data":284},"model":"blocs:ia_auto_gen/andesite"},{"predicate":{"custom_model_data":285},"model":"blocs:ia_auto_gen/beton"},{"predicate":{"custom_model_data":286},"model":"blocs:ia_auto_gen/beton_1"},{"predicate":{"custom_model_data":287},"model":"blocs:ia_auto_gen/beton_arme"},{"predicate":{"custom_model_data":288},"model":"blocs:ia_auto_gen/bleu_jsp"},{"predicate":{"custom_model_data":289},"model":"blocs:ia_auto_gen/bonesblock"},{"predicate":{"custom_model_data":290},"model":"blocs:ia_auto_gen/carre_blanc_jsp"},{"predicate":{"custom_model_data":291},"model":"blocs:ia_auto_gen/cyan_wool"},{"predicate":{"custom_model_data":292},"model":"blocs:ia_auto_gen/glass"},{"predicate":{"custom_model_data":293},"model":"blocs:ia_auto_gen/gray_concreate"},{"predicate":{"custom_model_data":294},"model":"blocs:ia_auto_gen/iron_trapdoor"},{"predicate":{"custom_model_data":295},"model":"blocs:ia_auto_gen/jaunedisco"},{"predicate":{"custom_model_data":296},"model":"blocs:ia_auto_gen/jaunediscoled"},{"predicate":{"custom_model_data":297},"model":"blocs:ia_auto_gen/kitchen_flour"},{"predicate":{"custom_model_data":298},"model":"blocs:ia_auto_gen/metalbleu"},{"predicate":{"custom_model_data":299},"model":"blocs:ia_auto_gen/or"},{"predicate":{"custom_model_data":300},"model":"blocs:ia_auto_gen/polished_diorite"},{"predicate":{"custom_model_data":301},"model":"blocs:ia_auto_gen/quartz_block_side"},{"predicate":{"custom_model_data":302},"model":"blocs:ia_auto_gen/red_roof"},{"predicate":{"custom_model_data":303},"model":"blocs:ia_auto_gen/red_wool"},{"predicate":{"custom_model_data":304},"model":"blocs:ia_auto_gen/roche"},{"predicate":{"custom_model_data":305},"model":"blocs:ia_auto_gen/rock"},{"predicate":{"custom_model_data":306},"model":"blocs:ia_auto_gen/sol_br"},{"predicate":{"custom_model_data":307},"model":"blocs:ia_auto_gen/stone"},{"predicate":{"custom_model_data":308},"model":"blocs:ia_auto_gen/tapisrouge"},{"predicate":{"custom_model_data":309},"model":"blocs:ia_auto_gen/warped_planks"},{"predicate":{"custom_model_data":310},"model":"blocs:ia_auto_gen/white_wool"},{"predicate":{"custom_model_data":311},"model":"blocs:ia_auto_gen/yellowall"},{"predicate":{"custom_model_data":312},"model":"blocs:ia_auto_gen/auction_1"},{"predicate":{"custom_model_data":313},"model":"blocs:ia_auto_gen/auction_2"},{"predicate":{"custom_model_data":314},"model":"blocs:ia_auto_gen/auction_3"},{"predicate":{"custom_model_data":315},"model":"blocs:ia_auto_gen/auction_4"},{"predicate":{"custom_model_data":316},"model":"blocs:ia_auto_gen/battel_tower"},{"predicate":{"custom_model_data":317},"model":"blocs:ia_auto_gen/grass_pokemon"},{"predicate":{"custom_model_data":318},"model":"blocs:ia_auto_gen/sol_1"},{"predicate":{"custom_model_data":319},"model":"blocs:ia_auto_gen/sol_2"},{"predicate":{"custom_model_data":320},"model":"blocs:ia_auto_gen/sol_3"},{"predicate":{"custom_model_data":321},"model":"blocs:ia_auto_gen/sol_4_1"},{"predicate":{"custom_model_data":322},"model":"blocs:ia_auto_gen/sol_4_2"},{"predicate":{"custom_model_data":323},"model":"blocs:ia_auto_gen/sol_4_3"},{"predicate":{"custom_model_data":324},"model":"blocs:ia_auto_gen/sol_4_4"},{"predicate":{"custom_model_data":325},"model":"blocs:ia_auto_gen/poke_center"},{"predicate":{"custom_model_data":326},"model":"blocs:ia_auto_gen/poke_store_1"},{"predicate":{"custom_model_data":327},"model":"blocs:ia_auto_gen/poke_store_2"},{"predicate":{"custom_model_data":328},"model":"blocs:ia_auto_gen/stadium"},{"predicate":{"custom_model_data":329},"model":"blocs:ia_auto_gen/store_motif_1_1"},{"predicate":{"custom_model_data":330},"model":"blocs:ia_auto_gen/store_motif_1_2"},{"predicate":{"custom_model_data":331},"model":"blocs:ia_auto_gen/store_motif_1_3"},{"predicate":{"custom_model_data":332},"model":"blocs:ia_auto_gen/store_motif_1_4"},{"predicate":{"custom_model_data":333},"model":"blocs:ia_auto_gen/store_motif_1_5"},{"predicate":{"custom_model_data":334},"model":"blocs:ia_auto_gen/store_motif_1_6"},{"predicate":{"custom_model_data":335},"model":"blocs:ia_auto_gen/store_motif_1_7"},{"predicate":{"custom_model_data":336},"model":"blocs:ia_auto_gen/store_motif_1_8"},{"predicate":{"custom_model_data":337},"model":"blocs:ia_auto_gen/store_motif_1_9"},{"predicate":{"custom_model_data":338},"model":"blocs:ia_auto_gen/store_motif_1_10"},{"predicate":{"custom_model_data":339},"model":"blocs:ia_auto_gen/store_motif_1_11"},{"predicate":{"custom_model_data":340},"model":"blocs:ia_auto_gen/store_motif_2_1"},{"predicate":{"custom_model_data":341},"model":"blocs:ia_auto_gen/store_motif_2_2"},{"predicate":{"custom_model_data":342},"model":"blocs:ia_auto_gen/store_motif_2_3"},{"predicate":{"custom_model_data":343},"model":"blocs:ia_auto_gen/store_motif_2_4"},{"predicate":{"custom_model_data":344},"model":"blocs:ia_auto_gen/store_motif_2_5"},{"predicate":{"custom_model_data":345},"model":"blocs:ia_auto_gen/store_motif_2_6"},{"predicate":{"custom_model_data":346},"model":"blocs:ia_auto_gen/store_motif_2_7"},{"predicate":{"custom_model_data":347},"model":"blocs:ia_auto_gen/store_motif_2_8"},{"predicate":{"custom_model_data":348},"model":"blocs:ia_auto_gen/store_motif_2_9"},{"predicate":{"custom_model_data":349},"model":"blocs:ia_auto_gen/store_motif_2_10"},{"predicate":{"custom_model_data":350},"model":"blocs:ia_auto_gen/store_motif_2_11"},{"predicate":{"custom_model_data":351},"model":"blocs:ia_auto_gen/store_motif_3_1"},{"predicate":{"custom_model_data":352},"model":"blocs:ia_auto_gen/store_motif_3_2"},{"predicate":{"custom_model_data":353},"model":"blocs:ia_auto_gen/store_motif_3_3"},{"predicate":{"custom_model_data":354},"model":"blocs:ia_auto_gen/store_motif_3_4"},{"predicate":{"custom_model_data":355},"model":"blocs:ia_auto_gen/store_motif_3_5"},{"predicate":{"custom_model_data":356},"model":"blocs:ia_auto_gen/store_motif_3_6"},{"predicate":{"custom_model_data":357},"model":"blocs:ia_auto_gen/store_motif_3_7"},{"predicate":{"custom_model_data":358},"model":"blocs:ia_auto_gen/store_motif_3_8"},{"predicate":{"custom_model_data":359},"model":"blocs:ia_auto_gen/store_motif_3_9"},{"predicate":{"custom_model_data":360},"model":"blocs:ia_auto_gen/store_motif_3_10"},{"predicate":{"custom_model_data":361},"model":"blocs:ia_auto_gen/store_motif_3_11"},{"predicate":{"custom_model_data":362},"model":"blocs:ia_auto_gen/auction_5"},{"predicate":{"custom_model_data":363},"model":"blocs:ia_auto_gen/auction_6"},{"predicate":{"custom_model_data":364},"model":"blocs:ia_auto_gen/cosmetique_1"},{"predicate":{"custom_model_data":365},"model":"blocs:ia_auto_gen/cosmetique_2"},{"predicate":{"custom_model_data":366},"model":"item/pink_dye"}]}