{"parent":"minecraft:item/template_skull","overrides":[{"predicate":{"custom_model_data":1},"model":"hmccosmetics:emotes/head"},{"predicate":{"custom_model_data":2},"model":"hmccosmetics:emotes/norm/right_shoulder"},{"predicate":{"custom_model_data":3},"model":"hmccosmetics:emotes/norm/left_shoulder"},{"predicate":{"custom_model_data":4},"model":"hmccosmetics:emotes/norm/arm"},{"predicate":{"custom_model_data":5},"model":"hmccosmetics:emotes/slim/right_shoulder"},{"predicate":{"custom_model_data":6},"model":"hmccosmetics:emotes/slim/left_shoulder"},{"predicate":{"custom_model_data":7},"model":"hmccosmetics:emotes/slim/arm"},{"predicate":{"custom_model_data":8},"model":"hmccosmetics:emotes/body"},{"predicate":{"custom_model_data":9},"model":"hmccosmetics:emotes/leg"},{"predicate":{"custom_model_data":10003},"model":"iainternal:entity/player/phead_0"},{"predicate":{"custom_model_data":10004},"model":"iainternal:entity/player/parm_left_3"},{"predicate":{"custom_model_data":10005},"model":"iainternal:entity/player/pbody_2"},{"predicate":{"custom_model_data":10006},"model":"iainternal:entity/player/pleg_left_1"},{"predicate":{"custom_model_data":10007},"model":"iainternal:entity/player/pleg_right_5"},{"predicate":{"custom_model_data":10008},"model":"iainternal:entity/player/parm_right_4"},{"predicate":{"custom_model_data":10009},"model":"item/player_head"}]}