{"parent":"minecraft:item/handheld","textures":{"layer0":"minecraft:item/stone_sword"},"overrides":[{"predicate":{"custom_model_data":2025},"model":"dragon_warrior:dragon_warrior_model/dragon_warrior_spear"},{"predicate":{"custom_model_data":2026},"model":"dragon_warrior:dragon_warrior_model/dragon_warrior_spear_shiny"},{"predicate":{"custom_model_data":4000},"model":"elitecreatures:diablo_weapon_set/sword_2"},{"predicate":{"custom_model_data":5009},"model":"elitecreatures:diablo_weapon_set/sword"},{"predicate":{"custom_model_data":8006},"model":"elitecreatures:diablo_weapon_set/spear"},{"predicate":{"custom_model_data":8007},"model":"item/stone_sword"}]}