{
	"credit": "Made with Blockbench",
	"texture_size": [128, 128],
	"textures": {
		"0": "minecraft:item/crates/legendary"
	},
	"elements": [
		{
			"from": [14, 0, 12],
			"to": [18, 4, 16],
			"faces": {
				"north": {"uv": [1.75, 8.125, 2.25, 8.625], "texture": "#0"},
				"east": {"uv": [4, 8.375, 4.5, 8.875], "texture": "#0"},
				"south": {"uv": [4.5, 8.375, 5, 8.875], "texture": "#0"},
				"west": {"uv": [5, 8.375, 5.5, 8.875], "texture": "#0"},
				"up": {"uv": [6, 8.875, 5.5, 8.375], "texture": "#0"},
				"down": {"uv": [6.5, 8.375, 6, 8.875], "texture": "#0"}
			}
		},
		{
			"from": [-2, 0, 12],
			"to": [2, 4, 16],
			"faces": {
				"north": {"uv": [6.5, 8.375, 7, 8.875], "texture": "#0"},
				"east": {"uv": [7, 8.375, 7.5, 8.875], "texture": "#0"},
				"south": {"uv": [8.5, 2.5, 9, 3], "texture": "#0"},
				"west": {"uv": [1.75, 8.625, 2.25, 9.125], "texture": "#0"},
				"up": {"uv": [2.75, 9.125, 2.25, 8.625], "texture": "#0"},
				"down": {"uv": [3.25, 8.625, 2.75, 9.125], "texture": "#0"}
			}
		},
		{
			"from": [14, 0, 0],
			"to": [18, 4, 4],
			"faces": {
				"north": {"uv": [3.25, 8.625, 3.75, 9.125], "texture": "#0"},
				"east": {"uv": [7.5, 8.625, 8, 9.125], "texture": "#0"},
				"south": {"uv": [8, 8.625, 8.5, 9.125], "texture": "#0"},
				"west": {"uv": [8.5, 8.625, 9, 9.125], "texture": "#0"},
				"up": {"uv": [0.5, 9.25, 0, 8.75], "texture": "#0"},
				"down": {"uv": [9.25, 0, 8.75, 0.5], "texture": "#0"}
			}
		},
		{
			"from": [-2, 0, 0],
			"to": [2, 4, 4],
			"faces": {
				"north": {"uv": [0.5, 8.75, 1, 9.25], "texture": "#0"},
				"east": {"uv": [8.75, 0.5, 9.25, 1], "texture": "#0"},
				"south": {"uv": [1, 8.75, 1.5, 9.25], "texture": "#0"},
				"west": {"uv": [8.75, 1, 9.25, 1.5], "texture": "#0"},
				"up": {"uv": [9.25, 2, 8.75, 1.5], "texture": "#0"},
				"down": {"uv": [9.25, 2, 8.75, 2.5], "texture": "#0"}
			}
		},
		{
			"from": [14, 6, 12],
			"to": [18, 10, 16],
			"faces": {
				"north": {"uv": [3.75, 8.875, 4.25, 9.375], "texture": "#0"},
				"east": {"uv": [4.25, 8.875, 4.75, 9.375], "texture": "#0"},
				"south": {"uv": [4.75, 8.875, 5.25, 9.375], "texture": "#0"},
				"west": {"uv": [5.25, 8.875, 5.75, 9.375], "texture": "#0"},
				"up": {"uv": [6.25, 9.375, 5.75, 8.875], "texture": "#0"},
				"down": {"uv": [6.75, 8.875, 6.25, 9.375], "texture": "#0"}
			}
		},
		{
			"from": [-2, 6, 12],
			"to": [2, 10, 16],
			"faces": {
				"north": {"uv": [6.75, 8.875, 7.25, 9.375], "texture": "#0"},
				"east": {"uv": [9, 2.5, 9.5, 3], "texture": "#0"},
				"south": {"uv": [9, 5.75, 9.5, 6.25], "texture": "#0"},
				"west": {"uv": [9, 6.25, 9.5, 6.75], "texture": "#0"},
				"up": {"uv": [9.5, 7.25, 9, 6.75], "texture": "#0"},
				"down": {"uv": [9.5, 8.125, 9, 8.625], "texture": "#0"}
			}
		},
		{
			"from": [14, 6, 0],
			"to": [18, 10, 4],
			"faces": {
				"north": {"uv": [9, 8.625, 9.5, 9.125], "texture": "#0"},
				"east": {"uv": [1.5, 9.125, 2, 9.625], "texture": "#0"},
				"south": {"uv": [2, 9.125, 2.5, 9.625], "texture": "#0"},
				"west": {"uv": [2.5, 9.125, 3, 9.625], "texture": "#0"},
				"up": {"uv": [3.5, 9.625, 3, 9.125], "texture": "#0"},
				"down": {"uv": [7.75, 9.125, 7.25, 9.625], "texture": "#0"}
			}
		},
		{
			"from": [-2, 6, 0],
			"to": [2, 10, 4],
			"faces": {
				"north": {"uv": [7.75, 9.125, 8.25, 9.625], "texture": "#0"},
				"east": {"uv": [8.25, 9.125, 8.75, 9.625], "texture": "#0"},
				"south": {"uv": [8.75, 9.125, 9.25, 9.625], "texture": "#0"},
				"west": {"uv": [0, 9.25, 0.5, 9.75], "texture": "#0"},
				"up": {"uv": [9.75, 0.5, 9.25, 0], "texture": "#0"},
				"down": {"uv": [1, 9.25, 0.5, 9.75], "texture": "#0"}
			}
		},
		{
			"from": [-1, 1, 1],
			"to": [17, 3, 15],
			"faces": {
				"north": {"uv": [7.5, 7.625, 9.75, 7.875], "texture": "#0"},
				"east": {"uv": [2.5, 6.75, 4.25, 7], "texture": "#0"},
				"south": {"uv": [2.25, 7.75, 4.5, 8], "texture": "#0"},
				"west": {"uv": [4.75, 7, 6.5, 7.25], "texture": "#0"},
				"up": {"uv": [2.25, 1.75, 0, 0], "texture": "#0"},
				"down": {"uv": [2.25, 1.75, 0, 3.5], "texture": "#0"}
			}
		},
		{
			"from": [-1, 7, 1],
			"to": [17, 9, 15],
			"faces": {
				"north": {"uv": [0, 7.875, 2.25, 8.125], "texture": "#0"},
				"east": {"uv": [4, 8.125, 5.75, 8.375], "texture": "#0"},
				"south": {"uv": [7.5, 7.875, 9.75, 8.125], "texture": "#0"},
				"west": {"uv": [5.75, 8.125, 7.5, 8.375], "texture": "#0"},
				"up": {"uv": [4.5, 1.75, 2.25, 0], "texture": "#0"},
				"down": {"uv": [4.5, 1.75, 2.25, 3.5], "texture": "#0"}
			}
		},
		{
			"from": [2, 0, 0],
			"to": [14, 1, 1],
			"faces": {
				"north": {"uv": [7, 4.875, 8.5, 5], "texture": "#0"},
				"east": {"uv": [8.75, 7.125, 8.875, 7.25], "texture": "#0"},
				"south": {"uv": [9.25, 7.5, 10.75, 7.625], "texture": "#0"},
				"west": {"uv": [8.875, 7.125, 9, 7.25], "texture": "#0"},
				"up": {"uv": [9, 9.75, 7.5, 9.625], "texture": "#0"},
				"down": {"uv": [10.5, 9.625, 9, 9.75], "texture": "#0"}
			}
		},
		{
			"from": [2, 9, 0],
			"to": [14, 10, 1],
			"faces": {
				"north": {"uv": [0, 9.75, 1.5, 9.875], "texture": "#0"},
				"east": {"uv": [1.5, 9, 1.625, 9.125], "texture": "#0"},
				"south": {"uv": [9.75, 0, 11.25, 0.125], "texture": "#0"},
				"west": {"uv": [1.625, 9, 1.75, 9.125], "texture": "#0"},
				"up": {"uv": [11.25, 0.25, 9.75, 0.125], "texture": "#0"},
				"down": {"uv": [11.25, 0.25, 9.75, 0.375], "texture": "#0"}
			}
		},
		{
			"from": [2, 0, 15],
			"to": [14, 1, 16],
			"faces": {
				"north": {"uv": [9.75, 0.375, 11.25, 0.5], "texture": "#0"},
				"east": {"uv": [9.75, 8, 9.875, 8.125], "texture": "#0"},
				"south": {"uv": [9.75, 0.5, 11.25, 0.625], "texture": "#0"},
				"west": {"uv": [9.875, 8, 10, 8.125], "texture": "#0"},
				"up": {"uv": [11.25, 0.75, 9.75, 0.625], "texture": "#0"},
				"down": {"uv": [11.25, 0.75, 9.75, 0.875], "texture": "#0"}
			}
		},
		{
			"from": [2, 9, 15],
			"to": [14, 10, 16],
			"faces": {
				"north": {"uv": [9.75, 0.875, 11.25, 1], "texture": "#0"},
				"east": {"uv": [10, 2.875, 10.125, 3], "texture": "#0"},
				"south": {"uv": [9.75, 1, 11.25, 1.125], "texture": "#0"},
				"west": {"uv": [10.125, 2.875, 10.25, 3], "texture": "#0"},
				"up": {"uv": [11.25, 1.25, 9.75, 1.125], "texture": "#0"},
				"down": {"uv": [11.25, 1.25, 9.75, 1.375], "texture": "#0"}
			}
		},
		{
			"from": [17, 0, 4],
			"to": [18, 1, 12],
			"faces": {
				"north": {"uv": [10.25, 5.125, 10.375, 5.25], "texture": "#0"},
				"east": {"uv": [9.75, 9.5, 10.75, 9.625], "texture": "#0"},
				"south": {"uv": [3.875, 10.625, 4, 10.75], "texture": "#0"},
				"west": {"uv": [10, 7.375, 11, 7.5], "texture": "#0"},
				"up": {"uv": [4.625, 11.375, 4.5, 10.375], "texture": "#0"},
				"down": {"uv": [4.75, 10.375, 4.625, 11.375], "texture": "#0"}
			}
		},
		{
			"from": [17, 9, 4],
			"to": [18, 10, 12],
			"faces": {
				"north": {"uv": [10.625, 4, 10.75, 4.125], "texture": "#0"},
				"east": {"uv": [10.5, 2.75, 11.5, 2.875], "texture": "#0"},
				"south": {"uv": [10.625, 4.125, 10.75, 4.25], "texture": "#0"},
				"west": {"uv": [10.5, 6.25, 11.5, 6.375], "texture": "#0"},
				"up": {"uv": [6.375, 11.375, 6.25, 10.375], "texture": "#0"},
				"down": {"uv": [6.5, 10.375, 6.375, 11.375], "texture": "#0"}
			}
		},
		{
			"from": [-2, 0, 4],
			"to": [-1, 1, 12],
			"faces": {
				"north": {"uv": [10.625, 4.25, 10.75, 4.375], "texture": "#0"},
				"east": {"uv": [10.5, 6.375, 11.5, 6.5], "texture": "#0"},
				"south": {"uv": [10.625, 4.375, 10.75, 4.5], "texture": "#0"},
				"west": {"uv": [10.5, 6.5, 11.5, 6.625], "texture": "#0"},
				"up": {"uv": [7.125, 11.5, 7, 10.5], "texture": "#0"},
				"down": {"uv": [7.25, 10.5, 7.125, 11.5], "texture": "#0"}
			}
		},
		{
			"from": [-2, 9, 4],
			"to": [-1, 10, 12],
			"faces": {
				"north": {"uv": [10.625, 4.5, 10.75, 4.625], "texture": "#0"},
				"east": {"uv": [10.5, 6.625, 11.5, 6.75], "texture": "#0"},
				"south": {"uv": [10.625, 4.625, 10.75, 4.75], "texture": "#0"},
				"west": {"uv": [10.5, 6.75, 11.5, 6.875], "texture": "#0"},
				"up": {"uv": [7.375, 11.5, 7.25, 10.5], "texture": "#0"},
				"down": {"uv": [7.5, 10.5, 7.375, 11.5], "texture": "#0"}
			}
		},
		{
			"from": [-1, 4, 1],
			"to": [1, 6, 3],
			"faces": {
				"north": {"uv": [4.25, 6.75, 4.5, 7], "texture": "#0"},
				"east": {"uv": [2.25, 7.125, 2.5, 7.375], "texture": "#0"},
				"south": {"uv": [4.5, 7.375, 4.75, 7.625], "texture": "#0"},
				"west": {"uv": [3.75, 8.625, 4, 8.875], "texture": "#0"},
				"up": {"uv": [1.75, 9, 1.5, 8.75], "texture": "#0"},
				"down": {"uv": [9, 6.875, 8.75, 7.125], "texture": "#0"}
			}
		},
		{
			"from": [-1, 4, 13],
			"to": [1, 6, 15],
			"faces": {
				"north": {"uv": [7.25, 8.875, 7.5, 9.125], "texture": "#0"},
				"east": {"uv": [3.5, 9.125, 3.75, 9.375], "texture": "#0"},
				"south": {"uv": [9.25, 5.5, 9.5, 5.75], "texture": "#0"},
				"west": {"uv": [9.25, 7.25, 9.5, 7.5], "texture": "#0"},
				"up": {"uv": [7.25, 9.625, 7, 9.375], "texture": "#0"},
				"down": {"uv": [10, 5.25, 9.75, 5.5], "texture": "#0"}
			}
		},
		{
			"from": [15, 4, 13],
			"to": [17, 6, 15],
			"faces": {
				"north": {"uv": [1.25, 10.25, 1.5, 10.5], "texture": "#0"},
				"east": {"uv": [10.25, 2.25, 10.5, 2.5], "texture": "#0"},
				"south": {"uv": [10.5, 8, 10.75, 8.25], "texture": "#0"},
				"west": {"uv": [10.5, 8.25, 10.75, 8.5], "texture": "#0"},
				"up": {"uv": [10.75, 8.75, 10.5, 8.5], "texture": "#0"},
				"down": {"uv": [9, 10.5, 8.75, 10.75], "texture": "#0"}
			}
		},
		{
			"from": [15, 4, 1],
			"to": [17, 6, 3],
			"faces": {
				"north": {"uv": [10.5, 8.75, 10.75, 9], "texture": "#0"},
				"east": {"uv": [9, 10.5, 9.25, 10.75], "texture": "#0"},
				"south": {"uv": [9.25, 10.5, 9.5, 10.75], "texture": "#0"},
				"west": {"uv": [9.5, 10.5, 9.75, 10.75], "texture": "#0"},
				"up": {"uv": [10.75, 9.875, 10.5, 9.625], "texture": "#0"},
				"down": {"uv": [10, 10.5, 9.75, 10.75], "texture": "#0"}
			}
		},
		{
			"from": [0, 3, 2],
			"to": [16, 7, 14],
			"faces": {
				"north": {"uv": [6.5, 2.5, 8.5, 3], "texture": "#0"},
				"east": {"uv": [4.5, 7.625, 6, 8.125], "texture": "#0"},
				"south": {"uv": [4.5, 6.5, 6.5, 7], "texture": "#0"},
				"west": {"uv": [6, 7.625, 7.5, 8.125], "texture": "#0"},
				"up": {"uv": [6.5, 1.5, 4.5, 0], "texture": "#0"},
				"down": {"uv": [6.5, 1.5, 4.5, 3], "texture": "#0"}
			}
		},
		{
			"from": [-1, 10, 1],
			"to": [17, 10, 15],
			"faces": {
				"north": {"uv": [0, 0, 2.25, 0], "texture": "#0"},
				"east": {"uv": [0, 0, 1.75, 0], "texture": "#0"},
				"south": {"uv": [0, 0, 2.25, 0], "texture": "#0"},
				"west": {"uv": [0, 0, 1.75, 0], "texture": "#0"},
				"up": {"uv": [2.25, 5.25, 0, 3.5], "texture": "#0"},
				"down": {"uv": [4.5, 3.5, 2.25, 5.25], "texture": "#0"}
			}
		},
		{
			"name": "hexadecagon",
			"from": [-2, 12.94034, 1.21793],
			"to": [18, 16.12293, 5.21793],
			"rotation": {"angle": 22.5, "axis": "x", "origin": [-1, 14.53164, 9.21793]},
			"faces": {
				"north": {"uv": [6.5, 6.5, 9, 6.875], "texture": "#0"},
				"east": {"uv": [9.75, 1.375, 10.25, 1.75], "texture": "#0"},
				"south": {"uv": [0, 6.75, 2.5, 7.125], "texture": "#0"},
				"west": {"uv": [9.75, 1.75, 10.25, 2.125], "texture": "#0"},
				"up": {"uv": [7, 3.5, 4.5, 3], "texture": "#0"},
				"down": {"uv": [7, 3.5, 4.5, 4], "texture": "#0"}
			}
		},
		{
			"name": "hexadecagon",
			"from": [5, 11.94034, 0.21793],
			"to": [11, 16.12293, 1.21793],
			"rotation": {"angle": 22.5, "axis": "x", "origin": [-1, 14.53164, 9.21793]},
			"faces": {
				"north": {"uv": [7.5, 8.125, 8.25, 8.625], "texture": "#0"},
				"east": {"uv": [10.5, 9.875, 10.625, 10.375], "texture": "#0"},
				"south": {"uv": [8.25, 8.125, 9, 8.625], "texture": "#0"},
				"west": {"uv": [10, 10.5, 10.125, 11], "texture": "#0"},
				"up": {"uv": [9.25, 5, 8.5, 4.875], "texture": "#0"},
				"down": {"uv": [8.75, 10.5, 8, 10.625], "texture": "#0"}
			}
		},
		{
			"name": "hexadecagon",
			"from": [17, 12.94034, 5.21793],
			"to": [18, 14.12293, 13.21793],
			"rotation": {"angle": 22.5, "axis": "x", "origin": [-1, 14.53164, 9.21793]},
			"faces": {
				"north": {"uv": [4.75, 10.625, 4.875, 10.75], "texture": "#0"},
				"east": {"uv": [10.5, 6.875, 11.5, 7], "texture": "#0"},
				"south": {"uv": [4.875, 10.625, 5, 10.75], "texture": "#0"},
				"west": {"uv": [10.5, 7, 11.5, 7.125], "texture": "#0"},
				"up": {"uv": [7.625, 11.5, 7.5, 10.5], "texture": "#0"},
				"down": {"uv": [7.75, 10.5, 7.625, 11.5], "texture": "#0"}
			}
		},
		{
			"name": "hexadecagon",
			"from": [-2, 12.94034, 5.21793],
			"to": [-1, 14.12293, 13.21793],
			"rotation": {"angle": 22.5, "axis": "x", "origin": [-1, 14.53164, 9.21793]},
			"faces": {
				"north": {"uv": [5, 10.625, 5.125, 10.75], "texture": "#0"},
				"east": {"uv": [10.5, 7.125, 11.5, 7.25], "texture": "#0"},
				"south": {"uv": [5.125, 10.625, 5.25, 10.75], "texture": "#0"},
				"west": {"uv": [10.5, 7.25, 11.5, 7.375], "texture": "#0"},
				"up": {"uv": [7.875, 11.5, 7.75, 10.5], "texture": "#0"},
				"down": {"uv": [8, 10.5, 7.875, 11.5], "texture": "#0"}
			}
		},
		{
			"name": "hexadecagon",
			"from": [-2, 12.94034, 1.21793],
			"to": [2, 16.12293, 5.21793],
			"rotation": {"angle": 45, "axis": "x", "origin": [-1, 14.53164, 9.21793]},
			"faces": {
				"north": {"uv": [9.75, 2.125, 10.25, 2.5], "texture": "#0"},
				"east": {"uv": [9.75, 3, 10.25, 3.375], "texture": "#0"},
				"south": {"uv": [9.75, 3.375, 10.25, 3.75], "texture": "#0"},
				"west": {"uv": [9.75, 3.75, 10.25, 4.125], "texture": "#0"},
				"up": {"uv": [9.75, 1, 9.25, 0.5], "texture": "#0"},
				"down": {"uv": [1.5, 9.25, 1, 9.75], "texture": "#0"}
			}
		},
		{
			"name": "hexadecagon",
			"from": [-2, 12.94034, 13.21793],
			"to": [2, 16.12293, 17.21793],
			"rotation": {"angle": -45, "axis": "x", "origin": [-1, 14.53164, 9.21793]},
			"faces": {
				"north": {"uv": [9.75, 4.125, 10.25, 4.5], "texture": "#0"},
				"east": {"uv": [9.75, 4.5, 10.25, 4.875], "texture": "#0"},
				"south": {"uv": [9.75, 4.875, 10.25, 5.25], "texture": "#0"},
				"west": {"uv": [7.5, 9.75, 8, 10.125], "texture": "#0"},
				"up": {"uv": [9.75, 1.5, 9.25, 1], "texture": "#0"},
				"down": {"uv": [9.75, 1.5, 9.25, 2], "texture": "#0"}
			}
		},
		{
			"name": "hexadecagon",
			"from": [-2, 12.94034, 13.21793],
			"to": [2, 16.12293, 17.21793],
			"rotation": {"angle": -22.5, "axis": "x", "origin": [-1, 14.53164, 9.21793]},
			"faces": {
				"north": {"uv": [9.75, 7.625, 10.25, 8], "texture": "#0"},
				"east": {"uv": [8, 9.75, 8.5, 10.125], "texture": "#0"},
				"south": {"uv": [8.5, 9.75, 9, 10.125], "texture": "#0"},
				"west": {"uv": [9, 9.75, 9.5, 10.125], "texture": "#0"},
				"up": {"uv": [9.75, 2.5, 9.25, 2], "texture": "#0"},
				"down": {"uv": [9.75, 3, 9.25, 3.5], "texture": "#0"}
			}
		},
		{
			"name": "hexadecagon",
			"from": [-2, 12.94034, 13.21793],
			"to": [2, 16.12293, 17.21793],
			"rotation": {"angle": 0, "axis": "x", "origin": [-1, 14.53164, 9.21793]},
			"faces": {
				"north": {"uv": [9.75, 9.125, 10.25, 9.5], "texture": "#0"},
				"east": {"uv": [9.5, 9.75, 10, 10.125], "texture": "#0"},
				"south": {"uv": [0, 9.875, 0.5, 10.25], "texture": "#0"},
				"west": {"uv": [0.5, 9.875, 1, 10.25], "texture": "#0"},
				"up": {"uv": [9.75, 4, 9.25, 3.5], "texture": "#0"},
				"down": {"uv": [9.75, 4, 9.25, 4.5], "texture": "#0"}
			}
		},
		{
			"name": "hexadecagon",
			"from": [-2, 12.94034, 13.21793],
			"to": [18, 16.12293, 17.21793],
			"rotation": {"angle": 22.5, "axis": "x", "origin": [-1, 14.53164, 9.21793]},
			"faces": {
				"north": {"uv": [6.75, 5, 9.25, 5.375], "texture": "#0"},
				"east": {"uv": [1, 9.875, 1.5, 10.25], "texture": "#0"},
				"south": {"uv": [6.75, 5.375, 9.25, 5.75], "texture": "#0"},
				"west": {"uv": [3.5, 9.875, 4, 10.25], "texture": "#0"},
				"up": {"uv": [7, 4.5, 4.5, 4], "texture": "#0"},
				"down": {"uv": [7, 4.5, 4.5, 5], "texture": "#0"}
			}
		},
		{
			"name": "hexadecagon",
			"from": [-1, 12.44034, 17.21793],
			"to": [3, 13.62293, 18.21793],
			"rotation": {"angle": 22.5, "axis": "x", "origin": [-1, 14.53164, 9.21793]},
			"faces": {
				"north": {"uv": [4, 8, 4.5, 8.125], "texture": "#0"},
				"east": {"uv": [5.25, 10.625, 5.375, 10.75], "texture": "#0"},
				"south": {"uv": [10.5, 9, 11, 9.125], "texture": "#0"},
				"west": {"uv": [5.375, 10.625, 5.5, 10.75], "texture": "#0"},
				"up": {"uv": [10.625, 10.625, 10.125, 10.5], "texture": "#0"},
				"down": {"uv": [11, 10.375, 10.5, 10.5], "texture": "#0"}
			}
		},
		{
			"name": "hexadecagon",
			"from": [13, 12.44034, 17.21793],
			"to": [17, 13.62293, 18.21793],
			"rotation": {"angle": 22.5, "axis": "x", "origin": [-1, 14.53164, 9.21793]},
			"faces": {
				"north": {"uv": [0.75, 10.625, 1.25, 10.75], "texture": "#0"},
				"east": {"uv": [5.5, 10.625, 5.625, 10.75], "texture": "#0"},
				"south": {"uv": [10.625, 1.75, 11.125, 1.875], "texture": "#0"},
				"west": {"uv": [5.625, 10.625, 5.75, 10.75], "texture": "#0"},
				"up": {"uv": [11.125, 2, 10.625, 1.875], "texture": "#0"},
				"down": {"uv": [11.125, 2, 10.625, 2.125], "texture": "#0"}
			}
		},
		{
			"name": "hexadecagon",
			"from": [-2, 18.53164, 7.62663],
			"to": [2, 22.53164, 10.80923],
			"rotation": {"angle": -22.5, "axis": "x", "origin": [-1, 14.53164, 9.21793]},
			"faces": {
				"north": {"uv": [9.25, 4.5, 9.75, 5], "texture": "#0"},
				"east": {"uv": [4, 9.875, 4.375, 10.375], "texture": "#0"},
				"south": {"uv": [9.25, 5, 9.75, 5.5], "texture": "#0"},
				"west": {"uv": [4.375, 9.875, 4.75, 10.375], "texture": "#0"},
				"up": {"uv": [5.25, 10.25, 4.75, 9.875], "texture": "#0"},
				"down": {"uv": [5.75, 9.875, 5.25, 10.25], "texture": "#0"}
			}
		},
		{
			"name": "hexadecagon",
			"from": [-2, 18.53164, 7.62663],
			"to": [2, 22.53164, 10.80923],
			"rotation": {"angle": 0, "axis": "x", "origin": [-1, 14.53164, 9.21793]},
			"faces": {
				"north": {"uv": [9.25, 9.125, 9.75, 9.625], "texture": "#0"},
				"east": {"uv": [5.75, 9.875, 6.125, 10.375], "texture": "#0"},
				"south": {"uv": [3.5, 9.375, 4, 9.875], "texture": "#0"},
				"west": {"uv": [6.125, 9.875, 6.5, 10.375], "texture": "#0"},
				"up": {"uv": [7, 10.25, 6.5, 9.875], "texture": "#0"},
				"down": {"uv": [10.5, 2.5, 10, 2.875], "texture": "#0"}
			}
		},
		{
			"name": "hexadecagon",
			"from": [-2, 18.53164, 7.62663],
			"to": [2, 22.53164, 10.80923],
			"rotation": {"angle": 22.5, "axis": "x", "origin": [-1, 14.53164, 9.21793]},
			"faces": {
				"north": {"uv": [4, 9.375, 4.5, 9.875], "texture": "#0"},
				"east": {"uv": [10, 5.25, 10.375, 5.75], "texture": "#0"},
				"south": {"uv": [4.5, 9.375, 5, 9.875], "texture": "#0"},
				"west": {"uv": [10, 5.75, 10.375, 6.25], "texture": "#0"},
				"up": {"uv": [10.5, 6.625, 10, 6.25], "texture": "#0"},
				"down": {"uv": [10.5, 6.625, 10, 7], "texture": "#0"}
			}
		},
		{
			"name": "hexadecagon",
			"from": [14, 12.94034, 1.21793],
			"to": [18, 16.12293, 5.21793],
			"rotation": {"angle": 45, "axis": "x", "origin": [15, 14.53164, 9.21793]},
			"faces": {
				"north": {"uv": [10, 7, 10.5, 7.375], "texture": "#0"},
				"east": {"uv": [10, 8, 10.5, 8.375], "texture": "#0"},
				"south": {"uv": [10, 8.375, 10.5, 8.75], "texture": "#0"},
				"west": {"uv": [10, 8.75, 10.5, 9.125], "texture": "#0"},
				"up": {"uv": [5.5, 9.875, 5, 9.375], "texture": "#0"},
				"down": {"uv": [6, 9.375, 5.5, 9.875], "texture": "#0"}
			}
		},
		{
			"name": "hexadecagon",
			"from": [14, 12.94034, 13.21793],
			"to": [18, 16.12293, 17.21793],
			"rotation": {"angle": -45, "axis": "x", "origin": [15, 14.53164, 9.21793]},
			"faces": {
				"north": {"uv": [10, 9.75, 10.5, 10.125], "texture": "#0"},
				"east": {"uv": [1.5, 10.125, 2, 10.5], "texture": "#0"},
				"south": {"uv": [2, 10.125, 2.5, 10.5], "texture": "#0"},
				"west": {"uv": [2.5, 10.125, 3, 10.5], "texture": "#0"},
				"up": {"uv": [6.5, 9.875, 6, 9.375], "texture": "#0"},
				"down": {"uv": [7, 9.375, 6.5, 9.875], "texture": "#0"}
			}
		},
		{
			"name": "hexadecagon",
			"from": [14, 12.94034, 13.21793],
			"to": [18, 16.12293, 17.21793],
			"rotation": {"angle": -22.5, "axis": "x", "origin": [15, 14.53164, 9.21793]},
			"faces": {
				"north": {"uv": [3, 10.125, 3.5, 10.5], "texture": "#0"},
				"east": {"uv": [7, 10.125, 7.5, 10.5], "texture": "#0"},
				"south": {"uv": [7.5, 10.125, 8, 10.5], "texture": "#0"},
				"west": {"uv": [8, 10.125, 8.5, 10.5], "texture": "#0"},
				"up": {"uv": [10, 3, 9.5, 2.5], "texture": "#0"},
				"down": {"uv": [10, 5.5, 9.5, 6], "texture": "#0"}
			}
		},
		{
			"name": "hexadecagon",
			"from": [14, 12.94034, 13.21793],
			"to": [18, 16.12293, 17.21793],
			"rotation": {"angle": 0, "axis": "x", "origin": [15, 14.53164, 9.21793]},
			"faces": {
				"north": {"uv": [8.5, 10.125, 9, 10.5], "texture": "#0"},
				"east": {"uv": [9, 10.125, 9.5, 10.5], "texture": "#0"},
				"south": {"uv": [9.5, 10.125, 10, 10.5], "texture": "#0"},
				"west": {"uv": [10, 10.125, 10.5, 10.5], "texture": "#0"},
				"up": {"uv": [10, 6.5, 9.5, 6], "texture": "#0"},
				"down": {"uv": [10, 6.5, 9.5, 7], "texture": "#0"}
			}
		},
		{
			"name": "hexadecagon",
			"from": [14, 18.53164, 7.62663],
			"to": [18, 22.53164, 10.80923],
			"rotation": {"angle": -22.5, "axis": "x", "origin": [15, 14.53164, 9.21793]},
			"faces": {
				"north": {"uv": [9.5, 7, 10, 7.5], "texture": "#0"},
				"east": {"uv": [0, 10.25, 0.375, 10.75], "texture": "#0"},
				"south": {"uv": [9.5, 8.125, 10, 8.625], "texture": "#0"},
				"west": {"uv": [0.375, 10.25, 0.75, 10.75], "texture": "#0"},
				"up": {"uv": [1.25, 10.625, 0.75, 10.25], "texture": "#0"},
				"down": {"uv": [10.75, 1.375, 10.25, 1.75], "texture": "#0"}
			}
		},
		{
			"name": "hexadecagon",
			"from": [14, 18.53164, 7.62663],
			"to": [18, 22.53164, 10.80923],
			"rotation": {"angle": 0, "axis": "x", "origin": [15, 14.53164, 9.21793]},
			"faces": {
				"north": {"uv": [9.5, 8.625, 10, 9.125], "texture": "#0"},
				"east": {"uv": [10.25, 1.75, 10.625, 2.25], "texture": "#0"},
				"south": {"uv": [1.5, 9.625, 2, 10.125], "texture": "#0"},
				"west": {"uv": [10.25, 2.875, 10.625, 3.375], "texture": "#0"},
				"up": {"uv": [10.75, 3.75, 10.25, 3.375], "texture": "#0"},
				"down": {"uv": [4, 10.25, 3.5, 10.625], "texture": "#0"}
			}
		},
		{
			"name": "hexadecagon",
			"from": [14, 18.53164, 7.62663],
			"to": [18, 22.53164, 10.80923],
			"rotation": {"angle": 22.5, "axis": "x", "origin": [15, 14.53164, 9.21793]},
			"faces": {
				"north": {"uv": [2, 9.625, 2.5, 10.125], "texture": "#0"},
				"east": {"uv": [10.25, 3.75, 10.625, 4.25], "texture": "#0"},
				"south": {"uv": [2.5, 9.625, 3, 10.125], "texture": "#0"},
				"west": {"uv": [10.25, 4.25, 10.625, 4.75], "texture": "#0"},
				"up": {"uv": [5.25, 10.625, 4.75, 10.25], "texture": "#0"},
				"down": {"uv": [10.75, 4.75, 10.25, 5.125], "texture": "#0"}
			}
		},
		{
			"name": "hexadecagon",
			"from": [-1, 12.60761, 2],
			"to": [17, 15.39239, 6],
			"rotation": {"angle": 45, "axis": "x", "origin": [3, 14, 9]},
			"faces": {
				"north": {"uv": [6.75, 5.75, 9, 6.125], "texture": "#0"},
				"east": {"uv": [5.25, 10.25, 5.75, 10.625], "texture": "#0"},
				"south": {"uv": [6.75, 6.125, 9, 6.5], "texture": "#0"},
				"west": {"uv": [6.5, 10.25, 7, 10.625], "texture": "#0"},
				"up": {"uv": [6.75, 5.5, 4.5, 5], "texture": "#0"},
				"down": {"uv": [2.25, 5.25, 0, 5.75], "texture": "#0"}
			}
		},
		{
			"name": "hexadecagon",
			"from": [-1, 12.60761, 12],
			"to": [17, 15.39239, 16],
			"rotation": {"angle": -45, "axis": "x", "origin": [3, 14, 9]},
			"faces": {
				"north": {"uv": [6.5, 6.875, 8.75, 7.25], "texture": "#0"},
				"east": {"uv": [10.25, 7.625, 10.75, 8], "texture": "#0"},
				"south": {"uv": [2.5, 7, 4.75, 7.375], "texture": "#0"},
				"west": {"uv": [10.25, 9.125, 10.75, 9.5], "texture": "#0"},
				"up": {"uv": [4.5, 5.75, 2.25, 5.25], "texture": "#0"},
				"down": {"uv": [6.75, 5.5, 4.5, 6], "texture": "#0"}
			}
		},
		{
			"name": "hexadecagon",
			"from": [-1, 12.60761, 12],
			"to": [17, 15.39239, 16],
			"rotation": {"angle": -22.5, "axis": "x", "origin": [3, 14, 9]},
			"faces": {
				"north": {"uv": [7, 3, 9.25, 3.375], "texture": "#0"},
				"east": {"uv": [4, 10.375, 4.5, 10.75], "texture": "#0"},
				"south": {"uv": [7, 3.375, 9.25, 3.75], "texture": "#0"},
				"west": {"uv": [10.375, 5.125, 10.875, 5.5], "texture": "#0"},
				"up": {"uv": [2.25, 6.25, 0, 5.75], "texture": "#0"},
				"down": {"uv": [4.5, 5.75, 2.25, 6.25], "texture": "#0"}
			}
		},
		{
			"name": "hexadecagon",
			"from": [-1, 12.60761, 12],
			"to": [17, 15.39239, 16],
			"rotation": {"angle": 0, "axis": "x", "origin": [3, 14, 9]},
			"faces": {
				"north": {"uv": [7, 3.75, 9.25, 4.125], "texture": "#0"},
				"east": {"uv": [10.375, 5.5, 10.875, 5.875], "texture": "#0"},
				"south": {"uv": [7, 4.125, 9.25, 4.5], "texture": "#0"},
				"west": {"uv": [5.75, 10.375, 6.25, 10.75], "texture": "#0"},
				"up": {"uv": [6.75, 6.5, 4.5, 6], "texture": "#0"},
				"down": {"uv": [2.25, 6.25, 0, 6.75], "texture": "#0"}
			}
		},
		{
			"name": "hexadecagon",
			"from": [-1, 17, 7.60761],
			"to": [17, 21, 10.39239],
			"rotation": {"angle": -22.5, "axis": "x", "origin": [3, 14, 9]},
			"faces": {
				"north": {"uv": [2.25, 6.25, 4.5, 6.75], "texture": "#0"},
				"east": {"uv": [1.25, 10.5, 1.625, 11], "texture": "#0"},
				"south": {"uv": [6.5, 0, 8.75, 0.5], "texture": "#0"},
				"west": {"uv": [1.625, 10.5, 2, 11], "texture": "#0"},
				"up": {"uv": [9.25, 4.875, 7, 4.5], "texture": "#0"},
				"down": {"uv": [2.25, 7.125, 0, 7.5], "texture": "#0"}
			}
		},
		{
			"name": "hexadecagon",
			"from": [-1, 17, 7.60761],
			"to": [17, 21, 10.39239],
			"rotation": {"angle": 0, "axis": "x", "origin": [3, 14, 9]},
			"faces": {
				"north": {"uv": [6.5, 0.5, 8.75, 1], "texture": "#0"},
				"east": {"uv": [2, 10.5, 2.375, 11], "texture": "#0"},
				"south": {"uv": [6.5, 1, 8.75, 1.5], "texture": "#0"},
				"west": {"uv": [10.5, 2.25, 10.875, 2.75], "texture": "#0"},
				"up": {"uv": [7, 7.625, 4.75, 7.25], "texture": "#0"},
				"down": {"uv": [9.25, 7.25, 7, 7.625], "texture": "#0"}
			}
		},
		{
			"name": "hexadecagon",
			"from": [-1, 17, 7.60761],
			"to": [17, 21, 10.39239],
			"rotation": {"angle": 22.5, "axis": "x", "origin": [3, 14, 9]},
			"faces": {
				"north": {"uv": [6.5, 1.5, 8.75, 2], "texture": "#0"},
				"east": {"uv": [2.375, 10.5, 2.75, 11], "texture": "#0"},
				"south": {"uv": [6.5, 2, 8.75, 2.5], "texture": "#0"},
				"west": {"uv": [2.75, 10.5, 3.125, 11], "texture": "#0"},
				"up": {"uv": [4.5, 7.75, 2.25, 7.375], "texture": "#0"},
				"down": {"uv": [2.25, 7.5, 0, 7.875], "texture": "#0"}
			}
		},
		{
			"name": "hexadecagon",
			"from": [-1.01, 14, 5.60761],
			"to": [-1.01, 19, 12.39239],
			"rotation": {"angle": 22.5, "axis": "x", "origin": [3, 14, 9]},
			"faces": {
				"north": {"uv": [0, 0, 0, 0.625], "texture": "#0"},
				"east": {"uv": [2.25, 8, 3.125, 8.625], "texture": "#0"},
				"south": {"uv": [0, 0, 0, 0.625], "texture": "#0"},
				"west": {"uv": [3.125, 8, 4, 8.625], "texture": "#0"},
				"up": {"uv": [0, 0.875, 0, 0], "texture": "#0"},
				"down": {"uv": [0, 0, 0, 0.875], "texture": "#0"}
			}
		},
		{
			"name": "hexadecagon",
			"from": [17, 14, 5.60761],
			"to": [17, 19, 12.39239],
			"rotation": {"angle": 22.5, "axis": "x", "origin": [3, 14, 9]},
			"faces": {
				"north": {"uv": [0, 0, 0, 0.625], "texture": "#0"},
				"east": {"uv": [0, 8.125, 0.875, 8.75], "texture": "#0"},
				"south": {"uv": [0, 0, 0, 0.625], "texture": "#0"},
				"west": {"uv": [0.875, 8.125, 1.75, 8.75], "texture": "#0"},
				"up": {"uv": [0, 0.875, 0, 0], "texture": "#0"},
				"down": {"uv": [0, 0, 0, 0.875], "texture": "#0"}
			}
		},
		{
			"from": [11, 10, -6],
			"to": [15, 11, -2],
			"rotation": {"angle": -22.5, "axis": "y", "origin": [0, 0, 0]},
			"faces": {
				"north": {"uv": [10.625, 2.125, 11.125, 2.25], "texture": "#0"},
				"east": {"uv": [10.625, 2.875, 11.125, 3], "texture": "#0"},
				"south": {"uv": [10.625, 3, 11.125, 3.125], "texture": "#0"},
				"west": {"uv": [10.625, 3.125, 11.125, 3.25], "texture": "#0"},
				"up": {"uv": [3.5, 10.125, 3, 9.625], "texture": "#0"},
				"down": {"uv": [7.5, 9.625, 7, 10.125], "texture": "#0"}
			}
		},
		{
			"from": [18, 0, -8],
			"to": [22, 1, -4],
			"rotation": {"angle": -22.5, "axis": "y", "origin": [0, 0, 0]},
			"faces": {
				"north": {"uv": [10.625, 2.125, 11.125, 2.25], "texture": "#0"},
				"east": {"uv": [10.625, 2.875, 11.125, 3], "texture": "#0"},
				"south": {"uv": [10.625, 3, 11.125, 3.125], "texture": "#0"},
				"west": {"uv": [10.625, 3.125, 11.125, 3.25], "texture": "#0"},
				"up": {"uv": [3.5, 10.125, 3, 9.625], "texture": "#0"},
				"down": {"uv": [7.5, 9.625, 7, 10.125], "texture": "#0"}
			}
		},
		{
			"from": [24, 0, -6],
			"to": [28, 1, -2],
			"rotation": {"angle": -45, "axis": "y", "origin": [0, 0, 0]},
			"faces": {
				"north": {"uv": [10.625, 2.125, 11.125, 2.25], "texture": "#0"},
				"east": {"uv": [10.625, 2.875, 11.125, 3], "texture": "#0"},
				"south": {"uv": [10.625, 3, 11.125, 3.125], "texture": "#0"},
				"west": {"uv": [10.625, 3.125, 11.125, 3.25], "texture": "#0"},
				"up": {"uv": [3.5, 10.125, 3, 9.625], "texture": "#0"},
				"down": {"uv": [7.5, 9.625, 7, 10.125], "texture": "#0"}
			}
		},
		{
			"from": [4, 11, 4],
			"to": [8, 12, 8],
			"rotation": {"angle": -22.5, "axis": "y", "origin": [0, 0, 0]},
			"faces": {
				"north": {"uv": [10.625, 2.125, 11.125, 2.25], "texture": "#0"},
				"east": {"uv": [10.625, 2.875, 11.125, 3], "texture": "#0"},
				"south": {"uv": [10.625, 3, 11.125, 3.125], "texture": "#0"},
				"west": {"uv": [10.625, 3.125, 11.125, 3.25], "texture": "#0"},
				"up": {"uv": [3.5, 10.125, 3, 9.625], "texture": "#0"},
				"down": {"uv": [7.5, 9.625, 7, 10.125], "texture": "#0"}
			}
		},
		{
			"from": [12, 11, 0],
			"to": [16, 12, 4],
			"rotation": {"angle": -22.5, "axis": "y", "origin": [0, 0, 0]},
			"faces": {
				"north": {"uv": [10.625, 2.125, 11.125, 2.25], "texture": "#0"},
				"east": {"uv": [10.625, 2.875, 11.125, 3], "texture": "#0"},
				"south": {"uv": [10.625, 3, 11.125, 3.125], "texture": "#0"},
				"west": {"uv": [10.625, 3.125, 11.125, 3.25], "texture": "#0"},
				"up": {"uv": [3.5, 10.125, 3, 9.625], "texture": "#0"},
				"down": {"uv": [7.5, 9.625, 7, 10.125], "texture": "#0"}
			}
		},
		{
			"from": [5, 10, 4],
			"to": [9, 11, 8],
			"rotation": {"angle": 22.5, "axis": "y", "origin": [0, 0, 0]},
			"faces": {
				"north": {"uv": [10.625, 2.125, 11.125, 2.25], "texture": "#0"},
				"east": {"uv": [10.625, 2.875, 11.125, 3], "texture": "#0"},
				"south": {"uv": [10.625, 3, 11.125, 3.125], "texture": "#0"},
				"west": {"uv": [10.625, 3.125, 11.125, 3.25], "texture": "#0"},
				"up": {"uv": [3.5, 10.125, 3, 9.625], "texture": "#0"},
				"down": {"uv": [7.5, 9.625, 7, 10.125], "texture": "#0"}
			}
		},
		{
			"from": [12, 10, 4],
			"to": [16, 11, 8],
			"faces": {
				"north": {"uv": [10.625, 2.125, 11.125, 2.25], "texture": "#0"},
				"east": {"uv": [10.625, 2.875, 11.125, 3], "texture": "#0"},
				"south": {"uv": [10.625, 3, 11.125, 3.125], "texture": "#0"},
				"west": {"uv": [10.625, 3.125, 11.125, 3.25], "texture": "#0"},
				"up": {"uv": [3.5, 10.125, 3, 9.625], "texture": "#0"},
				"down": {"uv": [7.5, 9.625, 7, 10.125], "texture": "#0"}
			}
		},
		{
			"from": [10, 10, 3],
			"to": [14, 11, 7],
			"rotation": {"angle": -22.5, "axis": "y", "origin": [0, 0, 0]},
			"faces": {
				"north": {"uv": [10.625, 2.125, 11.125, 2.25], "texture": "#0"},
				"east": {"uv": [10.625, 2.875, 11.125, 3], "texture": "#0"},
				"south": {"uv": [10.625, 3, 11.125, 3.125], "texture": "#0"},
				"west": {"uv": [10.625, 3.125, 11.125, 3.25], "texture": "#0"},
				"up": {"uv": [3.5, 10.125, 3, 9.625], "texture": "#0"},
				"down": {"uv": [7.5, 9.625, 7, 10.125], "texture": "#0"}
			}
		},
		{
			"from": [15, 10, 3],
			"to": [19, 11, 7],
			"rotation": {"angle": -22.5, "axis": "y", "origin": [0, 0, 0]},
			"faces": {
				"north": {"uv": [10.625, 2.125, 11.125, 2.25], "texture": "#0"},
				"east": {"uv": [10.625, 2.875, 11.125, 3], "texture": "#0"},
				"south": {"uv": [10.625, 3, 11.125, 3.125], "texture": "#0"},
				"west": {"uv": [10.625, 3.125, 11.125, 3.25], "texture": "#0"},
				"up": {"uv": [3.5, 10.125, 3, 9.625], "texture": "#0"},
				"down": {"uv": [7.5, 9.625, 7, 10.125], "texture": "#0"}
			}
		},
		{
			"from": [2, 10, 1],
			"to": [6, 11, 5],
			"faces": {
				"north": {"uv": [10.625, 2.125, 11.125, 2.25], "texture": "#0"},
				"east": {"uv": [10.625, 2.875, 11.125, 3], "texture": "#0"},
				"south": {"uv": [10.625, 3, 11.125, 3.125], "texture": "#0"},
				"west": {"uv": [10.625, 3.125, 11.125, 3.25], "texture": "#0"},
				"up": {"uv": [3.5, 10.125, 3, 9.625], "texture": "#0"},
				"down": {"uv": [7.5, 9.625, 7, 10.125], "texture": "#0"}
			}
		},
		{
			"from": [-3, 1, -6],
			"to": [1, 2, -2],
			"faces": {
				"north": {"uv": [10.625, 2.125, 11.125, 2.25], "texture": "#0"},
				"east": {"uv": [10.625, 2.875, 11.125, 3], "texture": "#0"},
				"south": {"uv": [10.625, 3, 11.125, 3.125], "texture": "#0"},
				"west": {"uv": [10.625, 3.125, 11.125, 3.25], "texture": "#0"},
				"up": {"uv": [3.5, 10.125, 3, 9.625], "texture": "#0"},
				"down": {"uv": [7.5, 9.625, 7, 10.125], "texture": "#0"}
			}
		},
		{
			"from": [2, 10, 8],
			"to": [6, 11, 12],
			"faces": {
				"north": {"uv": [10.625, 2.125, 11.125, 2.25], "texture": "#0"},
				"east": {"uv": [10.625, 2.875, 11.125, 3], "texture": "#0"},
				"south": {"uv": [10.625, 3, 11.125, 3.125], "texture": "#0"},
				"west": {"uv": [10.625, 3.125, 11.125, 3.25], "texture": "#0"},
				"up": {"uv": [3.5, 10.125, 3, 9.625], "texture": "#0"},
				"down": {"uv": [7.5, 9.625, 7, 10.125], "texture": "#0"}
			}
		},
		{
			"from": [3, 10, 2],
			"to": [7, 11, 6],
			"rotation": {"angle": -45, "axis": "y", "origin": [0, 0, 0]},
			"faces": {
				"north": {"uv": [10.625, 2.125, 11.125, 2.25], "texture": "#0"},
				"east": {"uv": [10.625, 2.875, 11.125, 3], "texture": "#0"},
				"south": {"uv": [10.625, 3, 11.125, 3.125], "texture": "#0"},
				"west": {"uv": [10.625, 3.125, 11.125, 3.25], "texture": "#0"},
				"up": {"uv": [3.5, 10.125, 3, 9.625], "texture": "#0"},
				"down": {"uv": [7.5, 9.625, 7, 10.125], "texture": "#0"}
			}
		},
		{
			"from": [-7, 1, 1],
			"to": [-3, 2, 5],
			"rotation": {"angle": -45, "axis": "y", "origin": [0, 0, 0]},
			"faces": {
				"north": {"uv": [10.625, 2.125, 11.125, 2.25], "texture": "#0"},
				"east": {"uv": [10.625, 2.875, 11.125, 3], "texture": "#0"},
				"south": {"uv": [10.625, 3, 11.125, 3.125], "texture": "#0"},
				"west": {"uv": [10.625, 3.125, 11.125, 3.25], "texture": "#0"},
				"up": {"uv": [3.5, 10.125, 3, 9.625], "texture": "#0"},
				"down": {"uv": [7.5, 9.625, 7, 10.125], "texture": "#0"}
			}
		},
		{
			"from": [-16, 1, 11],
			"to": [-12, 2, 15],
			"rotation": {"angle": 45, "axis": "y", "origin": [0, 0, 0]},
			"faces": {
				"north": {"uv": [10.625, 2.125, 11.125, 2.25], "texture": "#0"},
				"east": {"uv": [10.625, 2.875, 11.125, 3], "texture": "#0"},
				"south": {"uv": [10.625, 3, 11.125, 3.125], "texture": "#0"},
				"west": {"uv": [10.625, 3.125, 11.125, 3.25], "texture": "#0"},
				"up": {"uv": [3.5, 10.125, 3, 9.625], "texture": "#0"},
				"down": {"uv": [7.5, 9.625, 7, 10.125], "texture": "#0"}
			}
		},
		{
			"from": [-13, 1, 11],
			"to": [-9, 2, 15],
			"rotation": {"angle": 22.5, "axis": "y", "origin": [0, 0, 0]},
			"faces": {
				"north": {"uv": [10.625, 3.125, 11.125, 3.25], "texture": "#0"},
				"east": {"uv": [10.625, 2.125, 11.125, 2.25], "texture": "#0"},
				"south": {"uv": [10.625, 2.875, 11.125, 3], "texture": "#0"},
				"west": {"uv": [10.625, 3, 11.125, 3.125], "texture": "#0"},
				"up": {"uv": [3.5, 10.125, 3, 9.625], "rotation": 90, "texture": "#0"},
				"down": {"uv": [7.5, 9.625, 7, 10.125], "rotation": 270, "texture": "#0"}
			}
		},
		{
			"from": [6, 11, -4],
			"to": [10, 12, 0],
			"rotation": {"angle": -45, "axis": "y", "origin": [0, 0, 0]},
			"faces": {
				"north": {"uv": [10.625, 2.125, 11.125, 2.25], "texture": "#0"},
				"east": {"uv": [10.625, 2.875, 11.125, 3], "texture": "#0"},
				"south": {"uv": [10.625, 3, 11.125, 3.125], "texture": "#0"},
				"west": {"uv": [10.625, 3.125, 11.125, 3.25], "texture": "#0"},
				"up": {"uv": [3.5, 10.125, 3, 9.625], "texture": "#0"},
				"down": {"uv": [7.5, 9.625, 7, 10.125], "texture": "#0"}
			}
		},
		{
			"from": [11, 11, -10],
			"to": [14, 12, -7],
			"rotation": {"angle": -45, "axis": "y", "origin": [0, 0, 0]},
			"faces": {
				"north": {"uv": [10.625, 3.25, 11, 3.375], "texture": "#0"},
				"east": {"uv": [3.5, 10.625, 3.875, 10.75], "texture": "#0"},
				"south": {"uv": [10.625, 3.75, 11, 3.875], "texture": "#0"},
				"west": {"uv": [10.625, 3.875, 11, 4], "texture": "#0"},
				"up": {"uv": [10.75, 6.25, 10.375, 5.875], "texture": "#0"},
				"down": {"uv": [3.5, 10.5, 3.125, 10.875], "texture": "#0"}
			}
		},
		{
			"from": [2, 11, 0],
			"to": [5, 12, 3],
			"rotation": {"angle": -22.5, "axis": "y", "origin": [0, 0, 0]},
			"faces": {
				"north": {"uv": [10.625, 3.25, 11, 3.375], "texture": "#0"},
				"east": {"uv": [3.5, 10.625, 3.875, 10.75], "texture": "#0"},
				"south": {"uv": [10.625, 3.75, 11, 3.875], "texture": "#0"},
				"west": {"uv": [10.625, 3.875, 11, 4], "texture": "#0"},
				"up": {"uv": [10.75, 6.25, 10.375, 5.875], "texture": "#0"},
				"down": {"uv": [3.5, 10.5, 3.125, 10.875], "texture": "#0"}
			}
		},
		{
			"from": [-5, 2, -3],
			"to": [-2, 3, 0],
			"rotation": {"angle": -22.5, "axis": "y", "origin": [0, 0, 0]},
			"faces": {
				"north": {"uv": [10.625, 3.25, 11, 3.375], "texture": "#0"},
				"east": {"uv": [3.5, 10.625, 3.875, 10.75], "texture": "#0"},
				"south": {"uv": [10.625, 3.75, 11, 3.875], "texture": "#0"},
				"west": {"uv": [10.625, 3.875, 11, 4], "texture": "#0"},
				"up": {"uv": [10.75, 6.25, 10.375, 5.875], "texture": "#0"},
				"down": {"uv": [3.5, 10.5, 3.125, 10.875], "texture": "#0"}
			}
		},
		{
			"from": [9, 2, 14],
			"to": [12, 3, 17],
			"rotation": {"angle": -45, "axis": "y", "origin": [0, 0, 0]},
			"faces": {
				"north": {"uv": [10.625, 3.25, 11, 3.375], "texture": "#0"},
				"east": {"uv": [3.5, 10.625, 3.875, 10.75], "texture": "#0"},
				"south": {"uv": [10.625, 3.75, 11, 3.875], "texture": "#0"},
				"west": {"uv": [10.625, 3.875, 11, 4], "texture": "#0"},
				"up": {"uv": [10.75, 6.25, 10.375, 5.875], "texture": "#0"},
				"down": {"uv": [3.5, 10.5, 3.125, 10.875], "texture": "#0"}
			}
		},
		{
			"from": [9, 11, 0],
			"to": [12, 12, 3],
			"faces": {
				"north": {"uv": [10.625, 3.25, 11, 3.375], "texture": "#0"},
				"east": {"uv": [3.5, 10.625, 3.875, 10.75], "texture": "#0"},
				"south": {"uv": [10.625, 3.75, 11, 3.875], "texture": "#0"},
				"west": {"uv": [10.625, 3.875, 11, 4], "texture": "#0"},
				"up": {"uv": [10.75, 6.25, 10.375, 5.875], "texture": "#0"},
				"down": {"uv": [3.5, 10.5, 3.125, 10.875], "texture": "#0"}
			}
		},
		{
			"from": [18, 0, -4],
			"to": [21, 1, -1],
			"faces": {
				"north": {"uv": [10.625, 3.25, 11, 3.375], "texture": "#0"},
				"east": {"uv": [3.5, 10.625, 3.875, 10.75], "texture": "#0"},
				"south": {"uv": [10.625, 3.75, 11, 3.875], "texture": "#0"},
				"west": {"uv": [10.625, 3.875, 11, 4], "texture": "#0"},
				"up": {"uv": [10.75, 6.25, 10.375, 5.875], "texture": "#0"},
				"down": {"uv": [3.5, 10.5, 3.125, 10.875], "texture": "#0"}
			}
		},
		{
			"from": [16, 0, 17],
			"to": [19, 1, 20],
			"faces": {
				"north": {"uv": [10.625, 3.25, 11, 3.375], "texture": "#0"},
				"east": {"uv": [3.5, 10.625, 3.875, 10.75], "texture": "#0"},
				"south": {"uv": [10.625, 3.75, 11, 3.875], "texture": "#0"},
				"west": {"uv": [10.625, 3.875, 11, 4], "texture": "#0"},
				"up": {"uv": [10.75, 6.25, 10.375, 5.875], "texture": "#0"},
				"down": {"uv": [3.5, 10.5, 3.125, 10.875], "texture": "#0"}
			}
		},
		{
			"from": [24, 1, 5],
			"to": [27, 2, 8],
			"rotation": {"angle": -22.5, "axis": "y", "origin": [0, 0, 0]},
			"faces": {
				"north": {"uv": [10.625, 3.25, 11, 3.375], "texture": "#0"},
				"east": {"uv": [3.5, 10.625, 3.875, 10.75], "texture": "#0"},
				"south": {"uv": [10.625, 3.75, 11, 3.875], "texture": "#0"},
				"west": {"uv": [10.625, 3.875, 11, 4], "texture": "#0"},
				"up": {"uv": [10.75, 6.25, 10.375, 5.875], "texture": "#0"},
				"down": {"uv": [3.5, 10.5, 3.125, 10.875], "texture": "#0"}
			}
		},
		{
			"from": [15, 1, -15],
			"to": [18, 2, -12],
			"rotation": {"angle": -45, "axis": "y", "origin": [0, 0, 0]},
			"faces": {
				"north": {"uv": [10.625, 3.25, 11, 3.375], "texture": "#0"},
				"east": {"uv": [3.5, 10.625, 3.875, 10.75], "texture": "#0"},
				"south": {"uv": [10.625, 3.75, 11, 3.875], "texture": "#0"},
				"west": {"uv": [10.625, 3.875, 11, 4], "texture": "#0"},
				"up": {"uv": [10.75, 6.25, 10.375, 5.875], "texture": "#0"},
				"down": {"uv": [3.5, 10.5, 3.125, 10.875], "texture": "#0"}
			}
		},
		{
			"from": [7, 12, 10],
			"to": [10, 13, 13],
			"rotation": {"angle": 22.5, "axis": "y", "origin": [0, 0, 0]},
			"faces": {
				"north": {"uv": [10.625, 3.875, 11, 4], "texture": "#0"},
				"east": {"uv": [10.625, 3.25, 11, 3.375], "texture": "#0"},
				"south": {"uv": [3.5, 10.625, 3.875, 10.75], "texture": "#0"},
				"west": {"uv": [10.625, 3.75, 11, 3.875], "texture": "#0"},
				"up": {"uv": [10.75, 6.25, 10.375, 5.875], "rotation": 90, "texture": "#0"},
				"down": {"uv": [3.5, 10.5, 3.125, 10.875], "rotation": 270, "texture": "#0"}
			}
		},
		{
			"from": [0, 12, 7],
			"to": [3, 13, 10],
			"rotation": {"angle": 45, "axis": "y", "origin": [0, 0, 0]},
			"faces": {
				"north": {"uv": [10.625, 3.875, 11, 4], "texture": "#0"},
				"east": {"uv": [10.625, 3.25, 11, 3.375], "texture": "#0"},
				"south": {"uv": [3.5, 10.625, 3.875, 10.75], "texture": "#0"},
				"west": {"uv": [10.625, 3.75, 11, 3.875], "texture": "#0"},
				"up": {"uv": [10.75, 6.25, 10.375, 5.875], "rotation": 90, "texture": "#0"},
				"down": {"uv": [3.5, 10.5, 3.125, 10.875], "rotation": 270, "texture": "#0"}
			}
		},
		{
			"from": [-1, 12, 7],
			"to": [2, 13, 10],
			"rotation": {"angle": 22.5, "axis": "y", "origin": [0, 0, 0]},
			"faces": {
				"north": {"uv": [10.625, 3.875, 11, 4], "texture": "#0"},
				"east": {"uv": [10.625, 3.25, 11, 3.375], "texture": "#0"},
				"south": {"uv": [3.5, 10.625, 3.875, 10.75], "texture": "#0"},
				"west": {"uv": [10.625, 3.75, 11, 3.875], "texture": "#0"},
				"up": {"uv": [10.75, 6.25, 10.375, 5.875], "rotation": 90, "texture": "#0"},
				"down": {"uv": [3.5, 10.5, 3.125, 10.875], "rotation": 270, "texture": "#0"}
			}
		}
	],
	"display": {
		"thirdperson_lefthand": {
			"rotation": [0, 145, 0],
			"translation": [0.25, 2, 0.75],
			"scale": [0.25, 0.25, 0.25]
		},
		"firstperson_righthand": {
			"rotation": [0, 145, 0],
			"translation": [2.75, 3.25, -3.25],
			"scale": [0.5, 0.5, 0.5]
		},
		"firstperson_lefthand": {
			"rotation": [0, 145, 0],
			"translation": [2.75, 3.25, -3.25],
			"scale": [0.5, 0.5, 0.5]
		},
		"ground": {
			"translation": [0, 0.25, 0],
			"scale": [0.5, 0.5, 0.5]
		},
		"gui": {
			"rotation": [45, 145, 0],
			"translation": [-0.5, 0, 0],
			"scale": [0.6, 0.6, 0.6]
		}
	},
	"groups": [
		{
			"name": "Legendary Crate",
			"origin": [8, 8, 8],
			"color": 0,
			"children": [
				{
					"name": "Corners",
					"origin": [8, 8, 8],
					"color": 0,
					"children": [
						{
							"name": "Layer",
							"origin": [8, 8, 8],
							"color": 0,
							"children": [0, 1, 2, 3]
						},
						{
							"name": "Layer",
							"origin": [8, 8, 8],
							"color": 0,
							"children": [4, 5, 6, 7]
						}
					]
				},
				{
					"name": "Frame",
					"origin": [8, 8, 8],
					"color": 0,
					"children": [8, 9, 10, 11, 12, 13, 14, 15, 16, 17, 18, 19, 20, 21,
						{
							"name": "Inside",
							"origin": [8, 8, 8],
							"color": 0,
							"children": [22, 23]
						}
					]
				},
				{
					"name": "Cover",
					"origin": [8, 8, 8],
					"color": 0,
					"children": [
						{
							"name": "hexadecagon",
							"origin": [8, 8, 8],
							"color": 0,
							"children": [24, 25, 26, 27, 28, 29, 30, 31, 32, 33, 34, 35, 36, 37]
						},
						{
							"name": "hexadecagon",
							"origin": [8, 8, 8],
							"color": 0,
							"children": [38, 39, 40, 41, 42, 43, 44]
						},
						{
							"name": "hexadecagon",
							"origin": [8, 8, 8],
							"color": 0,
							"children": [45, 46, 47, 48, 49, 50, 51, 52, 53]
						}
					]
				},
				{
					"name": "Loot",
					"origin": [8, 8, 8],
					"color": 0,
					"children": [
						{
							"name": "Coins",
							"origin": [8, 8, 8],
							"color": 0,
							"children": [54, 55, 56, 57, 58, 59, 60, 61, 62, 63, 64, 65, 66, 67, 68, 69, 70]
						},
						{
							"name": "Gems",
							"origin": [8, 8, 8],
							"color": 0,
							"children": [71, 72, 73, 74, 75, 76, 77, 78, 79, 80, 81, 82]
						}
					]
				}
			]
		}
	]
}