{"credit":"Made by PolygonMC","textures":{"1":"menus:phone/animations","2":"menus:phone/phone","particle":"menus:phone/phone"},"elements":[{"from":[11.75,1,7],"to":[13,15,9],"rotation":{"angle":0,"axis":"y","origin":[16,-1,0]},"faces":{"north":{"uv":[4,7.5,4.625,14.5],"texture":"#2"},"east":{"uv":[0,7.5,1,14.5],"texture":"#2"},"south":{"uv":[5,7.5,5.625,14.5],"texture":"#2"},"west":{"uv":[1,7.5,2,14.5],"texture":"#2"},"up":{"uv":[13.125,5,12.5,4],"texture":"#2"},"down":{"uv":[13.125,5,12.5,6],"texture":"#2"}}},{"from":[4,0.5,8.8],"to":[12,15.5,8.8],"rotation":{"angle":0,"axis":"y","origin":[15,2,0]},"faces":{"south":{"uv":[4,0,8,7.5],"texture":"#2"}}},{"from":[4,0.5,7.2],"to":[12,15.5,7.2],"rotation":{"angle":0,"axis":"y","origin":[15,2,0]},"faces":{"north":{"uv":[0,0,8,15],"texture":"#1"}}},{"from":[4.4155,15.16421,7],"to":[11.5845,16.41421,9],"rotation":{"angle":0,"axis":"y","origin":[16.5905,3.41421,0]},"faces":{"north":{"uv":[8,4,11.625,4.625],"texture":"#2"},"east":{"uv":[13,1,14,1.625],"texture":"#2"},"south":{"uv":[8,5,11.625,5.625],"texture":"#2"},"west":{"uv":[13,2,14,2.625],"texture":"#2"},"up":{"uv":[11.625,1,8,0],"texture":"#2"},"down":{"uv":[11.625,1,8,2],"texture":"#2"}}},{"from":[4.4155,-0.41421,7],"to":[11.5845,0.83579,9],"rotation":{"angle":0,"axis":"y","origin":[16.5905,12.58579,0]},"faces":{"north":{"uv":[8,6,11.625,6.625],"texture":"#2"},"east":{"uv":[13,3,14,3.625],"texture":"#2"},"south":{"uv":[8,7,11.625,7.625],"texture":"#2"},"west":{"uv":[8.5,13,9.5,13.625],"texture":"#2"},"up":{"uv":[11.625,3,8,2],"texture":"#2"},"down":{"uv":[11.625,3,8,4],"texture":"#2"}}},{"from":[10.83579,14.20711,7.0035],"to":[12.08579,16.20711,8.9965],"rotation":{"angle":45,"axis":"z","origin":[11.58579,15.70711,8.0035]},"faces":{"north":{"uv":[12.5,6,13.125,7],"texture":"#2"},"east":{"uv":[12,0,13,1],"texture":"#2"},"south":{"uv":[12.5,7,13.125,8],"texture":"#2"},"west":{"uv":[12,1,13,2],"texture":"#2"},"up":{"uv":[13.125,9,12.5,8],"texture":"#2"}}},{"from":[10.83579,-0.20711,7.0035],"to":[12.08579,1.79289,8.9965],"rotation":{"angle":-45,"axis":"z","origin":[11.58579,0.29289,8.0035]},"faces":{"north":{"uv":[12.5,9,13.125,10],"texture":"#2"},"east":{"uv":[12,2,13,3],"texture":"#2"},"south":{"uv":[12.5,12,13.125,13],"texture":"#2"},"west":{"uv":[12,3,13,4],"texture":"#2"},"down":{"uv":[13.625,0,13,1],"texture":"#2"}}},{"from":[7,16.41421,7.25],"to":[9,17.66421,8.75],"rotation":{"angle":0,"axis":"y","origin":[7,16.41421,7.5]},"faces":{"north":{"uv":[9.5,13,10.5,13.625],"texture":"#2"},"east":{"uv":[13.5,12,14.25,12.625],"texture":"#2"},"south":{"uv":[13,10,14,10.625],"texture":"#2"},"west":{"uv":[13.5,13,14.25,13.625],"texture":"#2"},"up":{"uv":[13,11.75,12,11],"texture":"#2"}}},{"from":[7.25,17.66421,7.5],"to":[8.75,18.41421,8.5],"rotation":{"angle":0,"axis":"y","origin":[7,16.66421,7.5]},"faces":{"north":{"uv":[14,3,14.75,3.375],"texture":"#2"},"east":{"uv":[10,14,10.5,14.375],"texture":"#2"},"south":{"uv":[14,3.5,14.75,3.875],"texture":"#2"},"west":{"uv":[14,10,14.5,10.375],"texture":"#2"},"up":{"uv":[14.75,2.5,14,2],"texture":"#2"}}},{"from":[7,-1.66421,7.25],"to":[9,-0.41421,8.75],"rotation":{"angle":0,"axis":"y","origin":[7,13.58579,7.5]},"faces":{"north":{"uv":[10.5,13,11.5,13.625],"texture":"#2"},"east":{"uv":[14,0,14.75,0.625],"texture":"#2"},"south":{"uv":[13,11,14,11.625],"texture":"#2"},"west":{"uv":[14,1,14.75,1.625],"texture":"#2"},"down":{"uv":[12.5,12,11.5,12.75],"texture":"#2"}}},{"from":[7.25,-2.41421,7.5],"to":[8.75,-1.66421,8.5],"rotation":{"angle":0,"axis":"y","origin":[7,12.33579,7.5]},"faces":{"north":{"uv":[8,14,8.75,14.375],"texture":"#2"},"east":{"uv":[10.5,14,11,14.375],"texture":"#2"},"south":{"uv":[9,14,9.75,14.375],"texture":"#2"},"west":{"uv":[14,10.5,14.5,10.875],"texture":"#2"},"down":{"uv":[14.75,2.5,14,3],"texture":"#2"}}},{"from":[12.5,4.07612,7.5],"to":[14,8.07612,8.5],"rotation":{"angle":-22.5,"axis":"z","origin":[14,7.07612,8]},"faces":{"north":{"uv":[8,8,8.75,10],"texture":"#2"},"east":{"uv":[12,4,12.5,6],"texture":"#2"},"south":{"uv":[9,8,9.75,10],"texture":"#2"}}},{"from":[12.5,7.92388,7.5035],"to":[14,11.92388,8.4965],"rotation":{"angle":22.5,"axis":"z","origin":[14,8.92388,8.0035]},"faces":{"north":{"uv":[8,10,8.75,12],"texture":"#2"},"east":{"uv":[12,6,12.5,8],"texture":"#2"},"south":{"uv":[10,8,10.75,10],"texture":"#2"}}},{"from":[3.91421,-0.20711,7.0035],"to":[5.16421,1.79289,8.9965],"rotation":{"angle":45,"axis":"z","origin":[4.41421,0.29289,8.0035]},"faces":{"north":{"uv":[13.5,7,14.125,8],"texture":"#2"},"east":{"uv":[12,10,13,11],"texture":"#2"},"south":{"uv":[13.5,8,14.125,9],"texture":"#2"},"west":{"uv":[10.5,12,11.5,13],"texture":"#2"},"down":{"uv":[14.125,9,13.5,10],"texture":"#2"}}},{"from":[3,1,7],"to":[4.25,15,9],"rotation":{"angle":0,"axis":"y","origin":[0,-1,0]},"faces":{"north":{"uv":[6,7.5,6.625,14.5],"texture":"#2"},"east":{"uv":[2,7.5,3,14.5],"texture":"#2"},"south":{"uv":[7,7.5,7.625,14.5],"texture":"#2"},"west":{"uv":[3,7.5,4,14.5],"texture":"#2"},"up":{"uv":[14.125,6,13.5,5],"texture":"#2"},"down":{"uv":[14.125,6,13.5,7],"texture":"#2"}}},{"from":[3.91421,14.20711,7.0035],"to":[5.16421,16.20711,8.9965],"rotation":{"angle":-45,"axis":"z","origin":[4.41421,15.70711,8.0035]},"faces":{"north":{"uv":[11.5,13,12.125,14],"texture":"#2"},"east":{"uv":[8.5,12,9.5,13],"texture":"#2"},"south":{"uv":[12.5,13,13.125,14],"texture":"#2"},"west":{"uv":[9.5,12,10.5,13],"texture":"#2"},"up":{"uv":[14.125,5,13.5,4],"texture":"#2"}}},{"from":[2,7.92388,7.5035],"to":[3.5,11.92388,8.4965],"rotation":{"angle":-22.5,"axis":"z","origin":[2,8.92388,8.0035]},"faces":{"north":{"uv":[11,8,11.75,10],"texture":"#2"},"south":{"uv":[11,10,11.75,12],"texture":"#2"},"west":{"uv":[12,8,12.5,10],"texture":"#2"}}},{"from":[2,4.07612,7.5],"to":[3.5,8.07612,8.5],"rotation":{"angle":22.5,"axis":"z","origin":[2,7.07612,8]},"faces":{"north":{"uv":[9,10,9.75,12],"texture":"#2"},"south":{"uv":[10,10,10.75,12],"texture":"#2"},"west":{"uv":[8,12,8.5,14],"texture":"#2"}}}],"gui_light":"front","display":{"thirdperson_righthand":{"rotation":[0,180,0],"translation":[0,3.25,1],"scale":[0.5,0.5,0.5]},"thirdperson_lefthand":{"rotation":[0,180,0],"translation":[0,3.25,1],"scale":[0.5,0.5,0.5]},"firstperson_righthand":{"rotation":[156,0,-180],"translation":[0,4.75,2],"scale":[0.41211,0.41211,0.41211]},"firstperson_lefthand":{"rotation":[156,0,-180],"translation":[0,4.75,2],"scale":[0.41211,0.41211,0.41211]},"ground":{"rotation":[45,0,0],"translation":[0,3.25,0],"scale":[0.5,0.5,0.5]},"gui":{"rotation":[148.26,35.19,-151.9],"scale":[0.90625,0.90625,0.90625]},"fixed":{"translation":[0,0,-1]}}}