{"textures":{"0":"modelengine:entity/nocsy_drakonin2"},"elements":[{"from":[5.714286,6.155852,5.3560076],"to":[10.285714,10.727281,12.213151],"rotation":{"angle":0.0,"axis":"y","origin":[8.0,8.0,8.666262]},"faces":{"east":{"uv":[4.75,6.125,5.5,6.625],"rotation":0,"texture":"#0","tintindex":0},"south":{"uv":[6.5,0.0,7.0,0.5],"rotation":0,"texture":"#0","tintindex":0},"north":{"uv":[6.125,6.375,6.625,6.875],"rotation":0,"texture":"#0","tintindex":0},"west":{"uv":[6.25,2.625,7.0,3.125],"rotation":0,"texture":"#0","tintindex":0},"up":{"uv":[6.75,3.9375,6.25,3.1875],"rotation":0,"texture":"#0","tintindex":0},"down":{"uv":[6.75,4.0,6.25,4.75],"rotation":0,"texture":"#0","tintindex":0}}},{"from":[5.72,5.035164,10.9051895],"to":[10.280001,9.595164,15.465189],"rotation":{"angle":22.5,"axis":"x","origin":[8.0,6.861932,14.387716]},"faces":{"east":{"uv":[6.5,1.125,7.0,1.625],"rotation":0,"texture":"#0","tintindex":0},"south":{"uv":[6.5,1.6875,7.0,2.1875],"rotation":0,"texture":"#0","tintindex":0},"north":{"uv":[6.5,0.5625,7.0,1.0625],"rotation":0,"texture":"#0","tintindex":0},"west":{"uv":[6.5,4.8125,7.0,5.3125],"rotation":0,"texture":"#0","tintindex":0},"up":{"uv":[7.0,5.875,6.5,5.375],"rotation":0,"texture":"#0","tintindex":0},"down":{"uv":[4.9375,6.6875,4.4375,7.1875],"rotation":0,"texture":"#0","tintindex":0}}},{"from":[5.7085714,7.2093153,4.3745775],"to":[10.291429,12.363602,8.957435],"rotation":{"angle":-22.5,"axis":"x","origin":[7.714286,9.138068,7.5305724]},"faces":{"east":{"uv":[3.3125,6.3125,3.8125,6.875],"rotation":0,"texture":"#0","tintindex":0},"south":{"uv":[3.875,6.3125,4.375,6.875],"rotation":0,"texture":"#0","tintindex":0},"north":{"uv":[2.75,6.3125,3.25,6.875],"rotation":0,"texture":"#0","tintindex":0},"west":{"uv":[5.5625,6.375,6.0625,6.9375],"rotation":0,"texture":"#0","tintindex":0},"up":{"uv":[5.5,7.1875,5.0,6.6875],"rotation":0,"texture":"#0","tintindex":0},"down":{"uv":[7.1875,5.9375,6.6875,6.4375],"rotation":0,"texture":"#0","tintindex":0}}}],"display":{"head":{"translation":[0.0,-6.4,0.0],"scale":[4.0,4.0,4.0]}}}