{"textures":{"0":"modelengine:entity/nocsy_drakonin6"},"elements":[{"from":[7.428571,4.7771745,6.7942166],"to":[9.142858,8.777175,9.079931],"rotation":{"angle":22.5,"axis":"x","origin":[7.714286,8.662889,7.594217]},"faces":{"east":{"uv":[3.1875,8.8125,3.4375,9.25],"rotation":0,"texture":"#0","tintindex":0},"south":{"uv":[8.0,9.3125,8.1875,9.75],"rotation":0,"texture":"#0","tintindex":0},"north":{"uv":[7.75,9.3125,7.9375,9.75],"rotation":0,"texture":"#0","tintindex":0},"west":{"uv":[0.0,8.875,0.25,9.3125],"rotation":0,"texture":"#0","tintindex":0},"up":{"uv":[10.0625,6.9375,9.875,6.6875],"rotation":0,"texture":"#0","tintindex":0},"down":{"uv":[10.0625,7.0,9.875,7.25],"rotation":0,"texture":"#0","tintindex":0}}}],"display":{"head":{"translation":[0.0,-6.4,0.0],"scale":[4.0,4.0,4.0]}}}