{"textures":{"0":"modelengine:entity/atlas_companion"},"elements":[{"from":[5.6857142,7.8285713,5.6857142],"to":[10.314285,12.457143,10.314285],"rotation":{"angle":0.0,"axis":"y","origin":[8.0,8.0,8.0]},"faces":{"east":{"uv":[2.5,12.0,5.0,14.5],"rotation":0,"texture":"#0","tintindex":0},"south":{"uv":[2.5,12.0,5.0,14.5],"rotation":0,"texture":"#0","tintindex":0},"north":{"uv":[2.5,12.0,5.0,14.5],"rotation":0,"texture":"#0","tintindex":0},"west":{"uv":[5.0,12.0,2.5,14.5],"rotation":0,"texture":"#0","tintindex":0},"up":{"uv":[16.0,2.5,13.5,0.0],"rotation":0,"texture":"#0","tintindex":0},"down":{"uv":[16.0,2.5,13.5,5.0],"rotation":0,"texture":"#0","tintindex":0}}},{"from":[5.8571424,8.0,5.8571424],"to":[10.142858,12.285715,10.142858],"rotation":{"angle":0.0,"axis":"y","origin":[8.0,8.0,8.0]},"faces":{"east":{"uv":[2.5,0.0,5.0,2.5],"rotation":0,"texture":"#0","tintindex":0},"south":{"uv":[2.5,2.5,5.0,5.0],"rotation":0,"texture":"#0","tintindex":0},"north":{"uv":[0.0,0.0,2.5,2.5],"rotation":0,"texture":"#0","tintindex":0},"west":{"uv":[2.5,0.0,5.0,2.5],"rotation":0,"texture":"#0","tintindex":0},"up":{"uv":[5.0,4.5,7.5,7.0],"rotation":0,"texture":"#0","tintindex":0},"down":{"uv":[5.0,4.5,7.5,7.0],"rotation":0,"texture":"#0","tintindex":0}}}],"display":{"head":{"translation":[0.0,-6.4,0.0],"scale":[4.0,4.0,4.0]}}}