{"textures":{"0":"modelengine:entity/atlas_companion","1":"modelengine:entity/atlas_companion_fx"},"elements":[{"from":[6.285714,7.142857,6.285714],"to":[9.714286,8.857143,9.714286],"rotation":{"angle":0.0,"axis":"y","origin":[8.0,7.142857,8.0]},"faces":{"east":{"uv":[11.0,6.0,13.0,7.0],"rotation":0,"texture":"#0","tintindex":0},"south":{"uv":[11.0,6.0,13.0,7.0],"rotation":0,"texture":"#0","tintindex":0},"north":{"uv":[11.0,6.0,13.0,7.0],"rotation":0,"texture":"#0","tintindex":0},"west":{"uv":[11.0,6.0,13.0,7.0],"rotation":0,"texture":"#0","tintindex":0},"up":{"uv":[12.5,11.0,10.5,9.0],"rotation":0,"texture":"#0","tintindex":0},"down":{"uv":[13.0,7.0,11.0,9.0],"rotation":0,"texture":"#0","tintindex":0}}},{"from":[6.714286,4.142857,6.714286],"to":[9.285714,7.142857,9.285714],"rotation":{"angle":0.0,"axis":"y","origin":[8.0,7.142857,8.0]},"faces":{"east":{"uv":[0.0,0.0,12.0,14.0],"rotation":0,"texture":"#1","tintindex":0},"south":{"uv":[0.0,0.0,12.0,14.0],"rotation":0,"texture":"#1","tintindex":0},"north":{"uv":[0.0,0.0,12.0,14.0],"rotation":0,"texture":"#1","tintindex":0},"west":{"uv":[0.0,0.0,12.0,14.0],"rotation":0,"texture":"#1","tintindex":0}}}],"display":{"head":{"translation":[0.0,-6.4,0.0],"scale":[4.0,4.0,4.0]}}}