{"textures":{"0":"modelengine:entity/atlas_companion"},"elements":[{"from":[6.285714,8.0,5.428571],"to":[9.714286,11.428572,9.714286],"rotation":{"angle":0.0,"axis":"y","origin":[8.0,8.0,8.0]},"faces":{"east":{"uv":[0.0,5.0,2.5,7.0],"rotation":0,"texture":"#0","tintindex":0},"south":{"uv":[4.5,9.5,6.5,11.5],"rotation":0,"texture":"#0","tintindex":0},"north":{"uv":[8.5,9.0,10.5,11.0],"rotation":0,"texture":"#0","tintindex":0},"west":{"uv":[2.5,5.0,0.0,7.0],"rotation":0,"texture":"#0","tintindex":0},"up":{"uv":[2.0,5.0,0.0,2.5],"rotation":0,"texture":"#0","tintindex":0},"down":{"uv":[7.0,2.0,5.0,4.5],"rotation":0,"texture":"#0","tintindex":0}}},{"from":[9.714286,8.428572,6.285714],"to":[10.571428,11.0,8.857143],"rotation":{"angle":0.0,"axis":"y","origin":[11.428572,9.285714,8.0]},"faces":{"east":{"uv":[5.0,11.5,6.5,13.0],"rotation":0,"texture":"#0","tintindex":0},"south":{"uv":[4.5,10.0,4.0,11.5],"rotation":0,"texture":"#0","tintindex":0},"north":{"uv":[4.0,10.0,4.5,11.5],"rotation":0,"texture":"#0","tintindex":0},"up":{"uv":[12.0,14.0,11.5,12.5],"rotation":0,"texture":"#0","tintindex":0},"down":{"uv":[12.5,12.5,12.0,14.0],"rotation":0,"texture":"#0","tintindex":0}}},{"from":[5.428571,8.428572,6.285714],"to":[6.285714,11.0,8.857143],"rotation":{"angle":0.0,"axis":"y","origin":[4.5714283,9.285714,8.0]},"faces":{"south":{"uv":[4.0,10.0,4.5,11.5],"rotation":0,"texture":"#0","tintindex":0},"north":{"uv":[4.5,10.0,4.0,11.5],"rotation":0,"texture":"#0","tintindex":0},"west":{"uv":[6.5,11.5,5.0,13.0],"rotation":0,"texture":"#0","tintindex":0},"up":{"uv":[11.5,14.0,12.0,12.5],"rotation":0,"texture":"#0","tintindex":0},"down":{"uv":[12.0,12.5,12.5,14.0],"rotation":0,"texture":"#0","tintindex":0}}},{"from":[5.428571,11.0,7.142857],"to":[10.571428,12.285715,8.0],"rotation":{"angle":0.0,"axis":"y","origin":[8.0,11.857143,8.0]},"faces":{"east":{"uv":[5.0,13.0,5.5,13.75],"rotation":0,"texture":"#0","tintindex":0},"south":{"uv":[13.0,6.25,16.0,7.0],"rotation":0,"texture":"#0","tintindex":0},"north":{"uv":[11.5,5.0,14.5,5.75],"rotation":0,"texture":"#0","tintindex":0},"west":{"uv":[5.5,13.0,6.0,13.75],"rotation":0,"texture":"#0","tintindex":0},"up":{"uv":[16.0,6.25,13.0,5.75],"rotation":0,"texture":"#0","tintindex":0}}},{"from":[6.285714,8.857143,9.714286],"to":[9.714286,11.428572,11.0],"rotation":{"angle":0.0,"axis":"y","origin":[8.0,8.857143,9.714286]},"faces":{"east":{"uv":[12.75,3.5,12.0,5.0],"rotation":0,"texture":"#0","tintindex":0},"south":{"uv":[11.5,2.0,13.5,3.5],"rotation":0,"texture":"#0","tintindex":0},"west":{"uv":[12.0,3.5,12.75,5.0],"rotation":0,"texture":"#0","tintindex":0},"up":{"uv":[11.5,2.875,9.5,2.0],"rotation":0,"texture":"#0","tintindex":0},"down":{"uv":[12.5,11.0,10.5,11.875],"rotation":0,"texture":"#0","tintindex":0}}},{"from":[6.1142855,7.8285713,5.257143],"to":[9.885715,11.6,9.885715],"rotation":{"angle":0.0,"axis":"y","origin":[8.0,8.857143,8.0]},"faces":{"east":{"uv":[2.5,7.0,0.0,9.0],"rotation":0,"texture":"#0","tintindex":0},"south":{"uv":[10.0,0.0,12.0,2.0],"rotation":0,"texture":"#0","tintindex":0},"north":{"uv":[6.5,9.5,8.5,11.5],"rotation":0,"texture":"#0","tintindex":0},"west":{"uv":[0.0,7.0,2.5,9.0],"rotation":0,"texture":"#0","tintindex":0},"up":{"uv":[9.0,4.5,7.0,2.0],"rotation":0,"texture":"#0","tintindex":0},"down":{"uv":[6.5,7.0,4.5,9.5],"rotation":0,"texture":"#0","tintindex":0}}}],"display":{"head":{"translation":[0.0,-6.4,0.0],"scale":[4.0,4.0,4.0]}}}