{"textures":{"0":"modelengine:entity/atlas_companion"},"elements":[{"from":[6.9714284,3.5428572,6.9714284],"to":[8.171429,9.028571,9.028571],"rotation":{"angle":0.0,"axis":"y","origin":[8.0,8.0,8.0]},"faces":{"east":{"uv":[0.0,9.25,1.0,12.0],"rotation":0,"texture":"#0","tintindex":0},"south":{"uv":[1.5,9.25,1.0,12.0],"rotation":0,"texture":"#0","tintindex":0},"north":{"uv":[1.0,9.25,1.5,12.0],"rotation":0,"texture":"#0","tintindex":0},"west":{"uv":[0.0,9.25,1.0,12.0],"rotation":0,"texture":"#0","tintindex":0},"up":{"uv":[3.0,10.0,2.5,9.0],"rotation":0,"texture":"#0","tintindex":0},"down":{"uv":[3.0,10.0,2.5,11.0],"rotation":0,"texture":"#0","tintindex":0}}},{"from":[7.142857,3.7142854,7.142857],"to":[8.0,8.857143,8.857143],"rotation":{"angle":0.0,"axis":"y","origin":[8.0,8.0,8.0]},"faces":{"east":{"uv":[9.0,12.5,10.0,15.5],"rotation":0,"texture":"#0","tintindex":0},"south":{"uv":[10.0,12.5,10.5,15.5],"rotation":0,"texture":"#0","tintindex":0},"north":{"uv":[10.0,12.5,10.5,15.5],"rotation":0,"texture":"#0","tintindex":0},"west":{"uv":[1.5,9.0,2.5,12.0],"rotation":0,"texture":"#0","tintindex":0},"up":{"uv":[3.0,12.0,2.5,11.0],"rotation":0,"texture":"#0","tintindex":0},"down":{"uv":[3.0,11.0,2.5,12.0],"rotation":0,"texture":"#0","tintindex":0}}}],"display":{"head":{"translation":[0.0,-6.4,0.0],"scale":[4.0,4.0,4.0]}}}