{"textures":{"0":"modelengine:entity/nocsy_drakonin_rocks"},"elements":[{"from":[5.718834,7.8430457,5.285714],"to":[10.290263,18.70019,9.857143],"rotation":{"angle":0.0,"axis":"y","origin":[6.0045485,10.700189,5.5714283]},"faces":{"east":{"uv":[2.25,0.0,4.25,4.75],"rotation":0,"texture":"#0","tintindex":0},"south":{"uv":[4.5,0.0,6.5,4.75],"rotation":0,"texture":"#0","tintindex":0},"north":{"uv":[0.0,0.0,2.0,4.75],"rotation":0,"texture":"#0","tintindex":0},"west":{"uv":[0.0,5.0,2.0,9.75],"rotation":0,"texture":"#0","tintindex":0},"up":{"uv":[11.0,5.0,9.0,3.0],"rotation":0,"texture":"#0","tintindex":0},"down":{"uv":[11.0,5.25,9.0,7.25],"rotation":0,"texture":"#0","tintindex":0}}},{"from":[9.147406,7.271617,5.8571424],"to":[13.147406,10.700189,10.428572],"rotation":{"angle":0.0,"axis":"y","origin":[8.004548,12.12876,7.0]},"faces":{"east":{"uv":[2.0,11.0,4.0,12.5],"rotation":0,"texture":"#0","tintindex":0},"south":{"uv":[11.25,3.75,13.0,5.25],"rotation":0,"texture":"#0","tintindex":0},"north":{"uv":[11.25,2.0,13.0,3.5],"rotation":0,"texture":"#0","tintindex":0},"west":{"uv":[4.25,11.0,6.25,12.5],"rotation":0,"texture":"#0","tintindex":0},"up":{"uv":[10.5,11.75,8.75,9.75],"rotation":0,"texture":"#0","tintindex":0},"down":{"uv":[1.75,10.0,0.0,12.0],"rotation":0,"texture":"#0","tintindex":0}}},{"from":[6.8616915,7.271617,4.142857],"to":[11.43312,13.557331,8.714286],"rotation":{"angle":0.0,"axis":"y","origin":[9.147406,10.4144745,6.428571]},"faces":{"east":{"uv":[4.5,5.0,6.5,7.75],"rotation":0,"texture":"#0","tintindex":0},"south":{"uv":[6.75,0.0,8.75,2.75],"rotation":0,"texture":"#0","tintindex":0},"north":{"uv":[2.25,5.0,4.25,7.75],"rotation":0,"texture":"#0","tintindex":0},"west":{"uv":[6.75,3.0,8.75,5.75],"rotation":0,"texture":"#0","tintindex":0},"up":{"uv":[8.5,11.0,6.5,9.0],"rotation":0,"texture":"#0","tintindex":0},"down":{"uv":[11.0,7.5,9.0,9.5],"rotation":0,"texture":"#0","tintindex":0}}},{"from":[2.461691,7.271617,7.5714283],"to":[7.0331197,13.557331,11.571428],"rotation":{"angle":0.0,"axis":"y","origin":[8.004548,12.12876,7.0]},"faces":{"east":{"uv":[4.5,8.0,6.25,10.75],"rotation":0,"texture":"#0","tintindex":0},"south":{"uv":[2.25,8.0,4.25,10.75],"rotation":0,"texture":"#0","tintindex":0},"north":{"uv":[6.75,6.0,8.75,8.75],"rotation":0,"texture":"#0","tintindex":0},"west":{"uv":[9.0,0.0,10.75,2.75],"rotation":0,"texture":"#0","tintindex":0},"up":{"uv":[12.75,11.5,10.75,9.75],"rotation":0,"texture":"#0","tintindex":0},"down":{"uv":[13.0,0.0,11.0,1.75],"rotation":0,"texture":"#0","tintindex":0}}},{"from":[5.3188343,11.843046,8.142858],"to":[7.6045485,15.843046,10.428572],"rotation":{"angle":22.5,"axis":"z","origin":[4.7474055,10.4144745,9.571428]},"faces":{"east":{"uv":[6.5,11.25,7.5,13.0],"rotation":0,"texture":"#0","tintindex":0},"south":{"uv":[11.25,7.5,12.25,9.25],"rotation":0,"texture":"#0","tintindex":0},"north":{"uv":[11.25,5.5,12.25,7.25],"rotation":0,"texture":"#0","tintindex":0},"west":{"uv":[10.75,11.75,11.75,13.5],"rotation":0,"texture":"#0","tintindex":0},"up":{"uv":[13.5,6.5,12.5,5.5],"rotation":0,"texture":"#0","tintindex":0},"down":{"uv":[13.5,6.75,12.5,7.75],"rotation":0,"texture":"#0","tintindex":0}}},{"from":[7.261691,11.843046,5.8571424],"to":[9.547405,15.843046,8.142858],"rotation":{"angle":-22.5,"axis":"z","origin":[11.261691,10.4144745,9.571428]},"faces":{"east":{"uv":[9.0,12.0,10.0,13.75],"rotation":0,"texture":"#0","tintindex":0},"south":{"uv":[12.0,11.75,13.0,13.5],"rotation":0,"texture":"#0","tintindex":0},"north":{"uv":[7.75,12.0,8.75,13.75],"rotation":0,"texture":"#0","tintindex":0},"west":{"uv":[0.0,12.25,1.0,14.0],"rotation":0,"texture":"#0","tintindex":0},"up":{"uv":[13.5,9.0,12.5,8.0],"rotation":0,"texture":"#0","tintindex":0},"down":{"uv":[2.25,12.75,1.25,13.75],"rotation":0,"texture":"#0","tintindex":0}}}],"display":{"head":{"translation":[0.0,-6.4,0.0],"scale":[4.0,4.0,4.0]}}}