{"textures":{"0":"bil:item/filament/model/misdreavus_necklace.ajmodel/misdreavus_necklace","particle":"bil:item/filament/model/misdreavus_necklace.ajmodel/misdreavus_necklace"},"elements":[{"from":[15.8,-0.64894104,9.64411],"to":[18.2,1.7510595,12.044109],"faces":{"up":{"texture":"#0","tintindex":0,"uv":[11.5,15.25,10.75,14.5]},"west":{"texture":"#0","tintindex":0,"uv":[11.5,15.25,12.25,16.0]},"east":{"texture":"#0","tintindex":0,"uv":[10.0,15.25,10.75,16.0]},"south":{"texture":"#0","tintindex":0,"uv":[12.25,15.25,13.0,16.0]},"down":{"texture":"#0","tintindex":0,"uv":[12.25,14.5,11.5,15.25]},"north":{"texture":"#0","tintindex":0,"uv":[10.75,15.25,11.5,16.0]}},"rotation":{"axis":"x","angle":-45.0,"origin":[8.0,9.0,7.0]}},{"from":[19.0,0.8444195,11.23534],"to":[20.8,2.6444197,13.035339],"faces":{"up":{"texture":"#0","tintindex":0,"uv":[11.5,14.0,11.0,13.5]},"west":{"texture":"#0","tintindex":0,"uv":[11.5,14.0,12.0,14.5]},"east":{"texture":"#0","tintindex":0,"uv":[10.5,14.0,11.0,14.5]},"south":{"texture":"#0","tintindex":0,"uv":[12.0,14.0,12.5,14.5]},"down":{"texture":"#0","tintindex":0,"uv":[12.0,13.5,11.5,14.0]},"north":{"texture":"#0","tintindex":0,"uv":[11.0,14.0,11.5,14.5]}},"rotation":{"axis":"x","angle":-45.0,"origin":[11.0,9.0,8.0]}},{"from":[13.2,0.8444195,11.23534],"to":[15.0,2.6444197,13.035339],"faces":{"up":{"texture":"#0","tintindex":0,"uv":[11.0,13.0,11.5,12.5]},"west":{"texture":"#0","tintindex":0,"uv":[11.0,13.0,10.5,13.5]},"east":{"texture":"#0","tintindex":0,"uv":[12.0,13.0,11.5,13.5]},"south":{"texture":"#0","tintindex":0,"uv":[12.5,13.0,12.0,13.5]},"down":{"texture":"#0","tintindex":0,"uv":[11.5,12.5,12.0,13.0]},"north":{"texture":"#0","tintindex":0,"uv":[11.5,13.0,11.0,13.5]}},"rotation":{"axis":"x","angle":-45.0,"origin":[5.0,9.0,8.0]}},{"from":[20.1,2.92025,12.53988],"to":[21.7,4.5202494,14.13988],"faces":{"up":{"texture":"#0","tintindex":0,"uv":[13.5,14.0,13.0,13.5]},"west":{"texture":"#0","tintindex":0,"uv":[13.5,14.0,14.0,14.5]},"east":{"texture":"#0","tintindex":0,"uv":[12.5,14.0,13.0,14.5]},"south":{"texture":"#0","tintindex":0,"uv":[14.0,14.0,14.5,14.5]},"down":{"texture":"#0","tintindex":0,"uv":[14.0,13.5,13.5,14.0]},"north":{"texture":"#0","tintindex":0,"uv":[13.0,14.0,13.5,14.5]}},"rotation":{"axis":"x","angle":-45.0,"origin":[12.0,11.0,9.0]}},{"from":[12.3,3.3114796,11.74652],"to":[13.9,4.91148,13.346519],"faces":{"up":{"texture":"#0","tintindex":0,"uv":[13.0,13.0,13.5,12.5]},"west":{"texture":"#0","tintindex":0,"uv":[13.0,13.0,12.5,13.5]},"east":{"texture":"#0","tintindex":0,"uv":[14.0,13.0,13.5,13.5]},"south":{"texture":"#0","tintindex":0,"uv":[14.5,13.0,14.0,13.5]},"down":{"texture":"#0","tintindex":0,"uv":[13.5,12.5,14.0,13.0]},"north":{"texture":"#0","tintindex":0,"uv":[13.5,13.0,13.0,13.5]}},"rotation":{"axis":"x","angle":-45.0,"origin":[5.0,12.0,9.0]}},{"from":[19.9,5.09608,13.34441],"to":[20.9,6.09608,14.34441],"faces":{"up":{"texture":"#0","tintindex":0,"uv":[13.5,15.75,13.25,15.5]},"west":{"texture":"#0","tintindex":0,"uv":[13.5,15.75,13.75,16.0]},"east":{"texture":"#0","tintindex":0,"uv":[13.0,15.75,13.25,16.0]},"south":{"texture":"#0","tintindex":0,"uv":[13.75,15.75,14.0,16.0]},"down":{"texture":"#0","tintindex":0,"uv":[13.75,15.5,13.5,15.75]},"north":{"texture":"#0","tintindex":0,"uv":[13.25,15.75,13.5,16.0]}},"rotation":{"axis":"x","angle":-45.0,"origin":[11.0,13.0,10.0]}},{"from":[13.1,5.09608,13.34441],"to":[14.1,6.09608,14.34441],"faces":{"up":{"texture":"#0","tintindex":0,"uv":[13.25,15.25,13.5,15.0]},"west":{"texture":"#0","tintindex":0,"uv":[13.25,15.25,13.0,15.5]},"east":{"texture":"#0","tintindex":0,"uv":[13.75,15.25,13.5,15.5]},"south":{"texture":"#0","tintindex":0,"uv":[14.0,15.25,13.75,15.5]},"down":{"texture":"#0","tintindex":0,"uv":[13.5,15.0,13.75,15.25]},"north":{"texture":"#0","tintindex":0,"uv":[13.5,15.25,13.25,15.5]}},"rotation":{"axis":"x","angle":-45.0,"origin":[4.0,13.0,10.0]}}],"display":{"head":{"rotation":[0.0,180.0,0.0]}}}