{"textures":{"0":"modelengine:entity/nocsy_drakonin_baby"},"elements":[{"from":[7.086462,6.3602586,7.147766],"to":[8.800748,8.074544,8.862052],"rotation":{"angle":0.0,"axis":"y","origin":[8.451034,9.27683,8.190052]},"faces":{"east":{"uv":[9.125,0.5,8.75,0.875],"rotation":0,"texture":"#0","tintindex":0},"south":{"uv":[9.125,0.0,8.75,0.375],"rotation":0,"texture":"#0","tintindex":0},"north":{"uv":[4.75,8.625,4.375,9.0],"rotation":0,"texture":"#0","tintindex":0},"west":{"uv":[5.25,8.625,4.875,9.0],"rotation":0,"texture":"#0","tintindex":0},"up":{"uv":[1.625,9.125,2.0,8.75],"rotation":0,"texture":"#0","tintindex":0},"down":{"uv":[8.75,4.25,9.125,4.625],"rotation":0,"texture":"#0","tintindex":0}}},{"from":[7.092176,6.3702927,6.5836687],"to":[8.795033,6.930293,7.143669],"rotation":{"angle":45.0,"axis":"x","origin":[8.519655,6.3643703,7.1433597]},"faces":{"east":{"uv":[1.0,9.75,0.875,9.875],"rotation":0,"texture":"#0","tintindex":0},"south":{"uv":[9.125,4.75,8.75,4.875],"rotation":0,"texture":"#0","tintindex":0},"north":{"uv":[4.375,5.75,4.0,5.875],"rotation":0,"texture":"#0","tintindex":0},"west":{"uv":[9.375,0.75,9.25,0.875],"rotation":0,"texture":"#0","tintindex":0},"up":{"uv":[10.375,4.125,10.75,4.0],"rotation":0,"texture":"#0","tintindex":0},"down":{"uv":[10.375,4.25,10.75,4.375],"rotation":0,"texture":"#0","tintindex":0}}}],"display":{"head":{"translation":[0.0,-6.4,0.0],"scale":[4.0,4.0,4.0]}}}