{"textures":{"0":"modelengine:entity/nocsy_drakonin_baby"},"elements":[{"from":[7.4101615,7.448248,7.337143],"to":[9.124447,8.591105,8.48],"rotation":{"angle":0.0,"axis":"y","origin":[7.7987328,7.162425,7.268519]},"faces":{"east":{"uv":[5.25,7.0,5.5,7.25],"rotation":0,"texture":"#0","tintindex":0},"south":{"uv":[5.375,9.625,5.75,9.875],"rotation":0,"texture":"#0","tintindex":0},"north":{"uv":[9.5,5.875,9.875,6.125],"rotation":0,"texture":"#0","tintindex":0},"west":{"uv":[10.0,4.25,10.25,4.5],"rotation":0,"texture":"#0","tintindex":0},"up":{"uv":[0.75,10.0,0.375,9.75],"rotation":0,"texture":"#0","tintindex":0},"down":{"uv":[2.25,9.75,1.875,10.0],"rotation":0,"texture":"#0","tintindex":0}}},{"from":[8.553019,7.5625334,7.4514284],"to":[10.610162,8.476819,8.365714],"rotation":{"angle":0.0,"axis":"y","origin":[7.2273045,7.162425,7.268519]},"faces":{"east":{"uv":[10.0,4.625,10.25,4.875],"rotation":0,"texture":"#0","tintindex":0},"south":{"uv":[9.125,2.375,9.625,2.625],"rotation":0,"texture":"#0","tintindex":0},"north":{"uv":[9.125,2.0,9.625,2.25],"rotation":0,"texture":"#0","tintindex":0},"west":{"uv":[5.375,10.0,5.625,10.25],"rotation":0,"texture":"#0","tintindex":0},"up":{"uv":[3.625,9.375,3.125,9.125],"rotation":0,"texture":"#0","tintindex":0},"down":{"uv":[4.25,9.125,3.75,9.375],"rotation":0,"texture":"#0","tintindex":0}}},{"from":[9.991365,7.568248,6.863727],"to":[12.608508,8.471106,7.7665844],"rotation":{"angle":45.0,"axis":"y","origin":[11.014223,8.019676,7.3151555]},"faces":{"east":{"uv":[10.0,5.875,10.25,6.125],"rotation":0,"texture":"#0","tintindex":0},"south":{"uv":[4.125,8.25,4.75,8.5],"rotation":0,"texture":"#0","tintindex":0},"north":{"uv":[3.375,8.25,4.0,8.5],"rotation":0,"texture":"#0","tintindex":0},"west":{"uv":[6.25,10.0,6.5,10.25],"rotation":0,"texture":"#0","tintindex":0},"up":{"uv":[5.5,8.5,4.875,8.25],"rotation":0,"texture":"#0","tintindex":0},"down":{"uv":[9.0,1.0,8.375,1.25],"rotation":0,"texture":"#0","tintindex":0}}},{"from":[8.602544,7.9625335,6.8081794],"to":[12.031116,8.019676,17.665323],"rotation":{"angle":0.0,"axis":"y","origin":[12.688258,8.019676,7.9510365]},"faces":{"east":{"uv":[6.25,4.5,8.625,4.625],"rotation":0,"texture":"#0","tintindex":0},"south":{"uv":[9.625,5.25,10.375,5.375],"rotation":0,"texture":"#0","tintindex":0},"north":{"uv":[3.125,6.5,3.875,6.625],"rotation":0,"texture":"#0","tintindex":0},"west":{"uv":[6.25,4.75,8.625,4.875],"rotation":0,"texture":"#0","tintindex":0},"up":{"uv":[4.5,2.375,3.75,0.0],"rotation":0,"texture":"#0","tintindex":0},"down":{"uv":[4.5,2.5,3.75,4.875],"rotation":0,"texture":"#0","tintindex":0}}}],"display":{"head":{"translation":[0.0,-6.4,0.0],"scale":[4.0,4.0,4.0]}}}