{"textures":{"0":"modelengine:entity/forzen_element_pet_attack_vfx"},"elements":[{"from":[-1.1428576,-1.1428576,8.0],"to":[17.142857,17.142857,8.0],"rotation":{"angle":0.0,"axis":"y","origin":[8.0,8.0,8.0]},"faces":{"east":{"uv":[0.0,0.0,0.0,4.0],"rotation":0,"texture":"#0","tintindex":0},"south":{"uv":[8.0,4.0,12.0,8.0],"rotation":0,"texture":"#0","tintindex":0},"north":{"uv":[4.0,8.0,8.0,12.0],"rotation":0,"texture":"#0","tintindex":0},"west":{"uv":[0.0,0.0,0.0,4.0],"rotation":0,"texture":"#0","tintindex":0},"up":{"uv":[4.0,0.0,0.0,0.0],"rotation":0,"texture":"#0","tintindex":0},"down":{"uv":[4.0,0.0,0.0,0.0],"rotation":0,"texture":"#0","tintindex":0}}}],"display":{"head":{"translation":[0.0,-6.4,0.0],"scale":[4.0,4.0,4.0]}}}