{"textures":{"0":"bil:item/filament/model/dragonite_wings.ajmodel/dragonite_wings","particle":"bil:item/filament/model/dragonite_wings.ajmodel/dragonite_wings"},"elements":[{"from":[0.35849094,6.8679247,10.711553],"to":[6.5849056,19.320755,10.711553],"faces":{"up":{"texture":"#0","tintindex":0,"uv":[8.1875,3.625,7.5,3.625]},"west":{"texture":"#0","tintindex":0,"uv":[8.1875,3.625,8.1875,6.375]},"east":{"texture":"#0","tintindex":0,"uv":[7.5,3.625,7.5,6.375]},"south":{"texture":"#0","tintindex":0,"uv":[8.1875,3.625,8.875,6.375]},"down":{"texture":"#0","tintindex":0,"uv":[8.875,3.625,8.1875,3.625]},"north":{"texture":"#0","tintindex":0,"uv":[7.5,3.625,8.1875,6.375]}},"rotation":{"axis":"y","angle":-22.5,"origin":[4.8867927,13.094339,10.886792]}},{"from":[6.018868,9.132075,9.132075],"to":[12.245283,19.320755,9.132075],"faces":{"up":{"texture":"#0","tintindex":0,"uv":[7.9375,0.625,7.25,0.625]},"west":{"texture":"#0","tintindex":0,"uv":[7.9375,0.625,7.9375,2.875]},"east":{"texture":"#0","tintindex":0,"uv":[7.25,0.625,7.25,2.875]},"south":{"texture":"#0","tintindex":0,"uv":[7.9375,0.625,8.625,2.875]},"down":{"texture":"#0","tintindex":0,"uv":[8.625,0.625,7.9375,0.625]},"north":{"texture":"#0","tintindex":0,"uv":[7.25,0.625,7.9375,2.875]}},"rotation":{"axis":"y","angle":22.5,"origin":[11.962264,13.094339,9.132075]}},{"from":[12.811321,9.132075,9.132075],"to":[19.037735,19.320755,9.132075],"faces":{"up":{"texture":"#0","tintindex":0,"uv":[8.625,0.0,9.3125,0.0]},"west":{"texture":"#0","tintindex":0,"uv":[8.625,0.0,8.625,2.25]},"east":{"texture":"#0","tintindex":0,"uv":[9.3125,0.0,9.3125,2.25]},"south":{"texture":"#0","tintindex":0,"uv":[10.0,0.0,9.3125,2.25]},"down":{"texture":"#0","tintindex":0,"uv":[9.3125,0.0,10.0,0.0]},"north":{"texture":"#0","tintindex":0,"uv":[9.3125,0.0,8.625,2.25]}},"rotation":{"axis":"y","angle":-22.5,"origin":[12.528301,13.094339,9.132075]}},{"from":[18.132076,6.8679247,11.933526],"to":[24.35849,19.320755,11.933526],"faces":{"up":{"texture":"#0","tintindex":0,"uv":[8.875,2.25,9.5625,2.25]},"west":{"texture":"#0","tintindex":0,"uv":[8.875,2.25,8.875,5.0]},"east":{"texture":"#0","tintindex":0,"uv":[9.5625,2.25,9.5625,5.0]},"south":{"texture":"#0","tintindex":0,"uv":[10.25,2.25,9.5625,5.0]},"down":{"texture":"#0","tintindex":0,"uv":[9.5625,2.25,10.25,2.25]},"north":{"texture":"#0","tintindex":0,"uv":[9.5625,2.25,8.875,5.0]}},"rotation":{"axis":"y","angle":22.5,"origin":[17.622643,13.094339,10.830189]}}],"display":{"head":{"rotation":[0.0,180.0,0.0]}}}