{"credit":"Made with Blockbench","parent":"cosmetic_shop_flags","texture_size":[512,512],"textures":{"0":"furnitures:pokelegend/furniture_pokelegend","particle":"furnitures:pokelegend/furniture_pokelegend"},"elements":[{"from":[0,0,16],"to":[16,16,16],"rotation":{"angle":0,"axis":"y","origin":[0,0,14]},"faces":{"north":{"uv":[0,0,0.5,0.5],"texture":"#0"},"east":{"uv":[0,0,0,0.5],"texture":"#0"},"south":{"uv":[0,0,0.5,0.5],"texture":"#0"},"west":{"uv":[0,0,0,0.5],"texture":"#0"},"up":{"uv":[0.5,0,0,0],"texture":"#0"},"down":{"uv":[0.5,0,0,0],"texture":"#0"}}}],"gui_light":"front","display":{"thirdperson_righthand":{"translation":[0,0,-4.25],"scale":[0.5,0.5,0.5]},"thirdperson_lefthand":{"translation":[0,0,-4.25],"scale":[0.5,0.5,0.5]},"firstperson_righthand":{"translation":[5.25,0,-4.25],"scale":[0.5,0.5,0.5]},"firstperson_lefthand":{"translation":[5.25,0,-4.25],"scale":[0.5,0.5,0.5]},"ground":{"translation":[0,2,0],"scale":[0.5,0.5,0.5]},"head":{"translation":[0,-1.5,-14.5]},"fixed":{"translation":[0,0,-16.25],"scale":[2,2,2]}}}