{"credit":"Made with Blockbench","texture_size":[128,128],"textures":{"5":"furnitures:pokelegend/bleu_blanc"},"elements":[{"from":[-8,-16,9],"to":[32,24,11],"rotation":{"angle":0,"axis":"y","origin":[-42,-1,7]},"faces":{"north":{"uv":[0,0,5,5],"texture":"#5"},"east":{"uv":[5,0,5.25,5],"texture":"#5"},"south":{"uv":[0,5,5,10],"texture":"#5"},"west":{"uv":[5,5,5.25,10],"texture":"#5"},"up":{"uv":[10.25,0.25,5.25,0],"texture":"#5"},"down":{"uv":[10.25,0.25,5.25,0.5],"texture":"#5"}}}],"display":{"fixed":{"translation":[-9.75,7,-4],"scale":[2.5,2.5,1]}}}