{
	"credit": "Made with Blockbench",
	"texture_size": [64, 64],
	"textures": {
		"0": "minecraft:item/keys/monthly_key"
	},
	"elements": [
		{
			"from": [2, 0, 4],
			"to": [14, 1, 12],
			"faces": {
				"north": {"uv": [6.5, 6, 9.5, 6.25], "texture": "#0"},
				"east": {"uv": [5, 8.25, 7, 8.5], "texture": "#0"},
				"south": {"uv": [6.5, 6.25, 9.5, 6.5], "texture": "#0"},
				"west": {"uv": [7, 8.25, 9, 8.5], "texture": "#0"},
				"up": {"uv": [3, 2, 0, 0], "texture": "#0"},
				"down": {"uv": [3, 2, 0, 4], "texture": "#0"}
			}
		},
		{
			"from": [12.75, 0, 3.75],
			"to": [14.25, 1.5, 5.25],
			"faces": {
				"north": {"uv": [2.25, 9, 2.75, 9.5], "texture": "#0"},
				"east": {"uv": [2.75, 9, 3.25, 9.5], "texture": "#0"},
				"south": {"uv": [3.25, 9, 3.75, 9.5], "texture": "#0"},
				"west": {"uv": [5.75, 9, 6.25, 9.5], "texture": "#0"},
				"up": {"uv": [6.75, 9.5, 6.25, 9], "texture": "#0"},
				"down": {"uv": [7.25, 9, 6.75, 9.5], "texture": "#0"}
			}
		},
		{
			"from": [12.75, 0, 10.75],
			"to": [14.25, 1.5, 12.25],
			"faces": {
				"north": {"uv": [2.25, 9, 2.75, 9.5], "texture": "#0"},
				"east": {"uv": [2.75, 9, 3.25, 9.5], "texture": "#0"},
				"south": {"uv": [3.25, 9, 3.75, 9.5], "texture": "#0"},
				"west": {"uv": [5.75, 9, 6.25, 9.5], "texture": "#0"},
				"up": {"uv": [6.75, 9.5, 6.25, 9], "texture": "#0"},
				"down": {"uv": [7.25, 9, 6.75, 9.5], "texture": "#0"}
			}
		},
		{
			"from": [12.75, 3.75, 10.75],
			"to": [14.25, 5.25, 12.25],
			"faces": {
				"north": {"uv": [2.25, 9, 2.75, 9.5], "texture": "#0"},
				"east": {"uv": [2.75, 9, 3.25, 9.5], "texture": "#0"},
				"south": {"uv": [3.25, 9, 3.75, 9.5], "texture": "#0"},
				"west": {"uv": [5.75, 9, 6.25, 9.5], "texture": "#0"},
				"up": {"uv": [6.75, 9.5, 6.25, 9], "texture": "#0"},
				"down": {"uv": [7.25, 9, 6.75, 9.5], "texture": "#0"}
			}
		},
		{
			"from": [12.75, 3.75, 3.75],
			"to": [14.25, 5.25, 5.25],
			"faces": {
				"north": {"uv": [2.25, 9, 2.75, 9.5], "texture": "#0"},
				"east": {"uv": [2.75, 9, 3.25, 9.5], "texture": "#0"},
				"south": {"uv": [3.25, 9, 3.75, 9.5], "texture": "#0"},
				"west": {"uv": [5.75, 9, 6.25, 9.5], "texture": "#0"},
				"up": {"uv": [6.75, 9.5, 6.25, 9], "texture": "#0"},
				"down": {"uv": [7.25, 9, 6.75, 9.5], "texture": "#0"}
			}
		},
		{
			"from": [1.75, 0, 3.75],
			"to": [3.25, 1.5, 5.25],
			"faces": {
				"north": {"uv": [2.25, 9, 2.75, 9.5], "texture": "#0"},
				"east": {"uv": [2.75, 9, 3.25, 9.5], "texture": "#0"},
				"south": {"uv": [3.25, 9, 3.75, 9.5], "texture": "#0"},
				"west": {"uv": [5.75, 9, 6.25, 9.5], "texture": "#0"},
				"up": {"uv": [6.75, 9.5, 6.25, 9], "texture": "#0"},
				"down": {"uv": [7.25, 9, 6.75, 9.5], "texture": "#0"}
			}
		},
		{
			"from": [1.75, 3.75, 3.75],
			"to": [3.25, 5.25, 5.25],
			"faces": {
				"north": {"uv": [2.25, 9, 2.75, 9.5], "texture": "#0"},
				"east": {"uv": [2.75, 9, 3.25, 9.5], "texture": "#0"},
				"south": {"uv": [3.25, 9, 3.75, 9.5], "texture": "#0"},
				"west": {"uv": [5.75, 9, 6.25, 9.5], "texture": "#0"},
				"up": {"uv": [6.75, 9.5, 6.25, 9], "texture": "#0"},
				"down": {"uv": [7.25, 9, 6.75, 9.5], "texture": "#0"}
			}
		},
		{
			"from": [1.75, 0, 10.75],
			"to": [3.25, 1.5, 12.25],
			"faces": {
				"north": {"uv": [2.25, 9, 2.75, 9.5], "texture": "#0"},
				"east": {"uv": [2.75, 9, 3.25, 9.5], "texture": "#0"},
				"south": {"uv": [3.25, 9, 3.75, 9.5], "texture": "#0"},
				"west": {"uv": [5.75, 9, 6.25, 9.5], "texture": "#0"},
				"up": {"uv": [6.75, 9.5, 6.25, 9], "texture": "#0"},
				"down": {"uv": [7.25, 9, 6.75, 9.5], "texture": "#0"}
			}
		},
		{
			"from": [1.75, 3.75, 10.75],
			"to": [3.25, 5.25, 12.25],
			"faces": {
				"north": {"uv": [2.25, 9, 2.75, 9.5], "texture": "#0"},
				"east": {"uv": [2.75, 9, 3.25, 9.5], "texture": "#0"},
				"south": {"uv": [3.25, 9, 3.75, 9.5], "texture": "#0"},
				"west": {"uv": [5.75, 9, 6.25, 9.5], "texture": "#0"},
				"up": {"uv": [6.75, 9.5, 6.25, 9], "texture": "#0"},
				"down": {"uv": [7.25, 9, 6.75, 9.5], "texture": "#0"}
			}
		},
		{
			"from": [2, 1, 4],
			"to": [3, 5, 12],
			"faces": {
				"north": {"uv": [7.25, 9, 7.5, 10], "texture": "#0"},
				"east": {"uv": [5, 5, 7, 6], "texture": "#0"},
				"south": {"uv": [7.5, 9, 7.75, 10], "texture": "#0"},
				"west": {"uv": [5.5, 0, 7.5, 1], "texture": "#0"},
				"up": {"uv": [0.25, 10.5, 0, 8.5], "texture": "#0"},
				"down": {"uv": [0.5, 8.5, 0.25, 10.5], "texture": "#0"}
			}
		},
		{
			"from": [3, 1, 11],
			"to": [13, 5, 12],
			"faces": {
				"north": {"uv": [3, 3, 5.5, 4], "texture": "#0"},
				"east": {"uv": [7.75, 9, 8, 10], "texture": "#0"},
				"south": {"uv": [0, 4, 2.5, 5], "texture": "#0"},
				"west": {"uv": [8, 9, 8.25, 10], "texture": "#0"},
				"up": {"uv": [9.5, 3.25, 7, 3], "texture": "#0"},
				"down": {"uv": [9.5, 3.25, 7, 3.5], "texture": "#0"}
			}
		},
		{
			"from": [3, 1, 5],
			"to": [13, 5, 11],
			"faces": {
				"north": {"uv": [2.5, 4, 5, 5], "texture": "#0"},
				"east": {"uv": [5.5, 3, 7, 4], "texture": "#0"},
				"south": {"uv": [0, 5, 2.5, 6], "texture": "#0"},
				"west": {"uv": [0, 6, 1.5, 7], "texture": "#0"},
				"up": {"uv": [5.5, 1.5, 3, 0], "texture": "#0"},
				"down": {"uv": [5.5, 1.5, 3, 3], "texture": "#0"}
			}
		},
		{
			"from": [11, 5, 5],
			"to": [13, 5.5, 7],
			"faces": {
				"north": {"uv": [9.5, 3, 10, 3.25], "texture": "#0"},
				"east": {"uv": [3.25, 9.5, 3.75, 9.75], "texture": "#0"},
				"south": {"uv": [9.5, 3.25, 10, 3.5], "texture": "#0"},
				"west": {"uv": [9.5, 3.5, 10, 3.75], "texture": "#0"},
				"up": {"uv": [1.75, 9.5, 1.25, 9], "texture": "#0"},
				"down": {"uv": [2.25, 9, 1.75, 9.5], "texture": "#0"}
			}
		},
		{
			"from": [4, 5, 5],
			"to": [6, 5.5, 7],
			"faces": {
				"north": {"uv": [9.5, 3, 10, 3.25], "texture": "#0"},
				"east": {"uv": [3.25, 9.5, 3.75, 9.75], "texture": "#0"},
				"south": {"uv": [9.5, 3.25, 10, 3.5], "texture": "#0"},
				"west": {"uv": [9.5, 3.5, 10, 3.75], "texture": "#0"},
				"up": {"uv": [1.75, 9.5, 1.25, 9], "texture": "#0"},
				"down": {"uv": [2.25, 9, 1.75, 9.5], "texture": "#0"}
			}
		},
		{
			"from": [5.5, 5, 8],
			"to": [7.5, 5.5, 10],
			"faces": {
				"north": {"uv": [9.5, 3, 10, 3.25], "texture": "#0"},
				"east": {"uv": [3.25, 9.5, 3.75, 9.75], "texture": "#0"},
				"south": {"uv": [9.5, 3.25, 10, 3.5], "texture": "#0"},
				"west": {"uv": [9.5, 3.5, 10, 3.75], "texture": "#0"},
				"up": {"uv": [1.75, 9.5, 1.25, 9], "texture": "#0"},
				"down": {"uv": [2.25, 9, 1.75, 9.5], "texture": "#0"}
			}
		},
		{
			"from": [7.75, 5, 8.5],
			"to": [9.75, 5.5, 10.5],
			"faces": {
				"north": {"uv": [9.5, 3, 10, 3.25], "texture": "#0"},
				"east": {"uv": [3.25, 9.5, 3.75, 9.75], "texture": "#0"},
				"south": {"uv": [9.5, 3.25, 10, 3.5], "texture": "#0"},
				"west": {"uv": [9.5, 3.5, 10, 3.75], "texture": "#0"},
				"up": {"uv": [1.75, 9.5, 1.25, 9], "texture": "#0"},
				"down": {"uv": [2.25, 9, 1.75, 9.5], "texture": "#0"}
			}
		},
		{
			"from": [10.25, 5, 7.5],
			"to": [12.25, 5.5, 9.5],
			"faces": {
				"north": {"uv": [9.5, 3, 10, 3.25], "texture": "#0"},
				"east": {"uv": [3.25, 9.5, 3.75, 9.75], "texture": "#0"},
				"south": {"uv": [9.5, 3.25, 10, 3.5], "texture": "#0"},
				"west": {"uv": [9.5, 3.5, 10, 3.75], "texture": "#0"},
				"up": {"uv": [1.75, 9.5, 1.25, 9], "texture": "#0"},
				"down": {"uv": [2.25, 9, 1.75, 9.5], "texture": "#0"}
			}
		},
		{
			"from": [8.75, 5, 5.5],
			"to": [10.75, 5.5, 7.5],
			"faces": {
				"north": {"uv": [9.5, 3, 10, 3.25], "texture": "#0"},
				"east": {"uv": [3.25, 9.5, 3.75, 9.75], "texture": "#0"},
				"south": {"uv": [9.5, 3.25, 10, 3.5], "texture": "#0"},
				"west": {"uv": [9.5, 3.5, 10, 3.75], "texture": "#0"},
				"up": {"uv": [1.75, 9.5, 1.25, 9], "texture": "#0"},
				"down": {"uv": [2.25, 9, 1.75, 9.5], "texture": "#0"}
			}
		},
		{
			"from": [6.75, 5.5, 9.5],
			"to": [8.75, 6, 11.5],
			"rotation": {"angle": 22.5, "axis": "y", "origin": [0, 0, 0]},
			"faces": {
				"north": {"uv": [9.5, 3, 10, 3.25], "texture": "#0"},
				"east": {"uv": [3.25, 9.5, 3.75, 9.75], "texture": "#0"},
				"south": {"uv": [9.5, 3.25, 10, 3.5], "texture": "#0"},
				"west": {"uv": [9.5, 3.5, 10, 3.75], "texture": "#0"},
				"up": {"uv": [1.75, 9.5, 1.25, 9], "texture": "#0"},
				"down": {"uv": [2.25, 9, 1.75, 9.5], "texture": "#0"}
			}
		},
		{
			"from": [1, 6, 11.75],
			"to": [3, 6.5, 13.75],
			"rotation": {"angle": 45, "axis": "y", "origin": [0, 0, 0]},
			"faces": {
				"north": {"uv": [9.5, 3, 10, 3.25], "texture": "#0"},
				"east": {"uv": [3.25, 9.5, 3.75, 9.75], "texture": "#0"},
				"south": {"uv": [9.5, 3.25, 10, 3.5], "texture": "#0"},
				"west": {"uv": [9.5, 3.5, 10, 3.75], "texture": "#0"},
				"up": {"uv": [1.75, 9.5, 1.25, 9], "texture": "#0"},
				"down": {"uv": [2.25, 9, 1.75, 9.5], "texture": "#0"}
			}
		},
		{
			"from": [-2.5, 6, 8],
			"to": [-0.5, 6.5, 10],
			"rotation": {"angle": 45, "axis": "y", "origin": [0, 0, 0]},
			"faces": {
				"north": {"uv": [9.5, 3, 10, 3.25], "texture": "#0"},
				"east": {"uv": [3.25, 9.5, 3.75, 9.75], "texture": "#0"},
				"south": {"uv": [9.5, 3.25, 10, 3.5], "texture": "#0"},
				"west": {"uv": [9.5, 3.5, 10, 3.75], "texture": "#0"},
				"up": {"uv": [1.75, 9.5, 1.25, 9], "texture": "#0"},
				"down": {"uv": [2.25, 9, 1.75, 9.5], "texture": "#0"}
			}
		},
		{
			"from": [4.25, 5.5, 10],
			"to": [6.25, 6, 12],
			"rotation": {"angle": 22.5, "axis": "y", "origin": [0, 0, 0]},
			"faces": {
				"north": {"uv": [9.5, 3, 10, 3.25], "texture": "#0"},
				"east": {"uv": [3.25, 9.5, 3.75, 9.75], "texture": "#0"},
				"south": {"uv": [9.5, 3.25, 10, 3.5], "texture": "#0"},
				"west": {"uv": [9.5, 3.5, 10, 3.75], "texture": "#0"},
				"up": {"uv": [1.75, 9.5, 1.25, 9], "texture": "#0"},
				"down": {"uv": [2.25, 9, 1.75, 9.5], "texture": "#0"}
			}
		},
		{
			"from": [2.5, 5.5, 7.5],
			"to": [4.5, 6, 9.5],
			"rotation": {"angle": 22.5, "axis": "y", "origin": [0, 0, 0]},
			"faces": {
				"north": {"uv": [9.5, 3, 10, 3.25], "texture": "#0"},
				"east": {"uv": [3.25, 9.5, 3.75, 9.75], "texture": "#0"},
				"south": {"uv": [9.5, 3.25, 10, 3.5], "texture": "#0"},
				"west": {"uv": [9.5, 3.5, 10, 3.75], "texture": "#0"},
				"up": {"uv": [1.75, 9.5, 1.25, 9], "texture": "#0"},
				"down": {"uv": [2.25, 9, 1.75, 9.5], "texture": "#0"}
			}
		},
		{
			"from": [1.75, 5.5, 9.75],
			"to": [3.75, 6, 11.75],
			"rotation": {"angle": 22.5, "axis": "y", "origin": [0, 0, 0]},
			"faces": {
				"north": {"uv": [9.5, 3, 10, 3.25], "texture": "#0"},
				"east": {"uv": [3.25, 9.5, 3.75, 9.75], "texture": "#0"},
				"south": {"uv": [9.5, 3.25, 10, 3.5], "texture": "#0"},
				"west": {"uv": [9.5, 3.5, 10, 3.75], "texture": "#0"},
				"up": {"uv": [1.75, 9.5, 1.25, 9], "texture": "#0"},
				"down": {"uv": [2.25, 9, 1.75, 9.5], "texture": "#0"}
			}
		},
		{
			"from": [0.25, 5.5, 7.25],
			"to": [2.25, 6, 9.25],
			"rotation": {"angle": 22.5, "axis": "y", "origin": [0, 0, 0]},
			"faces": {
				"north": {"uv": [9.5, 3, 10, 3.25], "texture": "#0"},
				"east": {"uv": [3.25, 9.5, 3.75, 9.75], "texture": "#0"},
				"south": {"uv": [9.5, 3.25, 10, 3.5], "texture": "#0"},
				"west": {"uv": [9.5, 3.5, 10, 3.75], "texture": "#0"},
				"up": {"uv": [1.75, 9.5, 1.25, 9], "texture": "#0"},
				"down": {"uv": [2.25, 9, 1.75, 9.5], "texture": "#0"}
			}
		},
		{
			"from": [6.5, 5, 6],
			"to": [8.5, 5.5, 8],
			"faces": {
				"north": {"uv": [9.5, 3, 10, 3.25], "texture": "#0"},
				"east": {"uv": [3.25, 9.5, 3.75, 9.75], "texture": "#0"},
				"south": {"uv": [9.5, 3.25, 10, 3.5], "texture": "#0"},
				"west": {"uv": [9.5, 3.5, 10, 3.75], "texture": "#0"},
				"up": {"uv": [1.75, 9.5, 1.25, 9], "texture": "#0"},
				"down": {"uv": [2.25, 9, 1.75, 9.5], "texture": "#0"}
			}
		},
		{
			"from": [7, 6, 6.5],
			"to": [9, 6.5, 8.5],
			"faces": {
				"north": {"uv": [9.5, 3, 10, 3.25], "texture": "#0"},
				"east": {"uv": [3.25, 9.5, 3.75, 9.75], "texture": "#0"},
				"south": {"uv": [9.5, 3.25, 10, 3.5], "texture": "#0"},
				"west": {"uv": [9.5, 3.5, 10, 3.75], "texture": "#0"},
				"up": {"uv": [1.75, 9.5, 1.25, 9], "texture": "#0"},
				"down": {"uv": [2.25, 9, 1.75, 9.5], "texture": "#0"}
			}
		},
		{
			"from": [3.25, 5, 7.5],
			"to": [5.25, 5.5, 9.5],
			"faces": {
				"north": {"uv": [9.5, 3, 10, 3.25], "texture": "#0"},
				"east": {"uv": [3.25, 9.5, 3.75, 9.75], "texture": "#0"},
				"south": {"uv": [9.5, 3.25, 10, 3.5], "texture": "#0"},
				"west": {"uv": [9.5, 3.5, 10, 3.75], "texture": "#0"},
				"up": {"uv": [1.75, 9.5, 1.25, 9], "texture": "#0"},
				"down": {"uv": [2.25, 9, 1.75, 9.5], "texture": "#0"}
			}
		},
		{
			"from": [3, 1, 4.5],
			"to": [13, 5, 5],
			"faces": {
				"north": {"uv": [2.5, 5, 5, 6], "texture": "#0"},
				"east": {"uv": [9, 8.25, 9.25, 9.25], "texture": "#0"},
				"south": {"uv": [5, 4, 7.5, 5], "texture": "#0"},
				"west": {"uv": [9.25, 8.25, 9.5, 9.25], "texture": "#0"},
				"up": {"uv": [9.5, 3.75, 7, 3.5], "texture": "#0"},
				"down": {"uv": [9.5, 3.75, 7, 4], "texture": "#0"}
			}
		},
		{
			"from": [13, 1, 4],
			"to": [14, 5, 12],
			"faces": {
				"north": {"uv": [9, 9.25, 9.25, 10.25], "texture": "#0"},
				"east": {"uv": [5.5, 1, 7.5, 2], "texture": "#0"},
				"south": {"uv": [9.25, 9.25, 9.5, 10.25], "texture": "#0"},
				"west": {"uv": [5.5, 2, 7.5, 3], "texture": "#0"},
				"up": {"uv": [0.75, 10.5, 0.5, 8.5], "texture": "#0"},
				"down": {"uv": [1, 8.5, 0.75, 10.5], "texture": "#0"}
			}
		},
		{
			"from": [10, 1, 4],
			"to": [11, 5, 4.5],
			"faces": {
				"north": {"uv": [1.25, 9.5, 1.5, 10.5], "texture": "#0"},
				"east": {"uv": [1.5, 9.5, 1.75, 10.5], "texture": "#0"},
				"south": {"uv": [1.75, 9.5, 2, 10.5], "texture": "#0"},
				"west": {"uv": [2, 9.5, 2.25, 10.5], "texture": "#0"},
				"up": {"uv": [11, 1.5, 10.75, 1.25], "texture": "#0"},
				"down": {"uv": [2.5, 10.75, 2.25, 11], "texture": "#0"}
			}
		},
		{
			"from": [7.25, 4.5, 4.25],
			"to": [8.75, 5, 4.5],
			"faces": {
				"north": {"uv": [9.5, 3.75, 10, 4], "texture": "#0"},
				"east": {"uv": [10.75, 2.5, 11, 2.75], "texture": "#0"},
				"south": {"uv": [9.5, 5, 10, 5.25], "texture": "#0"},
				"west": {"uv": [2.75, 10.75, 3, 11], "texture": "#0"},
				"up": {"uv": [10, 5.5, 9.5, 5.25], "texture": "#0"},
				"down": {"uv": [10, 5.5, 9.5, 5.75], "texture": "#0"}
			}
		},
		{
			"from": [7.5, 4, 4.25],
			"to": [8.5, 4.5, 4.5],
			"faces": {
				"north": {"uv": [10.75, 2.75, 11, 3], "texture": "#0"},
				"east": {"uv": [3, 10.75, 3.25, 11], "texture": "#0"},
				"south": {"uv": [3.25, 10.75, 3.5, 11], "texture": "#0"},
				"west": {"uv": [10.75, 3.25, 11, 3.5], "texture": "#0"},
				"up": {"uv": [3.75, 11, 3.5, 10.75], "texture": "#0"},
				"down": {"uv": [11, 3.5, 10.75, 3.75], "texture": "#0"}
			}
		},
		{
			"from": [5, 1, 4],
			"to": [6, 5, 4.5],
			"faces": {
				"north": {"uv": [2.25, 9.5, 2.5, 10.5], "texture": "#0"},
				"east": {"uv": [2.5, 9.5, 2.75, 10.5], "texture": "#0"},
				"south": {"uv": [2.75, 9.5, 3, 10.5], "texture": "#0"},
				"west": {"uv": [3, 9.5, 3.25, 10.5], "texture": "#0"},
				"up": {"uv": [11, 4, 10.75, 3.75], "texture": "#0"},
				"down": {"uv": [4.25, 10.75, 4, 11], "texture": "#0"}
			}
		},
		{
			"name": "hexadecagon",
			"from": [2, 6.47017, 4.60896],
			"to": [3, 8.06147, 5.60896],
			"rotation": {"angle": 22.5, "axis": "x", "origin": [2.5, 7.26582, 8.60896]},
			"faces": {
				"north": {"uv": [5.75, 9.5, 6, 10], "texture": "#0"},
				"east": {"uv": [9.5, 5.75, 9.75, 6.25], "texture": "#0"},
				"south": {"uv": [6, 9.5, 6.25, 10], "texture": "#0"},
				"west": {"uv": [6.25, 9.5, 6.5, 10], "texture": "#0"},
				"up": {"uv": [11, 4.25, 10.75, 4], "texture": "#0"},
				"down": {"uv": [4.5, 10.75, 4.25, 11], "texture": "#0"}
			}
		},
		{
			"name": "hexadecagon",
			"from": [12.99, 6.47017, 5.60896],
			"to": [13.99, 7.47017, 11.60896],
			"rotation": {"angle": 22.5, "axis": "x", "origin": [2.5, 7.26582, 8.60896]},
			"faces": {
				"north": {"uv": [10.75, 4.25, 11, 4.5], "texture": "#0"},
				"east": {"uv": [1, 8.5, 2.5, 8.75], "texture": "#0"},
				"south": {"uv": [4.5, 10.75, 4.75, 11], "texture": "#0"},
				"west": {"uv": [2.5, 8.5, 4, 8.75], "texture": "#0"},
				"up": {"uv": [4.25, 10, 4, 8.5], "texture": "#0"},
				"down": {"uv": [4.5, 8.5, 4.25, 10], "texture": "#0"}
			}
		},
		{
			"name": "hexadecagon",
			"from": [12.99, 7.47017, 5.60896],
			"to": [13.99, 9.47017, 11.60896],
			"rotation": {"angle": 22.5, "axis": "x", "origin": [2.5, 7.26582, 8.60896]},
			"faces": {
				"north": {"uv": [6.5, 9.5, 6.75, 10], "texture": "#0"},
				"east": {"uv": [6.5, 6.5, 8, 7], "texture": "#0"},
				"south": {"uv": [6.75, 9.5, 7, 10], "texture": "#0"},
				"west": {"uv": [0, 7, 1.5, 7.5], "texture": "#0"},
				"up": {"uv": [4.75, 10, 4.5, 8.5], "texture": "#0"},
				"down": {"uv": [5, 8.5, 4.75, 10], "texture": "#0"}
			}
		},
		{
			"name": "hexadecagon",
			"from": [2.01, 7.47017, 5.60896],
			"to": [3.01, 9.47017, 11.60896],
			"rotation": {"angle": 22.5, "axis": "x", "origin": [2.5, 7.26582, 8.60896]},
			"faces": {
				"north": {"uv": [7, 9.5, 7.25, 10], "texture": "#0"},
				"east": {"uv": [1.5, 7, 3, 7.5], "texture": "#0"},
				"south": {"uv": [9.5, 7, 9.75, 7.5], "texture": "#0"},
				"west": {"uv": [3, 7, 4.5, 7.5], "texture": "#0"},
				"up": {"uv": [5.25, 10, 5, 8.5], "texture": "#0"},
				"down": {"uv": [5.5, 8.5, 5.25, 10], "texture": "#0"}
			}
		},
		{
			"name": "hexadecagon",
			"from": [12.99, 9.47017, 6.35896],
			"to": [13.99, 10.47017, 10.85896],
			"rotation": {"angle": 22.5, "axis": "x", "origin": [2.5, 7.26582, 8.60896]},
			"faces": {
				"north": {"uv": [10.75, 4.5, 11, 4.75], "texture": "#0"},
				"east": {"uv": [1.25, 8.75, 2.5, 9], "texture": "#0"},
				"south": {"uv": [4.75, 10.75, 5, 11], "texture": "#0"},
				"west": {"uv": [2.5, 8.75, 3.75, 9], "texture": "#0"},
				"up": {"uv": [4, 10, 3.75, 8.75], "texture": "#0"},
				"down": {"uv": [5.75, 8.75, 5.5, 10], "texture": "#0"}
			}
		},
		{
			"name": "hexadecagon",
			"from": [2.01, 9.47017, 6.35896],
			"to": [3.01, 10.47017, 10.85896],
			"rotation": {"angle": 22.5, "axis": "x", "origin": [2.5, 7.26582, 8.60896]},
			"faces": {
				"north": {"uv": [10.75, 4.75, 11, 5], "texture": "#0"},
				"east": {"uv": [5.75, 8.75, 7, 9], "texture": "#0"},
				"south": {"uv": [5, 10.75, 5.25, 11], "texture": "#0"},
				"west": {"uv": [7, 8.75, 8.25, 9], "texture": "#0"},
				"up": {"uv": [8.5, 10, 8.25, 8.75], "texture": "#0"},
				"down": {"uv": [9, 8.5, 8.75, 9.75], "texture": "#0"}
			}
		},
		{
			"name": "hexadecagon",
			"from": [2.01, 6.47017, 5.60896],
			"to": [3.01, 7.47017, 11.60896],
			"rotation": {"angle": 22.5, "axis": "x", "origin": [2.5, 7.26582, 8.60896]},
			"faces": {
				"north": {"uv": [10.75, 5, 11, 5.25], "texture": "#0"},
				"east": {"uv": [5.5, 8.5, 7, 8.75], "texture": "#0"},
				"south": {"uv": [5.25, 10.75, 5.5, 11], "texture": "#0"},
				"west": {"uv": [7, 8.5, 8.5, 8.75], "texture": "#0"},
				"up": {"uv": [8.75, 10, 8.5, 8.5], "texture": "#0"},
				"down": {"uv": [1.25, 8.75, 1, 10.25], "texture": "#0"}
			}
		},
		{
			"name": "hexadecagon",
			"from": [2, 6.47017, 4.60896],
			"to": [3, 8.06147, 5.60896],
			"rotation": {"angle": 45, "axis": "x", "origin": [2.5, 7.26582, 8.60896]},
			"faces": {
				"north": {"uv": [9.5, 8.25, 9.75, 8.75], "texture": "#0"},
				"east": {"uv": [9.5, 8.75, 9.75, 9.25], "texture": "#0"},
				"south": {"uv": [9.5, 9.25, 9.75, 9.75], "texture": "#0"},
				"west": {"uv": [3.25, 9.75, 3.5, 10.25], "texture": "#0"},
				"up": {"uv": [11, 5.75, 10.75, 5.5], "texture": "#0"},
				"down": {"uv": [11, 5.75, 10.75, 6], "texture": "#0"}
			}
		},
		{
			"name": "hexadecagon",
			"from": [2, 6.47017, 11.60896],
			"to": [3, 8.06147, 12.60896],
			"rotation": {"angle": -45, "axis": "x", "origin": [2.5, 7.26582, 8.60896]},
			"faces": {
				"north": {"uv": [3.5, 9.75, 3.75, 10.25], "texture": "#0"},
				"east": {"uv": [9.75, 5.75, 10, 6.25], "texture": "#0"},
				"south": {"uv": [9.75, 7, 10, 7.5], "texture": "#0"},
				"west": {"uv": [9.75, 8.25, 10, 8.75], "texture": "#0"},
				"up": {"uv": [11, 6.25, 10.75, 6], "texture": "#0"},
				"down": {"uv": [11, 6.25, 10.75, 6.5], "texture": "#0"}
			}
		},
		{
			"name": "hexadecagon",
			"from": [2, 6.47017, 11.60896],
			"to": [3, 8.06147, 12.60896],
			"rotation": {"angle": -22.5, "axis": "x", "origin": [2.5, 7.26582, 8.60896]},
			"faces": {
				"north": {"uv": [8.75, 9.75, 9, 10.25], "texture": "#0"},
				"east": {"uv": [9.75, 8.75, 10, 9.25], "texture": "#0"},
				"south": {"uv": [9.75, 9.25, 10, 9.75], "texture": "#0"},
				"west": {"uv": [9.5, 9.75, 9.75, 10.25], "texture": "#0"},
				"up": {"uv": [11, 6.75, 10.75, 6.5], "texture": "#0"},
				"down": {"uv": [7, 10.75, 6.75, 11], "texture": "#0"}
			}
		},
		{
			"name": "hexadecagon",
			"from": [2, 6.47017, 11.60896],
			"to": [3, 8.06147, 12.60896],
			"rotation": {"angle": 0, "axis": "x", "origin": [2.5, 7.26582, 8.60896]},
			"faces": {
				"north": {"uv": [9.75, 9.75, 10, 10.25], "texture": "#0"},
				"east": {"uv": [10, 0, 10.25, 0.5], "texture": "#0"},
				"south": {"uv": [10, 0.5, 10.25, 1], "texture": "#0"},
				"west": {"uv": [10, 1, 10.25, 1.5], "texture": "#0"},
				"up": {"uv": [11, 7, 10.75, 6.75], "texture": "#0"},
				"down": {"uv": [7.25, 10.75, 7, 11], "texture": "#0"}
			}
		},
		{
			"name": "hexadecagon",
			"from": [2, 6.47017, 11.60896],
			"to": [3, 8.06147, 12.60896],
			"rotation": {"angle": 22.5, "axis": "x", "origin": [2.5, 7.26582, 8.60896]},
			"faces": {
				"north": {"uv": [10, 1.5, 10.25, 2], "texture": "#0"},
				"east": {"uv": [10, 2, 10.25, 2.5], "texture": "#0"},
				"south": {"uv": [10, 2.5, 10.25, 3], "texture": "#0"},
				"west": {"uv": [10, 3, 10.25, 3.5], "texture": "#0"},
				"up": {"uv": [11, 7.25, 10.75, 7], "texture": "#0"},
				"down": {"uv": [11, 7.25, 10.75, 7.5], "texture": "#0"}
			}
		},
		{
			"name": "hexadecagon",
			"from": [3, 5.47017, 11.60896],
			"to": [13, 7.47017, 12.60896],
			"rotation": {"angle": 22.5, "axis": "x", "origin": [2.5, 7.26582, 8.60896]},
			"faces": {
				"north": {"uv": [1.5, 6, 4, 6.5], "texture": "#0"},
				"east": {"uv": [10, 3.5, 10.25, 4], "texture": "#0"},
				"south": {"uv": [4, 6, 6.5, 6.5], "texture": "#0"},
				"west": {"uv": [3.75, 10, 4, 10.5], "texture": "#0"},
				"up": {"uv": [7, 7.25, 4.5, 7], "texture": "#0"},
				"down": {"uv": [9.5, 5, 7, 5.25], "texture": "#0"}
			}
		},
		{
			"name": "hexadecagon",
			"from": [9.5, 6.47017, 12.60896],
			"to": [11.5, 7.47017, 13.10896],
			"rotation": {"angle": 22.5, "axis": "x", "origin": [2.5, 7.26582, 8.60896]},
			"faces": {
				"north": {"uv": [9.5, 6.25, 10, 6.5], "texture": "#0"},
				"east": {"uv": [10.75, 7.5, 11, 7.75], "texture": "#0"},
				"south": {"uv": [4, 10, 4.5, 10.25], "texture": "#0"},
				"west": {"uv": [10.75, 7.75, 11, 8], "texture": "#0"},
				"up": {"uv": [10.5, 4.25, 10, 4], "texture": "#0"},
				"down": {"uv": [10.5, 4.25, 10, 4.5], "texture": "#0"}
			}
		},
		{
			"name": "hexadecagon",
			"from": [4.5, 6.47017, 12.60896],
			"to": [6.5, 7.47017, 13.10896],
			"rotation": {"angle": 22.5, "axis": "x", "origin": [2.5, 7.26582, 8.60896]},
			"faces": {
				"north": {"uv": [4.5, 10, 5, 10.25], "texture": "#0"},
				"east": {"uv": [10.75, 8, 11, 8.25], "texture": "#0"},
				"south": {"uv": [10, 4.5, 10.5, 4.75], "texture": "#0"},
				"west": {"uv": [10.75, 8.25, 11, 8.5], "texture": "#0"},
				"up": {"uv": [10.5, 5, 10, 4.75], "texture": "#0"},
				"down": {"uv": [5.5, 10, 5, 10.25], "texture": "#0"}
			}
		},
		{
			"name": "hexadecagon",
			"from": [2, 10.26582, 7.81331],
			"to": [3, 11.26582, 9.40461],
			"rotation": {"angle": -22.5, "axis": "x", "origin": [2.5, 7.26582, 8.60896]},
			"faces": {
				"north": {"uv": [10.75, 8.5, 11, 8.75], "texture": "#0"},
				"east": {"uv": [10, 5, 10.5, 5.25], "texture": "#0"},
				"south": {"uv": [8.75, 10.75, 9, 11], "texture": "#0"},
				"west": {"uv": [10, 5.25, 10.5, 5.5], "texture": "#0"},
				"up": {"uv": [5.75, 10.5, 5.5, 10], "texture": "#0"},
				"down": {"uv": [10.25, 5.5, 10, 6], "texture": "#0"}
			}
		},
		{
			"name": "hexadecagon",
			"from": [2, 10.26582, 7.81331],
			"to": [3, 11.26582, 9.40461],
			"rotation": {"angle": 0, "axis": "x", "origin": [2.5, 7.26582, 8.60896]},
			"faces": {
				"north": {"uv": [10.75, 8.75, 11, 9], "texture": "#0"},
				"east": {"uv": [5.75, 10, 6.25, 10.25], "texture": "#0"},
				"south": {"uv": [9, 10.75, 9.25, 11], "texture": "#0"},
				"west": {"uv": [10, 6, 10.5, 6.25], "texture": "#0"},
				"up": {"uv": [6.5, 10.5, 6.25, 10], "texture": "#0"},
				"down": {"uv": [6.75, 10, 6.5, 10.5], "texture": "#0"}
			}
		},
		{
			"name": "hexadecagon",
			"from": [2, 10.26582, 7.81331],
			"to": [3, 11.26582, 9.40461],
			"rotation": {"angle": 22.5, "axis": "x", "origin": [2.5, 7.26582, 8.60896]},
			"faces": {
				"north": {"uv": [10.75, 9, 11, 9.25], "texture": "#0"},
				"east": {"uv": [10, 6.25, 10.5, 6.5], "texture": "#0"},
				"south": {"uv": [9.25, 10.75, 9.5, 11], "texture": "#0"},
				"west": {"uv": [6.75, 10, 7.25, 10.25], "texture": "#0"},
				"up": {"uv": [10.25, 7.5, 10, 7], "texture": "#0"},
				"down": {"uv": [7.5, 10, 7.25, 10.5], "texture": "#0"}
			}
		},
		{
			"name": "hexadecagon",
			"from": [13, 6.47017, 4.60896],
			"to": [14, 8.06147, 5.60896],
			"rotation": {"angle": 22.5, "axis": "x", "origin": [13.5, 7.26582, 8.60896]},
			"faces": {
				"north": {"uv": [7.5, 10, 7.75, 10.5], "texture": "#0"},
				"east": {"uv": [10, 7.5, 10.25, 8], "texture": "#0"},
				"south": {"uv": [7.75, 10, 8, 10.5], "texture": "#0"},
				"west": {"uv": [8, 10, 8.25, 10.5], "texture": "#0"},
				"up": {"uv": [11, 9.5, 10.75, 9.25], "texture": "#0"},
				"down": {"uv": [9.75, 10.75, 9.5, 11], "texture": "#0"}
			}
		},
		{
			"name": "hexadecagon",
			"from": [3, 6.47017, 4.60896],
			"to": [13, 7.47017, 6.10896],
			"rotation": {"angle": 22.5, "axis": "x", "origin": [13.5, 7.26582, 8.60896]},
			"faces": {
				"north": {"uv": [7, 5.25, 9.5, 5.5], "texture": "#0"},
				"east": {"uv": [10, 8, 10.5, 8.25], "texture": "#0"},
				"south": {"uv": [7, 5.5, 9.5, 5.75], "texture": "#0"},
				"west": {"uv": [8.25, 10, 8.75, 10.25], "texture": "#0"},
				"up": {"uv": [4, 7, 1.5, 6.5], "texture": "#0"},
				"down": {"uv": [6.5, 6.5, 4, 7], "texture": "#0"}
			}
		},
		{
			"name": "hexadecagon",
			"from": [13, 6.47017, 4.60896],
			"to": [14, 8.06147, 5.60896],
			"rotation": {"angle": 45, "axis": "x", "origin": [13.5, 7.26582, 8.60896]},
			"faces": {
				"north": {"uv": [10, 8.25, 10.25, 8.75], "texture": "#0"},
				"east": {"uv": [10, 8.75, 10.25, 9.25], "texture": "#0"},
				"south": {"uv": [10, 9.25, 10.25, 9.75], "texture": "#0"},
				"west": {"uv": [10, 9.75, 10.25, 10.25], "texture": "#0"},
				"up": {"uv": [10, 11, 9.75, 10.75], "texture": "#0"},
				"down": {"uv": [11, 9.75, 10.75, 10], "texture": "#0"}
			}
		},
		{
			"name": "hexadecagon",
			"from": [13, 6.47017, 11.60896],
			"to": [14, 8.06147, 12.60896],
			"rotation": {"angle": -45, "axis": "x", "origin": [13.5, 7.26582, 8.60896]},
			"faces": {
				"north": {"uv": [10.25, 0, 10.5, 0.5], "texture": "#0"},
				"east": {"uv": [10.25, 0.5, 10.5, 1], "texture": "#0"},
				"south": {"uv": [1, 10.25, 1.25, 10.75], "texture": "#0"},
				"west": {"uv": [10.25, 1, 10.5, 1.5], "texture": "#0"},
				"up": {"uv": [10.25, 11, 10, 10.75], "texture": "#0"},
				"down": {"uv": [11, 10, 10.75, 10.25], "texture": "#0"}
			}
		},
		{
			"name": "hexadecagon",
			"from": [13, 6.47017, 11.60896],
			"to": [14, 8.06147, 12.60896],
			"rotation": {"angle": -22.5, "axis": "x", "origin": [13.5, 7.26582, 8.60896]},
			"faces": {
				"north": {"uv": [10.25, 1.5, 10.5, 2], "texture": "#0"},
				"east": {"uv": [10.25, 2, 10.5, 2.5], "texture": "#0"},
				"south": {"uv": [10.25, 2.5, 10.5, 3], "texture": "#0"},
				"west": {"uv": [10.25, 3, 10.5, 3.5], "texture": "#0"},
				"up": {"uv": [10.5, 11, 10.25, 10.75], "texture": "#0"},
				"down": {"uv": [11, 10.25, 10.75, 10.5], "texture": "#0"}
			}
		},
		{
			"name": "hexadecagon",
			"from": [13, 6.47017, 11.60896],
			"to": [14, 8.06147, 12.60896],
			"rotation": {"angle": 0, "axis": "x", "origin": [13.5, 7.26582, 8.60896]},
			"faces": {
				"north": {"uv": [3.25, 10.25, 3.5, 10.75], "texture": "#0"},
				"east": {"uv": [3.5, 10.25, 3.75, 10.75], "texture": "#0"},
				"south": {"uv": [10.25, 3.5, 10.5, 4], "texture": "#0"},
				"west": {"uv": [4, 10.25, 4.25, 10.75], "texture": "#0"},
				"up": {"uv": [10.75, 11, 10.5, 10.75], "texture": "#0"},
				"down": {"uv": [11, 10.5, 10.75, 10.75], "texture": "#0"}
			}
		},
		{
			"name": "hexadecagon",
			"from": [13, 5.97017, 11.60896],
			"to": [14, 8.06147, 12.60896],
			"rotation": {"angle": 22.5, "axis": "x", "origin": [13.5, 7.26582, 8.60896]},
			"faces": {
				"north": {"uv": [4.25, 10.25, 4.5, 10.75], "texture": "#0"},
				"east": {"uv": [4.5, 10.25, 4.75, 10.75], "texture": "#0"},
				"south": {"uv": [4.75, 10.25, 5, 10.75], "texture": "#0"},
				"west": {"uv": [5, 10.25, 5.25, 10.75], "texture": "#0"},
				"up": {"uv": [11, 11, 10.75, 10.75], "texture": "#0"},
				"down": {"uv": [0.25, 11, 0, 11.25], "texture": "#0"}
			}
		},
		{
			"name": "hexadecagon",
			"from": [13, 10.26582, 7.81331],
			"to": [14, 11.26582, 9.40461],
			"rotation": {"angle": -22.5, "axis": "x", "origin": [13.5, 7.26582, 8.60896]},
			"faces": {
				"north": {"uv": [0.25, 11, 0.5, 11.25], "texture": "#0"},
				"east": {"uv": [10.25, 5.5, 10.75, 5.75], "texture": "#0"},
				"south": {"uv": [0.5, 11, 0.75, 11.25], "texture": "#0"},
				"west": {"uv": [5.75, 10.25, 6.25, 10.5], "texture": "#0"},
				"up": {"uv": [5.5, 10.75, 5.25, 10.25], "texture": "#0"},
				"down": {"uv": [7, 10.25, 6.75, 10.75], "texture": "#0"}
			}
		},
		{
			"name": "hexadecagon",
			"from": [13, 10.26582, 7.81331],
			"to": [14, 11.26582, 9.40461],
			"rotation": {"angle": 0, "axis": "x", "origin": [13.5, 7.26582, 8.60896]},
			"faces": {
				"north": {"uv": [11, 0.5, 11.25, 0.75], "texture": "#0"},
				"east": {"uv": [10.25, 5.75, 10.75, 6], "texture": "#0"},
				"south": {"uv": [0.75, 11, 1, 11.25], "texture": "#0"},
				"west": {"uv": [10.25, 7, 10.75, 7.25], "texture": "#0"},
				"up": {"uv": [7.25, 10.75, 7, 10.25], "texture": "#0"},
				"down": {"uv": [10.5, 7.25, 10.25, 7.75], "texture": "#0"}
			}
		},
		{
			"name": "hexadecagon",
			"from": [13, 10.26582, 7.81331],
			"to": [14, 11.26582, 9.40461],
			"rotation": {"angle": 22.5, "axis": "x", "origin": [13.5, 7.26582, 8.60896]},
			"faces": {
				"north": {"uv": [11, 0.75, 11.25, 1], "texture": "#0"},
				"east": {"uv": [10.25, 7.75, 10.75, 8], "texture": "#0"},
				"south": {"uv": [1.25, 11, 1.5, 11.25], "texture": "#0"},
				"west": {"uv": [8.25, 10.25, 8.75, 10.5], "texture": "#0"},
				"up": {"uv": [10.5, 8.75, 10.25, 8.25], "texture": "#0"},
				"down": {"uv": [9, 10.25, 8.75, 10.75], "texture": "#0"}
			}
		},
		{
			"name": "hexadecagon",
			"from": [3, 7.37828, 5.0709],
			"to": [13, 7.87013, 6.0709],
			"rotation": {"angle": 22.5, "axis": "x", "origin": [3.5, 7.1242, 8.8209]},
			"faces": {
				"north": {"uv": [7, 5.75, 9.5, 6], "texture": "#0"},
				"east": {"uv": [11, 1.25, 11.25, 1.5], "texture": "#0"},
				"south": {"uv": [7, 7, 9.5, 7.25], "texture": "#0"},
				"west": {"uv": [1.5, 11, 1.75, 11.25], "texture": "#0"},
				"up": {"uv": [7, 7.5, 4.5, 7.25], "texture": "#0"},
				"down": {"uv": [9.5, 7.25, 7, 7.5], "texture": "#0"}
			}
		},
		{
			"name": "hexadecagon",
			"from": [3, 6.37828, 5.0709],
			"to": [13, 7.87013, 6.0709],
			"rotation": {"angle": 45, "axis": "x", "origin": [3.5, 7.1242, 8.8209]},
			"faces": {
				"north": {"uv": [0, 7.5, 2.5, 7.75], "texture": "#0"},
				"east": {"uv": [11, 1.5, 11.25, 1.75], "texture": "#0"},
				"south": {"uv": [7.5, 0, 10, 0.25], "texture": "#0"},
				"west": {"uv": [1.75, 11, 2, 11.25], "texture": "#0"},
				"up": {"uv": [10, 0.5, 7.5, 0.25], "texture": "#0"},
				"down": {"uv": [10, 0.5, 7.5, 0.75], "texture": "#0"}
			}
		},
		{
			"name": "hexadecagon",
			"from": [3, 6.37828, 11.5709],
			"to": [13, 7.87013, 12.5709],
			"rotation": {"angle": -45, "axis": "x", "origin": [3.5, 7.1242, 8.8209]},
			"faces": {
				"north": {"uv": [7.5, 0.75, 10, 1], "texture": "#0"},
				"east": {"uv": [11, 1.75, 11.25, 2], "texture": "#0"},
				"south": {"uv": [7.5, 1, 10, 1.25], "texture": "#0"},
				"west": {"uv": [11, 2, 11.25, 2.25], "texture": "#0"},
				"up": {"uv": [10, 1.5, 7.5, 1.25], "texture": "#0"},
				"down": {"uv": [10, 1.5, 7.5, 1.75], "texture": "#0"}
			}
		},
		{
			"name": "hexadecagon",
			"from": [3, 6.37828, 11.5709],
			"to": [13, 7.87013, 12.5709],
			"rotation": {"angle": -22.5, "axis": "x", "origin": [3.5, 7.1242, 8.8209]},
			"faces": {
				"north": {"uv": [7.5, 1.75, 10, 2], "texture": "#0"},
				"east": {"uv": [2.25, 11, 2.5, 11.25], "texture": "#0"},
				"south": {"uv": [7.5, 2, 10, 2.25], "texture": "#0"},
				"west": {"uv": [11, 2.25, 11.25, 2.5], "texture": "#0"},
				"up": {"uv": [10, 2.5, 7.5, 2.25], "texture": "#0"},
				"down": {"uv": [5, 7.5, 2.5, 7.75], "texture": "#0"}
			}
		},
		{
			"name": "hexadecagon",
			"from": [3, 6.37828, 11.5709],
			"to": [13, 7.87013, 12.5709],
			"rotation": {"angle": 0, "axis": "x", "origin": [3.5, 7.1242, 8.8209]},
			"faces": {
				"north": {"uv": [7.5, 2.5, 10, 2.75], "texture": "#0"},
				"east": {"uv": [2.5, 11, 2.75, 11.25], "texture": "#0"},
				"south": {"uv": [7.5, 2.75, 10, 3], "texture": "#0"},
				"west": {"uv": [11, 2.5, 11.25, 2.75], "texture": "#0"},
				"up": {"uv": [10, 4.25, 7.5, 4], "texture": "#0"},
				"down": {"uv": [10, 4.25, 7.5, 4.5], "texture": "#0"}
			}
		},
		{
			"name": "hexadecagon",
			"from": [3, 7.37828, 11.5709],
			"to": [13, 7.87013, 12.5709],
			"rotation": {"angle": 22.5, "axis": "x", "origin": [3.5, 7.1242, 8.8209]},
			"faces": {
				"north": {"uv": [7.5, 4.5, 10, 4.75], "texture": "#0"},
				"east": {"uv": [2.75, 11, 3, 11.25], "texture": "#0"},
				"south": {"uv": [7.5, 4.75, 10, 5], "texture": "#0"},
				"west": {"uv": [11, 2.75, 11.25, 3], "texture": "#0"},
				"up": {"uv": [7.5, 7.75, 5, 7.5], "texture": "#0"},
				"down": {"uv": [10, 7.5, 7.5, 7.75], "texture": "#0"}
			}
		},
		{
			"name": "hexadecagon",
			"from": [3, 9.8742, 8.07498],
			"to": [13, 10.8742, 9.56682],
			"rotation": {"angle": -22.5, "axis": "x", "origin": [3.5, 7.1242, 8.8209]},
			"faces": {
				"north": {"uv": [0, 7.75, 2.5, 8], "texture": "#0"},
				"east": {"uv": [3, 11, 3.25, 11.25], "texture": "#0"},
				"south": {"uv": [2.5, 7.75, 5, 8], "texture": "#0"},
				"west": {"uv": [11, 3, 11.25, 3.25], "texture": "#0"},
				"up": {"uv": [7.5, 8, 5, 7.75], "texture": "#0"},
				"down": {"uv": [10, 7.75, 7.5, 8], "texture": "#0"}
			}
		},
		{
			"name": "hexadecagon",
			"from": [3, 9.8742, 8.07498],
			"to": [13, 10.8742, 9.56682],
			"rotation": {"angle": 0, "axis": "x", "origin": [3.5, 7.1242, 8.8209]},
			"faces": {
				"north": {"uv": [0, 8, 2.5, 8.25], "texture": "#0"},
				"east": {"uv": [3.25, 11, 3.5, 11.25], "texture": "#0"},
				"south": {"uv": [2.5, 8, 5, 8.25], "texture": "#0"},
				"west": {"uv": [11, 3.25, 11.25, 3.5], "texture": "#0"},
				"up": {"uv": [7.5, 8.25, 5, 8], "texture": "#0"},
				"down": {"uv": [10.5, 6.5, 8, 6.75], "texture": "#0"}
			}
		},
		{
			"name": "hexadecagon",
			"from": [3, 9.8742, 8.07498],
			"to": [13, 10.8742, 9.56682],
			"rotation": {"angle": 22.5, "axis": "x", "origin": [3.5, 7.1242, 8.8209]},
			"faces": {
				"north": {"uv": [8, 6.75, 10.5, 7], "texture": "#0"},
				"east": {"uv": [3.5, 11, 3.75, 11.25], "texture": "#0"},
				"south": {"uv": [7.5, 8, 10, 8.25], "texture": "#0"},
				"west": {"uv": [11, 3.5, 11.25, 3.75], "texture": "#0"},
				"up": {"uv": [2.5, 8.5, 0, 8.25], "texture": "#0"},
				"down": {"uv": [5, 8.25, 2.5, 8.5], "texture": "#0"}
			}
		},
		{
			"name": "hexadecagon",
			"from": [5, 7.47017, 4.60896],
			"to": [6, 8.06147, 5.60896],
			"rotation": {"angle": 22.5, "axis": "x", "origin": [5.5, 7.26582, 8.60896]},
			"faces": {
				"north": {"uv": [3.75, 11, 4, 11.25], "texture": "#0"},
				"east": {"uv": [11, 3.75, 11.25, 4], "texture": "#0"},
				"south": {"uv": [4, 11, 4.25, 11.25], "texture": "#0"},
				"west": {"uv": [11, 4, 11.25, 4.25], "texture": "#0"},
				"up": {"uv": [4.5, 11.25, 4.25, 11], "texture": "#0"},
				"down": {"uv": [11.25, 4.25, 11, 4.5], "texture": "#0"}
			}
		},
		{
			"name": "hexadecagon",
			"from": [5, 6.47017, 4.60896],
			"to": [6, 8.06147, 5.60896],
			"rotation": {"angle": 45, "axis": "x", "origin": [5.5, 7.26582, 8.60896]},
			"faces": {
				"north": {"uv": [10.25, 8.75, 10.5, 9.25], "texture": "#0"},
				"east": {"uv": [9, 10.25, 9.25, 10.75], "texture": "#0"},
				"south": {"uv": [9.25, 10.25, 9.5, 10.75], "texture": "#0"},
				"west": {"uv": [10.25, 9.25, 10.5, 9.75], "texture": "#0"},
				"up": {"uv": [4.75, 11.25, 4.5, 11], "texture": "#0"},
				"down": {"uv": [11.25, 4.5, 11, 4.75], "texture": "#0"}
			}
		},
		{
			"name": "hexadecagon",
			"from": [5, 6.47017, 11.60896],
			"to": [6, 8.06147, 12.60896],
			"rotation": {"angle": -45, "axis": "x", "origin": [5.5, 7.26582, 8.60896]},
			"faces": {
				"north": {"uv": [9.5, 10.25, 9.75, 10.75], "texture": "#0"},
				"east": {"uv": [9.75, 10.25, 10, 10.75], "texture": "#0"},
				"south": {"uv": [10.25, 9.75, 10.5, 10.25], "texture": "#0"},
				"west": {"uv": [10, 10.25, 10.25, 10.75], "texture": "#0"},
				"up": {"uv": [5, 11.25, 4.75, 11], "texture": "#0"},
				"down": {"uv": [11.25, 4.75, 11, 5], "texture": "#0"}
			}
		},
		{
			"name": "hexadecagon",
			"from": [5, 6.47017, 11.60896],
			"to": [6, 8.06147, 12.60896],
			"rotation": {"angle": -22.5, "axis": "x", "origin": [5.5, 7.26582, 8.60896]},
			"faces": {
				"north": {"uv": [10.25, 10.25, 10.5, 10.75], "texture": "#0"},
				"east": {"uv": [0, 10.5, 0.25, 11], "texture": "#0"},
				"south": {"uv": [10.5, 0, 10.75, 0.5], "texture": "#0"},
				"west": {"uv": [0.25, 10.5, 0.5, 11], "texture": "#0"},
				"up": {"uv": [5.25, 11.25, 5, 11], "texture": "#0"},
				"down": {"uv": [11.25, 5, 11, 5.25], "texture": "#0"}
			}
		},
		{
			"name": "hexadecagon",
			"from": [5, 6.47017, 11.60896],
			"to": [6, 8.06147, 12.60896],
			"rotation": {"angle": 0, "axis": "x", "origin": [5.5, 7.26582, 8.60896]},
			"faces": {
				"north": {"uv": [0.5, 10.5, 0.75, 11], "texture": "#0"},
				"east": {"uv": [10.5, 0.5, 10.75, 1], "texture": "#0"},
				"south": {"uv": [0.75, 10.5, 1, 11], "texture": "#0"},
				"west": {"uv": [10.5, 1, 10.75, 1.5], "texture": "#0"},
				"up": {"uv": [5.5, 11.25, 5.25, 11], "texture": "#0"},
				"down": {"uv": [11.25, 5.25, 11, 5.5], "texture": "#0"}
			}
		},
		{
			"name": "hexadecagon",
			"from": [5, 7.97017, 11.60896],
			"to": [6, 8.06147, 12.60896],
			"rotation": {"angle": 22.5, "axis": "x", "origin": [5.5, 7.26582, 8.60896]},
			"faces": {
				"north": {"uv": [5.5, 11, 5.75, 11.25], "texture": "#0"},
				"east": {"uv": [11, 5.5, 11.25, 5.75], "texture": "#0"},
				"south": {"uv": [5.75, 11, 6, 11.25], "texture": "#0"},
				"west": {"uv": [11, 5.75, 11.25, 6], "texture": "#0"},
				"up": {"uv": [6.25, 11.25, 6, 11], "texture": "#0"},
				"down": {"uv": [11.25, 6, 11, 6.25], "texture": "#0"}
			}
		},
		{
			"name": "hexadecagon",
			"from": [5, 10.26582, 7.81331],
			"to": [6, 11.26582, 9.40461],
			"rotation": {"angle": -22.5, "axis": "x", "origin": [5.5, 7.26582, 8.60896]},
			"faces": {
				"north": {"uv": [6.25, 11, 6.5, 11.25], "texture": "#0"},
				"east": {"uv": [1.25, 10.5, 1.75, 10.75], "texture": "#0"},
				"south": {"uv": [11, 6.25, 11.25, 6.5], "texture": "#0"},
				"west": {"uv": [10.5, 1.5, 11, 1.75], "texture": "#0"},
				"up": {"uv": [2, 11, 1.75, 10.5], "texture": "#0"},
				"down": {"uv": [10.75, 1.75, 10.5, 2.25], "texture": "#0"}
			}
		},
		{
			"name": "hexadecagon",
			"from": [5, 10.26582, 7.81331],
			"to": [6, 11.26582, 9.40461],
			"rotation": {"angle": 0, "axis": "x", "origin": [5.5, 7.26582, 8.60896]},
			"faces": {
				"north": {"uv": [6.5, 11, 6.75, 11.25], "texture": "#0"},
				"east": {"uv": [2, 10.5, 2.5, 10.75], "texture": "#0"},
				"south": {"uv": [11, 6.5, 11.25, 6.75], "texture": "#0"},
				"west": {"uv": [10.5, 2.25, 11, 2.5], "texture": "#0"},
				"up": {"uv": [2.75, 11, 2.5, 10.5], "texture": "#0"},
				"down": {"uv": [10.75, 2.5, 10.5, 3], "texture": "#0"}
			}
		},
		{
			"name": "hexadecagon",
			"from": [5, 10.26582, 7.81331],
			"to": [6, 11.26582, 9.40461],
			"rotation": {"angle": 22.5, "axis": "x", "origin": [5.5, 7.26582, 8.60896]},
			"faces": {
				"north": {"uv": [6.75, 11, 7, 11.25], "texture": "#0"},
				"east": {"uv": [2.75, 10.5, 3.25, 10.75], "texture": "#0"},
				"south": {"uv": [11, 6.75, 11.25, 7], "texture": "#0"},
				"west": {"uv": [10.5, 3, 11, 3.25], "texture": "#0"},
				"up": {"uv": [10.75, 3.75, 10.5, 3.25], "texture": "#0"},
				"down": {"uv": [4, 10.5, 3.75, 11], "texture": "#0"}
			}
		},
		{
			"name": "hexadecagon",
			"from": [10, 7.47017, 4.60896],
			"to": [11, 8.06147, 5.60896],
			"rotation": {"angle": 22.5, "axis": "x", "origin": [10.5, 7.26582, 8.60896]},
			"faces": {
				"north": {"uv": [7, 11, 7.25, 11.25], "texture": "#0"},
				"east": {"uv": [11, 7, 11.25, 7.25], "texture": "#0"},
				"south": {"uv": [7.25, 11, 7.5, 11.25], "texture": "#0"},
				"west": {"uv": [11, 7.25, 11.25, 7.5], "texture": "#0"},
				"up": {"uv": [7.75, 11.25, 7.5, 11], "texture": "#0"},
				"down": {"uv": [11.25, 7.5, 11, 7.75], "texture": "#0"}
			}
		},
		{
			"name": "hexadecagon",
			"from": [7.5, 6.22017, 4.35896],
			"to": [8.5, 8.06147, 4.60896],
			"rotation": {"angle": 22.5, "axis": "x", "origin": [10.5, 7.26582, 8.60896]},
			"faces": {
				"north": {"uv": [10.5, 3.75, 10.75, 4.25], "texture": "#0"},
				"east": {"uv": [10.5, 4.25, 10.75, 4.75], "texture": "#0"},
				"south": {"uv": [10.5, 4.75, 10.75, 5.25], "texture": "#0"},
				"west": {"uv": [5.5, 10.5, 5.75, 11], "texture": "#0"},
				"up": {"uv": [8, 11.25, 7.75, 11], "texture": "#0"},
				"down": {"uv": [11.25, 7.75, 11, 8], "texture": "#0"}
			}
		},
		{
			"name": "hexadecagon",
			"from": [7.5, 6.99181, 4.51381],
			"to": [8.5, 7.58311, 5.01381],
			"rotation": {"angle": 22.5, "axis": "x", "origin": [10.5, 6.78746, 9.76381]},
			"faces": {
				"north": {"uv": [8, 11, 8.25, 11.25], "texture": "#0"},
				"east": {"uv": [11, 8, 11.25, 8.25], "texture": "#0"},
				"south": {"uv": [8.25, 11, 8.5, 11.25], "texture": "#0"},
				"west": {"uv": [11, 8.25, 11.25, 8.5], "texture": "#0"},
				"up": {"uv": [8.75, 11.25, 8.5, 11], "texture": "#0"},
				"down": {"uv": [11.25, 8.5, 11, 8.75], "texture": "#0"}
			}
		},
		{
			"name": "hexadecagon",
			"from": [10, 6.47017, 4.60896],
			"to": [11, 8.06147, 5.60896],
			"rotation": {"angle": 45, "axis": "x", "origin": [10.5, 7.26582, 8.60896]},
			"faces": {
				"north": {"uv": [5.75, 10.5, 6, 11], "texture": "#0"},
				"east": {"uv": [6, 10.5, 6.25, 11], "texture": "#0"},
				"south": {"uv": [10.5, 6, 10.75, 6.5], "texture": "#0"},
				"west": {"uv": [6.25, 10.5, 6.5, 11], "texture": "#0"},
				"up": {"uv": [9, 11.25, 8.75, 11], "texture": "#0"},
				"down": {"uv": [11.25, 8.75, 11, 9], "texture": "#0"}
			}
		},
		{
			"name": "hexadecagon",
			"from": [10, 6.47017, 11.60896],
			"to": [11, 8.06147, 12.60896],
			"rotation": {"angle": -45, "axis": "x", "origin": [10.5, 7.26582, 8.60896]},
			"faces": {
				"north": {"uv": [6.5, 10.5, 6.75, 11], "texture": "#0"},
				"east": {"uv": [10.5, 6.5, 10.75, 7], "texture": "#0"},
				"south": {"uv": [7.25, 10.5, 7.5, 11], "texture": "#0"},
				"west": {"uv": [10.5, 7.25, 10.75, 7.75], "texture": "#0"},
				"up": {"uv": [9.25, 11.25, 9, 11], "texture": "#0"},
				"down": {"uv": [11.25, 9, 11, 9.25], "texture": "#0"}
			}
		},
		{
			"name": "hexadecagon",
			"from": [10, 6.47017, 11.60896],
			"to": [11, 8.06147, 12.60896],
			"rotation": {"angle": -22.5, "axis": "x", "origin": [10.5, 7.26582, 8.60896]},
			"faces": {
				"north": {"uv": [7.5, 10.5, 7.75, 11], "texture": "#0"},
				"east": {"uv": [7.75, 10.5, 8, 11], "texture": "#0"},
				"south": {"uv": [8, 10.5, 8.25, 11], "texture": "#0"},
				"west": {"uv": [10.5, 8, 10.75, 8.5], "texture": "#0"},
				"up": {"uv": [9.5, 11.25, 9.25, 11], "texture": "#0"},
				"down": {"uv": [11.25, 9.25, 11, 9.5], "texture": "#0"}
			}
		},
		{
			"name": "hexadecagon",
			"from": [10, 6.47017, 11.60896],
			"to": [11, 8.06147, 12.60896],
			"rotation": {"angle": 0, "axis": "x", "origin": [10.5, 7.26582, 8.60896]},
			"faces": {
				"north": {"uv": [8.25, 10.5, 8.5, 11], "texture": "#0"},
				"east": {"uv": [8.5, 10.5, 8.75, 11], "texture": "#0"},
				"south": {"uv": [10.5, 8.5, 10.75, 9], "texture": "#0"},
				"west": {"uv": [10.5, 9, 10.75, 9.5], "texture": "#0"},
				"up": {"uv": [9.75, 11.25, 9.5, 11], "texture": "#0"},
				"down": {"uv": [11.25, 9.5, 11, 9.75], "texture": "#0"}
			}
		},
		{
			"name": "hexadecagon",
			"from": [10, 7.97017, 11.60896],
			"to": [11, 8.06147, 12.60896],
			"rotation": {"angle": 22.5, "axis": "x", "origin": [10.5, 7.26582, 8.60896]},
			"faces": {
				"north": {"uv": [9.75, 11, 10, 11.25], "texture": "#0"},
				"east": {"uv": [11, 9.75, 11.25, 10], "texture": "#0"},
				"south": {"uv": [10, 11, 10.25, 11.25], "texture": "#0"},
				"west": {"uv": [11, 10, 11.25, 10.25], "texture": "#0"},
				"up": {"uv": [10.5, 11.25, 10.25, 11], "texture": "#0"},
				"down": {"uv": [11.25, 10.25, 11, 10.5], "texture": "#0"}
			}
		},
		{
			"name": "hexadecagon",
			"from": [10, 10.26582, 7.81331],
			"to": [11, 11.26582, 9.40461],
			"rotation": {"angle": -22.5, "axis": "x", "origin": [10.5, 7.26582, 8.60896]},
			"faces": {
				"north": {"uv": [10.5, 11, 10.75, 11.25], "texture": "#0"},
				"east": {"uv": [10.5, 5.25, 11, 5.5], "texture": "#0"},
				"south": {"uv": [11, 10.5, 11.25, 10.75], "texture": "#0"},
				"west": {"uv": [10.5, 9.5, 11, 9.75], "texture": "#0"},
				"up": {"uv": [10.75, 10.25, 10.5, 9.75], "texture": "#0"},
				"down": {"uv": [10.75, 10.25, 10.5, 10.75], "texture": "#0"}
			}
		},
		{
			"name": "hexadecagon",
			"from": [10, 10.26582, 7.81331],
			"to": [11, 11.26582, 9.40461],
			"rotation": {"angle": 0, "axis": "x", "origin": [10.5, 7.26582, 8.60896]},
			"faces": {
				"north": {"uv": [10.75, 11, 11, 11.25], "texture": "#0"},
				"east": {"uv": [10.75, 0, 11.25, 0.25], "texture": "#0"},
				"south": {"uv": [11, 10.75, 11.25, 11], "texture": "#0"},
				"west": {"uv": [10.75, 0.25, 11.25, 0.5], "texture": "#0"},
				"up": {"uv": [11, 1, 10.75, 0.5], "texture": "#0"},
				"down": {"uv": [1.25, 10.75, 1, 11.25], "texture": "#0"}
			}
		},
		{
			"name": "hexadecagon",
			"from": [10, 10.26582, 7.81331],
			"to": [11, 11.26582, 9.40461],
			"rotation": {"angle": 22.5, "axis": "x", "origin": [10.5, 7.26582, 8.60896]},
			"faces": {
				"north": {"uv": [11, 11, 11.25, 11.25], "texture": "#0"},
				"east": {"uv": [10.75, 1, 11.25, 1.25], "texture": "#0"},
				"south": {"uv": [0, 11.25, 0.25, 11.5], "texture": "#0"},
				"west": {"uv": [1.25, 10.75, 1.75, 11], "texture": "#0"},
				"up": {"uv": [11, 2.25, 10.75, 1.75], "texture": "#0"},
				"down": {"uv": [2.25, 10.75, 2, 11.25], "texture": "#0"}
			}
		}
	],
	"display": {
		"thirdperson_righthand": {
			"rotation": [0, 145, 0],
			"translation": [1, 4, 0],
			"scale": [0.5, 0.5, 0.5]
		},
		"thirdperson_lefthand": {
			"rotation": [0, 145, 0],
			"translation": [1, 4, 0],
			"scale": [0.5, 0.5, 0.5]
		},
		"firstperson_righthand": {
			"rotation": [0, 145, 0],
			"translation": [0.25, 4.25, 0.5],
			"scale": [0.5, 0.5, 0.5]
		},
		"firstperson_lefthand": {
			"rotation": [0, 145, 0],
			"translation": [0.25, 4.25, 0.5],
			"scale": [0.5, 0.5, 0.5]
		},
		"ground": {
			"translation": [0, 0.25, 0],
			"scale": [0.5, 0.5, 0.5]
		},
		"gui": {
			"rotation": [45, 145, 0],
			"translation": [-0.25, 2, 0],
			"scale": [0.75, 0.75, 0.75]
		}
	},
	"groups": [
		{
			"name": "Monthly Key",
			"origin": [8, 8, 8],
			"children": [0, 1, 2, 3, 4, 5, 6, 7, 8, 9, 10, 11, 12, 13, 14, 15, 16, 17, 18, 19, 20, 21, 22, 23, 24, 25, 26, 27, 28, 29, 30, 31, 32, 33,
				{
					"name": "hexadecagon",
					"origin": [8, 8, 8],
					"children": [34, 35, 36, 37, 38, 39, 40, 41, 42, 43, 44, 45, 46, 47, 48, 49, 50, 51]
				},
				{
					"name": "hexadecagon",
					"origin": [8, 8, 8],
					"children": [52, 53, 54, 55, 56, 57, 58, 59, 60, 61]
				},
				{
					"name": "hexadecagon",
					"origin": [8, 8, 8],
					"children": [62, 63, 64, 65, 66, 67, 68, 69, 70]
				},
				{
					"name": "hexadecagon",
					"origin": [8, 8, 8],
					"children": [71, 72, 73, 74, 75, 76, 77, 78, 79]
				},
				{
					"name": "hexadecagon",
					"origin": [8, 8, 8],
					"children": [80, 81, 82, 83, 84, 85, 86, 87, 88, 89, 90]
				}
			]
		}
	]
}