{
	"credit": "Made with Blockbench",
	"texture_size": [32, 32],
	"textures": {
		"0": "minecraft:item/keys/vote_key"
	},
	"elements": [
		{
			"name": "hexadecagon",
			"from": [5, 8.40326, 7],
			"to": [6, 9.59674, 8],
			"rotation": {"angle": 45, "axis": "z", "origin": [8, 9, 7.5]},
			"faces": {
				"north": {"uv": [2.5, 4.5, 3, 5], "texture": "#0"},
				"east": {"uv": [4.5, 4.5, 5, 5], "texture": "#0"},
				"south": {"uv": [1.5, 4.5, 2, 5], "texture": "#0"},
				"west": {"uv": [2, 4.5, 2.5, 5], "texture": "#0"},
				"up": {"uv": [5, 0.5, 4.5, 0], "rotation": 180, "texture": "#0"},
				"down": {"uv": [5, 0.5, 4.5, 1], "rotation": 180, "texture": "#0"}
			}
		},
		{
			"name": "hexadecagon",
			"from": [5, 8.40326, 7.001],
			"to": [6, 9.59674, 8.001],
			"rotation": {"angle": 22.5, "axis": "z", "origin": [8, 9, 7.5]},
			"faces": {
				"north": {"uv": [4.5, 2, 5, 2.5], "texture": "#0"},
				"east": {"uv": [4.5, 2.5, 5, 3], "texture": "#0"},
				"south": {"uv": [4.5, 1, 5, 1.5], "texture": "#0"},
				"west": {"uv": [4.5, 1.5, 5, 2], "texture": "#0"},
				"up": {"uv": [5, 4, 4.5, 3.5], "rotation": 180, "texture": "#0"},
				"down": {"uv": [5, 4, 4.5, 4.5], "rotation": 180, "texture": "#0"}
			}
		},
		{
			"name": "hexadecagon",
			"from": [5, 8.40326, 6.999],
			"to": [6, 9.59674, 7.999],
			"rotation": {"angle": 0, "axis": "x", "origin": [8, 9, 7.5]},
			"faces": {
				"north": {"uv": [1, 5, 1.5, 5.5], "texture": "#0"},
				"east": {"uv": [1.5, 5, 2, 5.5], "texture": "#0"},
				"south": {"uv": [0, 5, 0.5, 5.5], "texture": "#0"},
				"west": {"uv": [0.5, 5, 1, 5.5], "texture": "#0"},
				"up": {"uv": [2.5, 5.5, 2, 5], "rotation": 180, "texture": "#0"},
				"down": {"uv": [3, 5, 2.5, 5.5], "rotation": 180, "texture": "#0"}
			}
		},
		{
			"name": "hexadecagon",
			"from": [5, 8.40326, 7.001],
			"to": [6, 9.59674, 8.001],
			"rotation": {"angle": -22.5, "axis": "z", "origin": [8, 9, 7.5]},
			"faces": {
				"north": {"uv": [4, 3.5, 4.5, 4], "texture": "#0"},
				"east": {"uv": [0, 4.5, 0.5, 5], "texture": "#0"},
				"south": {"uv": [4, 2, 4.5, 2.5], "texture": "#0"},
				"west": {"uv": [4, 2.5, 4.5, 3], "texture": "#0"},
				"up": {"uv": [1, 5, 0.5, 4.5], "rotation": 180, "texture": "#0"},
				"down": {"uv": [1.5, 4.5, 1, 5], "rotation": 180, "texture": "#0"}
			}
		},
		{
			"name": "hexadecagon",
			"from": [5, 8.40326, 6.999],
			"to": [6, 9.59674, 7.999],
			"rotation": {"angle": -45, "axis": "z", "origin": [8, 9, 7.5]},
			"faces": {
				"north": {"uv": [5, 0, 5.5, 0.5], "texture": "#0"},
				"east": {"uv": [5, 0.5, 5.5, 1], "texture": "#0"},
				"south": {"uv": [4.5, 5, 5, 5.5], "texture": "#0"},
				"west": {"uv": [5, 5, 5.5, 5.5], "texture": "#0"},
				"up": {"uv": [5.5, 1.5, 5, 1], "rotation": 180, "texture": "#0"},
				"down": {"uv": [5.5, 1.5, 5, 2], "rotation": 180, "texture": "#0"}
			}
		},
		{
			"name": "hexadecagon",
			"from": [10, 8.40326, 6.999],
			"to": [11, 9.59674, 7.999],
			"rotation": {"angle": 45, "axis": "z", "origin": [8, 9, 7.5]},
			"faces": {
				"north": {"uv": [5, 3.5, 5.5, 4], "texture": "#0"},
				"east": {"uv": [5, 4, 5.5, 4.5], "texture": "#0"},
				"south": {"uv": [5, 2, 5.5, 2.5], "texture": "#0"},
				"west": {"uv": [5, 2.5, 5.5, 3], "texture": "#0"},
				"up": {"uv": [5.5, 5, 5, 4.5], "rotation": 180, "texture": "#0"},
				"down": {"uv": [0.5, 5.5, 0, 6], "rotation": 180, "texture": "#0"}
			}
		},
		{
			"name": "hexadecagon",
			"from": [10, 8.40326, 7.001],
			"to": [11, 9.59674, 8.001],
			"rotation": {"angle": 22.5, "axis": "z", "origin": [8, 9, 7.5]},
			"faces": {
				"north": {"uv": [1.5, 5.5, 2, 6], "texture": "#0"},
				"east": {"uv": [2, 5.5, 2.5, 6], "texture": "#0"},
				"south": {"uv": [0.5, 5.5, 1, 6], "texture": "#0"},
				"west": {"uv": [1, 5.5, 1.5, 6], "texture": "#0"},
				"up": {"uv": [3, 6, 2.5, 5.5], "rotation": 180, "texture": "#0"},
				"down": {"uv": [5, 5.5, 4.5, 6], "rotation": 180, "texture": "#0"}
			}
		},
		{
			"name": "hexadecagon",
			"from": [10, 8.40326, 6.999],
			"to": [11, 9.59674, 7.999],
			"rotation": {"angle": 0, "axis": "x", "origin": [8, 9, 7.5]},
			"faces": {
				"north": {"uv": [5.5, 0, 6, 0.5], "texture": "#0"},
				"east": {"uv": [5.5, 0.5, 6, 1], "texture": "#0"},
				"south": {"uv": [5, 5.5, 5.5, 6], "texture": "#0"},
				"west": {"uv": [5.5, 5.5, 6, 6], "texture": "#0"},
				"up": {"uv": [6, 1.5, 5.5, 1], "rotation": 180, "texture": "#0"},
				"down": {"uv": [6, 1.5, 5.5, 2], "rotation": 180, "texture": "#0"}
			}
		},
		{
			"name": "hexadecagon",
			"from": [10, 8.40326, 7.001],
			"to": [11, 9.59674, 8.001],
			"rotation": {"angle": -22.5, "axis": "z", "origin": [8, 9, 7.5]},
			"faces": {
				"north": {"uv": [5.5, 3.5, 6, 4], "texture": "#0"},
				"east": {"uv": [5.5, 4, 6, 4.5], "texture": "#0"},
				"south": {"uv": [5.5, 2, 6, 2.5], "texture": "#0"},
				"west": {"uv": [5.5, 2.5, 6, 3], "texture": "#0"},
				"up": {"uv": [6, 5, 5.5, 4.5], "rotation": 180, "texture": "#0"},
				"down": {"uv": [6, 5, 5.5, 5.5], "rotation": 180, "texture": "#0"}
			}
		},
		{
			"name": "hexadecagon",
			"from": [10, 8.40326, 6.999],
			"to": [11, 9.59674, 7.999],
			"rotation": {"angle": -45, "axis": "z", "origin": [8, 9, 7.5]},
			"faces": {
				"north": {"uv": [1, 6, 1.5, 6.5], "texture": "#0"},
				"east": {"uv": [1.5, 6, 2, 6.5], "texture": "#0"},
				"south": {"uv": [0, 6, 0.5, 6.5], "texture": "#0"},
				"west": {"uv": [0.5, 6, 1, 6.5], "texture": "#0"},
				"up": {"uv": [2.5, 6.5, 2, 6], "rotation": 180, "texture": "#0"},
				"down": {"uv": [3, 6, 2.5, 6.5], "rotation": 180, "texture": "#0"}
			}
		},
		{
			"name": "hexadecagon",
			"from": [7.40326, 6, 7.001],
			"to": [8.59674, 7, 8.001],
			"rotation": {"angle": 22.5, "axis": "z", "origin": [8, 9, 7.5]},
			"faces": {
				"north": {"uv": [4.5, 6, 5, 6.5], "texture": "#0"},
				"east": {"uv": [5, 6, 5.5, 6.5], "texture": "#0"},
				"south": {"uv": [3, 6, 3.5, 6.5], "texture": "#0"},
				"west": {"uv": [4, 6, 4.5, 6.5], "texture": "#0"},
				"up": {"uv": [6, 6.5, 5.5, 6], "rotation": 180, "texture": "#0"},
				"down": {"uv": [6.5, 6, 6, 6.5], "rotation": 180, "texture": "#0"}
			}
		},
		{
			"name": "hexadecagon",
			"from": [7.40326, 6, 6.999],
			"to": [8.59674, 7, 7.999],
			"rotation": {"angle": 0, "axis": "x", "origin": [8, 9, 7.5]},
			"faces": {
				"north": {"uv": [6, 1, 6.5, 1.5], "texture": "#0"},
				"east": {"uv": [6, 1.5, 6.5, 2], "texture": "#0"},
				"south": {"uv": [6, 0, 6.5, 0.5], "texture": "#0"},
				"west": {"uv": [6, 0.5, 6.5, 1], "texture": "#0"},
				"up": {"uv": [6.5, 2.5, 6, 2], "rotation": 180, "texture": "#0"},
				"down": {"uv": [6.5, 2.5, 6, 3], "rotation": 180, "texture": "#0"}
			}
		},
		{
			"name": "hexadecagon",
			"from": [7.40326, 6, 7],
			"to": [8.59674, 7, 8],
			"rotation": {"angle": -22.5, "axis": "z", "origin": [8, 9, 7.5]},
			"faces": {
				"north": {"uv": [6, 4.5, 6.5, 5], "texture": "#0"},
				"east": {"uv": [6, 5, 6.5, 5.5], "texture": "#0"},
				"south": {"uv": [6, 3.5, 6.5, 4], "texture": "#0"},
				"west": {"uv": [6, 4, 6.5, 4.5], "texture": "#0"},
				"up": {"uv": [6.5, 6, 6, 5.5], "rotation": 180, "texture": "#0"},
				"down": {"uv": [0.5, 6.5, 0, 7], "rotation": 180, "texture": "#0"}
			}
		},
		{
			"name": "hexadecagon",
			"from": [7.40326, 11, 7.001],
			"to": [8.59674, 12, 8.001],
			"rotation": {"angle": 22.5, "axis": "z", "origin": [8, 9, 7.5]},
			"faces": {
				"north": {"uv": [1.5, 6.5, 2, 7], "texture": "#0"},
				"east": {"uv": [2, 6.5, 2.5, 7], "texture": "#0"},
				"south": {"uv": [0.5, 6.5, 1, 7], "texture": "#0"},
				"west": {"uv": [1, 6.5, 1.5, 7], "texture": "#0"},
				"up": {"uv": [3, 7, 2.5, 6.5], "rotation": 180, "texture": "#0"},
				"down": {"uv": [3.5, 6.5, 3, 7], "rotation": 180, "texture": "#0"}
			}
		},
		{
			"name": "hexadecagon",
			"from": [7.40326, 11, 7],
			"to": [8.59674, 12, 8],
			"rotation": {"angle": 0, "axis": "x", "origin": [8, 9, 7.5]},
			"faces": {
				"north": {"uv": [4.5, 6.5, 5, 7], "texture": "#0"},
				"east": {"uv": [5, 6.5, 5.5, 7], "texture": "#0"},
				"south": {"uv": [3.5, 6.5, 4, 7], "texture": "#0"},
				"west": {"uv": [4, 6.5, 4.5, 7], "texture": "#0"},
				"up": {"uv": [6, 7, 5.5, 6.5], "rotation": 180, "texture": "#0"},
				"down": {"uv": [6.5, 6.5, 6, 7], "rotation": 180, "texture": "#0"}
			}
		},
		{
			"name": "hexadecagon",
			"from": [7.40326, 11, 7.001],
			"to": [8.59674, 12, 8.001],
			"rotation": {"angle": -22.5, "axis": "z", "origin": [8, 9, 7.5]},
			"faces": {
				"north": {"uv": [6.5, 0.5, 7, 1], "texture": "#0"},
				"east": {"uv": [6.5, 1, 7, 1.5], "texture": "#0"},
				"south": {"uv": [6.5, 6.5, 7, 7], "texture": "#0"},
				"west": {"uv": [6.5, 0, 7, 0.5], "texture": "#0"},
				"up": {"uv": [7, 2, 6.5, 1.5], "rotation": 180, "texture": "#0"},
				"down": {"uv": [7, 2, 6.5, 2.5], "rotation": 180, "texture": "#0"}
			}
		},
		{
			"name": "hexadecagon",
			"from": [8.5, 8.80109, 7.251],
			"to": [9, 9.19891, 7.751],
			"rotation": {"angle": -45, "axis": "z", "origin": [8, 9, 7.5]},
			"faces": {
				"north": {"uv": [4.5, 8.5, 5, 9], "texture": "#0"},
				"east": {"uv": [5, 8.5, 5.5, 9], "texture": "#0"},
				"south": {"uv": [5.5, 8.5, 6, 9], "texture": "#0"},
				"west": {"uv": [6, 8.5, 6.5, 9], "texture": "#0"},
				"up": {"uv": [7, 9, 6.5, 8.5], "texture": "#0"},
				"down": {"uv": [7.5, 8.5, 7, 9], "texture": "#0"}
			}
		},
		{
			"name": "hexadecagon",
			"from": [8.5, 8.80109, 7.25],
			"to": [9, 9.19891, 7.75],
			"rotation": {"angle": -22.5, "axis": "z", "origin": [8, 9, 7.5]},
			"faces": {
				"north": {"uv": [7.5, 8.5, 8, 9], "texture": "#0"},
				"east": {"uv": [8, 8.5, 8.5, 9], "texture": "#0"},
				"south": {"uv": [8.5, 8.5, 9, 9], "texture": "#0"},
				"west": {"uv": [8.5, 0, 9, 0.5], "texture": "#0"},
				"up": {"uv": [9, 1, 8.5, 0.5], "texture": "#0"},
				"down": {"uv": [9, 1, 8.5, 1.5], "texture": "#0"}
			}
		},
		{
			"name": "hexadecagon",
			"from": [8.5, 8.80109, 7.251],
			"to": [9, 9.19891, 7.751],
			"rotation": {"angle": 0, "axis": "x", "origin": [8, 9, 7.5]},
			"faces": {
				"north": {"uv": [8.5, 1.5, 9, 2], "texture": "#0"},
				"east": {"uv": [8.5, 2, 9, 2.5], "texture": "#0"},
				"south": {"uv": [8.5, 2.5, 9, 3], "texture": "#0"},
				"west": {"uv": [8.5, 3, 9, 3.5], "texture": "#0"},
				"up": {"uv": [9, 4, 8.5, 3.5], "texture": "#0"},
				"down": {"uv": [9, 4, 8.5, 4.5], "texture": "#0"}
			}
		},
		{
			"name": "hexadecagon",
			"from": [9, 8.80109, 7.25],
			"to": [10, 9.19891, 7.75],
			"rotation": {"angle": 0, "axis": "x", "origin": [8, 9, 7.5]},
			"faces": {
				"north": {"uv": [3, 10, 3.5, 10.5], "texture": "#0"},
				"east": {"uv": [3.5, 10, 4, 10.5], "texture": "#0"},
				"south": {"uv": [4, 10, 4.5, 10.5], "texture": "#0"},
				"west": {"uv": [4.5, 10, 5, 10.5], "texture": "#0"},
				"up": {"uv": [5.5, 10.5, 5, 10], "texture": "#0"},
				"down": {"uv": [6, 10, 5.5, 10.5], "texture": "#0"}
			}
		},
		{
			"name": "hexadecagon",
			"from": [8.5, 8.80109, 7.25],
			"to": [9, 9.19891, 7.75],
			"rotation": {"angle": 22.5, "axis": "z", "origin": [8, 9, 7.5]},
			"faces": {
				"north": {"uv": [8.5, 4.5, 9, 5], "texture": "#0"},
				"east": {"uv": [8.5, 5, 9, 5.5], "texture": "#0"},
				"south": {"uv": [8.5, 5.5, 9, 6], "texture": "#0"},
				"west": {"uv": [8.5, 6, 9, 6.5], "texture": "#0"},
				"up": {"uv": [9, 7, 8.5, 6.5], "texture": "#0"},
				"down": {"uv": [9, 7, 8.5, 7.5], "texture": "#0"}
			}
		},
		{
			"name": "hexadecagon",
			"from": [8.5, 8.80109, 7.251],
			"to": [9, 9.19891, 7.751],
			"rotation": {"angle": 45, "axis": "z", "origin": [8, 9, 7.5]},
			"faces": {
				"north": {"uv": [8.5, 7.5, 9, 8], "texture": "#0"},
				"east": {"uv": [8.5, 8, 9, 8.5], "texture": "#0"},
				"south": {"uv": [0, 9, 0.5, 9.5], "texture": "#0"},
				"west": {"uv": [0.5, 9, 1, 9.5], "texture": "#0"},
				"up": {"uv": [1.5, 9.5, 1, 9], "texture": "#0"},
				"down": {"uv": [2, 9, 1.5, 9.5], "texture": "#0"}
			}
		},
		{
			"name": "hexadecagon",
			"from": [7, 8.80109, 7.251],
			"to": [7.5, 9.19891, 7.751],
			"rotation": {"angle": -45, "axis": "z", "origin": [8, 9, 7.5]},
			"faces": {
				"north": {"uv": [2, 9, 2.5, 9.5], "texture": "#0"},
				"east": {"uv": [2.5, 9, 3, 9.5], "texture": "#0"},
				"south": {"uv": [3, 9, 3.5, 9.5], "texture": "#0"},
				"west": {"uv": [3.5, 9, 4, 9.5], "texture": "#0"},
				"up": {"uv": [4.5, 9.5, 4, 9], "texture": "#0"},
				"down": {"uv": [5, 9, 4.5, 9.5], "texture": "#0"}
			}
		},
		{
			"name": "hexadecagon",
			"from": [7, 8.80109, 7.25],
			"to": [7.5, 9.19891, 7.75],
			"rotation": {"angle": -22.5, "axis": "z", "origin": [8, 9, 7.5]},
			"faces": {
				"north": {"uv": [5, 9, 5.5, 9.5], "texture": "#0"},
				"east": {"uv": [5.5, 9, 6, 9.5], "texture": "#0"},
				"south": {"uv": [6, 9, 6.5, 9.5], "texture": "#0"},
				"west": {"uv": [6.5, 9, 7, 9.5], "texture": "#0"},
				"up": {"uv": [7.5, 9.5, 7, 9], "texture": "#0"},
				"down": {"uv": [8, 9, 7.5, 9.5], "texture": "#0"}
			}
		},
		{
			"name": "hexadecagon",
			"from": [7, 8.80109, 7.251],
			"to": [7.5, 9.19891, 7.751],
			"rotation": {"angle": 0, "axis": "x", "origin": [8, 9, 7.5]},
			"faces": {
				"north": {"uv": [8, 9, 8.5, 9.5], "texture": "#0"},
				"east": {"uv": [8.5, 9, 9, 9.5], "texture": "#0"},
				"south": {"uv": [9, 9, 9.5, 9.5], "texture": "#0"},
				"west": {"uv": [9, 0, 9.5, 0.5], "texture": "#0"},
				"up": {"uv": [9.5, 1, 9, 0.5], "texture": "#0"},
				"down": {"uv": [9.5, 1, 9, 1.5], "texture": "#0"}
			}
		},
		{
			"name": "hexadecagon",
			"from": [6, 8.80109, 7.25],
			"to": [7, 9.19891, 7.75],
			"rotation": {"angle": 0, "axis": "x", "origin": [8, 9, 7.5]},
			"faces": {
				"north": {"uv": [6, 10, 6.5, 10.5], "texture": "#0"},
				"east": {"uv": [6.5, 10, 7, 10.5], "texture": "#0"},
				"south": {"uv": [7, 10, 7.5, 10.5], "texture": "#0"},
				"west": {"uv": [7.5, 10, 8, 10.5], "texture": "#0"},
				"up": {"uv": [8.5, 10.5, 8, 10], "texture": "#0"},
				"down": {"uv": [9, 10, 8.5, 10.5], "texture": "#0"}
			}
		},
		{
			"name": "hexadecagon",
			"from": [7, 8.80109, 7.25],
			"to": [7.5, 9.19891, 7.75],
			"rotation": {"angle": 22.5, "axis": "z", "origin": [8, 9, 7.5]},
			"faces": {
				"north": {"uv": [9, 1.5, 9.5, 2], "texture": "#0"},
				"east": {"uv": [9, 2, 9.5, 2.5], "texture": "#0"},
				"south": {"uv": [9, 2.5, 9.5, 3], "texture": "#0"},
				"west": {"uv": [9, 3, 9.5, 3.5], "texture": "#0"},
				"up": {"uv": [9.5, 4, 9, 3.5], "texture": "#0"},
				"down": {"uv": [9.5, 4, 9, 4.5], "texture": "#0"}
			}
		},
		{
			"name": "hexadecagon",
			"from": [7, 8.80109, 7.251],
			"to": [7.5, 9.19891, 7.751],
			"rotation": {"angle": 45, "axis": "z", "origin": [8, 9, 7.5]},
			"faces": {
				"north": {"uv": [9, 4.5, 9.5, 5], "texture": "#0"},
				"east": {"uv": [9, 5, 9.5, 5.5], "texture": "#0"},
				"south": {"uv": [9, 5.5, 9.5, 6], "texture": "#0"},
				"west": {"uv": [9, 6, 9.5, 6.5], "texture": "#0"},
				"up": {"uv": [9.5, 7, 9, 6.5], "texture": "#0"},
				"down": {"uv": [9.5, 7, 9, 7.5], "texture": "#0"}
			}
		},
		{
			"name": "hexadecagon",
			"from": [7.80109, 8, 7.25],
			"to": [8.19891, 8.5, 7.75],
			"rotation": {"angle": -22.5, "axis": "z", "origin": [8, 9, 7.5]},
			"faces": {
				"north": {"uv": [9, 7.5, 9.5, 8], "texture": "#0"},
				"east": {"uv": [9, 8, 9.5, 8.5], "texture": "#0"},
				"south": {"uv": [9, 8.5, 9.5, 9], "texture": "#0"},
				"west": {"uv": [0, 9.5, 0.5, 10], "texture": "#0"},
				"up": {"uv": [1, 10, 0.5, 9.5], "texture": "#0"},
				"down": {"uv": [1.5, 9.5, 1, 10], "texture": "#0"}
			}
		},
		{
			"name": "hexadecagon",
			"from": [7.80109, 7, 7.25],
			"to": [8.19891, 8, 7.75],
			"rotation": {"angle": 0, "axis": "x", "origin": [8, 9, 7.5]},
			"faces": {
				"north": {"uv": [1.5, 9.5, 2, 10], "texture": "#0"},
				"east": {"uv": [2, 9.5, 2.5, 10], "texture": "#0"},
				"south": {"uv": [2.5, 9.5, 3, 10], "texture": "#0"},
				"west": {"uv": [3, 9.5, 3.5, 10], "texture": "#0"},
				"up": {"uv": [4, 10, 3.5, 9.5], "texture": "#0"},
				"down": {"uv": [4.5, 9.5, 4, 10], "texture": "#0"}
			}
		},
		{
			"name": "hexadecagon",
			"from": [7.80109, 8, 7.251],
			"to": [8.19891, 8.5, 7.751],
			"rotation": {"angle": 0, "axis": "x", "origin": [8, 9, 7.5]},
			"faces": {
				"north": {"uv": [9.5, 6.5, 10, 7], "texture": "#0"},
				"east": {"uv": [9.5, 7, 10, 7.5], "texture": "#0"},
				"south": {"uv": [9.5, 7.5, 10, 8], "texture": "#0"},
				"west": {"uv": [9.5, 8, 10, 8.5], "texture": "#0"},
				"up": {"uv": [10, 9, 9.5, 8.5], "texture": "#0"},
				"down": {"uv": [10, 9, 9.5, 9.5], "texture": "#0"}
			}
		},
		{
			"name": "hexadecagon",
			"from": [7.80109, 8, 7.25],
			"to": [8.19891, 8.5, 7.75],
			"rotation": {"angle": 22.5, "axis": "z", "origin": [8, 9, 7.5]},
			"faces": {
				"north": {"uv": [4.5, 9.5, 5, 10], "texture": "#0"},
				"east": {"uv": [5, 9.5, 5.5, 10], "texture": "#0"},
				"south": {"uv": [5.5, 9.5, 6, 10], "texture": "#0"},
				"west": {"uv": [6, 9.5, 6.5, 10], "texture": "#0"},
				"up": {"uv": [7, 10, 6.5, 9.5], "texture": "#0"},
				"down": {"uv": [7.5, 9.5, 7, 10], "texture": "#0"}
			}
		},
		{
			"name": "hexadecagon",
			"from": [7.80109, 9.5, 7.25],
			"to": [8.19891, 10, 7.75],
			"rotation": {"angle": -22.5, "axis": "z", "origin": [8, 9, 7.5]},
			"faces": {
				"north": {"uv": [7.5, 9.5, 8, 10], "texture": "#0"},
				"east": {"uv": [8, 9.5, 8.5, 10], "texture": "#0"},
				"south": {"uv": [8.5, 9.5, 9, 10], "texture": "#0"},
				"west": {"uv": [9, 9.5, 9.5, 10], "texture": "#0"},
				"up": {"uv": [10, 10, 9.5, 9.5], "texture": "#0"},
				"down": {"uv": [10, 0, 9.5, 0.5], "texture": "#0"}
			}
		},
		{
			"name": "hexadecagon",
			"from": [7.80109, 9.5, 7.251],
			"to": [8.19891, 10, 7.751],
			"rotation": {"angle": 0, "axis": "x", "origin": [8, 9, 7.5]},
			"faces": {
				"north": {"uv": [9.5, 0.5, 10, 1], "texture": "#0"},
				"east": {"uv": [9.5, 1, 10, 1.5], "texture": "#0"},
				"south": {"uv": [9.5, 1.5, 10, 2], "texture": "#0"},
				"west": {"uv": [9.5, 2, 10, 2.5], "texture": "#0"},
				"up": {"uv": [10, 3, 9.5, 2.5], "texture": "#0"},
				"down": {"uv": [10, 3, 9.5, 3.5], "texture": "#0"}
			}
		},
		{
			"name": "hexadecagon",
			"from": [7.80109, 10, 7.25],
			"to": [8.19891, 11, 7.75],
			"rotation": {"angle": 0, "axis": "x", "origin": [8, 9, 7.5]},
			"faces": {
				"north": {"uv": [0, 10, 0.5, 10.5], "texture": "#0"},
				"east": {"uv": [0.5, 10, 1, 10.5], "texture": "#0"},
				"south": {"uv": [1, 10, 1.5, 10.5], "texture": "#0"},
				"west": {"uv": [1.5, 10, 2, 10.5], "texture": "#0"},
				"up": {"uv": [2.5, 10.5, 2, 10], "texture": "#0"},
				"down": {"uv": [3, 10, 2.5, 10.5], "texture": "#0"}
			}
		},
		{
			"name": "hexadecagon",
			"from": [7.80109, 9.5, 7.25],
			"to": [8.19891, 10, 7.75],
			"rotation": {"angle": 22.5, "axis": "z", "origin": [8, 9, 7.5]},
			"faces": {
				"north": {"uv": [9.5, 3.5, 10, 4], "texture": "#0"},
				"east": {"uv": [9.5, 4, 10, 4.5], "texture": "#0"},
				"south": {"uv": [9.5, 4.5, 10, 5], "texture": "#0"},
				"west": {"uv": [9.5, 5, 10, 5.5], "texture": "#0"},
				"up": {"uv": [10, 6, 9.5, 5.5], "texture": "#0"},
				"down": {"uv": [10, 6, 9.5, 6.5], "texture": "#0"}
			}
		},
		{
			"name": "hexadecagon",
			"from": [7.40326, 0, 7],
			"to": [8.59674, 6, 8],
			"rotation": {"angle": 0, "axis": "x", "origin": [8, 9, 7.5]},
			"faces": {
				"north": {"uv": [3, 3, 3.5, 6], "texture": "#0"},
				"east": {"uv": [3, 0, 3.5, 3], "texture": "#0"},
				"south": {"uv": [3.5, 3.5, 4, 6.5], "texture": "#0"},
				"west": {"uv": [3.5, 0, 4, 3], "texture": "#0"},
				"up": {"uv": [7, 3, 6.5, 2.5], "texture": "#0"},
				"down": {"uv": [7, 3, 6.5, 3.5], "texture": "#0"}
			}
		},
		{
			"name": "hexadecagon",
			"from": [8.59674, 2, 7],
			"to": [9.79021, 3, 8],
			"rotation": {"angle": 0, "axis": "x", "origin": [7.94347, 9, 7.5]},
			"faces": {
				"north": {"uv": [0, 7, 0.5, 7.5], "texture": "#0"},
				"east": {"uv": [0.5, 7, 1, 7.5], "texture": "#0"},
				"south": {"uv": [1, 7, 1.5, 7.5], "texture": "#0"},
				"west": {"uv": [1.5, 7, 2, 7.5], "texture": "#0"},
				"up": {"uv": [2.5, 7.5, 2, 7], "texture": "#0"},
				"down": {"uv": [3, 7, 2.5, 7.5], "texture": "#0"}
			}
		},
		{
			"name": "hexadecagon",
			"from": [8.59674, 0, 7],
			"to": [9.79021, 1, 8],
			"rotation": {"angle": 0, "axis": "x", "origin": [7.94347, 9, 7.5]},
			"faces": {
				"north": {"uv": [6.5, 3.5, 7, 4], "texture": "#0"},
				"east": {"uv": [6.5, 4, 7, 4.5], "texture": "#0"},
				"south": {"uv": [6.5, 4.5, 7, 5], "texture": "#0"},
				"west": {"uv": [6.5, 5, 7, 5.5], "texture": "#0"},
				"up": {"uv": [7, 6, 6.5, 5.5], "texture": "#0"},
				"down": {"uv": [7, 6, 6.5, 6.5], "texture": "#0"}
			}
		}
	],
	"display": {
		"thirdperson_righthand": {
			"rotation": [-90, -90, -180],
			"translation": [-0.25, 0, -0.5],
			"scale": [0.5, 0.5, 0.5]
		},
		"thirdperson_lefthand": {
			"rotation": [-90, 90, -180],
			"translation": [0.5, 0, -0.5],
			"scale": [0.5, 0.5, 0.5]
		},
		"firstperson_righthand": {
			"rotation": [145, -90, 0],
			"translation": [2.5, 3, 0],
			"scale": [0.75, 0.75, 0.75]
		},
		"firstperson_lefthand": {
			"rotation": [145, 90, 0],
			"translation": [3, 3, 0],
			"scale": [0.75, 0.75, 0.75]
		},
		"ground": {
			"translation": [0, 2, 0],
			"scale": [0.75, 0.75, 0.75]
		},
		"gui": {
			"rotation": [0, -30, 45],
			"translation": [-2.5, 1.75, 0],
			"scale": [1.5, 1.5, 1.5]
		},
		"fixed": {
			"rotation": [0, -180, 0],
			"translation": [0, 2, -1.25]
		}
	},
	"groups": [
		{
			"name": "Vote Key",
			"origin": [8, 8, 8],
			"children": [
				{
					"name": "Ring",
					"origin": [8, 8, 8],
					"children": [
						{
							"name": "hexadecagon",
							"origin": [8, 8, 8],
							"children": [0, 1, 2, 3, 4, 5, 6, 7, 8, 9, 10, 11, 12, 13, 14, 15]
						}
					]
				},
				{
					"name": "Details",
					"origin": [8, 8, 8],
					"children": [
						{
							"name": "hexadecagon",
							"origin": [8, 8, 8],
							"children": [16, 17, 18, 19, 20, 21, 22, 23, 24, 25, 26, 27, 28, 29, 30, 31, 32, 33, 34, 35]
						}
					]
				},
				{
					"name": "Bottom",
					"origin": [8, 8, 8],
					"children": [36, 37, 38]
				}
			]
		}
	]
}