{"textures":{"0":"bil:item/filament/model/glaceon_backpack.ajmodel/glaceon_backpack","particle":"bil:item/filament/model/glaceon_backpack.ajmodel/glaceon_backpack"},"elements":[{"from":[9.6,8.0,12.0],"to":[19.2,18.4,18.4],"faces":{"up":{"texture":"#0","tintindex":0,"uv":[5.25,8.5,2.75,6.5]},"west":{"texture":"#0","tintindex":0,"uv":[1.75,6.0,4.0,8.0]},"east":{"texture":"#0","tintindex":0,"uv":[1.75,5.0,4.0,7.0]},"south":{"texture":"#0","tintindex":0,"uv":[2.0,6.25,4.5,8.25]},"down":{"texture":"#0","tintindex":0,"uv":[4.25,6.5,1.75,8.5]},"north":{"texture":"#0","tintindex":0,"uv":[2.0,6.5,4.5,8.5]}},"rotation":{"axis":"y","angle":0.0,"origin":[8.0,-4.799999,8.0]}},{"from":[19.2,8.0,12.799999],"to":[20.0,11.2,17.6],"faces":{"up":{"texture":"#0","tintindex":0,"uv":[7.25,11.5,8.0,10.25]},"west":{"texture":"#0","tintindex":0,"uv":[0.0,0.0,0.0,0.0]},"east":{"texture":"#0","tintindex":0,"uv":[7.75,8.0,6.25,9.0]},"south":{"texture":"#0","tintindex":0,"uv":[8.0,9.0,7.25,10.0]},"down":{"texture":"#0","tintindex":0,"uv":[6.75,10.75,7.0,12.25]},"north":{"texture":"#0","tintindex":0,"uv":[8.0,9.0,7.25,10.0]}},"rotation":{"axis":"y","angle":0.0,"origin":[20.8,-4.799999,8.0]}},{"from":[16.4,10.4,22.0],"to":[18.8,18.4,22.8],"faces":{"up":{"texture":"#0","tintindex":0,"uv":[0.0,0.0,0.0,0.0]},"west":{"texture":"#0","tintindex":0,"uv":[7.0,9.25,6.75,11.75]},"east":{"texture":"#0","tintindex":0,"uv":[7.5,9.25,7.25,11.75]},"south":{"texture":"#0","tintindex":0,"uv":[5.75,11.25,5.0,13.75]},"down":{"texture":"#0","tintindex":0,"uv":[0.0,0.0,0.0,0.0]},"north":{"texture":"#0","tintindex":0,"uv":[5.75,11.25,5.0,13.75]}},"rotation":{"axis":"y","angle":0.0,"origin":[18.4,17.6,14.4]}},{"from":[16.4,9.6,18.0],"to":[18.8,10.4,22.8],"faces":{"up":{"texture":"#0","tintindex":0,"uv":[4.5,10.75,5.25,9.25]},"west":{"texture":"#0","tintindex":0,"uv":[6.0,13.0,4.5,13.25]},"east":{"texture":"#0","tintindex":0,"uv":[7.0,12.0,5.5,12.25]},"south":{"texture":"#0","tintindex":0,"uv":[7.0,10.25,6.25,10.5]},"down":{"texture":"#0","tintindex":0,"uv":[5.25,9.25,6.0,10.75]},"north":{"texture":"#0","tintindex":0,"uv":[0.0,0.0,0.0,0.0]}},"rotation":{"axis":"y","angle":0.0,"origin":[20.8,-4.799999,8.0]}},{"from":[16.4,9.6,18.0],"to":[18.8,10.4,22.8],"faces":{"up":{"texture":"#0","tintindex":0,"uv":[0.5,10.25,1.25,8.75]},"west":{"texture":"#0","tintindex":0,"uv":[2.5,8.5,1.0,8.75]},"east":{"texture":"#0","tintindex":0,"uv":[1.75,10.75,0.25,11.0]},"south":{"texture":"#0","tintindex":0,"uv":[2.0,8.75,1.25,9.0]},"down":{"texture":"#0","tintindex":0,"uv":[1.5,9.0,2.25,10.5]},"north":{"texture":"#0","tintindex":0,"uv":[0.0,0.0,0.0,0.0]}},"rotation":{"axis":"y","angle":0.0,"origin":[20.8,-4.799999,8.0]}},{"from":[8.8,8.0,12.799999],"to":[9.6,11.2,17.6],"faces":{"up":{"texture":"#0","tintindex":0,"uv":[8.0,11.5,7.25,10.25]},"west":{"texture":"#0","tintindex":0,"uv":[6.25,8.0,7.75,9.0]},"east":{"texture":"#0","tintindex":0,"uv":[0.0,0.0,0.0,0.0]},"south":{"texture":"#0","tintindex":0,"uv":[7.25,9.0,8.0,10.0]},"down":{"texture":"#0","tintindex":0,"uv":[7.0,10.75,6.75,12.25]},"north":{"texture":"#0","tintindex":0,"uv":[7.25,9.0,8.0,10.0]}},"rotation":{"axis":"y","angle":0.0,"origin":[8.0,-4.799999,8.0]}},{"from":[16.4,18.4,18.0],"to":[18.8,19.2,22.8],"faces":{"up":{"texture":"#0","tintindex":0,"uv":[6.5,11.0,7.25,9.5]},"west":{"texture":"#0","tintindex":0,"uv":[6.0,10.0,4.5,10.25]},"east":{"texture":"#0","tintindex":0,"uv":[7.25,11.75,5.75,12.0]},"south":{"texture":"#0","tintindex":0,"uv":[6.0,10.5,5.25,10.75]},"down":{"texture":"#0","tintindex":0,"uv":[5.0,11.75,5.75,13.25]},"north":{"texture":"#0","tintindex":0,"uv":[0.0,0.0,0.0,0.0]}},"rotation":{"axis":"y","angle":0.0,"origin":[18.4,17.6,14.4]}},{"from":[10.0,9.6,18.0],"to":[12.4,10.4,22.8],"faces":{"up":{"texture":"#0","tintindex":0,"uv":[5.25,10.75,4.5,9.25]},"west":{"texture":"#0","tintindex":0,"uv":[5.5,12.0,7.0,12.25]},"east":{"texture":"#0","tintindex":0,"uv":[4.5,13.0,6.0,13.25]},"south":{"texture":"#0","tintindex":0,"uv":[6.25,10.25,7.0,10.5]},"down":{"texture":"#0","tintindex":0,"uv":[6.0,9.25,5.25,10.75]},"north":{"texture":"#0","tintindex":0,"uv":[0.0,0.0,0.0,0.0]}},"rotation":{"axis":"y","angle":0.0,"origin":[8.0,-4.799999,8.0]}},{"from":[10.0,10.4,22.0],"to":[12.4,18.4,22.8],"faces":{"up":{"texture":"#0","tintindex":0,"uv":[0.0,0.0,0.0,0.0]},"west":{"texture":"#0","tintindex":0,"uv":[7.25,9.25,7.5,11.75]},"east":{"texture":"#0","tintindex":0,"uv":[6.75,9.25,7.0,11.75]},"south":{"texture":"#0","tintindex":0,"uv":[5.0,11.25,5.75,13.75]},"down":{"texture":"#0","tintindex":0,"uv":[0.0,0.0,0.0,0.0]},"north":{"texture":"#0","tintindex":0,"uv":[5.0,11.25,5.75,13.75]}},"rotation":{"axis":"y","angle":0.0,"origin":[10.4,17.6,14.4]}},{"from":[10.0,18.4,18.0],"to":[12.4,19.2,22.8],"faces":{"up":{"texture":"#0","tintindex":0,"uv":[7.25,11.0,6.5,9.5]},"west":{"texture":"#0","tintindex":0,"uv":[5.75,11.75,7.25,12.0]},"east":{"texture":"#0","tintindex":0,"uv":[4.5,10.0,6.0,10.25]},"south":{"texture":"#0","tintindex":0,"uv":[5.25,10.5,6.0,10.75]},"down":{"texture":"#0","tintindex":0,"uv":[5.75,11.75,5.0,13.25]},"north":{"texture":"#0","tintindex":0,"uv":[0.0,0.0,0.0,0.0]}},"rotation":{"axis":"y","angle":0.0,"origin":[10.4,17.6,14.4]}},{"from":[10.4,18.4,12.0],"to":[18.4,19.2,18.4],"faces":{"up":{"texture":"#0","tintindex":0,"uv":[10.75,9.75,13.25,8.25]},"west":{"texture":"#0","tintindex":0,"uv":[12.25,9.0,10.25,9.25]},"east":{"texture":"#0","tintindex":0,"uv":[11.75,9.5,9.75,9.75]},"south":{"texture":"#0","tintindex":0,"uv":[12.25,9.25,9.75,8.75]},"down":{"texture":"#0","tintindex":0,"uv":[0.0,0.0,0.0,0.0]},"north":{"texture":"#0","tintindex":0,"uv":[0.0,0.0,0.0,0.0]}},"rotation":{"axis":"y","angle":0.0,"origin":[8.0,-4.799999,8.0]}},{"from":[10.4,14.4,11.2],"to":[18.4,19.2,12.0],"faces":{"up":{"texture":"#0","tintindex":0,"uv":[1.75,8.5,4.25,8.25]},"west":{"texture":"#0","tintindex":0,"uv":[4.0,6.75,3.75,8.25]},"east":{"texture":"#0","tintindex":0,"uv":[4.0,6.75,3.75,8.25]},"south":{"texture":"#0","tintindex":0,"uv":[0.0,0.0,0.0,0.0]},"down":{"texture":"#0","tintindex":0,"uv":[2.5,8.25,5.0,8.5]},"north":{"texture":"#0","tintindex":0,"uv":[4.0,6.75,1.5,8.25]}},"rotation":{"axis":"y","angle":0.0,"origin":[8.0,-4.799999,8.0]}},{"from":[10.4,8.0,10.4],"to":[18.4,12.8,12.0],"faces":{"up":{"texture":"#0","tintindex":0,"uv":[4.0,11.5,6.5,10.75]},"west":{"texture":"#0","tintindex":0,"uv":[4.75,11.5,4.0,13.0]},"east":{"texture":"#0","tintindex":0,"uv":[4.75,11.5,4.0,13.0]},"south":{"texture":"#0","tintindex":0,"uv":[0.0,0.0,0.0,0.0]},"down":{"texture":"#0","tintindex":0,"uv":[5.0,11.75,7.5,12.25]},"north":{"texture":"#0","tintindex":0,"uv":[6.5,9.25,4.0,10.75]}},"rotation":{"axis":"y","angle":0.0,"origin":[8.0,-4.799999,8.0]}},{"from":[15.612,16.0,11.188],"to":[17.212,18.4,11.988001],"faces":{"up":{"texture":"#0","tintindex":0,"uv":[14.75,0.25,15.25,0.0]},"west":{"texture":"#0","tintindex":0,"uv":[14.75,0.25,14.5,1.0]},"east":{"texture":"#0","tintindex":0,"uv":[15.5,0.25,15.25,1.0]},"south":{"texture":"#0","tintindex":0,"uv":[16.0,0.25,15.5,1.0]},"down":{"texture":"#0","tintindex":0,"uv":[15.25,0.0,15.75,0.25]},"north":{"texture":"#0","tintindex":0,"uv":[15.25,0.25,14.75,1.0]}},"rotation":{"axis":"y","angle":0.0,"origin":[8.0,25.6,14.4]}},{"from":[11.588,16.0,11.188],"to":[13.188,18.4,11.988001],"faces":{"up":{"texture":"#0","tintindex":0,"uv":[15.25,0.25,14.75,0.0]},"west":{"texture":"#0","tintindex":0,"uv":[15.25,0.25,15.5,1.0]},"east":{"texture":"#0","tintindex":0,"uv":[14.5,0.25,14.75,1.0]},"south":{"texture":"#0","tintindex":0,"uv":[15.5,0.25,16.0,1.0]},"down":{"texture":"#0","tintindex":0,"uv":[15.75,0.0,15.25,0.25]},"north":{"texture":"#0","tintindex":0,"uv":[14.75,0.25,15.25,1.0]}},"rotation":{"axis":"y","angle":0.0,"origin":[8.0,25.6,14.4]}},{"from":[10.4,24.8,14.4],"to":[11.2,25.6,16.0],"faces":{"up":{"texture":"#0","tintindex":0,"uv":[11.0,10.0,11.5,10.5]},"west":{"texture":"#0","tintindex":0,"uv":[11.5,11.0,11.0,11.25]},"east":{"texture":"#0","tintindex":0,"uv":[11.75,11.0,11.25,11.25]},"south":{"texture":"#0","tintindex":0,"uv":[11.5,10.75,11.25,11.0]},"down":{"texture":"#0","tintindex":0,"uv":[11.75,10.0,11.5,10.5]},"north":{"texture":"#0","tintindex":0,"uv":[11.75,10.5,11.5,10.75]}},"rotation":{"axis":"z","angle":45.0,"origin":[11.2,18.4,14.4]}},{"from":[9.6,23.2,14.4],"to":[12.0,24.8,16.0],"faces":{"up":{"texture":"#0","tintindex":0,"uv":[11.5,10.75,11.25,11.25]},"west":{"texture":"#0","tintindex":0,"uv":[11.5,11.25,11.0,11.5]},"east":{"texture":"#0","tintindex":0,"uv":[11.75,11.25,11.25,11.5]},"south":{"texture":"#0","tintindex":0,"uv":[11.75,10.75,11.0,11.0]},"down":{"texture":"#0","tintindex":0,"uv":[12.0,10.5,11.25,11.0]},"north":{"texture":"#0","tintindex":0,"uv":[11.75,11.75,11.0,12.0]}},"rotation":{"axis":"z","angle":45.0,"origin":[11.2,18.4,14.4]}},{"from":[4.0,20.8,14.4],"to":[4.8,25.6,16.0],"faces":{"up":{"texture":"#0","tintindex":0,"uv":[11.0,10.5,11.5,11.0]},"west":{"texture":"#0","tintindex":0,"uv":[11.75,10.25,11.25,11.75]},"east":{"texture":"#0","tintindex":0,"uv":[11.5,10.5,11.0,12.0]},"south":{"texture":"#0","tintindex":0,"uv":[11.5,10.75,11.25,12.25]},"down":{"texture":"#0","tintindex":0,"uv":[11.75,10.0,11.5,10.5]},"north":{"texture":"#0","tintindex":0,"uv":[11.75,10.5,11.5,12.0]}},"rotation":{"axis":"z","angle":45.0,"origin":[11.2,25.6,13.6]}},{"from":[9.6,16.8,14.4],"to":[12.8,23.2,16.0],"faces":{"up":{"texture":"#0","tintindex":0,"uv":[11.5,9.75,11.25,10.25]},"west":{"texture":"#0","tintindex":0,"uv":[11.75,10.0,11.25,12.0]},"east":{"texture":"#0","tintindex":0,"uv":[11.5,10.0,11.0,12.0]},"south":{"texture":"#0","tintindex":0,"uv":[11.75,10.25,11.0,12.0]},"down":{"texture":"#0","tintindex":0,"uv":[12.0,10.75,11.0,11.25]},"north":{"texture":"#0","tintindex":0,"uv":[11.75,10.25,11.0,12.0]}},"rotation":{"axis":"z","angle":45.0,"origin":[11.2,18.4,14.4]}},{"from":[8.8,16.02007,14.392],"to":[12.8,25.62007,14.392],"faces":{"up":{"texture":"#0","tintindex":0,"uv":[10.75,9.75,9.5,9.75]},"west":{"texture":"#0","tintindex":0,"uv":[10.75,9.75,10.75,12.75]},"east":{"texture":"#0","tintindex":0,"uv":[9.5,9.75,9.5,12.75]},"south":{"texture":"#0","tintindex":0,"uv":[10.75,9.75,12.0,12.25]},"down":{"texture":"#0","tintindex":0,"uv":[12.0,9.75,10.75,9.75]},"north":{"texture":"#0","tintindex":0,"uv":[9.5,9.75,10.75,12.25]}},"rotation":{"axis":"z","angle":45.0,"origin":[11.2,18.4,14.4]}},{"from":[16.0,16.02007,14.392],"to":[20.0,25.62007,14.392],"faces":{"up":{"texture":"#0","tintindex":0,"uv":[9.5,9.75,10.75,9.75]},"west":{"texture":"#0","tintindex":0,"uv":[9.5,9.75,9.5,12.75]},"east":{"texture":"#0","tintindex":0,"uv":[10.75,9.75,10.75,12.75]},"south":{"texture":"#0","tintindex":0,"uv":[12.0,9.75,10.75,12.25]},"down":{"texture":"#0","tintindex":0,"uv":[10.75,9.75,12.0,9.75]},"north":{"texture":"#0","tintindex":0,"uv":[10.75,9.75,9.5,12.25]}},"rotation":{"axis":"z","angle":-22.5,"origin":[17.6,18.4,14.4]}},{"from":[16.0,16.8,14.4],"to":[19.2,23.2,16.0],"faces":{"up":{"texture":"#0","tintindex":0,"uv":[11.25,9.75,11.5,10.25]},"west":{"texture":"#0","tintindex":0,"uv":[11.0,10.0,11.5,12.0]},"east":{"texture":"#0","tintindex":0,"uv":[11.25,10.0,11.75,12.0]},"south":{"texture":"#0","tintindex":0,"uv":[11.0,10.25,11.75,12.0]},"down":{"texture":"#0","tintindex":0,"uv":[11.0,10.75,12.0,11.25]},"north":{"texture":"#0","tintindex":0,"uv":[11.0,10.25,11.75,12.0]}},"rotation":{"axis":"z","angle":-22.5,"origin":[17.6,18.4,14.4]}},{"from":[16.8,23.2,14.4],"to":[19.2,24.8,16.0],"faces":{"up":{"texture":"#0","tintindex":0,"uv":[11.25,10.75,11.5,11.25]},"west":{"texture":"#0","tintindex":0,"uv":[11.25,11.25,11.75,11.5]},"east":{"texture":"#0","tintindex":0,"uv":[11.0,11.25,11.5,11.5]},"south":{"texture":"#0","tintindex":0,"uv":[11.0,10.75,11.75,11.0]},"down":{"texture":"#0","tintindex":0,"uv":[11.25,10.5,12.0,11.0]},"north":{"texture":"#0","tintindex":0,"uv":[11.0,11.75,11.75,12.0]}},"rotation":{"axis":"z","angle":-22.5,"origin":[17.6,18.4,14.4]}},{"from":[17.6,24.8,14.4],"to":[18.4,25.6,16.0],"faces":{"up":{"texture":"#0","tintindex":0,"uv":[11.5,10.0,11.0,10.5]},"west":{"texture":"#0","tintindex":0,"uv":[11.25,11.0,11.75,11.25]},"east":{"texture":"#0","tintindex":0,"uv":[11.0,11.0,11.5,11.25]},"south":{"texture":"#0","tintindex":0,"uv":[11.25,10.75,11.5,11.0]},"down":{"texture":"#0","tintindex":0,"uv":[11.5,10.0,11.75,10.5]},"north":{"texture":"#0","tintindex":0,"uv":[11.5,10.5,11.75,10.75]}},"rotation":{"axis":"z","angle":-22.5,"origin":[17.6,18.4,14.4]}},{"from":[19.2,17.6,14.4],"to":[20.0,22.4,16.0],"faces":{"up":{"texture":"#0","tintindex":0,"uv":[11.5,10.5,11.0,11.0]},"west":{"texture":"#0","tintindex":0,"uv":[11.0,10.5,11.5,12.0]},"east":{"texture":"#0","tintindex":0,"uv":[11.25,10.25,11.75,11.75]},"south":{"texture":"#0","tintindex":0,"uv":[11.25,10.75,11.5,12.25]},"down":{"texture":"#0","tintindex":0,"uv":[11.5,10.0,11.75,10.5]},"north":{"texture":"#0","tintindex":0,"uv":[11.5,10.5,11.75,12.0]}},"rotation":{"axis":"z","angle":-22.5,"origin":[17.6,18.4,14.4]}},{"from":[14.0,15.608,10.392],"to":[14.8,16.408,10.392],"faces":{"up":{"texture":"#0","tintindex":0,"uv":[13.0,3.75,13.25,3.75]},"west":{"texture":"#0","tintindex":0,"uv":[13.0,3.75,13.0,4.0]},"east":{"texture":"#0","tintindex":0,"uv":[13.25,3.75,13.25,4.0]},"south":{"texture":"#0","tintindex":0,"uv":[13.5,3.75,13.25,4.0]},"down":{"texture":"#0","tintindex":0,"uv":[13.25,3.75,13.5,3.75]},"north":{"texture":"#0","tintindex":0,"uv":[13.25,3.75,13.0,4.0]}},"rotation":{"axis":"y","angle":0.0,"origin":[14.4,-3.2000008,18.4]}},{"from":[12.0,14.8,10.4],"to":[16.8,16.4,11.2],"faces":{"up":{"texture":"#0","tintindex":0,"uv":[8.5,4.0,7.0,3.75]},"west":{"texture":"#0","tintindex":0,"uv":[8.5,4.0,8.75,4.5]},"east":{"texture":"#0","tintindex":0,"uv":[6.75,4.0,7.0,4.5]},"south":{"texture":"#0","tintindex":0,"uv":[8.75,4.0,10.25,4.5]},"down":{"texture":"#0","tintindex":0,"uv":[10.0,3.75,8.5,4.0]},"north":{"texture":"#0","tintindex":0,"uv":[7.0,4.0,8.5,4.5]}},"rotation":{"axis":"y","angle":0.0,"origin":[14.4,-3.2000008,18.4]}}],"display":{"head":{"rotation":[0.0,180.0,0.0]}}}