{"textures":{"0":"modelengine:entity/nocsy_drakonin_baby8"},"elements":[{"from":[5.172887,7.5342283,6.4201617],"to":[8.944316,8.448514,7.3344474],"rotation":{"angle":22.5,"axis":"y","origin":[7.3443155,7.9913716,8.020162]},"faces":{"east":{"uv":[4.25,10.375,4.0,10.625],"rotation":0,"texture":"#0","tintindex":0},"south":{"uv":[3.875,7.75,3.0,8.0],"rotation":0,"texture":"#0","tintindex":0},"north":{"uv":[8.625,2.125,7.75,2.375],"rotation":0,"texture":"#0","tintindex":0},"west":{"uv":[2.125,10.375,1.875,10.625],"rotation":0,"texture":"#0","tintindex":0},"up":{"uv":[6.25,8.0,7.125,7.75],"rotation":0,"texture":"#0","tintindex":0},"down":{"uv":[7.875,3.75,8.75,4.0],"rotation":0,"texture":"#0","tintindex":0}}},{"from":[0.06519985,7.943744,6.8773046],"to":[8.0652,7.943744,17.734447],"rotation":{"angle":0.0,"axis":"y","origin":[7.350914,8.000887,8.020162]},"faces":{"east":{"uv":[9.375,6.125,7.0,6.25],"rotation":0,"texture":"#0","tintindex":0},"south":{"uv":[9.625,6.375,7.875,6.5],"rotation":0,"texture":"#0","tintindex":0},"north":{"uv":[9.625,4.125,7.875,4.25],"rotation":0,"texture":"#0","tintindex":0},"west":{"uv":[9.375,5.875,7.0,6.0],"rotation":0,"texture":"#0","tintindex":0},"up":{"uv":[0.0,4.875,1.75,2.5],"rotation":0,"texture":"#0","tintindex":0},"down":{"uv":[0.0,2.5,1.75,4.875],"rotation":0,"texture":"#0","tintindex":0}}},{"from":[2.6094384,7.5913715,8.740897],"to":[5.6951528,8.391372,9.540897],"rotation":{"angle":45.0,"axis":"y","origin":[3.5808668,7.9913716,9.140898]},"faces":{"east":{"uv":[10.625,5.375,10.375,5.625],"rotation":0,"texture":"#0","tintindex":0},"south":{"uv":[1.5,8.125,0.75,8.375],"rotation":0,"texture":"#0","tintindex":0},"north":{"uv":[8.75,7.75,8.0,8.0],"rotation":0,"texture":"#0","tintindex":0},"west":{"uv":[4.625,10.375,4.375,10.625],"rotation":0,"texture":"#0","tintindex":0},"up":{"uv":[1.625,8.375,2.375,8.125],"rotation":0,"texture":"#0","tintindex":0},"down":{"uv":[2.5,8.125,3.25,8.375],"rotation":0,"texture":"#0","tintindex":0}}},{"from":[2.9522953,7.6485143,9.712326],"to":[3.63801,8.3342285,12.112327],"rotation":{"angle":-22.5,"axis":"y","origin":[3.5808668,7.9913716,9.140898]},"faces":{"east":{"uv":[8.25,10.375,7.75,10.5],"rotation":0,"texture":"#0","tintindex":0},"south":{"uv":[4.625,7.625,4.5,7.75],"rotation":0,"texture":"#0","tintindex":0},"north":{"uv":[2.0,7.125,1.875,7.25],"rotation":0,"texture":"#0","tintindex":0},"west":{"uv":[7.625,10.375,7.125,10.5],"rotation":0,"texture":"#0","tintindex":0},"up":{"uv":[6.0,10.875,6.125,10.375],"rotation":0,"texture":"#0","tintindex":0},"down":{"uv":[8.375,10.375,8.5,10.875],"rotation":0,"texture":"#0","tintindex":0}}}],"display":{"head":{"translation":[0.0,-6.4,0.0],"scale":[4.0,4.0,4.0]}}}