{"textures":{"0":"modelengine:entity/nocsy_drakonin_baby8"},"elements":[{"from":[7.4101615,7.448248,7.337143],"to":[9.124447,8.591105,8.48],"rotation":{"angle":0.0,"axis":"y","origin":[7.7987328,7.162425,7.268519]},"faces":{"east":{"uv":[6.375,10.25,6.625,10.5],"rotation":0,"texture":"#0","tintindex":0},"south":{"uv":[0.375,10.0,0.75,10.25],"rotation":0,"texture":"#0","tintindex":0},"north":{"uv":[6.375,9.875,6.75,10.125],"rotation":0,"texture":"#0","tintindex":0},"west":{"uv":[10.25,6.75,10.5,7.0],"rotation":0,"texture":"#0","tintindex":0},"up":{"uv":[2.25,10.25,1.875,10.0],"rotation":0,"texture":"#0","tintindex":0},"down":{"uv":[10.375,7.125,10.0,7.375],"rotation":0,"texture":"#0","tintindex":0}}},{"from":[8.553019,7.5625334,7.4514284],"to":[10.610162,8.476819,8.365714],"rotation":{"angle":0.0,"axis":"y","origin":[7.2273045,7.162425,7.268519]},"faces":{"east":{"uv":[8.75,10.25,9.0,10.5],"rotation":0,"texture":"#0","tintindex":0},"south":{"uv":[9.5,2.875,10.0,3.125],"rotation":0,"texture":"#0","tintindex":0},"north":{"uv":[9.5,2.5,10.0,2.75],"rotation":0,"texture":"#0","tintindex":0},"west":{"uv":[10.25,10.125,10.5,10.375],"rotation":0,"texture":"#0","tintindex":0},"up":{"uv":[10.0,3.5,9.5,3.25],"rotation":0,"texture":"#0","tintindex":0},"down":{"uv":[4.0,9.5,3.5,9.75],"rotation":0,"texture":"#0","tintindex":0}}},{"from":[9.991365,7.568248,6.863727],"to":[12.608508,8.471106,7.7665844],"rotation":{"angle":45.0,"axis":"y","origin":[11.014223,8.019676,7.3151555]},"faces":{"east":{"uv":[0.375,10.375,0.625,10.625],"rotation":0,"texture":"#0","tintindex":0},"south":{"uv":[8.875,7.25,9.5,7.5],"rotation":0,"texture":"#0","tintindex":0},"north":{"uv":[8.875,4.375,9.5,4.625],"rotation":0,"texture":"#0","tintindex":0},"west":{"uv":[10.375,1.0,10.625,1.25],"rotation":0,"texture":"#0","tintindex":0},"up":{"uv":[9.5,7.875,8.875,7.625],"rotation":0,"texture":"#0","tintindex":0},"down":{"uv":[9.5,8.75,8.875,9.0],"rotation":0,"texture":"#0","tintindex":0}}},{"from":[8.659687,7.9625335,6.8081794],"to":[12.088259,7.9625335,17.665323],"rotation":{"angle":0.0,"axis":"y","origin":[12.688258,8.019676,7.9510365]},"faces":{"east":{"uv":[7.0,3.25,9.375,3.375],"rotation":0,"texture":"#0","tintindex":0},"south":{"uv":[10.0,8.375,10.75,8.5],"rotation":0,"texture":"#0","tintindex":0},"north":{"uv":[10.0,7.5,10.75,7.625],"rotation":0,"texture":"#0","tintindex":0},"west":{"uv":[7.0,3.5,9.375,3.625],"rotation":0,"texture":"#0","tintindex":0},"up":{"uv":[5.375,2.375,4.625,0.0],"rotation":0,"texture":"#0","tintindex":0},"down":{"uv":[5.375,0.0,4.625,2.375],"rotation":0,"texture":"#0","tintindex":0}}}],"display":{"head":{"translation":[0.0,-6.4,0.0],"scale":[4.0,4.0,4.0]}}}