{"textures":{"0":"modelengine:entity/destructible_loot_pot"},"elements":[{"from":[10.285714,8.0,1.1428566],"to":[10.857143,8.571428,6.857143],"rotation":{"angle":0.0,"axis":"y","origin":[8.571428,8.0,4.5714283]},"faces":{"east":{"uv":[8.75,3.0,11.25,3.25],"rotation":0,"texture":"#0","tintindex":0},"south":{"uv":[8.25,7.75,8.5,8.0],"rotation":0,"texture":"#0","tintindex":0},"north":{"uv":[7.5,1.0,7.75,1.25],"rotation":0,"texture":"#0","tintindex":0},"west":{"uv":[8.75,3.25,11.25,3.5],"rotation":0,"texture":"#0","tintindex":0},"up":{"uv":[0.25,11.5,0.0,9.0],"rotation":0,"texture":"#0","tintindex":0},"down":{"uv":[0.5,9.0,0.25,11.5],"rotation":0,"texture":"#0","tintindex":0}}},{"from":[7.428571,8.0,1.1428566],"to":[10.285714,8.571428,2.2857141],"rotation":{"angle":0.0,"axis":"y","origin":[8.0,8.0,4.5714283]},"faces":{"east":{"uv":[11.5,2.75,12.0,3.0],"rotation":0,"texture":"#0","tintindex":0},"south":{"uv":[10.25,7.0,11.5,7.25],"rotation":0,"texture":"#0","tintindex":0},"north":{"uv":[10.0,9.75,11.25,10.0],"rotation":0,"texture":"#0","tintindex":0},"west":{"uv":[11.5,3.0,12.0,3.25],"rotation":0,"texture":"#0","tintindex":0},"up":{"uv":[10.0,4.75,8.75,4.25],"rotation":0,"texture":"#0","tintindex":0},"down":{"uv":[10.0,4.75,8.75,5.25],"rotation":0,"texture":"#0","tintindex":0}}},{"from":[5.714286,7.428571,2.2857141],"to":[10.285714,8.0,6.857143],"rotation":{"angle":0.0,"axis":"y","origin":[8.0,7.428571,4.5714283]},"faces":{"east":{"uv":[9.0,6.5,11.0,6.75],"rotation":0,"texture":"#0","tintindex":0},"south":{"uv":[9.0,6.75,11.0,7.0],"rotation":0,"texture":"#0","tintindex":0},"north":{"uv":[9.0,6.25,11.0,6.5],"rotation":0,"texture":"#0","tintindex":0},"west":{"uv":[5.0,9.25,7.0,9.5],"rotation":0,"texture":"#0","tintindex":0},"up":{"uv":[4.75,4.75,2.75,2.75],"rotation":0,"texture":"#0","tintindex":0},"down":{"uv":[4.75,0.0,2.75,2.0],"rotation":0,"texture":"#0","tintindex":0}}},{"from":[10.857143,8.0,1.1428566],"to":[11.428572,11.428572,5.714286],"rotation":{"angle":0.0,"axis":"y","origin":[9.142858,8.0,3.4285712]},"faces":{"east":{"uv":[4.75,1.25,6.75,2.75],"rotation":0,"texture":"#0","tintindex":0},"south":{"uv":[10.0,4.25,10.25,5.75],"rotation":0,"texture":"#0","tintindex":0},"north":{"uv":[10.0,10.0,10.25,11.5],"rotation":0,"texture":"#0","tintindex":0},"west":{"uv":[4.75,2.75,6.75,4.25],"rotation":0,"texture":"#0","tintindex":0},"up":{"uv":[3.75,11.0,3.5,9.0],"rotation":0,"texture":"#0","tintindex":0},"down":{"uv":[5.0,9.25,4.75,11.25],"rotation":0,"texture":"#0","tintindex":0}}},{"from":[9.142858,8.571428,1.1428566],"to":[10.857143,10.857143,1.7142854],"rotation":{"angle":0.0,"axis":"y","origin":[8.571428,8.571428,3.4285712]},"faces":{"east":{"uv":[3.5,11.0,3.75,12.0],"rotation":0,"texture":"#0","tintindex":0},"south":{"uv":[3.0,8.0,3.75,9.0],"rotation":0,"texture":"#0","tintindex":0},"north":{"uv":[2.0,5.0,2.75,6.0],"rotation":0,"texture":"#0","tintindex":0},"west":{"uv":[9.0,11.0,9.25,12.0],"rotation":0,"texture":"#0","tintindex":0},"up":{"uv":[12.0,11.75,11.25,11.5],"rotation":0,"texture":"#0","tintindex":0},"down":{"uv":[12.25,0.0,11.5,0.25],"rotation":0,"texture":"#0","tintindex":0}}}],"display":{"head":{"translation":[0.0,-6.4,0.0],"scale":[4.0,4.0,4.0]}}}