{"textures":{"0":"modelengine:entity/destructible_loot_pot"},"elements":[{"from":[4.5714283,8.571428,10.285714],"to":[10.857143,9.142858,10.857143],"rotation":{"angle":0.0,"axis":"y","origin":[8.0,8.571428,12.571428]},"faces":{"east":{"uv":[11.25,12.0,11.5,12.25],"rotation":0,"texture":"#0","tintindex":0},"south":{"uv":[8.75,0.25,11.5,0.5],"rotation":0,"texture":"#0","tintindex":0},"north":{"uv":[8.75,0.0,11.5,0.25],"rotation":0,"texture":"#0","tintindex":0},"west":{"uv":[11.5,12.0,11.75,12.25],"rotation":0,"texture":"#0","tintindex":0},"up":{"uv":[11.5,0.75,8.75,0.5],"rotation":0,"texture":"#0","tintindex":0},"down":{"uv":[11.5,0.75,8.75,1.0],"rotation":0,"texture":"#0","tintindex":0}}},{"from":[4.5714283,8.571428,9.714286],"to":[5.714286,9.142858,10.285714],"rotation":{"angle":0.0,"axis":"y","origin":[8.0,8.571428,12.0]},"faces":{"east":{"uv":[12.0,12.0,12.25,12.25],"rotation":0,"texture":"#0","tintindex":0},"south":{"uv":[11.75,5.25,12.25,5.5],"rotation":0,"texture":"#0","tintindex":0},"north":{"uv":[11.75,1.5,12.25,1.75],"rotation":0,"texture":"#0","tintindex":0},"west":{"uv":[12.0,1.0,12.25,1.25],"rotation":0,"texture":"#0","tintindex":0},"up":{"uv":[12.25,5.75,11.75,5.5],"rotation":0,"texture":"#0","tintindex":0},"down":{"uv":[12.25,5.75,11.75,6.0],"rotation":0,"texture":"#0","tintindex":0}}},{"from":[4.5714283,8.571428,8.571428],"to":[5.142857,9.142858,9.714286],"rotation":{"angle":0.0,"axis":"y","origin":[8.0,8.571428,10.857143]},"faces":{"east":{"uv":[11.75,6.0,12.25,6.25],"rotation":0,"texture":"#0","tintindex":0},"south":{"uv":[12.0,2.75,12.25,3.0],"rotation":0,"texture":"#0","tintindex":0},"north":{"uv":[12.0,1.25,12.25,1.5],"rotation":0,"texture":"#0","tintindex":0},"west":{"uv":[11.75,8.5,12.25,8.75],"rotation":0,"texture":"#0","tintindex":0},"up":{"uv":[12.0,10.75,11.75,10.25],"rotation":0,"texture":"#0","tintindex":0},"down":{"uv":[2.25,12.0,2.0,12.5],"rotation":0,"texture":"#0","tintindex":0}}},{"from":[4.5714283,9.142858,8.0],"to":[5.142857,11.428572,10.857143],"rotation":{"angle":0.0,"axis":"y","origin":[8.0,9.142858,10.857143]},"faces":{"east":{"uv":[7.5,4.25,8.75,5.25],"rotation":0,"texture":"#0","tintindex":0},"south":{"uv":[8.25,11.25,8.5,12.25],"rotation":0,"texture":"#0","tintindex":0},"north":{"uv":[8.0,11.25,8.25,12.25],"rotation":0,"texture":"#0","tintindex":0},"west":{"uv":[7.5,5.25,8.75,6.25],"rotation":0,"texture":"#0","tintindex":0},"up":{"uv":[1.75,12.25,1.5,11.0],"rotation":0,"texture":"#0","tintindex":0},"down":{"uv":[2.0,11.0,1.75,12.25],"rotation":0,"texture":"#0","tintindex":0}}},{"from":[4.5714283,11.428572,9.714286],"to":[5.142857,13.714286,10.857143],"rotation":{"angle":0.0,"axis":"y","origin":[8.0,11.428572,10.857143]},"faces":{"east":{"uv":[8.25,9.5,8.75,10.5],"rotation":0,"texture":"#0","tintindex":0},"south":{"uv":[8.75,11.25,9.0,12.25],"rotation":0,"texture":"#0","tintindex":0},"north":{"uv":[8.5,11.25,8.75,12.25],"rotation":0,"texture":"#0","tintindex":0},"west":{"uv":[9.5,9.5,10.0,10.5],"rotation":0,"texture":"#0","tintindex":0},"up":{"uv":[2.5,12.5,2.25,12.0],"rotation":0,"texture":"#0","tintindex":0},"down":{"uv":[2.75,12.0,2.5,12.5],"rotation":0,"texture":"#0","tintindex":0}}},{"from":[4.5714283,8.571428,10.857143],"to":[10.857143,14.285715,11.428572],"rotation":{"angle":0.0,"axis":"y","origin":[8.0,9.142858,12.571428]},"faces":{"east":{"uv":[2.5,9.0,2.75,11.5],"rotation":0,"texture":"#0","tintindex":0},"south":{"uv":[0.0,2.5,2.75,5.0],"rotation":0,"texture":"#0","tintindex":0},"north":{"uv":[0.0,0.0,2.75,2.5],"rotation":0,"texture":"#0","tintindex":0},"west":{"uv":[2.75,9.0,3.0,11.5],"rotation":0,"texture":"#0","tintindex":0},"up":{"uv":[11.5,2.75,8.75,2.5],"rotation":0,"texture":"#0","tintindex":0},"down":{"uv":[11.5,2.75,8.75,3.0],"rotation":0,"texture":"#0","tintindex":0}}},{"from":[10.857143,8.571428,9.142858],"to":[11.428572,12.0,11.428572],"rotation":{"angle":0.0,"axis":"y","origin":[8.571428,8.571428,12.571428]},"faces":{"east":{"uv":[6.75,1.25,7.75,2.75],"rotation":0,"texture":"#0","tintindex":0},"south":{"uv":[4.25,10.5,4.5,12.0],"rotation":0,"texture":"#0","tintindex":0},"north":{"uv":[10.25,4.25,10.5,5.75],"rotation":0,"texture":"#0","tintindex":0},"west":{"uv":[6.75,2.75,7.75,4.25],"rotation":0,"texture":"#0","tintindex":0},"up":{"uv":[7.75,12.25,7.5,11.25],"rotation":0,"texture":"#0","tintindex":0},"down":{"uv":[8.0,11.25,7.75,12.25],"rotation":0,"texture":"#0","tintindex":0}}},{"from":[10.857143,12.0,7.428571],"to":[11.428572,14.285715,11.428572],"rotation":{"angle":0.0,"axis":"y","origin":[8.571428,12.0,12.571428]},"faces":{"east":{"uv":[2.0,6.0,3.75,7.0],"rotation":0,"texture":"#0","tintindex":0},"south":{"uv":[9.75,11.25,10.0,12.25],"rotation":0,"texture":"#0","tintindex":0},"north":{"uv":[9.5,11.25,9.75,12.25],"rotation":0,"texture":"#0","tintindex":0},"west":{"uv":[3.75,6.0,5.5,7.0],"rotation":0,"texture":"#0","tintindex":0},"up":{"uv":[6.75,11.75,6.5,10.0],"rotation":0,"texture":"#0","tintindex":0},"down":{"uv":[7.0,10.0,6.75,11.75],"rotation":0,"texture":"#0","tintindex":0}}},{"from":[9.714286,13.714286,8.0],"to":[10.857143,14.285715,10.857143],"rotation":{"angle":0.0,"axis":"y","origin":[7.428571,12.0,12.571428]},"faces":{"east":{"uv":[10.75,1.0,12.0,1.25],"rotation":0,"texture":"#0","tintindex":0},"south":{"uv":[3.25,12.0,3.75,12.25],"rotation":0,"texture":"#0","tintindex":0},"north":{"uv":[2.75,12.0,3.25,12.25],"rotation":0,"texture":"#0","tintindex":0},"west":{"uv":[10.75,1.25,12.0,1.5],"rotation":0,"texture":"#0","tintindex":0},"up":{"uv":[3.5,10.25,3.0,9.0],"rotation":0,"texture":"#0","tintindex":0},"down":{"uv":[4.75,9.25,4.25,10.5],"rotation":0,"texture":"#0","tintindex":0}}},{"from":[6.285714,13.714286,10.285714],"to":[9.714286,14.285715,10.857143],"rotation":{"angle":0.0,"axis":"y","origin":[6.285714,12.0,12.571428]},"faces":{"east":{"uv":[12.0,3.0,12.25,3.25],"rotation":0,"texture":"#0","tintindex":0},"south":{"uv":[10.0,7.75,11.5,8.0],"rotation":0,"texture":"#0","tintindex":0},"north":{"uv":[10.0,6.0,11.5,6.25],"rotation":0,"texture":"#0","tintindex":0},"west":{"uv":[12.0,3.25,12.25,3.5],"rotation":0,"texture":"#0","tintindex":0},"up":{"uv":[11.5,8.25,10.0,8.0],"rotation":0,"texture":"#0","tintindex":0},"down":{"uv":[11.5,9.5,10.0,9.75],"rotation":0,"texture":"#0","tintindex":0}}},{"from":[6.285714,14.285715,9.714286],"to":[8.571428,14.857143,10.285714],"rotation":{"angle":0.0,"axis":"y","origin":[6.285714,12.571428,12.571428]},"faces":{"east":{"uv":[12.0,3.5,12.25,3.75],"rotation":0,"texture":"#0","tintindex":0},"south":{"uv":[11.0,10.75,12.0,11.0],"rotation":0,"texture":"#0","tintindex":0},"north":{"uv":[11.0,7.5,12.0,7.75],"rotation":0,"texture":"#0","tintindex":0},"west":{"uv":[12.0,3.75,12.25,4.0],"rotation":0,"texture":"#0","tintindex":0},"up":{"uv":[12.25,11.5,11.25,11.25],"rotation":0,"texture":"#0","tintindex":0},"down":{"uv":[12.25,1.75,11.25,2.0],"rotation":0,"texture":"#0","tintindex":0}}},{"from":[6.857143,14.857143,9.142858],"to":[9.142858,17.142857,9.714286],"rotation":{"angle":0.0,"axis":"y","origin":[6.857143,13.142858,12.0]},"faces":{"east":{"uv":[11.25,3.0,11.5,4.0],"rotation":0,"texture":"#0","tintindex":0},"south":{"uv":[2.0,8.0,3.0,9.0],"rotation":0,"texture":"#0","tintindex":0},"north":{"uv":[1.0,8.0,2.0,9.0],"rotation":0,"texture":"#0","tintindex":0},"west":{"uv":[11.25,4.0,11.5,5.0],"rotation":0,"texture":"#0","tintindex":0},"up":{"uv":[12.25,2.25,11.25,2.0],"rotation":0,"texture":"#0","tintindex":0},"down":{"uv":[12.25,2.25,11.25,2.5],"rotation":0,"texture":"#0","tintindex":0}}},{"from":[5.714286,17.142857,9.142858],"to":[9.142858,18.857143,10.285714],"rotation":{"angle":0.0,"axis":"y","origin":[6.857143,14.857143,12.0]},"faces":{"east":{"uv":[5.0,10.5,5.5,11.25],"rotation":0,"texture":"#0","tintindex":0},"south":{"uv":[7.75,1.75,9.25,2.5],"rotation":0,"texture":"#0","tintindex":0},"north":{"uv":[7.75,1.0,9.25,1.75],"rotation":0,"texture":"#0","tintindex":0},"west":{"uv":[5.5,10.5,6.0,11.25],"rotation":0,"texture":"#0","tintindex":0},"up":{"uv":[10.0,8.25,8.5,7.75],"rotation":0,"texture":"#0","tintindex":0},"down":{"uv":[10.25,8.75,8.75,9.25],"rotation":0,"texture":"#0","tintindex":0}}},{"from":[9.142858,17.142857,9.142858],"to":[10.285714,18.857143,10.285714],"rotation":{"angle":0.0,"axis":"y","origin":[8.0,14.857143,11.428572]},"faces":{"east":{"uv":[7.75,10.5,8.25,11.25],"rotation":0,"texture":"#0","tintindex":0},"south":{"uv":[8.25,10.5,8.75,11.25],"rotation":0,"texture":"#0","tintindex":0},"north":{"uv":[7.25,10.5,7.75,11.25],"rotation":0,"texture":"#0","tintindex":0},"west":{"uv":[9.5,10.5,10.0,11.25],"rotation":0,"texture":"#0","tintindex":0},"up":{"uv":[11.75,10.75,11.25,10.25],"rotation":0,"texture":"#0","tintindex":0},"down":{"uv":[3.0,11.5,2.5,12.0],"rotation":0,"texture":"#0","tintindex":0}}},{"from":[6.285714,14.857143,8.0],"to":[6.857143,17.142857,9.714286],"rotation":{"angle":0.0,"axis":"y","origin":[6.285714,13.142858,12.0]},"faces":{"east":{"uv":[7.25,8.5,8.0,9.5],"rotation":0,"texture":"#0","tintindex":0},"south":{"uv":[0.25,11.5,0.5,12.5],"rotation":0,"texture":"#0","tintindex":0},"north":{"uv":[0.0,11.5,0.25,12.5],"rotation":0,"texture":"#0","tintindex":0},"west":{"uv":[8.0,8.5,8.75,9.5],"rotation":0,"texture":"#0","tintindex":0},"up":{"uv":[4.0,12.25,3.75,11.5],"rotation":0,"texture":"#0","tintindex":0},"down":{"uv":[4.25,11.5,4.0,12.25],"rotation":0,"texture":"#0","tintindex":0}}}],"display":{"head":{"translation":[0.0,-6.4,0.0],"scale":[4.0,4.0,4.0]}}}