{"textures":{"0":"modelengine:entity/destructible_loot_pot"},"elements":[{"from":[8.0,8.571428,5.714286],"to":[12.571428,10.857143,6.285714],"rotation":{"angle":0.0,"axis":"y","origin":[10.285714,8.571428,8.0]},"faces":{"east":{"uv":[2.0,11.0,2.25,12.0],"rotation":0,"texture":"#0","tintindex":0},"south":{"uv":[5.5,5.5,7.5,6.5],"rotation":0,"texture":"#0","tintindex":0},"north":{"uv":[0.0,5.0,2.0,6.0],"rotation":0,"texture":"#0","tintindex":0},"west":{"uv":[2.25,11.0,2.5,12.0],"rotation":0,"texture":"#0","tintindex":0},"up":{"uv":[7.5,5.5,5.5,5.25],"rotation":0,"texture":"#0","tintindex":0},"down":{"uv":[10.75,8.5,8.75,8.75],"rotation":0,"texture":"#0","tintindex":0}}},{"from":[8.0,10.857143,5.714286],"to":[14.285715,13.714286,6.285714],"rotation":{"angle":0.0,"axis":"y","origin":[10.285714,10.857143,8.0]},"faces":{"east":{"uv":[0.5,11.0,0.75,12.25],"rotation":0,"texture":"#0","tintindex":0},"south":{"uv":[4.75,0.0,7.5,1.25],"rotation":0,"texture":"#0","tintindex":0},"north":{"uv":[2.75,4.75,5.5,6.0],"rotation":0,"texture":"#0","tintindex":0},"west":{"uv":[0.75,11.0,1.0,12.25],"rotation":0,"texture":"#0","tintindex":0},"up":{"uv":[10.5,4.25,7.75,4.0],"rotation":0,"texture":"#0","tintindex":0},"down":{"uv":[11.25,8.25,8.5,8.5],"rotation":0,"texture":"#0","tintindex":0}}},{"from":[8.0,8.0,5.714286],"to":[10.857143,8.571428,6.857143],"rotation":{"angle":0.0,"axis":"y","origin":[10.285714,8.0,8.0]},"faces":{"east":{"uv":[11.5,3.25,12.0,3.5],"rotation":0,"texture":"#0","tintindex":0},"south":{"uv":[10.25,8.75,11.5,9.0],"rotation":0,"texture":"#0","tintindex":0},"north":{"uv":[10.25,7.25,11.5,7.5],"rotation":0,"texture":"#0","tintindex":0},"west":{"uv":[11.5,3.5,12.0,3.75],"rotation":0,"texture":"#0","tintindex":0},"up":{"uv":[10.0,5.75,8.75,5.25],"rotation":0,"texture":"#0","tintindex":0},"down":{"uv":[10.0,5.75,8.75,6.25],"rotation":0,"texture":"#0","tintindex":0}}},{"from":[8.0,8.0,6.857143],"to":[9.142858,8.571428,9.714286],"rotation":{"angle":0.0,"axis":"y","origin":[10.285714,8.0,9.142858]},"faces":{"east":{"uv":[10.25,9.0,11.5,9.25],"rotation":0,"texture":"#0","tintindex":0},"south":{"uv":[11.5,4.0,12.0,4.25],"rotation":0,"texture":"#0","tintindex":0},"north":{"uv":[11.5,3.75,12.0,4.0],"rotation":0,"texture":"#0","tintindex":0},"west":{"uv":[10.25,10.0,11.5,10.25],"rotation":0,"texture":"#0","tintindex":0},"up":{"uv":[1.0,10.25,0.5,9.0],"rotation":0,"texture":"#0","tintindex":0},"down":{"uv":[1.5,9.0,1.0,10.25],"rotation":0,"texture":"#0","tintindex":0}}},{"from":[8.0,8.571428,6.285714],"to":[8.571428,10.857143,9.142858],"rotation":{"angle":0.0,"axis":"y","origin":[10.285714,8.571428,8.571428]},"faces":{"east":{"uv":[2.5,7.0,3.75,8.0],"rotation":0,"texture":"#0","tintindex":0},"south":{"uv":[10.25,11.0,10.5,12.0],"rotation":0,"texture":"#0","tintindex":0},"north":{"uv":[9.25,11.0,9.5,12.0],"rotation":0,"texture":"#0","tintindex":0},"west":{"uv":[3.75,7.0,5.0,8.0],"rotation":0,"texture":"#0","tintindex":0},"up":{"uv":[11.0,12.0,10.75,10.75],"rotation":0,"texture":"#0","tintindex":0},"down":{"uv":[11.0,4.0,10.75,5.25],"rotation":0,"texture":"#0","tintindex":0}}},{"from":[8.0,10.857143,6.285714],"to":[8.571428,13.142858,10.857143],"rotation":{"angle":0.0,"axis":"y","origin":[10.285714,10.857143,8.571428]},"faces":{"east":{"uv":[5.5,4.25,7.5,5.25],"rotation":0,"texture":"#0","tintindex":0},"south":{"uv":[11.0,11.0,11.25,12.0],"rotation":0,"texture":"#0","tintindex":0},"north":{"uv":[10.5,11.0,10.75,12.0],"rotation":0,"texture":"#0","tintindex":0},"west":{"uv":[0.0,6.0,2.0,7.0],"rotation":0,"texture":"#0","tintindex":0},"up":{"uv":[7.25,11.25,7.0,9.25],"rotation":0,"texture":"#0","tintindex":0},"down":{"uv":[9.0,9.25,8.75,11.25],"rotation":0,"texture":"#0","tintindex":0}}},{"from":[8.0,13.142858,6.285714],"to":[11.428572,13.714286,7.428571],"rotation":{"angle":0.0,"axis":"y","origin":[10.285714,13.142858,8.571428]},"faces":{"east":{"uv":[6.5,11.75,7.0,12.0],"rotation":0,"texture":"#0","tintindex":0},"south":{"uv":[10.0,5.75,11.5,6.0],"rotation":0,"texture":"#0","tintindex":0},"north":{"uv":[9.75,1.75,11.25,2.0],"rotation":0,"texture":"#0","tintindex":0},"west":{"uv":[11.25,11.75,11.75,12.0],"rotation":0,"texture":"#0","tintindex":0},"up":{"uv":[9.25,4.0,7.75,3.5],"rotation":0,"texture":"#0","tintindex":0},"down":{"uv":[8.5,8.0,7.0,8.5],"rotation":0,"texture":"#0","tintindex":0}}},{"from":[8.0,13.142858,7.428571],"to":[9.714286,13.714286,12.0],"rotation":{"angle":0.0,"axis":"y","origin":[10.285714,13.142858,9.714286]},"faces":{"east":{"uv":[9.25,2.0,11.25,2.25],"rotation":0,"texture":"#0","tintindex":0},"south":{"uv":[11.5,2.5,12.25,2.75],"rotation":0,"texture":"#0","tintindex":0},"north":{"uv":[11.5,0.75,12.25,1.0],"rotation":0,"texture":"#0","tintindex":0},"west":{"uv":[9.25,2.25,11.25,2.5],"rotation":0,"texture":"#0","tintindex":0},"up":{"uv":[6.25,8.5,5.5,6.5],"rotation":0,"texture":"#0","tintindex":0},"down":{"uv":[7.0,6.5,6.25,8.5],"rotation":0,"texture":"#0","tintindex":0}}},{"from":[9.142858,13.714286,6.857143],"to":[9.714286,14.285715,11.428572],"rotation":{"angle":0.0,"axis":"y","origin":[11.428572,13.714286,9.142858]},"faces":{"east":{"uv":[9.25,3.5,11.25,3.75],"rotation":0,"texture":"#0","tintindex":0},"south":{"uv":[10.5,12.0,10.75,12.25],"rotation":0,"texture":"#0","tintindex":0},"north":{"uv":[10.25,12.0,10.5,12.25],"rotation":0,"texture":"#0","tintindex":0},"west":{"uv":[9.25,3.75,11.25,4.0],"rotation":0,"texture":"#0","tintindex":0},"up":{"uv":[4.0,11.5,3.75,9.5],"rotation":0,"texture":"#0","tintindex":0},"down":{"uv":[4.25,9.5,4.0,11.5],"rotation":0,"texture":"#0","tintindex":0}}},{"from":[9.714286,13.714286,6.857143],"to":[12.0,14.285715,7.428571],"rotation":{"angle":0.0,"axis":"y","origin":[13.714286,13.714286,9.142858]},"faces":{"east":{"uv":[10.75,12.0,11.0,12.25],"rotation":0,"texture":"#0","tintindex":0},"south":{"uv":[10.75,8.5,11.75,8.75],"rotation":0,"texture":"#0","tintindex":0},"north":{"uv":[10.75,1.5,11.75,1.75],"rotation":0,"texture":"#0","tintindex":0},"west":{"uv":[11.0,12.0,11.25,12.25],"rotation":0,"texture":"#0","tintindex":0},"up":{"uv":[12.0,5.25,11.0,5.0],"rotation":0,"texture":"#0","tintindex":0},"down":{"uv":[12.0,6.25,11.0,6.5],"rotation":0,"texture":"#0","tintindex":0}}},{"from":[9.714286,14.285715,7.428571],"to":[12.0,16.57143,8.0],"rotation":{"angle":0.0,"axis":"y","origin":[13.714286,14.285715,9.714286]},"faces":{"east":{"uv":[5.5,11.25,5.75,12.25],"rotation":0,"texture":"#0","tintindex":0},"south":{"uv":[0.0,8.0,1.0,9.0],"rotation":0,"texture":"#0","tintindex":0},"north":{"uv":[7.75,2.5,8.75,3.5],"rotation":0,"texture":"#0","tintindex":0},"west":{"uv":[5.75,11.25,6.0,12.25],"rotation":0,"texture":"#0","tintindex":0},"up":{"uv":[12.0,6.75,11.0,6.5],"rotation":0,"texture":"#0","tintindex":0},"down":{"uv":[12.0,6.75,11.0,7.0],"rotation":0,"texture":"#0","tintindex":0}}},{"from":[9.142858,16.57143,6.857143],"to":[11.428572,18.285715,8.0],"rotation":{"angle":0.0,"axis":"y","origin":[13.714286,16.0,9.714286]},"faces":{"east":{"uv":[3.0,10.25,3.5,11.0],"rotation":0,"texture":"#0","tintindex":0},"south":{"uv":[4.25,8.5,5.25,9.25],"rotation":0,"texture":"#0","tintindex":0},"north":{"uv":[8.25,7.0,9.25,7.75],"rotation":0,"texture":"#0","tintindex":0},"west":{"uv":[9.0,10.25,9.5,11.0],"rotation":0,"texture":"#0","tintindex":0},"up":{"uv":[10.25,7.5,9.25,7.0],"rotation":0,"texture":"#0","tintindex":0},"down":{"uv":[7.0,9.5,6.0,10.0],"rotation":0,"texture":"#0","tintindex":0}}},{"from":[9.142858,16.57143,8.0],"to":[10.285714,18.285715,10.285714],"rotation":{"angle":0.0,"axis":"y","origin":[13.714286,16.0,10.857143]},"faces":{"east":{"uv":[5.25,8.5,6.25,9.25],"rotation":0,"texture":"#0","tintindex":0},"south":{"uv":[10.25,1.0,10.75,1.75],"rotation":0,"texture":"#0","tintindex":0},"north":{"uv":[10.25,10.25,10.75,11.0],"rotation":0,"texture":"#0","tintindex":0},"west":{"uv":[6.25,8.5,7.25,9.25],"rotation":0,"texture":"#0","tintindex":0},"up":{"uv":[7.75,10.5,7.25,9.5],"rotation":0,"texture":"#0","tintindex":0},"down":{"uv":[8.25,9.5,7.75,10.5],"rotation":0,"texture":"#0","tintindex":0}}},{"from":[9.714286,14.285715,8.0],"to":[10.285714,16.57143,9.142858],"rotation":{"angle":0.0,"axis":"y","origin":[13.714286,14.285715,10.285714]},"faces":{"east":{"uv":[5.0,9.5,5.5,10.5],"rotation":0,"texture":"#0","tintindex":0},"south":{"uv":[7.25,11.25,7.5,12.25],"rotation":0,"texture":"#0","tintindex":0},"north":{"uv":[7.0,11.25,7.25,12.25],"rotation":0,"texture":"#0","tintindex":0},"west":{"uv":[5.5,9.5,6.0,10.5],"rotation":0,"texture":"#0","tintindex":0},"up":{"uv":[4.75,12.25,4.5,11.75],"rotation":0,"texture":"#0","tintindex":0},"down":{"uv":[12.0,11.75,11.75,12.25],"rotation":0,"texture":"#0","tintindex":0}}},{"from":[8.571428,8.0,9.714286],"to":[9.142858,8.571428,10.857143],"rotation":{"angle":0.0,"axis":"y","origin":[10.285714,8.0,10.285714]},"faces":{"east":{"uv":[11.5,4.25,12.0,4.5],"rotation":0,"texture":"#0","tintindex":0},"south":{"uv":[6.5,12.0,6.75,12.25],"rotation":0,"texture":"#0","tintindex":0},"north":{"uv":[6.25,12.0,6.5,12.25],"rotation":0,"texture":"#0","tintindex":0},"west":{"uv":[11.5,4.5,12.0,4.75],"rotation":0,"texture":"#0","tintindex":0},"up":{"uv":[10.25,12.0,10.0,11.5],"rotation":0,"texture":"#0","tintindex":0},"down":{"uv":[11.75,5.75,11.5,6.25],"rotation":0,"texture":"#0","tintindex":0}}}],"display":{"head":{"translation":[0.0,-6.4,0.0],"scale":[4.0,4.0,4.0]}}}