{"textures":{"0":"bil:item/filament/model/naganadel_wings.ajmodel/naganadel_wings","particle":"bil:item/filament/model/naganadel_wings.ajmodel/naganadel_wings"},"elements":[{"from":[8.24,1.5999999,6.4],"to":[11.440001,7.6,6.4],"faces":{"up":{"texture":"#0","tintindex":0,"uv":[14.0,6.75,15.0,6.75]},"west":{"texture":"#0","tintindex":0,"uv":[14.0,6.75,14.0,8.5]},"east":{"texture":"#0","tintindex":0,"uv":[15.0,6.75,15.0,8.5]},"south":{"texture":"#0","tintindex":0,"uv":[16.0,6.75,15.0,8.5]},"down":{"texture":"#0","tintindex":0,"uv":[15.0,6.75,16.0,6.75]},"north":{"texture":"#0","tintindex":0,"uv":[15.0,6.75,14.0,8.5]}},"rotation":{"axis":"y","angle":-45.0,"origin":[11.2,4.0,6.0]}},{"from":[10.8,-4.8,6.6],"to":[20.0,8.4,6.6],"faces":{"up":{"texture":"#0","tintindex":0,"uv":[0.0,5.0,2.75,5.0]},"west":{"texture":"#0","tintindex":0,"uv":[0.0,5.0,0.0,9.0]},"east":{"texture":"#0","tintindex":0,"uv":[2.75,5.0,2.75,9.0]},"south":{"texture":"#0","tintindex":0,"uv":[5.5,5.0,2.75,9.0]},"down":{"texture":"#0","tintindex":0,"uv":[2.75,5.0,5.5,5.0]},"north":{"texture":"#0","tintindex":0,"uv":[2.75,5.0,0.0,9.0]}},"rotation":{"axis":"y","angle":0.0,"origin":[2.4,-13.200001,4.3999996]}},{"from":[-4.0,-4.8,6.6],"to":[5.2,8.4,6.6],"faces":{"up":{"texture":"#0","tintindex":0,"uv":[2.75,5.0,0.0,5.0]},"west":{"texture":"#0","tintindex":0,"uv":[2.75,5.0,2.75,9.0]},"east":{"texture":"#0","tintindex":0,"uv":[0.0,5.0,0.0,9.0]},"south":{"texture":"#0","tintindex":0,"uv":[2.75,5.0,5.5,9.0]},"down":{"texture":"#0","tintindex":0,"uv":[5.5,5.0,2.75,5.0]},"north":{"texture":"#0","tintindex":0,"uv":[0.0,5.0,2.75,9.0]}},"rotation":{"axis":"y","angle":0.0,"origin":[10.4,-13.200001,4.3999996]}},{"from":[5.4399996,1.5999999,6.4],"to":[8.64,7.6,6.4],"faces":{"up":{"texture":"#0","tintindex":0,"uv":[15.0,6.75,14.0,6.75]},"west":{"texture":"#0","tintindex":0,"uv":[15.0,6.75,15.0,8.5]},"east":{"texture":"#0","tintindex":0,"uv":[14.0,6.75,14.0,8.5]},"south":{"texture":"#0","tintindex":0,"uv":[15.0,6.75,16.0,8.5]},"down":{"texture":"#0","tintindex":0,"uv":[16.0,6.75,15.0,6.75]},"north":{"texture":"#0","tintindex":0,"uv":[14.0,6.75,15.0,8.5]}},"rotation":{"axis":"y","angle":45.0,"origin":[5.6,3.6,6.8]}},{"from":[5.1,7.6,6.6],"to":[7.9,8.4,6.6],"faces":{"up":{"texture":"#0","tintindex":0,"uv":[3.25,10.0,2.5,10.0]},"west":{"texture":"#0","tintindex":0,"uv":[3.25,10.0,3.25,10.25]},"east":{"texture":"#0","tintindex":0,"uv":[2.5,10.0,2.5,10.25]},"south":{"texture":"#0","tintindex":0,"uv":[3.25,10.0,4.0,10.25]},"down":{"texture":"#0","tintindex":0,"uv":[4.0,10.0,3.25,10.0]},"north":{"texture":"#0","tintindex":0,"uv":[2.5,10.0,3.25,10.25]}},"rotation":{"axis":"y","angle":0.0,"origin":[5.6,-13.200001,4.3999996]}},{"from":[8.1,7.6,6.6],"to":[10.9,8.4,6.6],"faces":{"up":{"texture":"#0","tintindex":0,"uv":[2.5,10.0,3.25,10.0]},"west":{"texture":"#0","tintindex":0,"uv":[2.5,10.0,2.5,10.25]},"east":{"texture":"#0","tintindex":0,"uv":[3.25,10.0,3.25,10.25]},"south":{"texture":"#0","tintindex":0,"uv":[4.0,10.0,3.25,10.25]},"down":{"texture":"#0","tintindex":0,"uv":[3.25,10.0,4.0,10.0]},"north":{"texture":"#0","tintindex":0,"uv":[3.25,10.0,2.5,10.25]}},"rotation":{"axis":"y","angle":0.0,"origin":[12.0,-13.200001,4.3999996]}}],"display":{"head":{"rotation":[0.0,180.0,0.0]}}}