{"credit":"Made with Blockbench","texture_size":[128,128],"textures":{"0":"pokeballs:multiballtwo","particle":"pokeballs:multiballtwo"},"elements":[{"from":[2,0,2],"to":[14,4,14],"rotation":{"angle":0,"axis":"y","origin":[8,6,7.925]},"faces":{"north":{"uv":[1.5,12,3,12.5],"texture":"#0"},"east":{"uv":[0,12,1.5,12.5],"texture":"#0"},"south":{"uv":[4.5,12,6,12.5],"texture":"#0"},"west":{"uv":[3,12,4.5,12.5],"texture":"#0"},"up":{"uv":[3,12,1.5,10.5],"texture":"#0"},"down":{"uv":[4.5,10.5,3,12],"texture":"#0"}}},{"from":[2,8,2],"to":[14,12,14],"rotation":{"angle":0,"axis":"y","origin":[8,6,7.925]},"faces":{"north":{"uv":[1.5,10,3,10.5],"texture":"#0"},"east":{"uv":[0,10,1.5,10.5],"texture":"#0"},"south":{"uv":[4.5,10,6,10.5],"texture":"#0"},"west":{"uv":[3,10,4.5,10.5],"texture":"#0"},"up":{"uv":[3,10,1.5,8.5],"texture":"#0"},"down":{"uv":[4.5,8.5,3,10],"texture":"#0"}}},{"from":[2.5,4,2.5],"to":[13.5,8,13.5],"rotation":{"angle":0,"axis":"y","origin":[8,6,7.925]},"faces":{"north":{"uv":[1.375,13.875,2.75,14.375],"texture":"#0"},"east":{"uv":[0,13.875,1.375,14.375],"texture":"#0"},"south":{"uv":[4.125,13.875,5.5,14.375],"texture":"#0"},"west":{"uv":[2.75,13.875,4.125,14.375],"texture":"#0"},"up":{"uv":[2.75,13.875,1.375,12.5],"texture":"#0"},"down":{"uv":[4.125,12.5,2.75,13.875],"texture":"#0"}}},{"from":[10,7,2],"to":[14,8,14],"rotation":{"angle":0,"axis":"y","origin":[8,6,7.925]},"faces":{"north":{"uv":[1.5,15.875,2,16],"texture":"#0"},"east":{"uv":[0,15.875,1.5,16],"texture":"#0"},"south":{"uv":[3.5,15.875,4,16],"texture":"#0"},"west":{"uv":[2,15.875,3.5,16],"texture":"#0"},"up":{"uv":[2,15.875,1.5,14.375],"texture":"#0"},"down":{"uv":[2.5,14.375,2,15.875],"texture":"#0"}}},{"from":[10,4,2],"to":[14,5,14],"rotation":{"angle":0,"axis":"y","origin":[8,6,7.925]},"faces":{"north":{"uv":[6,12.5,6.5,12.625],"texture":"#0"},"east":{"uv":[4.5,12.5,6,12.625],"texture":"#0"},"south":{"uv":[8,12.5,8.5,12.625],"texture":"#0"},"west":{"uv":[6.5,12.5,8,12.625],"texture":"#0"},"up":{"uv":[6.5,12.5,6,11],"texture":"#0"},"down":{"uv":[7,11,6.5,12.5],"texture":"#0"}}},{"from":[2,4,2],"to":[6,5,14],"rotation":{"angle":0,"axis":"y","origin":[8,6,7.925]},"faces":{"north":{"uv":[6,10.5,6.5,10.625],"texture":"#0"},"east":{"uv":[4.5,10.5,6,10.625],"texture":"#0"},"south":{"uv":[8,10.5,8.5,10.625],"texture":"#0"},"west":{"uv":[6.5,10.5,8,10.625],"texture":"#0"},"up":{"uv":[6.5,10.5,6,9],"texture":"#0"},"down":{"uv":[7,9,6.5,10.5],"texture":"#0"}}},{"from":[2,7,2],"to":[6,8,14],"rotation":{"angle":0,"axis":"y","origin":[8,6,7.925]},"faces":{"north":{"uv":[5.5,14.375,6,14.5],"texture":"#0"},"east":{"uv":[4,14.375,5.5,14.5],"texture":"#0"},"south":{"uv":[7.5,14.375,8,14.5],"texture":"#0"},"west":{"uv":[6,14.375,7.5,14.5],"texture":"#0"},"up":{"uv":[6,14.375,5.5,12.875],"texture":"#0"},"down":{"uv":[6.5,12.875,6,14.375],"texture":"#0"}}},{"from":[6,4,13],"to":[10,5,14],"rotation":{"angle":0,"axis":"y","origin":[8,6,7.925]},"faces":{"north":{"uv":[0.125,9.375,0.625,9.5],"texture":"#0"},"east":{"uv":[0,9.375,0.125,9.5],"texture":"#0"},"south":{"uv":[0.75,9.375,1.25,9.5],"texture":"#0"},"west":{"uv":[0.625,9.375,0.75,9.5],"texture":"#0"},"up":{"uv":[0.625,9.375,0.125,9.25],"texture":"#0"},"down":{"uv":[1.125,9.25,0.625,9.375],"texture":"#0"}}},{"from":[6,7,13],"to":[10,8,14],"rotation":{"angle":0,"axis":"y","origin":[8,6,7.925]},"faces":{"north":{"uv":[0.125,9.125,0.625,9.25],"texture":"#0"},"east":{"uv":[0,9.125,0.125,9.25],"texture":"#0"},"south":{"uv":[0.75,9.125,1.25,9.25],"texture":"#0"},"west":{"uv":[0.625,9.125,0.75,9.25],"texture":"#0"},"up":{"uv":[0.625,9.125,0.125,9],"texture":"#0"},"down":{"uv":[1.125,9,0.625,9.125],"texture":"#0"}}},{"from":[6.5,4.5,2],"to":[9.5,7.5,3],"rotation":{"angle":0,"axis":"y","origin":[8,6,7.925]},"faces":{"north":{"uv":[0.125,8.625,0.5,9],"texture":"#0"},"east":{"uv":[0,8.625,0.125,9],"texture":"#0"},"south":{"uv":[0.625,8.625,1,9],"texture":"#0"},"west":{"uv":[0.5,8.625,0.625,9],"texture":"#0"},"up":{"uv":[0.5,8.625,0.125,8.5],"texture":"#0"},"down":{"uv":[0.875,8.5,0.5,8.625],"texture":"#0"}}},{"from":[7,5,1.85],"to":[9,7,2.85],"rotation":{"angle":0,"axis":"y","origin":[8,6,7.925]},"faces":{"north":{"uv":[0.125,9.625,0.375,9.875],"texture":"#0"},"east":{"uv":[0,9.625,0.125,9.875],"texture":"#0"},"south":{"uv":[0.5,9.625,0.75,9.875],"texture":"#0"},"west":{"uv":[0.375,9.625,0.5,9.875],"texture":"#0"},"up":{"uv":[0.375,9.625,0.125,9.5],"texture":"#0"},"down":{"uv":[0.625,9.5,0.375,9.625],"texture":"#0"}}}],"display":{"thirdperson_righthand":{"rotation":[51.51,-0.41,0.04],"scale":[0.27734,0.27734,0.27734]},"thirdperson_lefthand":{"rotation":[51.51,-0.41,0.04],"scale":[0.27734,0.27734,0.27734]},"firstperson_righthand":{"rotation":[162.41,60.31,-174.01],"translation":[2.25,2.5,0],"scale":[0.28516,0.28516,0.28516]},"firstperson_lefthand":{"rotation":[162.41,60.31,-174.01],"translation":[2.25,2.5,0],"scale":[0.28516,0.28516,0.28516]},"ground":{"scale":[0.37305,0.37305,0.37305]},"gui":{"rotation":[-161.25,38.5,-180],"translation":[0,1.25,0],"scale":[0.68945,0.68945,0.68945]},"head":{"translation":[0,3,0],"scale":[1.32227,1.32227,1.32227]},"fixed":{"translation":[0,1.5,1],"scale":[0.81836,0.81836,0.81836]}}}