{"textures":{"0":"modelengine:entity/frost_lord"},"elements":[{"from":[-6.5600004,1.9200001,0.15999985],"to":[9.12,17.6,15.84],"rotation":{"angle":0.0,"axis":"y","origin":[9.12,9.76,8.0]},"faces":{"east":{"uv":[0.0,5.625,0.875,6.5],"rotation":0,"texture":"#0","tintindex":0},"south":{"uv":[2.625,5.625,3.5,6.5],"rotation":0,"texture":"#0","tintindex":0},"north":{"uv":[0.875,5.625,1.75,6.5],"rotation":0,"texture":"#0","tintindex":0},"west":{"uv":[1.75,5.625,2.625,6.5],"rotation":0,"texture":"#0","tintindex":0},"up":{"uv":[1.75,5.625,0.875,4.75],"rotation":0,"texture":"#0","tintindex":0},"down":{"uv":[2.625,4.75,1.75,5.625],"rotation":0,"texture":"#0","tintindex":0}}},{"from":[-2.0800009,3.0400004,-0.96000004],"to":[4.6400003,18.720001,16.96],"rotation":{"angle":0.0,"axis":"y","origin":[9.12,10.88,8.0]},"faces":{"east":{"uv":[7.125,3.875,8.125,4.75],"rotation":0,"texture":"#0","tintindex":0},"south":{"uv":[8.5,3.875,8.125,4.75],"rotation":0,"texture":"#0","tintindex":0},"north":{"uv":[8.125,3.875,8.5,4.75],"rotation":0,"texture":"#0","tintindex":0},"west":{"uv":[8.5,3.875,9.5,4.75],"rotation":0,"texture":"#0","tintindex":0},"up":{"uv":[1.375,7.5,1.0,6.5],"rotation":0,"texture":"#0","tintindex":0},"down":{"uv":[8.875,2.875,8.5,3.875],"rotation":0,"texture":"#0","tintindex":0}}},{"from":[-11.039999,3.0400004,-0.96000004],"to":[-4.3199997,18.720001,16.96],"rotation":{"angle":0.0,"axis":"y","origin":[0.15999985,10.88,8.0]},"faces":{"east":{"uv":[0.0,7.5,1.0,8.375],"rotation":0,"texture":"#0","tintindex":0},"south":{"uv":[1.375,7.5,1.0,8.375],"rotation":0,"texture":"#0","tintindex":0},"north":{"uv":[1.0,7.5,1.375,8.375],"rotation":0,"texture":"#0","tintindex":0},"west":{"uv":[1.375,7.5,2.375,8.375],"rotation":0,"texture":"#0","tintindex":0},"up":{"uv":[1.375,7.5,1.0,6.5],"rotation":0,"texture":"#0","tintindex":0},"down":{"uv":[1.375,6.5,1.0,7.5],"rotation":0,"texture":"#0","tintindex":0}}},{"from":[-14.4,-4.8,-3.1999998],"to":[3.52,-0.32000065,-0.96000004],"rotation":{"angle":-22.5,"axis":"z","origin":[3.52,-4.8,-0.96000004]},"faces":{"east":{"uv":[8.875,3.5,9.0,3.75],"rotation":0,"texture":"#0","tintindex":0},"south":{"uv":[9.0,3.5,10.0,3.75],"rotation":0,"texture":"#0","tintindex":0},"north":{"uv":[9.0,3.5,10.0,3.75],"rotation":0,"texture":"#0","tintindex":0},"west":{"uv":[10.0,3.5,10.125,3.75],"rotation":0,"texture":"#0","tintindex":0},"up":{"uv":[10.0,3.5,9.0,3.375],"rotation":0,"texture":"#0","tintindex":0},"down":{"uv":[11.0,3.375,10.0,3.5],"rotation":0,"texture":"#0","tintindex":0}}},{"from":[-14.4,6.4000006,-2.0800009],"to":[3.52,10.88,0.15999985],"rotation":{"angle":45.0,"axis":"z","origin":[3.52,6.4000006,0.15999985]},"faces":{"east":{"uv":[3.0,9.0,3.125,9.25],"rotation":0,"texture":"#0","tintindex":0},"south":{"uv":[3.125,9.0,4.125,9.25],"rotation":0,"texture":"#0","tintindex":0},"north":{"uv":[3.125,9.0,4.125,9.25],"rotation":0,"texture":"#0","tintindex":0},"west":{"uv":[4.125,9.0,4.25,9.25],"rotation":0,"texture":"#0","tintindex":0},"up":{"uv":[4.125,9.0,3.125,8.875],"rotation":0,"texture":"#0","tintindex":0},"down":{"uv":[5.125,8.875,4.125,9.0],"rotation":0,"texture":"#0","tintindex":0}}},{"from":[-14.4,6.4000006,15.84],"to":[3.52,10.88,18.080002],"rotation":{"angle":45.0,"axis":"z","origin":[3.52,6.4000006,15.84]},"faces":{"east":{"uv":[3.0,9.0,3.125,9.25],"rotation":0,"texture":"#0","tintindex":0},"south":{"uv":[3.125,9.0,4.125,9.25],"rotation":0,"texture":"#0","tintindex":0},"north":{"uv":[3.125,9.0,4.125,9.25],"rotation":0,"texture":"#0","tintindex":0},"west":{"uv":[4.125,9.0,4.25,9.25],"rotation":0,"texture":"#0","tintindex":0},"up":{"uv":[4.125,9.0,3.125,8.875],"rotation":0,"texture":"#0","tintindex":0},"down":{"uv":[5.125,8.875,4.125,9.0],"rotation":0,"texture":"#0","tintindex":0}}},{"from":[-14.4,-4.8,16.96],"to":[3.52,-0.32000065,19.2],"rotation":{"angle":-22.5,"axis":"z","origin":[3.52,-4.8,16.96]},"faces":{"east":{"uv":[8.875,3.5,9.0,3.75],"rotation":0,"texture":"#0","tintindex":0},"south":{"uv":[9.0,3.5,10.0,3.75],"rotation":0,"texture":"#0","tintindex":0},"north":{"uv":[9.0,3.5,10.0,3.75],"rotation":0,"texture":"#0","tintindex":0},"west":{"uv":[10.0,3.5,10.125,3.75],"rotation":0,"texture":"#0","tintindex":0},"up":{"uv":[10.0,3.5,9.0,3.375],"rotation":0,"texture":"#0","tintindex":0},"down":{"uv":[11.0,3.375,10.0,3.5],"rotation":0,"texture":"#0","tintindex":0}}},{"from":[-4.3199997,-9.279999,2.4],"to":[6.88,1.9200001,15.84],"rotation":{"angle":0.0,"axis":"y","origin":[9.12,-5.92,8.0]},"faces":{"east":{"uv":[8.0,1.875,8.75,2.5],"rotation":0,"texture":"#0","tintindex":0},"south":{"uv":[10.125,1.875,10.75,2.5],"rotation":0,"texture":"#0","tintindex":0},"north":{"uv":[8.75,1.875,9.375,2.5],"rotation":0,"texture":"#0","tintindex":0},"west":{"uv":[9.375,1.875,10.125,2.5],"rotation":0,"texture":"#0","tintindex":0},"up":{"uv":[9.375,1.875,8.75,1.125],"rotation":0,"texture":"#0","tintindex":0},"down":{"uv":[10.0,1.125,9.375,1.875],"rotation":0,"texture":"#0","tintindex":0}}},{"from":[-3.1999998,-16.0,2.4],"to":[5.76,-9.279999,13.6],"rotation":{"angle":0.0,"axis":"y","origin":[1.2800002,-9.279999,8.0]},"faces":{"east":{"uv":[7.75,9.625,8.375,10.0],"rotation":0,"texture":"#0","tintindex":0},"south":{"uv":[9.5,9.625,10.0,10.0],"rotation":0,"texture":"#0","tintindex":0},"north":{"uv":[8.375,9.625,8.875,10.0],"rotation":0,"texture":"#0","tintindex":0},"west":{"uv":[8.875,9.625,9.5,10.0],"rotation":0,"texture":"#0","tintindex":0},"up":{"uv":[8.875,9.625,8.375,9.0],"rotation":0,"texture":"#0","tintindex":0},"down":{"uv":[9.375,9.0,8.875,9.625],"rotation":0,"texture":"#0","tintindex":0}}}],"display":{"head":{"translation":[0.0,-13.440001,0.0],"scale":[4.0,4.0,4.0]}}}