{"textures":{"0":"modelengine:entity/frost_lord"},"elements":[{"from":[6.88,1.9200001,0.15999985],"to":[22.560001,17.6,15.84],"rotation":{"angle":0.0,"axis":"y","origin":[6.88,9.76,8.0]},"faces":{"east":{"uv":[2.625,5.625,1.75,6.5],"rotation":0,"texture":"#0","tintindex":0},"south":{"uv":[3.5,5.625,2.625,6.5],"rotation":0,"texture":"#0","tintindex":0},"north":{"uv":[1.75,5.625,0.875,6.5],"rotation":0,"texture":"#0","tintindex":0},"west":{"uv":[0.875,5.625,0.0,6.5],"rotation":0,"texture":"#0","tintindex":0},"up":{"uv":[0.875,5.625,1.75,4.75],"rotation":0,"texture":"#0","tintindex":0},"down":{"uv":[1.75,4.75,2.625,5.625],"rotation":0,"texture":"#0","tintindex":0}}},{"from":[11.36,3.0400004,-0.96000004],"to":[18.080002,18.720001,16.96],"rotation":{"angle":0.0,"axis":"y","origin":[6.88,10.88,8.0]},"faces":{"east":{"uv":[9.5,3.875,8.5,4.75],"rotation":0,"texture":"#0","tintindex":0},"south":{"uv":[8.125,3.875,8.5,4.75],"rotation":0,"texture":"#0","tintindex":0},"north":{"uv":[8.5,3.875,8.125,4.75],"rotation":0,"texture":"#0","tintindex":0},"west":{"uv":[8.125,3.875,7.125,4.75],"rotation":0,"texture":"#0","tintindex":0},"up":{"uv":[1.0,7.5,1.375,6.5],"rotation":0,"texture":"#0","tintindex":0},"down":{"uv":[8.5,2.875,8.875,3.875],"rotation":0,"texture":"#0","tintindex":0}}},{"from":[20.32,3.0400004,-0.96000004],"to":[27.039999,18.720001,16.96],"rotation":{"angle":0.0,"axis":"y","origin":[15.84,10.88,8.0]},"faces":{"east":{"uv":[2.375,7.5,1.375,8.375],"rotation":0,"texture":"#0","tintindex":0},"south":{"uv":[1.0,7.5,1.375,8.375],"rotation":0,"texture":"#0","tintindex":0},"north":{"uv":[1.375,7.5,1.0,8.375],"rotation":0,"texture":"#0","tintindex":0},"west":{"uv":[1.0,7.5,0.0,8.375],"rotation":0,"texture":"#0","tintindex":0},"up":{"uv":[1.0,7.5,1.375,6.5],"rotation":0,"texture":"#0","tintindex":0},"down":{"uv":[1.0,6.5,1.375,7.5],"rotation":0,"texture":"#0","tintindex":0}}},{"from":[12.48,-4.8,-3.1999998],"to":[30.4,-0.32000065,-0.96000004],"rotation":{"angle":22.5,"axis":"z","origin":[12.48,-4.8,-0.96000004]},"faces":{"east":{"uv":[10.125,3.5,10.0,3.75],"rotation":0,"texture":"#0","tintindex":0},"south":{"uv":[10.0,3.5,9.0,3.75],"rotation":0,"texture":"#0","tintindex":0},"north":{"uv":[10.0,3.5,9.0,3.75],"rotation":0,"texture":"#0","tintindex":0},"west":{"uv":[9.0,3.5,8.875,3.75],"rotation":0,"texture":"#0","tintindex":0},"up":{"uv":[9.0,3.5,10.0,3.375],"rotation":0,"texture":"#0","tintindex":0},"down":{"uv":[10.0,3.375,11.0,3.5],"rotation":0,"texture":"#0","tintindex":0}}},{"from":[12.48,6.4000006,-2.0800009],"to":[30.4,10.88,0.15999985],"rotation":{"angle":-45.0,"axis":"z","origin":[12.48,6.4000006,0.15999985]},"faces":{"east":{"uv":[4.25,9.0,4.125,9.25],"rotation":0,"texture":"#0","tintindex":0},"south":{"uv":[4.125,9.0,3.125,9.25],"rotation":0,"texture":"#0","tintindex":0},"north":{"uv":[4.125,9.0,3.125,9.25],"rotation":0,"texture":"#0","tintindex":0},"west":{"uv":[3.125,9.0,3.0,9.25],"rotation":0,"texture":"#0","tintindex":0},"up":{"uv":[3.125,9.0,4.125,8.875],"rotation":0,"texture":"#0","tintindex":0},"down":{"uv":[4.125,8.875,5.125,9.0],"rotation":0,"texture":"#0","tintindex":0}}},{"from":[12.48,-4.8,16.96],"to":[30.4,-0.32000065,19.2],"rotation":{"angle":22.5,"axis":"z","origin":[12.48,-4.8,16.96]},"faces":{"east":{"uv":[10.125,3.5,10.0,3.75],"rotation":0,"texture":"#0","tintindex":0},"south":{"uv":[10.0,3.5,9.0,3.75],"rotation":0,"texture":"#0","tintindex":0},"north":{"uv":[10.0,3.5,9.0,3.75],"rotation":0,"texture":"#0","tintindex":0},"west":{"uv":[9.0,3.5,8.875,3.75],"rotation":0,"texture":"#0","tintindex":0},"up":{"uv":[9.0,3.5,10.0,3.375],"rotation":0,"texture":"#0","tintindex":0},"down":{"uv":[10.0,3.375,11.0,3.5],"rotation":0,"texture":"#0","tintindex":0}}},{"from":[12.48,6.4000006,15.84],"to":[30.4,10.88,18.080002],"rotation":{"angle":-45.0,"axis":"z","origin":[12.48,6.4000006,15.84]},"faces":{"east":{"uv":[4.25,9.0,4.125,9.25],"rotation":0,"texture":"#0","tintindex":0},"south":{"uv":[4.125,9.0,3.125,9.25],"rotation":0,"texture":"#0","tintindex":0},"north":{"uv":[4.125,9.0,3.125,9.25],"rotation":0,"texture":"#0","tintindex":0},"west":{"uv":[3.125,9.0,3.0,9.25],"rotation":0,"texture":"#0","tintindex":0},"up":{"uv":[3.125,9.0,4.125,8.875],"rotation":0,"texture":"#0","tintindex":0},"down":{"uv":[4.125,8.875,5.125,9.0],"rotation":0,"texture":"#0","tintindex":0}}},{"from":[9.12,-9.279999,2.4],"to":[20.32,1.9200001,15.84],"rotation":{"angle":0.0,"axis":"y","origin":[6.88,-5.92,8.0]},"faces":{"east":{"uv":[10.125,1.875,9.375,2.5],"rotation":0,"texture":"#0","tintindex":0},"south":{"uv":[10.75,1.875,10.125,2.5],"rotation":0,"texture":"#0","tintindex":0},"north":{"uv":[9.375,1.875,8.75,2.5],"rotation":0,"texture":"#0","tintindex":0},"west":{"uv":[8.75,1.875,8.0,2.5],"rotation":0,"texture":"#0","tintindex":0},"up":{"uv":[8.75,1.875,9.375,1.125],"rotation":0,"texture":"#0","tintindex":0},"down":{"uv":[9.375,1.125,10.0,1.875],"rotation":0,"texture":"#0","tintindex":0}}},{"from":[10.24,-16.0,2.4],"to":[19.2,-9.279999,13.6],"rotation":{"angle":0.0,"axis":"y","origin":[14.719999,-9.279999,8.0]},"faces":{"east":{"uv":[9.5,9.625,8.875,10.0],"rotation":0,"texture":"#0","tintindex":0},"south":{"uv":[10.0,9.625,9.5,10.0],"rotation":0,"texture":"#0","tintindex":0},"north":{"uv":[8.875,9.625,8.375,10.0],"rotation":0,"texture":"#0","tintindex":0},"west":{"uv":[8.375,9.625,7.75,10.0],"rotation":0,"texture":"#0","tintindex":0},"up":{"uv":[8.375,9.625,8.875,9.0],"rotation":0,"texture":"#0","tintindex":0},"down":{"uv":[8.875,9.0,9.375,9.625],"rotation":0,"texture":"#0","tintindex":0}}}],"display":{"head":{"translation":[0.0,-13.440001,0.0],"scale":[4.0,4.0,4.0]}}}