{"textures":{"0":"modelengine:entity/frost_lord"},"elements":[{"from":[8.0,3.1999998,1.5999999],"to":[14.4,9.6,14.4],"rotation":{"angle":0.0,"axis":"y","origin":[14.4,11.2,8.0]},"faces":{"east":{"uv":[11.25,1.625,10.75,1.875],"rotation":0,"texture":"#0","tintindex":0},"south":{"uv":[5.375,12.0,5.125,12.25],"rotation":0,"texture":"#0","tintindex":0},"north":{"uv":[5.375,12.0,5.125,12.25],"rotation":0,"texture":"#0","tintindex":0},"west":{"uv":[10.5,1.625,10.0,1.875],"rotation":0,"texture":"#0","tintindex":0},"up":{"uv":[10.5,1.625,10.75,1.125],"rotation":0,"texture":"#0","tintindex":0},"down":{"uv":[10.75,1.125,11.0,1.625],"rotation":0,"texture":"#0","tintindex":0}}},{"from":[7.2,-3.2000008,2.3999996],"to":[13.6,3.1999998,13.6],"rotation":{"angle":0.0,"axis":"y","origin":[13.6,4.8,8.0]},"faces":{"east":{"uv":[3.375,3.5,3.0,3.75],"rotation":0,"texture":"#0","tintindex":0},"south":{"uv":[5.375,12.0,5.125,12.25],"rotation":0,"texture":"#0","tintindex":0},"north":{"uv":[5.375,12.0,5.125,12.25],"rotation":0,"texture":"#0","tintindex":0},"west":{"uv":[2.75,3.5,2.375,3.75],"rotation":0,"texture":"#0","tintindex":0},"up":{"uv":[2.75,3.5,3.0,3.125],"rotation":0,"texture":"#0","tintindex":0},"down":{"uv":[3.0,3.125,3.25,3.5],"rotation":0,"texture":"#0","tintindex":0}}},{"from":[2.3999996,-3.2000008,7.2],"to":[5.6,1.5999999,13.6],"rotation":{"angle":0.0,"axis":"y","origin":[8.8,4.8,12.8]},"faces":{"east":{"uv":[7.875,9.0,7.625,9.125],"rotation":0,"texture":"#0","tintindex":0},"south":{"uv":[8.0,9.0,7.875,9.125],"rotation":0,"texture":"#0","tintindex":0},"north":{"uv":[7.625,9.0,7.5,9.125],"rotation":0,"texture":"#0","tintindex":0},"west":{"uv":[7.5,9.0,7.25,9.125],"rotation":0,"texture":"#0","tintindex":0},"up":{"uv":[7.5,9.0,7.625,8.75],"rotation":0,"texture":"#0","tintindex":0},"down":{"uv":[7.625,8.75,7.75,9.0],"rotation":0,"texture":"#0","tintindex":0}}},{"from":[2.3999996,0.0,2.3999996],"to":[5.6,4.8,5.6],"rotation":{"angle":0.0,"axis":"y","origin":[8.8,6.4,6.4]},"faces":{"east":{"uv":[3.5,3.25,3.375,3.375],"rotation":0,"texture":"#0","tintindex":0},"south":{"uv":[3.5,3.25,3.375,3.375],"rotation":0,"texture":"#0","tintindex":0},"north":{"uv":[3.5,3.25,3.375,3.375],"rotation":0,"texture":"#0","tintindex":0},"west":{"uv":[3.5,3.25,3.375,3.375],"rotation":0,"texture":"#0","tintindex":0},"up":{"uv":[3.5,3.25,3.375,3.375],"rotation":0,"texture":"#0","tintindex":0},"down":{"uv":[3.5,3.25,3.375,3.375],"rotation":0,"texture":"#0","tintindex":0}}},{"from":[2.3999996,-4.8,2.3999996],"to":[5.6,-1.6000004,5.6],"rotation":{"angle":0.0,"axis":"y","origin":[8.8,3.1999998,6.4]},"faces":{"east":{"uv":[2.625,2.875,2.5,3.0],"rotation":0,"texture":"#0","tintindex":0},"south":{"uv":[2.625,2.875,2.5,3.0],"rotation":0,"texture":"#0","tintindex":0},"north":{"uv":[2.625,2.875,2.5,3.0],"rotation":0,"texture":"#0","tintindex":0},"west":{"uv":[2.625,2.875,2.5,3.0],"rotation":0,"texture":"#0","tintindex":0},"up":{"uv":[2.625,2.875,2.5,3.0],"rotation":0,"texture":"#0","tintindex":0},"down":{"uv":[2.625,2.875,2.5,3.0],"rotation":0,"texture":"#0","tintindex":0}}},{"from":[0.0,3.1999998,7.2],"to":[6.4,9.6,13.6],"rotation":{"angle":0.0,"axis":"y","origin":[6.4,11.2,8.0]},"faces":{"east":{"uv":[5.375,12.0,5.125,12.25],"rotation":0,"texture":"#0","tintindex":0},"south":{"uv":[5.375,12.0,5.125,12.25],"rotation":0,"texture":"#0","tintindex":0},"north":{"uv":[5.375,12.0,5.125,12.25],"rotation":0,"texture":"#0","tintindex":0},"west":{"uv":[5.375,12.0,5.125,12.25],"rotation":0,"texture":"#0","tintindex":0},"up":{"uv":[5.375,12.0,5.125,12.25],"rotation":0,"texture":"#0","tintindex":0},"down":{"uv":[5.375,12.0,5.125,12.25],"rotation":0,"texture":"#0","tintindex":0}}},{"from":[0.79999924,4.8,2.3999996],"to":[5.6,9.6,5.6],"rotation":{"angle":0.0,"axis":"y","origin":[6.4,11.2,1.5999999]},"faces":{"east":{"uv":[0.375,5.5,0.25,5.625],"rotation":0,"texture":"#0","tintindex":0},"south":{"uv":[0.5,5.5,0.375,5.625],"rotation":0,"texture":"#0","tintindex":0},"north":{"uv":[0.25,5.5,0.125,5.625],"rotation":0,"texture":"#0","tintindex":0},"west":{"uv":[0.125,5.5,0.0,5.625],"rotation":0,"texture":"#0","tintindex":0},"up":{"uv":[0.125,5.5,0.25,5.375],"rotation":0,"texture":"#0","tintindex":0},"down":{"uv":[0.25,5.375,0.375,5.5],"rotation":0,"texture":"#0","tintindex":0}}},{"from":[11.2,0.0,4.8],"to":[14.4,6.4,11.2],"rotation":{"angle":-22.5,"axis":"z","origin":[14.4,0.0,8.0]},"faces":{"east":{"uv":[5.375,12.0,5.125,12.25],"rotation":0,"texture":"#0","tintindex":0},"south":{"uv":[6.0,10.5,5.875,10.75],"rotation":0,"texture":"#0","tintindex":0},"north":{"uv":[6.75,10.5,6.625,10.75],"rotation":0,"texture":"#0","tintindex":0},"west":{"uv":[2.5,12.0,2.25,12.25],"rotation":0,"texture":"#0","tintindex":0},"up":{"uv":[5.875,10.75,6.0,10.5],"rotation":0,"texture":"#0","tintindex":0},"down":{"uv":[2.625,11.75,2.75,12.0],"rotation":0,"texture":"#0","tintindex":0}}},{"from":[11.2,6.4,3.1999998],"to":[14.4,9.6,12.8],"rotation":{"angle":-22.5,"axis":"z","origin":[14.4,6.4,8.0]},"faces":{"east":{"uv":[2.625,7.375,2.25,7.5],"rotation":0,"texture":"#0","tintindex":0},"south":{"uv":[6.0,10.5,5.875,10.625],"rotation":0,"texture":"#0","tintindex":0},"north":{"uv":[6.0,10.5,5.875,10.625],"rotation":0,"texture":"#0","tintindex":0},"west":{"uv":[2.125,7.375,1.75,7.5],"rotation":0,"texture":"#0","tintindex":0},"up":{"uv":[2.125,7.375,2.25,7.0],"rotation":0,"texture":"#0","tintindex":0},"down":{"uv":[2.25,7.0,2.375,7.375],"rotation":0,"texture":"#0","tintindex":0}}},{"from":[3.1999998,-4.8,3.1999998],"to":[12.8,8.0,12.8],"rotation":{"angle":0.0,"axis":"y","origin":[8.0,8.0,8.0]},"faces":{"east":{"uv":[11.25,4.125,10.875,4.625],"rotation":0,"texture":"#0","tintindex":0},"south":{"uv":[11.625,4.125,11.25,4.625],"rotation":0,"texture":"#0","tintindex":0},"north":{"uv":[10.875,4.125,10.5,4.625],"rotation":0,"texture":"#0","tintindex":0},"west":{"uv":[10.5,4.125,10.125,4.625],"rotation":0,"texture":"#0","tintindex":0},"up":{"uv":[10.5,4.125,10.875,3.75],"rotation":0,"texture":"#0","tintindex":0},"down":{"uv":[10.875,3.75,11.25,4.125],"rotation":0,"texture":"#0","tintindex":0}}}],"display":{"head":{"translation":[0.0,-6.4,0.0],"scale":[4.0,4.0,4.0]}}}