{"textures":{"0":"modelengine:entity/frost_lord"},"elements":[{"from":[15.040002,6.8799996,3.92],"to":[20.640001,15.84,7.28],"rotation":{"angle":22.5,"axis":"z","origin":[20.080002,6.8799996,6.72]},"faces":{"east":{"uv":[11.625,3.875,11.75,4.375],"rotation":0,"texture":"#0","tintindex":0},"south":{"uv":[12.125,3.875,12.375,4.375],"rotation":0,"texture":"#0","tintindex":0},"north":{"uv":[11.75,3.875,12.0,4.375],"rotation":0,"texture":"#0","tintindex":0},"west":{"uv":[12.0,3.875,12.125,4.375],"rotation":0,"texture":"#0","tintindex":0},"up":{"uv":[12.0,3.875,11.75,3.75],"rotation":0,"texture":"#0","tintindex":0},"down":{"uv":[12.25,3.75,12.0,3.875],"rotation":0,"texture":"#0","tintindex":0}}},{"from":[12.240002,15.056,4.4799995],"to":[16.720001,21.776,6.72],"rotation":{"angle":45.0,"axis":"z","origin":[16.720001,15.056,6.72]},"faces":{"east":{"uv":[7.25,11.875,7.375,12.25],"rotation":0,"texture":"#0","tintindex":0},"south":{"uv":[7.75,11.875,8.0,12.25],"rotation":0,"texture":"#0","tintindex":0},"north":{"uv":[7.375,11.875,7.625,12.25],"rotation":0,"texture":"#0","tintindex":0},"west":{"uv":[7.625,11.875,7.75,12.25],"rotation":0,"texture":"#0","tintindex":0},"up":{"uv":[7.625,11.875,7.375,11.75],"rotation":0,"texture":"#0","tintindex":0},"down":{"uv":[7.875,11.75,7.625,11.875],"rotation":0,"texture":"#0","tintindex":0}}},{"from":[14.480001,-3.840001,3.3599997],"to":[21.2,7.3599997,7.84],"rotation":{"angle":0.0,"axis":"y","origin":[18.960003,9.599999,11.2]},"faces":{"east":{"uv":[10.75,2.75,11.0,2.125],"rotation":0,"texture":"#0","tintindex":0},"south":{"uv":[11.625,2.75,12.0,2.125],"rotation":0,"texture":"#0","tintindex":0},"north":{"uv":[11.0,2.75,11.375,2.125],"rotation":0,"texture":"#0","tintindex":0},"west":{"uv":[11.375,2.75,11.625,2.125],"rotation":0,"texture":"#0","tintindex":0},"up":{"uv":[11.75,2.125,11.375,1.875],"rotation":0,"texture":"#0","tintindex":0},"down":{"uv":[11.375,1.875,11.0,2.125],"rotation":0,"texture":"#0","tintindex":0}}},{"from":[15.040002,-12.24,3.92],"to":[20.640001,-3.2800007,7.28],"rotation":{"angle":-22.5,"axis":"z","origin":[20.080002,-3.2800007,6.72]},"faces":{"east":{"uv":[11.625,4.375,11.75,3.875],"rotation":0,"texture":"#0","tintindex":0},"south":{"uv":[12.125,4.375,12.375,3.875],"rotation":0,"texture":"#0","tintindex":0},"north":{"uv":[11.75,4.375,12.0,3.875],"rotation":0,"texture":"#0","tintindex":0},"west":{"uv":[12.0,4.375,12.125,3.875],"rotation":0,"texture":"#0","tintindex":0},"up":{"uv":[12.25,3.875,12.0,3.75],"rotation":0,"texture":"#0","tintindex":0},"down":{"uv":[12.0,3.75,11.75,3.875],"rotation":0,"texture":"#0","tintindex":0}}},{"from":[12.240002,-18.176,4.4799995],"to":[16.720001,-11.456001,6.72],"rotation":{"angle":-45.0,"axis":"z","origin":[16.720001,-11.456001,6.72]},"faces":{"east":{"uv":[7.25,12.25,7.375,11.875],"rotation":0,"texture":"#0","tintindex":0},"south":{"uv":[7.75,12.25,8.0,11.875],"rotation":0,"texture":"#0","tintindex":0},"north":{"uv":[7.375,12.25,7.625,11.875],"rotation":0,"texture":"#0","tintindex":0},"west":{"uv":[7.625,12.25,7.75,11.875],"rotation":0,"texture":"#0","tintindex":0},"up":{"uv":[7.875,11.875,7.625,11.75],"rotation":0,"texture":"#0","tintindex":0},"down":{"uv":[7.625,11.75,7.375,11.875],"rotation":0,"texture":"#0","tintindex":0}}},{"from":[5.2000017,4.16,6.88],"to":[9.680001,8.639999,9.12],"rotation":{"angle":0.0,"axis":"y","origin":[6.3200016,6.3999996,8.0]},"faces":{"east":{"uv":[11.75,7.875,11.875,8.125],"rotation":0,"texture":"#0","tintindex":0},"south":{"uv":[12.25,7.875,12.5,8.125],"rotation":0,"texture":"#0","tintindex":0},"north":{"uv":[11.875,7.875,12.125,8.125],"rotation":0,"texture":"#0","tintindex":0},"west":{"uv":[12.125,7.875,12.25,8.125],"rotation":0,"texture":"#0","tintindex":0},"up":{"uv":[12.125,7.875,11.875,7.75],"rotation":0,"texture":"#0","tintindex":0},"down":{"uv":[12.375,7.75,12.125,7.875],"rotation":0,"texture":"#0","tintindex":0}}},{"from":[9.680001,-1.4400005,5.76],"to":[16.400002,9.759999,10.24],"rotation":{"angle":0.0,"axis":"y","origin":[14.160002,12.0,13.6]},"faces":{"east":{"uv":[10.75,2.75,11.0,2.125],"rotation":0,"texture":"#0","tintindex":0},"south":{"uv":[11.625,2.75,12.0,2.125],"rotation":0,"texture":"#0","tintindex":0},"north":{"uv":[11.0,2.75,11.375,2.125],"rotation":0,"texture":"#0","tintindex":0},"west":{"uv":[11.375,2.75,11.625,2.125],"rotation":0,"texture":"#0","tintindex":0},"up":{"uv":[11.75,2.125,11.375,1.875],"rotation":0,"texture":"#0","tintindex":0},"down":{"uv":[11.375,1.875,11.0,2.125],"rotation":0,"texture":"#0","tintindex":0}}},{"from":[26.822174,12.988124,4.88],"to":[31.302174,19.708122,7.12],"rotation":{"angle":0.0,"axis":"z","origin":[26.432098,9.656576,6.0]},"faces":{"east":{"uv":[7.25,11.875,7.375,12.25],"rotation":0,"texture":"#0","tintindex":0},"south":{"uv":[7.75,11.875,8.0,12.25],"rotation":0,"texture":"#0","tintindex":0},"north":{"uv":[7.375,11.875,7.625,12.25],"rotation":0,"texture":"#0","tintindex":0},"west":{"uv":[7.625,11.875,7.75,12.25],"rotation":0,"texture":"#0","tintindex":0},"up":{"uv":[7.625,11.875,7.375,11.75],"rotation":0,"texture":"#0","tintindex":0},"down":{"uv":[7.875,11.75,7.625,11.875],"rotation":0,"texture":"#0","tintindex":0}}},{"from":[24.59195,5.758767,4.3199997],"to":[30.191948,14.718767,7.68],"rotation":{"angle":-22.5,"axis":"z","origin":[26.432098,9.656576,6.0]},"faces":{"east":{"uv":[11.625,3.875,11.75,4.375],"rotation":0,"texture":"#0","tintindex":0},"south":{"uv":[12.125,3.875,12.375,4.375],"rotation":0,"texture":"#0","tintindex":0},"north":{"uv":[11.75,3.875,12.0,4.375],"rotation":0,"texture":"#0","tintindex":0},"west":{"uv":[12.0,3.875,12.125,4.375],"rotation":0,"texture":"#0","tintindex":0},"up":{"uv":[12.0,3.875,11.75,3.75],"rotation":0,"texture":"#0","tintindex":0},"down":{"uv":[12.25,3.75,12.0,3.875],"rotation":0,"texture":"#0","tintindex":0}}},{"from":[25.280003,-3.4400005,3.7599998],"to":[32.0,7.7599998,8.24],"rotation":{"angle":-45.0,"axis":"z","origin":[26.432098,9.656576,6.0]},"faces":{"east":{"uv":[10.75,2.75,11.0,2.125],"rotation":0,"texture":"#0","tintindex":0},"south":{"uv":[11.625,2.75,12.0,2.125],"rotation":0,"texture":"#0","tintindex":0},"north":{"uv":[11.0,2.75,11.375,2.125],"rotation":0,"texture":"#0","tintindex":0},"west":{"uv":[11.375,2.75,11.625,2.125],"rotation":0,"texture":"#0","tintindex":0},"up":{"uv":[11.75,2.125,11.375,1.875],"rotation":0,"texture":"#0","tintindex":0},"down":{"uv":[11.375,1.875,11.0,2.125],"rotation":0,"texture":"#0","tintindex":0}}},{"from":[8.800001,25.855999,5.2799997],"to":[13.280002,32.576,7.52],"rotation":{"angle":-45.0,"axis":"z","origin":[8.800001,25.855999,7.52]},"faces":{"east":{"uv":[7.75,11.875,7.625,12.25],"rotation":0,"texture":"#0","tintindex":0},"south":{"uv":[8.0,11.875,7.75,12.25],"rotation":0,"texture":"#0","tintindex":0},"north":{"uv":[7.625,11.875,7.375,12.25],"rotation":0,"texture":"#0","tintindex":0},"west":{"uv":[7.375,11.875,7.25,12.25],"rotation":0,"texture":"#0","tintindex":0},"up":{"uv":[7.375,11.875,7.625,11.75],"rotation":0,"texture":"#0","tintindex":0},"down":{"uv":[7.625,11.75,7.875,11.875],"rotation":0,"texture":"#0","tintindex":0}}},{"from":[4.8800015,17.68,4.7200003],"to":[10.480001,26.64,8.08],"rotation":{"angle":-22.5,"axis":"z","origin":[5.4400015,17.68,7.52]},"faces":{"east":{"uv":[12.125,3.875,12.0,4.375],"rotation":0,"texture":"#0","tintindex":0},"south":{"uv":[12.375,3.875,12.125,4.375],"rotation":0,"texture":"#0","tintindex":0},"north":{"uv":[12.0,3.875,11.75,4.375],"rotation":0,"texture":"#0","tintindex":0},"west":{"uv":[11.75,3.875,11.625,4.375],"rotation":0,"texture":"#0","tintindex":0},"up":{"uv":[11.75,3.875,12.0,3.75],"rotation":0,"texture":"#0","tintindex":0},"down":{"uv":[12.0,3.75,12.25,3.875],"rotation":0,"texture":"#0","tintindex":0}}}],"display":{"head":{"translation":[6.7199936,1.4305115E-6,0.0],"scale":[4.0,4.0,4.0]}}}