{"textures":{"0":"modelengine:entity/frost_lord"},"elements":[{"from":[4.0,14.4,-5.6000004],"to":[12.0,22.400002,-2.4000006],"rotation":{"angle":22.5,"axis":"x","origin":[8.0,18.400002,-4.000001]},"faces":{"east":{"uv":[8.75,11.875,8.875,12.125],"rotation":0,"texture":"#0","tintindex":0},"south":{"uv":[9.25,11.875,9.5,12.125],"rotation":0,"texture":"#0","tintindex":0},"north":{"uv":[8.875,11.875,9.125,12.125],"rotation":0,"texture":"#0","tintindex":0},"west":{"uv":[9.125,11.875,9.25,12.125],"rotation":0,"texture":"#0","tintindex":0},"up":{"uv":[9.125,11.875,8.875,11.75],"rotation":0,"texture":"#0","tintindex":0},"down":{"uv":[9.375,11.75,9.125,11.875],"rotation":0,"texture":"#0","tintindex":0}}},{"from":[3.1999998,14.4,-6.4000015],"to":[12.8,24.0,0.0],"rotation":{"angle":22.5,"axis":"x","origin":[8.0,19.2,-4.8]},"faces":{"east":{"uv":[11.125,3.375,11.375,3.75],"rotation":0,"texture":"#0","tintindex":0},"south":{"uv":[12.0,3.375,12.375,3.75],"rotation":0,"texture":"#0","tintindex":0},"north":{"uv":[11.375,3.375,11.75,3.75],"rotation":0,"texture":"#0","tintindex":0},"west":{"uv":[11.75,3.375,12.0,3.75],"rotation":0,"texture":"#0","tintindex":0},"up":{"uv":[11.75,3.375,11.375,3.125],"rotation":0,"texture":"#0","tintindex":0},"down":{"uv":[12.125,3.125,11.75,3.375],"rotation":0,"texture":"#0","tintindex":0}}},{"from":[-8.0,8.0,-1.6000004],"to":[24.0,27.2,17.6],"rotation":{"angle":0.0,"axis":"y","origin":[8.0,8.0,8.0]},"faces":{"east":{"uv":[3.75,3.125,4.5,3.875],"rotation":0,"texture":"#0","tintindex":0},"south":{"uv":[6.5,3.125,7.75,3.875],"rotation":0,"texture":"#0","tintindex":0},"north":{"uv":[4.5,3.125,5.75,3.875],"rotation":0,"texture":"#0","tintindex":0},"west":{"uv":[5.75,3.125,6.5,3.875],"rotation":0,"texture":"#0","tintindex":0},"up":{"uv":[5.75,3.125,4.5,2.375],"rotation":0,"texture":"#0","tintindex":0},"down":{"uv":[7.0,2.375,5.75,3.125],"rotation":0,"texture":"#0","tintindex":0}}},{"from":[4.8,4.8,-5.6000004],"to":[11.2,11.2,-2.4000006],"rotation":{"angle":45.0,"axis":"z","origin":[8.0,8.0,-4.000001]},"faces":{"east":{"uv":[11.875,5.875,12.0,6.125],"rotation":0,"texture":"#0","tintindex":0},"south":{"uv":[12.375,5.875,12.625,6.125],"rotation":0,"texture":"#0","tintindex":0},"north":{"uv":[5.125,12.0,5.375,12.25],"rotation":0,"texture":"#0","tintindex":0},"west":{"uv":[12.25,5.875,12.375,6.125],"rotation":0,"texture":"#0","tintindex":0},"up":{"uv":[12.25,5.875,12.0,5.75],"rotation":0,"texture":"#0","tintindex":0},"down":{"uv":[12.5,5.75,12.25,5.875],"rotation":0,"texture":"#0","tintindex":0}}},{"from":[3.1999998,8.0,-4.8],"to":[12.8,11.2,-1.6000004],"rotation":{"angle":0.0,"axis":"y","origin":[-1.6000004,4.8,4.8]},"faces":{"east":{"uv":[7.0,3.0,7.125,3.125],"rotation":0,"texture":"#0","tintindex":0},"south":{"uv":[7.625,3.0,8.0,3.125],"rotation":0,"texture":"#0","tintindex":0},"north":{"uv":[7.125,3.0,7.5,3.125],"rotation":0,"texture":"#0","tintindex":0},"west":{"uv":[7.5,3.0,7.625,3.125],"rotation":0,"texture":"#0","tintindex":0},"up":{"uv":[7.5,3.0,7.125,2.875],"rotation":0,"texture":"#0","tintindex":0},"down":{"uv":[7.875,2.875,7.5,3.0],"rotation":0,"texture":"#0","tintindex":0}}},{"from":[1.5999999,11.2,-4.8],"to":[14.4,17.6,-1.6000004],"rotation":{"angle":0.0,"axis":"y","origin":[-1.6000004,8.0,4.8]},"faces":{"east":{"uv":[0.0,3.5,0.125,3.75],"rotation":0,"texture":"#0","tintindex":0},"south":{"uv":[0.75,3.5,1.25,3.75],"rotation":0,"texture":"#0","tintindex":0},"north":{"uv":[0.125,3.5,0.625,3.75],"rotation":0,"texture":"#0","tintindex":0},"west":{"uv":[0.625,3.5,0.75,3.75],"rotation":0,"texture":"#0","tintindex":0},"up":{"uv":[0.625,3.5,0.125,3.375],"rotation":0,"texture":"#0","tintindex":0},"down":{"uv":[1.125,3.375,0.625,3.5],"rotation":0,"texture":"#0","tintindex":0}}},{"from":[-8.0,13.120001,-6.4000015],"to":[-1.6000004,19.52,-3.2000008],"rotation":{"angle":45.0,"axis":"z","origin":[-4.8,16.32,-4.8]},"faces":{"east":{"uv":[11.75,10.0,11.875,10.25],"rotation":0,"texture":"#0","tintindex":0},"south":{"uv":[12.25,10.0,12.5,10.25],"rotation":0,"texture":"#0","tintindex":0},"north":{"uv":[5.125,12.0,5.375,12.25],"rotation":0,"texture":"#0","tintindex":0},"west":{"uv":[12.125,10.0,12.25,10.25],"rotation":0,"texture":"#0","tintindex":0},"up":{"uv":[12.125,10.0,11.875,9.875],"rotation":0,"texture":"#0","tintindex":0},"down":{"uv":[12.375,9.875,12.125,10.0],"rotation":0,"texture":"#0","tintindex":0}}},{"from":[-8.0,13.120001,19.2],"to":[1.5999999,19.52,22.400002],"rotation":{"angle":45.0,"axis":"z","origin":[-4.8,16.32,20.8]},"faces":{"east":{"uv":[5.75,11.125,5.875,11.375],"rotation":0,"texture":"#0","tintindex":0},"south":{"uv":[6.375,11.125,6.75,11.375],"rotation":0,"texture":"#0","tintindex":0},"north":{"uv":[5.875,11.125,6.25,11.375],"rotation":0,"texture":"#0","tintindex":0},"west":{"uv":[6.25,11.125,6.375,11.375],"rotation":0,"texture":"#0","tintindex":0},"up":{"uv":[6.25,11.125,5.875,11.0],"rotation":0,"texture":"#0","tintindex":0},"down":{"uv":[6.625,11.0,6.25,11.125],"rotation":0,"texture":"#0","tintindex":0}}},{"from":[4.8,4.3199997,17.6],"to":[14.4,13.92,20.8],"rotation":{"angle":45.0,"axis":"z","origin":[8.0,7.52,19.2]},"faces":{"east":{"uv":[11.25,8.625,11.375,9.0],"rotation":0,"texture":"#0","tintindex":0},"south":{"uv":[5.625,11.5,6.0,11.875],"rotation":0,"texture":"#0","tintindex":0},"north":{"uv":[11.375,8.625,11.75,9.0],"rotation":0,"texture":"#0","tintindex":0},"west":{"uv":[11.75,8.625,11.875,9.0],"rotation":0,"texture":"#0","tintindex":0},"up":{"uv":[11.75,8.625,11.375,8.5],"rotation":0,"texture":"#0","tintindex":0},"down":{"uv":[12.125,8.5,11.75,8.625],"rotation":0,"texture":"#0","tintindex":0}}},{"from":[-11.200001,11.2,-4.8],"to":[-4.8,20.8,20.8],"rotation":{"angle":0.0,"axis":"y","origin":[-17.6,8.0,8.0]},"faces":{"east":{"uv":[0.0,9.375,1.0,9.75],"rotation":0,"texture":"#0","tintindex":0},"south":{"uv":[2.25,9.375,2.5,9.75],"rotation":0,"texture":"#0","tintindex":0},"north":{"uv":[1.0,9.375,1.25,9.75],"rotation":0,"texture":"#0","tintindex":0},"west":{"uv":[1.25,9.375,2.25,9.75],"rotation":0,"texture":"#0","tintindex":0},"up":{"uv":[1.25,9.375,1.0,8.375],"rotation":0,"texture":"#0","tintindex":0},"down":{"uv":[1.5,8.375,1.25,9.375],"rotation":0,"texture":"#0","tintindex":0}}},{"from":[-12.0,8.0,1.5999999],"to":[-8.800001,14.4,14.4],"rotation":{"angle":22.5,"axis":"z","origin":[-12.0,8.0,8.0]},"faces":{"east":{"uv":[0.0,11.375,0.5,11.625],"rotation":0,"texture":"#0","tintindex":0},"south":{"uv":[1.125,11.375,1.25,11.625],"rotation":0,"texture":"#0","tintindex":0},"north":{"uv":[0.5,11.375,0.625,11.625],"rotation":0,"texture":"#0","tintindex":0},"west":{"uv":[0.625,11.375,1.125,11.625],"rotation":0,"texture":"#0","tintindex":0},"up":{"uv":[0.625,11.375,0.5,10.875],"rotation":0,"texture":"#0","tintindex":0},"down":{"uv":[0.75,10.875,0.625,11.375],"rotation":0,"texture":"#0","tintindex":0}}},{"from":[-12.0,12.8,-1.6000004],"to":[-8.800001,19.2,17.6],"rotation":{"angle":22.5,"axis":"z","origin":[-12.0,12.8,8.0]},"faces":{"east":{"uv":[7.0,2.625,7.75,2.875],"rotation":0,"texture":"#0","tintindex":0},"south":{"uv":[8.625,2.625,8.75,2.875],"rotation":0,"texture":"#0","tintindex":0},"north":{"uv":[7.75,2.625,7.875,2.875],"rotation":0,"texture":"#0","tintindex":0},"west":{"uv":[7.875,2.625,8.625,2.875],"rotation":0,"texture":"#0","tintindex":0},"up":{"uv":[7.875,2.625,7.75,1.875],"rotation":0,"texture":"#0","tintindex":0},"down":{"uv":[8.0,1.875,7.875,2.625],"rotation":0,"texture":"#0","tintindex":0}}},{"from":[17.6,13.120001,-6.4000015],"to":[24.0,19.52,-3.2000008],"rotation":{"angle":-45.0,"axis":"z","origin":[20.8,16.32,-4.8]},"faces":{"east":{"uv":[12.25,10.0,12.125,10.25],"rotation":0,"texture":"#0","tintindex":0},"south":{"uv":[12.5,10.0,12.25,10.25],"rotation":0,"texture":"#0","tintindex":0},"north":{"uv":[5.375,12.0,5.125,12.25],"rotation":0,"texture":"#0","tintindex":0},"west":{"uv":[11.875,10.0,11.75,10.25],"rotation":0,"texture":"#0","tintindex":0},"up":{"uv":[11.875,10.0,12.125,9.875],"rotation":0,"texture":"#0","tintindex":0},"down":{"uv":[12.125,9.875,12.375,10.0],"rotation":0,"texture":"#0","tintindex":0}}},{"from":[20.8,11.2,-4.8],"to":[27.2,20.8,20.8],"rotation":{"angle":0.0,"axis":"y","origin":[33.6,8.0,8.0]},"faces":{"east":{"uv":[2.25,9.375,1.25,9.75],"rotation":0,"texture":"#0","tintindex":0},"south":{"uv":[2.5,9.375,2.25,9.75],"rotation":0,"texture":"#0","tintindex":0},"north":{"uv":[1.25,9.375,1.0,9.75],"rotation":0,"texture":"#0","tintindex":0},"west":{"uv":[1.0,9.375,0.0,9.75],"rotation":0,"texture":"#0","tintindex":0},"up":{"uv":[1.0,9.375,1.25,8.375],"rotation":0,"texture":"#0","tintindex":0},"down":{"uv":[1.25,8.375,1.5,9.375],"rotation":0,"texture":"#0","tintindex":0}}},{"from":[24.800001,12.8,-1.6000004],"to":[28.0,19.2,17.6],"rotation":{"angle":-22.5,"axis":"z","origin":[28.0,12.8,8.0]},"faces":{"east":{"uv":[8.625,2.625,7.875,2.875],"rotation":0,"texture":"#0","tintindex":0},"south":{"uv":[8.75,2.625,8.625,2.875],"rotation":0,"texture":"#0","tintindex":0},"north":{"uv":[7.875,2.625,7.75,2.875],"rotation":0,"texture":"#0","tintindex":0},"west":{"uv":[7.75,2.625,7.0,2.875],"rotation":0,"texture":"#0","tintindex":0},"up":{"uv":[7.75,2.625,7.875,1.875],"rotation":0,"texture":"#0","tintindex":0},"down":{"uv":[7.875,1.875,8.0,2.625],"rotation":0,"texture":"#0","tintindex":0}}},{"from":[24.800001,8.0,1.5999999],"to":[28.0,14.4,14.4],"rotation":{"angle":-22.5,"axis":"z","origin":[28.0,8.0,8.0]},"faces":{"east":{"uv":[1.125,11.375,0.625,11.625],"rotation":0,"texture":"#0","tintindex":0},"south":{"uv":[1.25,11.375,1.125,11.625],"rotation":0,"texture":"#0","tintindex":0},"north":{"uv":[0.625,11.375,0.5,11.625],"rotation":0,"texture":"#0","tintindex":0},"west":{"uv":[0.5,11.375,0.0,11.625],"rotation":0,"texture":"#0","tintindex":0},"up":{"uv":[0.5,11.375,0.625,10.875],"rotation":0,"texture":"#0","tintindex":0},"down":{"uv":[0.625,10.875,0.75,11.375],"rotation":0,"texture":"#0","tintindex":0}}},{"from":[14.4,13.120001,19.2],"to":[24.0,19.52,22.400002],"rotation":{"angle":-45.0,"axis":"z","origin":[20.8,16.32,20.8]},"faces":{"east":{"uv":[6.375,11.125,6.25,11.375],"rotation":0,"texture":"#0","tintindex":0},"south":{"uv":[6.75,11.125,6.375,11.375],"rotation":0,"texture":"#0","tintindex":0},"north":{"uv":[6.25,11.125,5.875,11.375],"rotation":0,"texture":"#0","tintindex":0},"west":{"uv":[5.875,11.125,5.75,11.375],"rotation":0,"texture":"#0","tintindex":0},"up":{"uv":[5.875,11.125,6.25,11.0],"rotation":0,"texture":"#0","tintindex":0},"down":{"uv":[6.25,11.0,6.625,11.125],"rotation":0,"texture":"#0","tintindex":0}}}],"display":{"head":{"translation":[0.0,-6.4,0.0],"scale":[4.0,4.0,4.0]}}}